-- SQL INSERT statements for Music Player Database
-- Generated by generate_data.php
-- Student Name: [Your Name]
-- Student ID: [Your Student ID]

SET FOREIGN_KEY_CHECKS = 0;
TRUNCATE TABLE PLAY_HISTORY;
TRUNCATE TABLE PLAYLIST_SONGS;
TRUNCATE TABLE PLAYLISTS;
TRUNCATE TABLE SONGS;
TRUNCATE TABLE ALBUMS;
TRUNCATE TABLE ARTISTS;
TRUNCATE TABLE USERS;
TRUNCATE TABLE COUNTRY;
SET FOREIGN_KEY_CHECKS = 1;


-- COUNTRY Data --
INSERT INTO COUNTRY (country_id, country_name, country_code) VALUES (1, 'Türkiye', 'TR');
INSERT INTO COUNTRY (country_id, country_name, country_code) VALUES (2, 'USA', 'US');
INSERT INTO COUNTRY (country_id, country_name, country_code) VALUES (3, 'UK', 'GB');
INSERT INTO COUNTRY (country_id, country_name, country_code) VALUES (4, 'Canada', 'CA');
INSERT INTO COUNTRY (country_id, country_name, country_code) VALUES (5, 'Germany', 'DE');
INSERT INTO COUNTRY (country_id, country_name, country_code) VALUES (6, 'France', 'FR');
INSERT INTO COUNTRY (country_id, country_name, country_code) VALUES (7, 'Japan', 'JP');
INSERT INTO COUNTRY (country_id, country_name, country_code) VALUES (8, 'South Korea', 'KR');
INSERT INTO COUNTRY (country_id, country_name, country_code) VALUES (9, 'Australia', 'AU');
INSERT INTO COUNTRY (country_id, country_name, country_code) VALUES (10, 'Brazil', 'BR');
INSERT INTO COUNTRY (country_id, country_name, country_code) VALUES (11, 'India', 'IN');
INSERT INTO COUNTRY (country_id, country_name, country_code) VALUES (12, 'Spain', 'ES');
INSERT INTO COUNTRY (country_id, country_name, country_code) VALUES (13, 'Italy', 'IT');
INSERT INTO COUNTRY (country_id, country_name, country_code) VALUES (14, 'Mexico', 'MX');
INSERT INTO COUNTRY (country_id, country_name, country_code) VALUES (15, 'Sweden', 'SE');
INSERT INTO COUNTRY (country_id, country_name, country_code) VALUES (16, 'Norway', 'NO');
INSERT INTO COUNTRY (country_id, country_name, country_code) VALUES (17, 'Argentina', 'AR');
INSERT INTO COUNTRY (country_id, country_name, country_code) VALUES (18, 'Egypt', 'EG');
INSERT INTO COUNTRY (country_id, country_name, country_code) VALUES (19, 'China', 'CN');
INSERT INTO COUNTRY (country_id, country_name, country_code) VALUES (20, 'Russia', 'RU');

-- USERS Data --
INSERT INTO USERS (user_id, country_id, age, name, username, email, password, date_joined, last_login, follower_num, subscription_type, top_genre, num_songs_liked, most_played_artist, image) VALUES (1, 4, 64, 'Pinar Kaan', 'pinar', 'inaraan1@example.com', '$2y$10$zxQJAit8msbXmeCfLTEuHeDAOjCHJir/bScnLC2eX9JGlZra8vqAa', '2023-12-11', '2024-04-20', 837, 'Premium', 'Pop', 414, 'Bahar Bahar', 'https://picsum.photos/id/85/100/100');
INSERT INTO USERS (user_id, country_id, age, name, username, email, password, date_joined, last_login, follower_num, subscription_type, top_genre, num_songs_liked, most_played_artist, image) VALUES (2, 16, 20, 'Deniz Emre', 'deniz', 'enizmre2@example.com', '$2y$10$mkw64WeVuZT/Tds490Q0U.FSXlt1kYCx4/3.ENNuwDuLNOykHVMgq', '2017-02-03', '2017-07-16', 267, 'Premium', 'Jazz', 7, 'Kaan Pinar', 'https://picsum.photos/id/59/100/100');
INSERT INTO USERS (user_id, country_id, age, name, username, email, password, date_joined, last_login, follower_num, subscription_type, top_genre, num_songs_liked, most_played_artist, image) VALUES (3, 20, 64, 'Mert Kerem', 'mert', 'erterem3@example.com', '$2y$10$aE7PpdtxTtbYz/klvrptpuBNCNn.XhFNrYDr.Zj5XIdGD0PWCIAM6', '2023-12-06', '2023-12-23', 172, 'Free', 'Metal', 80, 'Ayşen Yeliz', 'https://picsum.photos/id/99/100/100');
INSERT INTO USERS (user_id, country_id, age, name, username, email, password, date_joined, last_login, follower_num, subscription_type, top_genre, num_songs_liked, most_played_artist, image) VALUES (4, 3, 38, 'Umut Zeki', 'umut', 'muteki4@example.com', '$2y$10$mxMTPzUuZH8DPZXmIzDkDeyQ74EhqX68jRC1QSCU76KqH46drDBEC', '2018-05-24', '2022-12-16', 335, 'Free', 'Electronic', 390, 'Ayşen Yeliz', 'https://picsum.photos/id/86/100/100');
INSERT INTO USERS (user_id, country_id, age, name, username, email, password, date_joined, last_login, follower_num, subscription_type, top_genre, num_songs_liked, most_played_artist, image) VALUES (5, 3, 62, 'Rüya Gizem', 'rüya', 'yaizem5@example.com', '$2y$10$2oq/168ZChJz1tPp3GARr.CAVHBmEPECKa/tE3x5dTxgQgT0Sa.Ba', '2015-07-03', '2015-08-07', 652, 'Premium', 'Dance', 374, 'Murat Yağmur', 'https://picsum.photos/id/71/100/100');
INSERT INTO USERS (user_id, country_id, age, name, username, email, password, date_joined, last_login, follower_num, subscription_type, top_genre, num_songs_liked, most_played_artist, image) VALUES (6, 1, 39, 'Gizem Nisa', 'gizem', 'izemisa6@example.com', '$2y$10$I.iUBdgmS99.69rIDnbrpecLdtn.awkpMnFUdK4a38xEOb0Q2azEO', '2020-08-07', '2021-03-26', 241, 'Free', 'Alternative', 475, 'Pelin Kerem', 'https://picsum.photos/id/91/100/100');
INSERT INTO USERS (user_id, country_id, age, name, username, email, password, date_joined, last_login, follower_num, subscription_type, top_genre, num_songs_liked, most_played_artist, image) VALUES (7, 6, 33, 'Senem Yeliz', 'senem', 'enemeliz7@example.com', '$2y$10$r6D/MJInO8n1coAGWVrxZuIUoWrD06PypIqWfBPpnZydl27mB1sE6', '2020-05-27', '2020-08-13', 687, 'Premium', 'Hip Hop', 480, 'Mert Merve', 'https://picsum.photos/id/93/100/100');
INSERT INTO USERS (user_id, country_id, age, name, username, email, password, date_joined, last_login, follower_num, subscription_type, top_genre, num_songs_liked, most_played_artist, image) VALUES (8, 1, 60, 'Doruk Can', 'doruk', 'orukan8@example.com', '$2y$10$vFATbCi/jNbHcUHGmijetebINW0ZmEZbE8AuxsNhUsvDX0aQxPAmW', '2023-01-04', '2023-07-15', 362, 'Free', 'Folk', 367, 'Rüya Yağmur', 'https://picsum.photos/id/53/100/100');
INSERT INTO USERS (user_id, country_id, age, name, username, email, password, date_joined, last_login, follower_num, subscription_type, top_genre, num_songs_liked, most_played_artist, image) VALUES (9, 9, 37, 'Emre Eda', 'emre', 'mreda9@example.com', '$2y$10$GK3jh/2l9B8EisZdlQ8dIu2lyj.pOM8Kfal8apHsO8Ooy0vHYILsy', '2021-08-24', '2022-09-14', 207, 'Free', 'Classical', 251, 'Mert Merve', 'https://picsum.photos/id/62/100/100');
INSERT INTO USERS (user_id, country_id, age, name, username, email, password, date_joined, last_login, follower_num, subscription_type, top_genre, num_songs_liked, most_played_artist, image) VALUES (10, 8, 18, 'Sefa Merve', 'sefa', 'efaerve10@example.com', '$2y$10$Hu5Ue4n2kk8t29jWxsN/TOv4K9.v8szVjrpufOPXbXHGRg1V0AMNm', '2015-08-15', '2016-05-10', 350, 'Free', 'Metal', 500, 'Koray Murat', 'https://picsum.photos/id/34/100/100');
INSERT INTO USERS (user_id, country_id, age, name, username, email, password, date_joined, last_login, follower_num, subscription_type, top_genre, num_songs_liked, most_played_artist, image) VALUES (11, 15, 48, 'Yasin Tuba', 'yasin', 'asinuba11@example.com', '$2y$10$FUjJv/vnuAlJs52iN2jg2uoixjNtP2zfzrmPTcJaDy5wWyjTriGci', '2017-02-05', '2020-04-27', 101, 'Premium', 'Hip Hop', 404, 'Murat Koray', 'https://picsum.photos/id/42/100/100');
INSERT INTO USERS (user_id, country_id, age, name, username, email, password, date_joined, last_login, follower_num, subscription_type, top_genre, num_songs_liked, most_played_artist, image) VALUES (12, 11, 62, 'Ceren Doruk', 'ceren', 'erenoruk12@example.com', '$2y$10$WiS9DJ5ed43stMLb/.Umh.aY1JV10yx6uwt2hYbXgXznp83bRH3Vu', '2019-07-09', '2023-03-29', 155, 'Premium', 'Hip Hop', 350, 'Zeynep Yasin', 'https://picsum.photos/id/67/100/100');
INSERT INTO USERS (user_id, country_id, age, name, username, email, password, date_joined, last_login, follower_num, subscription_type, top_genre, num_songs_liked, most_played_artist, image) VALUES (13, 15, 24, 'Gizem Yağmur', 'gizem1', 'izemamur13@example.com', '$2y$10$cjb6YEI6gMsUQk90DwWPz.WMZ.8v3gYEyKsXyI/0JmzpmCzeN6g/6', '2010-01-24', '2012-04-04', 738, 'Premium', 'Hip Hop', 74, 'Utku Sefa', 'https://picsum.photos/id/62/100/100');
INSERT INTO USERS (user_id, country_id, age, name, username, email, password, date_joined, last_login, follower_num, subscription_type, top_genre, num_songs_liked, most_played_artist, image) VALUES (14, 16, 22, 'Umut Onur', 'umut1', 'mutnur14@example.com', '$2y$10$ONUkFw3ELDHqX/mP3.rTIucrVSxcTwRV3i75yPT3ylFyo3n3x6V0K', '2012-04-21', '2020-08-02', 31, 'Free', 'Reggae', 122, 'Kerem Rüya', 'https://picsum.photos/id/33/100/100');
INSERT INTO USERS (user_id, country_id, age, name, username, email, password, date_joined, last_login, follower_num, subscription_type, top_genre, num_songs_liked, most_played_artist, image) VALUES (15, 16, 57, 'Emre Emre', 'emre1', 'mremre15@example.com', '$2y$10$K.xBhtFyEhNQr4Xne2D8q.RNWa/YydBpnXSXhjGF2QBTaBzq.8YD2', '2020-12-31', '2024-01-24', 35, 'Premium', 'Pop', 438, 'Ömer Volkan', 'https://picsum.photos/id/34/100/100');
INSERT INTO USERS (user_id, country_id, age, name, username, email, password, date_joined, last_login, follower_num, subscription_type, top_genre, num_songs_liked, most_played_artist, image) VALUES (16, 3, 64, 'Lale Umut', 'lale', 'alemut16@example.com', '$2y$10$Apql.QD0NgArVDa2w1bnUOCP4LiInCT0Q.qmUpymFG1u3mquAU/by', '2019-08-28', '2020-09-06', 466, 'Premium', 'Metal', 181, 'Umut Ayşen', 'https://picsum.photos/id/76/100/100');
INSERT INTO USERS (user_id, country_id, age, name, username, email, password, date_joined, last_login, follower_num, subscription_type, top_genre, num_songs_liked, most_played_artist, image) VALUES (17, 11, 37, 'Serkan Irem', 'serkan', 'erkanrem17@example.com', '$2y$10$TJPN0rvD6vS8vS3O1bV.AeaPqxWq0wp91hMOS3C5mqCE380uN0WOm', '2016-07-03', '2017-12-14', 910, 'Free', 'Electronic', 118, 'Bahar Vildan', 'https://picsum.photos/id/51/100/100');
INSERT INTO USERS (user_id, country_id, age, name, username, email, password, date_joined, last_login, follower_num, subscription_type, top_genre, num_songs_liked, most_played_artist, image) VALUES (18, 6, 61, 'Kerem Yeliz', 'kerem', 'eremeliz18@example.com', '$2y$10$bsNO6UHHA4exb1tATsEg7uFQxTso35K3tuRo1QMOoI0Omd0EWkEDe', '2018-03-18', '2022-02-18', 261, 'Free', 'Dance', 9, 'Bahar Burak', 'https://picsum.photos/id/82/100/100');
INSERT INTO USERS (user_id, country_id, age, name, username, email, password, date_joined, last_login, follower_num, subscription_type, top_genre, num_songs_liked, most_played_artist, image) VALUES (19, 15, 70, 'Zeki Vildan', 'zeki', 'ekiildan19@example.com', '$2y$10$WL7km3sbcpJ5dEiuRWDiKum1SV84jT43WBgr9N0zztWjt1ruoiJKO', '2015-11-20', '2020-07-04', 668, 'Free', 'Folk', 377, 'Yağmur Merve', 'https://picsum.photos/id/79/100/100');
INSERT INTO USERS (user_id, country_id, age, name, username, email, password, date_joined, last_login, follower_num, subscription_type, top_genre, num_songs_liked, most_played_artist, image) VALUES (20, 9, 41, 'Kaan Yağmur', 'kaan', 'aanamur20@example.com', '$2y$10$WhT5hzk8sZVU0AyYH17a2uNmOhHrA2KGcKvZuAUzL2fqfAtC3Sa8i', '2010-12-09', '2014-10-01', 163, 'Premium', 'Country', 217, 'Koray Murat', 'https://picsum.photos/id/57/100/100');
INSERT INTO USERS (user_id, country_id, age, name, username, email, password, date_joined, last_login, follower_num, subscription_type, top_genre, num_songs_liked, most_played_artist, image) VALUES (21, 9, 24, 'Volkan Merve', 'volkan', 'olkanerve21@example.com', '$2y$10$jsneE.v5Qn6BeKDQFTNeQ.vDVIDpq/Yg3tXVtttz72p8jdR9ztwuG', '2012-02-03', '2012-05-16', 968, 'Free', 'Alternative', 71, 'Burak Serkan', 'https://picsum.photos/id/35/100/100');
INSERT INTO USERS (user_id, country_id, age, name, username, email, password, date_joined, last_login, follower_num, subscription_type, top_genre, num_songs_liked, most_played_artist, image) VALUES (22, 13, 59, 'Kerem Nisa', 'kerem1', 'eremisa22@example.com', '$2y$10$sEfYWlQt6AQDpPjpW3j99ekSdnZBf//2TXbR8oO1cXzJ6Rqn3gY/a', '2015-02-27', '2015-09-03', 170, 'Free', 'Alternative', 196, 'Bahar Burak', 'https://picsum.photos/id/60/100/100');
INSERT INTO USERS (user_id, country_id, age, name, username, email, password, date_joined, last_login, follower_num, subscription_type, top_genre, num_songs_liked, most_played_artist, image) VALUES (23, 3, 57, 'Deniz Volkan', 'deniz1', 'enizolkan23@example.com', '$2y$10$Hh3V0tEbEGSqcmEeA381N.v7u6AOq9TbyWUuIZorFXJ8/b62o1HCS', '2018-05-25', '2022-09-10', 402, 'Free', 'Metal', 122, 'Umut Okan', 'https://picsum.photos/id/21/100/100');
INSERT INTO USERS (user_id, country_id, age, name, username, email, password, date_joined, last_login, follower_num, subscription_type, top_genre, num_songs_liked, most_played_artist, image) VALUES (24, 14, 68, 'Senem Irem', 'senem1', 'enemrem24@example.com', '$2y$10$85U6XIJ8LfMvuUh.k1/mJOmQz6jm15i4iiYNtEKIOkjfaY1Zl6lLq', '2014-04-19', '2020-05-20', 168, 'Free', 'Indie', 409, 'Rüya Gizem', 'https://picsum.photos/id/1/100/100');
INSERT INTO USERS (user_id, country_id, age, name, username, email, password, date_joined, last_login, follower_num, subscription_type, top_genre, num_songs_liked, most_played_artist, image) VALUES (25, 2, 38, 'Volkan Emre', 'volkan1', 'olkanmre25@example.com', '$2y$10$/jN5LdMnTy3qxRYKMv3srOuxPeuVoHr/J.A3madPSTFuXnxSIsW32', '2012-12-12', '2013-06-19', 935, 'Premium', 'Hip Hop', 19, 'Bahar Mert', 'https://picsum.photos/id/60/100/100');
INSERT INTO USERS (user_id, country_id, age, name, username, email, password, date_joined, last_login, follower_num, subscription_type, top_genre, num_songs_liked, most_played_artist, image) VALUES (26, 9, 50, 'Emre Tugçe', 'emre2', 'mreuge26@example.com', '$2y$10$XPO/z2ly4dM.pxDdFjFIN.HHYHDoZIJj7lqRKTJUEWZ3G8pXuBXge', '2016-09-17', '2023-10-24', 896, 'Free', 'Blues', 466, 'Bahar Vildan', 'https://picsum.photos/id/24/100/100');
INSERT INTO USERS (user_id, country_id, age, name, username, email, password, date_joined, last_login, follower_num, subscription_type, top_genre, num_songs_liked, most_played_artist, image) VALUES (27, 8, 25, 'Tuba Serkan', 'tuba', 'ubaerkan27@example.com', '$2y$10$ywQ5xFfnhnd8bKKmQMDSKenhdnbBwASCsdHDCEfIFhC/Qg3QVHIya', '2014-01-19', '2015-10-05', 564, 'Free', 'R&B', 343, 'Irem Ceren', 'https://picsum.photos/id/91/100/100');
INSERT INTO USERS (user_id, country_id, age, name, username, email, password, date_joined, last_login, follower_num, subscription_type, top_genre, num_songs_liked, most_played_artist, image) VALUES (28, 13, 66, 'Pinar Murat', 'pinar1', 'inarurat28@example.com', '$2y$10$Lk8LzX4rq/sZ8opoUvsZCueF3g5f6J0Up3TPLjlPcUXBIUvVRFlIG', '2017-03-31', '2017-05-06', 433, 'Free', 'Metal', 49, 'Murat Koray', 'https://picsum.photos/id/72/100/100');
INSERT INTO USERS (user_id, country_id, age, name, username, email, password, date_joined, last_login, follower_num, subscription_type, top_genre, num_songs_liked, most_played_artist, image) VALUES (29, 8, 36, 'Vildan Zeki', 'vildan', 'ildaneki29@example.com', '$2y$10$rraWcfdW62EpFuhf1lznBe33B898Oj6L2UQ7NX0HDb4gLyuUqOgcO', '2010-01-03', '2014-08-29', 680, 'Premium', 'Blues', 63, 'Nisa Merve', 'https://picsum.photos/id/59/100/100');
INSERT INTO USERS (user_id, country_id, age, name, username, email, password, date_joined, last_login, follower_num, subscription_type, top_genre, num_songs_liked, most_played_artist, image) VALUES (30, 10, 39, 'Irem Doruk', 'irem', 'remoruk30@example.com', '$2y$10$vLbPMDJwh5i69Y0QzBCXIeHH7yLddr4EyyEzViVEmagocQbfUqL7C', '2023-04-30', '2023-05-05', 165, 'Free', 'Alternative', 144, 'Zeynep Ayşen', 'https://picsum.photos/id/73/100/100');
INSERT INTO USERS (user_id, country_id, age, name, username, email, password, date_joined, last_login, follower_num, subscription_type, top_genre, num_songs_liked, most_played_artist, image) VALUES (31, 12, 39, 'Ceren Serkan', 'ceren1', 'erenerkan31@example.com', '$2y$10$YhmBKI2RdUr7z/TPwRQLbuVTCYjviLFrdSj5hbEp4LJKDo9r.floK', '2010-04-15', '2023-09-13', 590, 'Premium', 'Jazz', 57, 'Doruk Yeliz', 'https://picsum.photos/id/82/100/100');
INSERT INTO USERS (user_id, country_id, age, name, username, email, password, date_joined, last_login, follower_num, subscription_type, top_genre, num_songs_liked, most_played_artist, image) VALUES (32, 17, 30, 'Senem Yasin', 'senem2', 'enemasin32@example.com', '$2y$10$k0P82bpPb5uUxe22Q1XfkuGY81EPePiKUod4sHziMD3O/jmcng1oS', '2020-05-23', '2024-02-28', 96, 'Free', 'Alternative', 95, 'Ömer Volkan', 'https://picsum.photos/id/79/100/100');
INSERT INTO USERS (user_id, country_id, age, name, username, email, password, date_joined, last_login, follower_num, subscription_type, top_genre, num_songs_liked, most_played_artist, image) VALUES (33, 12, 31, 'Eda Gizem', 'eda', 'daizem33@example.com', '$2y$10$G3yECcpFgqgPI0WBlhysEegugU8.msTRYZNAtWOP6ppeOh5/Fhj0O', '2010-12-01', '2015-02-19', 253, 'Premium', 'Electronic', 386, 'Tuba Umut', 'https://picsum.photos/id/67/100/100');
INSERT INTO USERS (user_id, country_id, age, name, username, email, password, date_joined, last_login, follower_num, subscription_type, top_genre, num_songs_liked, most_played_artist, image) VALUES (34, 19, 27, 'Ömer Ayşen', 'Ömer', 'meryen34@example.com', '$2y$10$uJugfJyOTncqsJ8D7JOsmelbyuzOetBJpFD9YYBvCeoPxUs06hRka', '2011-11-16', '2019-12-22', 731, 'Premium', 'Dance', 315, 'Okan Ömer', 'https://picsum.photos/id/14/100/100');
INSERT INTO USERS (user_id, country_id, age, name, username, email, password, date_joined, last_login, follower_num, subscription_type, top_genre, num_songs_liked, most_played_artist, image) VALUES (35, 16, 45, 'Murat Onur', 'murat', 'uratnur35@example.com', '$2y$10$ypQp6LWvaTDAPK/iEdQTEOXZPoei245Uo/xYktrdw6coBG2Qarjn.', '2022-01-10', '2024-04-05', 363, 'Free', 'Electronic', 440, 'Zeki Irem', 'https://picsum.photos/id/36/100/100');
INSERT INTO USERS (user_id, country_id, age, name, username, email, password, date_joined, last_login, follower_num, subscription_type, top_genre, num_songs_liked, most_played_artist, image) VALUES (36, 11, 31, 'Onur Elif', 'onur', 'nurlif36@example.com', '$2y$10$ZvfNHYZzqli78.5fbzqJYebDyb/hdDnt3.l/QmIRl3XsIu6NrYG7G', '2017-01-14', '2021-11-13', 591, 'Free', 'Classical', 118, 'Zeynep Zeki', 'https://picsum.photos/id/71/100/100');
INSERT INTO USERS (user_id, country_id, age, name, username, email, password, date_joined, last_login, follower_num, subscription_type, top_genre, num_songs_liked, most_played_artist, image) VALUES (37, 20, 21, 'Eda Doruk', 'eda1', 'daoruk37@example.com', '$2y$10$g4ACPpWPmNWQQnyy93b1BuxFjIA72bE8jgHs6v23h32x1iBPvru6K', '2016-01-02', '2023-04-08', 698, 'Premium', 'Metal', 325, 'Can Ömer', 'https://picsum.photos/id/84/100/100');
INSERT INTO USERS (user_id, country_id, age, name, username, email, password, date_joined, last_login, follower_num, subscription_type, top_genre, num_songs_liked, most_played_artist, image) VALUES (38, 18, 22, 'Vildan Ceren', 'vildan1', 'ildaneren38@example.com', '$2y$10$cdVAm8.jmkczxIO.kSEC9OsViI3IQXdXyLasEbN2WuaPb6sJDuqo2', '2018-07-31', '2019-08-12', 582, 'Free', 'Metal', 261, 'Ayşen Yeliz', 'https://picsum.photos/id/100/100/100');
INSERT INTO USERS (user_id, country_id, age, name, username, email, password, date_joined, last_login, follower_num, subscription_type, top_genre, num_songs_liked, most_played_artist, image) VALUES (39, 14, 38, 'Lale Okan', 'lale1', 'alekan39@example.com', '$2y$10$1PjCY4f18LZlmkh5Esbdx.RT8YTDPV/CC0nH5nKkS/JzaIdfjBeYG', '2018-07-19', '2018-09-03', 506, 'Free', 'Dance', 465, 'Volkan Deniz', 'https://picsum.photos/id/41/100/100');
INSERT INTO USERS (user_id, country_id, age, name, username, email, password, date_joined, last_login, follower_num, subscription_type, top_genre, num_songs_liked, most_played_artist, image) VALUES (40, 4, 33, 'Doruk Doruk', 'doruk1', 'orukoruk40@example.com', '$2y$10$RDk7tJ3yq6QJjL./0kOQEeJaeiq4KVSy4MIN/Fw/RRmY.gleSKah2', '2021-03-14', '2023-08-30', 436, 'Free', 'Blues', 367, 'Yağmur Merve', 'https://picsum.photos/id/57/100/100');
INSERT INTO USERS (user_id, country_id, age, name, username, email, password, date_joined, last_login, follower_num, subscription_type, top_genre, num_songs_liked, most_played_artist, image) VALUES (41, 4, 25, 'Lale Eda', 'lale2', 'aleda41@example.com', '$2y$10$903QZU4/NgJrg3Wq3HcM6erJOvFXKz18v7/KcIECgnydJXMNjbVNO', '2020-07-24', '2022-06-02', 354, 'Premium', 'Reggae', 122, 'Yeliz Bahar', 'https://picsum.photos/id/7/100/100');
INSERT INTO USERS (user_id, country_id, age, name, username, email, password, date_joined, last_login, follower_num, subscription_type, top_genre, num_songs_liked, most_played_artist, image) VALUES (42, 3, 28, 'Pelin Irem', 'pelin', 'elinrem42@example.com', '$2y$10$ljQOUXd4b.yp38UiSU6GKeHhkasTfL92vUueYPStA1pcdaP5AVCd.', '2011-06-21', '2013-10-27', 935, 'Premium', 'R&B', 57, 'Zeynep Vildan', 'https://picsum.photos/id/86/100/100');
INSERT INTO USERS (user_id, country_id, age, name, username, email, password, date_joined, last_login, follower_num, subscription_type, top_genre, num_songs_liked, most_played_artist, image) VALUES (43, 4, 38, 'Vildan Burak', 'vildan2', 'ildanurak43@example.com', '$2y$10$8.KySiS8EmhscDGRosA6cOsthQTl/TZgngZpBq/nhzET/bAtPAELS', '2015-02-09', '2023-08-24', 753, 'Free', 'Indie', 304, 'Gizem Lale', 'https://picsum.photos/id/10/100/100');
INSERT INTO USERS (user_id, country_id, age, name, username, email, password, date_joined, last_login, follower_num, subscription_type, top_genre, num_songs_liked, most_played_artist, image) VALUES (44, 2, 60, 'Eda Nisa', 'eda2', 'daisa44@example.com', '$2y$10$GJD1iwlOJFIMYrkcF.ZThOrCmz9IBxCtwBEIAiRgvJLX8XGkiWWy.', '2015-02-25', '2024-01-17', 37, 'Free', 'Indie', 388, 'Burak Serkan', 'https://picsum.photos/id/7/100/100');
INSERT INTO USERS (user_id, country_id, age, name, username, email, password, date_joined, last_login, follower_num, subscription_type, top_genre, num_songs_liked, most_played_artist, image) VALUES (45, 20, 33, 'Tuba Eda', 'tuba1', 'ubada45@example.com', '$2y$10$BMvGLuWp1.X36Ef52HB.z.H.59SjXdH8Inx4HMJfoVrtyAGcOODHS', '2016-06-25', '2024-03-03', 126, 'Premium', 'Reggae', 307, 'Rüya Gizem', 'https://picsum.photos/id/9/100/100');
INSERT INTO USERS (user_id, country_id, age, name, username, email, password, date_joined, last_login, follower_num, subscription_type, top_genre, num_songs_liked, most_played_artist, image) VALUES (46, 18, 44, 'Murat Okan', 'murat1', 'uratkan46@example.com', '$2y$10$Jrut25MIkSBcOXcvlFMcwuv.iMxZb/o8RwNmDJ86LsTtdnburCUbu', '2018-05-07', '2023-01-15', 282, 'Premium', 'Electronic', 24, 'Kerem Yasin', 'https://picsum.photos/id/52/100/100');
INSERT INTO USERS (user_id, country_id, age, name, username, email, password, date_joined, last_login, follower_num, subscription_type, top_genre, num_songs_liked, most_played_artist, image) VALUES (47, 19, 40, 'Volkan Kerem', 'volkan2', 'olkanerem47@example.com', '$2y$10$cFlOeEKNzsV2.XaS6W9SeOZnTU0DlK38DJ3.fID8JFapv9jply6/S', '2011-04-09', '2020-03-03', 268, 'Free', 'Metal', 17, 'Elif Deniz', 'https://picsum.photos/id/94/100/100');
INSERT INTO USERS (user_id, country_id, age, name, username, email, password, date_joined, last_login, follower_num, subscription_type, top_genre, num_songs_liked, most_played_artist, image) VALUES (48, 10, 66, 'Tugçe Tugçe', 'tugçe', 'ugeuge48@example.com', '$2y$10$Q4inghJnr2Rly3ETusjkjuiouQN.oledRjprHITk03r7ebGb956em', '2013-06-04', '2016-11-09', 503, 'Premium', 'Blues', 74, 'Utku Yeliz', 'https://picsum.photos/id/42/100/100');
INSERT INTO USERS (user_id, country_id, age, name, username, email, password, date_joined, last_login, follower_num, subscription_type, top_genre, num_songs_liked, most_played_artist, image) VALUES (49, 7, 39, 'Doruk Emre', 'doruk2', 'orukmre49@example.com', '$2y$10$Rj6lR72.UK0.JlntuJE.n.xbmsYdhcEHDmc9uk3Ro5H9X9Pd.Hs0O', '2016-11-08', '2018-01-05', 774, 'Free', 'Classical', 449, 'Kaan Nisa', 'https://picsum.photos/id/34/100/100');
INSERT INTO USERS (user_id, country_id, age, name, username, email, password, date_joined, last_login, follower_num, subscription_type, top_genre, num_songs_liked, most_played_artist, image) VALUES (50, 11, 61, 'Ayşen Yasin', 'ayşen', 'yenasin50@example.com', '$2y$10$Wvf1G9W8tO40P6rZHOJ8/.H07cBHJnvvGo6.Ft2WIrib.w1BaDajC', '2018-07-03', '2023-03-18', 990, 'Premium', 'Jazz', 192, 'Yasin Nisa', 'https://picsum.photos/id/87/100/100');
INSERT INTO USERS (user_id, country_id, age, name, username, email, password, date_joined, last_login, follower_num, subscription_type, top_genre, num_songs_liked, most_played_artist, image) VALUES (51, 13, 60, 'Senem Nisa', 'senem3', 'enemisa51@example.com', '$2y$10$FIskJ85T2EIQFwi8q0igd.X/KSHa1N1BK5y7moS4fMcizb0nQt6.q', '2019-07-31', '2023-09-06', 521, 'Free', 'Metal', 0, 'Zeynep Vildan', 'https://picsum.photos/id/60/100/100');
INSERT INTO USERS (user_id, country_id, age, name, username, email, password, date_joined, last_login, follower_num, subscription_type, top_genre, num_songs_liked, most_played_artist, image) VALUES (52, 14, 20, 'Gizem Okan', 'gizem2', 'izemkan52@example.com', '$2y$10$p0iuQ802IxT3m.FJSjpN5e62N2fuBrkOw09QFf/irnye7ZPIH5zLa', '2011-03-07', '2019-07-17', 951, 'Premium', 'Reggae', 208, 'Doruk Yeliz', 'https://picsum.photos/id/63/100/100');
INSERT INTO USERS (user_id, country_id, age, name, username, email, password, date_joined, last_login, follower_num, subscription_type, top_genre, num_songs_liked, most_played_artist, image) VALUES (53, 20, 24, 'Can Pelin', 'can', 'anelin53@example.com', '$2y$10$Kj1ibDX6GuCqYIcqO1xiMOtFhlln3MM0vJACe1e/Yvs4B1ASBFXdK', '2020-08-23', '2021-10-20', 33, 'Free', 'Alternative', 415, 'Doruk Yeliz', 'https://picsum.photos/id/11/100/100');
INSERT INTO USERS (user_id, country_id, age, name, username, email, password, date_joined, last_login, follower_num, subscription_type, top_genre, num_songs_liked, most_played_artist, image) VALUES (54, 11, 56, 'Emre Rüya', 'emre3', 'mreya54@example.com', '$2y$10$5vUX3OGalkYDDXCJrEm3ku30EzNXo.5A1.Ya2Dkw2GMI9X704TSwq', '2017-08-10', '2022-03-05', 380, 'Premium', 'Country', 9, 'Sefa Eda', 'https://picsum.photos/id/63/100/100');
INSERT INTO USERS (user_id, country_id, age, name, username, email, password, date_joined, last_login, follower_num, subscription_type, top_genre, num_songs_liked, most_played_artist, image) VALUES (55, 12, 24, 'Bahar Kerem', 'bahar', 'aharerem55@example.com', '$2y$10$LPrMbj2AYjw695q0GR3Gg.62Xt3DukrFpsqrZ3rqFQj1UU0TqAsQm', '2019-03-31', '2021-05-17', 59, 'Premium', 'Blues', 305, 'Ayşen Rüya', 'https://picsum.photos/id/14/100/100');
INSERT INTO USERS (user_id, country_id, age, name, username, email, password, date_joined, last_login, follower_num, subscription_type, top_genre, num_songs_liked, most_played_artist, image) VALUES (56, 19, 37, 'Ömer Pelin', 'Ömer1', 'merelin56@example.com', '$2y$10$Iwz/pz5UDNT4RrHsPCLPoORWiNObDjsRT/nrRL9VN9BXavffLOJFm', '2022-11-15', '2023-03-31', 648, 'Premium', 'Pop', 364, 'Senem Kaan', 'https://picsum.photos/id/27/100/100');
INSERT INTO USERS (user_id, country_id, age, name, username, email, password, date_joined, last_login, follower_num, subscription_type, top_genre, num_songs_liked, most_played_artist, image) VALUES (57, 11, 29, 'Utku Volkan', 'utku', 'tkuolkan57@example.com', '$2y$10$ySSx3dsX1Dbcs1hFBUIx1ehQSr5zhioOoveB6v1go0m7tuO98rqVa', '2020-07-27', '2023-05-13', 411, 'Premium', 'Dance', 296, 'Eda Volkan', 'https://picsum.photos/id/90/100/100');
INSERT INTO USERS (user_id, country_id, age, name, username, email, password, date_joined, last_login, follower_num, subscription_type, top_genre, num_songs_liked, most_played_artist, image) VALUES (58, 10, 54, 'Yeliz Can', 'yeliz', 'elizan58@example.com', '$2y$10$f2IrxCEHBS.tAPC8zwTLSOWyckGAjjcKG0hYVcWoM0Y3taKC7gYqi', '2016-01-07', '2022-01-10', 996, 'Free', 'Indie', 299, 'Senem Gizem', 'https://picsum.photos/id/64/100/100');
INSERT INTO USERS (user_id, country_id, age, name, username, email, password, date_joined, last_login, follower_num, subscription_type, top_genre, num_songs_liked, most_played_artist, image) VALUES (59, 13, 70, 'Can Serkan', 'can1', 'anerkan59@example.com', '$2y$10$n2A4lXTgt28/Zw9yWO6i/O0joTf2RKG9wKq0DOHKTQdvZNQcv.QNi', '2023-03-05', '2023-07-07', 890, 'Premium', 'Pop', 452, 'Rüya Yağmur', 'https://picsum.photos/id/91/100/100');
INSERT INTO USERS (user_id, country_id, age, name, username, email, password, date_joined, last_login, follower_num, subscription_type, top_genre, num_songs_liked, most_played_artist, image) VALUES (60, 13, 34, 'Mert Onur', 'mert1', 'ertnur60@example.com', '$2y$10$uLewwxLJm5wzUQc6gGcmI.e1b6Y5bwBqww1MmL65/Q9ipBTwEui96', '2019-08-14', '2022-10-04', 776, 'Premium', 'Classical', 260, 'Rüya Yağmur', 'https://picsum.photos/id/3/100/100');
INSERT INTO USERS (user_id, country_id, age, name, username, email, password, date_joined, last_login, follower_num, subscription_type, top_genre, num_songs_liked, most_played_artist, image) VALUES (61, 5, 56, 'Bahar Lale', 'bahar1', 'aharale61@example.com', '$2y$10$jOVeTmD7tMwXh.NF8J8CPOO/bvp1gja/NUM2BvgntR3SVrX6HqZBi', '2012-05-19', '2018-06-08', 175, 'Premium', 'Rock', 379, 'Elif Deniz', 'https://picsum.photos/id/21/100/100');
INSERT INTO USERS (user_id, country_id, age, name, username, email, password, date_joined, last_login, follower_num, subscription_type, top_genre, num_songs_liked, most_played_artist, image) VALUES (62, 9, 60, 'Serkan Eda', 'serkan1', 'erkanda62@example.com', '$2y$10$yw6URGJvfG4SBNOGLZZiOeaszuZ9ZaXSQ.PHdoroxQkCnZCeq9Ys2', '2023-08-17', '2024-04-23', 243, 'Free', 'Jazz', 35, 'Pelin Kerem', 'https://picsum.photos/id/71/100/100');
INSERT INTO USERS (user_id, country_id, age, name, username, email, password, date_joined, last_login, follower_num, subscription_type, top_genre, num_songs_liked, most_played_artist, image) VALUES (63, 12, 38, 'Lale Ömer', 'lale3', 'alemer63@example.com', '$2y$10$HU4r3OKiNk/1pMf5eMq/qOEw85H5iZBzjvKjkBFcZs57jKCgCDz62', '2019-07-27', '2022-06-28', 529, 'Premium', 'Reggae', 159, 'Emre Emre', 'https://picsum.photos/id/22/100/100');
INSERT INTO USERS (user_id, country_id, age, name, username, email, password, date_joined, last_login, follower_num, subscription_type, top_genre, num_songs_liked, most_played_artist, image) VALUES (64, 20, 33, 'Burak Ceren', 'burak', 'urakeren64@example.com', '$2y$10$d17d9qLglaHZJCbArDkK/eskSMHUMCYL0Z6c9OieIAmdpBkxKI7sW', '2020-11-25', '2024-02-19', 497, 'Premium', 'Alternative', 455, 'Umut Ayşen', 'https://picsum.photos/id/29/100/100');
INSERT INTO USERS (user_id, country_id, age, name, username, email, password, date_joined, last_login, follower_num, subscription_type, top_genre, num_songs_liked, most_played_artist, image) VALUES (65, 6, 25, 'Rüya Senem', 'rüya1', 'yaenem65@example.com', '$2y$10$c7pPhw6RYZ.30sWoG.PfYu817wJaHkChLOC9hLJiGYFr7QevhJmIG', '2013-06-19', '2023-05-19', 871, 'Premium', 'Blues', 394, 'Zeki Irem', 'https://picsum.photos/id/29/100/100');
INSERT INTO USERS (user_id, country_id, age, name, username, email, password, date_joined, last_login, follower_num, subscription_type, top_genre, num_songs_liked, most_played_artist, image) VALUES (66, 15, 28, 'Volkan Senem', 'volkan3', 'olkanenem66@example.com', '$2y$10$U4EV/38CiRrU0u2dFDR7TeULaf820H0abIKDiuZsv98ZFVAdDE5b6', '2022-11-01', '2024-03-23', 801, 'Free', 'Jazz', 222, 'Koray Murat', 'https://picsum.photos/id/4/100/100');
INSERT INTO USERS (user_id, country_id, age, name, username, email, password, date_joined, last_login, follower_num, subscription_type, top_genre, num_songs_liked, most_played_artist, image) VALUES (67, 11, 18, 'Zeynep Nisa', 'zeynep', 'eynepisa67@example.com', '$2y$10$ntnnLkYgieb8jdQz7tbiROAwKlCLf5Psy4kZoQM0P3XVW0cqgc.iW', '2016-01-21', '2024-01-21', 403, 'Free', 'Electronic', 492, 'Serkan Elif', 'https://picsum.photos/id/53/100/100');
INSERT INTO USERS (user_id, country_id, age, name, username, email, password, date_joined, last_login, follower_num, subscription_type, top_genre, num_songs_liked, most_played_artist, image) VALUES (68, 9, 56, 'Can Koray', 'can2', 'anoray68@example.com', '$2y$10$fj6vgS5apccyKA/aQaB/Lequq.B.z5668t3uC9Fq5746nLNCwEVbu', '2017-09-04', '2019-05-19', 421, 'Free', 'Pop', 204, 'Bahar Vildan', 'https://picsum.photos/id/34/100/100');
INSERT INTO USERS (user_id, country_id, age, name, username, email, password, date_joined, last_login, follower_num, subscription_type, top_genre, num_songs_liked, most_played_artist, image) VALUES (69, 15, 46, 'Ayşen Zeki', 'ayşen1', 'yeneki69@example.com', '$2y$10$x9bedXZcxYw7edDF7hi0BuXUedBJjMh30YwHJ99tXZv7zcAtA6XjW', '2015-11-02', '2017-06-01', 671, 'Free', 'Indie', 335, 'Vildan Murat', 'https://picsum.photos/id/99/100/100');
INSERT INTO USERS (user_id, country_id, age, name, username, email, password, date_joined, last_login, follower_num, subscription_type, top_genre, num_songs_liked, most_played_artist, image) VALUES (70, 5, 50, 'Tugçe Onur', 'tugçe1', 'ugenur70@example.com', '$2y$10$sdSTlzgoLcSoj5bWNhm8pukKVFHGvOHz5GW5sIcD6GZEwZf2whmGy', '2011-05-02', '2020-07-21', 788, 'Premium', 'Hip Hop', 355, 'Gizem Lale', 'https://picsum.photos/id/53/100/100');
INSERT INTO USERS (user_id, country_id, age, name, username, email, password, date_joined, last_login, follower_num, subscription_type, top_genre, num_songs_liked, most_played_artist, image) VALUES (71, 5, 27, 'Sefa Irem', 'sefa1', 'efarem71@example.com', '$2y$10$iO9lgnblcmqOv0LKzKwWA.yqQaqWR5l2M4yTfsxXAUKUBuJCvOyWC', '2013-10-11', '2016-03-04', 550, 'Premium', 'Country', 220, 'Pinar Kaan', 'https://picsum.photos/id/39/100/100');
INSERT INTO USERS (user_id, country_id, age, name, username, email, password, date_joined, last_login, follower_num, subscription_type, top_genre, num_songs_liked, most_played_artist, image) VALUES (72, 7, 26, 'Zeki Yağmur', 'zeki1', 'ekiamur72@example.com', '$2y$10$mKwzn6c/RlHIxURpX6ehO.3gUm85rxRtpVVzC6IW7SKlw4vwtm.Yy', '2023-09-18', '2024-01-25', 886, 'Free', 'Electronic', 59, 'Zeki Irem', 'https://picsum.photos/id/51/100/100');
INSERT INTO USERS (user_id, country_id, age, name, username, email, password, date_joined, last_login, follower_num, subscription_type, top_genre, num_songs_liked, most_played_artist, image) VALUES (73, 9, 70, 'Umut Pinar', 'umut2', 'mutinar73@example.com', '$2y$10$71uII/HPOmbu9aQyXkhQmeMLWdRpbUekmrbavLnV28PjR7Fd8Zldq', '2011-10-04', '2016-08-04', 159, 'Premium', 'Classical', 495, 'Okan Ömer', 'https://picsum.photos/id/74/100/100');
INSERT INTO USERS (user_id, country_id, age, name, username, email, password, date_joined, last_login, follower_num, subscription_type, top_genre, num_songs_liked, most_played_artist, image) VALUES (74, 1, 36, 'Pinar Burak', 'pinar2', 'inarurak74@example.com', '$2y$10$8P3vs2Z/3dYN9g8s4sfDPuQdi5ZqHvykjsVWmyc1Ipxy3Hcr1OY4u', '2019-02-19', '2019-09-15', 812, 'Premium', 'Indie', 310, 'Zeynep Zeki', 'https://picsum.photos/id/77/100/100');
INSERT INTO USERS (user_id, country_id, age, name, username, email, password, date_joined, last_login, follower_num, subscription_type, top_genre, num_songs_liked, most_played_artist, image) VALUES (75, 10, 24, 'Nisa Doruk', 'nisa', 'isaoruk75@example.com', '$2y$10$Juftz.tSodIaU.zh4aamn.QOP4jnk/umUgHMu5BoEKqilkta5Shb6', '2019-12-17', '2023-10-29', 810, 'Premium', 'Blues', 231, 'Gizem Lale', 'https://picsum.photos/id/48/100/100');
INSERT INTO USERS (user_id, country_id, age, name, username, email, password, date_joined, last_login, follower_num, subscription_type, top_genre, num_songs_liked, most_played_artist, image) VALUES (76, 8, 45, 'Burak Murat', 'burak1', 'urakurat76@example.com', '$2y$10$UwId9Sx2cAvlWwLhLiJku.rcRgl0c.xFdRZRIaMT9nOGtOuVW6XEC', '2017-10-03', '2022-04-06', 35, 'Free', 'Classical', 79, 'Koray Gizem', 'https://picsum.photos/id/21/100/100');
INSERT INTO USERS (user_id, country_id, age, name, username, email, password, date_joined, last_login, follower_num, subscription_type, top_genre, num_songs_liked, most_played_artist, image) VALUES (77, 12, 59, 'Mert Zeki', 'mert2', 'erteki77@example.com', '$2y$10$lmbe9.nULynmU3969DHPY.XSuvgA0GER.SwtvB0g3wsUoNM.IVZFS', '2018-06-19', '2021-08-31', 831, 'Free', 'Alternative', 95, 'Emre Emre', 'https://picsum.photos/id/33/100/100');
INSERT INTO USERS (user_id, country_id, age, name, username, email, password, date_joined, last_login, follower_num, subscription_type, top_genre, num_songs_liked, most_played_artist, image) VALUES (78, 18, 25, 'Bahar Rüya', 'bahar2', 'aharya78@example.com', '$2y$10$aUIu74/yKhX5.CkRNfrfkO1g8o1P3THyyobck0KeeYyXtvFocx0fW', '2013-12-13', '2021-02-18', 159, 'Premium', 'Pop', 252, 'Rüya Yağmur', 'https://picsum.photos/id/3/100/100');
INSERT INTO USERS (user_id, country_id, age, name, username, email, password, date_joined, last_login, follower_num, subscription_type, top_genre, num_songs_liked, most_played_artist, image) VALUES (79, 7, 30, 'Yasin Bahar', 'yasin1', 'asinahar79@example.com', '$2y$10$bpbjEJ65uLRoPzw.Ai79FeHECgHrLJcwDOll1nxEbyQ4iPExRejfy', '2018-12-17', '2020-03-18', 528, 'Free', 'Country', 35, 'Ceren Kerem', 'https://picsum.photos/id/61/100/100');
INSERT INTO USERS (user_id, country_id, age, name, username, email, password, date_joined, last_login, follower_num, subscription_type, top_genre, num_songs_liked, most_played_artist, image) VALUES (80, 7, 20, 'Can Utku', 'can3', 'antku80@example.com', '$2y$10$DhaNd93.ecX3Wv4tM7GKsuRuP.9SgbhMwH/9kWJUWGIR/Hl1aUuc2', '2012-02-20', '2017-12-20', 560, 'Premium', 'Metal', 396, 'Koray Murat', 'https://picsum.photos/id/65/100/100');
INSERT INTO USERS (user_id, country_id, age, name, username, email, password, date_joined, last_login, follower_num, subscription_type, top_genre, num_songs_liked, most_played_artist, image) VALUES (81, 18, 58, 'Zeynep Ayşen', 'zeynep1', 'eynepyen81@example.com', '$2y$10$OdRA/nMKhSa82KS5zeBtoOJEvc1ziusaw4.hzKgTHXCsqAAFjmyaa', '2017-03-20', '2019-04-03', 138, 'Free', 'Indie', 91, 'Pinar Merve', 'https://picsum.photos/id/67/100/100');
INSERT INTO USERS (user_id, country_id, age, name, username, email, password, date_joined, last_login, follower_num, subscription_type, top_genre, num_songs_liked, most_played_artist, image) VALUES (82, 12, 29, 'Zeynep Yeliz', 'zeynep2', 'eynepeliz82@example.com', '$2y$10$EabNnywR4O1oMNX1XU3wCemirRUPvefJIPF7hCehtxiq.oxL9eyla', '2012-03-13', '2020-07-19', 221, 'Free', 'Folk', 176, 'Zeynep Vildan', 'https://picsum.photos/id/66/100/100');
INSERT INTO USERS (user_id, country_id, age, name, username, email, password, date_joined, last_login, follower_num, subscription_type, top_genre, num_songs_liked, most_played_artist, image) VALUES (83, 4, 58, 'Eda Doruk', 'eda3', 'daoruk83@example.com', '$2y$10$rKMUtEa.1bCT8EcFdgR/l.mG.KZ2NNvQ3MfFHF3CqZtkDyBOBgD.G', '2022-06-10', '2023-06-05', 249, 'Premium', 'Jazz', 470, 'Eda Volkan', 'https://picsum.photos/id/73/100/100');
INSERT INTO USERS (user_id, country_id, age, name, username, email, password, date_joined, last_login, follower_num, subscription_type, top_genre, num_songs_liked, most_played_artist, image) VALUES (84, 17, 50, 'Gizem Yeliz', 'gizem3', 'izemeliz84@example.com', '$2y$10$uKAzCE2lFAufeCS6bOULOOSlXF1Hyl0A3VZ7BVaw0c7hnIbl4u78a', '2019-01-29', '2022-03-17', 265, 'Premium', 'R&B', 390, 'Yeliz Serkan', 'https://picsum.photos/id/13/100/100');
INSERT INTO USERS (user_id, country_id, age, name, username, email, password, date_joined, last_login, follower_num, subscription_type, top_genre, num_songs_liked, most_played_artist, image) VALUES (85, 19, 64, 'Senem Zeki', 'senem4', 'enemeki85@example.com', '$2y$10$YemN5r1QYDujrJYYOfQKT.PX0jZ9.An1wsHIu5GmOGMsNAcMOYMB6', '2019-05-17', '2022-12-14', 364, 'Free', 'Alternative', 350, 'Irem Ceren', 'https://picsum.photos/id/40/100/100');
INSERT INTO USERS (user_id, country_id, age, name, username, email, password, date_joined, last_login, follower_num, subscription_type, top_genre, num_songs_liked, most_played_artist, image) VALUES (86, 12, 28, 'Merve Senem', 'merve', 'erveenem86@example.com', '$2y$10$UKMvk2DGq1bVIG8wo2vjPulir5le.ewRZNohomQ3siPSRgtRghnQm', '2011-07-09', '2012-06-10', 598, 'Premium', 'Pop', 302, 'Kaan Pinar', 'https://picsum.photos/id/36/100/100');
INSERT INTO USERS (user_id, country_id, age, name, username, email, password, date_joined, last_login, follower_num, subscription_type, top_genre, num_songs_liked, most_played_artist, image) VALUES (87, 17, 40, 'Umut Emre', 'umut3', 'mutmre87@example.com', '$2y$10$wd.4GNi2I5kPvno2moW8ZOuYxWLMTvQMc1BmOhXXlosxsFknRWwfG', '2018-02-03', '2020-08-14', 689, 'Premium', 'Metal', 425, 'Serkan Okan', 'https://picsum.photos/id/94/100/100');
INSERT INTO USERS (user_id, country_id, age, name, username, email, password, date_joined, last_login, follower_num, subscription_type, top_genre, num_songs_liked, most_played_artist, image) VALUES (88, 11, 28, 'Lale Burak', 'lale4', 'aleurak88@example.com', '$2y$10$E6R/OFfWI7GEjlV2ZQdezuAXXnAYLAk4aHiaH84m.PbS899S6Xj2q', '2010-10-19', '2019-08-27', 250, 'Free', 'Blues', 466, 'Irem Rüya', 'https://picsum.photos/id/31/100/100');
INSERT INTO USERS (user_id, country_id, age, name, username, email, password, date_joined, last_login, follower_num, subscription_type, top_genre, num_songs_liked, most_played_artist, image) VALUES (89, 2, 60, 'Tugçe Zeynep', 'tugçe2', 'ugeeynep89@example.com', '$2y$10$o/QGMH.QmjtTT3sKJNOMpO385iZpD.fklga/2vbVlM7hrWQxyB6c2', '2013-02-15', '2021-08-29', 15, 'Free', 'Country', 246, 'Burak Serkan', 'https://picsum.photos/id/52/100/100');
INSERT INTO USERS (user_id, country_id, age, name, username, email, password, date_joined, last_login, follower_num, subscription_type, top_genre, num_songs_liked, most_played_artist, image) VALUES (90, 12, 56, 'Rüya Can', 'rüya2', 'yaan90@example.com', '$2y$10$ABvVebttEKX9BhCFAq1fqujurE/9Yq4KySiU0PlyZd.OHxq1.YY9q', '2011-08-03', '2018-10-21', 421, 'Free', 'Rock', 496, 'Burak Elif', 'https://picsum.photos/id/26/100/100');
INSERT INTO USERS (user_id, country_id, age, name, username, email, password, date_joined, last_login, follower_num, subscription_type, top_genre, num_songs_liked, most_played_artist, image) VALUES (91, 14, 54, 'Yasin Lale', 'yasin2', 'asinale91@example.com', '$2y$10$FpX9xZK6iZpGg0lqfHCwn.Awz76QNNO6nf9O/7VhW9Dh6wqEtBK.a', '2010-03-26', '2010-09-05', 689, 'Premium', 'Indie', 303, 'Koray Tugçe', 'https://picsum.photos/id/44/100/100');
INSERT INTO USERS (user_id, country_id, age, name, username, email, password, date_joined, last_login, follower_num, subscription_type, top_genre, num_songs_liked, most_played_artist, image) VALUES (92, 17, 47, 'Lale Burak', 'lale5', 'aleurak92@example.com', '$2y$10$TREN3faD7YxQ27L/XyNCOuS3XgWZo29q9rGOcWw3dP4.YSja661py', '2022-03-28', '2024-04-08', 591, 'Free', 'Hip Hop', 459, 'Umut Okan', 'https://picsum.photos/id/52/100/100');
INSERT INTO USERS (user_id, country_id, age, name, username, email, password, date_joined, last_login, follower_num, subscription_type, top_genre, num_songs_liked, most_played_artist, image) VALUES (93, 17, 20, 'Emre Burak', 'emre4', 'mreurak93@example.com', '$2y$10$SWOqbPRo13EPsg1PevPT8..UXcJSJBhMZHzi9ie8NsJIMikr90OG.', '2020-09-19', '2020-10-31', 221, 'Free', 'Indie', 454, 'Zeynep Volkan', 'https://picsum.photos/id/98/100/100');
INSERT INTO USERS (user_id, country_id, age, name, username, email, password, date_joined, last_login, follower_num, subscription_type, top_genre, num_songs_liked, most_played_artist, image) VALUES (94, 9, 70, 'Merve Ömer', 'merve1', 'ervemer94@example.com', '$2y$10$r7IFzTWM.3.z7MDyhCBQXO5.ZQD4IcAboAGANTPF.GWBX0MTcPzMK', '2017-01-16', '2017-07-04', 829, 'Free', 'Blues', 255, 'Yeliz Okan', 'https://picsum.photos/id/45/100/100');
INSERT INTO USERS (user_id, country_id, age, name, username, email, password, date_joined, last_login, follower_num, subscription_type, top_genre, num_songs_liked, most_played_artist, image) VALUES (95, 13, 63, 'Volkan Umut', 'volkan4', 'olkanmut95@example.com', '$2y$10$erBbZ0YB8I6PnxK9HEaEE.Hd64LRbdAW4st4FhlkU4yPkmgnNJyK6', '2020-05-02', '2023-08-28', 125, 'Premium', 'Jazz', 294, 'Utku Sefa', 'https://picsum.photos/id/36/100/100');
INSERT INTO USERS (user_id, country_id, age, name, username, email, password, date_joined, last_login, follower_num, subscription_type, top_genre, num_songs_liked, most_played_artist, image) VALUES (96, 20, 42, 'Deniz Utku', 'deniz2', 'eniztku96@example.com', '$2y$10$nPSRs/Es47uCdNm7Etc80.Q1K7ka.GItc0NHNy3IzAhmYRCC7hKRG', '2019-03-03', '2022-06-13', 810, 'Free', 'Pop', 102, 'Bahar Mert', 'https://picsum.photos/id/72/100/100');
INSERT INTO USERS (user_id, country_id, age, name, username, email, password, date_joined, last_login, follower_num, subscription_type, top_genre, num_songs_liked, most_played_artist, image) VALUES (97, 14, 30, 'Lale Merve', 'lale6', 'aleerve97@example.com', '$2y$10$WEx17h5LHZydYv9xVtDLVu1mO586FV1wtntziTRCvaLMV.FIz8nOq', '2022-02-13', '2022-11-10', 799, 'Premium', 'Classical', 59, 'Yasin Nisa', 'https://picsum.photos/id/81/100/100');
INSERT INTO USERS (user_id, country_id, age, name, username, email, password, date_joined, last_login, follower_num, subscription_type, top_genre, num_songs_liked, most_played_artist, image) VALUES (98, 17, 64, 'Umut Bahar', 'umut4', 'mutahar98@example.com', '$2y$10$rYiaIfDqsRnFdPa2H9CPeueS65egy4viNQo2MDlqgMSUuc6dUrZHK', '2019-02-15', '2020-10-09', 95, 'Premium', 'Folk', 172, 'Burak Serkan', 'https://picsum.photos/id/46/100/100');
INSERT INTO USERS (user_id, country_id, age, name, username, email, password, date_joined, last_login, follower_num, subscription_type, top_genre, num_songs_liked, most_played_artist, image) VALUES (99, 16, 31, 'Pinar Kerem', 'pinar3', 'inarerem99@example.com', '$2y$10$OrEUur4lcNc4gkRPBrNuceryHheDOlUE.r23IStUobzTmItyjFTAm', '2010-01-25', '2020-04-17', 728, 'Premium', 'Hip Hop', 447, 'Mert Merve', 'https://picsum.photos/id/69/100/100');
INSERT INTO USERS (user_id, country_id, age, name, username, email, password, date_joined, last_login, follower_num, subscription_type, top_genre, num_songs_liked, most_played_artist, image) VALUES (100, 4, 68, 'Murat Elif', 'murat2', 'uratlif100@example.com', '$2y$10$Wa5W2YCDy2T5uvby6G1cDOgM9j0Wpw/VrhfNbiVEzVi9AFgNLYT6e', '2010-02-08', '2018-06-05', 625, 'Free', 'Folk', 258, 'Ayşen Rüya', 'https://picsum.photos/id/70/100/100');

-- ARTISTS Data --
INSERT INTO ARTISTS (artist_id, name, genre, date_joined, total_num_music, total_albums, listeners, bio, country_id, image) VALUES (1, 'Deniz Irem', 'Pop', '2017-07-10', 46, 4, 1673326, 'A passionate artist creating Pop music.', 15, 'https://picsum.photos/id/186/150/150');
INSERT INTO ARTISTS (artist_id, name, genre, date_joined, total_num_music, total_albums, listeners, bio, country_id, image) VALUES (2, 'Doruk Yeliz', 'Country', '2006-02-24', 117, 12, 611270, 'A passionate artist creating Country music.', 12, 'https://picsum.photos/id/200/150/150');
INSERT INTO ARTISTS (artist_id, name, genre, date_joined, total_num_music, total_albums, listeners, bio, country_id, image) VALUES (3, 'Okan Lale', 'Metal', '2020-08-01', 54, 10, 3876185, 'A passionate artist creating Metal music.', 19, 'https://picsum.photos/id/124/150/150');
INSERT INTO ARTISTS (artist_id, name, genre, date_joined, total_num_music, total_albums, listeners, bio, country_id, image) VALUES (4, 'Zeki Elif', 'Folk', '2008-01-05', 100, 1, 8062773, 'A passionate artist creating Folk music.', 9, 'https://picsum.photos/id/130/150/150');
INSERT INTO ARTISTS (artist_id, name, genre, date_joined, total_num_music, total_albums, listeners, bio, country_id, image) VALUES (5, 'Tuba Rüya', 'Rock', '2010-01-15', 12, 6, 6648394, 'A passionate artist creating Rock music.', 1, 'https://picsum.photos/id/119/150/150');
INSERT INTO ARTISTS (artist_id, name, genre, date_joined, total_num_music, total_albums, listeners, bio, country_id, image) VALUES (6, 'Elif Deniz', 'Pop', '2014-02-09', 9, 5, 9626756, 'A passionate artist creating Pop music.', 4, 'https://picsum.photos/id/120/150/150');
INSERT INTO ARTISTS (artist_id, name, genre, date_joined, total_num_music, total_albums, listeners, bio, country_id, image) VALUES (7, 'Kerem Rüya', 'Blues', '2016-07-30', 199, 11, 3572294, 'A passionate artist creating Blues music.', 19, 'https://picsum.photos/id/130/150/150');
INSERT INTO ARTISTS (artist_id, name, genre, date_joined, total_num_music, total_albums, listeners, bio, country_id, image) VALUES (8, 'Mert Merve', 'Indie', '2018-02-11', 67, 10, 9941176, 'A passionate artist creating Indie music.', 12, 'https://picsum.photos/id/139/150/150');
INSERT INTO ARTISTS (artist_id, name, genre, date_joined, total_num_music, total_albums, listeners, bio, country_id, image) VALUES (9, 'Umut Ayşen', 'Pop', '2012-03-04', 126, 9, 4899890, 'A passionate artist creating Pop music.', 4, 'https://picsum.photos/id/131/150/150');
INSERT INTO ARTISTS (artist_id, name, genre, date_joined, total_num_music, total_albums, listeners, bio, country_id, image) VALUES (10, 'Umut Onur', 'Hip Hop', '2012-06-13', 36, 9, 2179191, 'A passionate artist creating Hip Hop music.', 6, 'https://picsum.photos/id/184/150/150');
INSERT INTO ARTISTS (artist_id, name, genre, date_joined, total_num_music, total_albums, listeners, bio, country_id, image) VALUES (11, 'Koray Tugçe', 'Jazz', '2017-06-15', 196, 1, 2748730, 'A passionate artist creating Jazz music.', 5, 'https://picsum.photos/id/101/150/150');
INSERT INTO ARTISTS (artist_id, name, genre, date_joined, total_num_music, total_albums, listeners, bio, country_id, image) VALUES (12, 'Zeynep Volkan', 'Metal', '2008-09-20', 31, 2, 3934661, 'A passionate artist creating Metal music.', 13, 'https://picsum.photos/id/172/150/150');
INSERT INTO ARTISTS (artist_id, name, genre, date_joined, total_num_music, total_albums, listeners, bio, country_id, image) VALUES (13, 'Koray Tugçe', 'R&B', '2015-03-12', 56, 13, 2475233, 'A passionate artist creating R&B music.', 15, 'https://picsum.photos/id/149/150/150');
INSERT INTO ARTISTS (artist_id, name, genre, date_joined, total_num_music, total_albums, listeners, bio, country_id, image) VALUES (14, 'Kerem Deniz', 'Jazz', '2006-12-24', 71, 13, 8394142, 'A passionate artist creating Jazz music.', 7, 'https://picsum.photos/id/159/150/150');
INSERT INTO ARTISTS (artist_id, name, genre, date_joined, total_num_music, total_albums, listeners, bio, country_id, image) VALUES (15, 'Koray Tugçe', 'R&B', '2009-03-30', 104, 6, 3337020, 'A passionate artist creating R&B music.', 5, 'https://picsum.photos/id/169/150/150');
INSERT INTO ARTISTS (artist_id, name, genre, date_joined, total_num_music, total_albums, listeners, bio, country_id, image) VALUES (16, 'Murat Koray', 'Electronic', '2016-04-05', 49, 3, 9877748, 'A passionate artist creating Electronic music.', 1, 'https://picsum.photos/id/123/150/150');
INSERT INTO ARTISTS (artist_id, name, genre, date_joined, total_num_music, total_albums, listeners, bio, country_id, image) VALUES (17, 'Okan Lale', 'Classical', '2022-08-17', 140, 15, 8839654, 'A passionate artist creating Classical music.', 10, 'https://picsum.photos/id/167/150/150');
INSERT INTO ARTISTS (artist_id, name, genre, date_joined, total_num_music, total_albums, listeners, bio, country_id, image) VALUES (18, 'Bahar Bahar', 'Alternative', '2017-09-18', 179, 3, 8732568, 'A passionate artist creating Alternative music.', 20, 'https://picsum.photos/id/113/150/150');
INSERT INTO ARTISTS (artist_id, name, genre, date_joined, total_num_music, total_albums, listeners, bio, country_id, image) VALUES (19, 'Emre Emre', 'Reggae', '2011-06-02', 87, 15, 3407154, 'A passionate artist creating Reggae music.', 11, 'https://picsum.photos/id/104/150/150');
INSERT INTO ARTISTS (artist_id, name, genre, date_joined, total_num_music, total_albums, listeners, bio, country_id, image) VALUES (20, 'Kerem Rüya', 'Pop', '2013-07-04', 144, 13, 5947248, 'A passionate artist creating Pop music.', 11, 'https://picsum.photos/id/129/150/150');
INSERT INTO ARTISTS (artist_id, name, genre, date_joined, total_num_music, total_albums, listeners, bio, country_id, image) VALUES (21, 'Umut Okan', 'Classical', '2021-10-16', 197, 7, 9612856, 'A passionate artist creating Classical music.', 1, 'https://picsum.photos/id/144/150/150');
INSERT INTO ARTISTS (artist_id, name, genre, date_joined, total_num_music, total_albums, listeners, bio, country_id, image) VALUES (22, 'Pinar Kaan', 'Metal', '2022-08-07', 175, 6, 3767468, 'A passionate artist creating Metal music.', 7, 'https://picsum.photos/id/160/150/150');
INSERT INTO ARTISTS (artist_id, name, genre, date_joined, total_num_music, total_albums, listeners, bio, country_id, image) VALUES (23, 'Ceren Ömer', 'Pop', '2018-07-13', 68, 15, 6246743, 'A passionate artist creating Pop music.', 10, 'https://picsum.photos/id/145/150/150');
INSERT INTO ARTISTS (artist_id, name, genre, date_joined, total_num_music, total_albums, listeners, bio, country_id, image) VALUES (24, 'Tuba Rüya', 'Classical', '2009-10-18', 196, 10, 5698907, 'A passionate artist creating Classical music.', 5, 'https://picsum.photos/id/185/150/150');
INSERT INTO ARTISTS (artist_id, name, genre, date_joined, total_num_music, total_albums, listeners, bio, country_id, image) VALUES (25, 'Zeynep Yasin', 'Hip Hop', '2015-12-29', 105, 10, 8146927, 'A passionate artist creating Hip Hop music.', 13, 'https://picsum.photos/id/159/150/150');
INSERT INTO ARTISTS (artist_id, name, genre, date_joined, total_num_music, total_albums, listeners, bio, country_id, image) VALUES (26, 'Okan Lale', 'Reggae', '2005-09-02', 93, 13, 7975621, 'A passionate artist creating Reggae music.', 14, 'https://picsum.photos/id/179/150/150');
INSERT INTO ARTISTS (artist_id, name, genre, date_joined, total_num_music, total_albums, listeners, bio, country_id, image) VALUES (27, 'Gizem Lale', 'Jazz', '2014-12-17', 99, 5, 1397614, 'A passionate artist creating Jazz music.', 16, 'https://picsum.photos/id/161/150/150');
INSERT INTO ARTISTS (artist_id, name, genre, date_joined, total_num_music, total_albums, listeners, bio, country_id, image) VALUES (28, 'Elif Zeynep', 'Dance', '2009-07-09', 54, 15, 5244805, 'A passionate artist creating Dance music.', 8, 'https://picsum.photos/id/136/150/150');
INSERT INTO ARTISTS (artist_id, name, genre, date_joined, total_num_music, total_albums, listeners, bio, country_id, image) VALUES (29, 'Zeki Burak', 'Folk', '2022-03-01', 110, 1, 6109858, 'A passionate artist creating Folk music.', 3, 'https://picsum.photos/id/185/150/150');
INSERT INTO ARTISTS (artist_id, name, genre, date_joined, total_num_music, total_albums, listeners, bio, country_id, image) VALUES (30, 'Ömer Volkan', 'Metal', '2009-12-03', 40, 13, 4882340, 'A passionate artist creating Metal music.', 17, 'https://picsum.photos/id/110/150/150');
INSERT INTO ARTISTS (artist_id, name, genre, date_joined, total_num_music, total_albums, listeners, bio, country_id, image) VALUES (31, 'Vildan Ayşen', 'Metal', '2014-05-07', 179, 1, 3663426, 'A passionate artist creating Metal music.', 20, 'https://picsum.photos/id/181/150/150');
INSERT INTO ARTISTS (artist_id, name, genre, date_joined, total_num_music, total_albums, listeners, bio, country_id, image) VALUES (32, 'Rüya Yeliz', 'Jazz', '2005-07-02', 162, 2, 2113909, 'A passionate artist creating Jazz music.', 18, 'https://picsum.photos/id/170/150/150');
INSERT INTO ARTISTS (artist_id, name, genre, date_joined, total_num_music, total_albums, listeners, bio, country_id, image) VALUES (33, 'Umut Onur', 'Reggae', '2021-06-10', 193, 10, 5912573, 'A passionate artist creating Reggae music.', 5, 'https://picsum.photos/id/112/150/150');
INSERT INTO ARTISTS (artist_id, name, genre, date_joined, total_num_music, total_albums, listeners, bio, country_id, image) VALUES (34, 'Ömer Ömer', 'Hip Hop', '2017-01-22', 27, 8, 8854535, 'A passionate artist creating Hip Hop music.', 16, 'https://picsum.photos/id/147/150/150');
INSERT INTO ARTISTS (artist_id, name, genre, date_joined, total_num_music, total_albums, listeners, bio, country_id, image) VALUES (35, 'Yasin Nisa', 'Folk', '2022-12-01', 193, 3, 9103472, 'A passionate artist creating Folk music.', 15, 'https://picsum.photos/id/193/150/150');
INSERT INTO ARTISTS (artist_id, name, genre, date_joined, total_num_music, total_albums, listeners, bio, country_id, image) VALUES (36, 'Koray Tugçe', 'Folk', '2013-02-07', 180, 5, 4999855, 'A passionate artist creating Folk music.', 4, 'https://picsum.photos/id/104/150/150');
INSERT INTO ARTISTS (artist_id, name, genre, date_joined, total_num_music, total_albums, listeners, bio, country_id, image) VALUES (37, 'Yeliz Sefa', 'Rock', '2010-04-13', 113, 10, 5497716, 'A passionate artist creating Rock music.', 7, 'https://picsum.photos/id/164/150/150');
INSERT INTO ARTISTS (artist_id, name, genre, date_joined, total_num_music, total_albums, listeners, bio, country_id, image) VALUES (38, 'Irem Rüya', 'Jazz', '2018-05-06', 64, 13, 3759665, 'A passionate artist creating Jazz music.', 4, 'https://picsum.photos/id/192/150/150');
INSERT INTO ARTISTS (artist_id, name, genre, date_joined, total_num_music, total_albums, listeners, bio, country_id, image) VALUES (39, 'Tuba Umut', 'Jazz', '2016-10-15', 87, 13, 5789631, 'A passionate artist creating Jazz music.', 12, 'https://picsum.photos/id/169/150/150');
INSERT INTO ARTISTS (artist_id, name, genre, date_joined, total_num_music, total_albums, listeners, bio, country_id, image) VALUES (40, 'Sefa Eda', 'Rock', '2016-06-15', 98, 13, 2218266, 'A passionate artist creating Rock music.', 18, 'https://picsum.photos/id/130/150/150');
INSERT INTO ARTISTS (artist_id, name, genre, date_joined, total_num_music, total_albums, listeners, bio, country_id, image) VALUES (41, 'Kaan Nisa', 'Folk', '2005-01-07', 140, 14, 1477711, 'A passionate artist creating Folk music.', 13, 'https://picsum.photos/id/131/150/150');
INSERT INTO ARTISTS (artist_id, name, genre, date_joined, total_num_music, total_albums, listeners, bio, country_id, image) VALUES (42, 'Kerem Deniz', 'Metal', '2008-12-01', 126, 1, 277320, 'A passionate artist creating Metal music.', 3, 'https://picsum.photos/id/119/150/150');
INSERT INTO ARTISTS (artist_id, name, genre, date_joined, total_num_music, total_albums, listeners, bio, country_id, image) VALUES (43, 'Bahar Bahar', 'Blues', '2015-09-01', 148, 7, 9796955, 'A passionate artist creating Blues music.', 9, 'https://picsum.photos/id/156/150/150');
INSERT INTO ARTISTS (artist_id, name, genre, date_joined, total_num_music, total_albums, listeners, bio, country_id, image) VALUES (44, 'Nisa Merve', 'R&B', '2018-05-26', 26, 9, 3999243, 'A passionate artist creating R&B music.', 8, 'https://picsum.photos/id/122/150/150');
INSERT INTO ARTISTS (artist_id, name, genre, date_joined, total_num_music, total_albums, listeners, bio, country_id, image) VALUES (45, 'Utku Sefa', 'Blues', '2009-11-20', 167, 2, 4156819, 'A passionate artist creating Blues music.', 12, 'https://picsum.photos/id/148/150/150');
INSERT INTO ARTISTS (artist_id, name, genre, date_joined, total_num_music, total_albums, listeners, bio, country_id, image) VALUES (46, 'Volkan Deniz', 'Metal', '2009-05-27', 163, 8, 1073739, 'A passionate artist creating Metal music.', 4, 'https://picsum.photos/id/140/150/150');
INSERT INTO ARTISTS (artist_id, name, genre, date_joined, total_num_music, total_albums, listeners, bio, country_id, image) VALUES (47, 'Yağmur Merve', 'Alternative', '2006-06-14', 30, 14, 2536071, 'A passionate artist creating Alternative music.', 3, 'https://picsum.photos/id/134/150/150');
INSERT INTO ARTISTS (artist_id, name, genre, date_joined, total_num_music, total_albums, listeners, bio, country_id, image) VALUES (48, 'Rüya Gizem', 'Alternative', '2014-09-14', 22, 6, 1702364, 'A passionate artist creating Alternative music.', 14, 'https://picsum.photos/id/147/150/150');
INSERT INTO ARTISTS (artist_id, name, genre, date_joined, total_num_music, total_albums, listeners, bio, country_id, image) VALUES (49, 'Sefa Eda', 'Metal', '2013-03-09', 187, 4, 1338669, 'A passionate artist creating Metal music.', 4, 'https://picsum.photos/id/194/150/150');
INSERT INTO ARTISTS (artist_id, name, genre, date_joined, total_num_music, total_albums, listeners, bio, country_id, image) VALUES (50, 'Zeki Burak', 'Hip Hop', '2008-04-18', 50, 3, 8071601, 'A passionate artist creating Hip Hop music.', 9, 'https://picsum.photos/id/158/150/150');
INSERT INTO ARTISTS (artist_id, name, genre, date_joined, total_num_music, total_albums, listeners, bio, country_id, image) VALUES (51, 'Pinar Kaan', 'Indie', '2021-05-23', 38, 1, 400653, 'A passionate artist creating Indie music.', 6, 'https://picsum.photos/id/168/150/150');
INSERT INTO ARTISTS (artist_id, name, genre, date_joined, total_num_music, total_albums, listeners, bio, country_id, image) VALUES (52, 'Doruk Yeliz', 'Jazz', '2012-06-18', 191, 1, 8901926, 'A passionate artist creating Jazz music.', 5, 'https://picsum.photos/id/182/150/150');
INSERT INTO ARTISTS (artist_id, name, genre, date_joined, total_num_music, total_albums, listeners, bio, country_id, image) VALUES (53, 'Onur Deniz', 'Hip Hop', '2016-11-20', 137, 10, 1451311, 'A passionate artist creating Hip Hop music.', 7, 'https://picsum.photos/id/123/150/150');
INSERT INTO ARTISTS (artist_id, name, genre, date_joined, total_num_music, total_albums, listeners, bio, country_id, image) VALUES (54, 'Zeynep Yasin', 'Jazz', '2015-05-31', 10, 13, 735952, 'A passionate artist creating Jazz music.', 13, 'https://picsum.photos/id/173/150/150');
INSERT INTO ARTISTS (artist_id, name, genre, date_joined, total_num_music, total_albums, listeners, bio, country_id, image) VALUES (55, 'Utku Serkan', 'Reggae', '2012-08-12', 5, 11, 6189323, 'A passionate artist creating Reggae music.', 13, 'https://picsum.photos/id/137/150/150');
INSERT INTO ARTISTS (artist_id, name, genre, date_joined, total_num_music, total_albums, listeners, bio, country_id, image) VALUES (56, 'Zeynep Volkan', 'Rock', '2020-01-05', 131, 13, 8097451, 'A passionate artist creating Rock music.', 1, 'https://picsum.photos/id/110/150/150');
INSERT INTO ARTISTS (artist_id, name, genre, date_joined, total_num_music, total_albums, listeners, bio, country_id, image) VALUES (57, 'Sefa Deniz', 'R&B', '2006-07-28', 18, 1, 1859058, 'A passionate artist creating R&B music.', 17, 'https://picsum.photos/id/189/150/150');
INSERT INTO ARTISTS (artist_id, name, genre, date_joined, total_num_music, total_albums, listeners, bio, country_id, image) VALUES (58, 'Tuba Rüya', 'Pop', '2014-09-18', 17, 5, 7023733, 'A passionate artist creating Pop music.', 6, 'https://picsum.photos/id/173/150/150');
INSERT INTO ARTISTS (artist_id, name, genre, date_joined, total_num_music, total_albums, listeners, bio, country_id, image) VALUES (59, 'Koray Murat', 'Country', '2016-09-02', 14, 7, 2209169, 'A passionate artist creating Country music.', 6, 'https://picsum.photos/id/173/150/150');
INSERT INTO ARTISTS (artist_id, name, genre, date_joined, total_num_music, total_albums, listeners, bio, country_id, image) VALUES (60, 'Zeynep Yasin', 'R&B', '2015-07-10', 97, 12, 4372083, 'A passionate artist creating R&B music.', 11, 'https://picsum.photos/id/172/150/150');
INSERT INTO ARTISTS (artist_id, name, genre, date_joined, total_num_music, total_albums, listeners, bio, country_id, image) VALUES (61, 'Sefa Deniz', 'Indie', '2016-02-27', 56, 8, 2217803, 'A passionate artist creating Indie music.', 11, 'https://picsum.photos/id/162/150/150');
INSERT INTO ARTISTS (artist_id, name, genre, date_joined, total_num_music, total_albums, listeners, bio, country_id, image) VALUES (62, 'Rüya Yeliz', 'Jazz', '2019-03-01', 13, 4, 2316545, 'A passionate artist creating Jazz music.', 6, 'https://picsum.photos/id/109/150/150');
INSERT INTO ARTISTS (artist_id, name, genre, date_joined, total_num_music, total_albums, listeners, bio, country_id, image) VALUES (63, 'Emre Emre', 'Folk', '2012-06-10', 37, 15, 8621846, 'A passionate artist creating Folk music.', 6, 'https://picsum.photos/id/113/150/150');
INSERT INTO ARTISTS (artist_id, name, genre, date_joined, total_num_music, total_albums, listeners, bio, country_id, image) VALUES (64, 'Vildan Ayşen', 'Jazz', '2017-09-10', 127, 4, 2932395, 'A passionate artist creating Jazz music.', 15, 'https://picsum.photos/id/183/150/150');
INSERT INTO ARTISTS (artist_id, name, genre, date_joined, total_num_music, total_albums, listeners, bio, country_id, image) VALUES (65, 'Yeliz Serkan', 'Classical', '2013-03-13', 154, 4, 1725818, 'A passionate artist creating Classical music.', 7, 'https://picsum.photos/id/185/150/150');
INSERT INTO ARTISTS (artist_id, name, genre, date_joined, total_num_music, total_albums, listeners, bio, country_id, image) VALUES (66, 'Yeliz Bahar', 'Hip Hop', '2016-02-02', 159, 1, 5406134, 'A passionate artist creating Hip Hop music.', 20, 'https://picsum.photos/id/149/150/150');
INSERT INTO ARTISTS (artist_id, name, genre, date_joined, total_num_music, total_albums, listeners, bio, country_id, image) VALUES (67, 'Senem Gizem', 'Jazz', '2016-02-18', 48, 9, 3711946, 'A passionate artist creating Jazz music.', 5, 'https://picsum.photos/id/177/150/150');
INSERT INTO ARTISTS (artist_id, name, genre, date_joined, total_num_music, total_albums, listeners, bio, country_id, image) VALUES (68, 'Eda Volkan', 'Alternative', '2007-03-29', 142, 1, 9234536, 'A passionate artist creating Alternative music.', 17, 'https://picsum.photos/id/170/150/150');
INSERT INTO ARTISTS (artist_id, name, genre, date_joined, total_num_music, total_albums, listeners, bio, country_id, image) VALUES (69, 'Nisa Mert', 'Folk', '2015-06-22', 10, 10, 9580231, 'A passionate artist creating Folk music.', 13, 'https://picsum.photos/id/188/150/150');
INSERT INTO ARTISTS (artist_id, name, genre, date_joined, total_num_music, total_albums, listeners, bio, country_id, image) VALUES (70, 'Sefa Deniz', 'Blues', '2008-12-30', 28, 7, 7870861, 'A passionate artist creating Blues music.', 5, 'https://picsum.photos/id/154/150/150');
INSERT INTO ARTISTS (artist_id, name, genre, date_joined, total_num_music, total_albums, listeners, bio, country_id, image) VALUES (71, 'Sefa Eda', 'Hip Hop', '2012-03-29', 142, 9, 645465, 'A passionate artist creating Hip Hop music.', 11, 'https://picsum.photos/id/109/150/150');
INSERT INTO ARTISTS (artist_id, name, genre, date_joined, total_num_music, total_albums, listeners, bio, country_id, image) VALUES (72, 'Kaan Nisa', 'Folk', '2015-04-21', 138, 1, 7869135, 'A passionate artist creating Folk music.', 9, 'https://picsum.photos/id/108/150/150');
INSERT INTO ARTISTS (artist_id, name, genre, date_joined, total_num_music, total_albums, listeners, bio, country_id, image) VALUES (73, 'Bahar Mert', 'Alternative', '2020-10-04', 46, 9, 953566, 'A passionate artist creating Alternative music.', 9, 'https://picsum.photos/id/156/150/150');
INSERT INTO ARTISTS (artist_id, name, genre, date_joined, total_num_music, total_albums, listeners, bio, country_id, image) VALUES (74, 'Yeliz Okan', 'Blues', '2017-08-26', 116, 7, 8577009, 'A passionate artist creating Blues music.', 4, 'https://picsum.photos/id/172/150/150');
INSERT INTO ARTISTS (artist_id, name, genre, date_joined, total_num_music, total_albums, listeners, bio, country_id, image) VALUES (75, 'Tuba Rüya', 'Blues', '2005-04-12', 197, 9, 6495629, 'A passionate artist creating Blues music.', 16, 'https://picsum.photos/id/194/150/150');
INSERT INTO ARTISTS (artist_id, name, genre, date_joined, total_num_music, total_albums, listeners, bio, country_id, image) VALUES (76, 'Yeliz Sefa', 'Rock', '2020-05-30', 169, 5, 6049097, 'A passionate artist creating Rock music.', 7, 'https://picsum.photos/id/148/150/150');
INSERT INTO ARTISTS (artist_id, name, genre, date_joined, total_num_music, total_albums, listeners, bio, country_id, image) VALUES (77, 'Deniz Irem', 'Jazz', '2020-02-21', 68, 10, 9106818, 'A passionate artist creating Jazz music.', 20, 'https://picsum.photos/id/139/150/150');
INSERT INTO ARTISTS (artist_id, name, genre, date_joined, total_num_music, total_albums, listeners, bio, country_id, image) VALUES (78, 'Zeki Elif', 'Reggae', '2009-01-28', 81, 14, 8593393, 'A passionate artist creating Reggae music.', 19, 'https://picsum.photos/id/192/150/150');
INSERT INTO ARTISTS (artist_id, name, genre, date_joined, total_num_music, total_albums, listeners, bio, country_id, image) VALUES (79, 'Bahar Bahar', 'Jazz', '2011-09-12', 87, 2, 4341151, 'A passionate artist creating Jazz music.', 12, 'https://picsum.photos/id/164/150/150');
INSERT INTO ARTISTS (artist_id, name, genre, date_joined, total_num_music, total_albums, listeners, bio, country_id, image) VALUES (80, 'Volkan Sefa', 'Jazz', '2019-07-29', 177, 5, 6664406, 'A passionate artist creating Jazz music.', 11, 'https://picsum.photos/id/156/150/150');
INSERT INTO ARTISTS (artist_id, name, genre, date_joined, total_num_music, total_albums, listeners, bio, country_id, image) VALUES (81, 'Okan Lale', 'Alternative', '2006-12-06', 52, 10, 3676243, 'A passionate artist creating Alternative music.', 4, 'https://picsum.photos/id/195/150/150');
INSERT INTO ARTISTS (artist_id, name, genre, date_joined, total_num_music, total_albums, listeners, bio, country_id, image) VALUES (82, 'Ömer Volkan', 'R&B', '2012-10-25', 151, 8, 5108793, 'A passionate artist creating R&B music.', 10, 'https://picsum.photos/id/166/150/150');
INSERT INTO ARTISTS (artist_id, name, genre, date_joined, total_num_music, total_albums, listeners, bio, country_id, image) VALUES (83, 'Utku Serkan', 'Electronic', '2006-07-23', 25, 14, 1502354, 'A passionate artist creating Electronic music.', 1, 'https://picsum.photos/id/137/150/150');
INSERT INTO ARTISTS (artist_id, name, genre, date_joined, total_num_music, total_albums, listeners, bio, country_id, image) VALUES (84, 'Zeki Burak', 'Folk', '2011-09-18', 80, 1, 8902946, 'A passionate artist creating Folk music.', 4, 'https://picsum.photos/id/197/150/150');
INSERT INTO ARTISTS (artist_id, name, genre, date_joined, total_num_music, total_albums, listeners, bio, country_id, image) VALUES (85, 'Zeynep Yasin', 'Hip Hop', '2008-11-20', 196, 4, 1714198, 'A passionate artist creating Hip Hop music.', 16, 'https://picsum.photos/id/119/150/150');
INSERT INTO ARTISTS (artist_id, name, genre, date_joined, total_num_music, total_albums, listeners, bio, country_id, image) VALUES (86, 'Eda Deniz', 'Classical', '2013-02-14', 186, 5, 6031730, 'A passionate artist creating Classical music.', 3, 'https://picsum.photos/id/171/150/150');
INSERT INTO ARTISTS (artist_id, name, genre, date_joined, total_num_music, total_albums, listeners, bio, country_id, image) VALUES (87, 'Tugçe Emre', 'Indie', '2014-06-05', 91, 8, 1410848, 'A passionate artist creating Indie music.', 20, 'https://picsum.photos/id/145/150/150');
INSERT INTO ARTISTS (artist_id, name, genre, date_joined, total_num_music, total_albums, listeners, bio, country_id, image) VALUES (88, 'Mert Merve', 'R&B', '2014-06-30', 54, 6, 576292, 'A passionate artist creating R&B music.', 4, 'https://picsum.photos/id/196/150/150');
INSERT INTO ARTISTS (artist_id, name, genre, date_joined, total_num_music, total_albums, listeners, bio, country_id, image) VALUES (89, 'Ayşen Murat', 'Reggae', '2021-02-10', 88, 8, 3922696, 'A passionate artist creating Reggae music.', 15, 'https://picsum.photos/id/182/150/150');
INSERT INTO ARTISTS (artist_id, name, genre, date_joined, total_num_music, total_albums, listeners, bio, country_id, image) VALUES (90, 'Eda Volkan', 'Indie', '2013-03-06', 104, 1, 6704342, 'A passionate artist creating Indie music.', 20, 'https://picsum.photos/id/126/150/150');
INSERT INTO ARTISTS (artist_id, name, genre, date_joined, total_num_music, total_albums, listeners, bio, country_id, image) VALUES (91, 'Serkan Zeynep', 'R&B', '2007-12-28', 100, 12, 8058292, 'A passionate artist creating R&B music.', 17, 'https://picsum.photos/id/175/150/150');
INSERT INTO ARTISTS (artist_id, name, genre, date_joined, total_num_music, total_albums, listeners, bio, country_id, image) VALUES (92, 'Zeki Burak', 'Electronic', '2012-12-31', 50, 10, 458832, 'A passionate artist creating Electronic music.', 16, 'https://picsum.photos/id/197/150/150');
INSERT INTO ARTISTS (artist_id, name, genre, date_joined, total_num_music, total_albums, listeners, bio, country_id, image) VALUES (93, 'Okan Ömer', 'Pop', '2019-08-21', 159, 5, 1084231, 'A passionate artist creating Pop music.', 11, 'https://picsum.photos/id/122/150/150');
INSERT INTO ARTISTS (artist_id, name, genre, date_joined, total_num_music, total_albums, listeners, bio, country_id, image) VALUES (94, 'Zeynep Volkan', 'Pop', '2012-06-14', 88, 12, 5220972, 'A passionate artist creating Pop music.', 1, 'https://picsum.photos/id/163/150/150');
INSERT INTO ARTISTS (artist_id, name, genre, date_joined, total_num_music, total_albums, listeners, bio, country_id, image) VALUES (95, 'Nisa Mert', 'Jazz', '2016-08-13', 19, 6, 8142411, 'A passionate artist creating Jazz music.', 8, 'https://picsum.photos/id/139/150/150');
INSERT INTO ARTISTS (artist_id, name, genre, date_joined, total_num_music, total_albums, listeners, bio, country_id, image) VALUES (96, 'Yasin Nisa', 'Hip Hop', '2010-02-22', 157, 8, 8699368, 'A passionate artist creating Hip Hop music.', 11, 'https://picsum.photos/id/102/150/150');
INSERT INTO ARTISTS (artist_id, name, genre, date_joined, total_num_music, total_albums, listeners, bio, country_id, image) VALUES (97, 'Umut Ayşen', 'R&B', '2009-01-02', 64, 4, 5043251, 'A passionate artist creating R&B music.', 12, 'https://picsum.photos/id/165/150/150');
INSERT INTO ARTISTS (artist_id, name, genre, date_joined, total_num_music, total_albums, listeners, bio, country_id, image) VALUES (98, 'Zeki Elif', 'Dance', '2017-01-23', 150, 1, 5318464, 'A passionate artist creating Dance music.', 10, 'https://picsum.photos/id/162/150/150');
INSERT INTO ARTISTS (artist_id, name, genre, date_joined, total_num_music, total_albums, listeners, bio, country_id, image) VALUES (99, 'Mert Merve', 'Folk', '2010-03-16', 159, 8, 3501192, 'A passionate artist creating Folk music.', 1, 'https://picsum.photos/id/116/150/150');
INSERT INTO ARTISTS (artist_id, name, genre, date_joined, total_num_music, total_albums, listeners, bio, country_id, image) VALUES (100, 'Serkan Okan', 'Dance', '2008-03-02', 197, 10, 8387615, 'A passionate artist creating Dance music.', 7, 'https://picsum.photos/id/112/150/150');

-- ALBUMS Data --
INSERT INTO ALBUMS (album_id, artist_id, name, release_date, genre, music_number, image) VALUES (1, 37, 'Album 3Y1BXMZu', '2011-08-23', 'R&B', 5, 'https://picsum.photos/id/288/200/200');
INSERT INTO ALBUMS (album_id, artist_id, name, release_date, genre, music_number, image) VALUES (2, 42, 'Album JP8ilFH9', '2010-08-01', 'Rock', 19, 'https://picsum.photos/id/228/200/200');
INSERT INTO ALBUMS (album_id, artist_id, name, release_date, genre, music_number, image) VALUES (3, 83, 'Album 3hS8ZM8C', '2013-03-01', 'Indie', 10, 'https://picsum.photos/id/278/200/200');
INSERT INTO ALBUMS (album_id, artist_id, name, release_date, genre, music_number, image) VALUES (4, 64, 'Album KCkTUgo4', '2010-11-12', 'Rock', 19, 'https://picsum.photos/id/272/200/200');
INSERT INTO ALBUMS (album_id, artist_id, name, release_date, genre, music_number, image) VALUES (5, 47, 'Album mJ2GhZGK', '2013-10-29', 'Hip Hop', 10, 'https://picsum.photos/id/231/200/200');
INSERT INTO ALBUMS (album_id, artist_id, name, release_date, genre, music_number, image) VALUES (6, 4, 'Album DYCZrCfR', '2009-03-06', 'Rock', 15, 'https://picsum.photos/id/229/200/200');
INSERT INTO ALBUMS (album_id, artist_id, name, release_date, genre, music_number, image) VALUES (7, 36, 'Album 6Xc7Je8j', '2023-07-20', 'Classical', 15, 'https://picsum.photos/id/236/200/200');
INSERT INTO ALBUMS (album_id, artist_id, name, release_date, genre, music_number, image) VALUES (8, 15, 'Album b6VRK32p', '2018-01-31', 'Hip Hop', 8, 'https://picsum.photos/id/256/200/200');
INSERT INTO ALBUMS (album_id, artist_id, name, release_date, genre, music_number, image) VALUES (9, 59, 'Album 9Uob7pSy', '2013-06-26', 'Alternative', 13, 'https://picsum.photos/id/271/200/200');
INSERT INTO ALBUMS (album_id, artist_id, name, release_date, genre, music_number, image) VALUES (10, 24, 'Album AzIeKIQ6', '2020-03-07', 'Rock', 11, 'https://picsum.photos/id/207/200/200');
INSERT INTO ALBUMS (album_id, artist_id, name, release_date, genre, music_number, image) VALUES (11, 10, 'Album ROFoIDcf', '2008-04-02', 'Jazz', 12, 'https://picsum.photos/id/203/200/200');
INSERT INTO ALBUMS (album_id, artist_id, name, release_date, genre, music_number, image) VALUES (12, 52, 'Album NkR7xyX2', '2010-08-16', 'Rock', 15, 'https://picsum.photos/id/201/200/200');
INSERT INTO ALBUMS (album_id, artist_id, name, release_date, genre, music_number, image) VALUES (13, 13, 'Album sngXB6EI', '2010-05-07', 'Electronic', 16, 'https://picsum.photos/id/223/200/200');
INSERT INTO ALBUMS (album_id, artist_id, name, release_date, genre, music_number, image) VALUES (14, 81, 'Album 4FGS9qX3', '2013-08-31', 'Alternative', 8, 'https://picsum.photos/id/205/200/200');
INSERT INTO ALBUMS (album_id, artist_id, name, release_date, genre, music_number, image) VALUES (15, 10, 'Album dPBOuxH1', '2013-05-05', 'Alternative', 17, 'https://picsum.photos/id/234/200/200');
INSERT INTO ALBUMS (album_id, artist_id, name, release_date, genre, music_number, image) VALUES (16, 75, 'Album nC1dgOMt', '2014-05-16', 'Metal', 8, 'https://picsum.photos/id/299/200/200');
INSERT INTO ALBUMS (album_id, artist_id, name, release_date, genre, music_number, image) VALUES (17, 84, 'Album i7heLklY', '2022-08-15', 'Reggae', 5, 'https://picsum.photos/id/226/200/200');
INSERT INTO ALBUMS (album_id, artist_id, name, release_date, genre, music_number, image) VALUES (18, 41, 'Album YO7aTb8X', '2012-06-24', 'Folk', 7, 'https://picsum.photos/id/254/200/200');
INSERT INTO ALBUMS (album_id, artist_id, name, release_date, genre, music_number, image) VALUES (19, 1, 'Album nkfXcO9I', '2018-05-07', 'Metal', 19, 'https://picsum.photos/id/242/200/200');
INSERT INTO ALBUMS (album_id, artist_id, name, release_date, genre, music_number, image) VALUES (20, 48, 'Album RW3okPtJ', '2010-01-14', 'Folk', 14, 'https://picsum.photos/id/296/200/200');
INSERT INTO ALBUMS (album_id, artist_id, name, release_date, genre, music_number, image) VALUES (21, 75, 'Album MCI2uczI', '2015-10-25', 'Hip Hop', 9, 'https://picsum.photos/id/245/200/200');
INSERT INTO ALBUMS (album_id, artist_id, name, release_date, genre, music_number, image) VALUES (22, 18, 'Album fotpW05I', '2018-06-03', 'Classical', 13, 'https://picsum.photos/id/276/200/200');
INSERT INTO ALBUMS (album_id, artist_id, name, release_date, genre, music_number, image) VALUES (23, 73, 'Album 065LoJvc', '2012-12-04', 'Folk', 16, 'https://picsum.photos/id/286/200/200');
INSERT INTO ALBUMS (album_id, artist_id, name, release_date, genre, music_number, image) VALUES (24, 40, 'Album ewFR4hA0', '2017-06-03', 'Electronic', 11, 'https://picsum.photos/id/253/200/200');
INSERT INTO ALBUMS (album_id, artist_id, name, release_date, genre, music_number, image) VALUES (25, 14, 'Album hq6q4UUg', '2011-11-22', 'Classical', 11, 'https://picsum.photos/id/279/200/200');
INSERT INTO ALBUMS (album_id, artist_id, name, release_date, genre, music_number, image) VALUES (26, 91, 'Album 4F7zFWtO', '2008-10-16', 'Folk', 20, 'https://picsum.photos/id/246/200/200');
INSERT INTO ALBUMS (album_id, artist_id, name, release_date, genre, music_number, image) VALUES (27, 94, 'Album 5RiU7eOt', '2017-02-24', 'Hip Hop', 19, 'https://picsum.photos/id/215/200/200');
INSERT INTO ALBUMS (album_id, artist_id, name, release_date, genre, music_number, image) VALUES (28, 42, 'Album vMyhuPIi', '2023-04-07', 'Rock', 5, 'https://picsum.photos/id/249/200/200');
INSERT INTO ALBUMS (album_id, artist_id, name, release_date, genre, music_number, image) VALUES (29, 65, 'Album lBQKuvhn', '2021-06-19', 'Rock', 19, 'https://picsum.photos/id/300/200/200');
INSERT INTO ALBUMS (album_id, artist_id, name, release_date, genre, music_number, image) VALUES (30, 34, 'Album oSSEuBuV', '2020-03-07', 'Country', 7, 'https://picsum.photos/id/239/200/200');
INSERT INTO ALBUMS (album_id, artist_id, name, release_date, genre, music_number, image) VALUES (31, 10, 'Album E9aESK9b', '2021-07-19', 'Indie', 12, 'https://picsum.photos/id/205/200/200');
INSERT INTO ALBUMS (album_id, artist_id, name, release_date, genre, music_number, image) VALUES (32, 63, 'Album i44Ys13G', '2016-03-05', 'Classical', 13, 'https://picsum.photos/id/275/200/200');
INSERT INTO ALBUMS (album_id, artist_id, name, release_date, genre, music_number, image) VALUES (33, 57, 'Album ILac6Sat', '2014-11-08', 'Electronic', 16, 'https://picsum.photos/id/207/200/200');
INSERT INTO ALBUMS (album_id, artist_id, name, release_date, genre, music_number, image) VALUES (34, 8, 'Album H914m03l', '2022-03-27', 'Dance', 15, 'https://picsum.photos/id/253/200/200');
INSERT INTO ALBUMS (album_id, artist_id, name, release_date, genre, music_number, image) VALUES (35, 2, 'Album 0dyLpzGo', '2022-01-18', 'Metal', 8, 'https://picsum.photos/id/223/200/200');
INSERT INTO ALBUMS (album_id, artist_id, name, release_date, genre, music_number, image) VALUES (36, 64, 'Album 79xj74Ow', '2009-07-18', 'Reggae', 9, 'https://picsum.photos/id/203/200/200');
INSERT INTO ALBUMS (album_id, artist_id, name, release_date, genre, music_number, image) VALUES (37, 6, 'Album mSm8QPoM', '2019-04-26', 'Rock', 20, 'https://picsum.photos/id/202/200/200');
INSERT INTO ALBUMS (album_id, artist_id, name, release_date, genre, music_number, image) VALUES (38, 20, 'Album XJupgHJ7', '2020-06-17', 'Jazz', 10, 'https://picsum.photos/id/219/200/200');
INSERT INTO ALBUMS (album_id, artist_id, name, release_date, genre, music_number, image) VALUES (39, 83, 'Album OH3ybbHF', '2016-05-27', 'Country', 16, 'https://picsum.photos/id/212/200/200');
INSERT INTO ALBUMS (album_id, artist_id, name, release_date, genre, music_number, image) VALUES (40, 58, 'Album 8osHNahN', '2020-03-10', 'Folk', 12, 'https://picsum.photos/id/293/200/200');
INSERT INTO ALBUMS (album_id, artist_id, name, release_date, genre, music_number, image) VALUES (41, 13, 'Album ypDV2Z5w', '2011-07-27', 'Jazz', 15, 'https://picsum.photos/id/267/200/200');
INSERT INTO ALBUMS (album_id, artist_id, name, release_date, genre, music_number, image) VALUES (42, 32, 'Album NCUMTnTJ', '2013-01-28', 'Jazz', 5, 'https://picsum.photos/id/219/200/200');
INSERT INTO ALBUMS (album_id, artist_id, name, release_date, genre, music_number, image) VALUES (43, 31, 'Album EtmjQ0MZ', '2013-11-19', 'Hip Hop', 6, 'https://picsum.photos/id/254/200/200');
INSERT INTO ALBUMS (album_id, artist_id, name, release_date, genre, music_number, image) VALUES (44, 70, 'Album HeSeAzAj', '2018-01-07', 'Reggae', 19, 'https://picsum.photos/id/262/200/200');
INSERT INTO ALBUMS (album_id, artist_id, name, release_date, genre, music_number, image) VALUES (45, 100, 'Album iOXn78V9', '2017-09-10', 'Dance', 6, 'https://picsum.photos/id/297/200/200');
INSERT INTO ALBUMS (album_id, artist_id, name, release_date, genre, music_number, image) VALUES (46, 44, 'Album kP2eoiR1', '2021-10-19', 'Pop', 19, 'https://picsum.photos/id/229/200/200');
INSERT INTO ALBUMS (album_id, artist_id, name, release_date, genre, music_number, image) VALUES (47, 71, 'Album KSTUmzLF', '2008-12-18', 'Hip Hop', 16, 'https://picsum.photos/id/244/200/200');
INSERT INTO ALBUMS (album_id, artist_id, name, release_date, genre, music_number, image) VALUES (48, 57, 'Album rUea3ubZ', '2008-12-03', 'Hip Hop', 12, 'https://picsum.photos/id/208/200/200');
INSERT INTO ALBUMS (album_id, artist_id, name, release_date, genre, music_number, image) VALUES (49, 27, 'Album 0uCWgvkw', '2013-05-25', 'Rock', 19, 'https://picsum.photos/id/233/200/200');
INSERT INTO ALBUMS (album_id, artist_id, name, release_date, genre, music_number, image) VALUES (50, 97, 'Album UcA1jOLv', '2018-05-19', 'Hip Hop', 7, 'https://picsum.photos/id/299/200/200');
INSERT INTO ALBUMS (album_id, artist_id, name, release_date, genre, music_number, image) VALUES (51, 1, 'Album 8dwDgZ03', '2011-04-28', 'Indie', 14, 'https://picsum.photos/id/256/200/200');
INSERT INTO ALBUMS (album_id, artist_id, name, release_date, genre, music_number, image) VALUES (52, 98, 'Album 9soa9W5k', '2024-02-02', 'Electronic', 19, 'https://picsum.photos/id/246/200/200');
INSERT INTO ALBUMS (album_id, artist_id, name, release_date, genre, music_number, image) VALUES (53, 61, 'Album NK4iGiwk', '2012-09-12', 'Indie', 9, 'https://picsum.photos/id/281/200/200');
INSERT INTO ALBUMS (album_id, artist_id, name, release_date, genre, music_number, image) VALUES (54, 61, 'Album OeJFWTd3', '2013-05-10', 'Rock', 17, 'https://picsum.photos/id/234/200/200');
INSERT INTO ALBUMS (album_id, artist_id, name, release_date, genre, music_number, image) VALUES (55, 19, 'Album jy9FAzbi', '2009-10-25', 'Rock', 6, 'https://picsum.photos/id/289/200/200');
INSERT INTO ALBUMS (album_id, artist_id, name, release_date, genre, music_number, image) VALUES (56, 59, 'Album K0IVDwIB', '2014-06-19', 'Classical', 8, 'https://picsum.photos/id/206/200/200');
INSERT INTO ALBUMS (album_id, artist_id, name, release_date, genre, music_number, image) VALUES (57, 55, 'Album mTMYr7bZ', '2019-08-07', 'Hip Hop', 17, 'https://picsum.photos/id/246/200/200');
INSERT INTO ALBUMS (album_id, artist_id, name, release_date, genre, music_number, image) VALUES (58, 15, 'Album raS01LUd', '2013-02-09', 'Classical', 14, 'https://picsum.photos/id/240/200/200');
INSERT INTO ALBUMS (album_id, artist_id, name, release_date, genre, music_number, image) VALUES (59, 46, 'Album SeGe8mN5', '2008-01-16', 'Dance', 10, 'https://picsum.photos/id/287/200/200');
INSERT INTO ALBUMS (album_id, artist_id, name, release_date, genre, music_number, image) VALUES (60, 99, 'Album PVS0Qece', '2016-01-19', 'Country', 12, 'https://picsum.photos/id/276/200/200');
INSERT INTO ALBUMS (album_id, artist_id, name, release_date, genre, music_number, image) VALUES (61, 21, 'Album BnHUOuan', '2009-08-13', 'Folk', 8, 'https://picsum.photos/id/274/200/200');
INSERT INTO ALBUMS (album_id, artist_id, name, release_date, genre, music_number, image) VALUES (62, 17, 'Album bfAxImA5', '2008-09-30', 'Blues', 18, 'https://picsum.photos/id/239/200/200');
INSERT INTO ALBUMS (album_id, artist_id, name, release_date, genre, music_number, image) VALUES (63, 20, 'Album 6gm3i0GO', '2016-03-22', 'Blues', 16, 'https://picsum.photos/id/236/200/200');
INSERT INTO ALBUMS (album_id, artist_id, name, release_date, genre, music_number, image) VALUES (64, 1, 'Album S1jqIKzJ', '2022-03-09', 'Dance', 6, 'https://picsum.photos/id/265/200/200');
INSERT INTO ALBUMS (album_id, artist_id, name, release_date, genre, music_number, image) VALUES (65, 41, 'Album HtKLmUYm', '2020-06-20', 'Reggae', 15, 'https://picsum.photos/id/282/200/200');
INSERT INTO ALBUMS (album_id, artist_id, name, release_date, genre, music_number, image) VALUES (66, 75, 'Album bBT0oE5G', '2017-04-29', 'Hip Hop', 9, 'https://picsum.photos/id/223/200/200');
INSERT INTO ALBUMS (album_id, artist_id, name, release_date, genre, music_number, image) VALUES (67, 50, 'Album oGNudW86', '2011-01-06', 'Metal', 12, 'https://picsum.photos/id/239/200/200');
INSERT INTO ALBUMS (album_id, artist_id, name, release_date, genre, music_number, image) VALUES (68, 8, 'Album yueYveSh', '2015-11-24', 'Alternative', 9, 'https://picsum.photos/id/295/200/200');
INSERT INTO ALBUMS (album_id, artist_id, name, release_date, genre, music_number, image) VALUES (69, 28, 'Album cv1By7UX', '2016-07-31', 'Alternative', 16, 'https://picsum.photos/id/208/200/200');
INSERT INTO ALBUMS (album_id, artist_id, name, release_date, genre, music_number, image) VALUES (70, 58, 'Album 0bi0nDdG', '2019-01-11', 'R&B', 13, 'https://picsum.photos/id/294/200/200');
INSERT INTO ALBUMS (album_id, artist_id, name, release_date, genre, music_number, image) VALUES (71, 82, 'Album ZFMDrqzF', '2022-08-19', 'Metal', 11, 'https://picsum.photos/id/225/200/200');
INSERT INTO ALBUMS (album_id, artist_id, name, release_date, genre, music_number, image) VALUES (72, 37, 'Album V5pMSu3v', '2023-07-25', 'Hip Hop', 7, 'https://picsum.photos/id/212/200/200');
INSERT INTO ALBUMS (album_id, artist_id, name, release_date, genre, music_number, image) VALUES (73, 2, 'Album 46VAnwjm', '2015-04-11', 'Folk', 5, 'https://picsum.photos/id/268/200/200');
INSERT INTO ALBUMS (album_id, artist_id, name, release_date, genre, music_number, image) VALUES (74, 54, 'Album k6RRBhrY', '2012-09-15', 'Hip Hop', 17, 'https://picsum.photos/id/227/200/200');
INSERT INTO ALBUMS (album_id, artist_id, name, release_date, genre, music_number, image) VALUES (75, 22, 'Album ag4BgXeF', '2009-08-20', 'Metal', 8, 'https://picsum.photos/id/232/200/200');
INSERT INTO ALBUMS (album_id, artist_id, name, release_date, genre, music_number, image) VALUES (76, 90, 'Album U73UPQpo', '2012-11-07', 'Folk', 15, 'https://picsum.photos/id/203/200/200');
INSERT INTO ALBUMS (album_id, artist_id, name, release_date, genre, music_number, image) VALUES (77, 96, 'Album Orcwsjw3', '2015-06-04', 'Metal', 18, 'https://picsum.photos/id/252/200/200');
INSERT INTO ALBUMS (album_id, artist_id, name, release_date, genre, music_number, image) VALUES (78, 31, 'Album QDCYjsQ0', '2015-07-09', 'Country', 7, 'https://picsum.photos/id/227/200/200');
INSERT INTO ALBUMS (album_id, artist_id, name, release_date, genre, music_number, image) VALUES (79, 4, 'Album uWGbXDi4', '2008-01-21', 'Country', 11, 'https://picsum.photos/id/213/200/200');
INSERT INTO ALBUMS (album_id, artist_id, name, release_date, genre, music_number, image) VALUES (80, 97, 'Album wM27hCbH', '2021-05-03', 'Dance', 8, 'https://picsum.photos/id/213/200/200');
INSERT INTO ALBUMS (album_id, artist_id, name, release_date, genre, music_number, image) VALUES (81, 100, 'Album M2jMOwRR', '2012-08-08', 'Jazz', 7, 'https://picsum.photos/id/267/200/200');
INSERT INTO ALBUMS (album_id, artist_id, name, release_date, genre, music_number, image) VALUES (82, 96, 'Album hhwjYGdB', '2011-09-12', 'R&B', 14, 'https://picsum.photos/id/269/200/200');
INSERT INTO ALBUMS (album_id, artist_id, name, release_date, genre, music_number, image) VALUES (83, 45, 'Album XvThNW7w', '2012-10-25', 'Classical', 9, 'https://picsum.photos/id/263/200/200');
INSERT INTO ALBUMS (album_id, artist_id, name, release_date, genre, music_number, image) VALUES (84, 64, 'Album bwRFiTna', '2010-12-21', 'Alternative', 12, 'https://picsum.photos/id/292/200/200');
INSERT INTO ALBUMS (album_id, artist_id, name, release_date, genre, music_number, image) VALUES (85, 92, 'Album oax3QetK', '2020-08-25', 'Folk', 13, 'https://picsum.photos/id/221/200/200');
INSERT INTO ALBUMS (album_id, artist_id, name, release_date, genre, music_number, image) VALUES (86, 80, 'Album KX73tv5S', '2014-10-28', 'Dance', 6, 'https://picsum.photos/id/223/200/200');
INSERT INTO ALBUMS (album_id, artist_id, name, release_date, genre, music_number, image) VALUES (87, 11, 'Album mS2GECoi', '2024-02-10', 'Rock', 11, 'https://picsum.photos/id/241/200/200');
INSERT INTO ALBUMS (album_id, artist_id, name, release_date, genre, music_number, image) VALUES (88, 1, 'Album kTKgDEqr', '2008-11-27', 'Rock', 8, 'https://picsum.photos/id/267/200/200');
INSERT INTO ALBUMS (album_id, artist_id, name, release_date, genre, music_number, image) VALUES (89, 75, 'Album ezWn8nDx', '2018-05-30', 'Indie', 10, 'https://picsum.photos/id/276/200/200');
INSERT INTO ALBUMS (album_id, artist_id, name, release_date, genre, music_number, image) VALUES (90, 8, 'Album MpdRJHdA', '2013-12-18', 'Pop', 19, 'https://picsum.photos/id/235/200/200');
INSERT INTO ALBUMS (album_id, artist_id, name, release_date, genre, music_number, image) VALUES (91, 40, 'Album F1mFkwAP', '2024-02-28', 'Pop', 20, 'https://picsum.photos/id/249/200/200');
INSERT INTO ALBUMS (album_id, artist_id, name, release_date, genre, music_number, image) VALUES (92, 100, 'Album cAeNLUWc', '2021-08-22', 'Metal', 19, 'https://picsum.photos/id/262/200/200');
INSERT INTO ALBUMS (album_id, artist_id, name, release_date, genre, music_number, image) VALUES (93, 82, 'Album ZtyOh1b1', '2015-02-03', 'Classical', 20, 'https://picsum.photos/id/275/200/200');
INSERT INTO ALBUMS (album_id, artist_id, name, release_date, genre, music_number, image) VALUES (94, 19, 'Album pCwiVYmX', '2015-09-14', 'Classical', 9, 'https://picsum.photos/id/223/200/200');
INSERT INTO ALBUMS (album_id, artist_id, name, release_date, genre, music_number, image) VALUES (95, 95, 'Album eU7W0n9N', '2020-05-03', 'Indie', 15, 'https://picsum.photos/id/280/200/200');
INSERT INTO ALBUMS (album_id, artist_id, name, release_date, genre, music_number, image) VALUES (96, 91, 'Album jUaESdUy', '2021-06-06', 'Reggae', 17, 'https://picsum.photos/id/201/200/200');
INSERT INTO ALBUMS (album_id, artist_id, name, release_date, genre, music_number, image) VALUES (97, 62, 'Album xkjO3x6h', '2018-01-27', 'Folk', 10, 'https://picsum.photos/id/203/200/200');
INSERT INTO ALBUMS (album_id, artist_id, name, release_date, genre, music_number, image) VALUES (98, 65, 'Album pi6yT8f5', '2018-01-29', 'Jazz', 6, 'https://picsum.photos/id/281/200/200');
INSERT INTO ALBUMS (album_id, artist_id, name, release_date, genre, music_number, image) VALUES (99, 14, 'Album vyQRCkwH', '2018-12-07', 'Rock', 6, 'https://picsum.photos/id/227/200/200');
INSERT INTO ALBUMS (album_id, artist_id, name, release_date, genre, music_number, image) VALUES (100, 2, 'Album HUJIHUOO', '2014-04-21', 'Country', 7, 'https://picsum.photos/id/293/200/200');
INSERT INTO ALBUMS (album_id, artist_id, name, release_date, genre, music_number, image) VALUES (101, 53, 'Album 5xQ2jW0M', '2014-06-26', 'Indie', 16, 'https://picsum.photos/id/282/200/200');
INSERT INTO ALBUMS (album_id, artist_id, name, release_date, genre, music_number, image) VALUES (102, 61, 'Album W3lVVXhN', '2023-01-29', 'Country', 11, 'https://picsum.photos/id/293/200/200');
INSERT INTO ALBUMS (album_id, artist_id, name, release_date, genre, music_number, image) VALUES (103, 76, 'Album BRM0575l', '2009-10-27', 'Indie', 16, 'https://picsum.photos/id/295/200/200');
INSERT INTO ALBUMS (album_id, artist_id, name, release_date, genre, music_number, image) VALUES (104, 40, 'Album nSIwd1NG', '2020-10-11', 'Blues', 9, 'https://picsum.photos/id/282/200/200');
INSERT INTO ALBUMS (album_id, artist_id, name, release_date, genre, music_number, image) VALUES (105, 81, 'Album Pn5ixVhM', '2021-08-05', 'Hip Hop', 14, 'https://picsum.photos/id/261/200/200');
INSERT INTO ALBUMS (album_id, artist_id, name, release_date, genre, music_number, image) VALUES (106, 27, 'Album xUOa9RLn', '2022-12-01', 'Hip Hop', 12, 'https://picsum.photos/id/243/200/200');
INSERT INTO ALBUMS (album_id, artist_id, name, release_date, genre, music_number, image) VALUES (107, 35, 'Album 4JxNFMEf', '2020-12-04', 'Reggae', 19, 'https://picsum.photos/id/232/200/200');
INSERT INTO ALBUMS (album_id, artist_id, name, release_date, genre, music_number, image) VALUES (108, 92, 'Album BjjAOhmH', '2009-11-24', 'Electronic', 9, 'https://picsum.photos/id/290/200/200');
INSERT INTO ALBUMS (album_id, artist_id, name, release_date, genre, music_number, image) VALUES (109, 55, 'Album jjNsjRkk', '2018-03-30', 'Hip Hop', 16, 'https://picsum.photos/id/214/200/200');
INSERT INTO ALBUMS (album_id, artist_id, name, release_date, genre, music_number, image) VALUES (110, 3, 'Album Haj4R2MW', '2020-06-25', 'Indie', 16, 'https://picsum.photos/id/262/200/200');
INSERT INTO ALBUMS (album_id, artist_id, name, release_date, genre, music_number, image) VALUES (111, 39, 'Album 0Ja5g9AG', '2014-03-10', 'Electronic', 16, 'https://picsum.photos/id/266/200/200');
INSERT INTO ALBUMS (album_id, artist_id, name, release_date, genre, music_number, image) VALUES (112, 13, 'Album vYZ3tfj3', '2009-07-13', 'Pop', 12, 'https://picsum.photos/id/236/200/200');
INSERT INTO ALBUMS (album_id, artist_id, name, release_date, genre, music_number, image) VALUES (113, 97, 'Album p6h0uLau', '2024-03-31', 'Pop', 9, 'https://picsum.photos/id/220/200/200');
INSERT INTO ALBUMS (album_id, artist_id, name, release_date, genre, music_number, image) VALUES (114, 88, 'Album A9TlomZv', '2014-10-17', 'Classical', 7, 'https://picsum.photos/id/289/200/200');
INSERT INTO ALBUMS (album_id, artist_id, name, release_date, genre, music_number, image) VALUES (115, 88, 'Album 1xCRnIK3', '2017-09-22', 'Electronic', 10, 'https://picsum.photos/id/245/200/200');
INSERT INTO ALBUMS (album_id, artist_id, name, release_date, genre, music_number, image) VALUES (116, 36, 'Album RYuK66b2', '2021-05-28', 'Electronic', 7, 'https://picsum.photos/id/299/200/200');
INSERT INTO ALBUMS (album_id, artist_id, name, release_date, genre, music_number, image) VALUES (117, 71, 'Album R2bTp3xf', '2018-01-22', 'Dance', 15, 'https://picsum.photos/id/288/200/200');
INSERT INTO ALBUMS (album_id, artist_id, name, release_date, genre, music_number, image) VALUES (118, 65, 'Album vCzOcCaB', '2019-04-15', 'R&B', 6, 'https://picsum.photos/id/241/200/200');
INSERT INTO ALBUMS (album_id, artist_id, name, release_date, genre, music_number, image) VALUES (119, 23, 'Album kKDXDmNj', '2008-04-04', 'Dance', 6, 'https://picsum.photos/id/298/200/200');
INSERT INTO ALBUMS (album_id, artist_id, name, release_date, genre, music_number, image) VALUES (120, 28, 'Album Ik5XNe8v', '2022-05-26', 'Blues', 8, 'https://picsum.photos/id/298/200/200');
INSERT INTO ALBUMS (album_id, artist_id, name, release_date, genre, music_number, image) VALUES (121, 98, 'Album 6QQGga3h', '2020-09-18', 'Hip Hop', 18, 'https://picsum.photos/id/293/200/200');
INSERT INTO ALBUMS (album_id, artist_id, name, release_date, genre, music_number, image) VALUES (122, 83, 'Album 6jMG9vIK', '2015-07-12', 'Blues', 17, 'https://picsum.photos/id/229/200/200');
INSERT INTO ALBUMS (album_id, artist_id, name, release_date, genre, music_number, image) VALUES (123, 40, 'Album YsPf1YQE', '2019-09-06', 'Reggae', 6, 'https://picsum.photos/id/298/200/200');
INSERT INTO ALBUMS (album_id, artist_id, name, release_date, genre, music_number, image) VALUES (124, 1, 'Album CfzJiwAB', '2008-09-13', 'Pop', 15, 'https://picsum.photos/id/223/200/200');
INSERT INTO ALBUMS (album_id, artist_id, name, release_date, genre, music_number, image) VALUES (125, 65, 'Album fGWn1SnT', '2017-08-28', 'R&B', 10, 'https://picsum.photos/id/240/200/200');
INSERT INTO ALBUMS (album_id, artist_id, name, release_date, genre, music_number, image) VALUES (126, 41, 'Album bICYi1Dg', '2013-10-29', 'Reggae', 12, 'https://picsum.photos/id/268/200/200');
INSERT INTO ALBUMS (album_id, artist_id, name, release_date, genre, music_number, image) VALUES (127, 34, 'Album vUcjhozY', '2022-07-04', 'Alternative', 8, 'https://picsum.photos/id/201/200/200');
INSERT INTO ALBUMS (album_id, artist_id, name, release_date, genre, music_number, image) VALUES (128, 67, 'Album XFe2MNPq', '2015-01-27', 'Hip Hop', 18, 'https://picsum.photos/id/239/200/200');
INSERT INTO ALBUMS (album_id, artist_id, name, release_date, genre, music_number, image) VALUES (129, 84, 'Album LnDWRepO', '2018-09-10', 'Country', 11, 'https://picsum.photos/id/217/200/200');
INSERT INTO ALBUMS (album_id, artist_id, name, release_date, genre, music_number, image) VALUES (130, 68, 'Album 1YEEfQif', '2022-12-23', 'Classical', 11, 'https://picsum.photos/id/205/200/200');
INSERT INTO ALBUMS (album_id, artist_id, name, release_date, genre, music_number, image) VALUES (131, 88, 'Album DaqcnhM9', '2019-09-17', 'Pop', 18, 'https://picsum.photos/id/250/200/200');
INSERT INTO ALBUMS (album_id, artist_id, name, release_date, genre, music_number, image) VALUES (132, 41, 'Album 56UZI7Ju', '2010-11-20', 'R&B', 6, 'https://picsum.photos/id/216/200/200');
INSERT INTO ALBUMS (album_id, artist_id, name, release_date, genre, music_number, image) VALUES (133, 96, 'Album ot9rNcWR', '2019-07-21', 'Metal', 7, 'https://picsum.photos/id/285/200/200');
INSERT INTO ALBUMS (album_id, artist_id, name, release_date, genre, music_number, image) VALUES (134, 63, 'Album kYevQJvN', '2008-08-28', 'Alternative', 9, 'https://picsum.photos/id/273/200/200');
INSERT INTO ALBUMS (album_id, artist_id, name, release_date, genre, music_number, image) VALUES (135, 28, 'Album 4Ir7VPSl', '2018-01-13', 'Rock', 10, 'https://picsum.photos/id/240/200/200');
INSERT INTO ALBUMS (album_id, artist_id, name, release_date, genre, music_number, image) VALUES (136, 62, 'Album tMcw1hhC', '2021-01-13', 'Jazz', 5, 'https://picsum.photos/id/264/200/200');
INSERT INTO ALBUMS (album_id, artist_id, name, release_date, genre, music_number, image) VALUES (137, 53, 'Album 4uzRsoSm', '2019-12-30', 'Classical', 17, 'https://picsum.photos/id/244/200/200');
INSERT INTO ALBUMS (album_id, artist_id, name, release_date, genre, music_number, image) VALUES (138, 77, 'Album 395sTr5D', '2023-09-20', 'Indie', 20, 'https://picsum.photos/id/294/200/200');
INSERT INTO ALBUMS (album_id, artist_id, name, release_date, genre, music_number, image) VALUES (139, 10, 'Album hYR3PozZ', '2018-07-29', 'Folk', 16, 'https://picsum.photos/id/209/200/200');
INSERT INTO ALBUMS (album_id, artist_id, name, release_date, genre, music_number, image) VALUES (140, 43, 'Album Ty7PDxH2', '2010-05-23', 'Pop', 7, 'https://picsum.photos/id/296/200/200');
INSERT INTO ALBUMS (album_id, artist_id, name, release_date, genre, music_number, image) VALUES (141, 81, 'Album iBBzxWf5', '2022-08-27', 'Pop', 19, 'https://picsum.photos/id/249/200/200');
INSERT INTO ALBUMS (album_id, artist_id, name, release_date, genre, music_number, image) VALUES (142, 28, 'Album GmO7BvoA', '2020-09-02', 'Classical', 9, 'https://picsum.photos/id/276/200/200');
INSERT INTO ALBUMS (album_id, artist_id, name, release_date, genre, music_number, image) VALUES (143, 100, 'Album EjvX3qEY', '2019-08-10', 'Hip Hop', 13, 'https://picsum.photos/id/238/200/200');
INSERT INTO ALBUMS (album_id, artist_id, name, release_date, genre, music_number, image) VALUES (144, 22, 'Album 8nqpP4W0', '2011-07-18', 'Folk', 7, 'https://picsum.photos/id/297/200/200');
INSERT INTO ALBUMS (album_id, artist_id, name, release_date, genre, music_number, image) VALUES (145, 92, 'Album S5OZ9mqJ', '2016-09-15', 'Dance', 6, 'https://picsum.photos/id/268/200/200');
INSERT INTO ALBUMS (album_id, artist_id, name, release_date, genre, music_number, image) VALUES (146, 68, 'Album gVvZZjtA', '2022-11-30', 'Reggae', 16, 'https://picsum.photos/id/205/200/200');
INSERT INTO ALBUMS (album_id, artist_id, name, release_date, genre, music_number, image) VALUES (147, 98, 'Album 42SiBjrQ', '2023-08-12', 'Alternative', 18, 'https://picsum.photos/id/232/200/200');
INSERT INTO ALBUMS (album_id, artist_id, name, release_date, genre, music_number, image) VALUES (148, 79, 'Album lMxitoK7', '2017-05-09', 'Hip Hop', 13, 'https://picsum.photos/id/229/200/200');
INSERT INTO ALBUMS (album_id, artist_id, name, release_date, genre, music_number, image) VALUES (149, 16, 'Album 1ERYcdxW', '2011-02-17', 'Dance', 7, 'https://picsum.photos/id/247/200/200');
INSERT INTO ALBUMS (album_id, artist_id, name, release_date, genre, music_number, image) VALUES (150, 21, 'Album 1QhlbrkA', '2013-01-12', 'Pop', 16, 'https://picsum.photos/id/241/200/200');
INSERT INTO ALBUMS (album_id, artist_id, name, release_date, genre, music_number, image) VALUES (151, 80, 'Album Ug2WAVKk', '2018-06-11', 'Jazz', 12, 'https://picsum.photos/id/285/200/200');
INSERT INTO ALBUMS (album_id, artist_id, name, release_date, genre, music_number, image) VALUES (152, 41, 'Album xXwGXSVo', '2018-10-24', 'Pop', 18, 'https://picsum.photos/id/250/200/200');
INSERT INTO ALBUMS (album_id, artist_id, name, release_date, genre, music_number, image) VALUES (153, 85, 'Album gf9WDGI3', '2022-01-19', 'Dance', 18, 'https://picsum.photos/id/252/200/200');
INSERT INTO ALBUMS (album_id, artist_id, name, release_date, genre, music_number, image) VALUES (154, 5, 'Album yMxgW1uJ', '2021-09-22', 'Rock', 15, 'https://picsum.photos/id/287/200/200');
INSERT INTO ALBUMS (album_id, artist_id, name, release_date, genre, music_number, image) VALUES (155, 25, 'Album zb4Mc613', '2023-01-24', 'Classical', 12, 'https://picsum.photos/id/227/200/200');
INSERT INTO ALBUMS (album_id, artist_id, name, release_date, genre, music_number, image) VALUES (156, 59, 'Album dabHFBaP', '2022-04-09', 'Folk', 9, 'https://picsum.photos/id/275/200/200');
INSERT INTO ALBUMS (album_id, artist_id, name, release_date, genre, music_number, image) VALUES (157, 75, 'Album efBe36oq', '2018-03-11', 'Reggae', 18, 'https://picsum.photos/id/259/200/200');
INSERT INTO ALBUMS (album_id, artist_id, name, release_date, genre, music_number, image) VALUES (158, 64, 'Album tzJehp3W', '2020-07-12', 'R&B', 17, 'https://picsum.photos/id/300/200/200');
INSERT INTO ALBUMS (album_id, artist_id, name, release_date, genre, music_number, image) VALUES (159, 84, 'Album BJzXdA0n', '2014-07-12', 'R&B', 17, 'https://picsum.photos/id/209/200/200');
INSERT INTO ALBUMS (album_id, artist_id, name, release_date, genre, music_number, image) VALUES (160, 34, 'Album nqCRGegx', '2014-10-19', 'Classical', 11, 'https://picsum.photos/id/282/200/200');
INSERT INTO ALBUMS (album_id, artist_id, name, release_date, genre, music_number, image) VALUES (161, 85, 'Album 0emNRezI', '2015-10-25', 'Rock', 18, 'https://picsum.photos/id/292/200/200');
INSERT INTO ALBUMS (album_id, artist_id, name, release_date, genre, music_number, image) VALUES (162, 33, 'Album XJrUs9bD', '2018-04-02', 'Rock', 18, 'https://picsum.photos/id/291/200/200');
INSERT INTO ALBUMS (album_id, artist_id, name, release_date, genre, music_number, image) VALUES (163, 18, 'Album RlfYudq5', '2008-11-16', 'Classical', 14, 'https://picsum.photos/id/266/200/200');
INSERT INTO ALBUMS (album_id, artist_id, name, release_date, genre, music_number, image) VALUES (164, 29, 'Album ByPjfP3o', '2021-11-24', 'Blues', 20, 'https://picsum.photos/id/266/200/200');
INSERT INTO ALBUMS (album_id, artist_id, name, release_date, genre, music_number, image) VALUES (165, 91, 'Album 6VgRZEcd', '2016-02-03', 'Electronic', 19, 'https://picsum.photos/id/239/200/200');
INSERT INTO ALBUMS (album_id, artist_id, name, release_date, genre, music_number, image) VALUES (166, 98, 'Album TNnaFLXM', '2010-06-08', 'Alternative', 14, 'https://picsum.photos/id/266/200/200');
INSERT INTO ALBUMS (album_id, artist_id, name, release_date, genre, music_number, image) VALUES (167, 2, 'Album WPOYuCqq', '2023-06-17', 'Dance', 13, 'https://picsum.photos/id/265/200/200');
INSERT INTO ALBUMS (album_id, artist_id, name, release_date, genre, music_number, image) VALUES (168, 96, 'Album kE9K4clY', '2015-09-14', 'Dance', 19, 'https://picsum.photos/id/224/200/200');
INSERT INTO ALBUMS (album_id, artist_id, name, release_date, genre, music_number, image) VALUES (169, 58, 'Album xBwahdXy', '2011-05-08', 'Blues', 13, 'https://picsum.photos/id/250/200/200');
INSERT INTO ALBUMS (album_id, artist_id, name, release_date, genre, music_number, image) VALUES (170, 7, 'Album sWtlNJfa', '2024-04-13', 'Country', 6, 'https://picsum.photos/id/286/200/200');
INSERT INTO ALBUMS (album_id, artist_id, name, release_date, genre, music_number, image) VALUES (171, 30, 'Album p67QTyrV', '2008-04-21', 'Electronic', 15, 'https://picsum.photos/id/204/200/200');
INSERT INTO ALBUMS (album_id, artist_id, name, release_date, genre, music_number, image) VALUES (172, 63, 'Album schNxr3U', '2014-11-04', 'Classical', 16, 'https://picsum.photos/id/255/200/200');
INSERT INTO ALBUMS (album_id, artist_id, name, release_date, genre, music_number, image) VALUES (173, 72, 'Album EIRggQwx', '2013-11-08', 'Rock', 6, 'https://picsum.photos/id/210/200/200');
INSERT INTO ALBUMS (album_id, artist_id, name, release_date, genre, music_number, image) VALUES (174, 1, 'Album k9mQCBB7', '2013-01-05', 'Blues', 20, 'https://picsum.photos/id/201/200/200');
INSERT INTO ALBUMS (album_id, artist_id, name, release_date, genre, music_number, image) VALUES (175, 52, 'Album j2irqbhx', '2019-11-18', 'Reggae', 17, 'https://picsum.photos/id/234/200/200');
INSERT INTO ALBUMS (album_id, artist_id, name, release_date, genre, music_number, image) VALUES (176, 44, 'Album 7Wi06MvV', '2014-08-30', 'Rock', 17, 'https://picsum.photos/id/203/200/200');
INSERT INTO ALBUMS (album_id, artist_id, name, release_date, genre, music_number, image) VALUES (177, 3, 'Album kgjxsPmB', '2019-05-28', 'Country', 19, 'https://picsum.photos/id/232/200/200');
INSERT INTO ALBUMS (album_id, artist_id, name, release_date, genre, music_number, image) VALUES (178, 80, 'Album WAOOV8uR', '2016-04-26', 'Jazz', 20, 'https://picsum.photos/id/298/200/200');
INSERT INTO ALBUMS (album_id, artist_id, name, release_date, genre, music_number, image) VALUES (179, 22, 'Album wxDnf91w', '2018-12-05', 'Classical', 19, 'https://picsum.photos/id/262/200/200');
INSERT INTO ALBUMS (album_id, artist_id, name, release_date, genre, music_number, image) VALUES (180, 31, 'Album NxTlkzuK', '2014-06-05', 'Metal', 14, 'https://picsum.photos/id/246/200/200');
INSERT INTO ALBUMS (album_id, artist_id, name, release_date, genre, music_number, image) VALUES (181, 36, 'Album G1vqOCkZ', '2022-07-16', 'Alternative', 15, 'https://picsum.photos/id/220/200/200');
INSERT INTO ALBUMS (album_id, artist_id, name, release_date, genre, music_number, image) VALUES (182, 12, 'Album Zc3a54XJ', '2013-07-07', 'Dance', 17, 'https://picsum.photos/id/281/200/200');
INSERT INTO ALBUMS (album_id, artist_id, name, release_date, genre, music_number, image) VALUES (183, 10, 'Album RjkVSlfZ', '2023-04-13', 'Reggae', 18, 'https://picsum.photos/id/250/200/200');
INSERT INTO ALBUMS (album_id, artist_id, name, release_date, genre, music_number, image) VALUES (184, 32, 'Album tLM0AjjQ', '2018-07-14', 'Blues', 17, 'https://picsum.photos/id/268/200/200');
INSERT INTO ALBUMS (album_id, artist_id, name, release_date, genre, music_number, image) VALUES (185, 32, 'Album h2fXGDUn', '2016-08-15', 'Indie', 8, 'https://picsum.photos/id/243/200/200');
INSERT INTO ALBUMS (album_id, artist_id, name, release_date, genre, music_number, image) VALUES (186, 9, 'Album uuE1Vg5U', '2012-01-18', 'Blues', 8, 'https://picsum.photos/id/295/200/200');
INSERT INTO ALBUMS (album_id, artist_id, name, release_date, genre, music_number, image) VALUES (187, 61, 'Album Eo6WitM9', '2010-10-09', 'Pop', 6, 'https://picsum.photos/id/211/200/200');
INSERT INTO ALBUMS (album_id, artist_id, name, release_date, genre, music_number, image) VALUES (188, 61, 'Album obF0POSN', '2017-10-04', 'Rock', 11, 'https://picsum.photos/id/252/200/200');
INSERT INTO ALBUMS (album_id, artist_id, name, release_date, genre, music_number, image) VALUES (189, 5, 'Album K5CGTmzT', '2021-01-13', 'Rock', 10, 'https://picsum.photos/id/221/200/200');
INSERT INTO ALBUMS (album_id, artist_id, name, release_date, genre, music_number, image) VALUES (190, 36, 'Album b9GrcQYz', '2015-10-15', 'Classical', 13, 'https://picsum.photos/id/229/200/200');
INSERT INTO ALBUMS (album_id, artist_id, name, release_date, genre, music_number, image) VALUES (191, 40, 'Album 7NZubAmz', '2014-02-21', 'Pop', 17, 'https://picsum.photos/id/296/200/200');
INSERT INTO ALBUMS (album_id, artist_id, name, release_date, genre, music_number, image) VALUES (192, 84, 'Album DYE54q5D', '2017-09-10', 'Electronic', 12, 'https://picsum.photos/id/297/200/200');
INSERT INTO ALBUMS (album_id, artist_id, name, release_date, genre, music_number, image) VALUES (193, 63, 'Album FqKodHfn', '2010-11-30', 'Classical', 14, 'https://picsum.photos/id/262/200/200');
INSERT INTO ALBUMS (album_id, artist_id, name, release_date, genre, music_number, image) VALUES (194, 63, 'Album 4BtdNeqQ', '2014-11-19', 'Hip Hop', 16, 'https://picsum.photos/id/258/200/200');
INSERT INTO ALBUMS (album_id, artist_id, name, release_date, genre, music_number, image) VALUES (195, 80, 'Album l6iqGobL', '2013-11-14', 'Pop', 8, 'https://picsum.photos/id/236/200/200');
INSERT INTO ALBUMS (album_id, artist_id, name, release_date, genre, music_number, image) VALUES (196, 93, 'Album v0tehkqK', '2014-08-13', 'Pop', 9, 'https://picsum.photos/id/267/200/200');
INSERT INTO ALBUMS (album_id, artist_id, name, release_date, genre, music_number, image) VALUES (197, 72, 'Album v0IqZneU', '2019-09-26', 'Folk', 13, 'https://picsum.photos/id/286/200/200');
INSERT INTO ALBUMS (album_id, artist_id, name, release_date, genre, music_number, image) VALUES (198, 86, 'Album kL9P5XHa', '2024-04-20', 'Country', 9, 'https://picsum.photos/id/222/200/200');
INSERT INTO ALBUMS (album_id, artist_id, name, release_date, genre, music_number, image) VALUES (199, 75, 'Album BstFhWlv', '2019-11-24', 'Indie', 20, 'https://picsum.photos/id/211/200/200');
INSERT INTO ALBUMS (album_id, artist_id, name, release_date, genre, music_number, image) VALUES (200, 32, 'Album NnjGRaCI', '2016-09-28', 'Country', 9, 'https://picsum.photos/id/241/200/200');

-- SONGS Data --
INSERT INTO SONGS (song_id, album_id, title, duration, genre, release_date, rank, image) VALUES (1, 16, 'Song LvQQ539u1j', 127, 'Folk', '2016-04-25', 164, 'https://picsum.photos/id/248/200/200');
INSERT INTO SONGS (song_id, album_id, title, duration, genre, release_date, rank, image) VALUES (2, 122, 'Song kp8fHEOhJz', 166, 'Rock', '2022-02-26', 299, 'https://picsum.photos/id/202/200/200');
INSERT INTO SONGS (song_id, album_id, title, duration, genre, release_date, rank, image) VALUES (3, 80, 'Song DXciP6So9I', 316, 'Country', '2017-06-14', 431, 'https://picsum.photos/id/236/200/200');
INSERT INTO SONGS (song_id, album_id, title, duration, genre, release_date, rank, image) VALUES (4, 174, 'Song B213v97iEI', 344, 'Dance', '2011-05-31', 999, 'https://picsum.photos/id/214/200/200');
INSERT INTO SONGS (song_id, album_id, title, duration, genre, release_date, rank, image) VALUES (5, 68, 'Song Dn3LYoxnr8', 171, 'Electronic', '2009-05-04', 158, 'https://picsum.photos/id/211/200/200');
INSERT INTO SONGS (song_id, album_id, title, duration, genre, release_date, rank, image) VALUES (6, 48, 'Song Pd0I2iTJCM', 336, 'Metal', '2015-02-06', 185, 'https://picsum.photos/id/213/200/200');
INSERT INTO SONGS (song_id, album_id, title, duration, genre, release_date, rank, image) VALUES (7, 12, 'Song L9o02x0B4r', 165, 'Blues', '2015-02-25', 833, 'https://picsum.photos/id/244/200/200');
INSERT INTO SONGS (song_id, album_id, title, duration, genre, release_date, rank, image) VALUES (8, 149, 'Song po1XdzZtLT', 424, 'Country', '2020-02-01', 118, 'https://picsum.photos/id/257/200/200');
INSERT INTO SONGS (song_id, album_id, title, duration, genre, release_date, rank, image) VALUES (9, 197, 'Song x7NnOYdMDq', 268, 'Hip Hop', '2019-08-15', 18, 'https://picsum.photos/id/214/200/200');
INSERT INTO SONGS (song_id, album_id, title, duration, genre, release_date, rank, image) VALUES (10, 182, 'Song RCYwSz92qz', 122, 'Folk', '2021-04-25', 145, 'https://picsum.photos/id/259/200/200');
INSERT INTO SONGS (song_id, album_id, title, duration, genre, release_date, rank, image) VALUES (11, 117, 'Song riV3VlvMim', 171, 'Classical', '2017-01-28', 249, 'https://picsum.photos/id/206/200/200');
INSERT INTO SONGS (song_id, album_id, title, duration, genre, release_date, rank, image) VALUES (12, 46, 'Song 77mo5lApyu', 318, 'Dance', '2014-05-20', 188, 'https://picsum.photos/id/256/200/200');
INSERT INTO SONGS (song_id, album_id, title, duration, genre, release_date, rank, image) VALUES (13, 47, 'Song xj00K4ACnL', 471, 'Hip Hop', '2019-08-24', 140, 'https://picsum.photos/id/272/200/200');
INSERT INTO SONGS (song_id, album_id, title, duration, genre, release_date, rank, image) VALUES (14, 58, 'Song weCHMGaDsD', 352, 'R&B', '2008-08-20', 957, 'https://picsum.photos/id/272/200/200');
INSERT INTO SONGS (song_id, album_id, title, duration, genre, release_date, rank, image) VALUES (15, 116, 'Song TizmvMJ0KR', 389, 'Jazz', '2013-12-02', 120, 'https://picsum.photos/id/255/200/200');
INSERT INTO SONGS (song_id, album_id, title, duration, genre, release_date, rank, image) VALUES (16, 48, 'Song 2mFxupHQ3q', 228, 'Electronic', '2011-12-15', 587, 'https://picsum.photos/id/289/200/200');
INSERT INTO SONGS (song_id, album_id, title, duration, genre, release_date, rank, image) VALUES (17, 80, 'Song VIWZ7AxCv7', 468, 'Hip Hop', '2018-12-18', 859, 'https://picsum.photos/id/214/200/200');
INSERT INTO SONGS (song_id, album_id, title, duration, genre, release_date, rank, image) VALUES (18, 111, 'Song KtPxLjnHlQ', 193, 'Alternative', '2021-12-11', 55, 'https://picsum.photos/id/247/200/200');
INSERT INTO SONGS (song_id, album_id, title, duration, genre, release_date, rank, image) VALUES (19, 96, 'Song IArXhk2Bbv', 224, 'Folk', '2018-08-22', 798, 'https://picsum.photos/id/241/200/200');
INSERT INTO SONGS (song_id, album_id, title, duration, genre, release_date, rank, image) VALUES (20, 16, 'Song 9aONYeobxl', 297, 'Alternative', '2013-01-30', 848, 'https://picsum.photos/id/281/200/200');
INSERT INTO SONGS (song_id, album_id, title, duration, genre, release_date, rank, image) VALUES (21, 47, 'Song XiOPuoALul', 458, 'Reggae', '2013-01-28', 577, 'https://picsum.photos/id/254/200/200');
INSERT INTO SONGS (song_id, album_id, title, duration, genre, release_date, rank, image) VALUES (22, 16, 'Song 3A4ryCeK4i', 157, 'Blues', '2015-04-06', 810, 'https://picsum.photos/id/299/200/200');
INSERT INTO SONGS (song_id, album_id, title, duration, genre, release_date, rank, image) VALUES (23, 184, 'Song u2Os2UyKBf', 330, 'Dance', '2023-04-07', 262, 'https://picsum.photos/id/241/200/200');
INSERT INTO SONGS (song_id, album_id, title, duration, genre, release_date, rank, image) VALUES (24, 42, 'Song 6kdyY0Teuj', 419, 'Jazz', '2009-08-13', 798, 'https://picsum.photos/id/249/200/200');
INSERT INTO SONGS (song_id, album_id, title, duration, genre, release_date, rank, image) VALUES (25, 47, 'Song rTX1AKwbld', 447, 'Hip Hop', '2016-05-18', 146, 'https://picsum.photos/id/245/200/200');
INSERT INTO SONGS (song_id, album_id, title, duration, genre, release_date, rank, image) VALUES (26, 154, 'Song 48QB2ThqCA', 353, 'Blues', '2012-02-18', 179, 'https://picsum.photos/id/213/200/200');
INSERT INTO SONGS (song_id, album_id, title, duration, genre, release_date, rank, image) VALUES (27, 104, 'Song xcQzL9C0Is', 125, 'Indie', '2019-11-21', 68, 'https://picsum.photos/id/257/200/200');
INSERT INTO SONGS (song_id, album_id, title, duration, genre, release_date, rank, image) VALUES (28, 67, 'Song X20LZvGGji', 425, 'Indie', '2015-11-03', 855, 'https://picsum.photos/id/292/200/200');
INSERT INTO SONGS (song_id, album_id, title, duration, genre, release_date, rank, image) VALUES (29, 43, 'Song 4d5jDdFvM2', 252, 'R&B', '2008-10-08', 385, 'https://picsum.photos/id/250/200/200');
INSERT INTO SONGS (song_id, album_id, title, duration, genre, release_date, rank, image) VALUES (30, 27, 'Song yGZlgBKRUL', 301, 'Metal', '2012-02-02', 238, 'https://picsum.photos/id/283/200/200');
INSERT INTO SONGS (song_id, album_id, title, duration, genre, release_date, rank, image) VALUES (31, 98, 'Song a9c8eHx8X6', 466, 'Electronic', '2014-01-07', 857, 'https://picsum.photos/id/277/200/200');
INSERT INTO SONGS (song_id, album_id, title, duration, genre, release_date, rank, image) VALUES (32, 125, 'Song mfpICWb48s', 317, 'Folk', '2016-04-16', 985, 'https://picsum.photos/id/220/200/200');
INSERT INTO SONGS (song_id, album_id, title, duration, genre, release_date, rank, image) VALUES (33, 194, 'Song OokzVwEmr2', 449, 'R&B', '2023-03-02', 647, 'https://picsum.photos/id/226/200/200');
INSERT INTO SONGS (song_id, album_id, title, duration, genre, release_date, rank, image) VALUES (34, 193, 'Song JiCp7VO6yV', 133, 'Blues', '2018-05-20', 872, 'https://picsum.photos/id/212/200/200');
INSERT INTO SONGS (song_id, album_id, title, duration, genre, release_date, rank, image) VALUES (35, 84, 'Song 0LB3CNSoGg', 292, 'Country', '2009-09-15', 777, 'https://picsum.photos/id/234/200/200');
INSERT INTO SONGS (song_id, album_id, title, duration, genre, release_date, rank, image) VALUES (36, 15, 'Song eGnlbJVctQ', 405, 'Dance', '2013-10-31', 760, 'https://picsum.photos/id/215/200/200');
INSERT INTO SONGS (song_id, album_id, title, duration, genre, release_date, rank, image) VALUES (37, 30, 'Song EaPWWOo6wu', 176, 'Rock', '2013-02-02', 750, 'https://picsum.photos/id/208/200/200');
INSERT INTO SONGS (song_id, album_id, title, duration, genre, release_date, rank, image) VALUES (38, 17, 'Song cWptwfNgf8', 437, 'Blues', '2015-06-05', 437, 'https://picsum.photos/id/218/200/200');
INSERT INTO SONGS (song_id, album_id, title, duration, genre, release_date, rank, image) VALUES (39, 187, 'Song boswZL1PB4', 406, 'Rock', '2017-02-07', 337, 'https://picsum.photos/id/248/200/200');
INSERT INTO SONGS (song_id, album_id, title, duration, genre, release_date, rank, image) VALUES (40, 161, 'Song pC9MYJ0ljB', 142, 'Country', '2023-08-19', 72, 'https://picsum.photos/id/217/200/200');
INSERT INTO SONGS (song_id, album_id, title, duration, genre, release_date, rank, image) VALUES (41, 24, 'Song 4cuPFvlRo1', 467, 'Electronic', '2010-09-18', 765, 'https://picsum.photos/id/215/200/200');
INSERT INTO SONGS (song_id, album_id, title, duration, genre, release_date, rank, image) VALUES (42, 97, 'Song StvLqdS5AZ', 175, 'Country', '2011-03-17', 107, 'https://picsum.photos/id/241/200/200');
INSERT INTO SONGS (song_id, album_id, title, duration, genre, release_date, rank, image) VALUES (43, 10, 'Song ezphdhtLtY', 360, 'Electronic', '2009-02-11', 64, 'https://picsum.photos/id/258/200/200');
INSERT INTO SONGS (song_id, album_id, title, duration, genre, release_date, rank, image) VALUES (44, 111, 'Song X0xudHK3IX', 249, 'Blues', '2013-05-31', 49, 'https://picsum.photos/id/211/200/200');
INSERT INTO SONGS (song_id, album_id, title, duration, genre, release_date, rank, image) VALUES (45, 182, 'Song d7FieChP9Y', 215, 'Reggae', '2016-05-01', 930, 'https://picsum.photos/id/251/200/200');
INSERT INTO SONGS (song_id, album_id, title, duration, genre, release_date, rank, image) VALUES (46, 59, 'Song FSErWbrOAr', 322, 'Rock', '2016-05-22', 310, 'https://picsum.photos/id/249/200/200');
INSERT INTO SONGS (song_id, album_id, title, duration, genre, release_date, rank, image) VALUES (47, 12, 'Song Pigy7pPyuK', 331, 'Dance', '2013-10-07', 902, 'https://picsum.photos/id/235/200/200');
INSERT INTO SONGS (song_id, album_id, title, duration, genre, release_date, rank, image) VALUES (48, 155, 'Song yCbctw2PXF', 463, 'Country', '2014-08-09', 532, 'https://picsum.photos/id/217/200/200');
INSERT INTO SONGS (song_id, album_id, title, duration, genre, release_date, rank, image) VALUES (49, 126, 'Song dRZvA7BQk5', 419, 'Electronic', '2017-09-21', 203, 'https://picsum.photos/id/252/200/200');
INSERT INTO SONGS (song_id, album_id, title, duration, genre, release_date, rank, image) VALUES (50, 45, 'Song TGonnSZaAb', 360, 'Rock', '2023-09-30', 522, 'https://picsum.photos/id/241/200/200');
INSERT INTO SONGS (song_id, album_id, title, duration, genre, release_date, rank, image) VALUES (51, 99, 'Song UIf4PibCCL', 347, 'Rock', '2011-10-20', 562, 'https://picsum.photos/id/226/200/200');
INSERT INTO SONGS (song_id, album_id, title, duration, genre, release_date, rank, image) VALUES (52, 92, 'Song 4W3ia0HVZv', 338, 'Alternative', '2021-10-27', 612, 'https://picsum.photos/id/288/200/200');
INSERT INTO SONGS (song_id, album_id, title, duration, genre, release_date, rank, image) VALUES (53, 139, 'Song tENoReLyc5', 291, 'Country', '2009-12-08', 824, 'https://picsum.photos/id/219/200/200');
INSERT INTO SONGS (song_id, album_id, title, duration, genre, release_date, rank, image) VALUES (54, 18, 'Song 3iqJdPQuzh', 287, 'Blues', '2010-11-05', 863, 'https://picsum.photos/id/211/200/200');
INSERT INTO SONGS (song_id, album_id, title, duration, genre, release_date, rank, image) VALUES (55, 95, 'Song BfMI74D2oi', 280, 'Rock', '2009-01-17', 378, 'https://picsum.photos/id/204/200/200');
INSERT INTO SONGS (song_id, album_id, title, duration, genre, release_date, rank, image) VALUES (56, 64, 'Song 8lHkPuqw5O', 283, 'Alternative', '2015-05-03', 215, 'https://picsum.photos/id/230/200/200');
INSERT INTO SONGS (song_id, album_id, title, duration, genre, release_date, rank, image) VALUES (57, 54, 'Song Y0zLTceMQ5', 215, 'Jazz', '2008-03-01', 176, 'https://picsum.photos/id/282/200/200');
INSERT INTO SONGS (song_id, album_id, title, duration, genre, release_date, rank, image) VALUES (58, 200, 'Song CZ1jhasmVV', 323, 'Hip Hop', '2023-04-12', 734, 'https://picsum.photos/id/284/200/200');
INSERT INTO SONGS (song_id, album_id, title, duration, genre, release_date, rank, image) VALUES (59, 69, 'Song XBFA0jaOkL', 186, 'Indie', '2012-08-19', 347, 'https://picsum.photos/id/232/200/200');
INSERT INTO SONGS (song_id, album_id, title, duration, genre, release_date, rank, image) VALUES (60, 3, 'Song jw9RIyyEaa', 372, 'Blues', '2022-12-13', 449, 'https://picsum.photos/id/265/200/200');
INSERT INTO SONGS (song_id, album_id, title, duration, genre, release_date, rank, image) VALUES (61, 193, 'Song fehyec0XN3', 440, 'Blues', '2013-07-31', 256, 'https://picsum.photos/id/261/200/200');
INSERT INTO SONGS (song_id, album_id, title, duration, genre, release_date, rank, image) VALUES (62, 45, 'Song dcHkuJSaEo', 207, 'Classical', '2022-03-09', 420, 'https://picsum.photos/id/282/200/200');
INSERT INTO SONGS (song_id, album_id, title, duration, genre, release_date, rank, image) VALUES (63, 117, 'Song 7GYfOQYV1L', 326, 'Rock', '2024-04-08', 651, 'https://picsum.photos/id/210/200/200');
INSERT INTO SONGS (song_id, album_id, title, duration, genre, release_date, rank, image) VALUES (64, 150, 'Song qilocDgLUO', 146, 'Alternative', '2017-11-05', 717, 'https://picsum.photos/id/282/200/200');
INSERT INTO SONGS (song_id, album_id, title, duration, genre, release_date, rank, image) VALUES (65, 61, 'Song iiHdg4T4fk', 394, 'Folk', '2018-06-17', 766, 'https://picsum.photos/id/202/200/200');
INSERT INTO SONGS (song_id, album_id, title, duration, genre, release_date, rank, image) VALUES (66, 128, 'Song OcEXwlXgUo', 460, 'Classical', '2010-08-31', 965, 'https://picsum.photos/id/297/200/200');
INSERT INTO SONGS (song_id, album_id, title, duration, genre, release_date, rank, image) VALUES (67, 131, 'Song 7xs5FC2XIP', 128, 'Pop', '2018-12-11', 82, 'https://picsum.photos/id/296/200/200');
INSERT INTO SONGS (song_id, album_id, title, duration, genre, release_date, rank, image) VALUES (68, 188, 'Song h1Xbx62ASv', 204, 'Dance', '2022-12-01', 906, 'https://picsum.photos/id/287/200/200');
INSERT INTO SONGS (song_id, album_id, title, duration, genre, release_date, rank, image) VALUES (69, 27, 'Song Bxw2KQpkwn', 310, 'Classical', '2021-04-19', 160, 'https://picsum.photos/id/260/200/200');
INSERT INTO SONGS (song_id, album_id, title, duration, genre, release_date, rank, image) VALUES (70, 179, 'Song U71p0bsgWJ', 359, 'Metal', '2011-07-05', 803, 'https://picsum.photos/id/233/200/200');
INSERT INTO SONGS (song_id, album_id, title, duration, genre, release_date, rank, image) VALUES (71, 44, 'Song 6hW232emD5', 357, 'Folk', '2013-02-12', 744, 'https://picsum.photos/id/247/200/200');
INSERT INTO SONGS (song_id, album_id, title, duration, genre, release_date, rank, image) VALUES (72, 69, 'Song lwXsH7kGCm', 137, 'Indie', '2020-04-07', 87, 'https://picsum.photos/id/278/200/200');
INSERT INTO SONGS (song_id, album_id, title, duration, genre, release_date, rank, image) VALUES (73, 178, 'Song HcEV1wgu0P', 427, 'Reggae', '2010-12-16', 821, 'https://picsum.photos/id/271/200/200');
INSERT INTO SONGS (song_id, album_id, title, duration, genre, release_date, rank, image) VALUES (74, 73, 'Song tKyqGTmYeI', 193, 'Pop', '2016-11-17', 594, 'https://picsum.photos/id/232/200/200');
INSERT INTO SONGS (song_id, album_id, title, duration, genre, release_date, rank, image) VALUES (75, 136, 'Song kcxKF1yLyD', 277, 'Jazz', '2018-08-07', 865, 'https://picsum.photos/id/283/200/200');
INSERT INTO SONGS (song_id, album_id, title, duration, genre, release_date, rank, image) VALUES (76, 62, 'Song wnonZrcq1c', 298, 'Classical', '2010-07-17', 55, 'https://picsum.photos/id/274/200/200');
INSERT INTO SONGS (song_id, album_id, title, duration, genre, release_date, rank, image) VALUES (77, 186, 'Song HLR4fhM0cC', 192, 'Classical', '2019-04-11', 834, 'https://picsum.photos/id/234/200/200');
INSERT INTO SONGS (song_id, album_id, title, duration, genre, release_date, rank, image) VALUES (78, 194, 'Song ep7ffgIpkZ', 176, 'Metal', '2014-04-23', 548, 'https://picsum.photos/id/253/200/200');
INSERT INTO SONGS (song_id, album_id, title, duration, genre, release_date, rank, image) VALUES (79, 78, 'Song cazxUm7eb8', 447, 'Classical', '2017-03-26', 28, 'https://picsum.photos/id/285/200/200');
INSERT INTO SONGS (song_id, album_id, title, duration, genre, release_date, rank, image) VALUES (80, 179, 'Song cf4JSK6f8U', 148, 'Blues', '2009-11-09', 245, 'https://picsum.photos/id/257/200/200');
INSERT INTO SONGS (song_id, album_id, title, duration, genre, release_date, rank, image) VALUES (81, 67, 'Song KqpVEg8UrN', 391, 'Indie', '2014-08-05', 572, 'https://picsum.photos/id/242/200/200');
INSERT INTO SONGS (song_id, album_id, title, duration, genre, release_date, rank, image) VALUES (82, 76, 'Song z9i5JFdfbc', 366, 'Pop', '2014-03-04', 536, 'https://picsum.photos/id/260/200/200');
INSERT INTO SONGS (song_id, album_id, title, duration, genre, release_date, rank, image) VALUES (83, 166, 'Song YAonCAB9Yn', 411, 'Pop', '2021-06-11', 856, 'https://picsum.photos/id/207/200/200');
INSERT INTO SONGS (song_id, album_id, title, duration, genre, release_date, rank, image) VALUES (84, 160, 'Song xhteT1TLK0', 379, 'Dance', '2013-03-13', 949, 'https://picsum.photos/id/283/200/200');
INSERT INTO SONGS (song_id, album_id, title, duration, genre, release_date, rank, image) VALUES (85, 154, 'Song JTJOnrcjtM', 408, 'Country', '2011-10-30', 776, 'https://picsum.photos/id/293/200/200');
INSERT INTO SONGS (song_id, album_id, title, duration, genre, release_date, rank, image) VALUES (86, 23, 'Song VCwEHCwZ3p', 457, 'Hip Hop', '2011-03-03', 977, 'https://picsum.photos/id/215/200/200');
INSERT INTO SONGS (song_id, album_id, title, duration, genre, release_date, rank, image) VALUES (87, 116, 'Song PaBgDFOdtD', 262, 'Electronic', '2017-06-03', 420, 'https://picsum.photos/id/288/200/200');
INSERT INTO SONGS (song_id, album_id, title, duration, genre, release_date, rank, image) VALUES (88, 8, 'Song bSbAnFaMyy', 311, 'Blues', '2020-12-18', 707, 'https://picsum.photos/id/227/200/200');
INSERT INTO SONGS (song_id, album_id, title, duration, genre, release_date, rank, image) VALUES (89, 154, 'Song qD1XeHt63T', 160, 'Blues', '2010-08-10', 684, 'https://picsum.photos/id/251/200/200');
INSERT INTO SONGS (song_id, album_id, title, duration, genre, release_date, rank, image) VALUES (90, 66, 'Song gdD5WeXN6D', 475, 'Country', '2019-03-09', 894, 'https://picsum.photos/id/266/200/200');
INSERT INTO SONGS (song_id, album_id, title, duration, genre, release_date, rank, image) VALUES (91, 192, 'Song Sj5KwjEOJV', 150, 'Electronic', '2021-12-27', 405, 'https://picsum.photos/id/217/200/200');
INSERT INTO SONGS (song_id, album_id, title, duration, genre, release_date, rank, image) VALUES (92, 54, 'Song OtHZTQhQsp', 276, 'Electronic', '2022-04-09', 396, 'https://picsum.photos/id/297/200/200');
INSERT INTO SONGS (song_id, album_id, title, duration, genre, release_date, rank, image) VALUES (93, 170, 'Song mEToLR6HYQ', 184, 'Indie', '2012-08-24', 954, 'https://picsum.photos/id/285/200/200');
INSERT INTO SONGS (song_id, album_id, title, duration, genre, release_date, rank, image) VALUES (94, 169, 'Song J3cqBmnD4T', 189, 'Blues', '2019-10-26', 743, 'https://picsum.photos/id/280/200/200');
INSERT INTO SONGS (song_id, album_id, title, duration, genre, release_date, rank, image) VALUES (95, 28, 'Song EFCKBLOoJx', 214, 'Rock', '2009-04-12', 77, 'https://picsum.photos/id/260/200/200');
INSERT INTO SONGS (song_id, album_id, title, duration, genre, release_date, rank, image) VALUES (96, 13, 'Song 0WO2lnMpOk', 458, 'Folk', '2023-05-08', 18, 'https://picsum.photos/id/242/200/200');
INSERT INTO SONGS (song_id, album_id, title, duration, genre, release_date, rank, image) VALUES (97, 141, 'Song 0DrwUQPKtj', 219, 'Hip Hop', '2008-04-23', 517, 'https://picsum.photos/id/289/200/200');
INSERT INTO SONGS (song_id, album_id, title, duration, genre, release_date, rank, image) VALUES (98, 104, 'Song JHjas2ZUKu', 375, 'Folk', '2011-12-20', 553, 'https://picsum.photos/id/230/200/200');
INSERT INTO SONGS (song_id, album_id, title, duration, genre, release_date, rank, image) VALUES (99, 153, 'Song 8xsp2iBUR2', 301, 'Classical', '2020-03-08', 951, 'https://picsum.photos/id/275/200/200');
INSERT INTO SONGS (song_id, album_id, title, duration, genre, release_date, rank, image) VALUES (100, 145, 'Song k9NZ0oMSgZ', 451, 'Blues', '2012-07-06', 821, 'https://picsum.photos/id/212/200/200');
INSERT INTO SONGS (song_id, album_id, title, duration, genre, release_date, rank, image) VALUES (101, 97, 'Song vEBiWN0yMG', 200, 'Country', '2017-12-07', 749, 'https://picsum.photos/id/257/200/200');
INSERT INTO SONGS (song_id, album_id, title, duration, genre, release_date, rank, image) VALUES (102, 197, 'Song 1m2OrA3B9P', 150, 'Alternative', '2016-02-02', 978, 'https://picsum.photos/id/228/200/200');
INSERT INTO SONGS (song_id, album_id, title, duration, genre, release_date, rank, image) VALUES (103, 51, 'Song D4TG9q8FD5', 133, 'Reggae', '2013-11-28', 96, 'https://picsum.photos/id/260/200/200');
INSERT INTO SONGS (song_id, album_id, title, duration, genre, release_date, rank, image) VALUES (104, 57, 'Song 7xBgrlTKgl', 171, 'Reggae', '2014-06-01', 746, 'https://picsum.photos/id/290/200/200');
INSERT INTO SONGS (song_id, album_id, title, duration, genre, release_date, rank, image) VALUES (105, 6, 'Song 3e3WQTxGbk', 464, 'Blues', '2016-04-04', 906, 'https://picsum.photos/id/265/200/200');
INSERT INTO SONGS (song_id, album_id, title, duration, genre, release_date, rank, image) VALUES (106, 199, 'Song Oq3ZWUWkuT', 320, 'Indie', '2012-10-01', 688, 'https://picsum.photos/id/223/200/200');
INSERT INTO SONGS (song_id, album_id, title, duration, genre, release_date, rank, image) VALUES (107, 121, 'Song BH8iYBolLQ', 243, 'R&B', '2010-05-26', 2, 'https://picsum.photos/id/202/200/200');
INSERT INTO SONGS (song_id, album_id, title, duration, genre, release_date, rank, image) VALUES (108, 36, 'Song zWCRFu4q05', 271, 'Alternative', '2024-04-13', 5, 'https://picsum.photos/id/270/200/200');
INSERT INTO SONGS (song_id, album_id, title, duration, genre, release_date, rank, image) VALUES (109, 25, 'Song 8VX2mdLBnK', 421, 'Indie', '2024-04-05', 251, 'https://picsum.photos/id/219/200/200');
INSERT INTO SONGS (song_id, album_id, title, duration, genre, release_date, rank, image) VALUES (110, 83, 'Song s5eKiw4r3d', 298, 'Pop', '2010-01-25', 913, 'https://picsum.photos/id/270/200/200');
INSERT INTO SONGS (song_id, album_id, title, duration, genre, release_date, rank, image) VALUES (111, 116, 'Song Fjp2KMcyfK', 169, 'Classical', '2012-12-26', 843, 'https://picsum.photos/id/298/200/200');
INSERT INTO SONGS (song_id, album_id, title, duration, genre, release_date, rank, image) VALUES (112, 93, 'Song ENmlrB6Nw2', 206, 'Folk', '2012-01-06', 848, 'https://picsum.photos/id/211/200/200');
INSERT INTO SONGS (song_id, album_id, title, duration, genre, release_date, rank, image) VALUES (113, 75, 'Song xVM3EItNdD', 245, 'Reggae', '2008-10-18', 811, 'https://picsum.photos/id/208/200/200');
INSERT INTO SONGS (song_id, album_id, title, duration, genre, release_date, rank, image) VALUES (114, 28, 'Song z1spp7lGWv', 149, 'Blues', '2023-03-06', 195, 'https://picsum.photos/id/202/200/200');
INSERT INTO SONGS (song_id, album_id, title, duration, genre, release_date, rank, image) VALUES (115, 25, 'Song uFadMM6fgk', 336, 'Indie', '2019-09-10', 473, 'https://picsum.photos/id/213/200/200');
INSERT INTO SONGS (song_id, album_id, title, duration, genre, release_date, rank, image) VALUES (116, 121, 'Song WH6pZLuMFv', 354, 'Blues', '2012-01-23', 899, 'https://picsum.photos/id/207/200/200');
INSERT INTO SONGS (song_id, album_id, title, duration, genre, release_date, rank, image) VALUES (117, 92, 'Song HMZTnlQxhq', 220, 'Folk', '2022-08-10', 329, 'https://picsum.photos/id/235/200/200');
INSERT INTO SONGS (song_id, album_id, title, duration, genre, release_date, rank, image) VALUES (118, 182, 'Song ehy5cIcoiv', 270, 'Jazz', '2015-08-11', 927, 'https://picsum.photos/id/294/200/200');
INSERT INTO SONGS (song_id, album_id, title, duration, genre, release_date, rank, image) VALUES (119, 6, 'Song CBfq5Dc7Nn', 121, 'Hip Hop', '2015-03-10', 839, 'https://picsum.photos/id/264/200/200');
INSERT INTO SONGS (song_id, album_id, title, duration, genre, release_date, rank, image) VALUES (120, 31, 'Song bvGQh0UYns', 157, 'Pop', '2008-08-03', 900, 'https://picsum.photos/id/286/200/200');
INSERT INTO SONGS (song_id, album_id, title, duration, genre, release_date, rank, image) VALUES (121, 190, 'Song vYaFgTHx7n', 357, 'Rock', '2008-04-19', 704, 'https://picsum.photos/id/205/200/200');
INSERT INTO SONGS (song_id, album_id, title, duration, genre, release_date, rank, image) VALUES (122, 1, 'Song H75JtCLnwU', 184, 'Indie', '2017-09-30', 326, 'https://picsum.photos/id/247/200/200');
INSERT INTO SONGS (song_id, album_id, title, duration, genre, release_date, rank, image) VALUES (123, 153, 'Song hZdHQBAUpQ', 152, 'Reggae', '2012-05-10', 650, 'https://picsum.photos/id/264/200/200');
INSERT INTO SONGS (song_id, album_id, title, duration, genre, release_date, rank, image) VALUES (124, 14, 'Song eeBu0BbjpJ', 211, 'Jazz', '2011-09-30', 230, 'https://picsum.photos/id/247/200/200');
INSERT INTO SONGS (song_id, album_id, title, duration, genre, release_date, rank, image) VALUES (125, 95, 'Song I3FTYXnOgG', 133, 'Metal', '2017-11-12', 203, 'https://picsum.photos/id/206/200/200');
INSERT INTO SONGS (song_id, album_id, title, duration, genre, release_date, rank, image) VALUES (126, 101, 'Song BsIHaQMRP7', 381, 'Indie', '2020-08-07', 238, 'https://picsum.photos/id/295/200/200');
INSERT INTO SONGS (song_id, album_id, title, duration, genre, release_date, rank, image) VALUES (127, 150, 'Song gkn8MD8GOe', 213, 'Rock', '2009-01-08', 354, 'https://picsum.photos/id/237/200/200');
INSERT INTO SONGS (song_id, album_id, title, duration, genre, release_date, rank, image) VALUES (128, 43, 'Song v0Fw51YBF5', 318, 'Country', '2015-06-27', 542, 'https://picsum.photos/id/242/200/200');
INSERT INTO SONGS (song_id, album_id, title, duration, genre, release_date, rank, image) VALUES (129, 58, 'Song KkCxeGvPoh', 475, 'Jazz', '2017-02-16', 116, 'https://picsum.photos/id/282/200/200');
INSERT INTO SONGS (song_id, album_id, title, duration, genre, release_date, rank, image) VALUES (130, 65, 'Song 1UNLBnmmkE', 245, 'Reggae', '2020-03-26', 863, 'https://picsum.photos/id/228/200/200');
INSERT INTO SONGS (song_id, album_id, title, duration, genre, release_date, rank, image) VALUES (131, 12, 'Song duNsXZXbTq', 187, 'Reggae', '2011-07-12', 665, 'https://picsum.photos/id/221/200/200');
INSERT INTO SONGS (song_id, album_id, title, duration, genre, release_date, rank, image) VALUES (132, 12, 'Song HVQso2Oiak', 438, 'Reggae', '2010-02-11', 818, 'https://picsum.photos/id/216/200/200');
INSERT INTO SONGS (song_id, album_id, title, duration, genre, release_date, rank, image) VALUES (133, 43, 'Song kmvpIWiaok', 143, 'Metal', '2012-07-02', 372, 'https://picsum.photos/id/299/200/200');
INSERT INTO SONGS (song_id, album_id, title, duration, genre, release_date, rank, image) VALUES (134, 199, 'Song uArqOdvfKN', 183, 'Hip Hop', '2008-02-05', 638, 'https://picsum.photos/id/279/200/200');
INSERT INTO SONGS (song_id, album_id, title, duration, genre, release_date, rank, image) VALUES (135, 130, 'Song XQ7oGP2ICi', 123, 'Classical', '2022-06-27', 134, 'https://picsum.photos/id/222/200/200');
INSERT INTO SONGS (song_id, album_id, title, duration, genre, release_date, rank, image) VALUES (136, 144, 'Song EzMlfeyGzJ', 138, 'Blues', '2011-03-19', 343, 'https://picsum.photos/id/229/200/200');
INSERT INTO SONGS (song_id, album_id, title, duration, genre, release_date, rank, image) VALUES (137, 140, 'Song E8LOkMCH9L', 453, 'Rock', '2009-01-17', 190, 'https://picsum.photos/id/297/200/200');
INSERT INTO SONGS (song_id, album_id, title, duration, genre, release_date, rank, image) VALUES (138, 35, 'Song TbWqgP6c0w', 432, 'Indie', '2018-10-28', 492, 'https://picsum.photos/id/213/200/200');
INSERT INTO SONGS (song_id, album_id, title, duration, genre, release_date, rank, image) VALUES (139, 147, 'Song hki6D2tcli', 316, 'Dance', '2022-10-20', 789, 'https://picsum.photos/id/223/200/200');
INSERT INTO SONGS (song_id, album_id, title, duration, genre, release_date, rank, image) VALUES (140, 158, 'Song LT3i9NQVTn', 468, 'Metal', '2017-12-19', 758, 'https://picsum.photos/id/296/200/200');
INSERT INTO SONGS (song_id, album_id, title, duration, genre, release_date, rank, image) VALUES (141, 188, 'Song eOOQeQlhhF', 370, 'Indie', '2019-12-25', 485, 'https://picsum.photos/id/258/200/200');
INSERT INTO SONGS (song_id, album_id, title, duration, genre, release_date, rank, image) VALUES (142, 110, 'Song z1mzx4tNc4', 353, 'Country', '2013-08-14', 892, 'https://picsum.photos/id/245/200/200');
INSERT INTO SONGS (song_id, album_id, title, duration, genre, release_date, rank, image) VALUES (143, 93, 'Song YEqSHm2PcH', 397, 'Reggae', '2017-07-26', 990, 'https://picsum.photos/id/276/200/200');
INSERT INTO SONGS (song_id, album_id, title, duration, genre, release_date, rank, image) VALUES (144, 164, 'Song 6K5Tx9JpCT', 246, 'Country', '2012-02-03', 241, 'https://picsum.photos/id/213/200/200');
INSERT INTO SONGS (song_id, album_id, title, duration, genre, release_date, rank, image) VALUES (145, 132, 'Song eVecSWJtKC', 330, 'Hip Hop', '2017-05-16', 910, 'https://picsum.photos/id/242/200/200');
INSERT INTO SONGS (song_id, album_id, title, duration, genre, release_date, rank, image) VALUES (146, 108, 'Song KvAZp0qu0Y', 363, 'Reggae', '2014-12-08', 798, 'https://picsum.photos/id/292/200/200');
INSERT INTO SONGS (song_id, album_id, title, duration, genre, release_date, rank, image) VALUES (147, 99, 'Song VWJ8su1zvz', 354, 'Blues', '2017-10-09', 854, 'https://picsum.photos/id/234/200/200');
INSERT INTO SONGS (song_id, album_id, title, duration, genre, release_date, rank, image) VALUES (148, 13, 'Song c4oKzmfGOL', 475, 'Electronic', '2011-11-18', 550, 'https://picsum.photos/id/289/200/200');
INSERT INTO SONGS (song_id, album_id, title, duration, genre, release_date, rank, image) VALUES (149, 176, 'Song pnAJ5wf3AZ', 233, 'Dance', '2014-05-05', 650, 'https://picsum.photos/id/232/200/200');
INSERT INTO SONGS (song_id, album_id, title, duration, genre, release_date, rank, image) VALUES (150, 20, 'Song 1KMwqaBGKD', 171, 'Folk', '2016-09-01', 18, 'https://picsum.photos/id/213/200/200');
INSERT INTO SONGS (song_id, album_id, title, duration, genre, release_date, rank, image) VALUES (151, 32, 'Song 3roVuahhGx', 289, 'Rock', '2012-07-20', 438, 'https://picsum.photos/id/279/200/200');
INSERT INTO SONGS (song_id, album_id, title, duration, genre, release_date, rank, image) VALUES (152, 135, 'Song Ct6ac9jkCZ', 205, 'Rock', '2016-04-03', 405, 'https://picsum.photos/id/280/200/200');
INSERT INTO SONGS (song_id, album_id, title, duration, genre, release_date, rank, image) VALUES (153, 35, 'Song O7eSGYXNlS', 204, 'Classical', '2009-04-29', 859, 'https://picsum.photos/id/220/200/200');
INSERT INTO SONGS (song_id, album_id, title, duration, genre, release_date, rank, image) VALUES (154, 33, 'Song ALVNG5YQvu', 359, 'Indie', '2019-02-17', 529, 'https://picsum.photos/id/282/200/200');
INSERT INTO SONGS (song_id, album_id, title, duration, genre, release_date, rank, image) VALUES (155, 151, 'Song MxA9QPm2vx', 165, 'Metal', '2008-09-26', 333, 'https://picsum.photos/id/224/200/200');
INSERT INTO SONGS (song_id, album_id, title, duration, genre, release_date, rank, image) VALUES (156, 2, 'Song U1JNkCupQm', 321, 'Country', '2009-11-09', 661, 'https://picsum.photos/id/279/200/200');
INSERT INTO SONGS (song_id, album_id, title, duration, genre, release_date, rank, image) VALUES (157, 174, 'Song 5Hb3PR3qhj', 258, 'Country', '2016-11-17', 407, 'https://picsum.photos/id/272/200/200');
INSERT INTO SONGS (song_id, album_id, title, duration, genre, release_date, rank, image) VALUES (158, 195, 'Song ZAL0bWmkwh', 198, 'Electronic', '2019-12-20', 352, 'https://picsum.photos/id/256/200/200');
INSERT INTO SONGS (song_id, album_id, title, duration, genre, release_date, rank, image) VALUES (159, 98, 'Song DkgDWKeTrG', 188, 'Rock', '2012-06-04', 198, 'https://picsum.photos/id/237/200/200');
INSERT INTO SONGS (song_id, album_id, title, duration, genre, release_date, rank, image) VALUES (160, 83, 'Song CXeBSIzsrO', 331, 'Metal', '2008-11-02', 114, 'https://picsum.photos/id/206/200/200');
INSERT INTO SONGS (song_id, album_id, title, duration, genre, release_date, rank, image) VALUES (161, 180, 'Song yr24Y5QafD', 423, 'Dance', '2021-08-06', 101, 'https://picsum.photos/id/236/200/200');
INSERT INTO SONGS (song_id, album_id, title, duration, genre, release_date, rank, image) VALUES (162, 127, 'Song HjNJc9eYo8', 221, 'Folk', '2017-10-30', 179, 'https://picsum.photos/id/243/200/200');
INSERT INTO SONGS (song_id, album_id, title, duration, genre, release_date, rank, image) VALUES (163, 179, 'Song fUf7ttgSH4', 375, 'Jazz', '2015-06-30', 307, 'https://picsum.photos/id/270/200/200');
INSERT INTO SONGS (song_id, album_id, title, duration, genre, release_date, rank, image) VALUES (164, 83, 'Song 3FhJtrNRCU', 151, 'Classical', '2023-09-10', 138, 'https://picsum.photos/id/283/200/200');
INSERT INTO SONGS (song_id, album_id, title, duration, genre, release_date, rank, image) VALUES (165, 188, 'Song am65th8mjb', 291, 'Alternative', '2015-05-21', 43, 'https://picsum.photos/id/289/200/200');
INSERT INTO SONGS (song_id, album_id, title, duration, genre, release_date, rank, image) VALUES (166, 77, 'Song 4buWIQBtXL', 463, 'Electronic', '2017-04-18', 792, 'https://picsum.photos/id/269/200/200');
INSERT INTO SONGS (song_id, album_id, title, duration, genre, release_date, rank, image) VALUES (167, 162, 'Song xsOC6Zzmly', 130, 'Pop', '2013-02-17', 327, 'https://picsum.photos/id/227/200/200');
INSERT INTO SONGS (song_id, album_id, title, duration, genre, release_date, rank, image) VALUES (168, 154, 'Song fkdkQjuLzu', 364, 'Hip Hop', '2023-10-03', 440, 'https://picsum.photos/id/212/200/200');
INSERT INTO SONGS (song_id, album_id, title, duration, genre, release_date, rank, image) VALUES (169, 184, 'Song L4GQqrcZWo', 197, 'Jazz', '2018-02-05', 255, 'https://picsum.photos/id/201/200/200');
INSERT INTO SONGS (song_id, album_id, title, duration, genre, release_date, rank, image) VALUES (170, 45, 'Song GAsipTHlOI', 212, 'Rock', '2008-07-10', 989, 'https://picsum.photos/id/247/200/200');
INSERT INTO SONGS (song_id, album_id, title, duration, genre, release_date, rank, image) VALUES (171, 30, 'Song XJXItK1q0e', 281, 'Jazz', '2020-01-14', 646, 'https://picsum.photos/id/291/200/200');
INSERT INTO SONGS (song_id, album_id, title, duration, genre, release_date, rank, image) VALUES (172, 67, 'Song HIJrTRTEA5', 417, 'Indie', '2018-08-27', 279, 'https://picsum.photos/id/212/200/200');
INSERT INTO SONGS (song_id, album_id, title, duration, genre, release_date, rank, image) VALUES (173, 138, 'Song XibJBtxRmC', 315, 'Folk', '2018-02-13', 744, 'https://picsum.photos/id/262/200/200');
INSERT INTO SONGS (song_id, album_id, title, duration, genre, release_date, rank, image) VALUES (174, 117, 'Song XR9iJQHDZd', 405, 'Pop', '2013-06-24', 11, 'https://picsum.photos/id/228/200/200');
INSERT INTO SONGS (song_id, album_id, title, duration, genre, release_date, rank, image) VALUES (175, 54, 'Song Xd6FWSjR4V', 278, 'Metal', '2008-07-28', 42, 'https://picsum.photos/id/221/200/200');
INSERT INTO SONGS (song_id, album_id, title, duration, genre, release_date, rank, image) VALUES (176, 181, 'Song uDwEFUkeTS', 268, 'Folk', '2018-12-08', 494, 'https://picsum.photos/id/204/200/200');
INSERT INTO SONGS (song_id, album_id, title, duration, genre, release_date, rank, image) VALUES (177, 169, 'Song SNo36yN1px', 193, 'Metal', '2020-05-02', 881, 'https://picsum.photos/id/285/200/200');
INSERT INTO SONGS (song_id, album_id, title, duration, genre, release_date, rank, image) VALUES (178, 68, 'Song n4EXtVWqsE', 261, 'Indie', '2017-09-01', 176, 'https://picsum.photos/id/212/200/200');
INSERT INTO SONGS (song_id, album_id, title, duration, genre, release_date, rank, image) VALUES (179, 170, 'Song Hor1yystea', 340, 'Indie', '2022-12-26', 695, 'https://picsum.photos/id/237/200/200');
INSERT INTO SONGS (song_id, album_id, title, duration, genre, release_date, rank, image) VALUES (180, 27, 'Song Uy3I1Bhuqj', 379, 'Jazz', '2019-09-01', 635, 'https://picsum.photos/id/215/200/200');
INSERT INTO SONGS (song_id, album_id, title, duration, genre, release_date, rank, image) VALUES (181, 149, 'Song yweyRpP1rb', 363, 'Dance', '2010-11-03', 22, 'https://picsum.photos/id/247/200/200');
INSERT INTO SONGS (song_id, album_id, title, duration, genre, release_date, rank, image) VALUES (182, 133, 'Song Ay89R5mu7U', 129, 'Folk', '2017-09-07', 613, 'https://picsum.photos/id/281/200/200');
INSERT INTO SONGS (song_id, album_id, title, duration, genre, release_date, rank, image) VALUES (183, 86, 'Song f4nnwBMWZ8', 316, 'Metal', '2023-08-11', 283, 'https://picsum.photos/id/267/200/200');
INSERT INTO SONGS (song_id, album_id, title, duration, genre, release_date, rank, image) VALUES (184, 134, 'Song GwkH8nBWzB', 369, 'Reggae', '2013-05-14', 788, 'https://picsum.photos/id/224/200/200');
INSERT INTO SONGS (song_id, album_id, title, duration, genre, release_date, rank, image) VALUES (185, 105, 'Song aqyetejrWe', 165, 'Rock', '2013-08-15', 336, 'https://picsum.photos/id/205/200/200');
INSERT INTO SONGS (song_id, album_id, title, duration, genre, release_date, rank, image) VALUES (186, 166, 'Song uPkjD1J0Ha', 178, 'R&B', '2021-11-25', 505, 'https://picsum.photos/id/298/200/200');
INSERT INTO SONGS (song_id, album_id, title, duration, genre, release_date, rank, image) VALUES (187, 198, 'Song EWPeGdDdHo', 192, 'Reggae', '2009-01-20', 513, 'https://picsum.photos/id/214/200/200');
INSERT INTO SONGS (song_id, album_id, title, duration, genre, release_date, rank, image) VALUES (188, 10, 'Song 2YOpuuGu91', 125, 'Blues', '2020-06-10', 726, 'https://picsum.photos/id/285/200/200');
INSERT INTO SONGS (song_id, album_id, title, duration, genre, release_date, rank, image) VALUES (189, 16, 'Song tFtzHUjzIk', 207, 'Metal', '2013-08-06', 784, 'https://picsum.photos/id/242/200/200');
INSERT INTO SONGS (song_id, album_id, title, duration, genre, release_date, rank, image) VALUES (190, 59, 'Song LM4wraPVM4', 152, 'Rock', '2021-04-22', 8, 'https://picsum.photos/id/247/200/200');
INSERT INTO SONGS (song_id, album_id, title, duration, genre, release_date, rank, image) VALUES (191, 59, 'Song 9esyjsh0uf', 419, 'Hip Hop', '2009-09-08', 15, 'https://picsum.photos/id/243/200/200');
INSERT INTO SONGS (song_id, album_id, title, duration, genre, release_date, rank, image) VALUES (192, 42, 'Song B5ZhM6RP6p', 334, 'Folk', '2013-09-19', 792, 'https://picsum.photos/id/209/200/200');
INSERT INTO SONGS (song_id, album_id, title, duration, genre, release_date, rank, image) VALUES (193, 47, 'Song qavXLwfqRd', 233, 'Country', '2016-04-29', 72, 'https://picsum.photos/id/234/200/200');
INSERT INTO SONGS (song_id, album_id, title, duration, genre, release_date, rank, image) VALUES (194, 58, 'Song es50EVVV1n', 292, 'Alternative', '2015-09-10', 107, 'https://picsum.photos/id/247/200/200');
INSERT INTO SONGS (song_id, album_id, title, duration, genre, release_date, rank, image) VALUES (195, 105, 'Song hfF1NGxnf3', 253, 'Hip Hop', '2008-02-15', 335, 'https://picsum.photos/id/252/200/200');
INSERT INTO SONGS (song_id, album_id, title, duration, genre, release_date, rank, image) VALUES (196, 106, 'Song IirskdhGM1', 138, 'Dance', '2022-01-14', 388, 'https://picsum.photos/id/273/200/200');
INSERT INTO SONGS (song_id, album_id, title, duration, genre, release_date, rank, image) VALUES (197, 156, 'Song hUtnhQhymK', 184, 'Indie', '2015-01-29', 30, 'https://picsum.photos/id/223/200/200');
INSERT INTO SONGS (song_id, album_id, title, duration, genre, release_date, rank, image) VALUES (198, 126, 'Song RSSpfwA3m2', 470, 'Reggae', '2011-11-23', 129, 'https://picsum.photos/id/226/200/200');
INSERT INTO SONGS (song_id, album_id, title, duration, genre, release_date, rank, image) VALUES (199, 26, 'Song U8wYqRaVOB', 232, 'Electronic', '2018-04-09', 212, 'https://picsum.photos/id/253/200/200');
INSERT INTO SONGS (song_id, album_id, title, duration, genre, release_date, rank, image) VALUES (200, 147, 'Song l5ZWih3nGH', 427, 'Pop', '2009-11-28', 939, 'https://picsum.photos/id/293/200/200');
INSERT INTO SONGS (song_id, album_id, title, duration, genre, release_date, rank, image) VALUES (201, 48, 'Song 8CtxJ52hNe', 214, 'Metal', '2015-10-12', 762, 'https://picsum.photos/id/298/200/200');
INSERT INTO SONGS (song_id, album_id, title, duration, genre, release_date, rank, image) VALUES (202, 115, 'Song xmh8sIn4oU', 371, 'Jazz', '2012-12-21', 585, 'https://picsum.photos/id/292/200/200');
INSERT INTO SONGS (song_id, album_id, title, duration, genre, release_date, rank, image) VALUES (203, 96, 'Song hOubM50LaO', 393, 'Jazz', '2010-05-20', 444, 'https://picsum.photos/id/288/200/200');
INSERT INTO SONGS (song_id, album_id, title, duration, genre, release_date, rank, image) VALUES (204, 14, 'Song xLc9Bo0fmK', 348, 'Reggae', '2013-11-21', 846, 'https://picsum.photos/id/272/200/200');
INSERT INTO SONGS (song_id, album_id, title, duration, genre, release_date, rank, image) VALUES (205, 194, 'Song Lg2bqNAhmf', 222, 'Alternative', '2024-01-16', 839, 'https://picsum.photos/id/261/200/200');
INSERT INTO SONGS (song_id, album_id, title, duration, genre, release_date, rank, image) VALUES (206, 174, 'Song VWaRJHKFPs', 224, 'Blues', '2008-06-11', 770, 'https://picsum.photos/id/283/200/200');
INSERT INTO SONGS (song_id, album_id, title, duration, genre, release_date, rank, image) VALUES (207, 44, 'Song BqP61AdtlT', 303, 'Rock', '2009-05-23', 451, 'https://picsum.photos/id/226/200/200');
INSERT INTO SONGS (song_id, album_id, title, duration, genre, release_date, rank, image) VALUES (208, 172, 'Song KTVXF7Awi4', 253, 'Reggae', '2012-02-20', 24, 'https://picsum.photos/id/203/200/200');
INSERT INTO SONGS (song_id, album_id, title, duration, genre, release_date, rank, image) VALUES (209, 17, 'Song zKuCkGDaNt', 182, 'Folk', '2008-04-09', 677, 'https://picsum.photos/id/296/200/200');
INSERT INTO SONGS (song_id, album_id, title, duration, genre, release_date, rank, image) VALUES (210, 88, 'Song GDzeXhvfgB', 234, 'Reggae', '2015-04-25', 668, 'https://picsum.photos/id/260/200/200');
INSERT INTO SONGS (song_id, album_id, title, duration, genre, release_date, rank, image) VALUES (211, 183, 'Song FJppDF5EmI', 373, 'Metal', '2012-12-01', 671, 'https://picsum.photos/id/212/200/200');
INSERT INTO SONGS (song_id, album_id, title, duration, genre, release_date, rank, image) VALUES (212, 117, 'Song M9UQT5VVzz', 227, 'Alternative', '2022-08-05', 814, 'https://picsum.photos/id/277/200/200');
INSERT INTO SONGS (song_id, album_id, title, duration, genre, release_date, rank, image) VALUES (213, 40, 'Song gdrS5Xhya1', 124, 'Hip Hop', '2015-02-27', 947, 'https://picsum.photos/id/262/200/200');
INSERT INTO SONGS (song_id, album_id, title, duration, genre, release_date, rank, image) VALUES (214, 187, 'Song GuQZ1NpTeL', 366, 'Blues', '2010-06-11', 870, 'https://picsum.photos/id/294/200/200');
INSERT INTO SONGS (song_id, album_id, title, duration, genre, release_date, rank, image) VALUES (215, 70, 'Song SGQTeU9Gjy', 161, 'Indie', '2019-01-30', 17, 'https://picsum.photos/id/244/200/200');
INSERT INTO SONGS (song_id, album_id, title, duration, genre, release_date, rank, image) VALUES (216, 79, 'Song ItjoLfNHe8', 171, 'Alternative', '2015-11-15', 164, 'https://picsum.photos/id/217/200/200');
INSERT INTO SONGS (song_id, album_id, title, duration, genre, release_date, rank, image) VALUES (217, 82, 'Song c5M64U00cW', 150, 'Indie', '2022-07-25', 455, 'https://picsum.photos/id/239/200/200');
INSERT INTO SONGS (song_id, album_id, title, duration, genre, release_date, rank, image) VALUES (218, 31, 'Song BKQDJfiGqW', 469, 'Indie', '2020-11-09', 637, 'https://picsum.photos/id/248/200/200');
INSERT INTO SONGS (song_id, album_id, title, duration, genre, release_date, rank, image) VALUES (219, 136, 'Song OSZYbKhuDj', 198, 'Reggae', '2022-07-01', 933, 'https://picsum.photos/id/217/200/200');
INSERT INTO SONGS (song_id, album_id, title, duration, genre, release_date, rank, image) VALUES (220, 26, 'Song GHFFZjvwem', 290, 'Jazz', '2016-01-07', 568, 'https://picsum.photos/id/215/200/200');
INSERT INTO SONGS (song_id, album_id, title, duration, genre, release_date, rank, image) VALUES (221, 128, 'Song vpZIUwFngn', 480, 'Indie', '2014-01-01', 930, 'https://picsum.photos/id/219/200/200');
INSERT INTO SONGS (song_id, album_id, title, duration, genre, release_date, rank, image) VALUES (222, 14, 'Song 5QF7Ir2KXp', 452, 'Metal', '2012-11-07', 559, 'https://picsum.photos/id/249/200/200');
INSERT INTO SONGS (song_id, album_id, title, duration, genre, release_date, rank, image) VALUES (223, 3, 'Song VyFO6REezI', 381, 'Metal', '2015-03-27', 57, 'https://picsum.photos/id/214/200/200');
INSERT INTO SONGS (song_id, album_id, title, duration, genre, release_date, rank, image) VALUES (224, 87, 'Song Wgm6FgQs8t', 167, 'Metal', '2011-07-23', 646, 'https://picsum.photos/id/228/200/200');
INSERT INTO SONGS (song_id, album_id, title, duration, genre, release_date, rank, image) VALUES (225, 135, 'Song c0SD4uIp6m', 406, 'R&B', '2017-10-11', 443, 'https://picsum.photos/id/243/200/200');
INSERT INTO SONGS (song_id, album_id, title, duration, genre, release_date, rank, image) VALUES (226, 80, 'Song q0T79wkQZ1', 185, 'Blues', '2014-04-07', 223, 'https://picsum.photos/id/260/200/200');
INSERT INTO SONGS (song_id, album_id, title, duration, genre, release_date, rank, image) VALUES (227, 81, 'Song oMZq4BX2Gr', 386, 'Dance', '2023-01-15', 594, 'https://picsum.photos/id/249/200/200');
INSERT INTO SONGS (song_id, album_id, title, duration, genre, release_date, rank, image) VALUES (228, 11, 'Song 1AfdXbfBJM', 364, 'Blues', '2012-08-27', 984, 'https://picsum.photos/id/230/200/200');
INSERT INTO SONGS (song_id, album_id, title, duration, genre, release_date, rank, image) VALUES (229, 84, 'Song 4KFG2TPRx1', 249, 'Jazz', '2011-08-03', 131, 'https://picsum.photos/id/228/200/200');
INSERT INTO SONGS (song_id, album_id, title, duration, genre, release_date, rank, image) VALUES (230, 98, 'Song zngxFap5lF', 417, 'Blues', '2011-04-09', 821, 'https://picsum.photos/id/272/200/200');
INSERT INTO SONGS (song_id, album_id, title, duration, genre, release_date, rank, image) VALUES (231, 78, 'Song kTl68Tw1UF', 478, 'Metal', '2008-12-03', 106, 'https://picsum.photos/id/291/200/200');
INSERT INTO SONGS (song_id, album_id, title, duration, genre, release_date, rank, image) VALUES (232, 127, 'Song 47V6xKaSgJ', 130, 'Alternative', '2017-01-10', 608, 'https://picsum.photos/id/212/200/200');
INSERT INTO SONGS (song_id, album_id, title, duration, genre, release_date, rank, image) VALUES (233, 76, 'Song jTNZ7gYkza', 285, 'Country', '2017-06-23', 266, 'https://picsum.photos/id/285/200/200');
INSERT INTO SONGS (song_id, album_id, title, duration, genre, release_date, rank, image) VALUES (234, 131, 'Song bS6YI5Japc', 218, 'Hip Hop', '2024-04-11', 200, 'https://picsum.photos/id/205/200/200');
INSERT INTO SONGS (song_id, album_id, title, duration, genre, release_date, rank, image) VALUES (235, 152, 'Song Chv6f8P3Fz', 457, 'Alternative', '2023-02-05', 578, 'https://picsum.photos/id/210/200/200');
INSERT INTO SONGS (song_id, album_id, title, duration, genre, release_date, rank, image) VALUES (236, 40, 'Song c3merpqlB9', 311, 'Folk', '2010-07-24', 872, 'https://picsum.photos/id/282/200/200');
INSERT INTO SONGS (song_id, album_id, title, duration, genre, release_date, rank, image) VALUES (237, 102, 'Song eWw8TZgDK5', 471, 'Rock', '2017-01-06', 240, 'https://picsum.photos/id/277/200/200');
INSERT INTO SONGS (song_id, album_id, title, duration, genre, release_date, rank, image) VALUES (238, 121, 'Song 01ynyVc3pX', 473, 'Hip Hop', '2020-10-22', 254, 'https://picsum.photos/id/246/200/200');
INSERT INTO SONGS (song_id, album_id, title, duration, genre, release_date, rank, image) VALUES (239, 178, 'Song x7fOypWwHT', 257, 'R&B', '2020-04-03', 578, 'https://picsum.photos/id/295/200/200');
INSERT INTO SONGS (song_id, album_id, title, duration, genre, release_date, rank, image) VALUES (240, 143, 'Song OUME0PVb6M', 322, 'Classical', '2014-06-20', 203, 'https://picsum.photos/id/291/200/200');
INSERT INTO SONGS (song_id, album_id, title, duration, genre, release_date, rank, image) VALUES (241, 127, 'Song OB7E12p9nf', 393, 'Country', '2024-04-21', 870, 'https://picsum.photos/id/243/200/200');
INSERT INTO SONGS (song_id, album_id, title, duration, genre, release_date, rank, image) VALUES (242, 135, 'Song hOxRZBGy0m', 325, 'Rock', '2008-08-12', 190, 'https://picsum.photos/id/285/200/200');
INSERT INTO SONGS (song_id, album_id, title, duration, genre, release_date, rank, image) VALUES (243, 104, 'Song kFKAVi0FO5', 348, 'Indie', '2017-01-29', 939, 'https://picsum.photos/id/226/200/200');
INSERT INTO SONGS (song_id, album_id, title, duration, genre, release_date, rank, image) VALUES (244, 181, 'Song WzvbB079pr', 135, 'Indie', '2012-11-14', 578, 'https://picsum.photos/id/249/200/200');
INSERT INTO SONGS (song_id, album_id, title, duration, genre, release_date, rank, image) VALUES (245, 85, 'Song G3nBeLyv4b', 283, 'Pop', '2019-01-17', 948, 'https://picsum.photos/id/239/200/200');
INSERT INTO SONGS (song_id, album_id, title, duration, genre, release_date, rank, image) VALUES (246, 114, 'Song W51WH3amRT', 220, 'Reggae', '2024-03-07', 354, 'https://picsum.photos/id/228/200/200');
INSERT INTO SONGS (song_id, album_id, title, duration, genre, release_date, rank, image) VALUES (247, 197, 'Song q8OomDRzdr', 387, 'Hip Hop', '2020-10-23', 512, 'https://picsum.photos/id/263/200/200');
INSERT INTO SONGS (song_id, album_id, title, duration, genre, release_date, rank, image) VALUES (248, 89, 'Song Blj2MQYuPR', 276, 'Jazz', '2016-08-19', 442, 'https://picsum.photos/id/291/200/200');
INSERT INTO SONGS (song_id, album_id, title, duration, genre, release_date, rank, image) VALUES (249, 110, 'Song WrrVKPKosz', 356, 'Folk', '2022-12-31', 993, 'https://picsum.photos/id/268/200/200');
INSERT INTO SONGS (song_id, album_id, title, duration, genre, release_date, rank, image) VALUES (250, 179, 'Song nKZNfXVTbh', 432, 'Folk', '2012-08-24', 543, 'https://picsum.photos/id/271/200/200');
INSERT INTO SONGS (song_id, album_id, title, duration, genre, release_date, rank, image) VALUES (251, 125, 'Song xxiSDPA8Ok', 281, 'Hip Hop', '2010-01-28', 589, 'https://picsum.photos/id/215/200/200');
INSERT INTO SONGS (song_id, album_id, title, duration, genre, release_date, rank, image) VALUES (252, 187, 'Song xx5M4PRLCl', 189, 'Country', '2022-10-09', 81, 'https://picsum.photos/id/247/200/200');
INSERT INTO SONGS (song_id, album_id, title, duration, genre, release_date, rank, image) VALUES (253, 78, 'Song ZH80kZRS5k', 148, 'Folk', '2017-10-23', 146, 'https://picsum.photos/id/294/200/200');
INSERT INTO SONGS (song_id, album_id, title, duration, genre, release_date, rank, image) VALUES (254, 105, 'Song cA4VLJWTg2', 174, 'Indie', '2013-03-07', 3, 'https://picsum.photos/id/208/200/200');
INSERT INTO SONGS (song_id, album_id, title, duration, genre, release_date, rank, image) VALUES (255, 129, 'Song PG3Ph36VhD', 267, 'Rock', '2018-01-14', 646, 'https://picsum.photos/id/275/200/200');
INSERT INTO SONGS (song_id, album_id, title, duration, genre, release_date, rank, image) VALUES (256, 140, 'Song gxvKtRgKf7', 256, 'Reggae', '2012-02-17', 960, 'https://picsum.photos/id/299/200/200');
INSERT INTO SONGS (song_id, album_id, title, duration, genre, release_date, rank, image) VALUES (257, 184, 'Song wR7xlLUgbv', 326, 'Dance', '2022-02-01', 742, 'https://picsum.photos/id/226/200/200');
INSERT INTO SONGS (song_id, album_id, title, duration, genre, release_date, rank, image) VALUES (258, 89, 'Song t3P86HOzYY', 163, 'Blues', '2018-12-22', 805, 'https://picsum.photos/id/205/200/200');
INSERT INTO SONGS (song_id, album_id, title, duration, genre, release_date, rank, image) VALUES (259, 65, 'Song I63ea1hUzy', 190, 'Hip Hop', '2008-02-21', 579, 'https://picsum.photos/id/263/200/200');
INSERT INTO SONGS (song_id, album_id, title, duration, genre, release_date, rank, image) VALUES (260, 80, 'Song dKxFoqLhA8', 345, 'Indie', '2014-06-22', 890, 'https://picsum.photos/id/291/200/200');
INSERT INTO SONGS (song_id, album_id, title, duration, genre, release_date, rank, image) VALUES (261, 168, 'Song TgFMD3RIHu', 204, 'Reggae', '2014-01-19', 836, 'https://picsum.photos/id/296/200/200');
INSERT INTO SONGS (song_id, album_id, title, duration, genre, release_date, rank, image) VALUES (262, 153, 'Song TcbWy7A0oI', 308, 'Jazz', '2021-11-26', 809, 'https://picsum.photos/id/296/200/200');
INSERT INTO SONGS (song_id, album_id, title, duration, genre, release_date, rank, image) VALUES (263, 144, 'Song XaX2AaC2ow', 320, 'Metal', '2013-06-25', 831, 'https://picsum.photos/id/245/200/200');
INSERT INTO SONGS (song_id, album_id, title, duration, genre, release_date, rank, image) VALUES (264, 81, 'Song NcmjCNL0m7', 477, 'Pop', '2017-01-06', 650, 'https://picsum.photos/id/216/200/200');
INSERT INTO SONGS (song_id, album_id, title, duration, genre, release_date, rank, image) VALUES (265, 198, 'Song vHQea17O9b', 342, 'Electronic', '2019-09-09', 255, 'https://picsum.photos/id/223/200/200');
INSERT INTO SONGS (song_id, album_id, title, duration, genre, release_date, rank, image) VALUES (266, 98, 'Song mpo3ywodkS', 458, 'Jazz', '2018-08-13', 103, 'https://picsum.photos/id/205/200/200');
INSERT INTO SONGS (song_id, album_id, title, duration, genre, release_date, rank, image) VALUES (267, 130, 'Song wkvPRIso1H', 163, 'Pop', '2018-01-23', 912, 'https://picsum.photos/id/234/200/200');
INSERT INTO SONGS (song_id, album_id, title, duration, genre, release_date, rank, image) VALUES (268, 136, 'Song 67KKTcS76a', 427, 'Indie', '2015-02-20', 969, 'https://picsum.photos/id/260/200/200');
INSERT INTO SONGS (song_id, album_id, title, duration, genre, release_date, rank, image) VALUES (269, 39, 'Song yzryloEM1e', 322, 'Blues', '2016-01-20', 355, 'https://picsum.photos/id/289/200/200');
INSERT INTO SONGS (song_id, album_id, title, duration, genre, release_date, rank, image) VALUES (270, 193, 'Song rkNn91CvBS', 332, 'Classical', '2020-01-01', 694, 'https://picsum.photos/id/297/200/200');
INSERT INTO SONGS (song_id, album_id, title, duration, genre, release_date, rank, image) VALUES (271, 56, 'Song wlEs6dDxaX', 321, 'Dance', '2011-12-03', 507, 'https://picsum.photos/id/252/200/200');
INSERT INTO SONGS (song_id, album_id, title, duration, genre, release_date, rank, image) VALUES (272, 55, 'Song JP6AmETSqr', 280, 'Alternative', '2014-10-07', 477, 'https://picsum.photos/id/242/200/200');
INSERT INTO SONGS (song_id, album_id, title, duration, genre, release_date, rank, image) VALUES (273, 124, 'Song CbgSDGUqQn', 462, 'Folk', '2020-03-10', 640, 'https://picsum.photos/id/295/200/200');
INSERT INTO SONGS (song_id, album_id, title, duration, genre, release_date, rank, image) VALUES (274, 98, 'Song AbA94s4c3S', 345, 'Country', '2010-06-08', 693, 'https://picsum.photos/id/215/200/200');
INSERT INTO SONGS (song_id, album_id, title, duration, genre, release_date, rank, image) VALUES (275, 109, 'Song RNjSyTm9WB', 126, 'Jazz', '2014-09-23', 506, 'https://picsum.photos/id/229/200/200');
INSERT INTO SONGS (song_id, album_id, title, duration, genre, release_date, rank, image) VALUES (276, 74, 'Song c3tlIVdIy4', 250, 'Alternative', '2021-07-28', 133, 'https://picsum.photos/id/258/200/200');
INSERT INTO SONGS (song_id, album_id, title, duration, genre, release_date, rank, image) VALUES (277, 112, 'Song Xm39rtwm4V', 144, 'Classical', '2020-05-21', 671, 'https://picsum.photos/id/257/200/200');
INSERT INTO SONGS (song_id, album_id, title, duration, genre, release_date, rank, image) VALUES (278, 6, 'Song RDkKk9IoNi', 315, 'Pop', '2023-09-23', 491, 'https://picsum.photos/id/230/200/200');
INSERT INTO SONGS (song_id, album_id, title, duration, genre, release_date, rank, image) VALUES (279, 125, 'Song Lg0zkrBPYP', 180, 'Reggae', '2015-01-14', 244, 'https://picsum.photos/id/206/200/200');
INSERT INTO SONGS (song_id, album_id, title, duration, genre, release_date, rank, image) VALUES (280, 51, 'Song Psp15IwwGo', 372, 'Jazz', '2020-05-01', 704, 'https://picsum.photos/id/287/200/200');
INSERT INTO SONGS (song_id, album_id, title, duration, genre, release_date, rank, image) VALUES (281, 4, 'Song 7L3BLQpZIv', 175, 'Alternative', '2016-02-15', 553, 'https://picsum.photos/id/294/200/200');
INSERT INTO SONGS (song_id, album_id, title, duration, genre, release_date, rank, image) VALUES (282, 33, 'Song 0e0EzjREa6', 165, 'Dance', '2014-02-27', 800, 'https://picsum.photos/id/259/200/200');
INSERT INTO SONGS (song_id, album_id, title, duration, genre, release_date, rank, image) VALUES (283, 60, 'Song eMgigwCiHQ', 412, 'Blues', '2021-04-28', 471, 'https://picsum.photos/id/276/200/200');
INSERT INTO SONGS (song_id, album_id, title, duration, genre, release_date, rank, image) VALUES (284, 111, 'Song SkVttjHNKU', 321, 'Metal', '2021-08-02', 859, 'https://picsum.photos/id/290/200/200');
INSERT INTO SONGS (song_id, album_id, title, duration, genre, release_date, rank, image) VALUES (285, 122, 'Song gFdk8ribn7', 179, 'Jazz', '2012-02-05', 842, 'https://picsum.photos/id/292/200/200');
INSERT INTO SONGS (song_id, album_id, title, duration, genre, release_date, rank, image) VALUES (286, 20, 'Song h10dhJqNYz', 300, 'Jazz', '2013-01-24', 380, 'https://picsum.photos/id/288/200/200');
INSERT INTO SONGS (song_id, album_id, title, duration, genre, release_date, rank, image) VALUES (287, 156, 'Song wLV2zzlVXC', 477, 'Rock', '2022-11-04', 255, 'https://picsum.photos/id/264/200/200');
INSERT INTO SONGS (song_id, album_id, title, duration, genre, release_date, rank, image) VALUES (288, 196, 'Song 6mmeMyiOZ4', 338, 'Indie', '2022-01-25', 258, 'https://picsum.photos/id/259/200/200');
INSERT INTO SONGS (song_id, album_id, title, duration, genre, release_date, rank, image) VALUES (289, 141, 'Song TiBgvCF8EH', 352, 'Hip Hop', '2017-09-19', 995, 'https://picsum.photos/id/243/200/200');
INSERT INTO SONGS (song_id, album_id, title, duration, genre, release_date, rank, image) VALUES (290, 120, 'Song zTRabH3pNB', 433, 'Classical', '2021-12-15', 988, 'https://picsum.photos/id/253/200/200');
INSERT INTO SONGS (song_id, album_id, title, duration, genre, release_date, rank, image) VALUES (291, 27, 'Song XRY8jDXihR', 477, 'Electronic', '2010-01-01', 890, 'https://picsum.photos/id/275/200/200');
INSERT INTO SONGS (song_id, album_id, title, duration, genre, release_date, rank, image) VALUES (292, 91, 'Song YrxsvkGSDD', 133, 'Electronic', '2024-03-05', 157, 'https://picsum.photos/id/224/200/200');
INSERT INTO SONGS (song_id, album_id, title, duration, genre, release_date, rank, image) VALUES (293, 55, 'Song u0Artib3mH', 409, 'Electronic', '2013-06-01', 897, 'https://picsum.photos/id/207/200/200');
INSERT INTO SONGS (song_id, album_id, title, duration, genre, release_date, rank, image) VALUES (294, 63, 'Song 8Owbkfx243', 248, 'Dance', '2017-03-17', 619, 'https://picsum.photos/id/202/200/200');
INSERT INTO SONGS (song_id, album_id, title, duration, genre, release_date, rank, image) VALUES (295, 81, 'Song fMzkVPySfF', 316, 'Classical', '2008-11-29', 233, 'https://picsum.photos/id/300/200/200');
INSERT INTO SONGS (song_id, album_id, title, duration, genre, release_date, rank, image) VALUES (296, 191, 'Song KIpCmh5slH', 266, 'Electronic', '2015-12-15', 244, 'https://picsum.photos/id/208/200/200');
INSERT INTO SONGS (song_id, album_id, title, duration, genre, release_date, rank, image) VALUES (297, 23, 'Song TWiS0jVxfT', 228, 'Classical', '2015-02-14', 630, 'https://picsum.photos/id/295/200/200');
INSERT INTO SONGS (song_id, album_id, title, duration, genre, release_date, rank, image) VALUES (298, 86, 'Song 9wcBSg6Tva', 326, 'Indie', '2021-10-27', 258, 'https://picsum.photos/id/279/200/200');
INSERT INTO SONGS (song_id, album_id, title, duration, genre, release_date, rank, image) VALUES (299, 172, 'Song j9Ln2Wnb0S', 433, 'Metal', '2023-03-20', 400, 'https://picsum.photos/id/245/200/200');
INSERT INTO SONGS (song_id, album_id, title, duration, genre, release_date, rank, image) VALUES (300, 52, 'Song B7b3EaqHkE', 409, 'Indie', '2019-06-02', 854, 'https://picsum.photos/id/281/200/200');
INSERT INTO SONGS (song_id, album_id, title, duration, genre, release_date, rank, image) VALUES (301, 17, 'Song istezYw618', 200, 'Blues', '2023-05-17', 839, 'https://picsum.photos/id/234/200/200');
INSERT INTO SONGS (song_id, album_id, title, duration, genre, release_date, rank, image) VALUES (302, 91, 'Song yBTdfuJbFx', 455, 'Classical', '2021-12-17', 628, 'https://picsum.photos/id/221/200/200');
INSERT INTO SONGS (song_id, album_id, title, duration, genre, release_date, rank, image) VALUES (303, 45, 'Song 5DbIYidEvL', 212, 'Blues', '2008-12-15', 467, 'https://picsum.photos/id/211/200/200');
INSERT INTO SONGS (song_id, album_id, title, duration, genre, release_date, rank, image) VALUES (304, 87, 'Song VF2AM1YMsb', 371, 'Folk', '2018-12-10', 568, 'https://picsum.photos/id/227/200/200');
INSERT INTO SONGS (song_id, album_id, title, duration, genre, release_date, rank, image) VALUES (305, 187, 'Song Ivw0jp8YqV', 160, 'Country', '2009-07-30', 382, 'https://picsum.photos/id/209/200/200');
INSERT INTO SONGS (song_id, album_id, title, duration, genre, release_date, rank, image) VALUES (306, 85, 'Song TchM0BU0Hb', 418, 'Alternative', '2023-08-03', 521, 'https://picsum.photos/id/230/200/200');
INSERT INTO SONGS (song_id, album_id, title, duration, genre, release_date, rank, image) VALUES (307, 185, 'Song dsnPOoM3Hs', 150, 'Blues', '2008-02-15', 677, 'https://picsum.photos/id/245/200/200');
INSERT INTO SONGS (song_id, album_id, title, duration, genre, release_date, rank, image) VALUES (308, 139, 'Song qofBAtQCLL', 370, 'Classical', '2015-08-19', 129, 'https://picsum.photos/id/246/200/200');
INSERT INTO SONGS (song_id, album_id, title, duration, genre, release_date, rank, image) VALUES (309, 124, 'Song 3P7NRSf0xC', 206, 'Dance', '2020-01-25', 878, 'https://picsum.photos/id/246/200/200');
INSERT INTO SONGS (song_id, album_id, title, duration, genre, release_date, rank, image) VALUES (310, 157, 'Song KFuZ6QH35m', 295, 'Jazz', '2014-04-06', 250, 'https://picsum.photos/id/223/200/200');
INSERT INTO SONGS (song_id, album_id, title, duration, genre, release_date, rank, image) VALUES (311, 39, 'Song KnnE6T3MpF', 329, 'Pop', '2009-05-24', 657, 'https://picsum.photos/id/231/200/200');
INSERT INTO SONGS (song_id, album_id, title, duration, genre, release_date, rank, image) VALUES (312, 85, 'Song q0GhdDmUPb', 361, 'Classical', '2020-08-20', 252, 'https://picsum.photos/id/279/200/200');
INSERT INTO SONGS (song_id, album_id, title, duration, genre, release_date, rank, image) VALUES (313, 33, 'Song M4mkmM9U0o', 417, 'Rock', '2018-03-12', 844, 'https://picsum.photos/id/285/200/200');
INSERT INTO SONGS (song_id, album_id, title, duration, genre, release_date, rank, image) VALUES (314, 104, 'Song S2R7yB621F', 283, 'Hip Hop', '2009-08-31', 971, 'https://picsum.photos/id/240/200/200');
INSERT INTO SONGS (song_id, album_id, title, duration, genre, release_date, rank, image) VALUES (315, 97, 'Song btp6rOKgL5', 407, 'Reggae', '2016-05-02', 117, 'https://picsum.photos/id/247/200/200');
INSERT INTO SONGS (song_id, album_id, title, duration, genre, release_date, rank, image) VALUES (316, 180, 'Song XGLInWAJif', 354, 'Pop', '2014-12-19', 339, 'https://picsum.photos/id/205/200/200');
INSERT INTO SONGS (song_id, album_id, title, duration, genre, release_date, rank, image) VALUES (317, 146, 'Song JC74onwM8d', 168, 'Indie', '2008-07-12', 965, 'https://picsum.photos/id/231/200/200');
INSERT INTO SONGS (song_id, album_id, title, duration, genre, release_date, rank, image) VALUES (318, 45, 'Song X00WCVVkMZ', 231, 'Classical', '2020-03-21', 771, 'https://picsum.photos/id/218/200/200');
INSERT INTO SONGS (song_id, album_id, title, duration, genre, release_date, rank, image) VALUES (319, 45, 'Song Ydd5riKZK7', 237, 'Dance', '2014-10-01', 682, 'https://picsum.photos/id/254/200/200');
INSERT INTO SONGS (song_id, album_id, title, duration, genre, release_date, rank, image) VALUES (320, 155, 'Song R86sNYlFns', 317, 'Dance', '2020-05-25', 683, 'https://picsum.photos/id/235/200/200');
INSERT INTO SONGS (song_id, album_id, title, duration, genre, release_date, rank, image) VALUES (321, 31, 'Song g0Nxqt50QZ', 271, 'Rock', '2017-05-15', 531, 'https://picsum.photos/id/240/200/200');
INSERT INTO SONGS (song_id, album_id, title, duration, genre, release_date, rank, image) VALUES (322, 144, 'Song rQIHq2oxkb', 374, 'Jazz', '2023-03-25', 179, 'https://picsum.photos/id/283/200/200');
INSERT INTO SONGS (song_id, album_id, title, duration, genre, release_date, rank, image) VALUES (323, 147, 'Song XJN8OrCOa3', 458, 'Jazz', '2020-02-06', 665, 'https://picsum.photos/id/255/200/200');
INSERT INTO SONGS (song_id, album_id, title, duration, genre, release_date, rank, image) VALUES (324, 161, 'Song 9wjCI6GXhe', 444, 'Dance', '2012-12-03', 196, 'https://picsum.photos/id/299/200/200');
INSERT INTO SONGS (song_id, album_id, title, duration, genre, release_date, rank, image) VALUES (325, 10, 'Song m0aGGM87vC', 244, 'Folk', '2024-04-23', 122, 'https://picsum.photos/id/213/200/200');
INSERT INTO SONGS (song_id, album_id, title, duration, genre, release_date, rank, image) VALUES (326, 197, 'Song UUyHWxRTCS', 303, 'Country', '2008-12-19', 780, 'https://picsum.photos/id/284/200/200');
INSERT INTO SONGS (song_id, album_id, title, duration, genre, release_date, rank, image) VALUES (327, 40, 'Song 70ZaZ79y5z', 120, 'Indie', '2022-05-30', 387, 'https://picsum.photos/id/288/200/200');
INSERT INTO SONGS (song_id, album_id, title, duration, genre, release_date, rank, image) VALUES (328, 54, 'Song 7g5yYgHmCL', 382, 'Alternative', '2013-12-29', 346, 'https://picsum.photos/id/299/200/200');
INSERT INTO SONGS (song_id, album_id, title, duration, genre, release_date, rank, image) VALUES (329, 48, 'Song s4i3uNvYuJ', 386, 'Indie', '2021-11-26', 415, 'https://picsum.photos/id/216/200/200');
INSERT INTO SONGS (song_id, album_id, title, duration, genre, release_date, rank, image) VALUES (330, 154, 'Song BmslkE7KaQ', 433, 'Metal', '2016-04-15', 620, 'https://picsum.photos/id/279/200/200');
INSERT INTO SONGS (song_id, album_id, title, duration, genre, release_date, rank, image) VALUES (331, 43, 'Song BwuBlg0OHq', 395, 'Reggae', '2019-04-03', 968, 'https://picsum.photos/id/293/200/200');
INSERT INTO SONGS (song_id, album_id, title, duration, genre, release_date, rank, image) VALUES (332, 147, 'Song 2yurja1Nj9', 213, 'Blues', '2018-09-27', 737, 'https://picsum.photos/id/270/200/200');
INSERT INTO SONGS (song_id, album_id, title, duration, genre, release_date, rank, image) VALUES (333, 19, 'Song 4Lmvo9NO5C', 216, 'Pop', '2015-11-27', 783, 'https://picsum.photos/id/229/200/200');
INSERT INTO SONGS (song_id, album_id, title, duration, genre, release_date, rank, image) VALUES (334, 152, 'Song UY5oCFkcJA', 225, 'Reggae', '2024-01-30', 357, 'https://picsum.photos/id/222/200/200');
INSERT INTO SONGS (song_id, album_id, title, duration, genre, release_date, rank, image) VALUES (335, 106, 'Song A6orLzJem5', 358, 'Classical', '2017-03-21', 631, 'https://picsum.photos/id/265/200/200');
INSERT INTO SONGS (song_id, album_id, title, duration, genre, release_date, rank, image) VALUES (336, 113, 'Song hGxcIe9Tkx', 451, 'Reggae', '2015-03-12', 469, 'https://picsum.photos/id/212/200/200');
INSERT INTO SONGS (song_id, album_id, title, duration, genre, release_date, rank, image) VALUES (337, 88, 'Song yydULeMCNr', 125, 'Hip Hop', '2017-10-20', 603, 'https://picsum.photos/id/263/200/200');
INSERT INTO SONGS (song_id, album_id, title, duration, genre, release_date, rank, image) VALUES (338, 173, 'Song wjAWpGhUXz', 120, 'Folk', '2020-08-04', 448, 'https://picsum.photos/id/216/200/200');
INSERT INTO SONGS (song_id, album_id, title, duration, genre, release_date, rank, image) VALUES (339, 1, 'Song WREGX7rKRf', 169, 'Dance', '2011-04-13', 872, 'https://picsum.photos/id/294/200/200');
INSERT INTO SONGS (song_id, album_id, title, duration, genre, release_date, rank, image) VALUES (340, 12, 'Song WwHfVcnv14', 346, 'Rock', '2011-02-04', 248, 'https://picsum.photos/id/227/200/200');
INSERT INTO SONGS (song_id, album_id, title, duration, genre, release_date, rank, image) VALUES (341, 155, 'Song wJBvUk0LqU', 276, 'Alternative', '2016-06-22', 137, 'https://picsum.photos/id/270/200/200');
INSERT INTO SONGS (song_id, album_id, title, duration, genre, release_date, rank, image) VALUES (342, 84, 'Song GGgM5oMguL', 158, 'Folk', '2021-10-22', 26, 'https://picsum.photos/id/204/200/200');
INSERT INTO SONGS (song_id, album_id, title, duration, genre, release_date, rank, image) VALUES (343, 148, 'Song xZlnit86mk', 181, 'Reggae', '2010-10-06', 563, 'https://picsum.photos/id/235/200/200');
INSERT INTO SONGS (song_id, album_id, title, duration, genre, release_date, rank, image) VALUES (344, 106, 'Song ratktH02Uh', 201, 'Classical', '2020-10-09', 628, 'https://picsum.photos/id/254/200/200');
INSERT INTO SONGS (song_id, album_id, title, duration, genre, release_date, rank, image) VALUES (345, 133, 'Song c1lNhgJwku', 306, 'Dance', '2009-12-12', 594, 'https://picsum.photos/id/238/200/200');
INSERT INTO SONGS (song_id, album_id, title, duration, genre, release_date, rank, image) VALUES (346, 151, 'Song j4GaxRHElA', 262, 'R&B', '2011-12-29', 954, 'https://picsum.photos/id/271/200/200');
INSERT INTO SONGS (song_id, album_id, title, duration, genre, release_date, rank, image) VALUES (347, 4, 'Song o7fscHl1NR', 324, 'Rock', '2016-09-11', 314, 'https://picsum.photos/id/231/200/200');
INSERT INTO SONGS (song_id, album_id, title, duration, genre, release_date, rank, image) VALUES (348, 74, 'Song dISVABl9f8', 188, 'Pop', '2020-10-02', 672, 'https://picsum.photos/id/223/200/200');
INSERT INTO SONGS (song_id, album_id, title, duration, genre, release_date, rank, image) VALUES (349, 65, 'Song H81FavXIM9', 400, 'Jazz', '2008-05-25', 756, 'https://picsum.photos/id/253/200/200');
INSERT INTO SONGS (song_id, album_id, title, duration, genre, release_date, rank, image) VALUES (350, 70, 'Song oaJN4sGSO6', 301, 'Classical', '2018-12-24', 630, 'https://picsum.photos/id/274/200/200');
INSERT INTO SONGS (song_id, album_id, title, duration, genre, release_date, rank, image) VALUES (351, 57, 'Song GfcmGoPvS0', 340, 'Jazz', '2008-09-13', 163, 'https://picsum.photos/id/280/200/200');
INSERT INTO SONGS (song_id, album_id, title, duration, genre, release_date, rank, image) VALUES (352, 8, 'Song taFg7QARAq', 467, 'Alternative', '2019-04-28', 908, 'https://picsum.photos/id/271/200/200');
INSERT INTO SONGS (song_id, album_id, title, duration, genre, release_date, rank, image) VALUES (353, 196, 'Song z54dQO6DLI', 271, 'Folk', '2021-05-18', 253, 'https://picsum.photos/id/289/200/200');
INSERT INTO SONGS (song_id, album_id, title, duration, genre, release_date, rank, image) VALUES (354, 32, 'Song ZfwnPoWiu7', 450, 'Rock', '2011-08-23', 258, 'https://picsum.photos/id/270/200/200');
INSERT INTO SONGS (song_id, album_id, title, duration, genre, release_date, rank, image) VALUES (355, 42, 'Song om8saSckwx', 221, 'Blues', '2024-04-13', 82, 'https://picsum.photos/id/205/200/200');
INSERT INTO SONGS (song_id, album_id, title, duration, genre, release_date, rank, image) VALUES (356, 142, 'Song HPhNXx7Ix7', 467, 'Electronic', '2016-12-15', 84, 'https://picsum.photos/id/215/200/200');
INSERT INTO SONGS (song_id, album_id, title, duration, genre, release_date, rank, image) VALUES (357, 19, 'Song HZXeewJAjh', 414, 'Metal', '2020-03-02', 989, 'https://picsum.photos/id/202/200/200');
INSERT INTO SONGS (song_id, album_id, title, duration, genre, release_date, rank, image) VALUES (358, 88, 'Song kYCLXsecQe', 204, 'Pop', '2009-06-06', 164, 'https://picsum.photos/id/283/200/200');
INSERT INTO SONGS (song_id, album_id, title, duration, genre, release_date, rank, image) VALUES (359, 116, 'Song oFa0W91pw1', 330, 'Reggae', '2020-05-02', 462, 'https://picsum.photos/id/242/200/200');
INSERT INTO SONGS (song_id, album_id, title, duration, genre, release_date, rank, image) VALUES (360, 103, 'Song iG6hvQUCJd', 350, 'Metal', '2010-04-30', 202, 'https://picsum.photos/id/298/200/200');
INSERT INTO SONGS (song_id, album_id, title, duration, genre, release_date, rank, image) VALUES (361, 174, 'Song 2UZPP3Nw8P', 375, 'Hip Hop', '2022-11-20', 395, 'https://picsum.photos/id/294/200/200');
INSERT INTO SONGS (song_id, album_id, title, duration, genre, release_date, rank, image) VALUES (362, 170, 'Song zE4dfFLJqo', 129, 'Country', '2020-03-10', 415, 'https://picsum.photos/id/286/200/200');
INSERT INTO SONGS (song_id, album_id, title, duration, genre, release_date, rank, image) VALUES (363, 19, 'Song P1oddKVa1H', 369, 'Blues', '2022-07-16', 308, 'https://picsum.photos/id/245/200/200');
INSERT INTO SONGS (song_id, album_id, title, duration, genre, release_date, rank, image) VALUES (364, 178, 'Song vKUY71kJq7', 208, 'Electronic', '2014-02-10', 869, 'https://picsum.photos/id/297/200/200');
INSERT INTO SONGS (song_id, album_id, title, duration, genre, release_date, rank, image) VALUES (365, 83, 'Song ZcW5eT1u9w', 461, 'R&B', '2017-02-21', 644, 'https://picsum.photos/id/207/200/200');
INSERT INTO SONGS (song_id, album_id, title, duration, genre, release_date, rank, image) VALUES (366, 133, 'Song dsux9kJG8E', 120, 'Pop', '2011-06-19', 925, 'https://picsum.photos/id/251/200/200');
INSERT INTO SONGS (song_id, album_id, title, duration, genre, release_date, rank, image) VALUES (367, 18, 'Song 94fRzNUbOi', 346, 'Electronic', '2015-05-13', 856, 'https://picsum.photos/id/295/200/200');
INSERT INTO SONGS (song_id, album_id, title, duration, genre, release_date, rank, image) VALUES (368, 189, 'Song Glvppuf3T9', 230, 'Country', '2012-05-26', 447, 'https://picsum.photos/id/254/200/200');
INSERT INTO SONGS (song_id, album_id, title, duration, genre, release_date, rank, image) VALUES (369, 123, 'Song u1pysbhksn', 324, 'Dance', '2014-11-13', 364, 'https://picsum.photos/id/229/200/200');
INSERT INTO SONGS (song_id, album_id, title, duration, genre, release_date, rank, image) VALUES (370, 56, 'Song mAD0gxoSXl', 275, 'Alternative', '2015-04-19', 295, 'https://picsum.photos/id/203/200/200');
INSERT INTO SONGS (song_id, album_id, title, duration, genre, release_date, rank, image) VALUES (371, 129, 'Song MAASwRUFuu', 190, 'Jazz', '2023-02-23', 490, 'https://picsum.photos/id/209/200/200');
INSERT INTO SONGS (song_id, album_id, title, duration, genre, release_date, rank, image) VALUES (372, 37, 'Song zOxVgTORzL', 147, 'Folk', '2021-11-16', 667, 'https://picsum.photos/id/235/200/200');
INSERT INTO SONGS (song_id, album_id, title, duration, genre, release_date, rank, image) VALUES (373, 121, 'Song tEX9DPi6JN', 478, 'Classical', '2018-03-07', 1000, 'https://picsum.photos/id/236/200/200');
INSERT INTO SONGS (song_id, album_id, title, duration, genre, release_date, rank, image) VALUES (374, 169, 'Song NBQhHPrZnQ', 120, 'Reggae', '2008-11-12', 118, 'https://picsum.photos/id/282/200/200');
INSERT INTO SONGS (song_id, album_id, title, duration, genre, release_date, rank, image) VALUES (375, 54, 'Song nucLSbu5Fx', 311, 'Metal', '2019-10-28', 828, 'https://picsum.photos/id/243/200/200');
INSERT INTO SONGS (song_id, album_id, title, duration, genre, release_date, rank, image) VALUES (376, 28, 'Song lSYw2YyrPS', 444, 'Rock', '2013-03-14', 139, 'https://picsum.photos/id/221/200/200');
INSERT INTO SONGS (song_id, album_id, title, duration, genre, release_date, rank, image) VALUES (377, 168, 'Song 6yfm7liTPR', 394, 'Classical', '2018-07-27', 610, 'https://picsum.photos/id/221/200/200');
INSERT INTO SONGS (song_id, album_id, title, duration, genre, release_date, rank, image) VALUES (378, 176, 'Song ms3lyMTZgD', 139, 'Classical', '2014-06-08', 642, 'https://picsum.photos/id/267/200/200');
INSERT INTO SONGS (song_id, album_id, title, duration, genre, release_date, rank, image) VALUES (379, 36, 'Song ukbdcAzYB3', 424, 'Indie', '2021-12-11', 324, 'https://picsum.photos/id/206/200/200');
INSERT INTO SONGS (song_id, album_id, title, duration, genre, release_date, rank, image) VALUES (380, 87, 'Song fuFOBerd3x', 424, 'Pop', '2016-03-23', 636, 'https://picsum.photos/id/207/200/200');
INSERT INTO SONGS (song_id, album_id, title, duration, genre, release_date, rank, image) VALUES (381, 25, 'Song ckeWNxPYXH', 352, 'Folk', '2019-01-25', 684, 'https://picsum.photos/id/207/200/200');
INSERT INTO SONGS (song_id, album_id, title, duration, genre, release_date, rank, image) VALUES (382, 86, 'Song vXkv55BzVk', 445, 'Rock', '2017-03-06', 118, 'https://picsum.photos/id/280/200/200');
INSERT INTO SONGS (song_id, album_id, title, duration, genre, release_date, rank, image) VALUES (383, 157, 'Song DUBAHZHPNn', 399, 'R&B', '2023-10-26', 565, 'https://picsum.photos/id/240/200/200');
INSERT INTO SONGS (song_id, album_id, title, duration, genre, release_date, rank, image) VALUES (384, 73, 'Song g2bIZmIP56', 399, 'R&B', '2021-07-06', 420, 'https://picsum.photos/id/251/200/200');
INSERT INTO SONGS (song_id, album_id, title, duration, genre, release_date, rank, image) VALUES (385, 143, 'Song IQrnpZ4AXs', 444, 'Folk', '2019-11-04', 19, 'https://picsum.photos/id/275/200/200');
INSERT INTO SONGS (song_id, album_id, title, duration, genre, release_date, rank, image) VALUES (386, 22, 'Song NrdXUxxhFL', 193, 'R&B', '2016-10-28', 57, 'https://picsum.photos/id/218/200/200');
INSERT INTO SONGS (song_id, album_id, title, duration, genre, release_date, rank, image) VALUES (387, 15, 'Song NrnAaPsxh1', 318, 'Hip Hop', '2016-06-23', 491, 'https://picsum.photos/id/295/200/200');
INSERT INTO SONGS (song_id, album_id, title, duration, genre, release_date, rank, image) VALUES (388, 10, 'Song ik7IXON2zv', 401, 'Alternative', '2009-10-22', 979, 'https://picsum.photos/id/268/200/200');
INSERT INTO SONGS (song_id, album_id, title, duration, genre, release_date, rank, image) VALUES (389, 119, 'Song 4aEfelE7Jz', 379, 'Electronic', '2009-01-20', 469, 'https://picsum.photos/id/212/200/200');
INSERT INTO SONGS (song_id, album_id, title, duration, genre, release_date, rank, image) VALUES (390, 160, 'Song rCyOvgI1e8', 337, 'Pop', '2016-06-05', 1000, 'https://picsum.photos/id/242/200/200');
INSERT INTO SONGS (song_id, album_id, title, duration, genre, release_date, rank, image) VALUES (391, 170, 'Song D0k0gXXhZc', 312, 'Rock', '2018-09-13', 1000, 'https://picsum.photos/id/275/200/200');
INSERT INTO SONGS (song_id, album_id, title, duration, genre, release_date, rank, image) VALUES (392, 74, 'Song eUtmPFGTcB', 203, 'R&B', '2018-05-10', 662, 'https://picsum.photos/id/223/200/200');
INSERT INTO SONGS (song_id, album_id, title, duration, genre, release_date, rank, image) VALUES (393, 116, 'Song I73kxS11xT', 365, 'Classical', '2016-01-05', 345, 'https://picsum.photos/id/256/200/200');
INSERT INTO SONGS (song_id, album_id, title, duration, genre, release_date, rank, image) VALUES (394, 103, 'Song b3n65AJGfc', 421, 'Indie', '2008-02-12', 381, 'https://picsum.photos/id/254/200/200');
INSERT INTO SONGS (song_id, album_id, title, duration, genre, release_date, rank, image) VALUES (395, 156, 'Song r4PXc0qywg', 404, 'Hip Hop', '2018-01-15', 196, 'https://picsum.photos/id/270/200/200');
INSERT INTO SONGS (song_id, album_id, title, duration, genre, release_date, rank, image) VALUES (396, 51, 'Song kYDNKLk2NH', 445, 'Jazz', '2023-12-29', 231, 'https://picsum.photos/id/286/200/200');
INSERT INTO SONGS (song_id, album_id, title, duration, genre, release_date, rank, image) VALUES (397, 107, 'Song OPXj5O4AR1', 134, 'Dance', '2022-04-27', 857, 'https://picsum.photos/id/267/200/200');
INSERT INTO SONGS (song_id, album_id, title, duration, genre, release_date, rank, image) VALUES (398, 12, 'Song dqc4pSvED2', 369, 'Country', '2010-01-06', 108, 'https://picsum.photos/id/227/200/200');
INSERT INTO SONGS (song_id, album_id, title, duration, genre, release_date, rank, image) VALUES (399, 149, 'Song tS93M0LfPP', 158, 'Metal', '2017-05-20', 458, 'https://picsum.photos/id/203/200/200');
INSERT INTO SONGS (song_id, album_id, title, duration, genre, release_date, rank, image) VALUES (400, 194, 'Song 6SrZF2dWAn', 373, 'Rock', '2020-09-05', 111, 'https://picsum.photos/id/283/200/200');
INSERT INTO SONGS (song_id, album_id, title, duration, genre, release_date, rank, image) VALUES (401, 44, 'Song PftShwXfkK', 167, 'Rock', '2018-01-07', 129, 'https://picsum.photos/id/292/200/200');
INSERT INTO SONGS (song_id, album_id, title, duration, genre, release_date, rank, image) VALUES (402, 96, 'Song LxG1pZJT6f', 173, 'Pop', '2016-03-31', 938, 'https://picsum.photos/id/286/200/200');
INSERT INTO SONGS (song_id, album_id, title, duration, genre, release_date, rank, image) VALUES (403, 68, 'Song gzQCITN2w2', 447, 'Pop', '2010-11-05', 557, 'https://picsum.photos/id/211/200/200');
INSERT INTO SONGS (song_id, album_id, title, duration, genre, release_date, rank, image) VALUES (404, 158, 'Song BlYB8KfYau', 334, 'Alternative', '2015-04-12', 373, 'https://picsum.photos/id/225/200/200');
INSERT INTO SONGS (song_id, album_id, title, duration, genre, release_date, rank, image) VALUES (405, 23, 'Song V0qXJ4OROZ', 332, 'Rock', '2021-12-06', 544, 'https://picsum.photos/id/248/200/200');
INSERT INTO SONGS (song_id, album_id, title, duration, genre, release_date, rank, image) VALUES (406, 29, 'Song t8IVbLL4FZ', 151, 'Folk', '2017-07-21', 99, 'https://picsum.photos/id/277/200/200');
INSERT INTO SONGS (song_id, album_id, title, duration, genre, release_date, rank, image) VALUES (407, 141, 'Song f2byLypC78', 443, 'Pop', '2022-07-23', 314, 'https://picsum.photos/id/213/200/200');
INSERT INTO SONGS (song_id, album_id, title, duration, genre, release_date, rank, image) VALUES (408, 57, 'Song m9gv1octGg', 477, 'Electronic', '2016-02-28', 30, 'https://picsum.photos/id/219/200/200');
INSERT INTO SONGS (song_id, album_id, title, duration, genre, release_date, rank, image) VALUES (409, 58, 'Song WngXrxPHtF', 277, 'Dance', '2015-11-04', 246, 'https://picsum.photos/id/234/200/200');
INSERT INTO SONGS (song_id, album_id, title, duration, genre, release_date, rank, image) VALUES (410, 128, 'Song bQm7G4K9E9', 181, 'R&B', '2018-08-08', 910, 'https://picsum.photos/id/226/200/200');
INSERT INTO SONGS (song_id, album_id, title, duration, genre, release_date, rank, image) VALUES (411, 25, 'Song iJiqxcKtim', 287, 'Metal', '2009-08-01', 44, 'https://picsum.photos/id/274/200/200');
INSERT INTO SONGS (song_id, album_id, title, duration, genre, release_date, rank, image) VALUES (412, 132, 'Song U6eyXvueD9', 164, 'Classical', '2012-07-12', 874, 'https://picsum.photos/id/254/200/200');
INSERT INTO SONGS (song_id, album_id, title, duration, genre, release_date, rank, image) VALUES (413, 11, 'Song FnwOk8WYPY', 284, 'Reggae', '2021-06-17', 244, 'https://picsum.photos/id/281/200/200');
INSERT INTO SONGS (song_id, album_id, title, duration, genre, release_date, rank, image) VALUES (414, 25, 'Song ohNXnrs0HU', 230, 'Hip Hop', '2022-05-09', 251, 'https://picsum.photos/id/229/200/200');
INSERT INTO SONGS (song_id, album_id, title, duration, genre, release_date, rank, image) VALUES (415, 148, 'Song 6GJNL2uQxb', 212, 'Electronic', '2009-05-15', 162, 'https://picsum.photos/id/204/200/200');
INSERT INTO SONGS (song_id, album_id, title, duration, genre, release_date, rank, image) VALUES (416, 75, 'Song 9s3wKcx9ci', 451, 'Folk', '2017-10-25', 898, 'https://picsum.photos/id/224/200/200');
INSERT INTO SONGS (song_id, album_id, title, duration, genre, release_date, rank, image) VALUES (417, 29, 'Song AZgplejpMw', 363, 'Dance', '2010-01-10', 573, 'https://picsum.photos/id/242/200/200');
INSERT INTO SONGS (song_id, album_id, title, duration, genre, release_date, rank, image) VALUES (418, 103, 'Song 5YwJBpkAYb', 352, 'R&B', '2008-02-27', 636, 'https://picsum.photos/id/247/200/200');
INSERT INTO SONGS (song_id, album_id, title, duration, genre, release_date, rank, image) VALUES (419, 168, 'Song EWS95PWyVa', 312, 'Blues', '2019-10-13', 938, 'https://picsum.photos/id/280/200/200');
INSERT INTO SONGS (song_id, album_id, title, duration, genre, release_date, rank, image) VALUES (420, 121, 'Song TI91SW8FuC', 286, 'Reggae', '2023-11-17', 807, 'https://picsum.photos/id/272/200/200');
INSERT INTO SONGS (song_id, album_id, title, duration, genre, release_date, rank, image) VALUES (421, 34, 'Song iKOOaQT2iS', 391, 'Dance', '2020-05-20', 337, 'https://picsum.photos/id/245/200/200');
INSERT INTO SONGS (song_id, album_id, title, duration, genre, release_date, rank, image) VALUES (422, 187, 'Song Fu3ba83Zf4', 418, 'Rock', '2009-08-23', 705, 'https://picsum.photos/id/236/200/200');
INSERT INTO SONGS (song_id, album_id, title, duration, genre, release_date, rank, image) VALUES (423, 42, 'Song a1bdvnBw3H', 140, 'Dance', '2010-02-07', 342, 'https://picsum.photos/id/266/200/200');
INSERT INTO SONGS (song_id, album_id, title, duration, genre, release_date, rank, image) VALUES (424, 194, 'Song 4VCWfFTDwU', 348, 'Country', '2008-09-11', 625, 'https://picsum.photos/id/245/200/200');
INSERT INTO SONGS (song_id, album_id, title, duration, genre, release_date, rank, image) VALUES (425, 125, 'Song Je91gYwHFg', 398, 'Classical', '2020-10-11', 888, 'https://picsum.photos/id/243/200/200');
INSERT INTO SONGS (song_id, album_id, title, duration, genre, release_date, rank, image) VALUES (426, 168, 'Song r6an8XcnYI', 165, 'R&B', '2019-08-07', 150, 'https://picsum.photos/id/215/200/200');
INSERT INTO SONGS (song_id, album_id, title, duration, genre, release_date, rank, image) VALUES (427, 131, 'Song ZgKr8yjmPr', 311, 'Indie', '2021-08-09', 463, 'https://picsum.photos/id/224/200/200');
INSERT INTO SONGS (song_id, album_id, title, duration, genre, release_date, rank, image) VALUES (428, 113, 'Song TL5F0iNmAO', 145, 'Blues', '2014-02-03', 987, 'https://picsum.photos/id/257/200/200');
INSERT INTO SONGS (song_id, album_id, title, duration, genre, release_date, rank, image) VALUES (429, 52, 'Song wzkahp83QO', 475, 'Classical', '2009-09-13', 259, 'https://picsum.photos/id/265/200/200');
INSERT INTO SONGS (song_id, album_id, title, duration, genre, release_date, rank, image) VALUES (430, 43, 'Song HgQxHRKjgd', 285, 'Folk', '2014-06-11', 362, 'https://picsum.photos/id/240/200/200');
INSERT INTO SONGS (song_id, album_id, title, duration, genre, release_date, rank, image) VALUES (431, 155, 'Song Sa8Nao6cS9', 318, 'Hip Hop', '2018-10-21', 638, 'https://picsum.photos/id/288/200/200');
INSERT INTO SONGS (song_id, album_id, title, duration, genre, release_date, rank, image) VALUES (432, 158, 'Song idx8wYW2IU', 338, 'Blues', '2022-02-20', 65, 'https://picsum.photos/id/219/200/200');
INSERT INTO SONGS (song_id, album_id, title, duration, genre, release_date, rank, image) VALUES (433, 123, 'Song gUMTdpLB6D', 340, 'Pop', '2014-08-15', 625, 'https://picsum.photos/id/262/200/200');
INSERT INTO SONGS (song_id, album_id, title, duration, genre, release_date, rank, image) VALUES (434, 63, 'Song 3mddcGvPXQ', 134, 'Hip Hop', '2019-06-19', 253, 'https://picsum.photos/id/209/200/200');
INSERT INTO SONGS (song_id, album_id, title, duration, genre, release_date, rank, image) VALUES (435, 178, 'Song kbCE3oQDR5', 175, 'Rock', '2014-01-09', 23, 'https://picsum.photos/id/254/200/200');
INSERT INTO SONGS (song_id, album_id, title, duration, genre, release_date, rank, image) VALUES (436, 140, 'Song UrPbacMwp9', 167, 'Alternative', '2011-10-11', 857, 'https://picsum.photos/id/206/200/200');
INSERT INTO SONGS (song_id, album_id, title, duration, genre, release_date, rank, image) VALUES (437, 178, 'Song 5Gpk4AWRCL', 464, 'Folk', '2012-04-18', 236, 'https://picsum.photos/id/209/200/200');
INSERT INTO SONGS (song_id, album_id, title, duration, genre, release_date, rank, image) VALUES (438, 63, 'Song P8oBWUCv9T', 158, 'Jazz', '2022-09-14', 251, 'https://picsum.photos/id/256/200/200');
INSERT INTO SONGS (song_id, album_id, title, duration, genre, release_date, rank, image) VALUES (439, 190, 'Song 6TthDu7Bnt', 168, 'Country', '2015-04-06', 549, 'https://picsum.photos/id/255/200/200');
INSERT INTO SONGS (song_id, album_id, title, duration, genre, release_date, rank, image) VALUES (440, 113, 'Song 1E6RYd4z8Q', 322, 'Pop', '2019-09-09', 124, 'https://picsum.photos/id/238/200/200');
INSERT INTO SONGS (song_id, album_id, title, duration, genre, release_date, rank, image) VALUES (441, 7, 'Song DNzuPFgl4F', 195, 'Country', '2015-10-08', 287, 'https://picsum.photos/id/201/200/200');
INSERT INTO SONGS (song_id, album_id, title, duration, genre, release_date, rank, image) VALUES (442, 33, 'Song kFNqzYK61s', 414, 'Pop', '2022-01-02', 321, 'https://picsum.photos/id/228/200/200');
INSERT INTO SONGS (song_id, album_id, title, duration, genre, release_date, rank, image) VALUES (443, 58, 'Song WHCZm2BfbF', 462, 'Pop', '2020-05-06', 979, 'https://picsum.photos/id/250/200/200');
INSERT INTO SONGS (song_id, album_id, title, duration, genre, release_date, rank, image) VALUES (444, 96, 'Song taOCQ9J2xr', 297, 'Classical', '2010-05-03', 730, 'https://picsum.photos/id/259/200/200');
INSERT INTO SONGS (song_id, album_id, title, duration, genre, release_date, rank, image) VALUES (445, 186, 'Song zT2FKtO9eZ', 220, 'Classical', '2013-01-12', 432, 'https://picsum.photos/id/255/200/200');
INSERT INTO SONGS (song_id, album_id, title, duration, genre, release_date, rank, image) VALUES (446, 141, 'Song 5rWF1tsPH8', 249, 'Reggae', '2016-06-25', 667, 'https://picsum.photos/id/223/200/200');
INSERT INTO SONGS (song_id, album_id, title, duration, genre, release_date, rank, image) VALUES (447, 119, 'Song i0mfTHkoH8', 361, 'Dance', '2009-08-25', 613, 'https://picsum.photos/id/256/200/200');
INSERT INTO SONGS (song_id, album_id, title, duration, genre, release_date, rank, image) VALUES (448, 132, 'Song hLd9oPBr0Z', 413, 'Metal', '2020-02-28', 910, 'https://picsum.photos/id/263/200/200');
INSERT INTO SONGS (song_id, album_id, title, duration, genre, release_date, rank, image) VALUES (449, 48, 'Song YmQp12bvrV', 408, 'Pop', '2024-02-21', 246, 'https://picsum.photos/id/211/200/200');
INSERT INTO SONGS (song_id, album_id, title, duration, genre, release_date, rank, image) VALUES (450, 100, 'Song WCoDrv02kn', 183, 'Classical', '2008-06-08', 656, 'https://picsum.photos/id/238/200/200');
INSERT INTO SONGS (song_id, album_id, title, duration, genre, release_date, rank, image) VALUES (451, 196, 'Song 5dItJqNtly', 179, 'Classical', '2016-02-19', 966, 'https://picsum.photos/id/241/200/200');
INSERT INTO SONGS (song_id, album_id, title, duration, genre, release_date, rank, image) VALUES (452, 69, 'Song HAIoVVi8C5', 166, 'Reggae', '2013-12-03', 423, 'https://picsum.photos/id/224/200/200');
INSERT INTO SONGS (song_id, album_id, title, duration, genre, release_date, rank, image) VALUES (453, 116, 'Song AhqkEOPKMB', 410, 'Hip Hop', '2011-04-04', 778, 'https://picsum.photos/id/222/200/200');
INSERT INTO SONGS (song_id, album_id, title, duration, genre, release_date, rank, image) VALUES (454, 16, 'Song lOaFuN71OF', 245, 'Hip Hop', '2015-04-25', 446, 'https://picsum.photos/id/224/200/200');
INSERT INTO SONGS (song_id, album_id, title, duration, genre, release_date, rank, image) VALUES (455, 189, 'Song 5i9QNtblS4', 355, 'Jazz', '2017-07-25', 3, 'https://picsum.photos/id/228/200/200');
INSERT INTO SONGS (song_id, album_id, title, duration, genre, release_date, rank, image) VALUES (456, 18, 'Song NO04Mn31j4', 338, 'Jazz', '2023-03-28', 371, 'https://picsum.photos/id/205/200/200');
INSERT INTO SONGS (song_id, album_id, title, duration, genre, release_date, rank, image) VALUES (457, 23, 'Song JliflQGPCX', 415, 'Folk', '2011-06-28', 471, 'https://picsum.photos/id/208/200/200');
INSERT INTO SONGS (song_id, album_id, title, duration, genre, release_date, rank, image) VALUES (458, 82, 'Song ROt5Ny3Ger', 136, 'Dance', '2008-02-29', 300, 'https://picsum.photos/id/277/200/200');
INSERT INTO SONGS (song_id, album_id, title, duration, genre, release_date, rank, image) VALUES (459, 165, 'Song MEqNLthETh', 365, 'Hip Hop', '2010-07-24', 926, 'https://picsum.photos/id/268/200/200');
INSERT INTO SONGS (song_id, album_id, title, duration, genre, release_date, rank, image) VALUES (460, 134, 'Song Q6RHgllFW1', 210, 'Electronic', '2021-01-29', 554, 'https://picsum.photos/id/229/200/200');
INSERT INTO SONGS (song_id, album_id, title, duration, genre, release_date, rank, image) VALUES (461, 117, 'Song sEwZ6FxQJw', 334, 'Hip Hop', '2017-07-26', 76, 'https://picsum.photos/id/229/200/200');
INSERT INTO SONGS (song_id, album_id, title, duration, genre, release_date, rank, image) VALUES (462, 190, 'Song E0uATW3IAk', 459, 'Electronic', '2019-11-28', 246, 'https://picsum.photos/id/239/200/200');
INSERT INTO SONGS (song_id, album_id, title, duration, genre, release_date, rank, image) VALUES (463, 90, 'Song 1c10PJQJIA', 126, 'Pop', '2018-03-08', 133, 'https://picsum.photos/id/229/200/200');
INSERT INTO SONGS (song_id, album_id, title, duration, genre, release_date, rank, image) VALUES (464, 173, 'Song tRJ0CdGd2o', 389, 'Classical', '2022-01-27', 635, 'https://picsum.photos/id/246/200/200');
INSERT INTO SONGS (song_id, album_id, title, duration, genre, release_date, rank, image) VALUES (465, 38, 'Song zJowwYZGn9', 459, 'Indie', '2022-04-11', 810, 'https://picsum.photos/id/246/200/200');
INSERT INTO SONGS (song_id, album_id, title, duration, genre, release_date, rank, image) VALUES (466, 158, 'Song cGGkA5zos0', 297, 'Pop', '2012-05-10', 887, 'https://picsum.photos/id/241/200/200');
INSERT INTO SONGS (song_id, album_id, title, duration, genre, release_date, rank, image) VALUES (467, 61, 'Song 2u6iK4hlyM', 317, 'Reggae', '2020-06-05', 806, 'https://picsum.photos/id/217/200/200');
INSERT INTO SONGS (song_id, album_id, title, duration, genre, release_date, rank, image) VALUES (468, 135, 'Song gUogUxvafr', 392, 'Classical', '2015-06-03', 283, 'https://picsum.photos/id/269/200/200');
INSERT INTO SONGS (song_id, album_id, title, duration, genre, release_date, rank, image) VALUES (469, 111, 'Song bzyPGIuR6z', 210, 'Hip Hop', '2019-06-24', 314, 'https://picsum.photos/id/286/200/200');
INSERT INTO SONGS (song_id, album_id, title, duration, genre, release_date, rank, image) VALUES (470, 133, 'Song oHX73TkZXf', 347, 'Folk', '2008-11-01', 385, 'https://picsum.photos/id/204/200/200');
INSERT INTO SONGS (song_id, album_id, title, duration, genre, release_date, rank, image) VALUES (471, 162, 'Song 7Lipy6ibtT', 343, 'Classical', '2011-12-02', 135, 'https://picsum.photos/id/228/200/200');
INSERT INTO SONGS (song_id, album_id, title, duration, genre, release_date, rank, image) VALUES (472, 23, 'Song 3eiuVckPol', 395, 'Indie', '2008-07-17', 83, 'https://picsum.photos/id/238/200/200');
INSERT INTO SONGS (song_id, album_id, title, duration, genre, release_date, rank, image) VALUES (473, 35, 'Song YiHkbPZLoa', 385, 'Classical', '2008-03-25', 299, 'https://picsum.photos/id/251/200/200');
INSERT INTO SONGS (song_id, album_id, title, duration, genre, release_date, rank, image) VALUES (474, 67, 'Song Y7VSA9SJ8V', 208, 'Metal', '2024-03-31', 667, 'https://picsum.photos/id/235/200/200');
INSERT INTO SONGS (song_id, album_id, title, duration, genre, release_date, rank, image) VALUES (475, 16, 'Song 6O3K55AO5P', 423, 'Folk', '2015-11-24', 606, 'https://picsum.photos/id/260/200/200');
INSERT INTO SONGS (song_id, album_id, title, duration, genre, release_date, rank, image) VALUES (476, 82, 'Song SABhQrGjyu', 169, 'Metal', '2018-10-15', 328, 'https://picsum.photos/id/211/200/200');
INSERT INTO SONGS (song_id, album_id, title, duration, genre, release_date, rank, image) VALUES (477, 122, 'Song sVqTFjnutX', 242, 'Folk', '2009-07-30', 714, 'https://picsum.photos/id/249/200/200');
INSERT INTO SONGS (song_id, album_id, title, duration, genre, release_date, rank, image) VALUES (478, 158, 'Song D7koBThIcW', 190, 'Folk', '2021-07-25', 328, 'https://picsum.photos/id/276/200/200');
INSERT INTO SONGS (song_id, album_id, title, duration, genre, release_date, rank, image) VALUES (479, 90, 'Song mD0lQCjnDi', 157, 'Alternative', '2010-09-08', 98, 'https://picsum.photos/id/281/200/200');
INSERT INTO SONGS (song_id, album_id, title, duration, genre, release_date, rank, image) VALUES (480, 86, 'Song 1tZLClNBUO', 120, 'Blues', '2011-09-24', 891, 'https://picsum.photos/id/232/200/200');
INSERT INTO SONGS (song_id, album_id, title, duration, genre, release_date, rank, image) VALUES (481, 5, 'Song wC1t3tE9Oi', 203, 'Indie', '2021-02-27', 320, 'https://picsum.photos/id/222/200/200');
INSERT INTO SONGS (song_id, album_id, title, duration, genre, release_date, rank, image) VALUES (482, 78, 'Song LEZP2asIl8', 272, 'Indie', '2022-02-22', 45, 'https://picsum.photos/id/218/200/200');
INSERT INTO SONGS (song_id, album_id, title, duration, genre, release_date, rank, image) VALUES (483, 20, 'Song uo9VkqAEWT', 215, 'Alternative', '2020-07-15', 143, 'https://picsum.photos/id/234/200/200');
INSERT INTO SONGS (song_id, album_id, title, duration, genre, release_date, rank, image) VALUES (484, 39, 'Song NqXC95vwFO', 150, 'Indie', '2016-12-08', 582, 'https://picsum.photos/id/212/200/200');
INSERT INTO SONGS (song_id, album_id, title, duration, genre, release_date, rank, image) VALUES (485, 72, 'Song lU7l8SsCjq', 227, 'Rock', '2021-04-14', 288, 'https://picsum.photos/id/222/200/200');
INSERT INTO SONGS (song_id, album_id, title, duration, genre, release_date, rank, image) VALUES (486, 71, 'Song 1Ec7Oi7o3v', 339, 'Alternative', '2019-09-27', 783, 'https://picsum.photos/id/230/200/200');
INSERT INTO SONGS (song_id, album_id, title, duration, genre, release_date, rank, image) VALUES (487, 47, 'Song e07X2dlMdO', 276, 'Blues', '2016-11-23', 656, 'https://picsum.photos/id/269/200/200');
INSERT INTO SONGS (song_id, album_id, title, duration, genre, release_date, rank, image) VALUES (488, 155, 'Song j9hh81dG5W', 436, 'Pop', '2016-10-13', 405, 'https://picsum.photos/id/251/200/200');
INSERT INTO SONGS (song_id, album_id, title, duration, genre, release_date, rank, image) VALUES (489, 178, 'Song D5aVhHDslC', 476, 'Electronic', '2014-11-06', 321, 'https://picsum.photos/id/219/200/200');
INSERT INTO SONGS (song_id, album_id, title, duration, genre, release_date, rank, image) VALUES (490, 131, 'Song aOUeWHmd94', 243, 'Reggae', '2014-07-03', 665, 'https://picsum.photos/id/292/200/200');
INSERT INTO SONGS (song_id, album_id, title, duration, genre, release_date, rank, image) VALUES (491, 44, 'Song 1BKb86kp0X', 311, 'Dance', '2016-04-07', 534, 'https://picsum.photos/id/255/200/200');
INSERT INTO SONGS (song_id, album_id, title, duration, genre, release_date, rank, image) VALUES (492, 127, 'Song UjIK5PNwBV', 214, 'Reggae', '2020-11-14', 359, 'https://picsum.photos/id/258/200/200');
INSERT INTO SONGS (song_id, album_id, title, duration, genre, release_date, rank, image) VALUES (493, 157, 'Song gg8dcsk8Xh', 361, 'Country', '2022-06-12', 468, 'https://picsum.photos/id/249/200/200');
INSERT INTO SONGS (song_id, album_id, title, duration, genre, release_date, rank, image) VALUES (494, 193, 'Song KOH8DrVqqs', 457, 'Jazz', '2022-05-30', 901, 'https://picsum.photos/id/257/200/200');
INSERT INTO SONGS (song_id, album_id, title, duration, genre, release_date, rank, image) VALUES (495, 200, 'Song kpm0vvijUW', 339, 'Reggae', '2019-04-21', 634, 'https://picsum.photos/id/203/200/200');
INSERT INTO SONGS (song_id, album_id, title, duration, genre, release_date, rank, image) VALUES (496, 116, 'Song LHntEBEolm', 245, 'Indie', '2016-03-02', 498, 'https://picsum.photos/id/245/200/200');
INSERT INTO SONGS (song_id, album_id, title, duration, genre, release_date, rank, image) VALUES (497, 99, 'Song t6bVdwlUDv', 299, 'Metal', '2021-02-27', 162, 'https://picsum.photos/id/236/200/200');
INSERT INTO SONGS (song_id, album_id, title, duration, genre, release_date, rank, image) VALUES (498, 147, 'Song t8EYwmgL00', 401, 'Folk', '2008-07-24', 786, 'https://picsum.photos/id/261/200/200');
INSERT INTO SONGS (song_id, album_id, title, duration, genre, release_date, rank, image) VALUES (499, 40, 'Song 0GyDEZXBp1', 168, 'Reggae', '2022-06-05', 337, 'https://picsum.photos/id/287/200/200');
INSERT INTO SONGS (song_id, album_id, title, duration, genre, release_date, rank, image) VALUES (500, 79, 'Song NfKqumdXIb', 232, 'Reggae', '2019-10-17', 537, 'https://picsum.photos/id/231/200/200');
INSERT INTO SONGS (song_id, album_id, title, duration, genre, release_date, rank, image) VALUES (501, 71, 'Song SYSc8bGaLb', 198, 'Reggae', '2017-03-23', 166, 'https://picsum.photos/id/214/200/200');
INSERT INTO SONGS (song_id, album_id, title, duration, genre, release_date, rank, image) VALUES (502, 146, 'Song Ir681xrqbq', 403, 'Folk', '2012-10-26', 444, 'https://picsum.photos/id/206/200/200');
INSERT INTO SONGS (song_id, album_id, title, duration, genre, release_date, rank, image) VALUES (503, 187, 'Song 6xL0H3hUBq', 401, 'Dance', '2015-02-19', 937, 'https://picsum.photos/id/300/200/200');
INSERT INTO SONGS (song_id, album_id, title, duration, genre, release_date, rank, image) VALUES (504, 193, 'Song 029FPrLUpg', 321, 'Metal', '2010-05-24', 812, 'https://picsum.photos/id/202/200/200');
INSERT INTO SONGS (song_id, album_id, title, duration, genre, release_date, rank, image) VALUES (505, 109, 'Song XHHO03LGqY', 318, 'Indie', '2008-06-30', 167, 'https://picsum.photos/id/211/200/200');
INSERT INTO SONGS (song_id, album_id, title, duration, genre, release_date, rank, image) VALUES (506, 182, 'Song PdarioBSuj', 307, 'Indie', '2012-11-02', 493, 'https://picsum.photos/id/279/200/200');
INSERT INTO SONGS (song_id, album_id, title, duration, genre, release_date, rank, image) VALUES (507, 76, 'Song vJDMwv5X5l', 215, 'Folk', '2018-06-09', 485, 'https://picsum.photos/id/258/200/200');
INSERT INTO SONGS (song_id, album_id, title, duration, genre, release_date, rank, image) VALUES (508, 137, 'Song ORfljisXLg', 205, 'Classical', '2009-05-31', 665, 'https://picsum.photos/id/298/200/200');
INSERT INTO SONGS (song_id, album_id, title, duration, genre, release_date, rank, image) VALUES (509, 167, 'Song hBOGrniTcg', 153, 'Dance', '2014-01-17', 538, 'https://picsum.photos/id/207/200/200');
INSERT INTO SONGS (song_id, album_id, title, duration, genre, release_date, rank, image) VALUES (510, 46, 'Song W7bTE9Zfrg', 251, 'Alternative', '2023-11-03', 916, 'https://picsum.photos/id/261/200/200');
INSERT INTO SONGS (song_id, album_id, title, duration, genre, release_date, rank, image) VALUES (511, 125, 'Song vYhz9b1Vbb', 282, 'Electronic', '2012-01-17', 376, 'https://picsum.photos/id/279/200/200');
INSERT INTO SONGS (song_id, album_id, title, duration, genre, release_date, rank, image) VALUES (512, 22, 'Song 7dkVpljahw', 338, 'Metal', '2015-09-24', 631, 'https://picsum.photos/id/233/200/200');
INSERT INTO SONGS (song_id, album_id, title, duration, genre, release_date, rank, image) VALUES (513, 85, 'Song 5tRPWaC5ns', 187, 'Dance', '2016-08-31', 654, 'https://picsum.photos/id/211/200/200');
INSERT INTO SONGS (song_id, album_id, title, duration, genre, release_date, rank, image) VALUES (514, 93, 'Song aJKvwIEIz5', 480, 'Blues', '2023-06-25', 483, 'https://picsum.photos/id/280/200/200');
INSERT INTO SONGS (song_id, album_id, title, duration, genre, release_date, rank, image) VALUES (515, 46, 'Song 0JspPvOwMi', 439, 'Classical', '2014-08-11', 139, 'https://picsum.photos/id/260/200/200');
INSERT INTO SONGS (song_id, album_id, title, duration, genre, release_date, rank, image) VALUES (516, 126, 'Song 013opNqAiA', 246, 'Dance', '2020-06-10', 741, 'https://picsum.photos/id/258/200/200');
INSERT INTO SONGS (song_id, album_id, title, duration, genre, release_date, rank, image) VALUES (517, 71, 'Song fnembe66aq', 336, 'Rock', '2014-09-22', 942, 'https://picsum.photos/id/204/200/200');
INSERT INTO SONGS (song_id, album_id, title, duration, genre, release_date, rank, image) VALUES (518, 33, 'Song BJylN7g8AW', 453, 'Reggae', '2016-03-14', 516, 'https://picsum.photos/id/257/200/200');
INSERT INTO SONGS (song_id, album_id, title, duration, genre, release_date, rank, image) VALUES (519, 182, 'Song 4kqgH29VmJ', 401, 'Indie', '2016-12-30', 307, 'https://picsum.photos/id/273/200/200');
INSERT INTO SONGS (song_id, album_id, title, duration, genre, release_date, rank, image) VALUES (520, 119, 'Song gjZhJY5fNj', 250, 'Indie', '2019-06-19', 536, 'https://picsum.photos/id/299/200/200');
INSERT INTO SONGS (song_id, album_id, title, duration, genre, release_date, rank, image) VALUES (521, 63, 'Song MXW2em4jeW', 466, 'Blues', '2012-04-19', 187, 'https://picsum.photos/id/227/200/200');
INSERT INTO SONGS (song_id, album_id, title, duration, genre, release_date, rank, image) VALUES (522, 100, 'Song yFfkX5ibmm', 270, 'Reggae', '2024-02-18', 834, 'https://picsum.photos/id/277/200/200');
INSERT INTO SONGS (song_id, album_id, title, duration, genre, release_date, rank, image) VALUES (523, 102, 'Song 645eVtZTIj', 384, 'Electronic', '2014-11-02', 905, 'https://picsum.photos/id/267/200/200');
INSERT INTO SONGS (song_id, album_id, title, duration, genre, release_date, rank, image) VALUES (524, 81, 'Song 1j3mmrmJ3I', 271, 'Alternative', '2023-11-30', 564, 'https://picsum.photos/id/254/200/200');
INSERT INTO SONGS (song_id, album_id, title, duration, genre, release_date, rank, image) VALUES (525, 199, 'Song maw9jUZjfb', 416, 'Dance', '2017-07-18', 55, 'https://picsum.photos/id/259/200/200');
INSERT INTO SONGS (song_id, album_id, title, duration, genre, release_date, rank, image) VALUES (526, 195, 'Song ElkITqYEF2', 396, 'Indie', '2019-08-17', 244, 'https://picsum.photos/id/233/200/200');
INSERT INTO SONGS (song_id, album_id, title, duration, genre, release_date, rank, image) VALUES (527, 163, 'Song XfwQHcvqSY', 292, 'Dance', '2012-05-05', 243, 'https://picsum.photos/id/249/200/200');
INSERT INTO SONGS (song_id, album_id, title, duration, genre, release_date, rank, image) VALUES (528, 16, 'Song 2tv3lN9mLi', 193, 'Electronic', '2016-06-29', 55, 'https://picsum.photos/id/276/200/200');
INSERT INTO SONGS (song_id, album_id, title, duration, genre, release_date, rank, image) VALUES (529, 57, 'Song LpWkfFuCbf', 157, 'Blues', '2022-06-09', 85, 'https://picsum.photos/id/241/200/200');
INSERT INTO SONGS (song_id, album_id, title, duration, genre, release_date, rank, image) VALUES (530, 191, 'Song QCsVaBCjvg', 381, 'Blues', '2010-08-05', 17, 'https://picsum.photos/id/211/200/200');
INSERT INTO SONGS (song_id, album_id, title, duration, genre, release_date, rank, image) VALUES (531, 62, 'Song 2TJkg4HfIv', 462, 'Metal', '2020-01-06', 821, 'https://picsum.photos/id/212/200/200');
INSERT INTO SONGS (song_id, album_id, title, duration, genre, release_date, rank, image) VALUES (532, 107, 'Song ywX0VUfyDn', 290, 'Alternative', '2019-04-07', 958, 'https://picsum.photos/id/285/200/200');
INSERT INTO SONGS (song_id, album_id, title, duration, genre, release_date, rank, image) VALUES (533, 191, 'Song wi3Xd98m3l', 361, 'Jazz', '2008-08-28', 473, 'https://picsum.photos/id/284/200/200');
INSERT INTO SONGS (song_id, album_id, title, duration, genre, release_date, rank, image) VALUES (534, 58, 'Song kvW5dvQapI', 250, 'Classical', '2015-03-14', 792, 'https://picsum.photos/id/261/200/200');
INSERT INTO SONGS (song_id, album_id, title, duration, genre, release_date, rank, image) VALUES (535, 37, 'Song WkjGbMf3mk', 266, 'Blues', '2014-08-18', 16, 'https://picsum.photos/id/299/200/200');
INSERT INTO SONGS (song_id, album_id, title, duration, genre, release_date, rank, image) VALUES (536, 8, 'Song WJELa8QPdm', 285, 'Hip Hop', '2009-08-07', 65, 'https://picsum.photos/id/299/200/200');
INSERT INTO SONGS (song_id, album_id, title, duration, genre, release_date, rank, image) VALUES (537, 18, 'Song 9AE1p9q6ke', 262, 'Rock', '2020-07-07', 990, 'https://picsum.photos/id/226/200/200');
INSERT INTO SONGS (song_id, album_id, title, duration, genre, release_date, rank, image) VALUES (538, 136, 'Song aFHKWN9A2p', 297, 'R&B', '2023-05-08', 381, 'https://picsum.photos/id/206/200/200');
INSERT INTO SONGS (song_id, album_id, title, duration, genre, release_date, rank, image) VALUES (539, 88, 'Song 7UVUc1u8FK', 452, 'Classical', '2019-09-10', 254, 'https://picsum.photos/id/293/200/200');
INSERT INTO SONGS (song_id, album_id, title, duration, genre, release_date, rank, image) VALUES (540, 189, 'Song cehuhPWDzV', 219, 'Classical', '2022-11-07', 61, 'https://picsum.photos/id/229/200/200');
INSERT INTO SONGS (song_id, album_id, title, duration, genre, release_date, rank, image) VALUES (541, 191, 'Song g6XYQlfUiC', 226, 'Folk', '2016-12-30', 110, 'https://picsum.photos/id/293/200/200');
INSERT INTO SONGS (song_id, album_id, title, duration, genre, release_date, rank, image) VALUES (542, 196, 'Song iDKuBepzg3', 226, 'Indie', '2008-10-16', 264, 'https://picsum.photos/id/209/200/200');
INSERT INTO SONGS (song_id, album_id, title, duration, genre, release_date, rank, image) VALUES (543, 75, 'Song f7qfzcx11T', 276, 'Classical', '2010-06-22', 621, 'https://picsum.photos/id/264/200/200');
INSERT INTO SONGS (song_id, album_id, title, duration, genre, release_date, rank, image) VALUES (544, 138, 'Song wZ49GaRhnx', 428, 'Hip Hop', '2023-03-28', 340, 'https://picsum.photos/id/224/200/200');
INSERT INTO SONGS (song_id, album_id, title, duration, genre, release_date, rank, image) VALUES (545, 161, 'Song bQhRH6zsnC', 395, 'Blues', '2014-12-20', 172, 'https://picsum.photos/id/269/200/200');
INSERT INTO SONGS (song_id, album_id, title, duration, genre, release_date, rank, image) VALUES (546, 52, 'Song sO5vWXmJcR', 271, 'Indie', '2016-06-13', 451, 'https://picsum.photos/id/281/200/200');
INSERT INTO SONGS (song_id, album_id, title, duration, genre, release_date, rank, image) VALUES (547, 60, 'Song WRHFHTqIol', 171, 'R&B', '2014-09-18', 390, 'https://picsum.photos/id/258/200/200');
INSERT INTO SONGS (song_id, album_id, title, duration, genre, release_date, rank, image) VALUES (548, 38, 'Song 83TWSQ9x9N', 150, 'Rock', '2009-05-27', 432, 'https://picsum.photos/id/209/200/200');
INSERT INTO SONGS (song_id, album_id, title, duration, genre, release_date, rank, image) VALUES (549, 129, 'Song encXEYmM2M', 355, 'Country', '2010-04-20', 866, 'https://picsum.photos/id/245/200/200');
INSERT INTO SONGS (song_id, album_id, title, duration, genre, release_date, rank, image) VALUES (550, 138, 'Song ReKiJqA2xE', 452, 'Folk', '2012-07-07', 782, 'https://picsum.photos/id/236/200/200');
INSERT INTO SONGS (song_id, album_id, title, duration, genre, release_date, rank, image) VALUES (551, 75, 'Song ZqU8XowUCE', 239, 'Jazz', '2017-09-17', 550, 'https://picsum.photos/id/258/200/200');
INSERT INTO SONGS (song_id, album_id, title, duration, genre, release_date, rank, image) VALUES (552, 143, 'Song OJVnXTMLOF', 358, 'Folk', '2013-04-17', 971, 'https://picsum.photos/id/250/200/200');
INSERT INTO SONGS (song_id, album_id, title, duration, genre, release_date, rank, image) VALUES (553, 118, 'Song UdpUl1OSvd', 214, 'Dance', '2013-07-23', 46, 'https://picsum.photos/id/263/200/200');
INSERT INTO SONGS (song_id, album_id, title, duration, genre, release_date, rank, image) VALUES (554, 117, 'Song WhU9Yqf2w0', 120, 'R&B', '2011-08-27', 260, 'https://picsum.photos/id/242/200/200');
INSERT INTO SONGS (song_id, album_id, title, duration, genre, release_date, rank, image) VALUES (555, 134, 'Song 5YP3p4a6T3', 370, 'Rock', '2011-12-03', 478, 'https://picsum.photos/id/247/200/200');
INSERT INTO SONGS (song_id, album_id, title, duration, genre, release_date, rank, image) VALUES (556, 59, 'Song kj1Xgqs0xh', 245, 'Reggae', '2014-12-08', 339, 'https://picsum.photos/id/251/200/200');
INSERT INTO SONGS (song_id, album_id, title, duration, genre, release_date, rank, image) VALUES (557, 179, 'Song 6FTDtpCQhF', 174, 'Folk', '2010-01-25', 717, 'https://picsum.photos/id/268/200/200');
INSERT INTO SONGS (song_id, album_id, title, duration, genre, release_date, rank, image) VALUES (558, 93, 'Song HPsFbdndtY', 449, 'Metal', '2023-08-22', 337, 'https://picsum.photos/id/211/200/200');
INSERT INTO SONGS (song_id, album_id, title, duration, genre, release_date, rank, image) VALUES (559, 53, 'Song mEL2u0CzzZ', 332, 'R&B', '2008-11-11', 959, 'https://picsum.photos/id/253/200/200');
INSERT INTO SONGS (song_id, album_id, title, duration, genre, release_date, rank, image) VALUES (560, 194, 'Song 7gsxczgXfh', 206, 'Metal', '2009-09-06', 63, 'https://picsum.photos/id/244/200/200');
INSERT INTO SONGS (song_id, album_id, title, duration, genre, release_date, rank, image) VALUES (561, 30, 'Song YF7suV0cRq', 322, 'Electronic', '2022-07-09', 778, 'https://picsum.photos/id/202/200/200');
INSERT INTO SONGS (song_id, album_id, title, duration, genre, release_date, rank, image) VALUES (562, 59, 'Song tbAeBoipeM', 134, 'Metal', '2012-07-27', 122, 'https://picsum.photos/id/261/200/200');
INSERT INTO SONGS (song_id, album_id, title, duration, genre, release_date, rank, image) VALUES (563, 28, 'Song 0f7kFV5SpQ', 151, 'Country', '2008-03-01', 750, 'https://picsum.photos/id/255/200/200');
INSERT INTO SONGS (song_id, album_id, title, duration, genre, release_date, rank, image) VALUES (564, 157, 'Song 3PS3MvZ3zn', 312, 'Indie', '2012-02-15', 875, 'https://picsum.photos/id/232/200/200');
INSERT INTO SONGS (song_id, album_id, title, duration, genre, release_date, rank, image) VALUES (565, 47, 'Song vFikIJAqne', 211, 'Rock', '2010-05-19', 817, 'https://picsum.photos/id/253/200/200');
INSERT INTO SONGS (song_id, album_id, title, duration, genre, release_date, rank, image) VALUES (566, 142, 'Song gedzt8ewgk', 179, 'Folk', '2011-01-29', 891, 'https://picsum.photos/id/262/200/200');
INSERT INTO SONGS (song_id, album_id, title, duration, genre, release_date, rank, image) VALUES (567, 11, 'Song Xov0A7dC9V', 375, 'Metal', '2021-11-22', 269, 'https://picsum.photos/id/252/200/200');
INSERT INTO SONGS (song_id, album_id, title, duration, genre, release_date, rank, image) VALUES (568, 102, 'Song 8QUCo5Lyhi', 221, 'Folk', '2009-08-03', 359, 'https://picsum.photos/id/220/200/200');
INSERT INTO SONGS (song_id, album_id, title, duration, genre, release_date, rank, image) VALUES (569, 6, 'Song Wzqn4pKg5T', 399, 'Folk', '2012-08-17', 175, 'https://picsum.photos/id/263/200/200');
INSERT INTO SONGS (song_id, album_id, title, duration, genre, release_date, rank, image) VALUES (570, 144, 'Song 1zEOpFbrcf', 393, 'Electronic', '2024-04-01', 786, 'https://picsum.photos/id/216/200/200');
INSERT INTO SONGS (song_id, album_id, title, duration, genre, release_date, rank, image) VALUES (571, 41, 'Song CbzutOOySs', 184, 'R&B', '2018-12-20', 946, 'https://picsum.photos/id/284/200/200');
INSERT INTO SONGS (song_id, album_id, title, duration, genre, release_date, rank, image) VALUES (572, 8, 'Song g5CzV1Wk7D', 364, 'Rock', '2009-11-08', 51, 'https://picsum.photos/id/212/200/200');
INSERT INTO SONGS (song_id, album_id, title, duration, genre, release_date, rank, image) VALUES (573, 65, 'Song xAUKDWVp39', 214, 'Electronic', '2022-06-20', 47, 'https://picsum.photos/id/287/200/200');
INSERT INTO SONGS (song_id, album_id, title, duration, genre, release_date, rank, image) VALUES (574, 3, 'Song Wd3ut7P311', 298, 'Classical', '2012-04-20', 86, 'https://picsum.photos/id/227/200/200');
INSERT INTO SONGS (song_id, album_id, title, duration, genre, release_date, rank, image) VALUES (575, 2, 'Song Ia7F8PqlOk', 194, 'Classical', '2015-08-12', 259, 'https://picsum.photos/id/256/200/200');
INSERT INTO SONGS (song_id, album_id, title, duration, genre, release_date, rank, image) VALUES (576, 182, 'Song vzgtuRiJxi', 192, 'Dance', '2019-04-07', 250, 'https://picsum.photos/id/231/200/200');
INSERT INTO SONGS (song_id, album_id, title, duration, genre, release_date, rank, image) VALUES (577, 154, 'Song zArthCQEKT', 218, 'R&B', '2008-08-01', 416, 'https://picsum.photos/id/262/200/200');
INSERT INTO SONGS (song_id, album_id, title, duration, genre, release_date, rank, image) VALUES (578, 184, 'Song GG7NKFhpJo', 154, 'Classical', '2020-09-25', 102, 'https://picsum.photos/id/203/200/200');
INSERT INTO SONGS (song_id, album_id, title, duration, genre, release_date, rank, image) VALUES (579, 78, 'Song D2c8OvfBJX', 182, 'Indie', '2012-10-23', 441, 'https://picsum.photos/id/218/200/200');
INSERT INTO SONGS (song_id, album_id, title, duration, genre, release_date, rank, image) VALUES (580, 41, 'Song dGr1pYZtlG', 370, 'Country', '2012-12-20', 188, 'https://picsum.photos/id/284/200/200');
INSERT INTO SONGS (song_id, album_id, title, duration, genre, release_date, rank, image) VALUES (581, 58, 'Song zOYTCMj4H8', 335, 'Alternative', '2021-07-10', 223, 'https://picsum.photos/id/295/200/200');
INSERT INTO SONGS (song_id, album_id, title, duration, genre, release_date, rank, image) VALUES (582, 5, 'Song 92iEJbRtVI', 463, 'Dance', '2019-11-19', 118, 'https://picsum.photos/id/290/200/200');
INSERT INTO SONGS (song_id, album_id, title, duration, genre, release_date, rank, image) VALUES (583, 108, 'Song aieE4fAvTJ', 184, 'Classical', '2020-10-04', 422, 'https://picsum.photos/id/228/200/200');
INSERT INTO SONGS (song_id, album_id, title, duration, genre, release_date, rank, image) VALUES (584, 130, 'Song zA4ahOBufv', 284, 'Reggae', '2020-03-21', 889, 'https://picsum.photos/id/297/200/200');
INSERT INTO SONGS (song_id, album_id, title, duration, genre, release_date, rank, image) VALUES (585, 86, 'Song zlAWZQE1H5', 239, 'Country', '2018-11-10', 420, 'https://picsum.photos/id/223/200/200');
INSERT INTO SONGS (song_id, album_id, title, duration, genre, release_date, rank, image) VALUES (586, 44, 'Song pMT4HMTdHK', 146, 'Rock', '2018-07-11', 444, 'https://picsum.photos/id/273/200/200');
INSERT INTO SONGS (song_id, album_id, title, duration, genre, release_date, rank, image) VALUES (587, 138, 'Song fpDJP3fhCR', 287, 'Metal', '2012-01-11', 3, 'https://picsum.photos/id/246/200/200');
INSERT INTO SONGS (song_id, album_id, title, duration, genre, release_date, rank, image) VALUES (588, 64, 'Song BnbleM3q9n', 263, 'Rock', '2010-12-29', 873, 'https://picsum.photos/id/256/200/200');
INSERT INTO SONGS (song_id, album_id, title, duration, genre, release_date, rank, image) VALUES (589, 174, 'Song UYhRugNBA9', 379, 'Pop', '2019-09-30', 151, 'https://picsum.photos/id/247/200/200');
INSERT INTO SONGS (song_id, album_id, title, duration, genre, release_date, rank, image) VALUES (590, 83, 'Song SrlMDT7mq3', 323, 'Jazz', '2014-01-30', 286, 'https://picsum.photos/id/228/200/200');
INSERT INTO SONGS (song_id, album_id, title, duration, genre, release_date, rank, image) VALUES (591, 131, 'Song XHv1iwXVYD', 332, 'Reggae', '2014-01-27', 362, 'https://picsum.photos/id/260/200/200');
INSERT INTO SONGS (song_id, album_id, title, duration, genre, release_date, rank, image) VALUES (592, 174, 'Song x2PM0HUVaZ', 480, 'Reggae', '2022-05-12', 258, 'https://picsum.photos/id/275/200/200');
INSERT INTO SONGS (song_id, album_id, title, duration, genre, release_date, rank, image) VALUES (593, 110, 'Song Bfry0DZwDi', 426, 'Classical', '2012-07-29', 280, 'https://picsum.photos/id/226/200/200');
INSERT INTO SONGS (song_id, album_id, title, duration, genre, release_date, rank, image) VALUES (594, 172, 'Song AcPUvJN8cp', 383, 'Jazz', '2018-11-23', 356, 'https://picsum.photos/id/250/200/200');
INSERT INTO SONGS (song_id, album_id, title, duration, genre, release_date, rank, image) VALUES (595, 11, 'Song aTgYrAJzGQ', 219, 'Electronic', '2010-12-24', 249, 'https://picsum.photos/id/265/200/200');
INSERT INTO SONGS (song_id, album_id, title, duration, genre, release_date, rank, image) VALUES (596, 178, 'Song xsrslUq1Yp', 299, 'Pop', '2009-01-25', 9, 'https://picsum.photos/id/298/200/200');
INSERT INTO SONGS (song_id, album_id, title, duration, genre, release_date, rank, image) VALUES (597, 187, 'Song M2InsGsjzz', 262, 'Hip Hop', '2016-06-04', 474, 'https://picsum.photos/id/289/200/200');
INSERT INTO SONGS (song_id, album_id, title, duration, genre, release_date, rank, image) VALUES (598, 131, 'Song F3s6pnNxFY', 208, 'Electronic', '2023-12-02', 652, 'https://picsum.photos/id/244/200/200');
INSERT INTO SONGS (song_id, album_id, title, duration, genre, release_date, rank, image) VALUES (599, 42, 'Song SuzapnTvOz', 229, 'Country', '2016-03-16', 258, 'https://picsum.photos/id/272/200/200');
INSERT INTO SONGS (song_id, album_id, title, duration, genre, release_date, rank, image) VALUES (600, 162, 'Song HBDh3ZchdF', 363, 'Metal', '2012-02-03', 676, 'https://picsum.photos/id/217/200/200');
INSERT INTO SONGS (song_id, album_id, title, duration, genre, release_date, rank, image) VALUES (601, 191, 'Song AtHXpbsSFx', 319, 'Reggae', '2016-04-19', 74, 'https://picsum.photos/id/274/200/200');
INSERT INTO SONGS (song_id, album_id, title, duration, genre, release_date, rank, image) VALUES (602, 185, 'Song YZHRc4lSAb', 125, 'R&B', '2015-09-01', 943, 'https://picsum.photos/id/295/200/200');
INSERT INTO SONGS (song_id, album_id, title, duration, genre, release_date, rank, image) VALUES (603, 165, 'Song nKtwvYmwH7', 298, 'Alternative', '2017-03-16', 293, 'https://picsum.photos/id/233/200/200');
INSERT INTO SONGS (song_id, album_id, title, duration, genre, release_date, rank, image) VALUES (604, 153, 'Song BiwFvDy4H3', 312, 'Folk', '2015-09-09', 375, 'https://picsum.photos/id/290/200/200');
INSERT INTO SONGS (song_id, album_id, title, duration, genre, release_date, rank, image) VALUES (605, 200, 'Song vHf1qsWNgA', 462, 'Indie', '2008-06-15', 133, 'https://picsum.photos/id/255/200/200');
INSERT INTO SONGS (song_id, album_id, title, duration, genre, release_date, rank, image) VALUES (606, 172, 'Song wrKGXhqlSO', 408, 'Pop', '2019-08-12', 127, 'https://picsum.photos/id/274/200/200');
INSERT INTO SONGS (song_id, album_id, title, duration, genre, release_date, rank, image) VALUES (607, 83, 'Song zpLtfo9Dey', 134, 'Alternative', '2014-05-30', 442, 'https://picsum.photos/id/229/200/200');
INSERT INTO SONGS (song_id, album_id, title, duration, genre, release_date, rank, image) VALUES (608, 76, 'Song olB5f0p6HW', 372, 'Folk', '2008-04-10', 153, 'https://picsum.photos/id/234/200/200');
INSERT INTO SONGS (song_id, album_id, title, duration, genre, release_date, rank, image) VALUES (609, 29, 'Song 3gl0YVPYnr', 271, 'Pop', '2008-07-26', 392, 'https://picsum.photos/id/290/200/200');
INSERT INTO SONGS (song_id, album_id, title, duration, genre, release_date, rank, image) VALUES (610, 188, 'Song EmbOgR6GNV', 411, 'Blues', '2010-01-26', 826, 'https://picsum.photos/id/219/200/200');
INSERT INTO SONGS (song_id, album_id, title, duration, genre, release_date, rank, image) VALUES (611, 50, 'Song 96776053SE', 346, 'Jazz', '2008-02-24', 578, 'https://picsum.photos/id/206/200/200');
INSERT INTO SONGS (song_id, album_id, title, duration, genre, release_date, rank, image) VALUES (612, 177, 'Song DlOVx1J4kD', 260, 'Hip Hop', '2009-08-30', 261, 'https://picsum.photos/id/265/200/200');
INSERT INTO SONGS (song_id, album_id, title, duration, genre, release_date, rank, image) VALUES (613, 3, 'Song uG4E4qLD2O', 391, 'Jazz', '2008-01-19', 598, 'https://picsum.photos/id/236/200/200');
INSERT INTO SONGS (song_id, album_id, title, duration, genre, release_date, rank, image) VALUES (614, 116, 'Song 194zjMshve', 335, 'Folk', '2019-09-21', 541, 'https://picsum.photos/id/257/200/200');
INSERT INTO SONGS (song_id, album_id, title, duration, genre, release_date, rank, image) VALUES (615, 29, 'Song WXh8IPyOWH', 144, 'Indie', '2010-04-15', 300, 'https://picsum.photos/id/300/200/200');
INSERT INTO SONGS (song_id, album_id, title, duration, genre, release_date, rank, image) VALUES (616, 174, 'Song LBDLmOTmrt', 241, 'Folk', '2015-06-09', 749, 'https://picsum.photos/id/237/200/200');
INSERT INTO SONGS (song_id, album_id, title, duration, genre, release_date, rank, image) VALUES (617, 155, 'Song 4I4Z0NULLG', 182, 'Reggae', '2022-09-19', 851, 'https://picsum.photos/id/205/200/200');
INSERT INTO SONGS (song_id, album_id, title, duration, genre, release_date, rank, image) VALUES (618, 198, 'Song bL0LFGcQ4V', 239, 'Rock', '2021-10-05', 482, 'https://picsum.photos/id/269/200/200');
INSERT INTO SONGS (song_id, album_id, title, duration, genre, release_date, rank, image) VALUES (619, 35, 'Song FrJSCXw8cU', 439, 'Indie', '2019-06-04', 454, 'https://picsum.photos/id/286/200/200');
INSERT INTO SONGS (song_id, album_id, title, duration, genre, release_date, rank, image) VALUES (620, 45, 'Song Lg8Z7GgBrS', 304, 'Folk', '2015-09-03', 109, 'https://picsum.photos/id/237/200/200');
INSERT INTO SONGS (song_id, album_id, title, duration, genre, release_date, rank, image) VALUES (621, 44, 'Song Dsc4b8QoLR', 283, 'Indie', '2011-07-02', 909, 'https://picsum.photos/id/281/200/200');
INSERT INTO SONGS (song_id, album_id, title, duration, genre, release_date, rank, image) VALUES (622, 40, 'Song xRkzxLqpxu', 362, 'Indie', '2020-09-19', 557, 'https://picsum.photos/id/249/200/200');
INSERT INTO SONGS (song_id, album_id, title, duration, genre, release_date, rank, image) VALUES (623, 91, 'Song Pz0eYvzAnG', 125, 'Jazz', '2014-08-13', 500, 'https://picsum.photos/id/236/200/200');
INSERT INTO SONGS (song_id, album_id, title, duration, genre, release_date, rank, image) VALUES (624, 188, 'Song HfHw6LaEgi', 381, 'Blues', '2023-03-30', 229, 'https://picsum.photos/id/290/200/200');
INSERT INTO SONGS (song_id, album_id, title, duration, genre, release_date, rank, image) VALUES (625, 5, 'Song yT6b5352Nu', 288, 'Indie', '2024-04-12', 727, 'https://picsum.photos/id/259/200/200');
INSERT INTO SONGS (song_id, album_id, title, duration, genre, release_date, rank, image) VALUES (626, 136, 'Song u6cScsL2h6', 303, 'Metal', '2013-10-26', 151, 'https://picsum.photos/id/278/200/200');
INSERT INTO SONGS (song_id, album_id, title, duration, genre, release_date, rank, image) VALUES (627, 113, 'Song JeD9eCZpWl', 212, 'Indie', '2019-04-24', 778, 'https://picsum.photos/id/268/200/200');
INSERT INTO SONGS (song_id, album_id, title, duration, genre, release_date, rank, image) VALUES (628, 15, 'Song AKxfBk0t7y', 160, 'Metal', '2014-12-28', 25, 'https://picsum.photos/id/202/200/200');
INSERT INTO SONGS (song_id, album_id, title, duration, genre, release_date, rank, image) VALUES (629, 128, 'Song fgABtLh4u9', 347, 'Indie', '2016-05-10', 249, 'https://picsum.photos/id/281/200/200');
INSERT INTO SONGS (song_id, album_id, title, duration, genre, release_date, rank, image) VALUES (630, 99, 'Song R0doLiA02a', 186, 'Metal', '2015-07-10', 218, 'https://picsum.photos/id/273/200/200');
INSERT INTO SONGS (song_id, album_id, title, duration, genre, release_date, rank, image) VALUES (631, 48, 'Song X4okQXhWKm', 391, 'Pop', '2017-09-14', 502, 'https://picsum.photos/id/213/200/200');
INSERT INTO SONGS (song_id, album_id, title, duration, genre, release_date, rank, image) VALUES (632, 96, 'Song SNnWuCPOsp', 373, 'Electronic', '2008-08-09', 609, 'https://picsum.photos/id/231/200/200');
INSERT INTO SONGS (song_id, album_id, title, duration, genre, release_date, rank, image) VALUES (633, 123, 'Song 8bjTvD2I3Y', 348, 'Jazz', '2024-03-25', 656, 'https://picsum.photos/id/235/200/200');
INSERT INTO SONGS (song_id, album_id, title, duration, genre, release_date, rank, image) VALUES (634, 77, 'Song eafdOhq3a5', 128, 'Pop', '2020-12-24', 251, 'https://picsum.photos/id/231/200/200');
INSERT INTO SONGS (song_id, album_id, title, duration, genre, release_date, rank, image) VALUES (635, 161, 'Song kCeKy07Azu', 337, 'Classical', '2018-05-09', 814, 'https://picsum.photos/id/225/200/200');
INSERT INTO SONGS (song_id, album_id, title, duration, genre, release_date, rank, image) VALUES (636, 184, 'Song ITK7xQwbGm', 331, 'Dance', '2021-04-27', 639, 'https://picsum.photos/id/213/200/200');
INSERT INTO SONGS (song_id, album_id, title, duration, genre, release_date, rank, image) VALUES (637, 178, 'Song 6lda6uJOnz', 189, 'Country', '2010-11-13', 469, 'https://picsum.photos/id/247/200/200');
INSERT INTO SONGS (song_id, album_id, title, duration, genre, release_date, rank, image) VALUES (638, 14, 'Song vF2J1nLU6V', 401, 'Dance', '2019-10-03', 874, 'https://picsum.photos/id/281/200/200');
INSERT INTO SONGS (song_id, album_id, title, duration, genre, release_date, rank, image) VALUES (639, 75, 'Song QaqXQlHKe5', 157, 'Metal', '2010-12-01', 614, 'https://picsum.photos/id/247/200/200');
INSERT INTO SONGS (song_id, album_id, title, duration, genre, release_date, rank, image) VALUES (640, 180, 'Song pF7EzSiKpc', 345, 'Jazz', '2019-05-22', 222, 'https://picsum.photos/id/285/200/200');
INSERT INTO SONGS (song_id, album_id, title, duration, genre, release_date, rank, image) VALUES (641, 197, 'Song v39Sepe3AI', 245, 'Country', '2012-10-26', 64, 'https://picsum.photos/id/258/200/200');
INSERT INTO SONGS (song_id, album_id, title, duration, genre, release_date, rank, image) VALUES (642, 15, 'Song T8iTt7W5MC', 453, 'Reggae', '2011-05-11', 953, 'https://picsum.photos/id/247/200/200');
INSERT INTO SONGS (song_id, album_id, title, duration, genre, release_date, rank, image) VALUES (643, 29, 'Song keeuR35HtT', 464, 'Hip Hop', '2008-05-02', 686, 'https://picsum.photos/id/238/200/200');
INSERT INTO SONGS (song_id, album_id, title, duration, genre, release_date, rank, image) VALUES (644, 118, 'Song CfldJxpEff', 139, 'R&B', '2019-04-07', 106, 'https://picsum.photos/id/256/200/200');
INSERT INTO SONGS (song_id, album_id, title, duration, genre, release_date, rank, image) VALUES (645, 71, 'Song BMeuIGXV78', 354, 'Electronic', '2013-05-08', 698, 'https://picsum.photos/id/203/200/200');
INSERT INTO SONGS (song_id, album_id, title, duration, genre, release_date, rank, image) VALUES (646, 184, 'Song qTUI8bkvXl', 202, 'Rock', '2024-03-19', 877, 'https://picsum.photos/id/204/200/200');
INSERT INTO SONGS (song_id, album_id, title, duration, genre, release_date, rank, image) VALUES (647, 135, 'Song 6mXAORByMS', 269, 'Jazz', '2018-05-08', 366, 'https://picsum.photos/id/255/200/200');
INSERT INTO SONGS (song_id, album_id, title, duration, genre, release_date, rank, image) VALUES (648, 88, 'Song iFfLNYtpp5', 466, 'Classical', '2009-05-22', 880, 'https://picsum.photos/id/222/200/200');
INSERT INTO SONGS (song_id, album_id, title, duration, genre, release_date, rank, image) VALUES (649, 28, 'Song exEZ4tw9Oq', 321, 'Country', '2012-04-15', 667, 'https://picsum.photos/id/250/200/200');
INSERT INTO SONGS (song_id, album_id, title, duration, genre, release_date, rank, image) VALUES (650, 193, 'Song Ty97JCwK9b', 173, 'Reggae', '2015-09-11', 82, 'https://picsum.photos/id/246/200/200');
INSERT INTO SONGS (song_id, album_id, title, duration, genre, release_date, rank, image) VALUES (651, 89, 'Song Nd1Rw7pGfD', 311, 'Country', '2009-07-04', 388, 'https://picsum.photos/id/231/200/200');
INSERT INTO SONGS (song_id, album_id, title, duration, genre, release_date, rank, image) VALUES (652, 159, 'Song XRAWMwvPaR', 421, 'Blues', '2020-05-07', 337, 'https://picsum.photos/id/284/200/200');
INSERT INTO SONGS (song_id, album_id, title, duration, genre, release_date, rank, image) VALUES (653, 10, 'Song laOshnJuKS', 134, 'Rock', '2013-07-04', 71, 'https://picsum.photos/id/292/200/200');
INSERT INTO SONGS (song_id, album_id, title, duration, genre, release_date, rank, image) VALUES (654, 134, 'Song p9wP2cq00I', 380, 'Dance', '2020-03-06', 683, 'https://picsum.photos/id/264/200/200');
INSERT INTO SONGS (song_id, album_id, title, duration, genre, release_date, rank, image) VALUES (655, 18, 'Song MrbWrqNxLA', 347, 'Country', '2016-01-23', 533, 'https://picsum.photos/id/264/200/200');
INSERT INTO SONGS (song_id, album_id, title, duration, genre, release_date, rank, image) VALUES (656, 56, 'Song qzLBP2IvNK', 260, 'Rock', '2020-04-20', 27, 'https://picsum.photos/id/296/200/200');
INSERT INTO SONGS (song_id, album_id, title, duration, genre, release_date, rank, image) VALUES (657, 17, 'Song pbaZBsFN1C', 432, 'Dance', '2023-05-31', 532, 'https://picsum.photos/id/288/200/200');
INSERT INTO SONGS (song_id, album_id, title, duration, genre, release_date, rank, image) VALUES (658, 109, 'Song 5lJr1NIx4y', 365, 'Dance', '2009-02-02', 334, 'https://picsum.photos/id/232/200/200');
INSERT INTO SONGS (song_id, album_id, title, duration, genre, release_date, rank, image) VALUES (659, 1, 'Song JcfZHon6np', 149, 'R&B', '2012-01-15', 598, 'https://picsum.photos/id/288/200/200');
INSERT INTO SONGS (song_id, album_id, title, duration, genre, release_date, rank, image) VALUES (660, 170, 'Song 0A9wuFsx9Q', 246, 'Jazz', '2012-08-07', 653, 'https://picsum.photos/id/222/200/200');
INSERT INTO SONGS (song_id, album_id, title, duration, genre, release_date, rank, image) VALUES (661, 99, 'Song ooCHfHxpn8', 448, 'Metal', '2023-12-11', 940, 'https://picsum.photos/id/224/200/200');
INSERT INTO SONGS (song_id, album_id, title, duration, genre, release_date, rank, image) VALUES (662, 29, 'Song Ti951DToci', 420, 'Blues', '2015-02-07', 458, 'https://picsum.photos/id/265/200/200');
INSERT INTO SONGS (song_id, album_id, title, duration, genre, release_date, rank, image) VALUES (663, 184, 'Song m66ryPYVy3', 462, 'Blues', '2023-07-17', 396, 'https://picsum.photos/id/215/200/200');
INSERT INTO SONGS (song_id, album_id, title, duration, genre, release_date, rank, image) VALUES (664, 193, 'Song xVi7E9A4qa', 382, 'Blues', '2021-05-04', 747, 'https://picsum.photos/id/284/200/200');
INSERT INTO SONGS (song_id, album_id, title, duration, genre, release_date, rank, image) VALUES (665, 69, 'Song NRFctjsvTX', 316, 'Indie', '2022-09-18', 653, 'https://picsum.photos/id/214/200/200');
INSERT INTO SONGS (song_id, album_id, title, duration, genre, release_date, rank, image) VALUES (666, 185, 'Song zvAYR9cFep', 340, 'Indie', '2014-04-17', 636, 'https://picsum.photos/id/299/200/200');
INSERT INTO SONGS (song_id, album_id, title, duration, genre, release_date, rank, image) VALUES (667, 164, 'Song nQiy7ItnQy', 331, 'Alternative', '2009-12-28', 17, 'https://picsum.photos/id/295/200/200');
INSERT INTO SONGS (song_id, album_id, title, duration, genre, release_date, rank, image) VALUES (668, 136, 'Song tZ7Yk3gmxe', 458, 'Dance', '2008-02-24', 753, 'https://picsum.photos/id/210/200/200');
INSERT INTO SONGS (song_id, album_id, title, duration, genre, release_date, rank, image) VALUES (669, 199, 'Song gwt60huPt5', 240, 'Dance', '2023-04-15', 102, 'https://picsum.photos/id/205/200/200');
INSERT INTO SONGS (song_id, album_id, title, duration, genre, release_date, rank, image) VALUES (670, 115, 'Song FEGMcE0v2W', 230, 'Dance', '2023-09-24', 244, 'https://picsum.photos/id/210/200/200');
INSERT INTO SONGS (song_id, album_id, title, duration, genre, release_date, rank, image) VALUES (671, 141, 'Song 8n3gBm7eKk', 130, 'Pop', '2013-12-14', 99, 'https://picsum.photos/id/218/200/200');
INSERT INTO SONGS (song_id, album_id, title, duration, genre, release_date, rank, image) VALUES (672, 163, 'Song 5FmJGOBmxG', 459, 'Reggae', '2017-06-23', 418, 'https://picsum.photos/id/288/200/200');
INSERT INTO SONGS (song_id, album_id, title, duration, genre, release_date, rank, image) VALUES (673, 97, 'Song 4NbApM8CEN', 252, 'Electronic', '2021-02-25', 135, 'https://picsum.photos/id/274/200/200');
INSERT INTO SONGS (song_id, album_id, title, duration, genre, release_date, rank, image) VALUES (674, 51, 'Song e9kPrypluH', 123, 'Pop', '2018-09-17', 260, 'https://picsum.photos/id/269/200/200');
INSERT INTO SONGS (song_id, album_id, title, duration, genre, release_date, rank, image) VALUES (675, 114, 'Song C21IpaZNwW', 426, 'Alternative', '2015-03-22', 425, 'https://picsum.photos/id/223/200/200');
INSERT INTO SONGS (song_id, album_id, title, duration, genre, release_date, rank, image) VALUES (676, 41, 'Song ct3iwjui5U', 317, 'Rock', '2011-08-07', 906, 'https://picsum.photos/id/234/200/200');
INSERT INTO SONGS (song_id, album_id, title, duration, genre, release_date, rank, image) VALUES (677, 187, 'Song EKFDrG0FoV', 401, 'Classical', '2023-08-31', 189, 'https://picsum.photos/id/231/200/200');
INSERT INTO SONGS (song_id, album_id, title, duration, genre, release_date, rank, image) VALUES (678, 144, 'Song 5o1TxMjcms', 279, 'Blues', '2010-06-04', 207, 'https://picsum.photos/id/275/200/200');
INSERT INTO SONGS (song_id, album_id, title, duration, genre, release_date, rank, image) VALUES (679, 61, 'Song 1QFBlWm3Ii', 363, 'Classical', '2022-05-22', 593, 'https://picsum.photos/id/253/200/200');
INSERT INTO SONGS (song_id, album_id, title, duration, genre, release_date, rank, image) VALUES (680, 151, 'Song eEwIdo6Dtc', 183, 'Country', '2024-01-18', 721, 'https://picsum.photos/id/216/200/200');
INSERT INTO SONGS (song_id, album_id, title, duration, genre, release_date, rank, image) VALUES (681, 49, 'Song frAqC4QCrh', 281, 'Reggae', '2008-02-14', 302, 'https://picsum.photos/id/293/200/200');
INSERT INTO SONGS (song_id, album_id, title, duration, genre, release_date, rank, image) VALUES (682, 140, 'Song p6w6H2IzRS', 282, 'Metal', '2015-07-17', 702, 'https://picsum.photos/id/220/200/200');
INSERT INTO SONGS (song_id, album_id, title, duration, genre, release_date, rank, image) VALUES (683, 176, 'Song MMTRa7Lz7C', 336, 'Indie', '2019-03-18', 786, 'https://picsum.photos/id/246/200/200');
INSERT INTO SONGS (song_id, album_id, title, duration, genre, release_date, rank, image) VALUES (684, 25, 'Song NyHwT390Al', 184, 'Rock', '2018-10-08', 291, 'https://picsum.photos/id/252/200/200');
INSERT INTO SONGS (song_id, album_id, title, duration, genre, release_date, rank, image) VALUES (685, 163, 'Song KepG4g3y0g', 271, 'Alternative', '2016-01-31', 118, 'https://picsum.photos/id/222/200/200');
INSERT INTO SONGS (song_id, album_id, title, duration, genre, release_date, rank, image) VALUES (686, 151, 'Song fZ1TEAXuzV', 454, 'Electronic', '2017-05-25', 687, 'https://picsum.photos/id/288/200/200');
INSERT INTO SONGS (song_id, album_id, title, duration, genre, release_date, rank, image) VALUES (687, 1, 'Song zz3fchknck', 279, 'R&B', '2022-07-12', 423, 'https://picsum.photos/id/266/200/200');
INSERT INTO SONGS (song_id, album_id, title, duration, genre, release_date, rank, image) VALUES (688, 11, 'Song cJt1KK0eun', 428, 'Rock', '2008-12-15', 873, 'https://picsum.photos/id/217/200/200');
INSERT INTO SONGS (song_id, album_id, title, duration, genre, release_date, rank, image) VALUES (689, 191, 'Song SPpOBPHMUm', 158, 'Classical', '2017-03-06', 980, 'https://picsum.photos/id/259/200/200');
INSERT INTO SONGS (song_id, album_id, title, duration, genre, release_date, rank, image) VALUES (690, 177, 'Song YvgbZbkscg', 322, 'Alternative', '2011-06-25', 621, 'https://picsum.photos/id/219/200/200');
INSERT INTO SONGS (song_id, album_id, title, duration, genre, release_date, rank, image) VALUES (691, 96, 'Song nzbaH072tb', 307, 'Folk', '2016-11-29', 700, 'https://picsum.photos/id/215/200/200');
INSERT INTO SONGS (song_id, album_id, title, duration, genre, release_date, rank, image) VALUES (692, 26, 'Song 7L10rP9vKj', 246, 'Rock', '2012-11-21', 41, 'https://picsum.photos/id/270/200/200');
INSERT INTO SONGS (song_id, album_id, title, duration, genre, release_date, rank, image) VALUES (693, 79, 'Song 9B5v7aQKeH', 449, 'Blues', '2021-03-12', 549, 'https://picsum.photos/id/289/200/200');
INSERT INTO SONGS (song_id, album_id, title, duration, genre, release_date, rank, image) VALUES (694, 39, 'Song 7pMfWxDeSb', 452, 'R&B', '2012-11-15', 890, 'https://picsum.photos/id/247/200/200');
INSERT INTO SONGS (song_id, album_id, title, duration, genre, release_date, rank, image) VALUES (695, 8, 'Song wJki9Jg7dq', 357, 'Classical', '2015-01-04', 177, 'https://picsum.photos/id/212/200/200');
INSERT INTO SONGS (song_id, album_id, title, duration, genre, release_date, rank, image) VALUES (696, 189, 'Song Pviec4Fho2', 262, 'Electronic', '2019-12-23', 83, 'https://picsum.photos/id/206/200/200');
INSERT INTO SONGS (song_id, album_id, title, duration, genre, release_date, rank, image) VALUES (697, 139, 'Song 7lTeTjuefL', 215, 'Jazz', '2013-07-02', 275, 'https://picsum.photos/id/281/200/200');
INSERT INTO SONGS (song_id, album_id, title, duration, genre, release_date, rank, image) VALUES (698, 120, 'Song Tk7Uqfh7PO', 334, 'R&B', '2019-03-16', 521, 'https://picsum.photos/id/249/200/200');
INSERT INTO SONGS (song_id, album_id, title, duration, genre, release_date, rank, image) VALUES (699, 81, 'Song wFcMwn2Ytd', 311, 'Country', '2016-01-11', 472, 'https://picsum.photos/id/216/200/200');
INSERT INTO SONGS (song_id, album_id, title, duration, genre, release_date, rank, image) VALUES (700, 8, 'Song aG7qpcGJ5U', 408, 'Blues', '2014-02-03', 886, 'https://picsum.photos/id/249/200/200');
INSERT INTO SONGS (song_id, album_id, title, duration, genre, release_date, rank, image) VALUES (701, 160, 'Song qaQuLIbiWR', 314, 'Blues', '2010-04-28', 964, 'https://picsum.photos/id/266/200/200');
INSERT INTO SONGS (song_id, album_id, title, duration, genre, release_date, rank, image) VALUES (702, 155, 'Song Ews7ODhGpa', 454, 'Reggae', '2009-10-10', 746, 'https://picsum.photos/id/227/200/200');
INSERT INTO SONGS (song_id, album_id, title, duration, genre, release_date, rank, image) VALUES (703, 103, 'Song VLKhxMQTqI', 167, 'Electronic', '2009-10-07', 238, 'https://picsum.photos/id/292/200/200');
INSERT INTO SONGS (song_id, album_id, title, duration, genre, release_date, rank, image) VALUES (704, 195, 'Song o0Y4rwQqOC', 413, 'Dance', '2020-09-04', 192, 'https://picsum.photos/id/266/200/200');
INSERT INTO SONGS (song_id, album_id, title, duration, genre, release_date, rank, image) VALUES (705, 96, 'Song Tn3VxMt32T', 298, 'Folk', '2009-03-11', 13, 'https://picsum.photos/id/212/200/200');
INSERT INTO SONGS (song_id, album_id, title, duration, genre, release_date, rank, image) VALUES (706, 51, 'Song x6T3OhwpRx', 436, 'Pop', '2013-05-20', 784, 'https://picsum.photos/id/270/200/200');
INSERT INTO SONGS (song_id, album_id, title, duration, genre, release_date, rank, image) VALUES (707, 82, 'Song h51rqHZMoA', 268, 'Alternative', '2022-08-29', 559, 'https://picsum.photos/id/242/200/200');
INSERT INTO SONGS (song_id, album_id, title, duration, genre, release_date, rank, image) VALUES (708, 17, 'Song G2SEXRw6E2', 129, 'Classical', '2020-01-21', 778, 'https://picsum.photos/id/214/200/200');
INSERT INTO SONGS (song_id, album_id, title, duration, genre, release_date, rank, image) VALUES (709, 72, 'Song VmanjcHhJS', 393, 'Hip Hop', '2013-06-12', 384, 'https://picsum.photos/id/259/200/200');
INSERT INTO SONGS (song_id, album_id, title, duration, genre, release_date, rank, image) VALUES (710, 139, 'Song l9uq1mnuIa', 185, 'Hip Hop', '2022-02-15', 329, 'https://picsum.photos/id/286/200/200');
INSERT INTO SONGS (song_id, album_id, title, duration, genre, release_date, rank, image) VALUES (711, 192, 'Song PM8MYqenlG', 284, 'Metal', '2008-09-05', 802, 'https://picsum.photos/id/267/200/200');
INSERT INTO SONGS (song_id, album_id, title, duration, genre, release_date, rank, image) VALUES (712, 162, 'Song BsJjtvOmAM', 292, 'Classical', '2018-08-27', 337, 'https://picsum.photos/id/243/200/200');
INSERT INTO SONGS (song_id, album_id, title, duration, genre, release_date, rank, image) VALUES (713, 195, 'Song MwuppKSJRv', 358, 'Pop', '2014-03-06', 749, 'https://picsum.photos/id/242/200/200');
INSERT INTO SONGS (song_id, album_id, title, duration, genre, release_date, rank, image) VALUES (714, 68, 'Song Q5Cm2LAHDM', 211, 'Country', '2018-08-29', 550, 'https://picsum.photos/id/295/200/200');
INSERT INTO SONGS (song_id, album_id, title, duration, genre, release_date, rank, image) VALUES (715, 140, 'Song OkGhRysCam', 162, 'Classical', '2018-09-24', 154, 'https://picsum.photos/id/210/200/200');
INSERT INTO SONGS (song_id, album_id, title, duration, genre, release_date, rank, image) VALUES (716, 110, 'Song VZNvVuH0CX', 154, 'Electronic', '2022-04-16', 491, 'https://picsum.photos/id/279/200/200');
INSERT INTO SONGS (song_id, album_id, title, duration, genre, release_date, rank, image) VALUES (717, 12, 'Song CUwuzBKTRH', 273, 'R&B', '2016-05-12', 649, 'https://picsum.photos/id/236/200/200');
INSERT INTO SONGS (song_id, album_id, title, duration, genre, release_date, rank, image) VALUES (718, 23, 'Song S61sqZnDSG', 341, 'Jazz', '2023-09-14', 845, 'https://picsum.photos/id/227/200/200');
INSERT INTO SONGS (song_id, album_id, title, duration, genre, release_date, rank, image) VALUES (719, 108, 'Song wpYVrNP36D', 402, 'Classical', '2017-12-02', 677, 'https://picsum.photos/id/280/200/200');
INSERT INTO SONGS (song_id, album_id, title, duration, genre, release_date, rank, image) VALUES (720, 140, 'Song bMzMROIrg9', 280, 'R&B', '2011-09-08', 111, 'https://picsum.photos/id/297/200/200');
INSERT INTO SONGS (song_id, album_id, title, duration, genre, release_date, rank, image) VALUES (721, 38, 'Song DEj3W54kXd', 297, 'Alternative', '2014-09-21', 870, 'https://picsum.photos/id/261/200/200');
INSERT INTO SONGS (song_id, album_id, title, duration, genre, release_date, rank, image) VALUES (722, 48, 'Song CJSHNdr2vc', 125, 'Rock', '2016-02-03', 35, 'https://picsum.photos/id/294/200/200');
INSERT INTO SONGS (song_id, album_id, title, duration, genre, release_date, rank, image) VALUES (723, 56, 'Song e6cHeOOPOk', 343, 'Metal', '2021-05-09', 15, 'https://picsum.photos/id/217/200/200');
INSERT INTO SONGS (song_id, album_id, title, duration, genre, release_date, rank, image) VALUES (724, 108, 'Song HDgpD6G5EV', 303, 'Electronic', '2023-01-18', 402, 'https://picsum.photos/id/246/200/200');
INSERT INTO SONGS (song_id, album_id, title, duration, genre, release_date, rank, image) VALUES (725, 165, 'Song tVB7jBnf6a', 439, 'Blues', '2017-04-20', 991, 'https://picsum.photos/id/247/200/200');
INSERT INTO SONGS (song_id, album_id, title, duration, genre, release_date, rank, image) VALUES (726, 2, 'Song 9k9QyqNnsV', 431, 'Classical', '2016-07-02', 803, 'https://picsum.photos/id/206/200/200');
INSERT INTO SONGS (song_id, album_id, title, duration, genre, release_date, rank, image) VALUES (727, 8, 'Song OMNO4CNsxg', 163, 'Metal', '2016-02-09', 621, 'https://picsum.photos/id/272/200/200');
INSERT INTO SONGS (song_id, album_id, title, duration, genre, release_date, rank, image) VALUES (728, 189, 'Song zT1BCCj5MV', 319, 'Indie', '2013-09-14', 284, 'https://picsum.photos/id/286/200/200');
INSERT INTO SONGS (song_id, album_id, title, duration, genre, release_date, rank, image) VALUES (729, 189, 'Song V4gDp2FKbA', 444, 'Reggae', '2009-08-20', 383, 'https://picsum.photos/id/210/200/200');
INSERT INTO SONGS (song_id, album_id, title, duration, genre, release_date, rank, image) VALUES (730, 48, 'Song 0POlhZlMpt', 146, 'Metal', '2015-07-14', 64, 'https://picsum.photos/id/259/200/200');
INSERT INTO SONGS (song_id, album_id, title, duration, genre, release_date, rank, image) VALUES (731, 188, 'Song pebIcY3xWX', 409, 'Folk', '2018-03-08', 546, 'https://picsum.photos/id/249/200/200');
INSERT INTO SONGS (song_id, album_id, title, duration, genre, release_date, rank, image) VALUES (732, 53, 'Song 9XDu2VmfmD', 456, 'Indie', '2017-09-11', 253, 'https://picsum.photos/id/204/200/200');
INSERT INTO SONGS (song_id, album_id, title, duration, genre, release_date, rank, image) VALUES (733, 131, 'Song UAQYVyDiiX', 384, 'Pop', '2011-04-06', 673, 'https://picsum.photos/id/272/200/200');
INSERT INTO SONGS (song_id, album_id, title, duration, genre, release_date, rank, image) VALUES (734, 85, 'Song avUjNOvEAB', 323, 'R&B', '2011-09-25', 417, 'https://picsum.photos/id/265/200/200');
INSERT INTO SONGS (song_id, album_id, title, duration, genre, release_date, rank, image) VALUES (735, 118, 'Song maLYSR2uT6', 342, 'Country', '2011-01-06', 818, 'https://picsum.photos/id/250/200/200');
INSERT INTO SONGS (song_id, album_id, title, duration, genre, release_date, rank, image) VALUES (736, 152, 'Song AigIaQmKT4', 282, 'Blues', '2021-03-09', 576, 'https://picsum.photos/id/287/200/200');
INSERT INTO SONGS (song_id, album_id, title, duration, genre, release_date, rank, image) VALUES (737, 1, 'Song 0p0goty6HX', 158, 'Electronic', '2019-12-08', 60, 'https://picsum.photos/id/289/200/200');
INSERT INTO SONGS (song_id, album_id, title, duration, genre, release_date, rank, image) VALUES (738, 119, 'Song EgEtYw1rlc', 315, 'Dance', '2013-11-04', 114, 'https://picsum.photos/id/272/200/200');
INSERT INTO SONGS (song_id, album_id, title, duration, genre, release_date, rank, image) VALUES (739, 172, 'Song ez2UiHEsOi', 175, 'Pop', '2021-05-25', 959, 'https://picsum.photos/id/245/200/200');
INSERT INTO SONGS (song_id, album_id, title, duration, genre, release_date, rank, image) VALUES (740, 82, 'Song eQzhYvU4Qs', 378, 'Reggae', '2014-09-25', 741, 'https://picsum.photos/id/228/200/200');
INSERT INTO SONGS (song_id, album_id, title, duration, genre, release_date, rank, image) VALUES (741, 58, 'Song wCPpEj8T0f', 183, 'Classical', '2014-06-20', 162, 'https://picsum.photos/id/298/200/200');
INSERT INTO SONGS (song_id, album_id, title, duration, genre, release_date, rank, image) VALUES (742, 164, 'Song TaeyJrbFNb', 160, 'Alternative', '2008-09-26', 510, 'https://picsum.photos/id/256/200/200');
INSERT INTO SONGS (song_id, album_id, title, duration, genre, release_date, rank, image) VALUES (743, 164, 'Song djOl6eajqD', 274, 'Pop', '2022-11-10', 763, 'https://picsum.photos/id/285/200/200');
INSERT INTO SONGS (song_id, album_id, title, duration, genre, release_date, rank, image) VALUES (744, 5, 'Song PBZpmIDvxq', 465, 'Reggae', '2019-07-08', 470, 'https://picsum.photos/id/201/200/200');
INSERT INTO SONGS (song_id, album_id, title, duration, genre, release_date, rank, image) VALUES (745, 28, 'Song nwkA5KTcP6', 209, 'Hip Hop', '2010-09-29', 116, 'https://picsum.photos/id/202/200/200');
INSERT INTO SONGS (song_id, album_id, title, duration, genre, release_date, rank, image) VALUES (746, 102, 'Song yGnZfYTulI', 472, 'Electronic', '2017-10-05', 29, 'https://picsum.photos/id/240/200/200');
INSERT INTO SONGS (song_id, album_id, title, duration, genre, release_date, rank, image) VALUES (747, 117, 'Song ei2SX5r8h7', 181, 'Classical', '2019-10-01', 62, 'https://picsum.photos/id/276/200/200');
INSERT INTO SONGS (song_id, album_id, title, duration, genre, release_date, rank, image) VALUES (748, 87, 'Song mRPYBtDsIF', 230, 'Pop', '2013-06-29', 231, 'https://picsum.photos/id/227/200/200');
INSERT INTO SONGS (song_id, album_id, title, duration, genre, release_date, rank, image) VALUES (749, 173, 'Song mNQDZYU2qV', 304, 'Folk', '2021-12-09', 987, 'https://picsum.photos/id/296/200/200');
INSERT INTO SONGS (song_id, album_id, title, duration, genre, release_date, rank, image) VALUES (750, 39, 'Song qKS98V04VB', 387, 'Metal', '2017-01-30', 497, 'https://picsum.photos/id/260/200/200');
INSERT INTO SONGS (song_id, album_id, title, duration, genre, release_date, rank, image) VALUES (751, 137, 'Song CwSLBcIGiE', 283, 'Jazz', '2022-11-22', 356, 'https://picsum.photos/id/229/200/200');
INSERT INTO SONGS (song_id, album_id, title, duration, genre, release_date, rank, image) VALUES (752, 52, 'Song 1OBYXVPkg8', 192, 'Metal', '2010-10-15', 90, 'https://picsum.photos/id/274/200/200');
INSERT INTO SONGS (song_id, album_id, title, duration, genre, release_date, rank, image) VALUES (753, 110, 'Song wIXHi8Koh7', 354, 'Blues', '2017-12-11', 353, 'https://picsum.photos/id/290/200/200');
INSERT INTO SONGS (song_id, album_id, title, duration, genre, release_date, rank, image) VALUES (754, 158, 'Song Z2WhIa0U3F', 141, 'Jazz', '2010-06-28', 264, 'https://picsum.photos/id/263/200/200');
INSERT INTO SONGS (song_id, album_id, title, duration, genre, release_date, rank, image) VALUES (755, 24, 'Song 4H9F8VaWlo', 174, 'Folk', '2017-06-23', 639, 'https://picsum.photos/id/227/200/200');
INSERT INTO SONGS (song_id, album_id, title, duration, genre, release_date, rank, image) VALUES (756, 170, 'Song lvSrIZL1rk', 473, 'Folk', '2013-10-26', 989, 'https://picsum.photos/id/267/200/200');
INSERT INTO SONGS (song_id, album_id, title, duration, genre, release_date, rank, image) VALUES (757, 63, 'Song x2yEGDJA82', 340, 'Rock', '2014-11-04', 648, 'https://picsum.photos/id/227/200/200');
INSERT INTO SONGS (song_id, album_id, title, duration, genre, release_date, rank, image) VALUES (758, 48, 'Song AUEWjW8q8N', 357, 'Alternative', '2014-02-11', 203, 'https://picsum.photos/id/246/200/200');
INSERT INTO SONGS (song_id, album_id, title, duration, genre, release_date, rank, image) VALUES (759, 74, 'Song a2YpjbZV3V', 345, 'Indie', '2023-07-12', 347, 'https://picsum.photos/id/251/200/200');
INSERT INTO SONGS (song_id, album_id, title, duration, genre, release_date, rank, image) VALUES (760, 86, 'Song GqRKAI4Uh2', 476, 'Metal', '2024-02-11', 35, 'https://picsum.photos/id/263/200/200');
INSERT INTO SONGS (song_id, album_id, title, duration, genre, release_date, rank, image) VALUES (761, 85, 'Song JpwvCfkV3R', 305, 'Metal', '2024-04-16', 392, 'https://picsum.photos/id/212/200/200');
INSERT INTO SONGS (song_id, album_id, title, duration, genre, release_date, rank, image) VALUES (762, 54, 'Song jdwzlxCAa7', 218, 'Metal', '2013-10-11', 20, 'https://picsum.photos/id/272/200/200');
INSERT INTO SONGS (song_id, album_id, title, duration, genre, release_date, rank, image) VALUES (763, 163, 'Song ukmRUAVoHz', 320, 'Rock', '2013-01-08', 168, 'https://picsum.photos/id/209/200/200');
INSERT INTO SONGS (song_id, album_id, title, duration, genre, release_date, rank, image) VALUES (764, 31, 'Song 6sVz2FEt6f', 131, 'Blues', '2019-05-26', 126, 'https://picsum.photos/id/212/200/200');
INSERT INTO SONGS (song_id, album_id, title, duration, genre, release_date, rank, image) VALUES (765, 111, 'Song H2AHlM7n8q', 308, 'Electronic', '2020-05-06', 812, 'https://picsum.photos/id/250/200/200');
INSERT INTO SONGS (song_id, album_id, title, duration, genre, release_date, rank, image) VALUES (766, 86, 'Song w8E83qLBD4', 317, 'Metal', '2022-01-22', 782, 'https://picsum.photos/id/252/200/200');
INSERT INTO SONGS (song_id, album_id, title, duration, genre, release_date, rank, image) VALUES (767, 75, 'Song CPjmWnXH5N', 241, 'Pop', '2014-10-10', 3, 'https://picsum.photos/id/209/200/200');
INSERT INTO SONGS (song_id, album_id, title, duration, genre, release_date, rank, image) VALUES (768, 71, 'Song nMyaAK0bIl', 426, 'Metal', '2024-04-22', 116, 'https://picsum.photos/id/228/200/200');
INSERT INTO SONGS (song_id, album_id, title, duration, genre, release_date, rank, image) VALUES (769, 181, 'Song aZhAr7cVwb', 331, 'Jazz', '2012-12-27', 756, 'https://picsum.photos/id/291/200/200');
INSERT INTO SONGS (song_id, album_id, title, duration, genre, release_date, rank, image) VALUES (770, 72, 'Song SKpeX0CLtS', 268, 'Alternative', '2019-06-16', 705, 'https://picsum.photos/id/214/200/200');
INSERT INTO SONGS (song_id, album_id, title, duration, genre, release_date, rank, image) VALUES (771, 191, 'Song sIEIgBsrnn', 282, 'Metal', '2014-10-25', 530, 'https://picsum.photos/id/256/200/200');
INSERT INTO SONGS (song_id, album_id, title, duration, genre, release_date, rank, image) VALUES (772, 133, 'Song rv2r0DaRlB', 252, 'Rock', '2023-12-17', 150, 'https://picsum.photos/id/237/200/200');
INSERT INTO SONGS (song_id, album_id, title, duration, genre, release_date, rank, image) VALUES (773, 77, 'Song 3OlINUTqxe', 184, 'Hip Hop', '2018-12-14', 290, 'https://picsum.photos/id/238/200/200');
INSERT INTO SONGS (song_id, album_id, title, duration, genre, release_date, rank, image) VALUES (774, 192, 'Song GSGLBf2RL2', 195, 'R&B', '2021-07-30', 901, 'https://picsum.photos/id/224/200/200');
INSERT INTO SONGS (song_id, album_id, title, duration, genre, release_date, rank, image) VALUES (775, 118, 'Song kFSXHz020o', 439, 'Classical', '2017-04-29', 413, 'https://picsum.photos/id/204/200/200');
INSERT INTO SONGS (song_id, album_id, title, duration, genre, release_date, rank, image) VALUES (776, 59, 'Song VoE374fnBA', 431, 'Folk', '2018-06-03', 74, 'https://picsum.photos/id/280/200/200');
INSERT INTO SONGS (song_id, album_id, title, duration, genre, release_date, rank, image) VALUES (777, 121, 'Song oAytaVvZhu', 200, 'Country', '2016-11-21', 891, 'https://picsum.photos/id/210/200/200');
INSERT INTO SONGS (song_id, album_id, title, duration, genre, release_date, rank, image) VALUES (778, 2, 'Song S6EATKKt0r', 132, 'Folk', '2008-09-24', 597, 'https://picsum.photos/id/221/200/200');
INSERT INTO SONGS (song_id, album_id, title, duration, genre, release_date, rank, image) VALUES (779, 186, 'Song G0R95Utbj7', 203, 'Hip Hop', '2021-12-28', 539, 'https://picsum.photos/id/239/200/200');
INSERT INTO SONGS (song_id, album_id, title, duration, genre, release_date, rank, image) VALUES (780, 5, 'Song TtvY8ZcjVu', 186, 'Hip Hop', '2022-08-17', 247, 'https://picsum.photos/id/298/200/200');
INSERT INTO SONGS (song_id, album_id, title, duration, genre, release_date, rank, image) VALUES (781, 80, 'Song WsUr7v4kdN', 282, 'Jazz', '2013-03-19', 407, 'https://picsum.photos/id/270/200/200');
INSERT INTO SONGS (song_id, album_id, title, duration, genre, release_date, rank, image) VALUES (782, 199, 'Song ELNmnY3m5y', 290, 'Country', '2012-02-19', 395, 'https://picsum.photos/id/240/200/200');
INSERT INTO SONGS (song_id, album_id, title, duration, genre, release_date, rank, image) VALUES (783, 167, 'Song mrtn8XpkI0', 160, 'Electronic', '2022-01-11', 678, 'https://picsum.photos/id/261/200/200');
INSERT INTO SONGS (song_id, album_id, title, duration, genre, release_date, rank, image) VALUES (784, 2, 'Song G6bTzRnMy5', 422, 'Reggae', '2020-11-12', 232, 'https://picsum.photos/id/271/200/200');
INSERT INTO SONGS (song_id, album_id, title, duration, genre, release_date, rank, image) VALUES (785, 55, 'Song 8nXxqn7gE7', 125, 'Metal', '2020-12-24', 433, 'https://picsum.photos/id/240/200/200');
INSERT INTO SONGS (song_id, album_id, title, duration, genre, release_date, rank, image) VALUES (786, 147, 'Song LmjWItRQrO', 451, 'Dance', '2018-07-06', 641, 'https://picsum.photos/id/207/200/200');
INSERT INTO SONGS (song_id, album_id, title, duration, genre, release_date, rank, image) VALUES (787, 62, 'Song AY9tnbfXR0', 158, 'Metal', '2013-09-15', 62, 'https://picsum.photos/id/247/200/200');
INSERT INTO SONGS (song_id, album_id, title, duration, genre, release_date, rank, image) VALUES (788, 146, 'Song n9EaVDQRQM', 411, 'Dance', '2010-02-19', 896, 'https://picsum.photos/id/215/200/200');
INSERT INTO SONGS (song_id, album_id, title, duration, genre, release_date, rank, image) VALUES (789, 174, 'Song bbzdZlCWl8', 215, 'Jazz', '2017-02-03', 762, 'https://picsum.photos/id/255/200/200');
INSERT INTO SONGS (song_id, album_id, title, duration, genre, release_date, rank, image) VALUES (790, 80, 'Song IgLDMhhROA', 412, 'R&B', '2017-08-08', 984, 'https://picsum.photos/id/252/200/200');
INSERT INTO SONGS (song_id, album_id, title, duration, genre, release_date, rank, image) VALUES (791, 193, 'Song sNWMdhoO3K', 257, 'Country', '2021-07-25', 387, 'https://picsum.photos/id/217/200/200');
INSERT INTO SONGS (song_id, album_id, title, duration, genre, release_date, rank, image) VALUES (792, 19, 'Song TGcDUzRO7V', 443, 'Folk', '2012-10-12', 124, 'https://picsum.photos/id/216/200/200');
INSERT INTO SONGS (song_id, album_id, title, duration, genre, release_date, rank, image) VALUES (793, 132, 'Song 3GMK0TFMF1', 358, 'Metal', '2018-02-15', 385, 'https://picsum.photos/id/229/200/200');
INSERT INTO SONGS (song_id, album_id, title, duration, genre, release_date, rank, image) VALUES (794, 36, 'Song aHN4ll2tsE', 358, 'Pop', '2014-03-26', 158, 'https://picsum.photos/id/253/200/200');
INSERT INTO SONGS (song_id, album_id, title, duration, genre, release_date, rank, image) VALUES (795, 90, 'Song q59AQ3l05b', 152, 'Reggae', '2023-02-07', 708, 'https://picsum.photos/id/225/200/200');
INSERT INTO SONGS (song_id, album_id, title, duration, genre, release_date, rank, image) VALUES (796, 81, 'Song wMYrEZ1YsP', 216, 'Metal', '2018-12-17', 97, 'https://picsum.photos/id/232/200/200');
INSERT INTO SONGS (song_id, album_id, title, duration, genre, release_date, rank, image) VALUES (797, 192, 'Song edq8iRx6NM', 327, 'Alternative', '2018-11-12', 299, 'https://picsum.photos/id/211/200/200');
INSERT INTO SONGS (song_id, album_id, title, duration, genre, release_date, rank, image) VALUES (798, 84, 'Song 0JUtNg1gUO', 458, 'Folk', '2016-09-23', 464, 'https://picsum.photos/id/271/200/200');
INSERT INTO SONGS (song_id, album_id, title, duration, genre, release_date, rank, image) VALUES (799, 108, 'Song Of6KjEdJHV', 366, 'Alternative', '2021-02-16', 912, 'https://picsum.photos/id/232/200/200');
INSERT INTO SONGS (song_id, album_id, title, duration, genre, release_date, rank, image) VALUES (800, 114, 'Song V9aXKFDZS1', 241, 'Reggae', '2021-07-14', 934, 'https://picsum.photos/id/235/200/200');
INSERT INTO SONGS (song_id, album_id, title, duration, genre, release_date, rank, image) VALUES (801, 113, 'Song DP9D6i9KiW', 330, 'Blues', '2019-12-14', 36, 'https://picsum.photos/id/237/200/200');
INSERT INTO SONGS (song_id, album_id, title, duration, genre, release_date, rank, image) VALUES (802, 110, 'Song JHk55YUzV9', 209, 'Dance', '2012-03-28', 663, 'https://picsum.photos/id/278/200/200');
INSERT INTO SONGS (song_id, album_id, title, duration, genre, release_date, rank, image) VALUES (803, 78, 'Song ZkMb3gfrWC', 448, 'Hip Hop', '2011-04-11', 919, 'https://picsum.photos/id/269/200/200');
INSERT INTO SONGS (song_id, album_id, title, duration, genre, release_date, rank, image) VALUES (804, 64, 'Song l4HkaLVVnE', 187, 'Hip Hop', '2010-10-30', 977, 'https://picsum.photos/id/241/200/200');
INSERT INTO SONGS (song_id, album_id, title, duration, genre, release_date, rank, image) VALUES (805, 120, 'Song diCCPl2XfG', 454, 'Metal', '2022-05-27', 465, 'https://picsum.photos/id/242/200/200');
INSERT INTO SONGS (song_id, album_id, title, duration, genre, release_date, rank, image) VALUES (806, 155, 'Song 3pjP3mny8w', 429, 'Pop', '2018-12-19', 678, 'https://picsum.photos/id/300/200/200');
INSERT INTO SONGS (song_id, album_id, title, duration, genre, release_date, rank, image) VALUES (807, 17, 'Song ZLk3Vvn7Ua', 244, 'Hip Hop', '2019-11-11', 309, 'https://picsum.photos/id/227/200/200');
INSERT INTO SONGS (song_id, album_id, title, duration, genre, release_date, rank, image) VALUES (808, 168, 'Song aD9ywH8CYL', 126, 'Electronic', '2015-10-28', 57, 'https://picsum.photos/id/222/200/200');
INSERT INTO SONGS (song_id, album_id, title, duration, genre, release_date, rank, image) VALUES (809, 197, 'Song 0SJZF7Gtxh', 135, 'Pop', '2010-12-01', 997, 'https://picsum.photos/id/274/200/200');
INSERT INTO SONGS (song_id, album_id, title, duration, genre, release_date, rank, image) VALUES (810, 194, 'Song La195W70oG', 389, 'Dance', '2009-11-04', 348, 'https://picsum.photos/id/279/200/200');
INSERT INTO SONGS (song_id, album_id, title, duration, genre, release_date, rank, image) VALUES (811, 191, 'Song pUrYY6USCs', 135, 'Indie', '2014-12-14', 838, 'https://picsum.photos/id/263/200/200');
INSERT INTO SONGS (song_id, album_id, title, duration, genre, release_date, rank, image) VALUES (812, 72, 'Song GzdM1sHOgn', 227, 'Hip Hop', '2012-07-08', 209, 'https://picsum.photos/id/220/200/200');
INSERT INTO SONGS (song_id, album_id, title, duration, genre, release_date, rank, image) VALUES (813, 24, 'Song E0uGwoPu56', 172, 'Rock', '2020-04-07', 485, 'https://picsum.photos/id/239/200/200');
INSERT INTO SONGS (song_id, album_id, title, duration, genre, release_date, rank, image) VALUES (814, 98, 'Song 2eaIThpMj4', 405, 'Pop', '2023-05-09', 11, 'https://picsum.photos/id/267/200/200');
INSERT INTO SONGS (song_id, album_id, title, duration, genre, release_date, rank, image) VALUES (815, 110, 'Song DkSkX7eZKJ', 245, 'Pop', '2019-04-11', 80, 'https://picsum.photos/id/205/200/200');
INSERT INTO SONGS (song_id, album_id, title, duration, genre, release_date, rank, image) VALUES (816, 87, 'Song heBLFr1AH4', 348, 'Country', '2020-08-27', 219, 'https://picsum.photos/id/256/200/200');
INSERT INTO SONGS (song_id, album_id, title, duration, genre, release_date, rank, image) VALUES (817, 7, 'Song vcv7DTazHb', 390, 'Alternative', '2014-04-25', 964, 'https://picsum.photos/id/267/200/200');
INSERT INTO SONGS (song_id, album_id, title, duration, genre, release_date, rank, image) VALUES (818, 38, 'Song sbnI0Z3ggf', 125, 'Electronic', '2017-08-31', 593, 'https://picsum.photos/id/236/200/200');
INSERT INTO SONGS (song_id, album_id, title, duration, genre, release_date, rank, image) VALUES (819, 84, 'Song IHkmKMaKMN', 183, 'Dance', '2011-08-19', 197, 'https://picsum.photos/id/255/200/200');
INSERT INTO SONGS (song_id, album_id, title, duration, genre, release_date, rank, image) VALUES (820, 163, 'Song CzGw7PtM8U', 457, 'Rock', '2014-12-04', 824, 'https://picsum.photos/id/284/200/200');
INSERT INTO SONGS (song_id, album_id, title, duration, genre, release_date, rank, image) VALUES (821, 74, 'Song 3QNfKHUTVu', 363, 'Jazz', '2010-05-02', 688, 'https://picsum.photos/id/287/200/200');
INSERT INTO SONGS (song_id, album_id, title, duration, genre, release_date, rank, image) VALUES (822, 109, 'Song amorCtFOtR', 230, 'Pop', '2012-07-15', 77, 'https://picsum.photos/id/267/200/200');
INSERT INTO SONGS (song_id, album_id, title, duration, genre, release_date, rank, image) VALUES (823, 30, 'Song OoB9CQRUWL', 480, 'Reggae', '2023-02-21', 10, 'https://picsum.photos/id/285/200/200');
INSERT INTO SONGS (song_id, album_id, title, duration, genre, release_date, rank, image) VALUES (824, 60, 'Song tOaSY4na6N', 456, 'Pop', '2014-04-10', 84, 'https://picsum.photos/id/285/200/200');
INSERT INTO SONGS (song_id, album_id, title, duration, genre, release_date, rank, image) VALUES (825, 191, 'Song hPbKfKEmnc', 440, 'R&B', '2015-06-26', 801, 'https://picsum.photos/id/233/200/200');
INSERT INTO SONGS (song_id, album_id, title, duration, genre, release_date, rank, image) VALUES (826, 84, 'Song Awy8GgwHkM', 370, 'Jazz', '2009-02-28', 176, 'https://picsum.photos/id/231/200/200');
INSERT INTO SONGS (song_id, album_id, title, duration, genre, release_date, rank, image) VALUES (827, 73, 'Song DEtlWmHjI0', 452, 'Hip Hop', '2021-11-22', 596, 'https://picsum.photos/id/245/200/200');
INSERT INTO SONGS (song_id, album_id, title, duration, genre, release_date, rank, image) VALUES (828, 65, 'Song Ej6rcW3lrV', 420, 'Reggae', '2009-03-23', 987, 'https://picsum.photos/id/273/200/200');
INSERT INTO SONGS (song_id, album_id, title, duration, genre, release_date, rank, image) VALUES (829, 41, 'Song Iu9GRI07Nq', 346, 'Blues', '2010-05-18', 529, 'https://picsum.photos/id/216/200/200');
INSERT INTO SONGS (song_id, album_id, title, duration, genre, release_date, rank, image) VALUES (830, 68, 'Song cjvucX98Bk', 258, 'R&B', '2014-04-01', 293, 'https://picsum.photos/id/233/200/200');
INSERT INTO SONGS (song_id, album_id, title, duration, genre, release_date, rank, image) VALUES (831, 77, 'Song EiuK9JbKxq', 459, 'Indie', '2015-09-06', 233, 'https://picsum.photos/id/212/200/200');
INSERT INTO SONGS (song_id, album_id, title, duration, genre, release_date, rank, image) VALUES (832, 160, 'Song jtDQ5xCgJ0', 230, 'Electronic', '2020-01-12', 85, 'https://picsum.photos/id/228/200/200');
INSERT INTO SONGS (song_id, album_id, title, duration, genre, release_date, rank, image) VALUES (833, 121, 'Song zbkEtIDltk', 462, 'Reggae', '2009-08-13', 186, 'https://picsum.photos/id/282/200/200');
INSERT INTO SONGS (song_id, album_id, title, duration, genre, release_date, rank, image) VALUES (834, 157, 'Song noyeju3pQC', 331, 'R&B', '2019-07-07', 951, 'https://picsum.photos/id/280/200/200');
INSERT INTO SONGS (song_id, album_id, title, duration, genre, release_date, rank, image) VALUES (835, 67, 'Song njmCpkHzgd', 298, 'R&B', '2019-04-02', 178, 'https://picsum.photos/id/243/200/200');
INSERT INTO SONGS (song_id, album_id, title, duration, genre, release_date, rank, image) VALUES (836, 121, 'Song 9CAPwPc4oa', 437, 'R&B', '2010-01-12', 850, 'https://picsum.photos/id/271/200/200');
INSERT INTO SONGS (song_id, album_id, title, duration, genre, release_date, rank, image) VALUES (837, 167, 'Song up00KA23rL', 309, 'Metal', '2022-08-20', 609, 'https://picsum.photos/id/253/200/200');
INSERT INTO SONGS (song_id, album_id, title, duration, genre, release_date, rank, image) VALUES (838, 174, 'Song xQMgp4FGdR', 237, 'Electronic', '2008-06-30', 249, 'https://picsum.photos/id/235/200/200');
INSERT INTO SONGS (song_id, album_id, title, duration, genre, release_date, rank, image) VALUES (839, 15, 'Song 5CFOnE3MpZ', 239, 'Country', '2021-06-23', 656, 'https://picsum.photos/id/210/200/200');
INSERT INTO SONGS (song_id, album_id, title, duration, genre, release_date, rank, image) VALUES (840, 188, 'Song fTeyiGwfJQ', 148, 'Reggae', '2013-02-05', 287, 'https://picsum.photos/id/274/200/200');
INSERT INTO SONGS (song_id, album_id, title, duration, genre, release_date, rank, image) VALUES (841, 127, 'Song MfJgc6tDvy', 198, 'R&B', '2022-01-23', 952, 'https://picsum.photos/id/231/200/200');
INSERT INTO SONGS (song_id, album_id, title, duration, genre, release_date, rank, image) VALUES (842, 136, 'Song GE6PZAK9VD', 235, 'Reggae', '2010-01-17', 173, 'https://picsum.photos/id/282/200/200');
INSERT INTO SONGS (song_id, album_id, title, duration, genre, release_date, rank, image) VALUES (843, 124, 'Song whShQoYG2s', 276, 'Blues', '2011-05-26', 607, 'https://picsum.photos/id/218/200/200');
INSERT INTO SONGS (song_id, album_id, title, duration, genre, release_date, rank, image) VALUES (844, 135, 'Song JAh16sNgxS', 321, 'Blues', '2024-03-16', 861, 'https://picsum.photos/id/261/200/200');
INSERT INTO SONGS (song_id, album_id, title, duration, genre, release_date, rank, image) VALUES (845, 85, 'Song qEI2qMtKpr', 298, 'Pop', '2019-03-10', 864, 'https://picsum.photos/id/201/200/200');
INSERT INTO SONGS (song_id, album_id, title, duration, genre, release_date, rank, image) VALUES (846, 127, 'Song PdwwoGf2Lc', 184, 'Hip Hop', '2011-11-18', 836, 'https://picsum.photos/id/205/200/200');
INSERT INTO SONGS (song_id, album_id, title, duration, genre, release_date, rank, image) VALUES (847, 72, 'Song mKEIvAgLC6', 271, 'Hip Hop', '2008-04-22', 17, 'https://picsum.photos/id/209/200/200');
INSERT INTO SONGS (song_id, album_id, title, duration, genre, release_date, rank, image) VALUES (848, 117, 'Song EYLsOEux9e', 257, 'Alternative', '2008-06-01', 562, 'https://picsum.photos/id/243/200/200');
INSERT INTO SONGS (song_id, album_id, title, duration, genre, release_date, rank, image) VALUES (849, 183, 'Song Slb8U0jRnD', 219, 'Electronic', '2015-11-08', 575, 'https://picsum.photos/id/294/200/200');
INSERT INTO SONGS (song_id, album_id, title, duration, genre, release_date, rank, image) VALUES (850, 164, 'Song 2hzy1ppJ4L', 181, 'Rock', '2008-01-30', 44, 'https://picsum.photos/id/235/200/200');
INSERT INTO SONGS (song_id, album_id, title, duration, genre, release_date, rank, image) VALUES (851, 153, 'Song 05UhbsUDGy', 332, 'R&B', '2018-01-30', 426, 'https://picsum.photos/id/242/200/200');
INSERT INTO SONGS (song_id, album_id, title, duration, genre, release_date, rank, image) VALUES (852, 186, 'Song G4aFsj98Ik', 400, 'Metal', '2022-01-25', 428, 'https://picsum.photos/id/246/200/200');
INSERT INTO SONGS (song_id, album_id, title, duration, genre, release_date, rank, image) VALUES (853, 38, 'Song 4DAaUxJ0dX', 331, 'Dance', '2019-06-01', 284, 'https://picsum.photos/id/260/200/200');
INSERT INTO SONGS (song_id, album_id, title, duration, genre, release_date, rank, image) VALUES (854, 137, 'Song U16ICjswol', 452, 'Indie', '2011-11-16', 346, 'https://picsum.photos/id/253/200/200');
INSERT INTO SONGS (song_id, album_id, title, duration, genre, release_date, rank, image) VALUES (855, 123, 'Song YnucgEcF3u', 271, 'Folk', '2008-08-13', 403, 'https://picsum.photos/id/245/200/200');
INSERT INTO SONGS (song_id, album_id, title, duration, genre, release_date, rank, image) VALUES (856, 144, 'Song 6a1gCCwydk', 242, 'Indie', '2023-07-22', 363, 'https://picsum.photos/id/245/200/200');
INSERT INTO SONGS (song_id, album_id, title, duration, genre, release_date, rank, image) VALUES (857, 64, 'Song 8vgKCIKJGj', 442, 'Jazz', '2009-02-16', 512, 'https://picsum.photos/id/207/200/200');
INSERT INTO SONGS (song_id, album_id, title, duration, genre, release_date, rank, image) VALUES (858, 108, 'Song 2ol6n7Z1Ku', 285, 'Country', '2018-07-12', 469, 'https://picsum.photos/id/251/200/200');
INSERT INTO SONGS (song_id, album_id, title, duration, genre, release_date, rank, image) VALUES (859, 143, 'Song hq731Ml1lJ', 180, 'Jazz', '2020-04-17', 159, 'https://picsum.photos/id/269/200/200');
INSERT INTO SONGS (song_id, album_id, title, duration, genre, release_date, rank, image) VALUES (860, 41, 'Song kVHsHrWJdP', 361, 'Indie', '2019-06-24', 261, 'https://picsum.photos/id/298/200/200');
INSERT INTO SONGS (song_id, album_id, title, duration, genre, release_date, rank, image) VALUES (861, 52, 'Song vRPrfG54b8', 122, 'Metal', '2010-11-18', 610, 'https://picsum.photos/id/237/200/200');
INSERT INTO SONGS (song_id, album_id, title, duration, genre, release_date, rank, image) VALUES (862, 126, 'Song Lq5ozHj1Vt', 237, 'Folk', '2011-09-02', 623, 'https://picsum.photos/id/280/200/200');
INSERT INTO SONGS (song_id, album_id, title, duration, genre, release_date, rank, image) VALUES (863, 47, 'Song gBBCs8Mt7Z', 241, 'Jazz', '2017-04-10', 306, 'https://picsum.photos/id/235/200/200');
INSERT INTO SONGS (song_id, album_id, title, duration, genre, release_date, rank, image) VALUES (864, 82, 'Song xfpM5fPWeR', 155, 'Jazz', '2014-01-03', 786, 'https://picsum.photos/id/276/200/200');
INSERT INTO SONGS (song_id, album_id, title, duration, genre, release_date, rank, image) VALUES (865, 172, 'Song jBNK7u9jN8', 277, 'Hip Hop', '2015-01-13', 654, 'https://picsum.photos/id/253/200/200');
INSERT INTO SONGS (song_id, album_id, title, duration, genre, release_date, rank, image) VALUES (866, 159, 'Song mV9G2yxOSO', 459, 'R&B', '2023-12-25', 82, 'https://picsum.photos/id/240/200/200');
INSERT INTO SONGS (song_id, album_id, title, duration, genre, release_date, rank, image) VALUES (867, 119, 'Song U11MS5sp1Y', 345, 'Blues', '2017-02-10', 889, 'https://picsum.photos/id/215/200/200');
INSERT INTO SONGS (song_id, album_id, title, duration, genre, release_date, rank, image) VALUES (868, 153, 'Song YtgPbRYasj', 306, 'Blues', '2011-12-30', 3, 'https://picsum.photos/id/205/200/200');
INSERT INTO SONGS (song_id, album_id, title, duration, genre, release_date, rank, image) VALUES (869, 100, 'Song rIsaRuRlFd', 203, 'Folk', '2019-05-26', 107, 'https://picsum.photos/id/247/200/200');
INSERT INTO SONGS (song_id, album_id, title, duration, genre, release_date, rank, image) VALUES (870, 140, 'Song TiV2DBzxVb', 184, 'Classical', '2013-09-24', 296, 'https://picsum.photos/id/231/200/200');
INSERT INTO SONGS (song_id, album_id, title, duration, genre, release_date, rank, image) VALUES (871, 174, 'Song 0BvQMyge3U', 410, 'Pop', '2017-10-31', 242, 'https://picsum.photos/id/204/200/200');
INSERT INTO SONGS (song_id, album_id, title, duration, genre, release_date, rank, image) VALUES (872, 29, 'Song HaXBlCSuQp', 333, 'Metal', '2009-12-11', 264, 'https://picsum.photos/id/249/200/200');
INSERT INTO SONGS (song_id, album_id, title, duration, genre, release_date, rank, image) VALUES (873, 183, 'Song PJAXQU1Rwv', 337, 'Hip Hop', '2010-02-20', 715, 'https://picsum.photos/id/245/200/200');
INSERT INTO SONGS (song_id, album_id, title, duration, genre, release_date, rank, image) VALUES (874, 94, 'Song DkIu3Wn4fi', 360, 'Jazz', '2010-04-28', 610, 'https://picsum.photos/id/218/200/200');
INSERT INTO SONGS (song_id, album_id, title, duration, genre, release_date, rank, image) VALUES (875, 172, 'Song KvC4IkGPD9', 319, 'Blues', '2023-04-21', 959, 'https://picsum.photos/id/251/200/200');
INSERT INTO SONGS (song_id, album_id, title, duration, genre, release_date, rank, image) VALUES (876, 51, 'Song g73qsfzdpi', 294, 'Classical', '2018-04-25', 942, 'https://picsum.photos/id/299/200/200');
INSERT INTO SONGS (song_id, album_id, title, duration, genre, release_date, rank, image) VALUES (877, 73, 'Song kuqoahiIm9', 444, 'Classical', '2023-07-15', 953, 'https://picsum.photos/id/279/200/200');
INSERT INTO SONGS (song_id, album_id, title, duration, genre, release_date, rank, image) VALUES (878, 107, 'Song PuhrNpyyrX', 421, 'Jazz', '2018-02-15', 600, 'https://picsum.photos/id/206/200/200');
INSERT INTO SONGS (song_id, album_id, title, duration, genre, release_date, rank, image) VALUES (879, 157, 'Song XCLwI4etxu', 318, 'Rock', '2010-08-11', 561, 'https://picsum.photos/id/205/200/200');
INSERT INTO SONGS (song_id, album_id, title, duration, genre, release_date, rank, image) VALUES (880, 64, 'Song 3pP8FFkXBB', 340, 'Rock', '2018-02-04', 92, 'https://picsum.photos/id/276/200/200');
INSERT INTO SONGS (song_id, album_id, title, duration, genre, release_date, rank, image) VALUES (881, 61, 'Song 7qEAW7egqq', 248, 'Alternative', '2014-12-23', 747, 'https://picsum.photos/id/230/200/200');
INSERT INTO SONGS (song_id, album_id, title, duration, genre, release_date, rank, image) VALUES (882, 134, 'Song 2eNkHdwysI', 213, 'Electronic', '2008-10-20', 67, 'https://picsum.photos/id/246/200/200');
INSERT INTO SONGS (song_id, album_id, title, duration, genre, release_date, rank, image) VALUES (883, 180, 'Song 53QdriCwr7', 289, 'Country', '2021-01-31', 635, 'https://picsum.photos/id/250/200/200');
INSERT INTO SONGS (song_id, album_id, title, duration, genre, release_date, rank, image) VALUES (884, 173, 'Song hgSqakwBwM', 232, 'Dance', '2010-02-16', 757, 'https://picsum.photos/id/219/200/200');
INSERT INTO SONGS (song_id, album_id, title, duration, genre, release_date, rank, image) VALUES (885, 130, 'Song zW9novR1Q6', 454, 'Pop', '2021-11-17', 741, 'https://picsum.photos/id/262/200/200');
INSERT INTO SONGS (song_id, album_id, title, duration, genre, release_date, rank, image) VALUES (886, 40, 'Song 2GWqRe6vcV', 410, 'Blues', '2016-09-09', 540, 'https://picsum.photos/id/234/200/200');
INSERT INTO SONGS (song_id, album_id, title, duration, genre, release_date, rank, image) VALUES (887, 189, 'Song EdM6F994bM', 225, 'Pop', '2021-05-06', 310, 'https://picsum.photos/id/231/200/200');
INSERT INTO SONGS (song_id, album_id, title, duration, genre, release_date, rank, image) VALUES (888, 33, 'Song 5lYB5Gojs9', 477, 'Dance', '2013-10-18', 469, 'https://picsum.photos/id/237/200/200');
INSERT INTO SONGS (song_id, album_id, title, duration, genre, release_date, rank, image) VALUES (889, 76, 'Song 4hhGFeeUEl', 476, 'Blues', '2014-07-25', 801, 'https://picsum.photos/id/261/200/200');
INSERT INTO SONGS (song_id, album_id, title, duration, genre, release_date, rank, image) VALUES (890, 179, 'Song lLC5UCRLFR', 418, 'Reggae', '2019-10-23', 787, 'https://picsum.photos/id/268/200/200');
INSERT INTO SONGS (song_id, album_id, title, duration, genre, release_date, rank, image) VALUES (891, 136, 'Song vuHVepf1w2', 323, 'Dance', '2008-03-31', 608, 'https://picsum.photos/id/211/200/200');
INSERT INTO SONGS (song_id, album_id, title, duration, genre, release_date, rank, image) VALUES (892, 78, 'Song dY7ROIDcDX', 216, 'Electronic', '2024-01-05', 735, 'https://picsum.photos/id/232/200/200');
INSERT INTO SONGS (song_id, album_id, title, duration, genre, release_date, rank, image) VALUES (893, 64, 'Song 36dzE131JR', 328, 'Pop', '2013-03-21', 127, 'https://picsum.photos/id/279/200/200');
INSERT INTO SONGS (song_id, album_id, title, duration, genre, release_date, rank, image) VALUES (894, 118, 'Song tzNiMC7A3t', 255, 'Electronic', '2010-11-29', 74, 'https://picsum.photos/id/227/200/200');
INSERT INTO SONGS (song_id, album_id, title, duration, genre, release_date, rank, image) VALUES (895, 42, 'Song h0QdJd1aKY', 123, 'Alternative', '2016-08-04', 440, 'https://picsum.photos/id/289/200/200');
INSERT INTO SONGS (song_id, album_id, title, duration, genre, release_date, rank, image) VALUES (896, 174, 'Song f4TP4KykkY', 308, 'Reggae', '2013-11-02', 387, 'https://picsum.photos/id/220/200/200');
INSERT INTO SONGS (song_id, album_id, title, duration, genre, release_date, rank, image) VALUES (897, 61, 'Song 5WZVLjw0rr', 138, 'Alternative', '2012-12-21', 778, 'https://picsum.photos/id/260/200/200');
INSERT INTO SONGS (song_id, album_id, title, duration, genre, release_date, rank, image) VALUES (898, 131, 'Song dal5mSlGyf', 444, 'Pop', '2022-02-19', 728, 'https://picsum.photos/id/290/200/200');
INSERT INTO SONGS (song_id, album_id, title, duration, genre, release_date, rank, image) VALUES (899, 129, 'Song hhuaRhxCRY', 462, 'Hip Hop', '2015-04-18', 626, 'https://picsum.photos/id/289/200/200');
INSERT INTO SONGS (song_id, album_id, title, duration, genre, release_date, rank, image) VALUES (900, 198, 'Song iDOAaUZQbL', 195, 'Hip Hop', '2022-02-20', 233, 'https://picsum.photos/id/280/200/200');
INSERT INTO SONGS (song_id, album_id, title, duration, genre, release_date, rank, image) VALUES (901, 88, 'Song kM0RQ3jT0q', 304, 'Dance', '2008-05-28', 252, 'https://picsum.photos/id/287/200/200');
INSERT INTO SONGS (song_id, album_id, title, duration, genre, release_date, rank, image) VALUES (902, 51, 'Song 9rUo05EhpQ', 474, 'Dance', '2017-06-21', 63, 'https://picsum.photos/id/223/200/200');
INSERT INTO SONGS (song_id, album_id, title, duration, genre, release_date, rank, image) VALUES (903, 156, 'Song XVeDBow4fP', 191, 'Rock', '2012-04-30', 53, 'https://picsum.photos/id/213/200/200');
INSERT INTO SONGS (song_id, album_id, title, duration, genre, release_date, rank, image) VALUES (904, 22, 'Song DsNm21Fe4B', 264, 'Folk', '2023-07-12', 658, 'https://picsum.photos/id/224/200/200');
INSERT INTO SONGS (song_id, album_id, title, duration, genre, release_date, rank, image) VALUES (905, 155, 'Song PkKW6xv0UC', 317, 'Blues', '2015-04-28', 510, 'https://picsum.photos/id/222/200/200');
INSERT INTO SONGS (song_id, album_id, title, duration, genre, release_date, rank, image) VALUES (906, 178, 'Song Yl6Nig9kID', 235, 'Alternative', '2019-06-30', 577, 'https://picsum.photos/id/273/200/200');
INSERT INTO SONGS (song_id, album_id, title, duration, genre, release_date, rank, image) VALUES (907, 184, 'Song G4rV3Z2nKJ', 223, 'Rock', '2021-03-22', 805, 'https://picsum.photos/id/211/200/200');
INSERT INTO SONGS (song_id, album_id, title, duration, genre, release_date, rank, image) VALUES (908, 159, 'Song hHfpmrmGGH', 316, 'Blues', '2023-08-15', 998, 'https://picsum.photos/id/248/200/200');
INSERT INTO SONGS (song_id, album_id, title, duration, genre, release_date, rank, image) VALUES (909, 14, 'Song YtzsOW6hO3', 316, 'R&B', '2018-06-26', 976, 'https://picsum.photos/id/224/200/200');
INSERT INTO SONGS (song_id, album_id, title, duration, genre, release_date, rank, image) VALUES (910, 98, 'Song h1b2pEugXB', 424, 'Alternative', '2010-11-25', 827, 'https://picsum.photos/id/258/200/200');
INSERT INTO SONGS (song_id, album_id, title, duration, genre, release_date, rank, image) VALUES (911, 11, 'Song vbl1jnWIYa', 315, 'Folk', '2012-05-16', 696, 'https://picsum.photos/id/267/200/200');
INSERT INTO SONGS (song_id, album_id, title, duration, genre, release_date, rank, image) VALUES (912, 166, 'Song bErLBL3kKn', 316, 'Jazz', '2022-01-17', 423, 'https://picsum.photos/id/286/200/200');
INSERT INTO SONGS (song_id, album_id, title, duration, genre, release_date, rank, image) VALUES (913, 163, 'Song CF9uVhqGRj', 328, 'Jazz', '2011-07-28', 508, 'https://picsum.photos/id/222/200/200');
INSERT INTO SONGS (song_id, album_id, title, duration, genre, release_date, rank, image) VALUES (914, 12, 'Song qPcxgBegOm', 267, 'Dance', '2018-11-28', 861, 'https://picsum.photos/id/204/200/200');
INSERT INTO SONGS (song_id, album_id, title, duration, genre, release_date, rank, image) VALUES (915, 44, 'Song GweK9CTTsT', 374, 'Country', '2014-02-08', 855, 'https://picsum.photos/id/224/200/200');
INSERT INTO SONGS (song_id, album_id, title, duration, genre, release_date, rank, image) VALUES (916, 115, 'Song qw3ysNRl13', 378, 'Folk', '2014-01-28', 997, 'https://picsum.photos/id/256/200/200');
INSERT INTO SONGS (song_id, album_id, title, duration, genre, release_date, rank, image) VALUES (917, 128, 'Song kSv3I4PCoo', 421, 'Rock', '2013-05-05', 158, 'https://picsum.photos/id/227/200/200');
INSERT INTO SONGS (song_id, album_id, title, duration, genre, release_date, rank, image) VALUES (918, 159, 'Song dKV1RTVUuT', 234, 'Country', '2019-09-21', 797, 'https://picsum.photos/id/272/200/200');
INSERT INTO SONGS (song_id, album_id, title, duration, genre, release_date, rank, image) VALUES (919, 137, 'Song dw3es5iB6I', 301, 'Jazz', '2014-11-07', 920, 'https://picsum.photos/id/300/200/200');
INSERT INTO SONGS (song_id, album_id, title, duration, genre, release_date, rank, image) VALUES (920, 185, 'Song SX7QhMQBli', 254, 'Jazz', '2011-12-30', 274, 'https://picsum.photos/id/233/200/200');
INSERT INTO SONGS (song_id, album_id, title, duration, genre, release_date, rank, image) VALUES (921, 172, 'Song spHKqLTiqn', 359, 'Rock', '2023-10-26', 879, 'https://picsum.photos/id/248/200/200');
INSERT INTO SONGS (song_id, album_id, title, duration, genre, release_date, rank, image) VALUES (922, 132, 'Song Z3PPqdpcUb', 177, 'Indie', '2017-04-29', 503, 'https://picsum.photos/id/229/200/200');
INSERT INTO SONGS (song_id, album_id, title, duration, genre, release_date, rank, image) VALUES (923, 102, 'Song wdRjcpYInG', 288, 'Classical', '2023-06-16', 155, 'https://picsum.photos/id/220/200/200');
INSERT INTO SONGS (song_id, album_id, title, duration, genre, release_date, rank, image) VALUES (924, 146, 'Song IUcwcFcjK3', 452, 'Dance', '2011-05-12', 318, 'https://picsum.photos/id/219/200/200');
INSERT INTO SONGS (song_id, album_id, title, duration, genre, release_date, rank, image) VALUES (925, 56, 'Song pt2qgW8ogt', 342, 'Alternative', '2021-05-17', 260, 'https://picsum.photos/id/213/200/200');
INSERT INTO SONGS (song_id, album_id, title, duration, genre, release_date, rank, image) VALUES (926, 169, 'Song KpZWbgX9HH', 241, 'Metal', '2014-10-21', 140, 'https://picsum.photos/id/259/200/200');
INSERT INTO SONGS (song_id, album_id, title, duration, genre, release_date, rank, image) VALUES (927, 101, 'Song kTOLs8xmi4', 375, 'Blues', '2009-09-26', 857, 'https://picsum.photos/id/270/200/200');
INSERT INTO SONGS (song_id, album_id, title, duration, genre, release_date, rank, image) VALUES (928, 22, 'Song vdWPH9jise', 216, 'Folk', '2010-11-13', 660, 'https://picsum.photos/id/275/200/200');
INSERT INTO SONGS (song_id, album_id, title, duration, genre, release_date, rank, image) VALUES (929, 166, 'Song 44HTlqz5FM', 210, 'Country', '2013-08-14', 246, 'https://picsum.photos/id/251/200/200');
INSERT INTO SONGS (song_id, album_id, title, duration, genre, release_date, rank, image) VALUES (930, 41, 'Song Az9IrEtuMn', 387, 'Indie', '2018-03-07', 408, 'https://picsum.photos/id/227/200/200');
INSERT INTO SONGS (song_id, album_id, title, duration, genre, release_date, rank, image) VALUES (931, 90, 'Song Py9TNQCBvD', 263, 'Blues', '2018-04-19', 535, 'https://picsum.photos/id/290/200/200');
INSERT INTO SONGS (song_id, album_id, title, duration, genre, release_date, rank, image) VALUES (932, 114, 'Song 4ZxO396kad', 148, 'Electronic', '2008-05-07', 506, 'https://picsum.photos/id/251/200/200');
INSERT INTO SONGS (song_id, album_id, title, duration, genre, release_date, rank, image) VALUES (933, 46, 'Song I3ESB9I43R', 434, 'Classical', '2012-09-21', 995, 'https://picsum.photos/id/284/200/200');
INSERT INTO SONGS (song_id, album_id, title, duration, genre, release_date, rank, image) VALUES (934, 9, 'Song VnqLmrxG28', 136, 'Alternative', '2021-10-28', 42, 'https://picsum.photos/id/270/200/200');
INSERT INTO SONGS (song_id, album_id, title, duration, genre, release_date, rank, image) VALUES (935, 186, 'Song nsZ2nm4OUx', 198, 'Electronic', '2010-09-30', 770, 'https://picsum.photos/id/228/200/200');
INSERT INTO SONGS (song_id, album_id, title, duration, genre, release_date, rank, image) VALUES (936, 31, 'Song XW5k3DnleW', 379, 'Indie', '2021-08-26', 254, 'https://picsum.photos/id/259/200/200');
INSERT INTO SONGS (song_id, album_id, title, duration, genre, release_date, rank, image) VALUES (937, 50, 'Song gsv60tFc8Z', 274, 'Hip Hop', '2023-12-18', 828, 'https://picsum.photos/id/279/200/200');
INSERT INTO SONGS (song_id, album_id, title, duration, genre, release_date, rank, image) VALUES (938, 55, 'Song nh7x7W4V8J', 128, 'Pop', '2021-10-10', 231, 'https://picsum.photos/id/289/200/200');
INSERT INTO SONGS (song_id, album_id, title, duration, genre, release_date, rank, image) VALUES (939, 113, 'Song 80bgsfcaYc', 382, 'Dance', '2022-06-02', 19, 'https://picsum.photos/id/232/200/200');
INSERT INTO SONGS (song_id, album_id, title, duration, genre, release_date, rank, image) VALUES (940, 138, 'Song L7qzMOnv1f', 128, 'Jazz', '2011-12-14', 438, 'https://picsum.photos/id/270/200/200');
INSERT INTO SONGS (song_id, album_id, title, duration, genre, release_date, rank, image) VALUES (941, 41, 'Song bpyrEMTNOY', 361, 'Folk', '2010-05-24', 90, 'https://picsum.photos/id/258/200/200');
INSERT INTO SONGS (song_id, album_id, title, duration, genre, release_date, rank, image) VALUES (942, 48, 'Song pPfwgjK5Pe', 157, 'Indie', '2021-12-31', 661, 'https://picsum.photos/id/212/200/200');
INSERT INTO SONGS (song_id, album_id, title, duration, genre, release_date, rank, image) VALUES (943, 66, 'Song FdG8VGsqep', 180, 'Hip Hop', '2009-09-22', 601, 'https://picsum.photos/id/216/200/200');
INSERT INTO SONGS (song_id, album_id, title, duration, genre, release_date, rank, image) VALUES (944, 110, 'Song JWcmJgCfUw', 455, 'Indie', '2024-03-01', 359, 'https://picsum.photos/id/222/200/200');
INSERT INTO SONGS (song_id, album_id, title, duration, genre, release_date, rank, image) VALUES (945, 74, 'Song Oy1uDTObQu', 289, 'Reggae', '2012-07-21', 71, 'https://picsum.photos/id/213/200/200');
INSERT INTO SONGS (song_id, album_id, title, duration, genre, release_date, rank, image) VALUES (946, 76, 'Song V34FGzqigs', 159, 'Rock', '2019-08-12', 495, 'https://picsum.photos/id/274/200/200');
INSERT INTO SONGS (song_id, album_id, title, duration, genre, release_date, rank, image) VALUES (947, 47, 'Song ORkUJkHk7Q', 475, 'Folk', '2010-07-07', 66, 'https://picsum.photos/id/203/200/200');
INSERT INTO SONGS (song_id, album_id, title, duration, genre, release_date, rank, image) VALUES (948, 83, 'Song yP9mS1LPWy', 400, 'Reggae', '2024-01-17', 217, 'https://picsum.photos/id/214/200/200');
INSERT INTO SONGS (song_id, album_id, title, duration, genre, release_date, rank, image) VALUES (949, 4, 'Song 36koXRR9ZQ', 204, 'Reggae', '2013-10-05', 553, 'https://picsum.photos/id/206/200/200');
INSERT INTO SONGS (song_id, album_id, title, duration, genre, release_date, rank, image) VALUES (950, 161, 'Song 2TlivXNmn5', 280, 'Jazz', '2019-12-21', 921, 'https://picsum.photos/id/282/200/200');
INSERT INTO SONGS (song_id, album_id, title, duration, genre, release_date, rank, image) VALUES (951, 4, 'Song Ui4ZwXebwM', 137, 'Folk', '2023-10-06', 204, 'https://picsum.photos/id/218/200/200');
INSERT INTO SONGS (song_id, album_id, title, duration, genre, release_date, rank, image) VALUES (952, 175, 'Song Af4A3RJJka', 342, 'Blues', '2014-02-16', 836, 'https://picsum.photos/id/219/200/200');
INSERT INTO SONGS (song_id, album_id, title, duration, genre, release_date, rank, image) VALUES (953, 95, 'Song v13IX4n4id', 459, 'Electronic', '2010-11-16', 320, 'https://picsum.photos/id/282/200/200');
INSERT INTO SONGS (song_id, album_id, title, duration, genre, release_date, rank, image) VALUES (954, 172, 'Song bNrqgJZCiI', 450, 'Blues', '2021-11-19', 234, 'https://picsum.photos/id/296/200/200');
INSERT INTO SONGS (song_id, album_id, title, duration, genre, release_date, rank, image) VALUES (955, 62, 'Song gvnTZ04Ook', 264, 'Indie', '2012-02-09', 820, 'https://picsum.photos/id/254/200/200');
INSERT INTO SONGS (song_id, album_id, title, duration, genre, release_date, rank, image) VALUES (956, 33, 'Song ipytQfaxph', 163, 'Indie', '2018-05-24', 987, 'https://picsum.photos/id/237/200/200');
INSERT INTO SONGS (song_id, album_id, title, duration, genre, release_date, rank, image) VALUES (957, 64, 'Song hIsLu0Xc6j', 235, 'Classical', '2014-10-07', 287, 'https://picsum.photos/id/212/200/200');
INSERT INTO SONGS (song_id, album_id, title, duration, genre, release_date, rank, image) VALUES (958, 44, 'Song 7uBKBAjiqQ', 439, 'Dance', '2015-05-18', 178, 'https://picsum.photos/id/285/200/200');
INSERT INTO SONGS (song_id, album_id, title, duration, genre, release_date, rank, image) VALUES (959, 88, 'Song IsH1P5suG1', 436, 'Electronic', '2015-09-26', 244, 'https://picsum.photos/id/228/200/200');
INSERT INTO SONGS (song_id, album_id, title, duration, genre, release_date, rank, image) VALUES (960, 162, 'Song goiBmDU2Rb', 129, 'Alternative', '2022-08-05', 856, 'https://picsum.photos/id/246/200/200');
INSERT INTO SONGS (song_id, album_id, title, duration, genre, release_date, rank, image) VALUES (961, 172, 'Song fPG15WmMhD', 373, 'Hip Hop', '2010-08-24', 882, 'https://picsum.photos/id/237/200/200');
INSERT INTO SONGS (song_id, album_id, title, duration, genre, release_date, rank, image) VALUES (962, 93, 'Song VGLxDdWbV9', 123, 'Classical', '2019-06-27', 417, 'https://picsum.photos/id/201/200/200');
INSERT INTO SONGS (song_id, album_id, title, duration, genre, release_date, rank, image) VALUES (963, 108, 'Song oMXThBCil0', 269, 'Blues', '2009-01-28', 43, 'https://picsum.photos/id/238/200/200');
INSERT INTO SONGS (song_id, album_id, title, duration, genre, release_date, rank, image) VALUES (964, 140, 'Song 7PUfTCi7ta', 139, 'Rock', '2008-10-08', 209, 'https://picsum.photos/id/281/200/200');
INSERT INTO SONGS (song_id, album_id, title, duration, genre, release_date, rank, image) VALUES (965, 85, 'Song eGRslbj83I', 438, 'Dance', '2014-02-14', 656, 'https://picsum.photos/id/211/200/200');
INSERT INTO SONGS (song_id, album_id, title, duration, genre, release_date, rank, image) VALUES (966, 149, 'Song iyKaq9Ix8Q', 228, 'Electronic', '2021-08-08', 552, 'https://picsum.photos/id/213/200/200');
INSERT INTO SONGS (song_id, album_id, title, duration, genre, release_date, rank, image) VALUES (967, 74, 'Song eeGorV8i05', 288, 'Classical', '2012-11-03', 546, 'https://picsum.photos/id/262/200/200');
INSERT INTO SONGS (song_id, album_id, title, duration, genre, release_date, rank, image) VALUES (968, 152, 'Song bmcT65BfC7', 330, 'R&B', '2016-08-09', 959, 'https://picsum.photos/id/297/200/200');
INSERT INTO SONGS (song_id, album_id, title, duration, genre, release_date, rank, image) VALUES (969, 24, 'Song uVORJZWWHE', 358, 'Alternative', '2014-06-27', 964, 'https://picsum.photos/id/251/200/200');
INSERT INTO SONGS (song_id, album_id, title, duration, genre, release_date, rank, image) VALUES (970, 69, 'Song VvHbohaNJx', 296, 'Electronic', '2024-01-21', 843, 'https://picsum.photos/id/254/200/200');
INSERT INTO SONGS (song_id, album_id, title, duration, genre, release_date, rank, image) VALUES (971, 49, 'Song mc8MWu50Zx', 209, 'Folk', '2017-10-23', 884, 'https://picsum.photos/id/217/200/200');
INSERT INTO SONGS (song_id, album_id, title, duration, genre, release_date, rank, image) VALUES (972, 24, 'Song HYt9hjQ5Uz', 475, 'R&B', '2018-05-04', 338, 'https://picsum.photos/id/225/200/200');
INSERT INTO SONGS (song_id, album_id, title, duration, genre, release_date, rank, image) VALUES (973, 120, 'Song PHKRlbXKPJ', 264, 'Pop', '2012-01-21', 587, 'https://picsum.photos/id/201/200/200');
INSERT INTO SONGS (song_id, album_id, title, duration, genre, release_date, rank, image) VALUES (974, 78, 'Song ze5PoMgNjp', 353, 'Reggae', '2023-04-13', 455, 'https://picsum.photos/id/207/200/200');
INSERT INTO SONGS (song_id, album_id, title, duration, genre, release_date, rank, image) VALUES (975, 44, 'Song eoceHEvyC6', 432, 'Folk', '2010-10-02', 849, 'https://picsum.photos/id/213/200/200');
INSERT INTO SONGS (song_id, album_id, title, duration, genre, release_date, rank, image) VALUES (976, 184, 'Song OT5pOO93tj', 165, 'Blues', '2017-01-04', 682, 'https://picsum.photos/id/265/200/200');
INSERT INTO SONGS (song_id, album_id, title, duration, genre, release_date, rank, image) VALUES (977, 26, 'Song jEMlKdSvV3', 297, 'Pop', '2008-05-17', 564, 'https://picsum.photos/id/276/200/200');
INSERT INTO SONGS (song_id, album_id, title, duration, genre, release_date, rank, image) VALUES (978, 128, 'Song weBhC3FbCk', 278, 'Jazz', '2022-09-09', 24, 'https://picsum.photos/id/268/200/200');
INSERT INTO SONGS (song_id, album_id, title, duration, genre, release_date, rank, image) VALUES (979, 105, 'Song HoPZ6qfsFB', 244, 'Blues', '2017-01-25', 475, 'https://picsum.photos/id/241/200/200');
INSERT INTO SONGS (song_id, album_id, title, duration, genre, release_date, rank, image) VALUES (980, 113, 'Song 0RyszZgklc', 217, 'Reggae', '2010-09-01', 109, 'https://picsum.photos/id/275/200/200');
INSERT INTO SONGS (song_id, album_id, title, duration, genre, release_date, rank, image) VALUES (981, 29, 'Song GJ1vwmVuO4', 377, 'Electronic', '2015-01-28', 964, 'https://picsum.photos/id/276/200/200');
INSERT INTO SONGS (song_id, album_id, title, duration, genre, release_date, rank, image) VALUES (982, 172, 'Song BZrCeht5zk', 425, 'Country', '2021-09-13', 189, 'https://picsum.photos/id/254/200/200');
INSERT INTO SONGS (song_id, album_id, title, duration, genre, release_date, rank, image) VALUES (983, 55, 'Song dbpObI5tva', 377, 'Alternative', '2019-05-18', 555, 'https://picsum.photos/id/293/200/200');
INSERT INTO SONGS (song_id, album_id, title, duration, genre, release_date, rank, image) VALUES (984, 145, 'Song ZFr6j07p1H', 384, 'Metal', '2023-10-24', 970, 'https://picsum.photos/id/250/200/200');
INSERT INTO SONGS (song_id, album_id, title, duration, genre, release_date, rank, image) VALUES (985, 183, 'Song jozx7BpCV4', 476, 'Metal', '2020-07-09', 987, 'https://picsum.photos/id/289/200/200');
INSERT INTO SONGS (song_id, album_id, title, duration, genre, release_date, rank, image) VALUES (986, 151, 'Song e8QwwSTD4B', 213, 'Metal', '2022-05-09', 655, 'https://picsum.photos/id/270/200/200');
INSERT INTO SONGS (song_id, album_id, title, duration, genre, release_date, rank, image) VALUES (987, 182, 'Song cHMYds0Rvb', 305, 'Folk', '2010-11-11', 352, 'https://picsum.photos/id/244/200/200');
INSERT INTO SONGS (song_id, album_id, title, duration, genre, release_date, rank, image) VALUES (988, 49, 'Song lBotUMaMTs', 322, 'Metal', '2017-05-22', 160, 'https://picsum.photos/id/249/200/200');
INSERT INTO SONGS (song_id, album_id, title, duration, genre, release_date, rank, image) VALUES (989, 14, 'Song n4oxm3Xri0', 172, 'Hip Hop', '2021-06-21', 975, 'https://picsum.photos/id/287/200/200');
INSERT INTO SONGS (song_id, album_id, title, duration, genre, release_date, rank, image) VALUES (990, 77, 'Song 0D1TEYARk4', 288, 'R&B', '2022-12-05', 870, 'https://picsum.photos/id/215/200/200');
INSERT INTO SONGS (song_id, album_id, title, duration, genre, release_date, rank, image) VALUES (991, 31, 'Song zZ3mnYnUkW', 474, 'Rock', '2008-11-23', 359, 'https://picsum.photos/id/244/200/200');
INSERT INTO SONGS (song_id, album_id, title, duration, genre, release_date, rank, image) VALUES (992, 170, 'Song AmNZ6weFb0', 396, 'Indie', '2009-05-21', 137, 'https://picsum.photos/id/296/200/200');
INSERT INTO SONGS (song_id, album_id, title, duration, genre, release_date, rank, image) VALUES (993, 182, 'Song OqqUx9knba', 461, 'R&B', '2016-01-25', 616, 'https://picsum.photos/id/231/200/200');
INSERT INTO SONGS (song_id, album_id, title, duration, genre, release_date, rank, image) VALUES (994, 4, 'Song 3ewyPvXpj0', 229, 'Folk', '2011-09-17', 656, 'https://picsum.photos/id/269/200/200');
INSERT INTO SONGS (song_id, album_id, title, duration, genre, release_date, rank, image) VALUES (995, 54, 'Song 4UQnoDN7ak', 175, 'Rock', '2008-04-09', 529, 'https://picsum.photos/id/283/200/200');
INSERT INTO SONGS (song_id, album_id, title, duration, genre, release_date, rank, image) VALUES (996, 17, 'Song yxgwThVKNJ', 218, 'Electronic', '2020-03-31', 254, 'https://picsum.photos/id/283/200/200');
INSERT INTO SONGS (song_id, album_id, title, duration, genre, release_date, rank, image) VALUES (997, 135, 'Song 1QwyoHFkjX', 334, 'Reggae', '2014-04-01', 78, 'https://picsum.photos/id/283/200/200');
INSERT INTO SONGS (song_id, album_id, title, duration, genre, release_date, rank, image) VALUES (998, 95, 'Song mMKtVvgeT8', 418, 'Electronic', '2021-11-30', 401, 'https://picsum.photos/id/291/200/200');
INSERT INTO SONGS (song_id, album_id, title, duration, genre, release_date, rank, image) VALUES (999, 43, 'Song rcU4DXQwnB', 314, 'Metal', '2012-05-31', 126, 'https://picsum.photos/id/297/200/200');
INSERT INTO SONGS (song_id, album_id, title, duration, genre, release_date, rank, image) VALUES (1000, 16, 'Song YIUE8DrWF7', 410, 'Dance', '2015-02-19', 652, 'https://picsum.photos/id/270/200/200');

-- PLAYLISTS Data --
INSERT INTO PLAYLISTS (playlist_id, user_id, title, description, date_created, image) VALUES (1, 99, 'My Hip Hop Playlist 86', 'A collection of Electronic tunes.', '2022-02-16', 'https://picsum.photos/id/306/180/180');
INSERT INTO PLAYLISTS (playlist_id, user_id, title, description, date_created, image) VALUES (2, 3, 'My Metal Playlist 41', 'A collection of Jazz tunes.', '2022-10-07', 'https://picsum.photos/id/324/180/180');
INSERT INTO PLAYLISTS (playlist_id, user_id, title, description, date_created, image) VALUES (3, 10, 'My Alternative Playlist 95', 'A collection of Classical tunes.', '2023-03-02', 'https://picsum.photos/id/370/180/180');
INSERT INTO PLAYLISTS (playlist_id, user_id, title, description, date_created, image) VALUES (4, 30, 'My Rock Playlist 27', 'A collection of Classical tunes.', '2020-01-29', 'https://picsum.photos/id/312/180/180');
INSERT INTO PLAYLISTS (playlist_id, user_id, title, description, date_created, image) VALUES (5, 18, 'My Electronic Playlist 87', 'A collection of Electronic tunes.', '2020-03-16', 'https://picsum.photos/id/368/180/180');
INSERT INTO PLAYLISTS (playlist_id, user_id, title, description, date_created, image) VALUES (6, 73, 'My Metal Playlist 52', 'A collection of Reggae tunes.', '2022-04-17', 'https://picsum.photos/id/338/180/180');
INSERT INTO PLAYLISTS (playlist_id, user_id, title, description, date_created, image) VALUES (7, 84, 'My Rock Playlist 98', 'A collection of Rock tunes.', '2020-12-21', 'https://picsum.photos/id/381/180/180');
INSERT INTO PLAYLISTS (playlist_id, user_id, title, description, date_created, image) VALUES (8, 15, 'My Classical Playlist 49', 'A collection of Pop tunes.', '2020-05-13', 'https://picsum.photos/id/307/180/180');
INSERT INTO PLAYLISTS (playlist_id, user_id, title, description, date_created, image) VALUES (9, 88, 'My Jazz Playlist 32', 'A collection of Electronic tunes.', '2020-03-28', 'https://picsum.photos/id/321/180/180');
INSERT INTO PLAYLISTS (playlist_id, user_id, title, description, date_created, image) VALUES (10, 55, 'My Classical Playlist 20', 'A collection of Alternative tunes.', '2022-03-27', 'https://picsum.photos/id/326/180/180');
INSERT INTO PLAYLISTS (playlist_id, user_id, title, description, date_created, image) VALUES (11, 35, 'My Alternative Playlist 63', 'A collection of Alternative tunes.', '2024-02-28', 'https://picsum.photos/id/344/180/180');
INSERT INTO PLAYLISTS (playlist_id, user_id, title, description, date_created, image) VALUES (12, 63, 'My R&B Playlist 20', 'A collection of Classical tunes.', '2023-05-22', 'https://picsum.photos/id/381/180/180');
INSERT INTO PLAYLISTS (playlist_id, user_id, title, description, date_created, image) VALUES (13, 49, 'My Hip Hop Playlist 97', 'A collection of Alternative tunes.', '2022-04-06', 'https://picsum.photos/id/392/180/180');
INSERT INTO PLAYLISTS (playlist_id, user_id, title, description, date_created, image) VALUES (14, 3, 'My Country Playlist 86', 'A collection of R&B tunes.', '2021-06-20', 'https://picsum.photos/id/396/180/180');
INSERT INTO PLAYLISTS (playlist_id, user_id, title, description, date_created, image) VALUES (15, 63, 'My Metal Playlist 46', 'A collection of R&B tunes.', '2021-10-05', 'https://picsum.photos/id/342/180/180');
INSERT INTO PLAYLISTS (playlist_id, user_id, title, description, date_created, image) VALUES (16, 100, 'My Blues Playlist 27', 'A collection of Classical tunes.', '2022-11-17', 'https://picsum.photos/id/331/180/180');
INSERT INTO PLAYLISTS (playlist_id, user_id, title, description, date_created, image) VALUES (17, 64, 'My Indie Playlist 71', 'A collection of Hip Hop tunes.', '2024-04-25', 'https://picsum.photos/id/366/180/180');
INSERT INTO PLAYLISTS (playlist_id, user_id, title, description, date_created, image) VALUES (18, 20, 'My Jazz Playlist 39', 'A collection of Classical tunes.', '2023-05-20', 'https://picsum.photos/id/328/180/180');
INSERT INTO PLAYLISTS (playlist_id, user_id, title, description, date_created, image) VALUES (19, 23, 'My Reggae Playlist 35', 'A collection of Hip Hop tunes.', '2023-01-06', 'https://picsum.photos/id/359/180/180');
INSERT INTO PLAYLISTS (playlist_id, user_id, title, description, date_created, image) VALUES (20, 69, 'My Jazz Playlist 94', 'A collection of Reggae tunes.', '2024-01-05', 'https://picsum.photos/id/333/180/180');
INSERT INTO PLAYLISTS (playlist_id, user_id, title, description, date_created, image) VALUES (21, 26, 'My Blues Playlist 84', 'A collection of Indie tunes.', '2023-05-31', 'https://picsum.photos/id/398/180/180');
INSERT INTO PLAYLISTS (playlist_id, user_id, title, description, date_created, image) VALUES (22, 56, 'My Dance Playlist 70', 'A collection of Rock tunes.', '2022-09-18', 'https://picsum.photos/id/352/180/180');
INSERT INTO PLAYLISTS (playlist_id, user_id, title, description, date_created, image) VALUES (23, 36, 'My Alternative Playlist 88', 'A collection of Dance tunes.', '2024-05-05', 'https://picsum.photos/id/322/180/180');
INSERT INTO PLAYLISTS (playlist_id, user_id, title, description, date_created, image) VALUES (24, 16, 'My Jazz Playlist 70', 'A collection of Hip Hop tunes.', '2022-10-05', 'https://picsum.photos/id/314/180/180');
INSERT INTO PLAYLISTS (playlist_id, user_id, title, description, date_created, image) VALUES (25, 85, 'My Hip Hop Playlist 43', 'A collection of Rock tunes.', '2024-01-28', 'https://picsum.photos/id/352/180/180');
INSERT INTO PLAYLISTS (playlist_id, user_id, title, description, date_created, image) VALUES (26, 66, 'My Indie Playlist 39', 'A collection of Dance tunes.', '2020-09-18', 'https://picsum.photos/id/314/180/180');
INSERT INTO PLAYLISTS (playlist_id, user_id, title, description, date_created, image) VALUES (27, 35, 'My Alternative Playlist 84', 'A collection of Hip Hop tunes.', '2021-09-29', 'https://picsum.photos/id/336/180/180');
INSERT INTO PLAYLISTS (playlist_id, user_id, title, description, date_created, image) VALUES (28, 17, 'My Blues Playlist 32', 'A collection of Dance tunes.', '2021-01-10', 'https://picsum.photos/id/355/180/180');
INSERT INTO PLAYLISTS (playlist_id, user_id, title, description, date_created, image) VALUES (29, 16, 'My Alternative Playlist 36', 'A collection of Rock tunes.', '2020-02-15', 'https://picsum.photos/id/367/180/180');
INSERT INTO PLAYLISTS (playlist_id, user_id, title, description, date_created, image) VALUES (30, 72, 'My Metal Playlist 69', 'A collection of Jazz tunes.', '2021-06-23', 'https://picsum.photos/id/367/180/180');
INSERT INTO PLAYLISTS (playlist_id, user_id, title, description, date_created, image) VALUES (31, 67, 'My Classical Playlist 60', 'A collection of Indie tunes.', '2023-04-03', 'https://picsum.photos/id/321/180/180');
INSERT INTO PLAYLISTS (playlist_id, user_id, title, description, date_created, image) VALUES (32, 80, 'My Indie Playlist 19', 'A collection of Jazz tunes.', '2024-02-16', 'https://picsum.photos/id/379/180/180');
INSERT INTO PLAYLISTS (playlist_id, user_id, title, description, date_created, image) VALUES (33, 41, 'My Pop Playlist 42', 'A collection of Metal tunes.', '2023-01-17', 'https://picsum.photos/id/382/180/180');
INSERT INTO PLAYLISTS (playlist_id, user_id, title, description, date_created, image) VALUES (34, 81, 'My Jazz Playlist 84', 'A collection of Rock tunes.', '2020-02-02', 'https://picsum.photos/id/312/180/180');
INSERT INTO PLAYLISTS (playlist_id, user_id, title, description, date_created, image) VALUES (35, 72, 'My Blues Playlist 19', 'A collection of Dance tunes.', '2022-03-21', 'https://picsum.photos/id/393/180/180');
INSERT INTO PLAYLISTS (playlist_id, user_id, title, description, date_created, image) VALUES (36, 68, 'My Dance Playlist 27', 'A collection of Folk tunes.', '2024-04-22', 'https://picsum.photos/id/348/180/180');
INSERT INTO PLAYLISTS (playlist_id, user_id, title, description, date_created, image) VALUES (37, 87, 'My Electronic Playlist 22', 'A collection of Jazz tunes.', '2023-05-09', 'https://picsum.photos/id/392/180/180');
INSERT INTO PLAYLISTS (playlist_id, user_id, title, description, date_created, image) VALUES (38, 44, 'My R&B Playlist 57', 'A collection of Reggae tunes.', '2021-12-04', 'https://picsum.photos/id/341/180/180');
INSERT INTO PLAYLISTS (playlist_id, user_id, title, description, date_created, image) VALUES (39, 6, 'My Pop Playlist 2', 'A collection of Folk tunes.', '2024-04-02', 'https://picsum.photos/id/357/180/180');
INSERT INTO PLAYLISTS (playlist_id, user_id, title, description, date_created, image) VALUES (40, 85, 'My Jazz Playlist 6', 'A collection of Pop tunes.', '2022-11-05', 'https://picsum.photos/id/385/180/180');
INSERT INTO PLAYLISTS (playlist_id, user_id, title, description, date_created, image) VALUES (41, 92, 'My Folk Playlist 93', 'A collection of Country tunes.', '2022-06-25', 'https://picsum.photos/id/329/180/180');
INSERT INTO PLAYLISTS (playlist_id, user_id, title, description, date_created, image) VALUES (42, 30, 'My R&B Playlist 18', 'A collection of Hip Hop tunes.', '2023-01-20', 'https://picsum.photos/id/395/180/180');
INSERT INTO PLAYLISTS (playlist_id, user_id, title, description, date_created, image) VALUES (43, 44, 'My Indie Playlist 6', 'A collection of Electronic tunes.', '2022-01-14', 'https://picsum.photos/id/349/180/180');
INSERT INTO PLAYLISTS (playlist_id, user_id, title, description, date_created, image) VALUES (44, 97, 'My Blues Playlist 37', 'A collection of Electronic tunes.', '2023-01-03', 'https://picsum.photos/id/333/180/180');
INSERT INTO PLAYLISTS (playlist_id, user_id, title, description, date_created, image) VALUES (45, 61, 'My Classical Playlist 80', 'A collection of Folk tunes.', '2021-03-06', 'https://picsum.photos/id/330/180/180');
INSERT INTO PLAYLISTS (playlist_id, user_id, title, description, date_created, image) VALUES (46, 14, 'My Hip Hop Playlist 71', 'A collection of Metal tunes.', '2022-12-27', 'https://picsum.photos/id/314/180/180');
INSERT INTO PLAYLISTS (playlist_id, user_id, title, description, date_created, image) VALUES (47, 87, 'My R&B Playlist 55', 'A collection of Electronic tunes.', '2024-03-30', 'https://picsum.photos/id/339/180/180');
INSERT INTO PLAYLISTS (playlist_id, user_id, title, description, date_created, image) VALUES (48, 96, 'My Country Playlist 96', 'A collection of Pop tunes.', '2023-03-25', 'https://picsum.photos/id/363/180/180');
INSERT INTO PLAYLISTS (playlist_id, user_id, title, description, date_created, image) VALUES (49, 20, 'My R&B Playlist 20', 'A collection of Metal tunes.', '2023-05-08', 'https://picsum.photos/id/333/180/180');
INSERT INTO PLAYLISTS (playlist_id, user_id, title, description, date_created, image) VALUES (50, 81, 'My Folk Playlist 67', 'A collection of Blues tunes.', '2021-01-30', 'https://picsum.photos/id/363/180/180');
INSERT INTO PLAYLISTS (playlist_id, user_id, title, description, date_created, image) VALUES (51, 99, 'My Jazz Playlist 33', 'A collection of Alternative tunes.', '2022-01-09', 'https://picsum.photos/id/381/180/180');
INSERT INTO PLAYLISTS (playlist_id, user_id, title, description, date_created, image) VALUES (52, 52, 'My Blues Playlist 19', 'A collection of Reggae tunes.', '2021-07-15', 'https://picsum.photos/id/379/180/180');
INSERT INTO PLAYLISTS (playlist_id, user_id, title, description, date_created, image) VALUES (53, 30, 'My Hip Hop Playlist 29', 'A collection of Pop tunes.', '2020-02-05', 'https://picsum.photos/id/306/180/180');
INSERT INTO PLAYLISTS (playlist_id, user_id, title, description, date_created, image) VALUES (54, 32, 'My Jazz Playlist 80', 'A collection of R&B tunes.', '2021-03-06', 'https://picsum.photos/id/304/180/180');
INSERT INTO PLAYLISTS (playlist_id, user_id, title, description, date_created, image) VALUES (55, 25, 'My Rock Playlist 69', 'A collection of Pop tunes.', '2023-04-15', 'https://picsum.photos/id/387/180/180');
INSERT INTO PLAYLISTS (playlist_id, user_id, title, description, date_created, image) VALUES (56, 10, 'My Dance Playlist 61', 'A collection of Indie tunes.', '2020-06-09', 'https://picsum.photos/id/395/180/180');
INSERT INTO PLAYLISTS (playlist_id, user_id, title, description, date_created, image) VALUES (57, 51, 'My Blues Playlist 53', 'A collection of Pop tunes.', '2022-02-18', 'https://picsum.photos/id/339/180/180');
INSERT INTO PLAYLISTS (playlist_id, user_id, title, description, date_created, image) VALUES (58, 99, 'My Electronic Playlist 67', 'A collection of Folk tunes.', '2024-03-18', 'https://picsum.photos/id/328/180/180');
INSERT INTO PLAYLISTS (playlist_id, user_id, title, description, date_created, image) VALUES (59, 37, 'My Country Playlist 28', 'A collection of Pop tunes.', '2021-05-30', 'https://picsum.photos/id/347/180/180');
INSERT INTO PLAYLISTS (playlist_id, user_id, title, description, date_created, image) VALUES (60, 95, 'My Hip Hop Playlist 64', 'A collection of Folk tunes.', '2020-10-14', 'https://picsum.photos/id/328/180/180');
INSERT INTO PLAYLISTS (playlist_id, user_id, title, description, date_created, image) VALUES (61, 9, 'My Reggae Playlist 61', 'A collection of Hip Hop tunes.', '2023-04-02', 'https://picsum.photos/id/318/180/180');
INSERT INTO PLAYLISTS (playlist_id, user_id, title, description, date_created, image) VALUES (62, 86, 'My Folk Playlist 75', 'A collection of Rock tunes.', '2020-01-31', 'https://picsum.photos/id/387/180/180');
INSERT INTO PLAYLISTS (playlist_id, user_id, title, description, date_created, image) VALUES (63, 48, 'My Classical Playlist 83', 'A collection of Pop tunes.', '2022-12-05', 'https://picsum.photos/id/318/180/180');
INSERT INTO PLAYLISTS (playlist_id, user_id, title, description, date_created, image) VALUES (64, 48, 'My Electronic Playlist 4', 'A collection of R&B tunes.', '2022-02-05', 'https://picsum.photos/id/387/180/180');
INSERT INTO PLAYLISTS (playlist_id, user_id, title, description, date_created, image) VALUES (65, 57, 'My Blues Playlist 34', 'A collection of R&B tunes.', '2021-02-02', 'https://picsum.photos/id/322/180/180');
INSERT INTO PLAYLISTS (playlist_id, user_id, title, description, date_created, image) VALUES (66, 10, 'My Folk Playlist 73', 'A collection of Folk tunes.', '2022-10-15', 'https://picsum.photos/id/377/180/180');
INSERT INTO PLAYLISTS (playlist_id, user_id, title, description, date_created, image) VALUES (67, 15, 'My Jazz Playlist 24', 'A collection of Alternative tunes.', '2022-03-12', 'https://picsum.photos/id/313/180/180');
INSERT INTO PLAYLISTS (playlist_id, user_id, title, description, date_created, image) VALUES (68, 5, 'My Pop Playlist 30', 'A collection of Hip Hop tunes.', '2020-02-03', 'https://picsum.photos/id/379/180/180');
INSERT INTO PLAYLISTS (playlist_id, user_id, title, description, date_created, image) VALUES (69, 23, 'My Folk Playlist 83', 'A collection of Indie tunes.', '2023-12-09', 'https://picsum.photos/id/323/180/180');
INSERT INTO PLAYLISTS (playlist_id, user_id, title, description, date_created, image) VALUES (70, 25, 'My Blues Playlist 89', 'A collection of Dance tunes.', '2020-10-04', 'https://picsum.photos/id/365/180/180');
INSERT INTO PLAYLISTS (playlist_id, user_id, title, description, date_created, image) VALUES (71, 9, 'My R&B Playlist 69', 'A collection of Electronic tunes.', '2020-11-04', 'https://picsum.photos/id/347/180/180');
INSERT INTO PLAYLISTS (playlist_id, user_id, title, description, date_created, image) VALUES (72, 41, 'My Folk Playlist 45', 'A collection of Jazz tunes.', '2023-07-26', 'https://picsum.photos/id/314/180/180');
INSERT INTO PLAYLISTS (playlist_id, user_id, title, description, date_created, image) VALUES (73, 98, 'My Hip Hop Playlist 39', 'A collection of Alternative tunes.', '2020-08-14', 'https://picsum.photos/id/396/180/180');
INSERT INTO PLAYLISTS (playlist_id, user_id, title, description, date_created, image) VALUES (74, 24, 'My Pop Playlist 34', 'A collection of Classical tunes.', '2020-09-06', 'https://picsum.photos/id/375/180/180');
INSERT INTO PLAYLISTS (playlist_id, user_id, title, description, date_created, image) VALUES (75, 28, 'My Pop Playlist 80', 'A collection of Jazz tunes.', '2020-05-24', 'https://picsum.photos/id/325/180/180');
INSERT INTO PLAYLISTS (playlist_id, user_id, title, description, date_created, image) VALUES (76, 92, 'My Indie Playlist 57', 'A collection of Electronic tunes.', '2021-10-25', 'https://picsum.photos/id/334/180/180');
INSERT INTO PLAYLISTS (playlist_id, user_id, title, description, date_created, image) VALUES (77, 8, 'My Folk Playlist 39', 'A collection of Country tunes.', '2021-01-30', 'https://picsum.photos/id/344/180/180');
INSERT INTO PLAYLISTS (playlist_id, user_id, title, description, date_created, image) VALUES (78, 51, 'My Metal Playlist 52', 'A collection of Metal tunes.', '2020-02-22', 'https://picsum.photos/id/376/180/180');
INSERT INTO PLAYLISTS (playlist_id, user_id, title, description, date_created, image) VALUES (79, 21, 'My Classical Playlist 8', 'A collection of Indie tunes.', '2020-04-10', 'https://picsum.photos/id/364/180/180');
INSERT INTO PLAYLISTS (playlist_id, user_id, title, description, date_created, image) VALUES (80, 24, 'My Hip Hop Playlist 36', 'A collection of R&B tunes.', '2021-05-11', 'https://picsum.photos/id/375/180/180');
INSERT INTO PLAYLISTS (playlist_id, user_id, title, description, date_created, image) VALUES (81, 95, 'My Reggae Playlist 48', 'A collection of Pop tunes.', '2021-11-16', 'https://picsum.photos/id/315/180/180');
INSERT INTO PLAYLISTS (playlist_id, user_id, title, description, date_created, image) VALUES (82, 61, 'My Hip Hop Playlist 58', 'A collection of Pop tunes.', '2021-11-24', 'https://picsum.photos/id/321/180/180');
INSERT INTO PLAYLISTS (playlist_id, user_id, title, description, date_created, image) VALUES (83, 50, 'My Hip Hop Playlist 83', 'A collection of Electronic tunes.', '2020-06-28', 'https://picsum.photos/id/373/180/180');
INSERT INTO PLAYLISTS (playlist_id, user_id, title, description, date_created, image) VALUES (84, 48, 'My Dance Playlist 63', 'A collection of Blues tunes.', '2021-08-01', 'https://picsum.photos/id/393/180/180');
INSERT INTO PLAYLISTS (playlist_id, user_id, title, description, date_created, image) VALUES (85, 8, 'My R&B Playlist 17', 'A collection of Folk tunes.', '2021-06-17', 'https://picsum.photos/id/343/180/180');
INSERT INTO PLAYLISTS (playlist_id, user_id, title, description, date_created, image) VALUES (86, 39, 'My Alternative Playlist 59', 'A collection of Metal tunes.', '2023-03-06', 'https://picsum.photos/id/377/180/180');
INSERT INTO PLAYLISTS (playlist_id, user_id, title, description, date_created, image) VALUES (87, 85, 'My Electronic Playlist 77', 'A collection of Country tunes.', '2021-07-04', 'https://picsum.photos/id/325/180/180');
INSERT INTO PLAYLISTS (playlist_id, user_id, title, description, date_created, image) VALUES (88, 33, 'My Classical Playlist 39', 'A collection of Dance tunes.', '2021-05-18', 'https://picsum.photos/id/301/180/180');
INSERT INTO PLAYLISTS (playlist_id, user_id, title, description, date_created, image) VALUES (89, 47, 'My Rock Playlist 46', 'A collection of Hip Hop tunes.', '2021-04-09', 'https://picsum.photos/id/302/180/180');
INSERT INTO PLAYLISTS (playlist_id, user_id, title, description, date_created, image) VALUES (90, 42, 'My Jazz Playlist 100', 'A collection of R&B tunes.', '2023-07-09', 'https://picsum.photos/id/350/180/180');
INSERT INTO PLAYLISTS (playlist_id, user_id, title, description, date_created, image) VALUES (91, 24, 'My Indie Playlist 70', 'A collection of Rock tunes.', '2023-04-09', 'https://picsum.photos/id/304/180/180');
INSERT INTO PLAYLISTS (playlist_id, user_id, title, description, date_created, image) VALUES (92, 79, 'My Reggae Playlist 17', 'A collection of Indie tunes.', '2022-07-19', 'https://picsum.photos/id/398/180/180');
INSERT INTO PLAYLISTS (playlist_id, user_id, title, description, date_created, image) VALUES (93, 70, 'My Pop Playlist 26', 'A collection of R&B tunes.', '2022-06-12', 'https://picsum.photos/id/385/180/180');
INSERT INTO PLAYLISTS (playlist_id, user_id, title, description, date_created, image) VALUES (94, 35, 'My Alternative Playlist 4', 'A collection of Electronic tunes.', '2023-03-30', 'https://picsum.photos/id/372/180/180');
INSERT INTO PLAYLISTS (playlist_id, user_id, title, description, date_created, image) VALUES (95, 44, 'My Metal Playlist 37', 'A collection of Reggae tunes.', '2021-01-18', 'https://picsum.photos/id/357/180/180');
INSERT INTO PLAYLISTS (playlist_id, user_id, title, description, date_created, image) VALUES (96, 62, 'My Reggae Playlist 89', 'A collection of Dance tunes.', '2024-05-05', 'https://picsum.photos/id/312/180/180');
INSERT INTO PLAYLISTS (playlist_id, user_id, title, description, date_created, image) VALUES (97, 41, 'My Reggae Playlist 80', 'A collection of Pop tunes.', '2020-05-21', 'https://picsum.photos/id/361/180/180');
INSERT INTO PLAYLISTS (playlist_id, user_id, title, description, date_created, image) VALUES (98, 96, 'My Electronic Playlist 100', 'A collection of Reggae tunes.', '2022-10-23', 'https://picsum.photos/id/358/180/180');
INSERT INTO PLAYLISTS (playlist_id, user_id, title, description, date_created, image) VALUES (99, 96, 'My Hip Hop Playlist 44', 'A collection of Country tunes.', '2020-05-18', 'https://picsum.photos/id/358/180/180');
INSERT INTO PLAYLISTS (playlist_id, user_id, title, description, date_created, image) VALUES (100, 93, 'My Hip Hop Playlist 48', 'A collection of Electronic tunes.', '2024-01-26', 'https://picsum.photos/id/329/180/180');
INSERT INTO PLAYLISTS (playlist_id, user_id, title, description, date_created, image) VALUES (101, 32, 'My Dance Playlist 7', 'A collection of Pop tunes.', '2023-10-01', 'https://picsum.photos/id/330/180/180');
INSERT INTO PLAYLISTS (playlist_id, user_id, title, description, date_created, image) VALUES (102, 83, 'My Dance Playlist 42', 'A collection of Rock tunes.', '2020-03-31', 'https://picsum.photos/id/313/180/180');
INSERT INTO PLAYLISTS (playlist_id, user_id, title, description, date_created, image) VALUES (103, 55, 'My Blues Playlist 10', 'A collection of Electronic tunes.', '2023-03-02', 'https://picsum.photos/id/381/180/180');
INSERT INTO PLAYLISTS (playlist_id, user_id, title, description, date_created, image) VALUES (104, 64, 'My Country Playlist 37', 'A collection of Blues tunes.', '2020-03-30', 'https://picsum.photos/id/304/180/180');
INSERT INTO PLAYLISTS (playlist_id, user_id, title, description, date_created, image) VALUES (105, 33, 'My Reggae Playlist 51', 'A collection of Country tunes.', '2024-01-27', 'https://picsum.photos/id/341/180/180');
INSERT INTO PLAYLISTS (playlist_id, user_id, title, description, date_created, image) VALUES (106, 93, 'My Alternative Playlist 9', 'A collection of Pop tunes.', '2022-03-14', 'https://picsum.photos/id/342/180/180');
INSERT INTO PLAYLISTS (playlist_id, user_id, title, description, date_created, image) VALUES (107, 12, 'My Alternative Playlist 14', 'A collection of Alternative tunes.', '2020-05-03', 'https://picsum.photos/id/357/180/180');
INSERT INTO PLAYLISTS (playlist_id, user_id, title, description, date_created, image) VALUES (108, 65, 'My Blues Playlist 81', 'A collection of Rock tunes.', '2024-01-04', 'https://picsum.photos/id/365/180/180');
INSERT INTO PLAYLISTS (playlist_id, user_id, title, description, date_created, image) VALUES (109, 19, 'My Metal Playlist 38', 'A collection of Electronic tunes.', '2020-10-09', 'https://picsum.photos/id/363/180/180');
INSERT INTO PLAYLISTS (playlist_id, user_id, title, description, date_created, image) VALUES (110, 67, 'My Electronic Playlist 91', 'A collection of Folk tunes.', '2023-12-08', 'https://picsum.photos/id/343/180/180');
INSERT INTO PLAYLISTS (playlist_id, user_id, title, description, date_created, image) VALUES (111, 4, 'My Hip Hop Playlist 97', 'A collection of Folk tunes.', '2023-04-18', 'https://picsum.photos/id/314/180/180');
INSERT INTO PLAYLISTS (playlist_id, user_id, title, description, date_created, image) VALUES (112, 55, 'My Folk Playlist 24', 'A collection of Classical tunes.', '2020-12-04', 'https://picsum.photos/id/374/180/180');
INSERT INTO PLAYLISTS (playlist_id, user_id, title, description, date_created, image) VALUES (113, 99, 'My Electronic Playlist 60', 'A collection of Alternative tunes.', '2020-07-27', 'https://picsum.photos/id/322/180/180');
INSERT INTO PLAYLISTS (playlist_id, user_id, title, description, date_created, image) VALUES (114, 4, 'My Folk Playlist 74', 'A collection of Dance tunes.', '2023-12-25', 'https://picsum.photos/id/322/180/180');
INSERT INTO PLAYLISTS (playlist_id, user_id, title, description, date_created, image) VALUES (115, 6, 'My Country Playlist 46', 'A collection of Alternative tunes.', '2023-09-10', 'https://picsum.photos/id/385/180/180');
INSERT INTO PLAYLISTS (playlist_id, user_id, title, description, date_created, image) VALUES (116, 46, 'My Alternative Playlist 96', 'A collection of Alternative tunes.', '2021-03-22', 'https://picsum.photos/id/360/180/180');
INSERT INTO PLAYLISTS (playlist_id, user_id, title, description, date_created, image) VALUES (117, 25, 'My Blues Playlist 10', 'A collection of Metal tunes.', '2024-04-15', 'https://picsum.photos/id/398/180/180');
INSERT INTO PLAYLISTS (playlist_id, user_id, title, description, date_created, image) VALUES (118, 13, 'My Jazz Playlist 62', 'A collection of Folk tunes.', '2024-04-18', 'https://picsum.photos/id/374/180/180');
INSERT INTO PLAYLISTS (playlist_id, user_id, title, description, date_created, image) VALUES (119, 33, 'My Pop Playlist 1', 'A collection of Pop tunes.', '2022-05-14', 'https://picsum.photos/id/376/180/180');
INSERT INTO PLAYLISTS (playlist_id, user_id, title, description, date_created, image) VALUES (120, 96, 'My Reggae Playlist 32', 'A collection of Pop tunes.', '2023-12-05', 'https://picsum.photos/id/391/180/180');
INSERT INTO PLAYLISTS (playlist_id, user_id, title, description, date_created, image) VALUES (121, 39, 'My Dance Playlist 4', 'A collection of Blues tunes.', '2023-08-14', 'https://picsum.photos/id/392/180/180');
INSERT INTO PLAYLISTS (playlist_id, user_id, title, description, date_created, image) VALUES (122, 4, 'My Jazz Playlist 85', 'A collection of Jazz tunes.', '2022-03-07', 'https://picsum.photos/id/306/180/180');
INSERT INTO PLAYLISTS (playlist_id, user_id, title, description, date_created, image) VALUES (123, 91, 'My Folk Playlist 69', 'A collection of Metal tunes.', '2021-10-26', 'https://picsum.photos/id/335/180/180');
INSERT INTO PLAYLISTS (playlist_id, user_id, title, description, date_created, image) VALUES (124, 94, 'My R&B Playlist 83', 'A collection of Hip Hop tunes.', '2021-12-13', 'https://picsum.photos/id/340/180/180');
INSERT INTO PLAYLISTS (playlist_id, user_id, title, description, date_created, image) VALUES (125, 74, 'My Folk Playlist 88', 'A collection of Metal tunes.', '2024-04-09', 'https://picsum.photos/id/328/180/180');
INSERT INTO PLAYLISTS (playlist_id, user_id, title, description, date_created, image) VALUES (126, 72, 'My Folk Playlist 27', 'A collection of R&B tunes.', '2023-07-03', 'https://picsum.photos/id/346/180/180');
INSERT INTO PLAYLISTS (playlist_id, user_id, title, description, date_created, image) VALUES (127, 98, 'My Metal Playlist 80', 'A collection of Folk tunes.', '2023-03-23', 'https://picsum.photos/id/330/180/180');
INSERT INTO PLAYLISTS (playlist_id, user_id, title, description, date_created, image) VALUES (128, 58, 'My Folk Playlist 32', 'A collection of Electronic tunes.', '2022-06-14', 'https://picsum.photos/id/342/180/180');
INSERT INTO PLAYLISTS (playlist_id, user_id, title, description, date_created, image) VALUES (129, 48, 'My R&B Playlist 74', 'A collection of Reggae tunes.', '2021-11-29', 'https://picsum.photos/id/391/180/180');
INSERT INTO PLAYLISTS (playlist_id, user_id, title, description, date_created, image) VALUES (130, 78, 'My Metal Playlist 99', 'A collection of Country tunes.', '2022-04-20', 'https://picsum.photos/id/334/180/180');
INSERT INTO PLAYLISTS (playlist_id, user_id, title, description, date_created, image) VALUES (131, 40, 'My Reggae Playlist 86', 'A collection of Electronic tunes.', '2022-02-05', 'https://picsum.photos/id/343/180/180');
INSERT INTO PLAYLISTS (playlist_id, user_id, title, description, date_created, image) VALUES (132, 100, 'My Electronic Playlist 18', 'A collection of Alternative tunes.', '2020-05-30', 'https://picsum.photos/id/389/180/180');
INSERT INTO PLAYLISTS (playlist_id, user_id, title, description, date_created, image) VALUES (133, 96, 'My Pop Playlist 11', 'A collection of Metal tunes.', '2021-09-16', 'https://picsum.photos/id/397/180/180');
INSERT INTO PLAYLISTS (playlist_id, user_id, title, description, date_created, image) VALUES (134, 79, 'My Country Playlist 31', 'A collection of Folk tunes.', '2024-02-27', 'https://picsum.photos/id/316/180/180');
INSERT INTO PLAYLISTS (playlist_id, user_id, title, description, date_created, image) VALUES (135, 39, 'My Jazz Playlist 81', 'A collection of R&B tunes.', '2022-09-15', 'https://picsum.photos/id/364/180/180');
INSERT INTO PLAYLISTS (playlist_id, user_id, title, description, date_created, image) VALUES (136, 25, 'My Jazz Playlist 30', 'A collection of Indie tunes.', '2023-12-25', 'https://picsum.photos/id/358/180/180');
INSERT INTO PLAYLISTS (playlist_id, user_id, title, description, date_created, image) VALUES (137, 17, 'My Electronic Playlist 10', 'A collection of Alternative tunes.', '2021-04-21', 'https://picsum.photos/id/398/180/180');
INSERT INTO PLAYLISTS (playlist_id, user_id, title, description, date_created, image) VALUES (138, 31, 'My Pop Playlist 61', 'A collection of Electronic tunes.', '2020-03-25', 'https://picsum.photos/id/343/180/180');
INSERT INTO PLAYLISTS (playlist_id, user_id, title, description, date_created, image) VALUES (139, 34, 'My Indie Playlist 58', 'A collection of R&B tunes.', '2021-10-20', 'https://picsum.photos/id/348/180/180');
INSERT INTO PLAYLISTS (playlist_id, user_id, title, description, date_created, image) VALUES (140, 44, 'My Jazz Playlist 55', 'A collection of Electronic tunes.', '2020-10-04', 'https://picsum.photos/id/309/180/180');
INSERT INTO PLAYLISTS (playlist_id, user_id, title, description, date_created, image) VALUES (141, 13, 'My Folk Playlist 16', 'A collection of Folk tunes.', '2022-12-12', 'https://picsum.photos/id/350/180/180');
INSERT INTO PLAYLISTS (playlist_id, user_id, title, description, date_created, image) VALUES (142, 50, 'My Indie Playlist 78', 'A collection of Metal tunes.', '2022-10-19', 'https://picsum.photos/id/390/180/180');
INSERT INTO PLAYLISTS (playlist_id, user_id, title, description, date_created, image) VALUES (143, 58, 'My Electronic Playlist 98', 'A collection of R&B tunes.', '2022-06-25', 'https://picsum.photos/id/333/180/180');
INSERT INTO PLAYLISTS (playlist_id, user_id, title, description, date_created, image) VALUES (144, 49, 'My Indie Playlist 84', 'A collection of Classical tunes.', '2020-04-13', 'https://picsum.photos/id/385/180/180');
INSERT INTO PLAYLISTS (playlist_id, user_id, title, description, date_created, image) VALUES (145, 95, 'My Blues Playlist 66', 'A collection of Electronic tunes.', '2023-02-02', 'https://picsum.photos/id/390/180/180');
INSERT INTO PLAYLISTS (playlist_id, user_id, title, description, date_created, image) VALUES (146, 28, 'My Rock Playlist 72', 'A collection of Dance tunes.', '2023-11-25', 'https://picsum.photos/id/362/180/180');
INSERT INTO PLAYLISTS (playlist_id, user_id, title, description, date_created, image) VALUES (147, 3, 'My Classical Playlist 63', 'A collection of Electronic tunes.', '2020-12-03', 'https://picsum.photos/id/328/180/180');
INSERT INTO PLAYLISTS (playlist_id, user_id, title, description, date_created, image) VALUES (148, 91, 'My Metal Playlist 43', 'A collection of Rock tunes.', '2022-08-05', 'https://picsum.photos/id/363/180/180');
INSERT INTO PLAYLISTS (playlist_id, user_id, title, description, date_created, image) VALUES (149, 60, 'My Jazz Playlist 56', 'A collection of Hip Hop tunes.', '2022-12-23', 'https://picsum.photos/id/325/180/180');
INSERT INTO PLAYLISTS (playlist_id, user_id, title, description, date_created, image) VALUES (150, 72, 'My Reggae Playlist 24', 'A collection of Jazz tunes.', '2023-11-04', 'https://picsum.photos/id/304/180/180');
INSERT INTO PLAYLISTS (playlist_id, user_id, title, description, date_created, image) VALUES (151, 45, 'My Rock Playlist 23', 'A collection of Electronic tunes.', '2023-04-24', 'https://picsum.photos/id/400/180/180');
INSERT INTO PLAYLISTS (playlist_id, user_id, title, description, date_created, image) VALUES (152, 16, 'My R&B Playlist 66', 'A collection of Electronic tunes.', '2021-03-30', 'https://picsum.photos/id/390/180/180');
INSERT INTO PLAYLISTS (playlist_id, user_id, title, description, date_created, image) VALUES (153, 57, 'My Indie Playlist 66', 'A collection of Pop tunes.', '2023-01-17', 'https://picsum.photos/id/372/180/180');
INSERT INTO PLAYLISTS (playlist_id, user_id, title, description, date_created, image) VALUES (154, 74, 'My Hip Hop Playlist 50', 'A collection of Rock tunes.', '2022-01-17', 'https://picsum.photos/id/372/180/180');
INSERT INTO PLAYLISTS (playlist_id, user_id, title, description, date_created, image) VALUES (155, 13, 'My Folk Playlist 5', 'A collection of Classical tunes.', '2022-03-08', 'https://picsum.photos/id/342/180/180');
INSERT INTO PLAYLISTS (playlist_id, user_id, title, description, date_created, image) VALUES (156, 38, 'My Pop Playlist 99', 'A collection of Hip Hop tunes.', '2022-08-28', 'https://picsum.photos/id/388/180/180');
INSERT INTO PLAYLISTS (playlist_id, user_id, title, description, date_created, image) VALUES (157, 70, 'My Reggae Playlist 84', 'A collection of Rock tunes.', '2024-02-09', 'https://picsum.photos/id/309/180/180');
INSERT INTO PLAYLISTS (playlist_id, user_id, title, description, date_created, image) VALUES (158, 93, 'My Electronic Playlist 6', 'A collection of Electronic tunes.', '2021-11-29', 'https://picsum.photos/id/337/180/180');
INSERT INTO PLAYLISTS (playlist_id, user_id, title, description, date_created, image) VALUES (159, 34, 'My Blues Playlist 37', 'A collection of Blues tunes.', '2022-02-18', 'https://picsum.photos/id/329/180/180');
INSERT INTO PLAYLISTS (playlist_id, user_id, title, description, date_created, image) VALUES (160, 94, 'My Rock Playlist 57', 'A collection of Indie tunes.', '2020-05-28', 'https://picsum.photos/id/370/180/180');
INSERT INTO PLAYLISTS (playlist_id, user_id, title, description, date_created, image) VALUES (161, 100, 'My Rock Playlist 11', 'A collection of Dance tunes.', '2021-05-04', 'https://picsum.photos/id/353/180/180');
INSERT INTO PLAYLISTS (playlist_id, user_id, title, description, date_created, image) VALUES (162, 5, 'My Dance Playlist 76', 'A collection of Blues tunes.', '2023-08-04', 'https://picsum.photos/id/320/180/180');
INSERT INTO PLAYLISTS (playlist_id, user_id, title, description, date_created, image) VALUES (163, 66, 'My Dance Playlist 97', 'A collection of Alternative tunes.', '2023-10-19', 'https://picsum.photos/id/305/180/180');
INSERT INTO PLAYLISTS (playlist_id, user_id, title, description, date_created, image) VALUES (164, 99, 'My R&B Playlist 83', 'A collection of Metal tunes.', '2021-03-05', 'https://picsum.photos/id/352/180/180');
INSERT INTO PLAYLISTS (playlist_id, user_id, title, description, date_created, image) VALUES (165, 83, 'My Alternative Playlist 55', 'A collection of Electronic tunes.', '2022-10-23', 'https://picsum.photos/id/379/180/180');
INSERT INTO PLAYLISTS (playlist_id, user_id, title, description, date_created, image) VALUES (166, 78, 'My Reggae Playlist 33', 'A collection of Rock tunes.', '2022-08-12', 'https://picsum.photos/id/316/180/180');
INSERT INTO PLAYLISTS (playlist_id, user_id, title, description, date_created, image) VALUES (167, 17, 'My Metal Playlist 57', 'A collection of Dance tunes.', '2022-07-08', 'https://picsum.photos/id/364/180/180');
INSERT INTO PLAYLISTS (playlist_id, user_id, title, description, date_created, image) VALUES (168, 25, 'My Rock Playlist 4', 'A collection of Dance tunes.', '2021-01-18', 'https://picsum.photos/id/304/180/180');
INSERT INTO PLAYLISTS (playlist_id, user_id, title, description, date_created, image) VALUES (169, 94, 'My Alternative Playlist 23', 'A collection of Classical tunes.', '2021-12-11', 'https://picsum.photos/id/391/180/180');
INSERT INTO PLAYLISTS (playlist_id, user_id, title, description, date_created, image) VALUES (170, 94, 'My R&B Playlist 70', 'A collection of Hip Hop tunes.', '2023-08-29', 'https://picsum.photos/id/359/180/180');
INSERT INTO PLAYLISTS (playlist_id, user_id, title, description, date_created, image) VALUES (171, 75, 'My Hip Hop Playlist 19', 'A collection of Reggae tunes.', '2023-07-01', 'https://picsum.photos/id/324/180/180');
INSERT INTO PLAYLISTS (playlist_id, user_id, title, description, date_created, image) VALUES (172, 24, 'My Rock Playlist 20', 'A collection of Hip Hop tunes.', '2023-03-22', 'https://picsum.photos/id/361/180/180');
INSERT INTO PLAYLISTS (playlist_id, user_id, title, description, date_created, image) VALUES (173, 22, 'My Blues Playlist 92', 'A collection of Pop tunes.', '2021-07-02', 'https://picsum.photos/id/353/180/180');
INSERT INTO PLAYLISTS (playlist_id, user_id, title, description, date_created, image) VALUES (174, 75, 'My Jazz Playlist 90', 'A collection of Alternative tunes.', '2022-05-07', 'https://picsum.photos/id/330/180/180');
INSERT INTO PLAYLISTS (playlist_id, user_id, title, description, date_created, image) VALUES (175, 85, 'My Classical Playlist 8', 'A collection of R&B tunes.', '2021-05-06', 'https://picsum.photos/id/328/180/180');
INSERT INTO PLAYLISTS (playlist_id, user_id, title, description, date_created, image) VALUES (176, 72, 'My R&B Playlist 84', 'A collection of Pop tunes.', '2020-11-11', 'https://picsum.photos/id/318/180/180');
INSERT INTO PLAYLISTS (playlist_id, user_id, title, description, date_created, image) VALUES (177, 7, 'My Pop Playlist 82', 'A collection of Country tunes.', '2023-03-05', 'https://picsum.photos/id/315/180/180');
INSERT INTO PLAYLISTS (playlist_id, user_id, title, description, date_created, image) VALUES (178, 71, 'My Country Playlist 98', 'A collection of Reggae tunes.', '2021-05-23', 'https://picsum.photos/id/340/180/180');
INSERT INTO PLAYLISTS (playlist_id, user_id, title, description, date_created, image) VALUES (179, 29, 'My Pop Playlist 79', 'A collection of R&B tunes.', '2021-08-16', 'https://picsum.photos/id/360/180/180');
INSERT INTO PLAYLISTS (playlist_id, user_id, title, description, date_created, image) VALUES (180, 91, 'My Hip Hop Playlist 96', 'A collection of Jazz tunes.', '2021-06-04', 'https://picsum.photos/id/357/180/180');
INSERT INTO PLAYLISTS (playlist_id, user_id, title, description, date_created, image) VALUES (181, 54, 'My Reggae Playlist 48', 'A collection of Rock tunes.', '2020-10-03', 'https://picsum.photos/id/362/180/180');
INSERT INTO PLAYLISTS (playlist_id, user_id, title, description, date_created, image) VALUES (182, 45, 'My Indie Playlist 75', 'A collection of Jazz tunes.', '2023-09-09', 'https://picsum.photos/id/343/180/180');
INSERT INTO PLAYLISTS (playlist_id, user_id, title, description, date_created, image) VALUES (183, 72, 'My Blues Playlist 86', 'A collection of Classical tunes.', '2024-02-18', 'https://picsum.photos/id/387/180/180');
INSERT INTO PLAYLISTS (playlist_id, user_id, title, description, date_created, image) VALUES (184, 45, 'My Classical Playlist 35', 'A collection of Metal tunes.', '2022-07-09', 'https://picsum.photos/id/310/180/180');
INSERT INTO PLAYLISTS (playlist_id, user_id, title, description, date_created, image) VALUES (185, 6, 'My Jazz Playlist 63', 'A collection of R&B tunes.', '2023-05-15', 'https://picsum.photos/id/338/180/180');
INSERT INTO PLAYLISTS (playlist_id, user_id, title, description, date_created, image) VALUES (186, 49, 'My Classical Playlist 61', 'A collection of Classical tunes.', '2022-06-05', 'https://picsum.photos/id/318/180/180');
INSERT INTO PLAYLISTS (playlist_id, user_id, title, description, date_created, image) VALUES (187, 82, 'My Electronic Playlist 55', 'A collection of R&B tunes.', '2021-01-05', 'https://picsum.photos/id/389/180/180');
INSERT INTO PLAYLISTS (playlist_id, user_id, title, description, date_created, image) VALUES (188, 81, 'My Folk Playlist 87', 'A collection of Blues tunes.', '2020-08-09', 'https://picsum.photos/id/372/180/180');
INSERT INTO PLAYLISTS (playlist_id, user_id, title, description, date_created, image) VALUES (189, 74, 'My Blues Playlist 22', 'A collection of R&B tunes.', '2020-09-06', 'https://picsum.photos/id/313/180/180');
INSERT INTO PLAYLISTS (playlist_id, user_id, title, description, date_created, image) VALUES (190, 14, 'My Jazz Playlist 94', 'A collection of Folk tunes.', '2022-10-26', 'https://picsum.photos/id/358/180/180');
INSERT INTO PLAYLISTS (playlist_id, user_id, title, description, date_created, image) VALUES (191, 27, 'My Indie Playlist 19', 'A collection of Dance tunes.', '2022-03-21', 'https://picsum.photos/id/330/180/180');
INSERT INTO PLAYLISTS (playlist_id, user_id, title, description, date_created, image) VALUES (192, 88, 'My Jazz Playlist 84', 'A collection of Hip Hop tunes.', '2024-02-25', 'https://picsum.photos/id/388/180/180');
INSERT INTO PLAYLISTS (playlist_id, user_id, title, description, date_created, image) VALUES (193, 57, 'My Jazz Playlist 68', 'A collection of Dance tunes.', '2022-06-07', 'https://picsum.photos/id/301/180/180');
INSERT INTO PLAYLISTS (playlist_id, user_id, title, description, date_created, image) VALUES (194, 22, 'My Metal Playlist 13', 'A collection of Electronic tunes.', '2020-08-14', 'https://picsum.photos/id/336/180/180');
INSERT INTO PLAYLISTS (playlist_id, user_id, title, description, date_created, image) VALUES (195, 48, 'My Pop Playlist 17', 'A collection of Alternative tunes.', '2022-06-25', 'https://picsum.photos/id/307/180/180');
INSERT INTO PLAYLISTS (playlist_id, user_id, title, description, date_created, image) VALUES (196, 93, 'My Rock Playlist 79', 'A collection of Metal tunes.', '2021-02-25', 'https://picsum.photos/id/315/180/180');
INSERT INTO PLAYLISTS (playlist_id, user_id, title, description, date_created, image) VALUES (197, 26, 'My Classical Playlist 53', 'A collection of Indie tunes.', '2022-11-26', 'https://picsum.photos/id/304/180/180');
INSERT INTO PLAYLISTS (playlist_id, user_id, title, description, date_created, image) VALUES (198, 25, 'My Reggae Playlist 93', 'A collection of R&B tunes.', '2022-12-18', 'https://picsum.photos/id/336/180/180');
INSERT INTO PLAYLISTS (playlist_id, user_id, title, description, date_created, image) VALUES (199, 98, 'My Rock Playlist 73', 'A collection of Alternative tunes.', '2023-09-10', 'https://picsum.photos/id/371/180/180');
INSERT INTO PLAYLISTS (playlist_id, user_id, title, description, date_created, image) VALUES (200, 13, 'My Folk Playlist 92', 'A collection of Jazz tunes.', '2024-05-18', 'https://picsum.photos/id/362/180/180');
INSERT INTO PLAYLISTS (playlist_id, user_id, title, description, date_created, image) VALUES (201, 60, 'My Electronic Playlist 38', 'A collection of Indie tunes.', '2021-12-04', 'https://picsum.photos/id/316/180/180');
INSERT INTO PLAYLISTS (playlist_id, user_id, title, description, date_created, image) VALUES (202, 84, 'My Blues Playlist 21', 'A collection of Jazz tunes.', '2020-09-30', 'https://picsum.photos/id/313/180/180');
INSERT INTO PLAYLISTS (playlist_id, user_id, title, description, date_created, image) VALUES (203, 69, 'My Blues Playlist 75', 'A collection of Electronic tunes.', '2020-04-30', 'https://picsum.photos/id/320/180/180');
INSERT INTO PLAYLISTS (playlist_id, user_id, title, description, date_created, image) VALUES (204, 10, 'My Folk Playlist 14', 'A collection of Jazz tunes.', '2021-07-16', 'https://picsum.photos/id/354/180/180');
INSERT INTO PLAYLISTS (playlist_id, user_id, title, description, date_created, image) VALUES (205, 43, 'My Electronic Playlist 69', 'A collection of Electronic tunes.', '2020-12-17', 'https://picsum.photos/id/361/180/180');
INSERT INTO PLAYLISTS (playlist_id, user_id, title, description, date_created, image) VALUES (206, 21, 'My Jazz Playlist 47', 'A collection of R&B tunes.', '2020-02-17', 'https://picsum.photos/id/352/180/180');
INSERT INTO PLAYLISTS (playlist_id, user_id, title, description, date_created, image) VALUES (207, 38, 'My Classical Playlist 9', 'A collection of Dance tunes.', '2024-04-16', 'https://picsum.photos/id/319/180/180');
INSERT INTO PLAYLISTS (playlist_id, user_id, title, description, date_created, image) VALUES (208, 100, 'My Country Playlist 60', 'A collection of Folk tunes.', '2020-12-01', 'https://picsum.photos/id/328/180/180');
INSERT INTO PLAYLISTS (playlist_id, user_id, title, description, date_created, image) VALUES (209, 98, 'My Folk Playlist 6', 'A collection of Blues tunes.', '2023-03-28', 'https://picsum.photos/id/362/180/180');
INSERT INTO PLAYLISTS (playlist_id, user_id, title, description, date_created, image) VALUES (210, 16, 'My Alternative Playlist 15', 'A collection of Classical tunes.', '2021-03-20', 'https://picsum.photos/id/310/180/180');
INSERT INTO PLAYLISTS (playlist_id, user_id, title, description, date_created, image) VALUES (211, 73, 'My Classical Playlist 96', 'A collection of Metal tunes.', '2021-10-01', 'https://picsum.photos/id/323/180/180');
INSERT INTO PLAYLISTS (playlist_id, user_id, title, description, date_created, image) VALUES (212, 67, 'My Rock Playlist 54', 'A collection of Blues tunes.', '2022-10-30', 'https://picsum.photos/id/303/180/180');
INSERT INTO PLAYLISTS (playlist_id, user_id, title, description, date_created, image) VALUES (213, 96, 'My Pop Playlist 87', 'A collection of Rock tunes.', '2023-01-08', 'https://picsum.photos/id/364/180/180');
INSERT INTO PLAYLISTS (playlist_id, user_id, title, description, date_created, image) VALUES (214, 7, 'My Country Playlist 33', 'A collection of Dance tunes.', '2021-07-31', 'https://picsum.photos/id/382/180/180');
INSERT INTO PLAYLISTS (playlist_id, user_id, title, description, date_created, image) VALUES (215, 39, 'My Dance Playlist 56', 'A collection of Jazz tunes.', '2020-11-11', 'https://picsum.photos/id/340/180/180');
INSERT INTO PLAYLISTS (playlist_id, user_id, title, description, date_created, image) VALUES (216, 90, 'My Rock Playlist 61', 'A collection of Dance tunes.', '2024-01-09', 'https://picsum.photos/id/346/180/180');
INSERT INTO PLAYLISTS (playlist_id, user_id, title, description, date_created, image) VALUES (217, 10, 'My Blues Playlist 50', 'A collection of Pop tunes.', '2020-08-21', 'https://picsum.photos/id/397/180/180');
INSERT INTO PLAYLISTS (playlist_id, user_id, title, description, date_created, image) VALUES (218, 24, 'My Pop Playlist 45', 'A collection of Metal tunes.', '2022-10-11', 'https://picsum.photos/id/344/180/180');
INSERT INTO PLAYLISTS (playlist_id, user_id, title, description, date_created, image) VALUES (219, 77, 'My Indie Playlist 47', 'A collection of Folk tunes.', '2020-07-20', 'https://picsum.photos/id/316/180/180');
INSERT INTO PLAYLISTS (playlist_id, user_id, title, description, date_created, image) VALUES (220, 12, 'My Hip Hop Playlist 63', 'A collection of Alternative tunes.', '2022-04-21', 'https://picsum.photos/id/338/180/180');
INSERT INTO PLAYLISTS (playlist_id, user_id, title, description, date_created, image) VALUES (221, 89, 'My Pop Playlist 38', 'A collection of Electronic tunes.', '2022-05-30', 'https://picsum.photos/id/313/180/180');
INSERT INTO PLAYLISTS (playlist_id, user_id, title, description, date_created, image) VALUES (222, 13, 'My Reggae Playlist 40', 'A collection of Country tunes.', '2023-02-18', 'https://picsum.photos/id/361/180/180');
INSERT INTO PLAYLISTS (playlist_id, user_id, title, description, date_created, image) VALUES (223, 95, 'My Classical Playlist 8', 'A collection of Folk tunes.', '2023-04-30', 'https://picsum.photos/id/387/180/180');
INSERT INTO PLAYLISTS (playlist_id, user_id, title, description, date_created, image) VALUES (224, 8, 'My Metal Playlist 60', 'A collection of Hip Hop tunes.', '2024-03-25', 'https://picsum.photos/id/394/180/180');
INSERT INTO PLAYLISTS (playlist_id, user_id, title, description, date_created, image) VALUES (225, 44, 'My Alternative Playlist 22', 'A collection of Metal tunes.', '2023-03-04', 'https://picsum.photos/id/360/180/180');
INSERT INTO PLAYLISTS (playlist_id, user_id, title, description, date_created, image) VALUES (226, 53, 'My Rock Playlist 42', 'A collection of Folk tunes.', '2023-04-08', 'https://picsum.photos/id/350/180/180');
INSERT INTO PLAYLISTS (playlist_id, user_id, title, description, date_created, image) VALUES (227, 80, 'My Electronic Playlist 60', 'A collection of Alternative tunes.', '2023-04-22', 'https://picsum.photos/id/377/180/180');
INSERT INTO PLAYLISTS (playlist_id, user_id, title, description, date_created, image) VALUES (228, 1, 'My Reggae Playlist 37', 'A collection of Indie tunes.', '2020-09-26', 'https://picsum.photos/id/366/180/180');
INSERT INTO PLAYLISTS (playlist_id, user_id, title, description, date_created, image) VALUES (229, 76, 'My Country Playlist 100', 'A collection of Electronic tunes.', '2024-05-12', 'https://picsum.photos/id/367/180/180');
INSERT INTO PLAYLISTS (playlist_id, user_id, title, description, date_created, image) VALUES (230, 13, 'My Metal Playlist 20', 'A collection of Hip Hop tunes.', '2023-05-31', 'https://picsum.photos/id/324/180/180');
INSERT INTO PLAYLISTS (playlist_id, user_id, title, description, date_created, image) VALUES (231, 33, 'My Country Playlist 22', 'A collection of Reggae tunes.', '2020-03-22', 'https://picsum.photos/id/400/180/180');
INSERT INTO PLAYLISTS (playlist_id, user_id, title, description, date_created, image) VALUES (232, 30, 'My Alternative Playlist 99', 'A collection of Blues tunes.', '2024-04-18', 'https://picsum.photos/id/365/180/180');
INSERT INTO PLAYLISTS (playlist_id, user_id, title, description, date_created, image) VALUES (233, 58, 'My Country Playlist 18', 'A collection of Metal tunes.', '2024-05-18', 'https://picsum.photos/id/370/180/180');
INSERT INTO PLAYLISTS (playlist_id, user_id, title, description, date_created, image) VALUES (234, 10, 'My Electronic Playlist 65', 'A collection of Classical tunes.', '2023-11-26', 'https://picsum.photos/id/398/180/180');
INSERT INTO PLAYLISTS (playlist_id, user_id, title, description, date_created, image) VALUES (235, 13, 'My Hip Hop Playlist 79', 'A collection of Rock tunes.', '2021-03-13', 'https://picsum.photos/id/368/180/180');
INSERT INTO PLAYLISTS (playlist_id, user_id, title, description, date_created, image) VALUES (236, 66, 'My Dance Playlist 3', 'A collection of Reggae tunes.', '2022-03-30', 'https://picsum.photos/id/392/180/180');
INSERT INTO PLAYLISTS (playlist_id, user_id, title, description, date_created, image) VALUES (237, 44, 'My Classical Playlist 54', 'A collection of Indie tunes.', '2024-02-20', 'https://picsum.photos/id/382/180/180');
INSERT INTO PLAYLISTS (playlist_id, user_id, title, description, date_created, image) VALUES (238, 44, 'My R&B Playlist 61', 'A collection of Classical tunes.', '2023-05-21', 'https://picsum.photos/id/380/180/180');
INSERT INTO PLAYLISTS (playlist_id, user_id, title, description, date_created, image) VALUES (239, 49, 'My Hip Hop Playlist 92', 'A collection of Metal tunes.', '2021-02-25', 'https://picsum.photos/id/304/180/180');
INSERT INTO PLAYLISTS (playlist_id, user_id, title, description, date_created, image) VALUES (240, 63, 'My Indie Playlist 52', 'A collection of Dance tunes.', '2021-09-10', 'https://picsum.photos/id/301/180/180');
INSERT INTO PLAYLISTS (playlist_id, user_id, title, description, date_created, image) VALUES (241, 92, 'My Pop Playlist 17', 'A collection of Indie tunes.', '2023-12-04', 'https://picsum.photos/id/343/180/180');
INSERT INTO PLAYLISTS (playlist_id, user_id, title, description, date_created, image) VALUES (242, 56, 'My Hip Hop Playlist 7', 'A collection of Alternative tunes.', '2022-09-17', 'https://picsum.photos/id/392/180/180');
INSERT INTO PLAYLISTS (playlist_id, user_id, title, description, date_created, image) VALUES (243, 18, 'My Jazz Playlist 17', 'A collection of Dance tunes.', '2023-12-23', 'https://picsum.photos/id/353/180/180');
INSERT INTO PLAYLISTS (playlist_id, user_id, title, description, date_created, image) VALUES (244, 56, 'My Folk Playlist 15', 'A collection of Rock tunes.', '2023-01-16', 'https://picsum.photos/id/309/180/180');
INSERT INTO PLAYLISTS (playlist_id, user_id, title, description, date_created, image) VALUES (245, 24, 'My Metal Playlist 64', 'A collection of Jazz tunes.', '2024-01-08', 'https://picsum.photos/id/352/180/180');
INSERT INTO PLAYLISTS (playlist_id, user_id, title, description, date_created, image) VALUES (246, 29, 'My Reggae Playlist 42', 'A collection of R&B tunes.', '2020-03-07', 'https://picsum.photos/id/316/180/180');
INSERT INTO PLAYLISTS (playlist_id, user_id, title, description, date_created, image) VALUES (247, 3, 'My Metal Playlist 6', 'A collection of Reggae tunes.', '2023-09-16', 'https://picsum.photos/id/315/180/180');
INSERT INTO PLAYLISTS (playlist_id, user_id, title, description, date_created, image) VALUES (248, 73, 'My Folk Playlist 100', 'A collection of Blues tunes.', '2023-11-08', 'https://picsum.photos/id/342/180/180');
INSERT INTO PLAYLISTS (playlist_id, user_id, title, description, date_created, image) VALUES (249, 2, 'My Metal Playlist 70', 'A collection of Electronic tunes.', '2024-03-14', 'https://picsum.photos/id/327/180/180');
INSERT INTO PLAYLISTS (playlist_id, user_id, title, description, date_created, image) VALUES (250, 49, 'My Folk Playlist 15', 'A collection of Folk tunes.', '2023-06-09', 'https://picsum.photos/id/313/180/180');
INSERT INTO PLAYLISTS (playlist_id, user_id, title, description, date_created, image) VALUES (251, 60, 'My Alternative Playlist 85', 'A collection of Dance tunes.', '2020-09-26', 'https://picsum.photos/id/389/180/180');
INSERT INTO PLAYLISTS (playlist_id, user_id, title, description, date_created, image) VALUES (252, 21, 'My Metal Playlist 32', 'A collection of Pop tunes.', '2020-12-25', 'https://picsum.photos/id/321/180/180');
INSERT INTO PLAYLISTS (playlist_id, user_id, title, description, date_created, image) VALUES (253, 87, 'My Jazz Playlist 69', 'A collection of Metal tunes.', '2020-07-02', 'https://picsum.photos/id/346/180/180');
INSERT INTO PLAYLISTS (playlist_id, user_id, title, description, date_created, image) VALUES (254, 58, 'My Pop Playlist 62', 'A collection of Hip Hop tunes.', '2023-09-29', 'https://picsum.photos/id/350/180/180');
INSERT INTO PLAYLISTS (playlist_id, user_id, title, description, date_created, image) VALUES (255, 71, 'My Country Playlist 54', 'A collection of Alternative tunes.', '2023-02-03', 'https://picsum.photos/id/362/180/180');
INSERT INTO PLAYLISTS (playlist_id, user_id, title, description, date_created, image) VALUES (256, 61, 'My R&B Playlist 47', 'A collection of R&B tunes.', '2021-06-19', 'https://picsum.photos/id/377/180/180');
INSERT INTO PLAYLISTS (playlist_id, user_id, title, description, date_created, image) VALUES (257, 6, 'My Blues Playlist 60', 'A collection of Electronic tunes.', '2022-08-26', 'https://picsum.photos/id/320/180/180');
INSERT INTO PLAYLISTS (playlist_id, user_id, title, description, date_created, image) VALUES (258, 42, 'My Country Playlist 32', 'A collection of Hip Hop tunes.', '2021-12-17', 'https://picsum.photos/id/395/180/180');
INSERT INTO PLAYLISTS (playlist_id, user_id, title, description, date_created, image) VALUES (259, 9, 'My Hip Hop Playlist 63', 'A collection of Blues tunes.', '2021-03-09', 'https://picsum.photos/id/310/180/180');
INSERT INTO PLAYLISTS (playlist_id, user_id, title, description, date_created, image) VALUES (260, 95, 'My Blues Playlist 14', 'A collection of Hip Hop tunes.', '2023-12-10', 'https://picsum.photos/id/309/180/180');
INSERT INTO PLAYLISTS (playlist_id, user_id, title, description, date_created, image) VALUES (261, 14, 'My Folk Playlist 77', 'A collection of Country tunes.', '2021-05-22', 'https://picsum.photos/id/394/180/180');
INSERT INTO PLAYLISTS (playlist_id, user_id, title, description, date_created, image) VALUES (262, 99, 'My Jazz Playlist 74', 'A collection of Jazz tunes.', '2021-03-20', 'https://picsum.photos/id/304/180/180');
INSERT INTO PLAYLISTS (playlist_id, user_id, title, description, date_created, image) VALUES (263, 78, 'My Electronic Playlist 15', 'A collection of Jazz tunes.', '2021-09-13', 'https://picsum.photos/id/338/180/180');
INSERT INTO PLAYLISTS (playlist_id, user_id, title, description, date_created, image) VALUES (264, 4, 'My Reggae Playlist 48', 'A collection of Reggae tunes.', '2022-12-24', 'https://picsum.photos/id/353/180/180');
INSERT INTO PLAYLISTS (playlist_id, user_id, title, description, date_created, image) VALUES (265, 4, 'My Dance Playlist 54', 'A collection of Folk tunes.', '2022-12-03', 'https://picsum.photos/id/309/180/180');
INSERT INTO PLAYLISTS (playlist_id, user_id, title, description, date_created, image) VALUES (266, 52, 'My Country Playlist 49', 'A collection of Hip Hop tunes.', '2023-07-29', 'https://picsum.photos/id/366/180/180');
INSERT INTO PLAYLISTS (playlist_id, user_id, title, description, date_created, image) VALUES (267, 61, 'My Alternative Playlist 55', 'A collection of Classical tunes.', '2022-11-10', 'https://picsum.photos/id/363/180/180');
INSERT INTO PLAYLISTS (playlist_id, user_id, title, description, date_created, image) VALUES (268, 27, 'My Folk Playlist 65', 'A collection of Alternative tunes.', '2023-06-13', 'https://picsum.photos/id/344/180/180');
INSERT INTO PLAYLISTS (playlist_id, user_id, title, description, date_created, image) VALUES (269, 3, 'My R&B Playlist 10', 'A collection of Metal tunes.', '2023-05-16', 'https://picsum.photos/id/331/180/180');
INSERT INTO PLAYLISTS (playlist_id, user_id, title, description, date_created, image) VALUES (270, 43, 'My Rock Playlist 80', 'A collection of Blues tunes.', '2023-09-08', 'https://picsum.photos/id/338/180/180');
INSERT INTO PLAYLISTS (playlist_id, user_id, title, description, date_created, image) VALUES (271, 49, 'My Folk Playlist 85', 'A collection of Indie tunes.', '2022-08-27', 'https://picsum.photos/id/382/180/180');
INSERT INTO PLAYLISTS (playlist_id, user_id, title, description, date_created, image) VALUES (272, 21, 'My Metal Playlist 16', 'A collection of Folk tunes.', '2024-04-30', 'https://picsum.photos/id/309/180/180');
INSERT INTO PLAYLISTS (playlist_id, user_id, title, description, date_created, image) VALUES (273, 60, 'My Electronic Playlist 44', 'A collection of Hip Hop tunes.', '2020-03-12', 'https://picsum.photos/id/350/180/180');
INSERT INTO PLAYLISTS (playlist_id, user_id, title, description, date_created, image) VALUES (274, 59, 'My Folk Playlist 24', 'A collection of Indie tunes.', '2022-04-10', 'https://picsum.photos/id/323/180/180');
INSERT INTO PLAYLISTS (playlist_id, user_id, title, description, date_created, image) VALUES (275, 44, 'My Alternative Playlist 96', 'A collection of Classical tunes.', '2023-05-03', 'https://picsum.photos/id/307/180/180');
INSERT INTO PLAYLISTS (playlist_id, user_id, title, description, date_created, image) VALUES (276, 73, 'My Blues Playlist 10', 'A collection of Blues tunes.', '2020-04-28', 'https://picsum.photos/id/331/180/180');
INSERT INTO PLAYLISTS (playlist_id, user_id, title, description, date_created, image) VALUES (277, 93, 'My R&B Playlist 25', 'A collection of Metal tunes.', '2023-03-05', 'https://picsum.photos/id/363/180/180');
INSERT INTO PLAYLISTS (playlist_id, user_id, title, description, date_created, image) VALUES (278, 57, 'My Country Playlist 33', 'A collection of Blues tunes.', '2021-08-17', 'https://picsum.photos/id/328/180/180');
INSERT INTO PLAYLISTS (playlist_id, user_id, title, description, date_created, image) VALUES (279, 39, 'My Alternative Playlist 83', 'A collection of Country tunes.', '2022-02-20', 'https://picsum.photos/id/314/180/180');
INSERT INTO PLAYLISTS (playlist_id, user_id, title, description, date_created, image) VALUES (280, 70, 'My Electronic Playlist 61', 'A collection of Rock tunes.', '2022-05-31', 'https://picsum.photos/id/344/180/180');
INSERT INTO PLAYLISTS (playlist_id, user_id, title, description, date_created, image) VALUES (281, 93, 'My Classical Playlist 57', 'A collection of Reggae tunes.', '2023-01-11', 'https://picsum.photos/id/355/180/180');
INSERT INTO PLAYLISTS (playlist_id, user_id, title, description, date_created, image) VALUES (282, 54, 'My Reggae Playlist 13', 'A collection of Metal tunes.', '2020-10-12', 'https://picsum.photos/id/302/180/180');
INSERT INTO PLAYLISTS (playlist_id, user_id, title, description, date_created, image) VALUES (283, 23, 'My Indie Playlist 15', 'A collection of Hip Hop tunes.', '2023-03-12', 'https://picsum.photos/id/381/180/180');
INSERT INTO PLAYLISTS (playlist_id, user_id, title, description, date_created, image) VALUES (284, 38, 'My R&B Playlist 63', 'A collection of Hip Hop tunes.', '2020-06-18', 'https://picsum.photos/id/328/180/180');
INSERT INTO PLAYLISTS (playlist_id, user_id, title, description, date_created, image) VALUES (285, 68, 'My Dance Playlist 32', 'A collection of Hip Hop tunes.', '2020-01-23', 'https://picsum.photos/id/334/180/180');
INSERT INTO PLAYLISTS (playlist_id, user_id, title, description, date_created, image) VALUES (286, 16, 'My Jazz Playlist 91', 'A collection of Hip Hop tunes.', '2022-06-20', 'https://picsum.photos/id/303/180/180');
INSERT INTO PLAYLISTS (playlist_id, user_id, title, description, date_created, image) VALUES (287, 64, 'My Metal Playlist 63', 'A collection of Indie tunes.', '2021-01-05', 'https://picsum.photos/id/375/180/180');
INSERT INTO PLAYLISTS (playlist_id, user_id, title, description, date_created, image) VALUES (288, 14, 'My Pop Playlist 98', 'A collection of R&B tunes.', '2024-05-08', 'https://picsum.photos/id/356/180/180');
INSERT INTO PLAYLISTS (playlist_id, user_id, title, description, date_created, image) VALUES (289, 21, 'My Folk Playlist 33', 'A collection of Metal tunes.', '2021-03-25', 'https://picsum.photos/id/320/180/180');
INSERT INTO PLAYLISTS (playlist_id, user_id, title, description, date_created, image) VALUES (290, 70, 'My Hip Hop Playlist 30', 'A collection of Folk tunes.', '2021-01-28', 'https://picsum.photos/id/381/180/180');
INSERT INTO PLAYLISTS (playlist_id, user_id, title, description, date_created, image) VALUES (291, 29, 'My Blues Playlist 77', 'A collection of Dance tunes.', '2020-11-02', 'https://picsum.photos/id/309/180/180');
INSERT INTO PLAYLISTS (playlist_id, user_id, title, description, date_created, image) VALUES (292, 38, 'My Indie Playlist 94', 'A collection of Reggae tunes.', '2021-09-13', 'https://picsum.photos/id/385/180/180');
INSERT INTO PLAYLISTS (playlist_id, user_id, title, description, date_created, image) VALUES (293, 63, 'My Alternative Playlist 98', 'A collection of Pop tunes.', '2021-03-21', 'https://picsum.photos/id/337/180/180');
INSERT INTO PLAYLISTS (playlist_id, user_id, title, description, date_created, image) VALUES (294, 90, 'My Blues Playlist 4', 'A collection of R&B tunes.', '2021-06-01', 'https://picsum.photos/id/320/180/180');
INSERT INTO PLAYLISTS (playlist_id, user_id, title, description, date_created, image) VALUES (295, 12, 'My Dance Playlist 54', 'A collection of Country tunes.', '2024-02-28', 'https://picsum.photos/id/321/180/180');
INSERT INTO PLAYLISTS (playlist_id, user_id, title, description, date_created, image) VALUES (296, 74, 'My Country Playlist 27', 'A collection of Dance tunes.', '2024-05-01', 'https://picsum.photos/id/380/180/180');
INSERT INTO PLAYLISTS (playlist_id, user_id, title, description, date_created, image) VALUES (297, 79, 'My Metal Playlist 3', 'A collection of Rock tunes.', '2023-08-30', 'https://picsum.photos/id/368/180/180');
INSERT INTO PLAYLISTS (playlist_id, user_id, title, description, date_created, image) VALUES (298, 99, 'My Alternative Playlist 80', 'A collection of Dance tunes.', '2024-05-18', 'https://picsum.photos/id/399/180/180');
INSERT INTO PLAYLISTS (playlist_id, user_id, title, description, date_created, image) VALUES (299, 74, 'My Metal Playlist 12', 'A collection of Hip Hop tunes.', '2021-01-02', 'https://picsum.photos/id/400/180/180');
INSERT INTO PLAYLISTS (playlist_id, user_id, title, description, date_created, image) VALUES (300, 88, 'My Reggae Playlist 9', 'A collection of Country tunes.', '2023-03-12', 'https://picsum.photos/id/311/180/180');
INSERT INTO PLAYLISTS (playlist_id, user_id, title, description, date_created, image) VALUES (301, 76, 'My Blues Playlist 43', 'A collection of Classical tunes.', '2022-07-12', 'https://picsum.photos/id/335/180/180');
INSERT INTO PLAYLISTS (playlist_id, user_id, title, description, date_created, image) VALUES (302, 26, 'My Reggae Playlist 100', 'A collection of Blues tunes.', '2023-07-13', 'https://picsum.photos/id/309/180/180');
INSERT INTO PLAYLISTS (playlist_id, user_id, title, description, date_created, image) VALUES (303, 47, 'My Metal Playlist 12', 'A collection of Metal tunes.', '2022-01-03', 'https://picsum.photos/id/320/180/180');
INSERT INTO PLAYLISTS (playlist_id, user_id, title, description, date_created, image) VALUES (304, 31, 'My Dance Playlist 90', 'A collection of Blues tunes.', '2023-01-02', 'https://picsum.photos/id/304/180/180');
INSERT INTO PLAYLISTS (playlist_id, user_id, title, description, date_created, image) VALUES (305, 13, 'My Blues Playlist 63', 'A collection of Reggae tunes.', '2024-04-27', 'https://picsum.photos/id/326/180/180');
INSERT INTO PLAYLISTS (playlist_id, user_id, title, description, date_created, image) VALUES (306, 24, 'My Folk Playlist 78', 'A collection of Hip Hop tunes.', '2023-07-05', 'https://picsum.photos/id/371/180/180');
INSERT INTO PLAYLISTS (playlist_id, user_id, title, description, date_created, image) VALUES (307, 47, 'My Country Playlist 1', 'A collection of Dance tunes.', '2021-05-20', 'https://picsum.photos/id/313/180/180');
INSERT INTO PLAYLISTS (playlist_id, user_id, title, description, date_created, image) VALUES (308, 8, 'My Blues Playlist 70', 'A collection of Alternative tunes.', '2022-03-23', 'https://picsum.photos/id/326/180/180');
INSERT INTO PLAYLISTS (playlist_id, user_id, title, description, date_created, image) VALUES (309, 74, 'My Dance Playlist 77', 'A collection of Pop tunes.', '2023-12-21', 'https://picsum.photos/id/309/180/180');
INSERT INTO PLAYLISTS (playlist_id, user_id, title, description, date_created, image) VALUES (310, 78, 'My Dance Playlist 83', 'A collection of Reggae tunes.', '2024-05-03', 'https://picsum.photos/id/383/180/180');
INSERT INTO PLAYLISTS (playlist_id, user_id, title, description, date_created, image) VALUES (311, 82, 'My Electronic Playlist 33', 'A collection of Indie tunes.', '2023-02-21', 'https://picsum.photos/id/311/180/180');
INSERT INTO PLAYLISTS (playlist_id, user_id, title, description, date_created, image) VALUES (312, 72, 'My Metal Playlist 18', 'A collection of R&B tunes.', '2022-06-10', 'https://picsum.photos/id/383/180/180');
INSERT INTO PLAYLISTS (playlist_id, user_id, title, description, date_created, image) VALUES (313, 81, 'My Country Playlist 16', 'A collection of Alternative tunes.', '2023-02-09', 'https://picsum.photos/id/352/180/180');
INSERT INTO PLAYLISTS (playlist_id, user_id, title, description, date_created, image) VALUES (314, 75, 'My Rock Playlist 1', 'A collection of Hip Hop tunes.', '2023-06-01', 'https://picsum.photos/id/325/180/180');
INSERT INTO PLAYLISTS (playlist_id, user_id, title, description, date_created, image) VALUES (315, 100, 'My Pop Playlist 25', 'A collection of Folk tunes.', '2020-01-05', 'https://picsum.photos/id/375/180/180');
INSERT INTO PLAYLISTS (playlist_id, user_id, title, description, date_created, image) VALUES (316, 36, 'My Metal Playlist 72', 'A collection of Rock tunes.', '2022-02-03', 'https://picsum.photos/id/380/180/180');
INSERT INTO PLAYLISTS (playlist_id, user_id, title, description, date_created, image) VALUES (317, 92, 'My Country Playlist 64', 'A collection of Jazz tunes.', '2023-02-22', 'https://picsum.photos/id/340/180/180');
INSERT INTO PLAYLISTS (playlist_id, user_id, title, description, date_created, image) VALUES (318, 8, 'My Pop Playlist 71', 'A collection of Blues tunes.', '2024-01-16', 'https://picsum.photos/id/346/180/180');
INSERT INTO PLAYLISTS (playlist_id, user_id, title, description, date_created, image) VALUES (319, 66, 'My Classical Playlist 59', 'A collection of Hip Hop tunes.', '2021-02-19', 'https://picsum.photos/id/330/180/180');
INSERT INTO PLAYLISTS (playlist_id, user_id, title, description, date_created, image) VALUES (320, 37, 'My Hip Hop Playlist 8', 'A collection of Dance tunes.', '2023-10-18', 'https://picsum.photos/id/345/180/180');
INSERT INTO PLAYLISTS (playlist_id, user_id, title, description, date_created, image) VALUES (321, 37, 'My Classical Playlist 54', 'A collection of Reggae tunes.', '2024-02-09', 'https://picsum.photos/id/372/180/180');
INSERT INTO PLAYLISTS (playlist_id, user_id, title, description, date_created, image) VALUES (322, 59, 'My Dance Playlist 39', 'A collection of Reggae tunes.', '2021-05-07', 'https://picsum.photos/id/320/180/180');
INSERT INTO PLAYLISTS (playlist_id, user_id, title, description, date_created, image) VALUES (323, 26, 'My Dance Playlist 5', 'A collection of Country tunes.', '2023-06-20', 'https://picsum.photos/id/397/180/180');
INSERT INTO PLAYLISTS (playlist_id, user_id, title, description, date_created, image) VALUES (324, 2, 'My Electronic Playlist 80', 'A collection of Country tunes.', '2022-11-17', 'https://picsum.photos/id/317/180/180');
INSERT INTO PLAYLISTS (playlist_id, user_id, title, description, date_created, image) VALUES (325, 10, 'My Electronic Playlist 12', 'A collection of Hip Hop tunes.', '2021-02-25', 'https://picsum.photos/id/334/180/180');
INSERT INTO PLAYLISTS (playlist_id, user_id, title, description, date_created, image) VALUES (326, 78, 'My Rock Playlist 20', 'A collection of Classical tunes.', '2022-10-27', 'https://picsum.photos/id/355/180/180');
INSERT INTO PLAYLISTS (playlist_id, user_id, title, description, date_created, image) VALUES (327, 20, 'My Country Playlist 11', 'A collection of Jazz tunes.', '2020-05-19', 'https://picsum.photos/id/375/180/180');
INSERT INTO PLAYLISTS (playlist_id, user_id, title, description, date_created, image) VALUES (328, 20, 'My Country Playlist 74', 'A collection of Pop tunes.', '2021-01-16', 'https://picsum.photos/id/326/180/180');
INSERT INTO PLAYLISTS (playlist_id, user_id, title, description, date_created, image) VALUES (329, 22, 'My Electronic Playlist 88', 'A collection of Electronic tunes.', '2022-09-03', 'https://picsum.photos/id/345/180/180');
INSERT INTO PLAYLISTS (playlist_id, user_id, title, description, date_created, image) VALUES (330, 3, 'My Classical Playlist 91', 'A collection of Pop tunes.', '2021-08-09', 'https://picsum.photos/id/330/180/180');
INSERT INTO PLAYLISTS (playlist_id, user_id, title, description, date_created, image) VALUES (331, 37, 'My Pop Playlist 82', 'A collection of R&B tunes.', '2022-05-18', 'https://picsum.photos/id/373/180/180');
INSERT INTO PLAYLISTS (playlist_id, user_id, title, description, date_created, image) VALUES (332, 100, 'My Jazz Playlist 10', 'A collection of Reggae tunes.', '2020-01-07', 'https://picsum.photos/id/351/180/180');
INSERT INTO PLAYLISTS (playlist_id, user_id, title, description, date_created, image) VALUES (333, 15, 'My Classical Playlist 61', 'A collection of Folk tunes.', '2021-05-04', 'https://picsum.photos/id/396/180/180');
INSERT INTO PLAYLISTS (playlist_id, user_id, title, description, date_created, image) VALUES (334, 26, 'My Indie Playlist 51', 'A collection of Jazz tunes.', '2021-02-07', 'https://picsum.photos/id/394/180/180');
INSERT INTO PLAYLISTS (playlist_id, user_id, title, description, date_created, image) VALUES (335, 94, 'My Rock Playlist 98', 'A collection of Electronic tunes.', '2022-05-09', 'https://picsum.photos/id/335/180/180');
INSERT INTO PLAYLISTS (playlist_id, user_id, title, description, date_created, image) VALUES (336, 16, 'My Dance Playlist 81', 'A collection of Pop tunes.', '2021-12-27', 'https://picsum.photos/id/367/180/180');
INSERT INTO PLAYLISTS (playlist_id, user_id, title, description, date_created, image) VALUES (337, 91, 'My Electronic Playlist 79', 'A collection of Folk tunes.', '2021-07-27', 'https://picsum.photos/id/302/180/180');
INSERT INTO PLAYLISTS (playlist_id, user_id, title, description, date_created, image) VALUES (338, 71, 'My Country Playlist 17', 'A collection of Pop tunes.', '2021-04-26', 'https://picsum.photos/id/383/180/180');
INSERT INTO PLAYLISTS (playlist_id, user_id, title, description, date_created, image) VALUES (339, 18, 'My Blues Playlist 15', 'A collection of Metal tunes.', '2020-09-02', 'https://picsum.photos/id/322/180/180');
INSERT INTO PLAYLISTS (playlist_id, user_id, title, description, date_created, image) VALUES (340, 12, 'My Classical Playlist 63', 'A collection of Classical tunes.', '2023-06-18', 'https://picsum.photos/id/398/180/180');
INSERT INTO PLAYLISTS (playlist_id, user_id, title, description, date_created, image) VALUES (341, 25, 'My R&B Playlist 49', 'A collection of Blues tunes.', '2021-10-26', 'https://picsum.photos/id/370/180/180');
INSERT INTO PLAYLISTS (playlist_id, user_id, title, description, date_created, image) VALUES (342, 21, 'My Jazz Playlist 63', 'A collection of Folk tunes.', '2021-01-17', 'https://picsum.photos/id/358/180/180');
INSERT INTO PLAYLISTS (playlist_id, user_id, title, description, date_created, image) VALUES (343, 28, 'My Dance Playlist 45', 'A collection of Country tunes.', '2021-05-16', 'https://picsum.photos/id/379/180/180');
INSERT INTO PLAYLISTS (playlist_id, user_id, title, description, date_created, image) VALUES (344, 11, 'My Blues Playlist 62', 'A collection of Country tunes.', '2020-11-28', 'https://picsum.photos/id/355/180/180');
INSERT INTO PLAYLISTS (playlist_id, user_id, title, description, date_created, image) VALUES (345, 83, 'My R&B Playlist 93', 'A collection of Hip Hop tunes.', '2020-05-23', 'https://picsum.photos/id/396/180/180');
INSERT INTO PLAYLISTS (playlist_id, user_id, title, description, date_created, image) VALUES (346, 47, 'My Folk Playlist 29', 'A collection of Folk tunes.', '2020-07-28', 'https://picsum.photos/id/341/180/180');
INSERT INTO PLAYLISTS (playlist_id, user_id, title, description, date_created, image) VALUES (347, 68, 'My R&B Playlist 59', 'A collection of Jazz tunes.', '2020-09-22', 'https://picsum.photos/id/381/180/180');
INSERT INTO PLAYLISTS (playlist_id, user_id, title, description, date_created, image) VALUES (348, 75, 'My Electronic Playlist 24', 'A collection of Jazz tunes.', '2023-04-28', 'https://picsum.photos/id/311/180/180');
INSERT INTO PLAYLISTS (playlist_id, user_id, title, description, date_created, image) VALUES (349, 63, 'My Indie Playlist 12', 'A collection of Rock tunes.', '2021-09-26', 'https://picsum.photos/id/363/180/180');
INSERT INTO PLAYLISTS (playlist_id, user_id, title, description, date_created, image) VALUES (350, 72, 'My Blues Playlist 10', 'A collection of Alternative tunes.', '2020-09-11', 'https://picsum.photos/id/316/180/180');
INSERT INTO PLAYLISTS (playlist_id, user_id, title, description, date_created, image) VALUES (351, 18, 'My Indie Playlist 76', 'A collection of Blues tunes.', '2022-09-30', 'https://picsum.photos/id/317/180/180');
INSERT INTO PLAYLISTS (playlist_id, user_id, title, description, date_created, image) VALUES (352, 40, 'My Country Playlist 76', 'A collection of Alternative tunes.', '2021-05-04', 'https://picsum.photos/id/334/180/180');
INSERT INTO PLAYLISTS (playlist_id, user_id, title, description, date_created, image) VALUES (353, 35, 'My Indie Playlist 43', 'A collection of Hip Hop tunes.', '2021-03-02', 'https://picsum.photos/id/347/180/180');
INSERT INTO PLAYLISTS (playlist_id, user_id, title, description, date_created, image) VALUES (354, 3, 'My Hip Hop Playlist 37', 'A collection of Alternative tunes.', '2023-03-30', 'https://picsum.photos/id/339/180/180');
INSERT INTO PLAYLISTS (playlist_id, user_id, title, description, date_created, image) VALUES (355, 32, 'My Classical Playlist 91', 'A collection of Reggae tunes.', '2021-05-02', 'https://picsum.photos/id/389/180/180');
INSERT INTO PLAYLISTS (playlist_id, user_id, title, description, date_created, image) VALUES (356, 48, 'My Classical Playlist 88', 'A collection of Rock tunes.', '2023-10-07', 'https://picsum.photos/id/341/180/180');
INSERT INTO PLAYLISTS (playlist_id, user_id, title, description, date_created, image) VALUES (357, 89, 'My Pop Playlist 2', 'A collection of R&B tunes.', '2022-11-29', 'https://picsum.photos/id/340/180/180');
INSERT INTO PLAYLISTS (playlist_id, user_id, title, description, date_created, image) VALUES (358, 89, 'My Jazz Playlist 34', 'A collection of Pop tunes.', '2023-04-13', 'https://picsum.photos/id/363/180/180');
INSERT INTO PLAYLISTS (playlist_id, user_id, title, description, date_created, image) VALUES (359, 56, 'My Country Playlist 30', 'A collection of Reggae tunes.', '2024-01-17', 'https://picsum.photos/id/366/180/180');
INSERT INTO PLAYLISTS (playlist_id, user_id, title, description, date_created, image) VALUES (360, 98, 'My Electronic Playlist 79', 'A collection of Country tunes.', '2020-01-02', 'https://picsum.photos/id/328/180/180');
INSERT INTO PLAYLISTS (playlist_id, user_id, title, description, date_created, image) VALUES (361, 81, 'My Folk Playlist 72', 'A collection of Metal tunes.', '2024-03-24', 'https://picsum.photos/id/344/180/180');
INSERT INTO PLAYLISTS (playlist_id, user_id, title, description, date_created, image) VALUES (362, 79, 'My Folk Playlist 33', 'A collection of Indie tunes.', '2023-06-27', 'https://picsum.photos/id/304/180/180');
INSERT INTO PLAYLISTS (playlist_id, user_id, title, description, date_created, image) VALUES (363, 27, 'My Pop Playlist 96', 'A collection of Folk tunes.', '2022-02-26', 'https://picsum.photos/id/329/180/180');
INSERT INTO PLAYLISTS (playlist_id, user_id, title, description, date_created, image) VALUES (364, 85, 'My Electronic Playlist 100', 'A collection of Blues tunes.', '2023-06-06', 'https://picsum.photos/id/356/180/180');
INSERT INTO PLAYLISTS (playlist_id, user_id, title, description, date_created, image) VALUES (365, 100, 'My Metal Playlist 64', 'A collection of Country tunes.', '2020-03-04', 'https://picsum.photos/id/391/180/180');
INSERT INTO PLAYLISTS (playlist_id, user_id, title, description, date_created, image) VALUES (366, 19, 'My R&B Playlist 41', 'A collection of Metal tunes.', '2022-11-03', 'https://picsum.photos/id/354/180/180');
INSERT INTO PLAYLISTS (playlist_id, user_id, title, description, date_created, image) VALUES (367, 29, 'My Alternative Playlist 74', 'A collection of Indie tunes.', '2023-09-27', 'https://picsum.photos/id/386/180/180');
INSERT INTO PLAYLISTS (playlist_id, user_id, title, description, date_created, image) VALUES (368, 29, 'My Pop Playlist 73', 'A collection of Blues tunes.', '2020-07-09', 'https://picsum.photos/id/398/180/180');
INSERT INTO PLAYLISTS (playlist_id, user_id, title, description, date_created, image) VALUES (369, 25, 'My Pop Playlist 17', 'A collection of Reggae tunes.', '2020-10-13', 'https://picsum.photos/id/326/180/180');
INSERT INTO PLAYLISTS (playlist_id, user_id, title, description, date_created, image) VALUES (370, 86, 'My Hip Hop Playlist 85', 'A collection of Hip Hop tunes.', '2022-05-02', 'https://picsum.photos/id/378/180/180');
INSERT INTO PLAYLISTS (playlist_id, user_id, title, description, date_created, image) VALUES (371, 39, 'My Country Playlist 45', 'A collection of Dance tunes.', '2021-01-24', 'https://picsum.photos/id/383/180/180');
INSERT INTO PLAYLISTS (playlist_id, user_id, title, description, date_created, image) VALUES (372, 67, 'My Reggae Playlist 87', 'A collection of Rock tunes.', '2022-12-04', 'https://picsum.photos/id/383/180/180');
INSERT INTO PLAYLISTS (playlist_id, user_id, title, description, date_created, image) VALUES (373, 97, 'My Electronic Playlist 13', 'A collection of Dance tunes.', '2023-01-12', 'https://picsum.photos/id/369/180/180');
INSERT INTO PLAYLISTS (playlist_id, user_id, title, description, date_created, image) VALUES (374, 12, 'My Hip Hop Playlist 83', 'A collection of Alternative tunes.', '2021-07-18', 'https://picsum.photos/id/386/180/180');
INSERT INTO PLAYLISTS (playlist_id, user_id, title, description, date_created, image) VALUES (375, 70, 'My Folk Playlist 93', 'A collection of Folk tunes.', '2021-01-21', 'https://picsum.photos/id/361/180/180');
INSERT INTO PLAYLISTS (playlist_id, user_id, title, description, date_created, image) VALUES (376, 89, 'My Folk Playlist 66', 'A collection of R&B tunes.', '2021-09-14', 'https://picsum.photos/id/368/180/180');
INSERT INTO PLAYLISTS (playlist_id, user_id, title, description, date_created, image) VALUES (377, 43, 'My Folk Playlist 7', 'A collection of Jazz tunes.', '2024-01-08', 'https://picsum.photos/id/348/180/180');
INSERT INTO PLAYLISTS (playlist_id, user_id, title, description, date_created, image) VALUES (378, 19, 'My Hip Hop Playlist 18', 'A collection of Dance tunes.', '2023-07-10', 'https://picsum.photos/id/311/180/180');
INSERT INTO PLAYLISTS (playlist_id, user_id, title, description, date_created, image) VALUES (379, 83, 'My R&B Playlist 1', 'A collection of Hip Hop tunes.', '2020-04-03', 'https://picsum.photos/id/342/180/180');
INSERT INTO PLAYLISTS (playlist_id, user_id, title, description, date_created, image) VALUES (380, 28, 'My Indie Playlist 64', 'A collection of Country tunes.', '2022-04-28', 'https://picsum.photos/id/370/180/180');
INSERT INTO PLAYLISTS (playlist_id, user_id, title, description, date_created, image) VALUES (381, 31, 'My Indie Playlist 37', 'A collection of Folk tunes.', '2023-02-09', 'https://picsum.photos/id/306/180/180');
INSERT INTO PLAYLISTS (playlist_id, user_id, title, description, date_created, image) VALUES (382, 72, 'My Indie Playlist 51', 'A collection of Alternative tunes.', '2021-03-14', 'https://picsum.photos/id/373/180/180');
INSERT INTO PLAYLISTS (playlist_id, user_id, title, description, date_created, image) VALUES (383, 82, 'My Hip Hop Playlist 96', 'A collection of Alternative tunes.', '2024-03-13', 'https://picsum.photos/id/359/180/180');
INSERT INTO PLAYLISTS (playlist_id, user_id, title, description, date_created, image) VALUES (384, 97, 'My Alternative Playlist 25', 'A collection of Dance tunes.', '2020-08-07', 'https://picsum.photos/id/351/180/180');
INSERT INTO PLAYLISTS (playlist_id, user_id, title, description, date_created, image) VALUES (385, 7, 'My Classical Playlist 27', 'A collection of Alternative tunes.', '2023-10-04', 'https://picsum.photos/id/328/180/180');
INSERT INTO PLAYLISTS (playlist_id, user_id, title, description, date_created, image) VALUES (386, 53, 'My Reggae Playlist 7', 'A collection of Alternative tunes.', '2024-01-10', 'https://picsum.photos/id/310/180/180');
INSERT INTO PLAYLISTS (playlist_id, user_id, title, description, date_created, image) VALUES (387, 27, 'My Dance Playlist 35', 'A collection of Electronic tunes.', '2022-10-15', 'https://picsum.photos/id/346/180/180');
INSERT INTO PLAYLISTS (playlist_id, user_id, title, description, date_created, image) VALUES (388, 69, 'My Blues Playlist 52', 'A collection of Indie tunes.', '2020-01-03', 'https://picsum.photos/id/325/180/180');
INSERT INTO PLAYLISTS (playlist_id, user_id, title, description, date_created, image) VALUES (389, 37, 'My Folk Playlist 98', 'A collection of Reggae tunes.', '2024-03-30', 'https://picsum.photos/id/376/180/180');
INSERT INTO PLAYLISTS (playlist_id, user_id, title, description, date_created, image) VALUES (390, 19, 'My Blues Playlist 7', 'A collection of Metal tunes.', '2023-08-21', 'https://picsum.photos/id/393/180/180');
INSERT INTO PLAYLISTS (playlist_id, user_id, title, description, date_created, image) VALUES (391, 95, 'My Reggae Playlist 60', 'A collection of R&B tunes.', '2021-05-21', 'https://picsum.photos/id/322/180/180');
INSERT INTO PLAYLISTS (playlist_id, user_id, title, description, date_created, image) VALUES (392, 33, 'My Reggae Playlist 22', 'A collection of Rock tunes.', '2021-01-25', 'https://picsum.photos/id/325/180/180');
INSERT INTO PLAYLISTS (playlist_id, user_id, title, description, date_created, image) VALUES (393, 4, 'My Pop Playlist 92', 'A collection of Reggae tunes.', '2020-07-17', 'https://picsum.photos/id/333/180/180');
INSERT INTO PLAYLISTS (playlist_id, user_id, title, description, date_created, image) VALUES (394, 4, 'My Reggae Playlist 59', 'A collection of Classical tunes.', '2023-12-05', 'https://picsum.photos/id/368/180/180');
INSERT INTO PLAYLISTS (playlist_id, user_id, title, description, date_created, image) VALUES (395, 7, 'My Jazz Playlist 44', 'A collection of Reggae tunes.', '2021-09-22', 'https://picsum.photos/id/326/180/180');
INSERT INTO PLAYLISTS (playlist_id, user_id, title, description, date_created, image) VALUES (396, 81, 'My Pop Playlist 19', 'A collection of Classical tunes.', '2022-11-29', 'https://picsum.photos/id/362/180/180');
INSERT INTO PLAYLISTS (playlist_id, user_id, title, description, date_created, image) VALUES (397, 52, 'My Alternative Playlist 93', 'A collection of Country tunes.', '2020-03-27', 'https://picsum.photos/id/332/180/180');
INSERT INTO PLAYLISTS (playlist_id, user_id, title, description, date_created, image) VALUES (398, 68, 'My Rock Playlist 73', 'A collection of Indie tunes.', '2022-09-04', 'https://picsum.photos/id/313/180/180');
INSERT INTO PLAYLISTS (playlist_id, user_id, title, description, date_created, image) VALUES (399, 16, 'My Indie Playlist 95', 'A collection of Jazz tunes.', '2020-08-16', 'https://picsum.photos/id/327/180/180');
INSERT INTO PLAYLISTS (playlist_id, user_id, title, description, date_created, image) VALUES (400, 66, 'My Classical Playlist 29', 'A collection of Dance tunes.', '2020-03-03', 'https://picsum.photos/id/348/180/180');
INSERT INTO PLAYLISTS (playlist_id, user_id, title, description, date_created, image) VALUES (401, 66, 'My Folk Playlist 6', 'A collection of Reggae tunes.', '2022-06-16', 'https://picsum.photos/id/331/180/180');
INSERT INTO PLAYLISTS (playlist_id, user_id, title, description, date_created, image) VALUES (402, 25, 'My R&B Playlist 82', 'A collection of Hip Hop tunes.', '2023-12-15', 'https://picsum.photos/id/358/180/180');
INSERT INTO PLAYLISTS (playlist_id, user_id, title, description, date_created, image) VALUES (403, 63, 'My Metal Playlist 73', 'A collection of Classical tunes.', '2022-06-06', 'https://picsum.photos/id/341/180/180');
INSERT INTO PLAYLISTS (playlist_id, user_id, title, description, date_created, image) VALUES (404, 15, 'My R&B Playlist 8', 'A collection of Rock tunes.', '2024-01-18', 'https://picsum.photos/id/317/180/180');
INSERT INTO PLAYLISTS (playlist_id, user_id, title, description, date_created, image) VALUES (405, 48, 'My Pop Playlist 43', 'A collection of Folk tunes.', '2021-11-19', 'https://picsum.photos/id/341/180/180');
INSERT INTO PLAYLISTS (playlist_id, user_id, title, description, date_created, image) VALUES (406, 70, 'My Folk Playlist 10', 'A collection of Classical tunes.', '2023-03-11', 'https://picsum.photos/id/349/180/180');
INSERT INTO PLAYLISTS (playlist_id, user_id, title, description, date_created, image) VALUES (407, 63, 'My R&B Playlist 69', 'A collection of Electronic tunes.', '2021-01-10', 'https://picsum.photos/id/387/180/180');
INSERT INTO PLAYLISTS (playlist_id, user_id, title, description, date_created, image) VALUES (408, 31, 'My Blues Playlist 16', 'A collection of R&B tunes.', '2023-06-14', 'https://picsum.photos/id/308/180/180');
INSERT INTO PLAYLISTS (playlist_id, user_id, title, description, date_created, image) VALUES (409, 32, 'My Folk Playlist 14', 'A collection of Electronic tunes.', '2021-08-08', 'https://picsum.photos/id/389/180/180');
INSERT INTO PLAYLISTS (playlist_id, user_id, title, description, date_created, image) VALUES (410, 38, 'My Electronic Playlist 24', 'A collection of Pop tunes.', '2023-12-21', 'https://picsum.photos/id/346/180/180');
INSERT INTO PLAYLISTS (playlist_id, user_id, title, description, date_created, image) VALUES (411, 77, 'My Hip Hop Playlist 72', 'A collection of Alternative tunes.', '2020-10-18', 'https://picsum.photos/id/372/180/180');
INSERT INTO PLAYLISTS (playlist_id, user_id, title, description, date_created, image) VALUES (412, 86, 'My Blues Playlist 39', 'A collection of Classical tunes.', '2023-10-24', 'https://picsum.photos/id/344/180/180');
INSERT INTO PLAYLISTS (playlist_id, user_id, title, description, date_created, image) VALUES (413, 37, 'My Metal Playlist 73', 'A collection of Rock tunes.', '2024-05-19', 'https://picsum.photos/id/335/180/180');
INSERT INTO PLAYLISTS (playlist_id, user_id, title, description, date_created, image) VALUES (414, 91, 'My R&B Playlist 47', 'A collection of Blues tunes.', '2020-03-30', 'https://picsum.photos/id/321/180/180');
INSERT INTO PLAYLISTS (playlist_id, user_id, title, description, date_created, image) VALUES (415, 86, 'My Hip Hop Playlist 44', 'A collection of Reggae tunes.', '2020-10-06', 'https://picsum.photos/id/312/180/180');
INSERT INTO PLAYLISTS (playlist_id, user_id, title, description, date_created, image) VALUES (416, 73, 'My Blues Playlist 15', 'A collection of Classical tunes.', '2022-10-20', 'https://picsum.photos/id/322/180/180');
INSERT INTO PLAYLISTS (playlist_id, user_id, title, description, date_created, image) VALUES (417, 24, 'My Reggae Playlist 72', 'A collection of Electronic tunes.', '2020-01-21', 'https://picsum.photos/id/396/180/180');
INSERT INTO PLAYLISTS (playlist_id, user_id, title, description, date_created, image) VALUES (418, 54, 'My Alternative Playlist 28', 'A collection of R&B tunes.', '2023-04-29', 'https://picsum.photos/id/327/180/180');
INSERT INTO PLAYLISTS (playlist_id, user_id, title, description, date_created, image) VALUES (419, 52, 'My Hip Hop Playlist 35', 'A collection of Pop tunes.', '2023-02-02', 'https://picsum.photos/id/379/180/180');
INSERT INTO PLAYLISTS (playlist_id, user_id, title, description, date_created, image) VALUES (420, 33, 'My Blues Playlist 70', 'A collection of Reggae tunes.', '2024-02-11', 'https://picsum.photos/id/395/180/180');
INSERT INTO PLAYLISTS (playlist_id, user_id, title, description, date_created, image) VALUES (421, 57, 'My Dance Playlist 19', 'A collection of Hip Hop tunes.', '2022-11-26', 'https://picsum.photos/id/391/180/180');
INSERT INTO PLAYLISTS (playlist_id, user_id, title, description, date_created, image) VALUES (422, 81, 'My Indie Playlist 8', 'A collection of R&B tunes.', '2024-04-21', 'https://picsum.photos/id/307/180/180');
INSERT INTO PLAYLISTS (playlist_id, user_id, title, description, date_created, image) VALUES (423, 32, 'My Hip Hop Playlist 23', 'A collection of Country tunes.', '2024-02-24', 'https://picsum.photos/id/366/180/180');
INSERT INTO PLAYLISTS (playlist_id, user_id, title, description, date_created, image) VALUES (424, 45, 'My R&B Playlist 6', 'A collection of Hip Hop tunes.', '2023-01-17', 'https://picsum.photos/id/389/180/180');
INSERT INTO PLAYLISTS (playlist_id, user_id, title, description, date_created, image) VALUES (425, 53, 'My R&B Playlist 77', 'A collection of Folk tunes.', '2023-11-19', 'https://picsum.photos/id/390/180/180');
INSERT INTO PLAYLISTS (playlist_id, user_id, title, description, date_created, image) VALUES (426, 83, 'My Country Playlist 27', 'A collection of Hip Hop tunes.', '2020-11-08', 'https://picsum.photos/id/380/180/180');
INSERT INTO PLAYLISTS (playlist_id, user_id, title, description, date_created, image) VALUES (427, 62, 'My Hip Hop Playlist 10', 'A collection of Dance tunes.', '2023-07-15', 'https://picsum.photos/id/376/180/180');
INSERT INTO PLAYLISTS (playlist_id, user_id, title, description, date_created, image) VALUES (428, 9, 'My Country Playlist 17', 'A collection of Classical tunes.', '2023-11-08', 'https://picsum.photos/id/395/180/180');
INSERT INTO PLAYLISTS (playlist_id, user_id, title, description, date_created, image) VALUES (429, 96, 'My R&B Playlist 77', 'A collection of Classical tunes.', '2021-12-16', 'https://picsum.photos/id/352/180/180');
INSERT INTO PLAYLISTS (playlist_id, user_id, title, description, date_created, image) VALUES (430, 27, 'My Country Playlist 69', 'A collection of Reggae tunes.', '2020-04-06', 'https://picsum.photos/id/323/180/180');
INSERT INTO PLAYLISTS (playlist_id, user_id, title, description, date_created, image) VALUES (431, 90, 'My Pop Playlist 38', 'A collection of Reggae tunes.', '2023-01-29', 'https://picsum.photos/id/371/180/180');
INSERT INTO PLAYLISTS (playlist_id, user_id, title, description, date_created, image) VALUES (432, 77, 'My Indie Playlist 29', 'A collection of Reggae tunes.', '2021-09-08', 'https://picsum.photos/id/364/180/180');
INSERT INTO PLAYLISTS (playlist_id, user_id, title, description, date_created, image) VALUES (433, 10, 'My Hip Hop Playlist 2', 'A collection of Jazz tunes.', '2023-04-19', 'https://picsum.photos/id/321/180/180');
INSERT INTO PLAYLISTS (playlist_id, user_id, title, description, date_created, image) VALUES (434, 62, 'My Reggae Playlist 57', 'A collection of Classical tunes.', '2022-11-27', 'https://picsum.photos/id/328/180/180');
INSERT INTO PLAYLISTS (playlist_id, user_id, title, description, date_created, image) VALUES (435, 9, 'My Pop Playlist 79', 'A collection of Pop tunes.', '2024-05-07', 'https://picsum.photos/id/371/180/180');
INSERT INTO PLAYLISTS (playlist_id, user_id, title, description, date_created, image) VALUES (436, 72, 'My Electronic Playlist 62', 'A collection of Reggae tunes.', '2024-01-23', 'https://picsum.photos/id/318/180/180');
INSERT INTO PLAYLISTS (playlist_id, user_id, title, description, date_created, image) VALUES (437, 28, 'My Jazz Playlist 77', 'A collection of Country tunes.', '2020-08-30', 'https://picsum.photos/id/314/180/180');
INSERT INTO PLAYLISTS (playlist_id, user_id, title, description, date_created, image) VALUES (438, 54, 'My Metal Playlist 89', 'A collection of Rock tunes.', '2020-01-06', 'https://picsum.photos/id/325/180/180');
INSERT INTO PLAYLISTS (playlist_id, user_id, title, description, date_created, image) VALUES (439, 86, 'My Jazz Playlist 49', 'A collection of R&B tunes.', '2021-11-29', 'https://picsum.photos/id/356/180/180');
INSERT INTO PLAYLISTS (playlist_id, user_id, title, description, date_created, image) VALUES (440, 30, 'My Jazz Playlist 36', 'A collection of Blues tunes.', '2024-04-16', 'https://picsum.photos/id/373/180/180');
INSERT INTO PLAYLISTS (playlist_id, user_id, title, description, date_created, image) VALUES (441, 66, 'My Reggae Playlist 70', 'A collection of Alternative tunes.', '2021-04-16', 'https://picsum.photos/id/385/180/180');
INSERT INTO PLAYLISTS (playlist_id, user_id, title, description, date_created, image) VALUES (442, 84, 'My Classical Playlist 45', 'A collection of Electronic tunes.', '2023-08-27', 'https://picsum.photos/id/322/180/180');
INSERT INTO PLAYLISTS (playlist_id, user_id, title, description, date_created, image) VALUES (443, 69, 'My Country Playlist 44', 'A collection of Reggae tunes.', '2020-12-23', 'https://picsum.photos/id/367/180/180');
INSERT INTO PLAYLISTS (playlist_id, user_id, title, description, date_created, image) VALUES (444, 2, 'My Blues Playlist 60', 'A collection of Country tunes.', '2023-08-19', 'https://picsum.photos/id/318/180/180');
INSERT INTO PLAYLISTS (playlist_id, user_id, title, description, date_created, image) VALUES (445, 15, 'My Dance Playlist 35', 'A collection of Indie tunes.', '2020-07-30', 'https://picsum.photos/id/351/180/180');
INSERT INTO PLAYLISTS (playlist_id, user_id, title, description, date_created, image) VALUES (446, 24, 'My Blues Playlist 5', 'A collection of Classical tunes.', '2021-11-27', 'https://picsum.photos/id/366/180/180');
INSERT INTO PLAYLISTS (playlist_id, user_id, title, description, date_created, image) VALUES (447, 51, 'My Folk Playlist 23', 'A collection of Pop tunes.', '2021-08-09', 'https://picsum.photos/id/313/180/180');
INSERT INTO PLAYLISTS (playlist_id, user_id, title, description, date_created, image) VALUES (448, 35, 'My Folk Playlist 62', 'A collection of Blues tunes.', '2023-03-31', 'https://picsum.photos/id/399/180/180');
INSERT INTO PLAYLISTS (playlist_id, user_id, title, description, date_created, image) VALUES (449, 79, 'My Blues Playlist 98', 'A collection of Dance tunes.', '2024-05-11', 'https://picsum.photos/id/372/180/180');
INSERT INTO PLAYLISTS (playlist_id, user_id, title, description, date_created, image) VALUES (450, 86, 'My Blues Playlist 63', 'A collection of Hip Hop tunes.', '2023-07-20', 'https://picsum.photos/id/378/180/180');
INSERT INTO PLAYLISTS (playlist_id, user_id, title, description, date_created, image) VALUES (451, 18, 'My Hip Hop Playlist 19', 'A collection of Rock tunes.', '2023-09-15', 'https://picsum.photos/id/394/180/180');
INSERT INTO PLAYLISTS (playlist_id, user_id, title, description, date_created, image) VALUES (452, 32, 'My Metal Playlist 80', 'A collection of Indie tunes.', '2022-01-17', 'https://picsum.photos/id/351/180/180');
INSERT INTO PLAYLISTS (playlist_id, user_id, title, description, date_created, image) VALUES (453, 17, 'My Jazz Playlist 93', 'A collection of R&B tunes.', '2020-10-22', 'https://picsum.photos/id/334/180/180');
INSERT INTO PLAYLISTS (playlist_id, user_id, title, description, date_created, image) VALUES (454, 64, 'My Rock Playlist 77', 'A collection of Alternative tunes.', '2023-12-31', 'https://picsum.photos/id/391/180/180');
INSERT INTO PLAYLISTS (playlist_id, user_id, title, description, date_created, image) VALUES (455, 47, 'My Rock Playlist 41', 'A collection of Classical tunes.', '2023-10-03', 'https://picsum.photos/id/398/180/180');
INSERT INTO PLAYLISTS (playlist_id, user_id, title, description, date_created, image) VALUES (456, 23, 'My Folk Playlist 42', 'A collection of Country tunes.', '2024-03-23', 'https://picsum.photos/id/378/180/180');
INSERT INTO PLAYLISTS (playlist_id, user_id, title, description, date_created, image) VALUES (457, 46, 'My Country Playlist 98', 'A collection of Blues tunes.', '2021-07-08', 'https://picsum.photos/id/350/180/180');
INSERT INTO PLAYLISTS (playlist_id, user_id, title, description, date_created, image) VALUES (458, 97, 'My Pop Playlist 75', 'A collection of Dance tunes.', '2023-12-20', 'https://picsum.photos/id/360/180/180');
INSERT INTO PLAYLISTS (playlist_id, user_id, title, description, date_created, image) VALUES (459, 4, 'My Dance Playlist 46', 'A collection of Pop tunes.', '2023-09-28', 'https://picsum.photos/id/385/180/180');
INSERT INTO PLAYLISTS (playlist_id, user_id, title, description, date_created, image) VALUES (460, 60, 'My R&B Playlist 56', 'A collection of Indie tunes.', '2020-07-28', 'https://picsum.photos/id/334/180/180');
INSERT INTO PLAYLISTS (playlist_id, user_id, title, description, date_created, image) VALUES (461, 54, 'My Jazz Playlist 18', 'A collection of Alternative tunes.', '2023-09-20', 'https://picsum.photos/id/358/180/180');
INSERT INTO PLAYLISTS (playlist_id, user_id, title, description, date_created, image) VALUES (462, 38, 'My Country Playlist 36', 'A collection of Hip Hop tunes.', '2024-03-29', 'https://picsum.photos/id/328/180/180');
INSERT INTO PLAYLISTS (playlist_id, user_id, title, description, date_created, image) VALUES (463, 60, 'My Country Playlist 62', 'A collection of Pop tunes.', '2021-11-19', 'https://picsum.photos/id/375/180/180');
INSERT INTO PLAYLISTS (playlist_id, user_id, title, description, date_created, image) VALUES (464, 21, 'My Jazz Playlist 36', 'A collection of Alternative tunes.', '2022-02-07', 'https://picsum.photos/id/345/180/180');
INSERT INTO PLAYLISTS (playlist_id, user_id, title, description, date_created, image) VALUES (465, 87, 'My Folk Playlist 68', 'A collection of Hip Hop tunes.', '2020-06-18', 'https://picsum.photos/id/381/180/180');
INSERT INTO PLAYLISTS (playlist_id, user_id, title, description, date_created, image) VALUES (466, 59, 'My Metal Playlist 5', 'A collection of Blues tunes.', '2021-09-13', 'https://picsum.photos/id/304/180/180');
INSERT INTO PLAYLISTS (playlist_id, user_id, title, description, date_created, image) VALUES (467, 12, 'My Metal Playlist 2', 'A collection of Classical tunes.', '2023-04-19', 'https://picsum.photos/id/377/180/180');
INSERT INTO PLAYLISTS (playlist_id, user_id, title, description, date_created, image) VALUES (468, 45, 'My Folk Playlist 72', 'A collection of Hip Hop tunes.', '2020-08-30', 'https://picsum.photos/id/341/180/180');
INSERT INTO PLAYLISTS (playlist_id, user_id, title, description, date_created, image) VALUES (469, 28, 'My R&B Playlist 66', 'A collection of Jazz tunes.', '2022-06-19', 'https://picsum.photos/id/339/180/180');
INSERT INTO PLAYLISTS (playlist_id, user_id, title, description, date_created, image) VALUES (470, 76, 'My Country Playlist 46', 'A collection of Jazz tunes.', '2024-03-04', 'https://picsum.photos/id/329/180/180');
INSERT INTO PLAYLISTS (playlist_id, user_id, title, description, date_created, image) VALUES (471, 10, 'My Hip Hop Playlist 8', 'A collection of Hip Hop tunes.', '2023-07-03', 'https://picsum.photos/id/338/180/180');
INSERT INTO PLAYLISTS (playlist_id, user_id, title, description, date_created, image) VALUES (472, 86, 'My Rock Playlist 75', 'A collection of Rock tunes.', '2023-02-01', 'https://picsum.photos/id/379/180/180');
INSERT INTO PLAYLISTS (playlist_id, user_id, title, description, date_created, image) VALUES (473, 29, 'My Hip Hop Playlist 48', 'A collection of Folk tunes.', '2021-08-20', 'https://picsum.photos/id/371/180/180');
INSERT INTO PLAYLISTS (playlist_id, user_id, title, description, date_created, image) VALUES (474, 26, 'My Rock Playlist 4', 'A collection of Indie tunes.', '2024-04-08', 'https://picsum.photos/id/383/180/180');
INSERT INTO PLAYLISTS (playlist_id, user_id, title, description, date_created, image) VALUES (475, 39, 'My Metal Playlist 51', 'A collection of Rock tunes.', '2021-01-28', 'https://picsum.photos/id/315/180/180');
INSERT INTO PLAYLISTS (playlist_id, user_id, title, description, date_created, image) VALUES (476, 66, 'My Folk Playlist 34', 'A collection of Dance tunes.', '2022-10-03', 'https://picsum.photos/id/335/180/180');
INSERT INTO PLAYLISTS (playlist_id, user_id, title, description, date_created, image) VALUES (477, 99, 'My Country Playlist 3', 'A collection of Blues tunes.', '2022-11-19', 'https://picsum.photos/id/336/180/180');
INSERT INTO PLAYLISTS (playlist_id, user_id, title, description, date_created, image) VALUES (478, 73, 'My Country Playlist 31', 'A collection of Alternative tunes.', '2020-09-21', 'https://picsum.photos/id/357/180/180');
INSERT INTO PLAYLISTS (playlist_id, user_id, title, description, date_created, image) VALUES (479, 98, 'My Electronic Playlist 71', 'A collection of Classical tunes.', '2021-08-29', 'https://picsum.photos/id/390/180/180');
INSERT INTO PLAYLISTS (playlist_id, user_id, title, description, date_created, image) VALUES (480, 98, 'My Electronic Playlist 21', 'A collection of Classical tunes.', '2022-12-14', 'https://picsum.photos/id/307/180/180');
INSERT INTO PLAYLISTS (playlist_id, user_id, title, description, date_created, image) VALUES (481, 5, 'My Country Playlist 29', 'A collection of Reggae tunes.', '2021-04-29', 'https://picsum.photos/id/355/180/180');
INSERT INTO PLAYLISTS (playlist_id, user_id, title, description, date_created, image) VALUES (482, 71, 'My Country Playlist 31', 'A collection of Blues tunes.', '2020-03-26', 'https://picsum.photos/id/373/180/180');
INSERT INTO PLAYLISTS (playlist_id, user_id, title, description, date_created, image) VALUES (483, 23, 'My R&B Playlist 12', 'A collection of Blues tunes.', '2020-06-13', 'https://picsum.photos/id/394/180/180');
INSERT INTO PLAYLISTS (playlist_id, user_id, title, description, date_created, image) VALUES (484, 89, 'My Indie Playlist 9', 'A collection of Reggae tunes.', '2024-01-05', 'https://picsum.photos/id/328/180/180');
INSERT INTO PLAYLISTS (playlist_id, user_id, title, description, date_created, image) VALUES (485, 80, 'My Country Playlist 82', 'A collection of Folk tunes.', '2022-02-20', 'https://picsum.photos/id/303/180/180');
INSERT INTO PLAYLISTS (playlist_id, user_id, title, description, date_created, image) VALUES (486, 53, 'My R&B Playlist 19', 'A collection of Alternative tunes.', '2021-01-20', 'https://picsum.photos/id/343/180/180');
INSERT INTO PLAYLISTS (playlist_id, user_id, title, description, date_created, image) VALUES (487, 38, 'My Metal Playlist 83', 'A collection of Country tunes.', '2022-05-24', 'https://picsum.photos/id/323/180/180');
INSERT INTO PLAYLISTS (playlist_id, user_id, title, description, date_created, image) VALUES (488, 87, 'My Jazz Playlist 12', 'A collection of Jazz tunes.', '2024-01-04', 'https://picsum.photos/id/400/180/180');
INSERT INTO PLAYLISTS (playlist_id, user_id, title, description, date_created, image) VALUES (489, 66, 'My R&B Playlist 46', 'A collection of Pop tunes.', '2023-02-13', 'https://picsum.photos/id/344/180/180');
INSERT INTO PLAYLISTS (playlist_id, user_id, title, description, date_created, image) VALUES (490, 88, 'My Alternative Playlist 18', 'A collection of R&B tunes.', '2021-03-26', 'https://picsum.photos/id/346/180/180');
INSERT INTO PLAYLISTS (playlist_id, user_id, title, description, date_created, image) VALUES (491, 35, 'My Reggae Playlist 81', 'A collection of Country tunes.', '2020-01-04', 'https://picsum.photos/id/360/180/180');
INSERT INTO PLAYLISTS (playlist_id, user_id, title, description, date_created, image) VALUES (492, 96, 'My Alternative Playlist 6', 'A collection of Rock tunes.', '2023-07-15', 'https://picsum.photos/id/320/180/180');
INSERT INTO PLAYLISTS (playlist_id, user_id, title, description, date_created, image) VALUES (493, 30, 'My Pop Playlist 68', 'A collection of Blues tunes.', '2022-12-08', 'https://picsum.photos/id/345/180/180');
INSERT INTO PLAYLISTS (playlist_id, user_id, title, description, date_created, image) VALUES (494, 65, 'My Hip Hop Playlist 65', 'A collection of Electronic tunes.', '2022-12-14', 'https://picsum.photos/id/375/180/180');
INSERT INTO PLAYLISTS (playlist_id, user_id, title, description, date_created, image) VALUES (495, 25, 'My Alternative Playlist 88', 'A collection of Blues tunes.', '2023-04-14', 'https://picsum.photos/id/375/180/180');
INSERT INTO PLAYLISTS (playlist_id, user_id, title, description, date_created, image) VALUES (496, 31, 'My Jazz Playlist 47', 'A collection of Indie tunes.', '2021-07-19', 'https://picsum.photos/id/400/180/180');
INSERT INTO PLAYLISTS (playlist_id, user_id, title, description, date_created, image) VALUES (497, 5, 'My Indie Playlist 54', 'A collection of Hip Hop tunes.', '2021-03-04', 'https://picsum.photos/id/345/180/180');
INSERT INTO PLAYLISTS (playlist_id, user_id, title, description, date_created, image) VALUES (498, 25, 'My Metal Playlist 72', 'A collection of R&B tunes.', '2020-02-16', 'https://picsum.photos/id/378/180/180');
INSERT INTO PLAYLISTS (playlist_id, user_id, title, description, date_created, image) VALUES (499, 15, 'My Metal Playlist 37', 'A collection of Folk tunes.', '2021-08-29', 'https://picsum.photos/id/332/180/180');
INSERT INTO PLAYLISTS (playlist_id, user_id, title, description, date_created, image) VALUES (500, 57, 'My Pop Playlist 69', 'A collection of Blues tunes.', '2022-06-02', 'https://picsum.photos/id/332/180/180');

-- PLAYLIST_SONGS Data --
INSERT INTO PLAYLIST_SONGS (playlistsong_id, playlist_id, song_id, date_added) VALUES (1, 50, 325, '2024-03-05');
INSERT INTO PLAYLIST_SONGS (playlistsong_id, playlist_id, song_id, date_added) VALUES (2, 187, 218, '2023-05-10');
INSERT INTO PLAYLIST_SONGS (playlistsong_id, playlist_id, song_id, date_added) VALUES (3, 315, 567, '2023-02-10');
INSERT INTO PLAYLIST_SONGS (playlistsong_id, playlist_id, song_id, date_added) VALUES (4, 5, 555, '2023-07-05');
INSERT INTO PLAYLIST_SONGS (playlistsong_id, playlist_id, song_id, date_added) VALUES (5, 169, 714, '2024-02-24');
INSERT INTO PLAYLIST_SONGS (playlistsong_id, playlist_id, song_id, date_added) VALUES (6, 426, 977, '2023-11-23');
INSERT INTO PLAYLIST_SONGS (playlistsong_id, playlist_id, song_id, date_added) VALUES (7, 377, 718, '2023-06-26');
INSERT INTO PLAYLIST_SONGS (playlistsong_id, playlist_id, song_id, date_added) VALUES (8, 250, 578, '2023-10-04');
INSERT INTO PLAYLIST_SONGS (playlistsong_id, playlist_id, song_id, date_added) VALUES (9, 86, 927, '2023-08-29');
INSERT INTO PLAYLIST_SONGS (playlistsong_id, playlist_id, song_id, date_added) VALUES (10, 486, 811, '2023-01-13');
INSERT INTO PLAYLIST_SONGS (playlistsong_id, playlist_id, song_id, date_added) VALUES (11, 473, 595, '2024-02-22');
INSERT INTO PLAYLIST_SONGS (playlistsong_id, playlist_id, song_id, date_added) VALUES (12, 176, 624, '2023-10-11');
INSERT INTO PLAYLIST_SONGS (playlistsong_id, playlist_id, song_id, date_added) VALUES (13, 65, 514, '2023-01-23');
INSERT INTO PLAYLIST_SONGS (playlistsong_id, playlist_id, song_id, date_added) VALUES (14, 106, 175, '2023-12-19');
INSERT INTO PLAYLIST_SONGS (playlistsong_id, playlist_id, song_id, date_added) VALUES (15, 423, 252, '2023-09-25');
INSERT INTO PLAYLIST_SONGS (playlistsong_id, playlist_id, song_id, date_added) VALUES (16, 370, 698, '2023-07-16');
INSERT INTO PLAYLIST_SONGS (playlistsong_id, playlist_id, song_id, date_added) VALUES (17, 224, 306, '2023-06-15');
INSERT INTO PLAYLIST_SONGS (playlistsong_id, playlist_id, song_id, date_added) VALUES (18, 302, 751, '2023-12-08');
INSERT INTO PLAYLIST_SONGS (playlistsong_id, playlist_id, song_id, date_added) VALUES (19, 48, 101, '2023-09-15');
INSERT INTO PLAYLIST_SONGS (playlistsong_id, playlist_id, song_id, date_added) VALUES (20, 211, 117, '2023-07-16');
INSERT INTO PLAYLIST_SONGS (playlistsong_id, playlist_id, song_id, date_added) VALUES (21, 233, 280, '2023-02-26');
INSERT INTO PLAYLIST_SONGS (playlistsong_id, playlist_id, song_id, date_added) VALUES (22, 124, 559, '2023-08-28');
INSERT INTO PLAYLIST_SONGS (playlistsong_id, playlist_id, song_id, date_added) VALUES (23, 218, 549, '2023-10-05');
INSERT INTO PLAYLIST_SONGS (playlistsong_id, playlist_id, song_id, date_added) VALUES (24, 301, 927, '2024-01-29');
INSERT INTO PLAYLIST_SONGS (playlistsong_id, playlist_id, song_id, date_added) VALUES (25, 337, 387, '2023-12-04');
INSERT INTO PLAYLIST_SONGS (playlistsong_id, playlist_id, song_id, date_added) VALUES (26, 270, 78, '2024-01-20');
INSERT INTO PLAYLIST_SONGS (playlistsong_id, playlist_id, song_id, date_added) VALUES (27, 329, 975, '2024-04-16');
INSERT INTO PLAYLIST_SONGS (playlistsong_id, playlist_id, song_id, date_added) VALUES (28, 139, 706, '2023-07-04');
INSERT INTO PLAYLIST_SONGS (playlistsong_id, playlist_id, song_id, date_added) VALUES (29, 73, 725, '2024-04-19');
INSERT INTO PLAYLIST_SONGS (playlistsong_id, playlist_id, song_id, date_added) VALUES (30, 185, 260, '2024-04-01');
INSERT INTO PLAYLIST_SONGS (playlistsong_id, playlist_id, song_id, date_added) VALUES (31, 455, 696, '2023-08-04');
INSERT INTO PLAYLIST_SONGS (playlistsong_id, playlist_id, song_id, date_added) VALUES (32, 174, 388, '2023-08-21');
INSERT INTO PLAYLIST_SONGS (playlistsong_id, playlist_id, song_id, date_added) VALUES (33, 48, 145, '2024-01-27');
INSERT INTO PLAYLIST_SONGS (playlistsong_id, playlist_id, song_id, date_added) VALUES (34, 363, 360, '2024-04-24');
INSERT INTO PLAYLIST_SONGS (playlistsong_id, playlist_id, song_id, date_added) VALUES (35, 453, 530, '2024-01-08');
INSERT INTO PLAYLIST_SONGS (playlistsong_id, playlist_id, song_id, date_added) VALUES (36, 54, 486, '2024-01-19');
INSERT INTO PLAYLIST_SONGS (playlistsong_id, playlist_id, song_id, date_added) VALUES (37, 45, 253, '2023-11-02');
INSERT INTO PLAYLIST_SONGS (playlistsong_id, playlist_id, song_id, date_added) VALUES (38, 263, 396, '2023-12-13');
INSERT INTO PLAYLIST_SONGS (playlistsong_id, playlist_id, song_id, date_added) VALUES (39, 274, 962, '2024-02-20');
INSERT INTO PLAYLIST_SONGS (playlistsong_id, playlist_id, song_id, date_added) VALUES (40, 198, 65, '2024-01-02');
INSERT INTO PLAYLIST_SONGS (playlistsong_id, playlist_id, song_id, date_added) VALUES (41, 151, 567, '2023-01-30');
INSERT INTO PLAYLIST_SONGS (playlistsong_id, playlist_id, song_id, date_added) VALUES (42, 174, 951, '2023-02-03');
INSERT INTO PLAYLIST_SONGS (playlistsong_id, playlist_id, song_id, date_added) VALUES (43, 240, 207, '2023-04-20');
INSERT INTO PLAYLIST_SONGS (playlistsong_id, playlist_id, song_id, date_added) VALUES (44, 345, 184, '2024-04-02');
INSERT INTO PLAYLIST_SONGS (playlistsong_id, playlist_id, song_id, date_added) VALUES (45, 4, 700, '2023-01-06');
INSERT INTO PLAYLIST_SONGS (playlistsong_id, playlist_id, song_id, date_added) VALUES (46, 445, 869, '2024-04-01');
INSERT INTO PLAYLIST_SONGS (playlistsong_id, playlist_id, song_id, date_added) VALUES (47, 310, 557, '2023-10-06');
INSERT INTO PLAYLIST_SONGS (playlistsong_id, playlist_id, song_id, date_added) VALUES (48, 381, 133, '2023-01-30');
INSERT INTO PLAYLIST_SONGS (playlistsong_id, playlist_id, song_id, date_added) VALUES (49, 61, 770, '2024-01-06');
INSERT INTO PLAYLIST_SONGS (playlistsong_id, playlist_id, song_id, date_added) VALUES (50, 477, 206, '2023-01-20');
INSERT INTO PLAYLIST_SONGS (playlistsong_id, playlist_id, song_id, date_added) VALUES (51, 204, 3, '2023-04-19');
INSERT INTO PLAYLIST_SONGS (playlistsong_id, playlist_id, song_id, date_added) VALUES (52, 467, 183, '2023-08-19');
INSERT INTO PLAYLIST_SONGS (playlistsong_id, playlist_id, song_id, date_added) VALUES (53, 427, 97, '2023-08-26');
INSERT INTO PLAYLIST_SONGS (playlistsong_id, playlist_id, song_id, date_added) VALUES (54, 204, 7, '2023-05-14');
INSERT INTO PLAYLIST_SONGS (playlistsong_id, playlist_id, song_id, date_added) VALUES (55, 264, 200, '2023-05-06');
INSERT INTO PLAYLIST_SONGS (playlistsong_id, playlist_id, song_id, date_added) VALUES (56, 444, 68, '2023-06-11');
INSERT INTO PLAYLIST_SONGS (playlistsong_id, playlist_id, song_id, date_added) VALUES (57, 164, 348, '2023-07-19');
INSERT INTO PLAYLIST_SONGS (playlistsong_id, playlist_id, song_id, date_added) VALUES (58, 478, 746, '2023-02-01');
INSERT INTO PLAYLIST_SONGS (playlistsong_id, playlist_id, song_id, date_added) VALUES (59, 421, 468, '2024-05-07');
INSERT INTO PLAYLIST_SONGS (playlistsong_id, playlist_id, song_id, date_added) VALUES (60, 243, 711, '2023-05-15');
INSERT INTO PLAYLIST_SONGS (playlistsong_id, playlist_id, song_id, date_added) VALUES (61, 168, 147, '2023-08-20');
INSERT INTO PLAYLIST_SONGS (playlistsong_id, playlist_id, song_id, date_added) VALUES (62, 327, 550, '2023-08-29');
INSERT INTO PLAYLIST_SONGS (playlistsong_id, playlist_id, song_id, date_added) VALUES (63, 76, 562, '2024-05-13');
INSERT INTO PLAYLIST_SONGS (playlistsong_id, playlist_id, song_id, date_added) VALUES (64, 199, 920, '2023-07-23');
INSERT INTO PLAYLIST_SONGS (playlistsong_id, playlist_id, song_id, date_added) VALUES (65, 87, 959, '2023-09-02');
INSERT INTO PLAYLIST_SONGS (playlistsong_id, playlist_id, song_id, date_added) VALUES (66, 408, 10, '2023-07-17');
INSERT INTO PLAYLIST_SONGS (playlistsong_id, playlist_id, song_id, date_added) VALUES (67, 328, 761, '2023-06-27');
INSERT INTO PLAYLIST_SONGS (playlistsong_id, playlist_id, song_id, date_added) VALUES (68, 184, 863, '2023-12-16');
INSERT INTO PLAYLIST_SONGS (playlistsong_id, playlist_id, song_id, date_added) VALUES (69, 58, 464, '2023-02-09');
INSERT INTO PLAYLIST_SONGS (playlistsong_id, playlist_id, song_id, date_added) VALUES (70, 84, 858, '2023-04-04');
INSERT INTO PLAYLIST_SONGS (playlistsong_id, playlist_id, song_id, date_added) VALUES (71, 423, 633, '2023-12-26');
INSERT INTO PLAYLIST_SONGS (playlistsong_id, playlist_id, song_id, date_added) VALUES (72, 490, 919, '2024-01-11');
INSERT INTO PLAYLIST_SONGS (playlistsong_id, playlist_id, song_id, date_added) VALUES (73, 356, 342, '2023-10-23');
INSERT INTO PLAYLIST_SONGS (playlistsong_id, playlist_id, song_id, date_added) VALUES (74, 146, 201, '2024-04-25');
INSERT INTO PLAYLIST_SONGS (playlistsong_id, playlist_id, song_id, date_added) VALUES (75, 446, 267, '2024-03-05');
INSERT INTO PLAYLIST_SONGS (playlistsong_id, playlist_id, song_id, date_added) VALUES (76, 367, 324, '2024-04-24');
INSERT INTO PLAYLIST_SONGS (playlistsong_id, playlist_id, song_id, date_added) VALUES (77, 78, 492, '2024-01-13');
INSERT INTO PLAYLIST_SONGS (playlistsong_id, playlist_id, song_id, date_added) VALUES (78, 260, 600, '2023-07-08');
INSERT INTO PLAYLIST_SONGS (playlistsong_id, playlist_id, song_id, date_added) VALUES (79, 423, 164, '2024-04-06');
INSERT INTO PLAYLIST_SONGS (playlistsong_id, playlist_id, song_id, date_added) VALUES (80, 283, 760, '2023-10-10');
INSERT INTO PLAYLIST_SONGS (playlistsong_id, playlist_id, song_id, date_added) VALUES (81, 125, 191, '2023-07-31');
INSERT INTO PLAYLIST_SONGS (playlistsong_id, playlist_id, song_id, date_added) VALUES (82, 329, 375, '2023-08-07');
INSERT INTO PLAYLIST_SONGS (playlistsong_id, playlist_id, song_id, date_added) VALUES (83, 213, 523, '2023-01-02');
INSERT INTO PLAYLIST_SONGS (playlistsong_id, playlist_id, song_id, date_added) VALUES (84, 130, 780, '2023-03-28');
INSERT INTO PLAYLIST_SONGS (playlistsong_id, playlist_id, song_id, date_added) VALUES (85, 322, 63, '2023-09-01');
INSERT INTO PLAYLIST_SONGS (playlistsong_id, playlist_id, song_id, date_added) VALUES (86, 457, 856, '2023-03-12');
INSERT INTO PLAYLIST_SONGS (playlistsong_id, playlist_id, song_id, date_added) VALUES (87, 99, 564, '2023-04-20');
INSERT INTO PLAYLIST_SONGS (playlistsong_id, playlist_id, song_id, date_added) VALUES (88, 394, 13, '2023-12-31');
INSERT INTO PLAYLIST_SONGS (playlistsong_id, playlist_id, song_id, date_added) VALUES (89, 13, 250, '2024-03-10');
INSERT INTO PLAYLIST_SONGS (playlistsong_id, playlist_id, song_id, date_added) VALUES (90, 459, 505, '2023-12-10');
INSERT INTO PLAYLIST_SONGS (playlistsong_id, playlist_id, song_id, date_added) VALUES (91, 7, 132, '2023-08-22');
INSERT INTO PLAYLIST_SONGS (playlistsong_id, playlist_id, song_id, date_added) VALUES (92, 268, 192, '2023-11-01');
INSERT INTO PLAYLIST_SONGS (playlistsong_id, playlist_id, song_id, date_added) VALUES (93, 229, 742, '2024-01-18');
INSERT INTO PLAYLIST_SONGS (playlistsong_id, playlist_id, song_id, date_added) VALUES (94, 318, 676, '2023-01-10');
INSERT INTO PLAYLIST_SONGS (playlistsong_id, playlist_id, song_id, date_added) VALUES (95, 457, 882, '2023-09-21');
INSERT INTO PLAYLIST_SONGS (playlistsong_id, playlist_id, song_id, date_added) VALUES (96, 4, 456, '2023-12-11');
INSERT INTO PLAYLIST_SONGS (playlistsong_id, playlist_id, song_id, date_added) VALUES (97, 193, 828, '2024-04-18');
INSERT INTO PLAYLIST_SONGS (playlistsong_id, playlist_id, song_id, date_added) VALUES (98, 128, 475, '2024-03-15');
INSERT INTO PLAYLIST_SONGS (playlistsong_id, playlist_id, song_id, date_added) VALUES (99, 335, 52, '2023-04-18');
INSERT INTO PLAYLIST_SONGS (playlistsong_id, playlist_id, song_id, date_added) VALUES (100, 207, 920, '2023-09-24');
INSERT INTO PLAYLIST_SONGS (playlistsong_id, playlist_id, song_id, date_added) VALUES (101, 34, 492, '2024-05-08');
INSERT INTO PLAYLIST_SONGS (playlistsong_id, playlist_id, song_id, date_added) VALUES (102, 309, 416, '2023-03-15');
INSERT INTO PLAYLIST_SONGS (playlistsong_id, playlist_id, song_id, date_added) VALUES (103, 2, 63, '2023-01-06');
INSERT INTO PLAYLIST_SONGS (playlistsong_id, playlist_id, song_id, date_added) VALUES (104, 237, 822, '2023-08-03');
INSERT INTO PLAYLIST_SONGS (playlistsong_id, playlist_id, song_id, date_added) VALUES (105, 176, 274, '2023-12-10');
INSERT INTO PLAYLIST_SONGS (playlistsong_id, playlist_id, song_id, date_added) VALUES (106, 103, 17, '2023-10-06');
INSERT INTO PLAYLIST_SONGS (playlistsong_id, playlist_id, song_id, date_added) VALUES (107, 25, 547, '2024-04-07');
INSERT INTO PLAYLIST_SONGS (playlistsong_id, playlist_id, song_id, date_added) VALUES (108, 181, 682, '2023-11-03');
INSERT INTO PLAYLIST_SONGS (playlistsong_id, playlist_id, song_id, date_added) VALUES (109, 33, 425, '2023-05-11');
INSERT INTO PLAYLIST_SONGS (playlistsong_id, playlist_id, song_id, date_added) VALUES (110, 200, 849, '2024-04-21');
INSERT INTO PLAYLIST_SONGS (playlistsong_id, playlist_id, song_id, date_added) VALUES (111, 377, 526, '2024-01-07');
INSERT INTO PLAYLIST_SONGS (playlistsong_id, playlist_id, song_id, date_added) VALUES (112, 479, 964, '2023-11-11');
INSERT INTO PLAYLIST_SONGS (playlistsong_id, playlist_id, song_id, date_added) VALUES (113, 114, 226, '2023-07-29');
INSERT INTO PLAYLIST_SONGS (playlistsong_id, playlist_id, song_id, date_added) VALUES (114, 468, 347, '2023-01-13');
INSERT INTO PLAYLIST_SONGS (playlistsong_id, playlist_id, song_id, date_added) VALUES (115, 209, 300, '2024-01-17');
INSERT INTO PLAYLIST_SONGS (playlistsong_id, playlist_id, song_id, date_added) VALUES (116, 451, 227, '2024-04-26');
INSERT INTO PLAYLIST_SONGS (playlistsong_id, playlist_id, song_id, date_added) VALUES (117, 294, 702, '2023-07-27');
INSERT INTO PLAYLIST_SONGS (playlistsong_id, playlist_id, song_id, date_added) VALUES (118, 488, 200, '2024-03-29');
INSERT INTO PLAYLIST_SONGS (playlistsong_id, playlist_id, song_id, date_added) VALUES (119, 202, 604, '2023-09-19');
INSERT INTO PLAYLIST_SONGS (playlistsong_id, playlist_id, song_id, date_added) VALUES (120, 361, 397, '2023-08-13');
INSERT INTO PLAYLIST_SONGS (playlistsong_id, playlist_id, song_id, date_added) VALUES (121, 494, 468, '2023-03-16');
INSERT INTO PLAYLIST_SONGS (playlistsong_id, playlist_id, song_id, date_added) VALUES (122, 365, 464, '2023-12-05');
INSERT INTO PLAYLIST_SONGS (playlistsong_id, playlist_id, song_id, date_added) VALUES (123, 252, 388, '2023-07-01');
INSERT INTO PLAYLIST_SONGS (playlistsong_id, playlist_id, song_id, date_added) VALUES (124, 202, 340, '2023-06-18');
INSERT INTO PLAYLIST_SONGS (playlistsong_id, playlist_id, song_id, date_added) VALUES (125, 418, 987, '2023-05-19');
INSERT INTO PLAYLIST_SONGS (playlistsong_id, playlist_id, song_id, date_added) VALUES (126, 461, 427, '2024-03-31');
INSERT INTO PLAYLIST_SONGS (playlistsong_id, playlist_id, song_id, date_added) VALUES (127, 393, 668, '2023-05-06');
INSERT INTO PLAYLIST_SONGS (playlistsong_id, playlist_id, song_id, date_added) VALUES (128, 40, 936, '2023-02-26');
INSERT INTO PLAYLIST_SONGS (playlistsong_id, playlist_id, song_id, date_added) VALUES (129, 10, 197, '2023-02-11');
INSERT INTO PLAYLIST_SONGS (playlistsong_id, playlist_id, song_id, date_added) VALUES (130, 8, 868, '2023-07-21');
INSERT INTO PLAYLIST_SONGS (playlistsong_id, playlist_id, song_id, date_added) VALUES (131, 70, 152, '2023-05-28');
INSERT INTO PLAYLIST_SONGS (playlistsong_id, playlist_id, song_id, date_added) VALUES (132, 258, 571, '2023-06-24');
INSERT INTO PLAYLIST_SONGS (playlistsong_id, playlist_id, song_id, date_added) VALUES (133, 491, 719, '2023-10-18');
INSERT INTO PLAYLIST_SONGS (playlistsong_id, playlist_id, song_id, date_added) VALUES (134, 269, 327, '2023-03-07');
INSERT INTO PLAYLIST_SONGS (playlistsong_id, playlist_id, song_id, date_added) VALUES (135, 26, 711, '2023-12-24');
INSERT INTO PLAYLIST_SONGS (playlistsong_id, playlist_id, song_id, date_added) VALUES (136, 18, 485, '2023-06-20');
INSERT INTO PLAYLIST_SONGS (playlistsong_id, playlist_id, song_id, date_added) VALUES (137, 325, 937, '2023-09-21');
INSERT INTO PLAYLIST_SONGS (playlistsong_id, playlist_id, song_id, date_added) VALUES (138, 252, 20, '2023-08-15');
INSERT INTO PLAYLIST_SONGS (playlistsong_id, playlist_id, song_id, date_added) VALUES (139, 301, 852, '2023-08-21');
INSERT INTO PLAYLIST_SONGS (playlistsong_id, playlist_id, song_id, date_added) VALUES (140, 352, 365, '2023-05-25');
INSERT INTO PLAYLIST_SONGS (playlistsong_id, playlist_id, song_id, date_added) VALUES (141, 301, 800, '2023-09-07');
INSERT INTO PLAYLIST_SONGS (playlistsong_id, playlist_id, song_id, date_added) VALUES (142, 154, 439, '2024-01-08');
INSERT INTO PLAYLIST_SONGS (playlistsong_id, playlist_id, song_id, date_added) VALUES (143, 280, 515, '2023-03-06');
INSERT INTO PLAYLIST_SONGS (playlistsong_id, playlist_id, song_id, date_added) VALUES (144, 467, 736, '2023-11-16');
INSERT INTO PLAYLIST_SONGS (playlistsong_id, playlist_id, song_id, date_added) VALUES (145, 143, 657, '2023-08-23');
INSERT INTO PLAYLIST_SONGS (playlistsong_id, playlist_id, song_id, date_added) VALUES (146, 103, 919, '2023-09-11');
INSERT INTO PLAYLIST_SONGS (playlistsong_id, playlist_id, song_id, date_added) VALUES (147, 78, 416, '2023-02-10');
INSERT INTO PLAYLIST_SONGS (playlistsong_id, playlist_id, song_id, date_added) VALUES (148, 106, 596, '2024-01-14');
INSERT INTO PLAYLIST_SONGS (playlistsong_id, playlist_id, song_id, date_added) VALUES (149, 101, 670, '2023-01-20');
INSERT INTO PLAYLIST_SONGS (playlistsong_id, playlist_id, song_id, date_added) VALUES (150, 298, 175, '2024-05-18');
INSERT INTO PLAYLIST_SONGS (playlistsong_id, playlist_id, song_id, date_added) VALUES (151, 216, 51, '2023-11-22');
INSERT INTO PLAYLIST_SONGS (playlistsong_id, playlist_id, song_id, date_added) VALUES (152, 99, 481, '2023-11-06');
INSERT INTO PLAYLIST_SONGS (playlistsong_id, playlist_id, song_id, date_added) VALUES (153, 188, 878, '2023-03-29');
INSERT INTO PLAYLIST_SONGS (playlistsong_id, playlist_id, song_id, date_added) VALUES (154, 356, 626, '2023-08-25');
INSERT INTO PLAYLIST_SONGS (playlistsong_id, playlist_id, song_id, date_added) VALUES (155, 257, 399, '2023-06-27');
INSERT INTO PLAYLIST_SONGS (playlistsong_id, playlist_id, song_id, date_added) VALUES (156, 454, 162, '2023-09-09');
INSERT INTO PLAYLIST_SONGS (playlistsong_id, playlist_id, song_id, date_added) VALUES (157, 438, 774, '2024-04-02');
INSERT INTO PLAYLIST_SONGS (playlistsong_id, playlist_id, song_id, date_added) VALUES (158, 350, 231, '2023-11-09');
INSERT INTO PLAYLIST_SONGS (playlistsong_id, playlist_id, song_id, date_added) VALUES (159, 413, 2, '2023-03-09');
INSERT INTO PLAYLIST_SONGS (playlistsong_id, playlist_id, song_id, date_added) VALUES (160, 386, 849, '2023-02-12');
INSERT INTO PLAYLIST_SONGS (playlistsong_id, playlist_id, song_id, date_added) VALUES (161, 68, 197, '2023-09-12');
INSERT INTO PLAYLIST_SONGS (playlistsong_id, playlist_id, song_id, date_added) VALUES (162, 383, 866, '2023-08-01');
INSERT INTO PLAYLIST_SONGS (playlistsong_id, playlist_id, song_id, date_added) VALUES (163, 454, 508, '2023-03-19');
INSERT INTO PLAYLIST_SONGS (playlistsong_id, playlist_id, song_id, date_added) VALUES (164, 287, 266, '2023-12-11');
INSERT INTO PLAYLIST_SONGS (playlistsong_id, playlist_id, song_id, date_added) VALUES (165, 395, 773, '2024-04-08');
INSERT INTO PLAYLIST_SONGS (playlistsong_id, playlist_id, song_id, date_added) VALUES (166, 470, 107, '2024-01-15');
INSERT INTO PLAYLIST_SONGS (playlistsong_id, playlist_id, song_id, date_added) VALUES (167, 102, 927, '2023-07-21');
INSERT INTO PLAYLIST_SONGS (playlistsong_id, playlist_id, song_id, date_added) VALUES (168, 404, 197, '2023-06-08');
INSERT INTO PLAYLIST_SONGS (playlistsong_id, playlist_id, song_id, date_added) VALUES (169, 107, 953, '2024-01-19');
INSERT INTO PLAYLIST_SONGS (playlistsong_id, playlist_id, song_id, date_added) VALUES (170, 264, 165, '2023-06-14');
INSERT INTO PLAYLIST_SONGS (playlistsong_id, playlist_id, song_id, date_added) VALUES (171, 6, 799, '2023-05-31');
INSERT INTO PLAYLIST_SONGS (playlistsong_id, playlist_id, song_id, date_added) VALUES (172, 255, 107, '2023-12-25');
INSERT INTO PLAYLIST_SONGS (playlistsong_id, playlist_id, song_id, date_added) VALUES (173, 420, 481, '2023-09-19');
INSERT INTO PLAYLIST_SONGS (playlistsong_id, playlist_id, song_id, date_added) VALUES (174, 387, 194, '2024-03-23');
INSERT INTO PLAYLIST_SONGS (playlistsong_id, playlist_id, song_id, date_added) VALUES (175, 241, 847, '2023-10-14');
INSERT INTO PLAYLIST_SONGS (playlistsong_id, playlist_id, song_id, date_added) VALUES (176, 75, 892, '2023-11-24');
INSERT INTO PLAYLIST_SONGS (playlistsong_id, playlist_id, song_id, date_added) VALUES (177, 304, 276, '2024-02-19');
INSERT INTO PLAYLIST_SONGS (playlistsong_id, playlist_id, song_id, date_added) VALUES (178, 135, 926, '2023-09-08');
INSERT INTO PLAYLIST_SONGS (playlistsong_id, playlist_id, song_id, date_added) VALUES (179, 405, 758, '2023-12-08');
INSERT INTO PLAYLIST_SONGS (playlistsong_id, playlist_id, song_id, date_added) VALUES (180, 411, 655, '2024-05-10');
INSERT INTO PLAYLIST_SONGS (playlistsong_id, playlist_id, song_id, date_added) VALUES (181, 447, 999, '2023-02-02');
INSERT INTO PLAYLIST_SONGS (playlistsong_id, playlist_id, song_id, date_added) VALUES (182, 381, 878, '2023-07-15');
INSERT INTO PLAYLIST_SONGS (playlistsong_id, playlist_id, song_id, date_added) VALUES (183, 220, 414, '2023-10-23');
INSERT INTO PLAYLIST_SONGS (playlistsong_id, playlist_id, song_id, date_added) VALUES (184, 5, 1000, '2023-11-06');
INSERT INTO PLAYLIST_SONGS (playlistsong_id, playlist_id, song_id, date_added) VALUES (185, 197, 587, '2024-02-01');
INSERT INTO PLAYLIST_SONGS (playlistsong_id, playlist_id, song_id, date_added) VALUES (186, 472, 211, '2023-07-24');
INSERT INTO PLAYLIST_SONGS (playlistsong_id, playlist_id, song_id, date_added) VALUES (187, 333, 598, '2023-10-19');
INSERT INTO PLAYLIST_SONGS (playlistsong_id, playlist_id, song_id, date_added) VALUES (188, 414, 214, '2023-11-17');
INSERT INTO PLAYLIST_SONGS (playlistsong_id, playlist_id, song_id, date_added) VALUES (189, 218, 768, '2023-11-02');
INSERT INTO PLAYLIST_SONGS (playlistsong_id, playlist_id, song_id, date_added) VALUES (190, 39, 873, '2023-12-12');
INSERT INTO PLAYLIST_SONGS (playlistsong_id, playlist_id, song_id, date_added) VALUES (191, 232, 834, '2023-03-11');
INSERT INTO PLAYLIST_SONGS (playlistsong_id, playlist_id, song_id, date_added) VALUES (192, 452, 233, '2024-04-15');
INSERT INTO PLAYLIST_SONGS (playlistsong_id, playlist_id, song_id, date_added) VALUES (193, 363, 946, '2023-10-06');
INSERT INTO PLAYLIST_SONGS (playlistsong_id, playlist_id, song_id, date_added) VALUES (194, 118, 216, '2023-09-26');
INSERT INTO PLAYLIST_SONGS (playlistsong_id, playlist_id, song_id, date_added) VALUES (195, 463, 807, '2023-04-18');
INSERT INTO PLAYLIST_SONGS (playlistsong_id, playlist_id, song_id, date_added) VALUES (196, 421, 394, '2023-09-30');
INSERT INTO PLAYLIST_SONGS (playlistsong_id, playlist_id, song_id, date_added) VALUES (197, 188, 804, '2023-07-24');
INSERT INTO PLAYLIST_SONGS (playlistsong_id, playlist_id, song_id, date_added) VALUES (198, 480, 99, '2024-05-16');
INSERT INTO PLAYLIST_SONGS (playlistsong_id, playlist_id, song_id, date_added) VALUES (199, 84, 121, '2024-03-02');
INSERT INTO PLAYLIST_SONGS (playlistsong_id, playlist_id, song_id, date_added) VALUES (200, 239, 35, '2023-10-18');
INSERT INTO PLAYLIST_SONGS (playlistsong_id, playlist_id, song_id, date_added) VALUES (201, 183, 372, '2023-10-20');
INSERT INTO PLAYLIST_SONGS (playlistsong_id, playlist_id, song_id, date_added) VALUES (202, 405, 96, '2023-03-06');
INSERT INTO PLAYLIST_SONGS (playlistsong_id, playlist_id, song_id, date_added) VALUES (203, 69, 173, '2023-08-09');
INSERT INTO PLAYLIST_SONGS (playlistsong_id, playlist_id, song_id, date_added) VALUES (204, 471, 929, '2023-10-21');
INSERT INTO PLAYLIST_SONGS (playlistsong_id, playlist_id, song_id, date_added) VALUES (205, 129, 752, '2023-04-25');
INSERT INTO PLAYLIST_SONGS (playlistsong_id, playlist_id, song_id, date_added) VALUES (206, 9, 298, '2023-08-20');
INSERT INTO PLAYLIST_SONGS (playlistsong_id, playlist_id, song_id, date_added) VALUES (207, 20, 193, '2024-04-25');
INSERT INTO PLAYLIST_SONGS (playlistsong_id, playlist_id, song_id, date_added) VALUES (208, 443, 84, '2023-03-26');
INSERT INTO PLAYLIST_SONGS (playlistsong_id, playlist_id, song_id, date_added) VALUES (209, 43, 30, '2023-12-16');
INSERT INTO PLAYLIST_SONGS (playlistsong_id, playlist_id, song_id, date_added) VALUES (210, 18, 576, '2023-09-15');
INSERT INTO PLAYLIST_SONGS (playlistsong_id, playlist_id, song_id, date_added) VALUES (211, 225, 728, '2024-04-24');
INSERT INTO PLAYLIST_SONGS (playlistsong_id, playlist_id, song_id, date_added) VALUES (212, 444, 443, '2023-01-03');
INSERT INTO PLAYLIST_SONGS (playlistsong_id, playlist_id, song_id, date_added) VALUES (213, 247, 238, '2023-10-06');
INSERT INTO PLAYLIST_SONGS (playlistsong_id, playlist_id, song_id, date_added) VALUES (214, 213, 362, '2023-05-29');
INSERT INTO PLAYLIST_SONGS (playlistsong_id, playlist_id, song_id, date_added) VALUES (215, 498, 194, '2023-04-13');
INSERT INTO PLAYLIST_SONGS (playlistsong_id, playlist_id, song_id, date_added) VALUES (216, 367, 177, '2023-05-12');
INSERT INTO PLAYLIST_SONGS (playlistsong_id, playlist_id, song_id, date_added) VALUES (217, 315, 321, '2023-10-31');
INSERT INTO PLAYLIST_SONGS (playlistsong_id, playlist_id, song_id, date_added) VALUES (218, 297, 218, '2024-02-23');
INSERT INTO PLAYLIST_SONGS (playlistsong_id, playlist_id, song_id, date_added) VALUES (219, 242, 566, '2023-02-03');
INSERT INTO PLAYLIST_SONGS (playlistsong_id, playlist_id, song_id, date_added) VALUES (220, 346, 140, '2023-12-19');
INSERT INTO PLAYLIST_SONGS (playlistsong_id, playlist_id, song_id, date_added) VALUES (221, 376, 419, '2023-04-30');
INSERT INTO PLAYLIST_SONGS (playlistsong_id, playlist_id, song_id, date_added) VALUES (222, 165, 551, '2023-11-04');
INSERT INTO PLAYLIST_SONGS (playlistsong_id, playlist_id, song_id, date_added) VALUES (223, 67, 369, '2023-05-05');
INSERT INTO PLAYLIST_SONGS (playlistsong_id, playlist_id, song_id, date_added) VALUES (224, 359, 153, '2023-08-04');
INSERT INTO PLAYLIST_SONGS (playlistsong_id, playlist_id, song_id, date_added) VALUES (225, 398, 270, '2023-10-04');
INSERT INTO PLAYLIST_SONGS (playlistsong_id, playlist_id, song_id, date_added) VALUES (226, 392, 355, '2023-12-31');
INSERT INTO PLAYLIST_SONGS (playlistsong_id, playlist_id, song_id, date_added) VALUES (227, 70, 702, '2024-02-05');
INSERT INTO PLAYLIST_SONGS (playlistsong_id, playlist_id, song_id, date_added) VALUES (228, 341, 307, '2023-03-28');
INSERT INTO PLAYLIST_SONGS (playlistsong_id, playlist_id, song_id, date_added) VALUES (229, 293, 257, '2023-05-11');
INSERT INTO PLAYLIST_SONGS (playlistsong_id, playlist_id, song_id, date_added) VALUES (230, 276, 345, '2023-10-05');
INSERT INTO PLAYLIST_SONGS (playlistsong_id, playlist_id, song_id, date_added) VALUES (231, 180, 19, '2024-04-16');
INSERT INTO PLAYLIST_SONGS (playlistsong_id, playlist_id, song_id, date_added) VALUES (232, 364, 747, '2023-02-16');
INSERT INTO PLAYLIST_SONGS (playlistsong_id, playlist_id, song_id, date_added) VALUES (233, 66, 99, '2023-10-10');
INSERT INTO PLAYLIST_SONGS (playlistsong_id, playlist_id, song_id, date_added) VALUES (234, 97, 30, '2023-09-28');
INSERT INTO PLAYLIST_SONGS (playlistsong_id, playlist_id, song_id, date_added) VALUES (235, 139, 377, '2023-02-06');
INSERT INTO PLAYLIST_SONGS (playlistsong_id, playlist_id, song_id, date_added) VALUES (236, 9, 414, '2024-03-20');
INSERT INTO PLAYLIST_SONGS (playlistsong_id, playlist_id, song_id, date_added) VALUES (237, 67, 995, '2024-04-03');
INSERT INTO PLAYLIST_SONGS (playlistsong_id, playlist_id, song_id, date_added) VALUES (238, 293, 448, '2023-04-11');
INSERT INTO PLAYLIST_SONGS (playlistsong_id, playlist_id, song_id, date_added) VALUES (239, 285, 52, '2024-01-24');
INSERT INTO PLAYLIST_SONGS (playlistsong_id, playlist_id, song_id, date_added) VALUES (240, 352, 666, '2023-06-22');
INSERT INTO PLAYLIST_SONGS (playlistsong_id, playlist_id, song_id, date_added) VALUES (241, 206, 615, '2023-07-29');
INSERT INTO PLAYLIST_SONGS (playlistsong_id, playlist_id, song_id, date_added) VALUES (242, 411, 696, '2023-11-19');
INSERT INTO PLAYLIST_SONGS (playlistsong_id, playlist_id, song_id, date_added) VALUES (243, 297, 226, '2024-02-12');
INSERT INTO PLAYLIST_SONGS (playlistsong_id, playlist_id, song_id, date_added) VALUES (244, 224, 215, '2024-02-06');
INSERT INTO PLAYLIST_SONGS (playlistsong_id, playlist_id, song_id, date_added) VALUES (245, 146, 464, '2024-03-08');
INSERT INTO PLAYLIST_SONGS (playlistsong_id, playlist_id, song_id, date_added) VALUES (246, 63, 815, '2023-08-11');
INSERT INTO PLAYLIST_SONGS (playlistsong_id, playlist_id, song_id, date_added) VALUES (247, 28, 973, '2023-06-28');
INSERT INTO PLAYLIST_SONGS (playlistsong_id, playlist_id, song_id, date_added) VALUES (248, 186, 905, '2023-04-07');
INSERT INTO PLAYLIST_SONGS (playlistsong_id, playlist_id, song_id, date_added) VALUES (249, 465, 602, '2024-01-14');
INSERT INTO PLAYLIST_SONGS (playlistsong_id, playlist_id, song_id, date_added) VALUES (250, 234, 476, '2023-04-24');
INSERT INTO PLAYLIST_SONGS (playlistsong_id, playlist_id, song_id, date_added) VALUES (251, 154, 416, '2024-04-06');
INSERT INTO PLAYLIST_SONGS (playlistsong_id, playlist_id, song_id, date_added) VALUES (252, 381, 915, '2024-03-29');
INSERT INTO PLAYLIST_SONGS (playlistsong_id, playlist_id, song_id, date_added) VALUES (253, 368, 736, '2023-07-27');
INSERT INTO PLAYLIST_SONGS (playlistsong_id, playlist_id, song_id, date_added) VALUES (254, 318, 484, '2023-07-10');
INSERT INTO PLAYLIST_SONGS (playlistsong_id, playlist_id, song_id, date_added) VALUES (255, 40, 117, '2023-01-01');
INSERT INTO PLAYLIST_SONGS (playlistsong_id, playlist_id, song_id, date_added) VALUES (256, 102, 513, '2023-09-22');
INSERT INTO PLAYLIST_SONGS (playlistsong_id, playlist_id, song_id, date_added) VALUES (257, 457, 213, '2024-02-01');
INSERT INTO PLAYLIST_SONGS (playlistsong_id, playlist_id, song_id, date_added) VALUES (258, 250, 758, '2023-07-28');
INSERT INTO PLAYLIST_SONGS (playlistsong_id, playlist_id, song_id, date_added) VALUES (259, 236, 971, '2023-12-03');
INSERT INTO PLAYLIST_SONGS (playlistsong_id, playlist_id, song_id, date_added) VALUES (260, 452, 828, '2023-11-26');
INSERT INTO PLAYLIST_SONGS (playlistsong_id, playlist_id, song_id, date_added) VALUES (261, 135, 965, '2024-05-02');
INSERT INTO PLAYLIST_SONGS (playlistsong_id, playlist_id, song_id, date_added) VALUES (262, 36, 809, '2024-05-06');
INSERT INTO PLAYLIST_SONGS (playlistsong_id, playlist_id, song_id, date_added) VALUES (263, 485, 132, '2024-03-11');
INSERT INTO PLAYLIST_SONGS (playlistsong_id, playlist_id, song_id, date_added) VALUES (264, 459, 869, '2023-02-15');
INSERT INTO PLAYLIST_SONGS (playlistsong_id, playlist_id, song_id, date_added) VALUES (265, 80, 480, '2023-11-24');
INSERT INTO PLAYLIST_SONGS (playlistsong_id, playlist_id, song_id, date_added) VALUES (266, 338, 342, '2024-05-03');
INSERT INTO PLAYLIST_SONGS (playlistsong_id, playlist_id, song_id, date_added) VALUES (267, 163, 388, '2023-05-10');
INSERT INTO PLAYLIST_SONGS (playlistsong_id, playlist_id, song_id, date_added) VALUES (268, 251, 899, '2023-12-02');
INSERT INTO PLAYLIST_SONGS (playlistsong_id, playlist_id, song_id, date_added) VALUES (269, 354, 719, '2023-08-23');
INSERT INTO PLAYLIST_SONGS (playlistsong_id, playlist_id, song_id, date_added) VALUES (270, 84, 814, '2024-01-26');
INSERT INTO PLAYLIST_SONGS (playlistsong_id, playlist_id, song_id, date_added) VALUES (271, 49, 833, '2023-04-24');
INSERT INTO PLAYLIST_SONGS (playlistsong_id, playlist_id, song_id, date_added) VALUES (272, 293, 762, '2023-08-31');
INSERT INTO PLAYLIST_SONGS (playlistsong_id, playlist_id, song_id, date_added) VALUES (273, 414, 91, '2023-01-17');
INSERT INTO PLAYLIST_SONGS (playlistsong_id, playlist_id, song_id, date_added) VALUES (274, 91, 441, '2023-01-09');
INSERT INTO PLAYLIST_SONGS (playlistsong_id, playlist_id, song_id, date_added) VALUES (275, 396, 335, '2023-08-10');
INSERT INTO PLAYLIST_SONGS (playlistsong_id, playlist_id, song_id, date_added) VALUES (276, 122, 714, '2023-03-21');
INSERT INTO PLAYLIST_SONGS (playlistsong_id, playlist_id, song_id, date_added) VALUES (277, 426, 630, '2023-05-13');
INSERT INTO PLAYLIST_SONGS (playlistsong_id, playlist_id, song_id, date_added) VALUES (278, 463, 206, '2024-04-01');
INSERT INTO PLAYLIST_SONGS (playlistsong_id, playlist_id, song_id, date_added) VALUES (279, 228, 362, '2023-09-28');
INSERT INTO PLAYLIST_SONGS (playlistsong_id, playlist_id, song_id, date_added) VALUES (280, 290, 435, '2023-09-06');
INSERT INTO PLAYLIST_SONGS (playlistsong_id, playlist_id, song_id, date_added) VALUES (281, 62, 608, '2023-09-13');
INSERT INTO PLAYLIST_SONGS (playlistsong_id, playlist_id, song_id, date_added) VALUES (282, 8, 477, '2023-09-09');
INSERT INTO PLAYLIST_SONGS (playlistsong_id, playlist_id, song_id, date_added) VALUES (283, 419, 790, '2023-06-29');
INSERT INTO PLAYLIST_SONGS (playlistsong_id, playlist_id, song_id, date_added) VALUES (284, 207, 50, '2024-05-08');
INSERT INTO PLAYLIST_SONGS (playlistsong_id, playlist_id, song_id, date_added) VALUES (285, 305, 274, '2023-06-08');
INSERT INTO PLAYLIST_SONGS (playlistsong_id, playlist_id, song_id, date_added) VALUES (286, 485, 889, '2024-05-01');
INSERT INTO PLAYLIST_SONGS (playlistsong_id, playlist_id, song_id, date_added) VALUES (287, 115, 552, '2024-03-02');
INSERT INTO PLAYLIST_SONGS (playlistsong_id, playlist_id, song_id, date_added) VALUES (288, 102, 616, '2023-01-29');
INSERT INTO PLAYLIST_SONGS (playlistsong_id, playlist_id, song_id, date_added) VALUES (289, 239, 982, '2024-02-05');
INSERT INTO PLAYLIST_SONGS (playlistsong_id, playlist_id, song_id, date_added) VALUES (290, 412, 956, '2023-02-27');
INSERT INTO PLAYLIST_SONGS (playlistsong_id, playlist_id, song_id, date_added) VALUES (291, 123, 160, '2023-01-01');
INSERT INTO PLAYLIST_SONGS (playlistsong_id, playlist_id, song_id, date_added) VALUES (292, 88, 829, '2023-06-21');
INSERT INTO PLAYLIST_SONGS (playlistsong_id, playlist_id, song_id, date_added) VALUES (293, 231, 389, '2023-02-01');
INSERT INTO PLAYLIST_SONGS (playlistsong_id, playlist_id, song_id, date_added) VALUES (294, 66, 201, '2023-05-30');
INSERT INTO PLAYLIST_SONGS (playlistsong_id, playlist_id, song_id, date_added) VALUES (295, 439, 340, '2023-01-02');
INSERT INTO PLAYLIST_SONGS (playlistsong_id, playlist_id, song_id, date_added) VALUES (296, 310, 349, '2024-01-23');
INSERT INTO PLAYLIST_SONGS (playlistsong_id, playlist_id, song_id, date_added) VALUES (297, 94, 444, '2023-01-18');
INSERT INTO PLAYLIST_SONGS (playlistsong_id, playlist_id, song_id, date_added) VALUES (298, 323, 328, '2023-08-21');
INSERT INTO PLAYLIST_SONGS (playlistsong_id, playlist_id, song_id, date_added) VALUES (299, 48, 434, '2023-10-25');
INSERT INTO PLAYLIST_SONGS (playlistsong_id, playlist_id, song_id, date_added) VALUES (300, 352, 332, '2023-04-12');
INSERT INTO PLAYLIST_SONGS (playlistsong_id, playlist_id, song_id, date_added) VALUES (301, 46, 349, '2023-08-14');
INSERT INTO PLAYLIST_SONGS (playlistsong_id, playlist_id, song_id, date_added) VALUES (302, 172, 701, '2023-11-07');
INSERT INTO PLAYLIST_SONGS (playlistsong_id, playlist_id, song_id, date_added) VALUES (303, 282, 393, '2024-01-26');
INSERT INTO PLAYLIST_SONGS (playlistsong_id, playlist_id, song_id, date_added) VALUES (304, 499, 499, '2023-07-03');
INSERT INTO PLAYLIST_SONGS (playlistsong_id, playlist_id, song_id, date_added) VALUES (305, 197, 16, '2024-02-03');
INSERT INTO PLAYLIST_SONGS (playlistsong_id, playlist_id, song_id, date_added) VALUES (306, 89, 351, '2023-05-20');
INSERT INTO PLAYLIST_SONGS (playlistsong_id, playlist_id, song_id, date_added) VALUES (307, 134, 542, '2023-04-03');
INSERT INTO PLAYLIST_SONGS (playlistsong_id, playlist_id, song_id, date_added) VALUES (308, 390, 675, '2023-01-25');
INSERT INTO PLAYLIST_SONGS (playlistsong_id, playlist_id, song_id, date_added) VALUES (309, 379, 574, '2024-01-11');
INSERT INTO PLAYLIST_SONGS (playlistsong_id, playlist_id, song_id, date_added) VALUES (310, 120, 65, '2023-09-27');
INSERT INTO PLAYLIST_SONGS (playlistsong_id, playlist_id, song_id, date_added) VALUES (311, 302, 311, '2024-02-19');
INSERT INTO PLAYLIST_SONGS (playlistsong_id, playlist_id, song_id, date_added) VALUES (312, 157, 201, '2024-02-01');
INSERT INTO PLAYLIST_SONGS (playlistsong_id, playlist_id, song_id, date_added) VALUES (313, 162, 374, '2023-11-19');
INSERT INTO PLAYLIST_SONGS (playlistsong_id, playlist_id, song_id, date_added) VALUES (314, 73, 386, '2024-04-30');
INSERT INTO PLAYLIST_SONGS (playlistsong_id, playlist_id, song_id, date_added) VALUES (315, 70, 506, '2024-03-16');
INSERT INTO PLAYLIST_SONGS (playlistsong_id, playlist_id, song_id, date_added) VALUES (316, 353, 678, '2024-04-28');
INSERT INTO PLAYLIST_SONGS (playlistsong_id, playlist_id, song_id, date_added) VALUES (317, 437, 884, '2023-03-06');
INSERT INTO PLAYLIST_SONGS (playlistsong_id, playlist_id, song_id, date_added) VALUES (318, 333, 116, '2024-02-28');
INSERT INTO PLAYLIST_SONGS (playlistsong_id, playlist_id, song_id, date_added) VALUES (319, 84, 801, '2023-01-02');
INSERT INTO PLAYLIST_SONGS (playlistsong_id, playlist_id, song_id, date_added) VALUES (320, 77, 216, '2024-04-19');
INSERT INTO PLAYLIST_SONGS (playlistsong_id, playlist_id, song_id, date_added) VALUES (321, 360, 690, '2023-05-24');
INSERT INTO PLAYLIST_SONGS (playlistsong_id, playlist_id, song_id, date_added) VALUES (322, 51, 80, '2023-11-23');
INSERT INTO PLAYLIST_SONGS (playlistsong_id, playlist_id, song_id, date_added) VALUES (323, 21, 525, '2023-05-12');
INSERT INTO PLAYLIST_SONGS (playlistsong_id, playlist_id, song_id, date_added) VALUES (324, 27, 787, '2023-06-08');
INSERT INTO PLAYLIST_SONGS (playlistsong_id, playlist_id, song_id, date_added) VALUES (325, 248, 4, '2023-04-05');
INSERT INTO PLAYLIST_SONGS (playlistsong_id, playlist_id, song_id, date_added) VALUES (326, 205, 312, '2023-10-05');
INSERT INTO PLAYLIST_SONGS (playlistsong_id, playlist_id, song_id, date_added) VALUES (327, 427, 521, '2023-11-08');
INSERT INTO PLAYLIST_SONGS (playlistsong_id, playlist_id, song_id, date_added) VALUES (328, 288, 652, '2024-01-02');
INSERT INTO PLAYLIST_SONGS (playlistsong_id, playlist_id, song_id, date_added) VALUES (329, 355, 857, '2023-07-21');
INSERT INTO PLAYLIST_SONGS (playlistsong_id, playlist_id, song_id, date_added) VALUES (330, 429, 373, '2024-03-01');
INSERT INTO PLAYLIST_SONGS (playlistsong_id, playlist_id, song_id, date_added) VALUES (331, 172, 933, '2023-04-17');
INSERT INTO PLAYLIST_SONGS (playlistsong_id, playlist_id, song_id, date_added) VALUES (332, 98, 581, '2023-10-22');
INSERT INTO PLAYLIST_SONGS (playlistsong_id, playlist_id, song_id, date_added) VALUES (333, 125, 412, '2024-01-21');
INSERT INTO PLAYLIST_SONGS (playlistsong_id, playlist_id, song_id, date_added) VALUES (334, 195, 595, '2023-12-20');
INSERT INTO PLAYLIST_SONGS (playlistsong_id, playlist_id, song_id, date_added) VALUES (335, 315, 754, '2023-06-07');
INSERT INTO PLAYLIST_SONGS (playlistsong_id, playlist_id, song_id, date_added) VALUES (336, 326, 856, '2023-09-30');
INSERT INTO PLAYLIST_SONGS (playlistsong_id, playlist_id, song_id, date_added) VALUES (337, 45, 435, '2023-11-24');
INSERT INTO PLAYLIST_SONGS (playlistsong_id, playlist_id, song_id, date_added) VALUES (338, 322, 201, '2023-12-25');
INSERT INTO PLAYLIST_SONGS (playlistsong_id, playlist_id, song_id, date_added) VALUES (339, 440, 703, '2023-02-02');
INSERT INTO PLAYLIST_SONGS (playlistsong_id, playlist_id, song_id, date_added) VALUES (340, 487, 607, '2023-02-02');
INSERT INTO PLAYLIST_SONGS (playlistsong_id, playlist_id, song_id, date_added) VALUES (341, 358, 949, '2024-05-08');
INSERT INTO PLAYLIST_SONGS (playlistsong_id, playlist_id, song_id, date_added) VALUES (342, 309, 528, '2023-10-31');
INSERT INTO PLAYLIST_SONGS (playlistsong_id, playlist_id, song_id, date_added) VALUES (343, 416, 798, '2024-04-26');
INSERT INTO PLAYLIST_SONGS (playlistsong_id, playlist_id, song_id, date_added) VALUES (344, 53, 174, '2023-09-15');
INSERT INTO PLAYLIST_SONGS (playlistsong_id, playlist_id, song_id, date_added) VALUES (345, 290, 388, '2023-04-26');
INSERT INTO PLAYLIST_SONGS (playlistsong_id, playlist_id, song_id, date_added) VALUES (346, 38, 126, '2024-04-28');
INSERT INTO PLAYLIST_SONGS (playlistsong_id, playlist_id, song_id, date_added) VALUES (347, 56, 869, '2023-02-26');
INSERT INTO PLAYLIST_SONGS (playlistsong_id, playlist_id, song_id, date_added) VALUES (348, 307, 475, '2023-10-27');
INSERT INTO PLAYLIST_SONGS (playlistsong_id, playlist_id, song_id, date_added) VALUES (349, 394, 223, '2023-11-30');
INSERT INTO PLAYLIST_SONGS (playlistsong_id, playlist_id, song_id, date_added) VALUES (350, 114, 754, '2023-06-09');
INSERT INTO PLAYLIST_SONGS (playlistsong_id, playlist_id, song_id, date_added) VALUES (351, 324, 952, '2024-01-28');
INSERT INTO PLAYLIST_SONGS (playlistsong_id, playlist_id, song_id, date_added) VALUES (352, 39, 301, '2023-03-27');
INSERT INTO PLAYLIST_SONGS (playlistsong_id, playlist_id, song_id, date_added) VALUES (353, 128, 986, '2023-06-20');
INSERT INTO PLAYLIST_SONGS (playlistsong_id, playlist_id, song_id, date_added) VALUES (354, 380, 784, '2023-08-13');
INSERT INTO PLAYLIST_SONGS (playlistsong_id, playlist_id, song_id, date_added) VALUES (355, 23, 662, '2024-03-04');
INSERT INTO PLAYLIST_SONGS (playlistsong_id, playlist_id, song_id, date_added) VALUES (356, 336, 698, '2023-08-16');
INSERT INTO PLAYLIST_SONGS (playlistsong_id, playlist_id, song_id, date_added) VALUES (357, 22, 566, '2023-05-03');
INSERT INTO PLAYLIST_SONGS (playlistsong_id, playlist_id, song_id, date_added) VALUES (358, 483, 296, '2023-04-25');
INSERT INTO PLAYLIST_SONGS (playlistsong_id, playlist_id, song_id, date_added) VALUES (359, 198, 689, '2023-07-15');
INSERT INTO PLAYLIST_SONGS (playlistsong_id, playlist_id, song_id, date_added) VALUES (360, 31, 252, '2023-08-07');
INSERT INTO PLAYLIST_SONGS (playlistsong_id, playlist_id, song_id, date_added) VALUES (361, 190, 683, '2023-01-30');
INSERT INTO PLAYLIST_SONGS (playlistsong_id, playlist_id, song_id, date_added) VALUES (362, 105, 19, '2023-02-04');
INSERT INTO PLAYLIST_SONGS (playlistsong_id, playlist_id, song_id, date_added) VALUES (363, 480, 204, '2023-07-04');
INSERT INTO PLAYLIST_SONGS (playlistsong_id, playlist_id, song_id, date_added) VALUES (364, 139, 208, '2023-09-09');
INSERT INTO PLAYLIST_SONGS (playlistsong_id, playlist_id, song_id, date_added) VALUES (365, 14, 35, '2023-11-20');
INSERT INTO PLAYLIST_SONGS (playlistsong_id, playlist_id, song_id, date_added) VALUES (366, 385, 737, '2023-07-31');
INSERT INTO PLAYLIST_SONGS (playlistsong_id, playlist_id, song_id, date_added) VALUES (367, 176, 200, '2024-02-11');
INSERT INTO PLAYLIST_SONGS (playlistsong_id, playlist_id, song_id, date_added) VALUES (368, 261, 134, '2023-12-26');
INSERT INTO PLAYLIST_SONGS (playlistsong_id, playlist_id, song_id, date_added) VALUES (369, 281, 328, '2024-01-22');
INSERT INTO PLAYLIST_SONGS (playlistsong_id, playlist_id, song_id, date_added) VALUES (370, 368, 421, '2023-10-01');
INSERT INTO PLAYLIST_SONGS (playlistsong_id, playlist_id, song_id, date_added) VALUES (371, 229, 650, '2023-01-28');
INSERT INTO PLAYLIST_SONGS (playlistsong_id, playlist_id, song_id, date_added) VALUES (372, 212, 387, '2023-06-16');
INSERT INTO PLAYLIST_SONGS (playlistsong_id, playlist_id, song_id, date_added) VALUES (373, 305, 390, '2023-08-09');
INSERT INTO PLAYLIST_SONGS (playlistsong_id, playlist_id, song_id, date_added) VALUES (374, 395, 551, '2023-03-24');
INSERT INTO PLAYLIST_SONGS (playlistsong_id, playlist_id, song_id, date_added) VALUES (375, 418, 373, '2023-12-22');
INSERT INTO PLAYLIST_SONGS (playlistsong_id, playlist_id, song_id, date_added) VALUES (376, 180, 386, '2023-12-20');
INSERT INTO PLAYLIST_SONGS (playlistsong_id, playlist_id, song_id, date_added) VALUES (377, 132, 707, '2023-01-14');
INSERT INTO PLAYLIST_SONGS (playlistsong_id, playlist_id, song_id, date_added) VALUES (378, 104, 732, '2024-03-15');
INSERT INTO PLAYLIST_SONGS (playlistsong_id, playlist_id, song_id, date_added) VALUES (379, 325, 250, '2023-01-01');
INSERT INTO PLAYLIST_SONGS (playlistsong_id, playlist_id, song_id, date_added) VALUES (380, 31, 385, '2023-04-12');
INSERT INTO PLAYLIST_SONGS (playlistsong_id, playlist_id, song_id, date_added) VALUES (381, 193, 967, '2023-02-26');
INSERT INTO PLAYLIST_SONGS (playlistsong_id, playlist_id, song_id, date_added) VALUES (382, 83, 826, '2023-08-09');
INSERT INTO PLAYLIST_SONGS (playlistsong_id, playlist_id, song_id, date_added) VALUES (383, 163, 13, '2023-12-13');
INSERT INTO PLAYLIST_SONGS (playlistsong_id, playlist_id, song_id, date_added) VALUES (384, 313, 915, '2023-01-24');
INSERT INTO PLAYLIST_SONGS (playlistsong_id, playlist_id, song_id, date_added) VALUES (385, 247, 106, '2024-04-09');
INSERT INTO PLAYLIST_SONGS (playlistsong_id, playlist_id, song_id, date_added) VALUES (386, 58, 257, '2023-06-18');
INSERT INTO PLAYLIST_SONGS (playlistsong_id, playlist_id, song_id, date_added) VALUES (387, 318, 627, '2023-03-06');
INSERT INTO PLAYLIST_SONGS (playlistsong_id, playlist_id, song_id, date_added) VALUES (388, 367, 318, '2023-01-10');
INSERT INTO PLAYLIST_SONGS (playlistsong_id, playlist_id, song_id, date_added) VALUES (389, 159, 211, '2023-03-26');
INSERT INTO PLAYLIST_SONGS (playlistsong_id, playlist_id, song_id, date_added) VALUES (390, 465, 727, '2024-01-21');
INSERT INTO PLAYLIST_SONGS (playlistsong_id, playlist_id, song_id, date_added) VALUES (391, 247, 1, '2023-10-27');
INSERT INTO PLAYLIST_SONGS (playlistsong_id, playlist_id, song_id, date_added) VALUES (392, 117, 513, '2023-03-23');
INSERT INTO PLAYLIST_SONGS (playlistsong_id, playlist_id, song_id, date_added) VALUES (393, 110, 152, '2023-11-01');
INSERT INTO PLAYLIST_SONGS (playlistsong_id, playlist_id, song_id, date_added) VALUES (394, 460, 359, '2023-11-19');
INSERT INTO PLAYLIST_SONGS (playlistsong_id, playlist_id, song_id, date_added) VALUES (395, 471, 246, '2023-04-08');
INSERT INTO PLAYLIST_SONGS (playlistsong_id, playlist_id, song_id, date_added) VALUES (396, 323, 305, '2024-04-14');
INSERT INTO PLAYLIST_SONGS (playlistsong_id, playlist_id, song_id, date_added) VALUES (397, 72, 992, '2023-03-16');
INSERT INTO PLAYLIST_SONGS (playlistsong_id, playlist_id, song_id, date_added) VALUES (398, 29, 690, '2024-01-06');
INSERT INTO PLAYLIST_SONGS (playlistsong_id, playlist_id, song_id, date_added) VALUES (399, 95, 722, '2024-03-22');
INSERT INTO PLAYLIST_SONGS (playlistsong_id, playlist_id, song_id, date_added) VALUES (400, 499, 645, '2024-03-27');
INSERT INTO PLAYLIST_SONGS (playlistsong_id, playlist_id, song_id, date_added) VALUES (401, 431, 225, '2023-04-29');
INSERT INTO PLAYLIST_SONGS (playlistsong_id, playlist_id, song_id, date_added) VALUES (402, 485, 770, '2023-01-25');
INSERT INTO PLAYLIST_SONGS (playlistsong_id, playlist_id, song_id, date_added) VALUES (403, 47, 693, '2023-05-24');
INSERT INTO PLAYLIST_SONGS (playlistsong_id, playlist_id, song_id, date_added) VALUES (404, 324, 29, '2023-04-12');
INSERT INTO PLAYLIST_SONGS (playlistsong_id, playlist_id, song_id, date_added) VALUES (405, 54, 952, '2024-04-22');
INSERT INTO PLAYLIST_SONGS (playlistsong_id, playlist_id, song_id, date_added) VALUES (406, 163, 391, '2024-03-20');
INSERT INTO PLAYLIST_SONGS (playlistsong_id, playlist_id, song_id, date_added) VALUES (407, 136, 764, '2023-02-24');
INSERT INTO PLAYLIST_SONGS (playlistsong_id, playlist_id, song_id, date_added) VALUES (408, 443, 653, '2023-09-20');
INSERT INTO PLAYLIST_SONGS (playlistsong_id, playlist_id, song_id, date_added) VALUES (409, 33, 935, '2023-05-05');
INSERT INTO PLAYLIST_SONGS (playlistsong_id, playlist_id, song_id, date_added) VALUES (410, 10, 854, '2023-09-21');
INSERT INTO PLAYLIST_SONGS (playlistsong_id, playlist_id, song_id, date_added) VALUES (411, 408, 215, '2024-04-07');
INSERT INTO PLAYLIST_SONGS (playlistsong_id, playlist_id, song_id, date_added) VALUES (412, 380, 664, '2023-10-08');
INSERT INTO PLAYLIST_SONGS (playlistsong_id, playlist_id, song_id, date_added) VALUES (413, 167, 446, '2023-01-04');
INSERT INTO PLAYLIST_SONGS (playlistsong_id, playlist_id, song_id, date_added) VALUES (414, 49, 800, '2023-02-03');
INSERT INTO PLAYLIST_SONGS (playlistsong_id, playlist_id, song_id, date_added) VALUES (415, 173, 823, '2023-10-20');
INSERT INTO PLAYLIST_SONGS (playlistsong_id, playlist_id, song_id, date_added) VALUES (416, 212, 651, '2023-05-27');
INSERT INTO PLAYLIST_SONGS (playlistsong_id, playlist_id, song_id, date_added) VALUES (417, 143, 853, '2023-06-19');
INSERT INTO PLAYLIST_SONGS (playlistsong_id, playlist_id, song_id, date_added) VALUES (418, 132, 353, '2024-03-07');
INSERT INTO PLAYLIST_SONGS (playlistsong_id, playlist_id, song_id, date_added) VALUES (419, 249, 101, '2023-04-26');
INSERT INTO PLAYLIST_SONGS (playlistsong_id, playlist_id, song_id, date_added) VALUES (420, 132, 973, '2023-10-23');
INSERT INTO PLAYLIST_SONGS (playlistsong_id, playlist_id, song_id, date_added) VALUES (421, 347, 566, '2023-03-29');
INSERT INTO PLAYLIST_SONGS (playlistsong_id, playlist_id, song_id, date_added) VALUES (422, 102, 177, '2023-07-07');
INSERT INTO PLAYLIST_SONGS (playlistsong_id, playlist_id, song_id, date_added) VALUES (423, 166, 844, '2023-01-01');
INSERT INTO PLAYLIST_SONGS (playlistsong_id, playlist_id, song_id, date_added) VALUES (424, 222, 949, '2023-03-23');
INSERT INTO PLAYLIST_SONGS (playlistsong_id, playlist_id, song_id, date_added) VALUES (425, 493, 453, '2023-03-16');
INSERT INTO PLAYLIST_SONGS (playlistsong_id, playlist_id, song_id, date_added) VALUES (426, 438, 405, '2024-01-07');
INSERT INTO PLAYLIST_SONGS (playlistsong_id, playlist_id, song_id, date_added) VALUES (427, 47, 801, '2023-02-14');
INSERT INTO PLAYLIST_SONGS (playlistsong_id, playlist_id, song_id, date_added) VALUES (428, 22, 483, '2023-01-07');
INSERT INTO PLAYLIST_SONGS (playlistsong_id, playlist_id, song_id, date_added) VALUES (429, 361, 101, '2023-01-26');
INSERT INTO PLAYLIST_SONGS (playlistsong_id, playlist_id, song_id, date_added) VALUES (430, 147, 582, '2023-04-22');
INSERT INTO PLAYLIST_SONGS (playlistsong_id, playlist_id, song_id, date_added) VALUES (431, 12, 225, '2023-05-27');
INSERT INTO PLAYLIST_SONGS (playlistsong_id, playlist_id, song_id, date_added) VALUES (432, 72, 246, '2023-08-08');
INSERT INTO PLAYLIST_SONGS (playlistsong_id, playlist_id, song_id, date_added) VALUES (433, 346, 68, '2024-03-31');
INSERT INTO PLAYLIST_SONGS (playlistsong_id, playlist_id, song_id, date_added) VALUES (434, 281, 444, '2023-06-10');
INSERT INTO PLAYLIST_SONGS (playlistsong_id, playlist_id, song_id, date_added) VALUES (435, 229, 181, '2024-03-20');
INSERT INTO PLAYLIST_SONGS (playlistsong_id, playlist_id, song_id, date_added) VALUES (436, 379, 999, '2023-02-23');
INSERT INTO PLAYLIST_SONGS (playlistsong_id, playlist_id, song_id, date_added) VALUES (437, 370, 386, '2024-04-28');
INSERT INTO PLAYLIST_SONGS (playlistsong_id, playlist_id, song_id, date_added) VALUES (438, 219, 917, '2023-12-29');
INSERT INTO PLAYLIST_SONGS (playlistsong_id, playlist_id, song_id, date_added) VALUES (439, 280, 382, '2023-02-26');
INSERT INTO PLAYLIST_SONGS (playlistsong_id, playlist_id, song_id, date_added) VALUES (440, 226, 499, '2023-06-26');
INSERT INTO PLAYLIST_SONGS (playlistsong_id, playlist_id, song_id, date_added) VALUES (441, 392, 741, '2023-03-08');
INSERT INTO PLAYLIST_SONGS (playlistsong_id, playlist_id, song_id, date_added) VALUES (442, 166, 144, '2024-02-07');
INSERT INTO PLAYLIST_SONGS (playlistsong_id, playlist_id, song_id, date_added) VALUES (443, 161, 723, '2024-02-14');
INSERT INTO PLAYLIST_SONGS (playlistsong_id, playlist_id, song_id, date_added) VALUES (444, 100, 932, '2023-02-27');
INSERT INTO PLAYLIST_SONGS (playlistsong_id, playlist_id, song_id, date_added) VALUES (445, 158, 200, '2023-11-05');
INSERT INTO PLAYLIST_SONGS (playlistsong_id, playlist_id, song_id, date_added) VALUES (446, 175, 835, '2023-01-28');
INSERT INTO PLAYLIST_SONGS (playlistsong_id, playlist_id, song_id, date_added) VALUES (447, 404, 465, '2023-02-19');
INSERT INTO PLAYLIST_SONGS (playlistsong_id, playlist_id, song_id, date_added) VALUES (448, 49, 319, '2023-02-14');
INSERT INTO PLAYLIST_SONGS (playlistsong_id, playlist_id, song_id, date_added) VALUES (449, 91, 605, '2023-01-24');
INSERT INTO PLAYLIST_SONGS (playlistsong_id, playlist_id, song_id, date_added) VALUES (450, 280, 433, '2023-06-10');
INSERT INTO PLAYLIST_SONGS (playlistsong_id, playlist_id, song_id, date_added) VALUES (451, 82, 322, '2024-02-09');
INSERT INTO PLAYLIST_SONGS (playlistsong_id, playlist_id, song_id, date_added) VALUES (452, 75, 92, '2023-03-28');
INSERT INTO PLAYLIST_SONGS (playlistsong_id, playlist_id, song_id, date_added) VALUES (453, 205, 511, '2023-07-25');
INSERT INTO PLAYLIST_SONGS (playlistsong_id, playlist_id, song_id, date_added) VALUES (454, 215, 536, '2023-11-25');
INSERT INTO PLAYLIST_SONGS (playlistsong_id, playlist_id, song_id, date_added) VALUES (455, 102, 83, '2024-05-04');
INSERT INTO PLAYLIST_SONGS (playlistsong_id, playlist_id, song_id, date_added) VALUES (456, 359, 942, '2023-06-26');
INSERT INTO PLAYLIST_SONGS (playlistsong_id, playlist_id, song_id, date_added) VALUES (457, 110, 429, '2023-08-21');
INSERT INTO PLAYLIST_SONGS (playlistsong_id, playlist_id, song_id, date_added) VALUES (458, 460, 272, '2023-05-12');
INSERT INTO PLAYLIST_SONGS (playlistsong_id, playlist_id, song_id, date_added) VALUES (459, 409, 661, '2023-04-27');
INSERT INTO PLAYLIST_SONGS (playlistsong_id, playlist_id, song_id, date_added) VALUES (460, 430, 243, '2024-03-17');
INSERT INTO PLAYLIST_SONGS (playlistsong_id, playlist_id, song_id, date_added) VALUES (461, 184, 282, '2023-05-10');
INSERT INTO PLAYLIST_SONGS (playlistsong_id, playlist_id, song_id, date_added) VALUES (462, 243, 88, '2024-04-07');
INSERT INTO PLAYLIST_SONGS (playlistsong_id, playlist_id, song_id, date_added) VALUES (463, 39, 235, '2023-05-03');
INSERT INTO PLAYLIST_SONGS (playlistsong_id, playlist_id, song_id, date_added) VALUES (464, 430, 802, '2023-10-14');
INSERT INTO PLAYLIST_SONGS (playlistsong_id, playlist_id, song_id, date_added) VALUES (465, 466, 429, '2023-03-02');
INSERT INTO PLAYLIST_SONGS (playlistsong_id, playlist_id, song_id, date_added) VALUES (466, 326, 433, '2023-10-18');
INSERT INTO PLAYLIST_SONGS (playlistsong_id, playlist_id, song_id, date_added) VALUES (467, 78, 826, '2023-12-14');
INSERT INTO PLAYLIST_SONGS (playlistsong_id, playlist_id, song_id, date_added) VALUES (468, 341, 338, '2023-01-26');
INSERT INTO PLAYLIST_SONGS (playlistsong_id, playlist_id, song_id, date_added) VALUES (469, 140, 381, '2023-09-25');
INSERT INTO PLAYLIST_SONGS (playlistsong_id, playlist_id, song_id, date_added) VALUES (470, 406, 780, '2023-03-21');
INSERT INTO PLAYLIST_SONGS (playlistsong_id, playlist_id, song_id, date_added) VALUES (471, 146, 875, '2024-04-10');
INSERT INTO PLAYLIST_SONGS (playlistsong_id, playlist_id, song_id, date_added) VALUES (472, 473, 141, '2023-05-18');
INSERT INTO PLAYLIST_SONGS (playlistsong_id, playlist_id, song_id, date_added) VALUES (473, 336, 828, '2023-02-25');
INSERT INTO PLAYLIST_SONGS (playlistsong_id, playlist_id, song_id, date_added) VALUES (474, 5, 518, '2023-05-22');
INSERT INTO PLAYLIST_SONGS (playlistsong_id, playlist_id, song_id, date_added) VALUES (475, 88, 394, '2023-05-01');
INSERT INTO PLAYLIST_SONGS (playlistsong_id, playlist_id, song_id, date_added) VALUES (476, 395, 815, '2023-10-18');
INSERT INTO PLAYLIST_SONGS (playlistsong_id, playlist_id, song_id, date_added) VALUES (477, 27, 138, '2023-12-10');
INSERT INTO PLAYLIST_SONGS (playlistsong_id, playlist_id, song_id, date_added) VALUES (478, 178, 609, '2024-02-01');
INSERT INTO PLAYLIST_SONGS (playlistsong_id, playlist_id, song_id, date_added) VALUES (479, 473, 563, '2023-09-21');
INSERT INTO PLAYLIST_SONGS (playlistsong_id, playlist_id, song_id, date_added) VALUES (480, 381, 871, '2024-01-05');
INSERT INTO PLAYLIST_SONGS (playlistsong_id, playlist_id, song_id, date_added) VALUES (481, 383, 509, '2023-09-20');
INSERT INTO PLAYLIST_SONGS (playlistsong_id, playlist_id, song_id, date_added) VALUES (482, 379, 423, '2024-02-13');
INSERT INTO PLAYLIST_SONGS (playlistsong_id, playlist_id, song_id, date_added) VALUES (483, 438, 358, '2024-01-03');
INSERT INTO PLAYLIST_SONGS (playlistsong_id, playlist_id, song_id, date_added) VALUES (484, 148, 332, '2023-08-02');
INSERT INTO PLAYLIST_SONGS (playlistsong_id, playlist_id, song_id, date_added) VALUES (485, 236, 655, '2024-01-10');
INSERT INTO PLAYLIST_SONGS (playlistsong_id, playlist_id, song_id, date_added) VALUES (486, 29, 550, '2023-02-10');
INSERT INTO PLAYLIST_SONGS (playlistsong_id, playlist_id, song_id, date_added) VALUES (487, 174, 474, '2023-02-09');
INSERT INTO PLAYLIST_SONGS (playlistsong_id, playlist_id, song_id, date_added) VALUES (488, 491, 290, '2023-08-03');
INSERT INTO PLAYLIST_SONGS (playlistsong_id, playlist_id, song_id, date_added) VALUES (489, 305, 687, '2023-03-12');
INSERT INTO PLAYLIST_SONGS (playlistsong_id, playlist_id, song_id, date_added) VALUES (490, 178, 580, '2023-03-13');
INSERT INTO PLAYLIST_SONGS (playlistsong_id, playlist_id, song_id, date_added) VALUES (491, 149, 622, '2023-02-21');
INSERT INTO PLAYLIST_SONGS (playlistsong_id, playlist_id, song_id, date_added) VALUES (492, 12, 615, '2023-08-31');
INSERT INTO PLAYLIST_SONGS (playlistsong_id, playlist_id, song_id, date_added) VALUES (493, 353, 932, '2024-02-18');
INSERT INTO PLAYLIST_SONGS (playlistsong_id, playlist_id, song_id, date_added) VALUES (494, 134, 898, '2023-05-21');
INSERT INTO PLAYLIST_SONGS (playlistsong_id, playlist_id, song_id, date_added) VALUES (495, 34, 410, '2023-04-29');
INSERT INTO PLAYLIST_SONGS (playlistsong_id, playlist_id, song_id, date_added) VALUES (496, 456, 552, '2023-08-25');
INSERT INTO PLAYLIST_SONGS (playlistsong_id, playlist_id, song_id, date_added) VALUES (497, 86, 236, '2023-01-28');
INSERT INTO PLAYLIST_SONGS (playlistsong_id, playlist_id, song_id, date_added) VALUES (498, 399, 759, '2023-03-23');
INSERT INTO PLAYLIST_SONGS (playlistsong_id, playlist_id, song_id, date_added) VALUES (499, 319, 763, '2023-04-12');
INSERT INTO PLAYLIST_SONGS (playlistsong_id, playlist_id, song_id, date_added) VALUES (500, 186, 510, '2023-04-11');

-- PLAY_HISTORY Data --
INSERT INTO PLAY_HISTORY (play_id, user_id, song_id, playtime) VALUES (1, 37, 90, '2024-04-28 12:56:22');
INSERT INTO PLAY_HISTORY (play_id, user_id, song_id, playtime) VALUES (2, 25, 242, '2024-03-19 08:25:34');
INSERT INTO PLAY_HISTORY (play_id, user_id, song_id, playtime) VALUES (3, 44, 803, '2024-04-09 15:44:34');
INSERT INTO PLAY_HISTORY (play_id, user_id, song_id, playtime) VALUES (4, 96, 260, '2024-01-24 15:56:34');
INSERT INTO PLAY_HISTORY (play_id, user_id, song_id, playtime) VALUES (5, 3, 532, '2024-03-13 01:22:11');
INSERT INTO PLAY_HISTORY (play_id, user_id, song_id, playtime) VALUES (6, 68, 222, '2024-01-30 06:31:38');
INSERT INTO PLAY_HISTORY (play_id, user_id, song_id, playtime) VALUES (7, 22, 286, '2024-05-18 13:50:37');
INSERT INTO PLAY_HISTORY (play_id, user_id, song_id, playtime) VALUES (8, 77, 86, '2024-02-03 08:36:29');
INSERT INTO PLAY_HISTORY (play_id, user_id, song_id, playtime) VALUES (9, 44, 678, '2024-01-14 00:17:41');
INSERT INTO PLAY_HISTORY (play_id, user_id, song_id, playtime) VALUES (10, 90, 902, '2024-04-04 08:49:04');
INSERT INTO PLAY_HISTORY (play_id, user_id, song_id, playtime) VALUES (11, 72, 91, '2024-01-11 02:35:29');
INSERT INTO PLAY_HISTORY (play_id, user_id, song_id, playtime) VALUES (12, 8, 449, '2024-02-11 22:10:53');
INSERT INTO PLAY_HISTORY (play_id, user_id, song_id, playtime) VALUES (13, 5, 701, '2024-04-12 14:55:32');
INSERT INTO PLAY_HISTORY (play_id, user_id, song_id, playtime) VALUES (14, 74, 528, '2024-04-25 08:45:30');
INSERT INTO PLAY_HISTORY (play_id, user_id, song_id, playtime) VALUES (15, 67, 405, '2024-03-12 04:41:08');
INSERT INTO PLAY_HISTORY (play_id, user_id, song_id, playtime) VALUES (16, 7, 823, '2024-05-08 13:14:04');
INSERT INTO PLAY_HISTORY (play_id, user_id, song_id, playtime) VALUES (17, 80, 979, '2024-01-29 15:37:10');
INSERT INTO PLAY_HISTORY (play_id, user_id, song_id, playtime) VALUES (18, 33, 909, '2024-04-12 16:26:07');
INSERT INTO PLAY_HISTORY (play_id, user_id, song_id, playtime) VALUES (19, 72, 517, '2024-04-10 20:37:37');
INSERT INTO PLAY_HISTORY (play_id, user_id, song_id, playtime) VALUES (20, 56, 900, '2024-02-27 18:17:15');
INSERT INTO PLAY_HISTORY (play_id, user_id, song_id, playtime) VALUES (21, 46, 878, '2024-03-14 14:00:13');
INSERT INTO PLAY_HISTORY (play_id, user_id, song_id, playtime) VALUES (22, 42, 84, '2024-03-15 10:39:26');
INSERT INTO PLAY_HISTORY (play_id, user_id, song_id, playtime) VALUES (23, 3, 880, '2024-03-15 14:44:06');
INSERT INTO PLAY_HISTORY (play_id, user_id, song_id, playtime) VALUES (24, 51, 504, '2024-03-17 15:59:25');
INSERT INTO PLAY_HISTORY (play_id, user_id, song_id, playtime) VALUES (25, 100, 126, '2024-03-04 06:03:36');
INSERT INTO PLAY_HISTORY (play_id, user_id, song_id, playtime) VALUES (26, 69, 15, '2024-03-24 08:10:43');
INSERT INTO PLAY_HISTORY (play_id, user_id, song_id, playtime) VALUES (27, 62, 623, '2024-02-17 22:05:38');
INSERT INTO PLAY_HISTORY (play_id, user_id, song_id, playtime) VALUES (28, 58, 130, '2024-04-18 21:41:01');
INSERT INTO PLAY_HISTORY (play_id, user_id, song_id, playtime) VALUES (29, 10, 578, '2024-05-12 00:50:38');
INSERT INTO PLAY_HISTORY (play_id, user_id, song_id, playtime) VALUES (30, 38, 851, '2024-05-06 22:52:07');
INSERT INTO PLAY_HISTORY (play_id, user_id, song_id, playtime) VALUES (31, 72, 208, '2024-04-04 12:09:46');
INSERT INTO PLAY_HISTORY (play_id, user_id, song_id, playtime) VALUES (32, 72, 634, '2024-01-09 11:38:51');
INSERT INTO PLAY_HISTORY (play_id, user_id, song_id, playtime) VALUES (33, 86, 645, '2024-02-11 15:56:55');
INSERT INTO PLAY_HISTORY (play_id, user_id, song_id, playtime) VALUES (34, 25, 651, '2024-04-19 09:40:48');
INSERT INTO PLAY_HISTORY (play_id, user_id, song_id, playtime) VALUES (35, 54, 778, '2024-01-05 05:33:18');
INSERT INTO PLAY_HISTORY (play_id, user_id, song_id, playtime) VALUES (36, 32, 800, '2024-04-08 11:29:46');
INSERT INTO PLAY_HISTORY (play_id, user_id, song_id, playtime) VALUES (37, 28, 118, '2024-01-04 18:56:41');
INSERT INTO PLAY_HISTORY (play_id, user_id, song_id, playtime) VALUES (38, 78, 168, '2024-01-10 08:19:41');
INSERT INTO PLAY_HISTORY (play_id, user_id, song_id, playtime) VALUES (39, 73, 249, '2024-03-20 09:10:46');
INSERT INTO PLAY_HISTORY (play_id, user_id, song_id, playtime) VALUES (40, 77, 141, '2024-03-30 10:10:59');
INSERT INTO PLAY_HISTORY (play_id, user_id, song_id, playtime) VALUES (41, 10, 639, '2024-05-06 22:46:16');
INSERT INTO PLAY_HISTORY (play_id, user_id, song_id, playtime) VALUES (42, 61, 988, '2024-01-25 14:24:09');
INSERT INTO PLAY_HISTORY (play_id, user_id, song_id, playtime) VALUES (43, 89, 34, '2024-02-05 01:18:52');
INSERT INTO PLAY_HISTORY (play_id, user_id, song_id, playtime) VALUES (44, 21, 169, '2024-02-10 02:04:57');
INSERT INTO PLAY_HISTORY (play_id, user_id, song_id, playtime) VALUES (45, 34, 907, '2024-03-30 22:30:51');
INSERT INTO PLAY_HISTORY (play_id, user_id, song_id, playtime) VALUES (46, 74, 195, '2024-01-02 03:37:23');
INSERT INTO PLAY_HISTORY (play_id, user_id, song_id, playtime) VALUES (47, 10, 513, '2024-03-06 12:51:53');
INSERT INTO PLAY_HISTORY (play_id, user_id, song_id, playtime) VALUES (48, 76, 495, '2024-04-27 00:52:48');
INSERT INTO PLAY_HISTORY (play_id, user_id, song_id, playtime) VALUES (49, 6, 38, '2024-05-11 03:11:56');
INSERT INTO PLAY_HISTORY (play_id, user_id, song_id, playtime) VALUES (50, 63, 13, '2024-04-29 02:45:04');
INSERT INTO PLAY_HISTORY (play_id, user_id, song_id, playtime) VALUES (51, 39, 145, '2024-01-04 04:16:31');
INSERT INTO PLAY_HISTORY (play_id, user_id, song_id, playtime) VALUES (52, 61, 46, '2024-02-02 12:41:45');
INSERT INTO PLAY_HISTORY (play_id, user_id, song_id, playtime) VALUES (53, 93, 42, '2024-02-22 04:26:22');
INSERT INTO PLAY_HISTORY (play_id, user_id, song_id, playtime) VALUES (54, 46, 962, '2024-02-09 21:18:24');
INSERT INTO PLAY_HISTORY (play_id, user_id, song_id, playtime) VALUES (55, 57, 486, '2024-01-28 16:37:10');
INSERT INTO PLAY_HISTORY (play_id, user_id, song_id, playtime) VALUES (56, 51, 98, '2024-02-12 14:33:45');
INSERT INTO PLAY_HISTORY (play_id, user_id, song_id, playtime) VALUES (57, 44, 602, '2024-03-01 07:00:53');
INSERT INTO PLAY_HISTORY (play_id, user_id, song_id, playtime) VALUES (58, 51, 222, '2024-03-02 07:34:12');
INSERT INTO PLAY_HISTORY (play_id, user_id, song_id, playtime) VALUES (59, 24, 985, '2024-04-27 02:29:42');
INSERT INTO PLAY_HISTORY (play_id, user_id, song_id, playtime) VALUES (60, 2, 724, '2024-01-13 08:32:11');
INSERT INTO PLAY_HISTORY (play_id, user_id, song_id, playtime) VALUES (61, 51, 706, '2024-04-18 21:13:22');
INSERT INTO PLAY_HISTORY (play_id, user_id, song_id, playtime) VALUES (62, 9, 90, '2024-01-03 16:18:34');
INSERT INTO PLAY_HISTORY (play_id, user_id, song_id, playtime) VALUES (63, 50, 862, '2024-04-13 01:18:16');
INSERT INTO PLAY_HISTORY (play_id, user_id, song_id, playtime) VALUES (64, 32, 888, '2024-05-03 09:30:48');
INSERT INTO PLAY_HISTORY (play_id, user_id, song_id, playtime) VALUES (65, 79, 335, '2024-03-18 19:40:59');
INSERT INTO PLAY_HISTORY (play_id, user_id, song_id, playtime) VALUES (66, 25, 291, '2024-01-22 22:24:28');
INSERT INTO PLAY_HISTORY (play_id, user_id, song_id, playtime) VALUES (67, 86, 141, '2024-03-10 15:12:22');
INSERT INTO PLAY_HISTORY (play_id, user_id, song_id, playtime) VALUES (68, 61, 701, '2024-02-02 13:43:40');
INSERT INTO PLAY_HISTORY (play_id, user_id, song_id, playtime) VALUES (69, 46, 605, '2024-02-20 12:11:09');
INSERT INTO PLAY_HISTORY (play_id, user_id, song_id, playtime) VALUES (70, 50, 826, '2024-01-16 04:00:53');
INSERT INTO PLAY_HISTORY (play_id, user_id, song_id, playtime) VALUES (71, 74, 503, '2024-05-09 16:26:29');
INSERT INTO PLAY_HISTORY (play_id, user_id, song_id, playtime) VALUES (72, 64, 761, '2024-03-03 13:19:57');
INSERT INTO PLAY_HISTORY (play_id, user_id, song_id, playtime) VALUES (73, 76, 788, '2024-03-04 00:41:10');
INSERT INTO PLAY_HISTORY (play_id, user_id, song_id, playtime) VALUES (74, 55, 826, '2024-03-20 21:18:08');
INSERT INTO PLAY_HISTORY (play_id, user_id, song_id, playtime) VALUES (75, 29, 525, '2024-02-26 20:48:10');
INSERT INTO PLAY_HISTORY (play_id, user_id, song_id, playtime) VALUES (76, 38, 111, '2024-02-28 20:54:04');
INSERT INTO PLAY_HISTORY (play_id, user_id, song_id, playtime) VALUES (77, 53, 978, '2024-02-01 23:51:37');
INSERT INTO PLAY_HISTORY (play_id, user_id, song_id, playtime) VALUES (78, 66, 938, '2024-03-03 16:19:29');
INSERT INTO PLAY_HISTORY (play_id, user_id, song_id, playtime) VALUES (79, 25, 657, '2024-03-23 05:47:45');
INSERT INTO PLAY_HISTORY (play_id, user_id, song_id, playtime) VALUES (80, 9, 99, '2024-03-22 04:49:54');
INSERT INTO PLAY_HISTORY (play_id, user_id, song_id, playtime) VALUES (81, 61, 591, '2024-04-03 18:17:37');
INSERT INTO PLAY_HISTORY (play_id, user_id, song_id, playtime) VALUES (82, 5, 609, '2024-02-06 09:24:18');
INSERT INTO PLAY_HISTORY (play_id, user_id, song_id, playtime) VALUES (83, 94, 797, '2024-04-24 00:55:38');
INSERT INTO PLAY_HISTORY (play_id, user_id, song_id, playtime) VALUES (84, 45, 246, '2024-03-12 18:43:36');
INSERT INTO PLAY_HISTORY (play_id, user_id, song_id, playtime) VALUES (85, 54, 504, '2024-02-14 16:26:12');
INSERT INTO PLAY_HISTORY (play_id, user_id, song_id, playtime) VALUES (86, 12, 672, '2024-04-30 13:21:21');
INSERT INTO PLAY_HISTORY (play_id, user_id, song_id, playtime) VALUES (87, 32, 382, '2024-05-07 13:48:30');
INSERT INTO PLAY_HISTORY (play_id, user_id, song_id, playtime) VALUES (88, 29, 345, '2024-05-18 16:40:08');
INSERT INTO PLAY_HISTORY (play_id, user_id, song_id, playtime) VALUES (89, 75, 588, '2024-04-16 12:17:17');
INSERT INTO PLAY_HISTORY (play_id, user_id, song_id, playtime) VALUES (90, 30, 799, '2024-05-15 04:30:16');
INSERT INTO PLAY_HISTORY (play_id, user_id, song_id, playtime) VALUES (91, 27, 747, '2024-03-02 08:21:05');
INSERT INTO PLAY_HISTORY (play_id, user_id, song_id, playtime) VALUES (92, 94, 430, '2024-03-15 02:32:41');
INSERT INTO PLAY_HISTORY (play_id, user_id, song_id, playtime) VALUES (93, 81, 231, '2024-03-28 19:57:45');
INSERT INTO PLAY_HISTORY (play_id, user_id, song_id, playtime) VALUES (94, 96, 986, '2024-02-15 08:41:38');
INSERT INTO PLAY_HISTORY (play_id, user_id, song_id, playtime) VALUES (95, 45, 389, '2024-05-12 06:59:46');
INSERT INTO PLAY_HISTORY (play_id, user_id, song_id, playtime) VALUES (96, 100, 802, '2024-01-03 14:30:52');
INSERT INTO PLAY_HISTORY (play_id, user_id, song_id, playtime) VALUES (97, 80, 223, '2024-03-09 03:51:59');
INSERT INTO PLAY_HISTORY (play_id, user_id, song_id, playtime) VALUES (98, 82, 536, '2024-04-22 18:57:07');
INSERT INTO PLAY_HISTORY (play_id, user_id, song_id, playtime) VALUES (99, 90, 229, '2024-02-25 18:53:03');
INSERT INTO PLAY_HISTORY (play_id, user_id, song_id, playtime) VALUES (100, 61, 17, '2024-04-13 11:01:58');

SET FOREIGN_KEY_CHECKS = 1;
