-- SQL INSERT statements for Music Player Database
-- Generated by generate_data.php
-- Student Name: [Your Name]
-- Student ID: [Your Student ID]

SET FOREIGN_KEY_CHECKS = 0;
TRUNCATE TABLE PLAY_HISTORY;
TRUNCATE TABLE PLAYLIST_SONGS;
TRUNCATE TABLE PLAYLISTS;
TRUNCATE TABLE SONGS;
TRUNCATE TABLE ALBUMS;
TRUNCATE TABLE ARTISTS;
TRUNCATE TABLE USERS;
TRUNCATE TABLE COUNTRY;
SET FOREIGN_KEY_CHECKS = 1;


-- COUNTRY Data --
INSERT INTO COUNTRY (country_id, country_name, country_code) VALUES (1, 'Türkiye', 'TR');
INSERT INTO COUNTRY (country_id, country_name, country_code) VALUES (2, 'USA', 'US');
INSERT INTO COUNTRY (country_id, country_name, country_code) VALUES (3, 'UK', 'GB');
INSERT INTO COUNTRY (country_id, country_name, country_code) VALUES (4, 'Canada', 'CA');
INSERT INTO COUNTRY (country_id, country_name, country_code) VALUES (5, 'Germany', 'DE');
INSERT INTO COUNTRY (country_id, country_name, country_code) VALUES (6, 'France', 'FR');
INSERT INTO COUNTRY (country_id, country_name, country_code) VALUES (7, 'Japan', 'JP');
INSERT INTO COUNTRY (country_id, country_name, country_code) VALUES (8, 'South Korea', 'KR');
INSERT INTO COUNTRY (country_id, country_name, country_code) VALUES (9, 'Australia', 'AU');
INSERT INTO COUNTRY (country_id, country_name, country_code) VALUES (10, 'Brazil', 'BR');
INSERT INTO COUNTRY (country_id, country_name, country_code) VALUES (11, 'India', 'IN');
INSERT INTO COUNTRY (country_id, country_name, country_code) VALUES (12, 'Spain', 'ES');
INSERT INTO COUNTRY (country_id, country_name, country_code) VALUES (13, 'Italy', 'IT');
INSERT INTO COUNTRY (country_id, country_name, country_code) VALUES (14, 'Mexico', 'MX');
INSERT INTO COUNTRY (country_id, country_name, country_code) VALUES (15, 'Sweden', 'SE');
INSERT INTO COUNTRY (country_id, country_name, country_code) VALUES (16, 'Norway', 'NO');
INSERT INTO COUNTRY (country_id, country_name, country_code) VALUES (17, 'Argentina', 'AR');
INSERT INTO COUNTRY (country_id, country_name, country_code) VALUES (18, 'Egypt', 'EG');
INSERT INTO COUNTRY (country_id, country_name, country_code) VALUES (19, 'China', 'CN');
INSERT INTO COUNTRY (country_id, country_name, country_code) VALUES (20, 'Russia', 'RU');

-- USERS Data --
INSERT INTO USERS (user_id, country_id, age, name, username, email, password, date_joined, last_login, follower_num, subscription_type, top_genre, num_songs_liked, most_played_artist, image) VALUES (1, 7, 39, 'Yeliz Ceren', 'yeliz', 'elizeren1@example.com', '$2y$10$7Q74J./i38k.2RRHEbDVjuw8hZHsTyutdcah31n826NAgTW1iL7cq', '2012-12-11', '2024-02-03', 652, 'Free', 'Jazz', 435, 'Eda Doruk', 'https://picsum.photos/id/11/100/100');
INSERT INTO USERS (user_id, country_id, age, name, username, email, password, date_joined, last_login, follower_num, subscription_type, top_genre, num_songs_liked, most_played_artist, image) VALUES (2, 6, 69, 'Senem Lale', 'senem', 'enemale2@example.com', '$2y$10$x0734L044kHdoC/dzwpRIuKa8CzZx.7Zs7Bgy0b5x5HWUOji3dD7m', '2011-09-01', '2013-09-25', 707, 'Free', 'Hip Hop', 428, 'Senem Deniz', 'https://picsum.photos/id/92/100/100');
INSERT INTO USERS (user_id, country_id, age, name, username, email, password, date_joined, last_login, follower_num, subscription_type, top_genre, num_songs_liked, most_played_artist, image) VALUES (3, 14, 55, 'Kerem Tugçe', 'kerem', 'eremuge3@example.com', '$2y$10$te3ho/3Y/4yfxQ1H13W0I.LSb5vRorFZ1toVpIUv/By1YakVXKVVC', '2019-02-23', '2019-10-06', 455, 'Premium', 'Reggae', 285, 'Pelin Koray', 'https://picsum.photos/id/25/100/100');
INSERT INTO USERS (user_id, country_id, age, name, username, email, password, date_joined, last_login, follower_num, subscription_type, top_genre, num_songs_liked, most_played_artist, image) VALUES (4, 19, 21, 'Utku Bahar', 'utku', 'tkuahar4@example.com', '$2y$10$iEhh2bH1MXIXk718twA8quYFSEIx9Nk5vfAGIbmBmASEOtgv1AmUW', '2017-11-01', '2018-02-25', 101, 'Premium', 'Classical', 191, 'Sefa Can', 'https://picsum.photos/id/48/100/100');
INSERT INTO USERS (user_id, country_id, age, name, username, email, password, date_joined, last_login, follower_num, subscription_type, top_genre, num_songs_liked, most_played_artist, image) VALUES (5, 14, 27, 'Can Sefa', 'can', 'anefa5@example.com', '$2y$10$t2we/2/k1ngYukEsPLq9ru4ZI6YV8..ZNwLbPdxMhL.glZtvaViwq', '2010-09-24', '2013-10-14', 138, 'Free', 'Rock', 173, 'Kaan Ceren', 'https://picsum.photos/id/83/100/100');
INSERT INTO USERS (user_id, country_id, age, name, username, email, password, date_joined, last_login, follower_num, subscription_type, top_genre, num_songs_liked, most_played_artist, image) VALUES (6, 16, 54, 'Pinar Deniz', 'pinar', 'inareniz6@example.com', '$2y$10$whmaWjpGMVhVLZnOPBRSkORJw6ihto9zvbw6XCaQQivmzNKWGUa4m', '2019-02-04', '2024-05-14', 551, 'Free', 'Blues', 327, 'Burak Murat', 'https://picsum.photos/id/79/100/100');
INSERT INTO USERS (user_id, country_id, age, name, username, email, password, date_joined, last_login, follower_num, subscription_type, top_genre, num_songs_liked, most_played_artist, image) VALUES (7, 10, 42, 'Yasin Can', 'yasin', 'asinan7@example.com', '$2y$10$5HWfDITrndeGp9QpY1hcKevYyZ89TjLG3feZk7jINn2CVdroChgwC', '2018-06-21', '2023-04-05', 700, 'Premium', 'Electronic', 303, 'Rüya Emre', 'https://picsum.photos/id/30/100/100');
INSERT INTO USERS (user_id, country_id, age, name, username, email, password, date_joined, last_login, follower_num, subscription_type, top_genre, num_songs_liked, most_played_artist, image) VALUES (8, 12, 38, 'Serkan Utku', 'serkan', 'erkantku8@example.com', '$2y$10$jJo7BElNDzQ0L.cSC3/2SeHpWnjuLtG209BL05W4OWXRROhL3T2AO', '2022-04-25', '2024-01-28', 740, 'Premium', 'Alternative', 75, 'Ömer Murat', 'https://picsum.photos/id/16/100/100');
INSERT INTO USERS (user_id, country_id, age, name, username, email, password, date_joined, last_login, follower_num, subscription_type, top_genre, num_songs_liked, most_played_artist, image) VALUES (9, 16, 43, 'Nisa Deniz', 'nisa', 'isaeniz9@example.com', '$2y$10$0K0EnG.oM4CNvAtrvKDxbOU2Lr8q01ru/37PI.cxgJN7gF87vLfrq', '2015-06-03', '2022-04-22', 507, 'Free', 'Metal', 491, 'Zeki Senem', 'https://picsum.photos/id/15/100/100');
INSERT INTO USERS (user_id, country_id, age, name, username, email, password, date_joined, last_login, follower_num, subscription_type, top_genre, num_songs_liked, most_played_artist, image) VALUES (10, 2, 33, 'Ceren Pelin', 'ceren', 'erenelin10@example.com', '$2y$10$NrZn3cSUeCDG3n27C3I6E.H6jRVA/2/ohVuG1e3lBgyJcJVkyXQTa', '2018-07-12', '2019-02-15', 666, 'Premium', 'Pop', 215, 'Zeki Pelin', 'https://picsum.photos/id/5/100/100');
INSERT INTO USERS (user_id, country_id, age, name, username, email, password, date_joined, last_login, follower_num, subscription_type, top_genre, num_songs_liked, most_played_artist, image) VALUES (11, 14, 39, 'Volkan Senem', 'volkan', 'olkanenem11@example.com', '$2y$10$4P4zj7ockuNg/1wLLlfZPuGCSitli2a3BM6NWQYlXeezXrqVV3oBi', '2021-10-15', '2024-05-14', 714, 'Free', 'Electronic', 301, 'Senem Nisa', 'https://picsum.photos/id/58/100/100');
INSERT INTO USERS (user_id, country_id, age, name, username, email, password, date_joined, last_login, follower_num, subscription_type, top_genre, num_songs_liked, most_played_artist, image) VALUES (12, 20, 25, 'Doruk Senem', 'doruk', 'orukenem12@example.com', '$2y$10$nCf7KsehngzoD7TAbR1UWOscuOZBx9zm/zV.6LH10iMOvjOFhuoiq', '2018-01-29', '2020-11-02', 784, 'Premium', 'Alternative', 96, 'Burak Murat', 'https://picsum.photos/id/74/100/100');
INSERT INTO USERS (user_id, country_id, age, name, username, email, password, date_joined, last_login, follower_num, subscription_type, top_genre, num_songs_liked, most_played_artist, image) VALUES (13, 17, 20, 'Ceren Senem', 'ceren1', 'erenenem13@example.com', '$2y$10$NMex6Mbz/x8olMORkAvIReQfIWpuaO4m5ywc3eMkt3q522rfUvuAy', '2015-01-15', '2022-02-08', 491, 'Premium', 'Metal', 366, 'Zeki Pelin', 'https://picsum.photos/id/41/100/100');
INSERT INTO USERS (user_id, country_id, age, name, username, email, password, date_joined, last_login, follower_num, subscription_type, top_genre, num_songs_liked, most_played_artist, image) VALUES (14, 10, 59, 'Pelin Tugçe', 'pelin', 'elinuge14@example.com', '$2y$10$kO6rvqIrXn8FJimD9RvSQuvNq2t4PxU4ZEQbmwvYbei0oJdTcaUda', '2020-06-09', '2020-07-18', 348, 'Premium', 'Dance', 453, 'Kaan Irem', 'https://picsum.photos/id/66/100/100');
INSERT INTO USERS (user_id, country_id, age, name, username, email, password, date_joined, last_login, follower_num, subscription_type, top_genre, num_songs_liked, most_played_artist, image) VALUES (15, 18, 37, 'Zeki Burak', 'zeki', 'ekiurak15@example.com', '$2y$10$84lBJyNbgrcKpq0e/tKVwuFajJTYysQ6jZ2Jh2E8XZ09r/IT4AU4C', '2018-07-05', '2020-05-27', 902, 'Free', 'Jazz', 144, 'Vildan Yağmur', 'https://picsum.photos/id/67/100/100');
INSERT INTO USERS (user_id, country_id, age, name, username, email, password, date_joined, last_login, follower_num, subscription_type, top_genre, num_songs_liked, most_played_artist, image) VALUES (16, 7, 65, 'Merve Sefa', 'merve', 'erveefa16@example.com', '$2y$10$XjOIL87pjoZVjH78Fr7wMOtn7RUsEjRX0k3lDNMGJdQsp17aJR/8S', '2014-12-18', '2022-03-14', 992, 'Free', 'Country', 452, 'Okan Koray', 'https://picsum.photos/id/25/100/100');
INSERT INTO USERS (user_id, country_id, age, name, username, email, password, date_joined, last_login, follower_num, subscription_type, top_genre, num_songs_liked, most_played_artist, image) VALUES (17, 19, 50, 'Doruk Bahar', 'doruk1', 'orukahar17@example.com', '$2y$10$gFFJV7AyiLFO6MOFuWc90eJPs1TwZmQfDjjlop4kuJ/0TNYJD.05G', '2011-10-30', '2018-02-24', 541, 'Premium', 'Blues', 104, 'Utku Okan', 'https://picsum.photos/id/31/100/100');
INSERT INTO USERS (user_id, country_id, age, name, username, email, password, date_joined, last_login, follower_num, subscription_type, top_genre, num_songs_liked, most_played_artist, image) VALUES (18, 15, 29, 'Emre Yeliz', 'emre', 'mreeliz18@example.com', '$2y$10$ie8chOUXoI4Gk9V3T9aX5./j.Bjw3uwSOnLgltLC1kVPILXbaLWtO', '2013-10-23', '2015-02-17', 588, 'Free', 'Reggae', 74, 'Zeki Senem', 'https://picsum.photos/id/79/100/100');
INSERT INTO USERS (user_id, country_id, age, name, username, email, password, date_joined, last_login, follower_num, subscription_type, top_genre, num_songs_liked, most_played_artist, image) VALUES (19, 19, 40, 'Elif Okan', 'elif', 'lifkan19@example.com', '$2y$10$tTEc/C5NS8IIZhP/MMGvzeqgeV3BMGazgQ0b2zklktmCgfYzf0B5m', '2019-02-15', '2022-02-04', 191, 'Free', 'Folk', 42, 'Ömer Bahar', 'https://picsum.photos/id/15/100/100');
INSERT INTO USERS (user_id, country_id, age, name, username, email, password, date_joined, last_login, follower_num, subscription_type, top_genre, num_songs_liked, most_played_artist, image) VALUES (20, 9, 57, 'Elif Bahar', 'elif1', 'lifahar20@example.com', '$2y$10$b4HILcHEDUs/9MOqndKGKuM5n3YUJ/z7D/BhEqbqx22cfXd4sce6m', '2013-03-26', '2019-09-15', 302, 'Free', 'Electronic', 387, 'Irem Zeki', 'https://picsum.photos/id/6/100/100');
INSERT INTO USERS (user_id, country_id, age, name, username, email, password, date_joined, last_login, follower_num, subscription_type, top_genre, num_songs_liked, most_played_artist, image) VALUES (21, 11, 59, 'Mert Rüya', 'mert', 'ertya21@example.com', '$2y$10$VKyqEfL4KAZqE2JdRAxXHeE75TJW28XKO8XQMu1tjZ82/ofh7x4be', '2015-04-24', '2022-02-04', 729, 'Premium', 'Indie', 445, 'Okan Irem', 'https://picsum.photos/id/26/100/100');
INSERT INTO USERS (user_id, country_id, age, name, username, email, password, date_joined, last_login, follower_num, subscription_type, top_genre, num_songs_liked, most_played_artist, image) VALUES (22, 3, 21, 'Yasin Kerem', 'yasin1', 'asinerem22@example.com', '$2y$10$3yc.Vk6mEpLjIKCV6USckOVPDoJesX64iIVCDQUqhaRKbR2UkOIKC', '2022-04-15', '2022-12-06', 244, 'Free', 'Classical', 97, 'Pinar Yağmur', 'https://picsum.photos/id/30/100/100');
INSERT INTO USERS (user_id, country_id, age, name, username, email, password, date_joined, last_login, follower_num, subscription_type, top_genre, num_songs_liked, most_played_artist, image) VALUES (23, 4, 40, 'Umut Deniz', 'umut', 'muteniz23@example.com', '$2y$10$c.0xeofzMz3rHQw9vZEMxeKwJJ0Et9ctBK.Bcy4ov8mjsKTlrGkIi', '2022-07-10', '2022-09-29', 671, 'Premium', 'Rock', 337, 'Ömer Rüya', 'https://picsum.photos/id/30/100/100');
INSERT INTO USERS (user_id, country_id, age, name, username, email, password, date_joined, last_login, follower_num, subscription_type, top_genre, num_songs_liked, most_played_artist, image) VALUES (24, 9, 40, 'Tugçe Lale', 'tugçe', 'ugeale24@example.com', '$2y$10$UWCaElxnwaYd1GsIaDHbf.YaSpm.EmNqYBUAHoTVmQt2zKhbKECka', '2018-12-21', '2021-08-15', 468, 'Free', 'Folk', 4, 'Senem Deniz', 'https://picsum.photos/id/34/100/100');
INSERT INTO USERS (user_id, country_id, age, name, username, email, password, date_joined, last_login, follower_num, subscription_type, top_genre, num_songs_liked, most_played_artist, image) VALUES (25, 1, 61, 'Deniz Deniz', 'deniz', 'enizeniz25@example.com', '$2y$10$4Xx0CJJ..2q1meZsnBh/Tukdn0wobtgu341UnTxcKqrcx8bBqLt7u', '2021-09-18', '2022-07-13', 902, 'Free', 'Indie', 357, 'Volkan Ceren', 'https://picsum.photos/id/28/100/100');
INSERT INTO USERS (user_id, country_id, age, name, username, email, password, date_joined, last_login, follower_num, subscription_type, top_genre, num_songs_liked, most_played_artist, image) VALUES (26, 9, 22, 'Tugçe Tuba', 'tugçe1', 'ugeuba26@example.com', '$2y$10$16AedkPBEkRcJ71XTQD.HebCeN.IpRN4VmvChm65ND303MRCE5vKO', '2021-09-25', '2022-08-26', 589, 'Free', 'Folk', 470, 'Murat Sefa', 'https://picsum.photos/id/83/100/100');
INSERT INTO USERS (user_id, country_id, age, name, username, email, password, date_joined, last_login, follower_num, subscription_type, top_genre, num_songs_liked, most_played_artist, image) VALUES (27, 1, 32, 'Lale Serkan', 'lale', 'aleerkan27@example.com', '$2y$10$HnYjU1k94ckmtnsWPEEnM.GSTkUEuJGNVNyO1kV0NKIDLRgAN/1ge', '2010-04-07', '2019-01-28', 291, 'Free', 'Reggae', 125, 'Kerem Senem', 'https://picsum.photos/id/20/100/100');
INSERT INTO USERS (user_id, country_id, age, name, username, email, password, date_joined, last_login, follower_num, subscription_type, top_genre, num_songs_liked, most_played_artist, image) VALUES (28, 16, 29, 'Kaan Volkan', 'kaan', 'aanolkan28@example.com', '$2y$10$BzefvrJxQ0NoiYfWfxyEmORNR472ejcCOob/Vm6oBrReJkOYbinlO', '2018-01-20', '2018-04-29', 530, 'Free', 'Reggae', 72, 'Volkan Umut', 'https://picsum.photos/id/70/100/100');
INSERT INTO USERS (user_id, country_id, age, name, username, email, password, date_joined, last_login, follower_num, subscription_type, top_genre, num_songs_liked, most_played_artist, image) VALUES (29, 5, 39, 'Eda Tugçe', 'eda', 'dauge29@example.com', '$2y$10$ksa0qvbKNrj7UEh1mAgnou21z0hQXpYIx.z/x0TTAlW3XieHUiQK.', '2021-04-13', '2023-04-16', 506, 'Free', 'Classical', 53, 'Zeynep Tugçe', 'https://picsum.photos/id/4/100/100');
INSERT INTO USERS (user_id, country_id, age, name, username, email, password, date_joined, last_login, follower_num, subscription_type, top_genre, num_songs_liked, most_played_artist, image) VALUES (30, 1, 40, 'Pelin Kerem', 'pelin1', 'elinerem30@example.com', '$2y$10$vnELaOOxLwiFTNC/oxzYd.Y5JMAhroF81hhQgpKAG4SJaahF//d0y', '2010-04-29', '2011-01-12', 494, 'Premium', 'Indie', 357, 'Rüya Emre', 'https://picsum.photos/id/22/100/100');
INSERT INTO USERS (user_id, country_id, age, name, username, email, password, date_joined, last_login, follower_num, subscription_type, top_genre, num_songs_liked, most_played_artist, image) VALUES (31, 14, 61, 'Pelin Yeliz', 'pelin2', 'elineliz31@example.com', '$2y$10$J6nZXDz3cOFSMFbA57DSNOl.23obTIeZ20Y/llhuT57A05ioa4H76', '2015-10-05', '2024-04-13', 248, 'Free', 'Alternative', 379, 'Utku Okan', 'https://picsum.photos/id/72/100/100');
INSERT INTO USERS (user_id, country_id, age, name, username, email, password, date_joined, last_login, follower_num, subscription_type, top_genre, num_songs_liked, most_played_artist, image) VALUES (32, 10, 35, 'Okan Nisa', 'okan', 'kanisa32@example.com', '$2y$10$P9O5VYuqfwDxlFuJLjbs/.6WF9sh4Yw8DrwANjhhPQdUASkvs/ydS', '2012-06-07', '2016-05-02', 611, 'Premium', 'Alternative', 291, 'Vildan Mert', 'https://picsum.photos/id/23/100/100');
INSERT INTO USERS (user_id, country_id, age, name, username, email, password, date_joined, last_login, follower_num, subscription_type, top_genre, num_songs_liked, most_played_artist, image) VALUES (33, 7, 50, 'Yağmur Senem', 'yağmur', 'amurenem33@example.com', '$2y$10$O6TLfxAEcC1oJIgFjjb4luhL1wWLlFFcYFEZMDe/zROf5TRBysX9a', '2013-08-11', '2017-02-25', 838, 'Free', 'Indie', 38, 'Zeki Merve', 'https://picsum.photos/id/54/100/100');
INSERT INTO USERS (user_id, country_id, age, name, username, email, password, date_joined, last_login, follower_num, subscription_type, top_genre, num_songs_liked, most_played_artist, image) VALUES (34, 12, 39, 'Utku Tugçe', 'utku1', 'tkuuge34@example.com', '$2y$10$Pz.cxaNH8M5PKofythoDO.JfWp1eXT9gCZKTz9MMNxSWeVgDvWPzq', '2014-01-15', '2021-06-04', 633, 'Free', 'Alternative', 280, 'Okan Koray', 'https://picsum.photos/id/48/100/100');
INSERT INTO USERS (user_id, country_id, age, name, username, email, password, date_joined, last_login, follower_num, subscription_type, top_genre, num_songs_liked, most_played_artist, image) VALUES (35, 3, 68, 'Okan Deniz', 'okan1', 'kaneniz35@example.com', '$2y$10$Ux4xPTHWi5Le38iJNa/fdeWfYQjb8bZQhuZcABoYf1Dtnuc0IWvcO', '2012-05-23', '2020-01-11', 384, 'Free', 'Electronic', 280, 'Serkan Koray', 'https://picsum.photos/id/99/100/100');
INSERT INTO USERS (user_id, country_id, age, name, username, email, password, date_joined, last_login, follower_num, subscription_type, top_genre, num_songs_liked, most_played_artist, image) VALUES (36, 3, 43, 'Eda Merve', 'eda1', 'daerve36@example.com', '$2y$10$/iLVYuzGn35zl1J9NQc9xex.frMfjFHL1AWeJ7TMlaNEFtPs1iMj.', '2013-11-09', '2018-10-18', 47, 'Premium', 'Electronic', 66, 'Yağmur Doruk', 'https://picsum.photos/id/73/100/100');
INSERT INTO USERS (user_id, country_id, age, name, username, email, password, date_joined, last_login, follower_num, subscription_type, top_genre, num_songs_liked, most_played_artist, image) VALUES (37, 14, 19, 'Nisa Utku', 'nisa1', 'isatku37@example.com', '$2y$10$huWmG5gDds1zjjPqAUUMDOHXX62/UpB/9WvDGcJpYpHhWCsSqHmjW', '2012-05-29', '2019-06-12', 359, 'Free', 'Pop', 238, 'Zeki Merve', 'https://picsum.photos/id/15/100/100');
INSERT INTO USERS (user_id, country_id, age, name, username, email, password, date_joined, last_login, follower_num, subscription_type, top_genre, num_songs_liked, most_played_artist, image) VALUES (38, 9, 53, 'Pelin Okan', 'pelin3', 'elinkan38@example.com', '$2y$10$gh0M.xMXKN0arCbXpD.Bz.2o3e2UXnmHoYm0VC4cBQiVSiDlas8bW', '2023-07-07', '2024-01-07', 621, 'Free', 'Hip Hop', 499, 'Yağmur Doruk', 'https://picsum.photos/id/59/100/100');
INSERT INTO USERS (user_id, country_id, age, name, username, email, password, date_joined, last_login, follower_num, subscription_type, top_genre, num_songs_liked, most_played_artist, image) VALUES (39, 2, 24, 'Kerem Pelin', 'kerem1', 'eremelin39@example.com', '$2y$10$w8qfN2iSRPeEyuu5.3tn0OWP6yGs/j366uRidVLOvnFsNFOPSIiZW', '2023-09-04', '2024-05-12', 698, 'Premium', 'Reggae', 477, 'Pinar Yeliz', 'https://picsum.photos/id/18/100/100');
INSERT INTO USERS (user_id, country_id, age, name, username, email, password, date_joined, last_login, follower_num, subscription_type, top_genre, num_songs_liked, most_played_artist, image) VALUES (40, 2, 54, 'Rüya Koray', 'rüya', 'yaoray40@example.com', '$2y$10$w09IK/zn7QgeGLAhrQ8zQ.PAwuE8lUbNc9hAot2zjs0c5HS8IE/6m', '2020-12-06', '2023-06-20', 240, 'Free', 'Dance', 302, 'Okan Can', 'https://picsum.photos/id/27/100/100');
INSERT INTO USERS (user_id, country_id, age, name, username, email, password, date_joined, last_login, follower_num, subscription_type, top_genre, num_songs_liked, most_played_artist, image) VALUES (41, 10, 47, 'Kerem Tuba', 'kerem2', 'eremuba41@example.com', '$2y$10$x9YMif7LZfcgnsrxPb89heYL8WOYCue4SwpQPo7UT2F1EEJBhEQg2', '2011-03-19', '2014-08-10', 215, 'Premium', 'Electronic', 311, 'Irem Lale', 'https://picsum.photos/id/96/100/100');
INSERT INTO USERS (user_id, country_id, age, name, username, email, password, date_joined, last_login, follower_num, subscription_type, top_genre, num_songs_liked, most_played_artist, image) VALUES (42, 1, 32, 'Zeynep Serkan', 'zeynep', 'eyneperkan42@example.com', '$2y$10$rvO3GjsRIzDBStufZ0Lr2eXq0LghHQJ5OLZGfo5EjEBJ8UUM9GZ6.', '2021-12-12', '2023-11-15', 453, 'Free', 'Rock', 447, 'Utku Sefa', 'https://picsum.photos/id/52/100/100');
INSERT INTO USERS (user_id, country_id, age, name, username, email, password, date_joined, last_login, follower_num, subscription_type, top_genre, num_songs_liked, most_played_artist, image) VALUES (43, 18, 27, 'Pelin Ceren', 'pelin4', 'elineren43@example.com', '$2y$10$vU9c5fzhPLscmCQTnKxpQO4yqRINqY/8yRjygpu4A8qrCKXZ5dm1O', '2013-07-29', '2022-02-10', 897, 'Premium', 'Reggae', 333, 'Umut Eda', 'https://picsum.photos/id/26/100/100');
INSERT INTO USERS (user_id, country_id, age, name, username, email, password, date_joined, last_login, follower_num, subscription_type, top_genre, num_songs_liked, most_played_artist, image) VALUES (44, 20, 52, 'Eda Ömer', 'eda2', 'damer44@example.com', '$2y$10$zRxAa9sjbqhgud85Jpyh8.ofKcX/smcPpM/8sKcLM3dA/Wn1MygyS', '2023-09-30', '2023-11-06', 158, 'Premium', 'R&B', 349, 'Zeki Pelin', 'https://picsum.photos/id/41/100/100');
INSERT INTO USERS (user_id, country_id, age, name, username, email, password, date_joined, last_login, follower_num, subscription_type, top_genre, num_songs_liked, most_played_artist, image) VALUES (45, 5, 20, 'Can Senem', 'can1', 'anenem45@example.com', '$2y$10$pQpoAKa27l0A6n5Q3E00QuhIEA9my7hnVFzooByVjeH2fjwj4QoWq', '2013-07-01', '2022-05-29', 427, 'Free', 'Pop', 67, 'Murat Sefa', 'https://picsum.photos/id/45/100/100');
INSERT INTO USERS (user_id, country_id, age, name, username, email, password, date_joined, last_login, follower_num, subscription_type, top_genre, num_songs_liked, most_played_artist, image) VALUES (46, 18, 51, 'Emre Irem', 'emre1', 'mrerem46@example.com', '$2y$10$T5j/SG9igz4PPANiOtLHWu6.lKjZBTPPP0N2gHU.SKJyq47TtGr1y', '2019-10-18', '2020-01-06', 505, 'Free', 'Blues', 300, 'Senem Nisa', 'https://picsum.photos/id/41/100/100');
INSERT INTO USERS (user_id, country_id, age, name, username, email, password, date_joined, last_login, follower_num, subscription_type, top_genre, num_songs_liked, most_played_artist, image) VALUES (47, 4, 29, 'Kerem Elif', 'kerem3', 'eremlif47@example.com', '$2y$10$/R6S1n5joxweP1.MDwWFPeO3V4bFolpE.pFYbGDh1MaN16A1LRtvO', '2018-02-14', '2019-12-26', 295, 'Free', 'Dance', 80, 'Elif Elif', 'https://picsum.photos/id/80/100/100');
INSERT INTO USERS (user_id, country_id, age, name, username, email, password, date_joined, last_login, follower_num, subscription_type, top_genre, num_songs_liked, most_played_artist, image) VALUES (48, 2, 54, 'Pelin Can', 'pelin5', 'elinan48@example.com', '$2y$10$oJWvaDbSo7413TjQ6EFFauBF7E9OgpgehjeZv81QapTIcHEcf0lbe', '2017-09-01', '2020-08-02', 536, 'Premium', 'Indie', 137, 'Serkan Koray', 'https://picsum.photos/id/44/100/100');
INSERT INTO USERS (user_id, country_id, age, name, username, email, password, date_joined, last_login, follower_num, subscription_type, top_genre, num_songs_liked, most_played_artist, image) VALUES (49, 20, 55, 'Deniz Merve', 'deniz1', 'enizerve49@example.com', '$2y$10$Xa6st4WEZK0QOf756TLeMeK.xLbR3fwHML3HToazp3DrVpRLI4KPu', '2013-08-11', '2019-11-19', 811, 'Premium', 'R&B', 482, 'Merve Tugçe', 'https://picsum.photos/id/68/100/100');
INSERT INTO USERS (user_id, country_id, age, name, username, email, password, date_joined, last_login, follower_num, subscription_type, top_genre, num_songs_liked, most_played_artist, image) VALUES (50, 11, 31, 'Onur Ömer', 'onur', 'nurmer50@example.com', '$2y$10$siMmDlVQS83p8LIDtD/XSOjUsIMalJTaecVzAuZks/iSjy2dcjfLm', '2012-02-19', '2019-09-18', 317, 'Free', 'Blues', 367, 'Rüya Emre', 'https://picsum.photos/id/21/100/100');
INSERT INTO USERS (user_id, country_id, age, name, username, email, password, date_joined, last_login, follower_num, subscription_type, top_genre, num_songs_liked, most_played_artist, image) VALUES (51, 18, 27, 'Yeliz Ceren', 'yeliz1', 'elizeren51@example.com', '$2y$10$kkFf9YNlpmC52oLm8638Z.kALlbfYed54imMQ6ShwRD4GGRxca6im', '2012-01-04', '2013-10-13', 155, 'Premium', 'Country', 358, 'Senem Deniz', 'https://picsum.photos/id/43/100/100');
INSERT INTO USERS (user_id, country_id, age, name, username, email, password, date_joined, last_login, follower_num, subscription_type, top_genre, num_songs_liked, most_played_artist, image) VALUES (52, 5, 30, 'Eda Sefa', 'eda3', 'daefa52@example.com', '$2y$10$xutP7G3RKazxfQNpaForJ.SVgOgpse6LHiqs03rx6DaAIP2Ktdxy6', '2015-09-25', '2023-06-12', 951, 'Free', 'Reggae', 211, 'Koray Mert', 'https://picsum.photos/id/73/100/100');
INSERT INTO USERS (user_id, country_id, age, name, username, email, password, date_joined, last_login, follower_num, subscription_type, top_genre, num_songs_liked, most_played_artist, image) VALUES (53, 19, 56, 'Ayşen Murat', 'ayşen', 'yenurat53@example.com', '$2y$10$PQUJKHh6QtqNbQzwPhJtiOyeXqeZ5CIlAOhkFnS5a0zX3hgKKD0OS', '2015-12-04', '2017-07-10', 8, 'Free', 'Rock', 311, 'Kaan Ceren', 'https://picsum.photos/id/72/100/100');
INSERT INTO USERS (user_id, country_id, age, name, username, email, password, date_joined, last_login, follower_num, subscription_type, top_genre, num_songs_liked, most_played_artist, image) VALUES (54, 7, 44, 'Irem Zeki', 'irem', 'remeki54@example.com', '$2y$10$7YkY2Tsiqb7De.eGgV3vOOWvQzKAlq/O8EHEgzJAAOkcL4oXw.Q9K', '2023-12-27', '2024-03-09', 546, 'Premium', 'Alternative', 383, 'Yağmur Eda', 'https://picsum.photos/id/61/100/100');
INSERT INTO USERS (user_id, country_id, age, name, username, email, password, date_joined, last_login, follower_num, subscription_type, top_genre, num_songs_liked, most_played_artist, image) VALUES (55, 13, 19, 'Pinar Merve', 'pinar1', 'inarerve55@example.com', '$2y$10$hd16wPfNShNIaqhkCZzsXOcYzZ.caeL0ZGDkN7.oSxVainnnrYJwi', '2019-07-05', '2020-04-18', 588, 'Free', 'Folk', 200, 'Nisa Ceren', 'https://picsum.photos/id/42/100/100');
INSERT INTO USERS (user_id, country_id, age, name, username, email, password, date_joined, last_login, follower_num, subscription_type, top_genre, num_songs_liked, most_played_artist, image) VALUES (56, 7, 67, 'Tugçe Serkan', 'tugçe2', 'ugeerkan56@example.com', '$2y$10$OstgbhLhpI.HHa3EMdmGqeDPkfsuvaLng8b9kYcPjQQMmazQt7Ov2', '2018-01-02', '2021-10-15', 47, 'Premium', 'Rock', 289, 'Okan Can', 'https://picsum.photos/id/89/100/100');
INSERT INTO USERS (user_id, country_id, age, name, username, email, password, date_joined, last_login, follower_num, subscription_type, top_genre, num_songs_liked, most_played_artist, image) VALUES (57, 2, 20, 'Zeynep Nisa', 'zeynep1', 'eynepisa57@example.com', '$2y$10$3Kjra2Voe2yDRCBQZgYDY.zW4/xgUlida2JmlQ3WVj32MRhd8u9I2', '2012-04-25', '2015-03-24', 920, 'Premium', 'Electronic', 478, 'Sefa Kaan', 'https://picsum.photos/id/73/100/100');
INSERT INTO USERS (user_id, country_id, age, name, username, email, password, date_joined, last_login, follower_num, subscription_type, top_genre, num_songs_liked, most_played_artist, image) VALUES (58, 2, 19, 'Zeki Pelin', 'zeki1', 'ekielin58@example.com', '$2y$10$GVD/rGBsvHKULdOvLdcVsuy1K19.5Bzc3RRU6rhOzpaF/SnSwKB06', '2017-05-26', '2021-05-06', 256, 'Premium', 'Reggae', 500, 'Merve Irem', 'https://picsum.photos/id/36/100/100');
INSERT INTO USERS (user_id, country_id, age, name, username, email, password, date_joined, last_login, follower_num, subscription_type, top_genre, num_songs_liked, most_played_artist, image) VALUES (59, 2, 59, 'Kaan Serkan', 'kaan1', 'aanerkan59@example.com', '$2y$10$yzbA/fy2Jx5QaYDJ.I7EXuu3rY/PHI/nt5WWzdBXxRt6IWNNJIupG', '2022-01-02', '2022-05-08', 256, 'Free', 'R&B', 111, 'Senem Deniz', 'https://picsum.photos/id/100/100/100');
INSERT INTO USERS (user_id, country_id, age, name, username, email, password, date_joined, last_login, follower_num, subscription_type, top_genre, num_songs_liked, most_played_artist, image) VALUES (60, 11, 43, 'Lale Vildan', 'lale1', 'aleildan60@example.com', '$2y$10$He3714WzXdMxMJ48ZuvOBurD7rEoAad0O7qB8mptJJhmZ2lzJ6MuW', '2018-11-11', '2023-11-15', 280, 'Premium', 'Hip Hop', 427, 'Gizem Ömer', 'https://picsum.photos/id/90/100/100');
INSERT INTO USERS (user_id, country_id, age, name, username, email, password, date_joined, last_login, follower_num, subscription_type, top_genre, num_songs_liked, most_played_artist, image) VALUES (61, 16, 66, 'Yeliz Tuba', 'yeliz2', 'elizuba61@example.com', '$2y$10$s0Q2bjktfnlEpH9pK.6Ji.waALD8covLkJ0qD2ZVbDziHPkBoIKey', '2021-07-31', '2022-01-06', 816, 'Free', 'Reggae', 405, 'Pelin Pinar', 'https://picsum.photos/id/80/100/100');
INSERT INTO USERS (user_id, country_id, age, name, username, email, password, date_joined, last_login, follower_num, subscription_type, top_genre, num_songs_liked, most_played_artist, image) VALUES (62, 2, 32, 'Koray Pelin', 'koray', 'orayelin62@example.com', '$2y$10$p1nSXfXJGWgYVEM1qDzdx.XW1RegwQcHxWgt1/t9AsAGHp5PcdiVe', '2018-01-10', '2019-08-30', 508, 'Premium', 'Reggae', 414, 'Lale Sefa', 'https://picsum.photos/id/43/100/100');
INSERT INTO USERS (user_id, country_id, age, name, username, email, password, date_joined, last_login, follower_num, subscription_type, top_genre, num_songs_liked, most_played_artist, image) VALUES (63, 1, 34, 'Irem Serkan', 'irem1', 'remerkan63@example.com', '$2y$10$Yj7av.qWoMczq.11jrC4o.B5ucIidw2rTFLlKYg8aQY/4J9BtRVyW', '2021-02-12', '2022-10-09', 549, 'Premium', 'Country', 1, 'Vildan Koray', 'https://picsum.photos/id/2/100/100');
INSERT INTO USERS (user_id, country_id, age, name, username, email, password, date_joined, last_login, follower_num, subscription_type, top_genre, num_songs_liked, most_played_artist, image) VALUES (64, 3, 55, 'Utku Mert', 'utku2', 'tkuert64@example.com', '$2y$10$AhRDt/iQ6FyynIZu3I6Z/etAdziqX.CalVIx62kLG658k//1X8UEq', '2023-11-16', '2023-12-14', 466, 'Free', 'Country', 499, 'Eda Pinar', 'https://picsum.photos/id/11/100/100');
INSERT INTO USERS (user_id, country_id, age, name, username, email, password, date_joined, last_login, follower_num, subscription_type, top_genre, num_songs_liked, most_played_artist, image) VALUES (65, 5, 61, 'Kaan Mert', 'kaan2', 'aanert65@example.com', '$2y$10$ASzM8wBQFKAyzZDJ3kK1.OVYi7uq6RuPwjyGYX5VgKbROmQ6ttwmy', '2015-11-18', '2020-12-20', 114, 'Free', 'Hip Hop', 304, 'Ömer Volkan', 'https://picsum.photos/id/37/100/100');
INSERT INTO USERS (user_id, country_id, age, name, username, email, password, date_joined, last_login, follower_num, subscription_type, top_genre, num_songs_liked, most_played_artist, image) VALUES (66, 8, 32, 'Yeliz Nisa', 'yeliz3', 'elizisa66@example.com', '$2y$10$VpsjaE2DGIRaDAhYXnMJ/.QLdFlre6sEvEYHqHQibPtpjV.ocmo.i', '2016-03-20', '2018-07-22', 404, 'Premium', 'Country', 421, 'Elif Elif', 'https://picsum.photos/id/54/100/100');
INSERT INTO USERS (user_id, country_id, age, name, username, email, password, date_joined, last_login, follower_num, subscription_type, top_genre, num_songs_liked, most_played_artist, image) VALUES (67, 2, 62, 'Murat Lale', 'murat', 'uratale67@example.com', '$2y$10$Cy5/LUFSlfsnuxUStkPGOedkEdnWPZYGs.8TV5BVjxU2xi1jV4dhe', '2012-12-02', '2016-12-31', 223, 'Free', 'Folk', 413, 'Irem Lale', 'https://picsum.photos/id/60/100/100');
INSERT INTO USERS (user_id, country_id, age, name, username, email, password, date_joined, last_login, follower_num, subscription_type, top_genre, num_songs_liked, most_played_artist, image) VALUES (68, 4, 36, 'Emre Senem', 'emre2', 'mreenem68@example.com', '$2y$10$JCMs.4OpqqirD60lMvjlfuXElBhwrFXRrNhJj/aJlG8.kKBBaI6eK', '2015-12-14', '2017-12-04', 629, 'Premium', 'Dance', 237, 'Kaan Ceren', 'https://picsum.photos/id/46/100/100');
INSERT INTO USERS (user_id, country_id, age, name, username, email, password, date_joined, last_login, follower_num, subscription_type, top_genre, num_songs_liked, most_played_artist, image) VALUES (69, 2, 32, 'Onur Utku', 'onur1', 'nurtku69@example.com', '$2y$10$cxXtY9vorKiWTJMPn58lJeOGpJvPg0DE2wfUhUHLZ2GN0UhRSDRtq', '2011-02-24', '2022-10-09', 624, 'Free', 'Classical', 155, 'Kaan Irem', 'https://picsum.photos/id/8/100/100');
INSERT INTO USERS (user_id, country_id, age, name, username, email, password, date_joined, last_login, follower_num, subscription_type, top_genre, num_songs_liked, most_played_artist, image) VALUES (70, 11, 38, 'Ceren Gizem', 'ceren2', 'erenizem70@example.com', '$2y$10$oNO3ksWf5qasquFcVoVz8uzgSQ33kthHeBPMFkMMr/ku9pCUf0.a.', '2011-05-18', '2021-05-09', 54, 'Free', 'Folk', 163, 'Pelin Koray', 'https://picsum.photos/id/63/100/100');
INSERT INTO USERS (user_id, country_id, age, name, username, email, password, date_joined, last_login, follower_num, subscription_type, top_genre, num_songs_liked, most_played_artist, image) VALUES (71, 18, 18, 'Doruk Tugçe', 'doruk2', 'orukuge71@example.com', '$2y$10$.hzAMcJFueV4uNxBiytK8.xcSeFLq3C0v9y67xXbqRkIdNvakbv6K', '2016-05-24', '2023-04-12', 910, 'Premium', 'Hip Hop', 240, 'Zeki Merve', 'https://picsum.photos/id/9/100/100');
INSERT INTO USERS (user_id, country_id, age, name, username, email, password, date_joined, last_login, follower_num, subscription_type, top_genre, num_songs_liked, most_played_artist, image) VALUES (72, 13, 63, 'Can Utku', 'can2', 'antku72@example.com', '$2y$10$ogswHq2sAw.d9lyFYQ9VI.FAmixweLRkSiiQx6cbK9C6avSX0lu7K', '2019-06-11', '2021-09-27', 941, 'Free', 'Hip Hop', 373, 'Okan Can', 'https://picsum.photos/id/31/100/100');
INSERT INTO USERS (user_id, country_id, age, name, username, email, password, date_joined, last_login, follower_num, subscription_type, top_genre, num_songs_liked, most_played_artist, image) VALUES (73, 20, 44, 'Emre Onur', 'emre3', 'mrenur73@example.com', '$2y$10$sCbv4rsGluldliyx4AcymOi7dtHKuY8wrmu9k9PuvVB0bMRYdtJNS', '2023-08-21', '2023-12-11', 180, 'Free', 'Jazz', 358, 'Senem Deniz', 'https://picsum.photos/id/45/100/100');
INSERT INTO USERS (user_id, country_id, age, name, username, email, password, date_joined, last_login, follower_num, subscription_type, top_genre, num_songs_liked, most_played_artist, image) VALUES (74, 19, 66, 'Yasin Nisa', 'yasin2', 'asinisa74@example.com', '$2y$10$QAV5/pttJlQHPFUCWSRPaOLS3lDhijXmhgg4/RknGljkcizPIIkCW', '2016-07-04', '2022-03-10', 358, 'Premium', 'Classical', 259, 'Pelin Pinar', 'https://picsum.photos/id/34/100/100');
INSERT INTO USERS (user_id, country_id, age, name, username, email, password, date_joined, last_login, follower_num, subscription_type, top_genre, num_songs_liked, most_played_artist, image) VALUES (75, 18, 63, 'Umut Tugçe', 'umut1', 'mutuge75@example.com', '$2y$10$NZifw2YaladK7NIQV7dFI.GcEBhV1mw.idpWM.k8jHYBGz8ts7/U.', '2022-06-29', '2023-08-01', 685, 'Premium', 'Jazz', 26, 'Can Nisa', 'https://picsum.photos/id/65/100/100');
INSERT INTO USERS (user_id, country_id, age, name, username, email, password, date_joined, last_login, follower_num, subscription_type, top_genre, num_songs_liked, most_played_artist, image) VALUES (76, 13, 60, 'Ceren Elif', 'ceren3', 'erenlif76@example.com', '$2y$10$zv.A.MUaRBUn4N16RVNpwuy3eC3H5vJpRkBPaAIKZ4Nkd3FwxydYm', '2022-09-17', '2023-05-27', 296, 'Premium', 'Electronic', 335, 'Umut Eda', 'https://picsum.photos/id/66/100/100');
INSERT INTO USERS (user_id, country_id, age, name, username, email, password, date_joined, last_login, follower_num, subscription_type, top_genre, num_songs_liked, most_played_artist, image) VALUES (77, 17, 61, 'Zeynep Zeynep', 'zeynep2', 'eynepeynep77@example.com', '$2y$10$eGcKf1XqeAAJIa52smMmLOjRH0WIhe3mqd69GRbpScpet3SSssNoC', '2014-06-28', '2024-04-21', 387, 'Premium', 'Blues', 407, 'Ömer Rüya', 'https://picsum.photos/id/48/100/100');
INSERT INTO USERS (user_id, country_id, age, name, username, email, password, date_joined, last_login, follower_num, subscription_type, top_genre, num_songs_liked, most_played_artist, image) VALUES (78, 12, 27, 'Elif Pelin', 'elif2', 'lifelin78@example.com', '$2y$10$VsUl.b1bbnux7JuUDUEYtepcYyVvnqkElAr6KqrTiFlXASjoFPeA.', '2013-05-11', '2014-12-23', 499, 'Free', 'Classical', 160, 'Pelin Pinar', 'https://picsum.photos/id/57/100/100');
INSERT INTO USERS (user_id, country_id, age, name, username, email, password, date_joined, last_login, follower_num, subscription_type, top_genre, num_songs_liked, most_played_artist, image) VALUES (79, 7, 60, 'Ayşen Rüya', 'ayşen1', 'yenya79@example.com', '$2y$10$5eBoLNUgjA4w7IECBPqKRORb4c990S5MSh/dMC.BD1Ko696Bupolq', '2022-04-17', '2023-07-19', 328, 'Free', 'R&B', 115, 'Merve Irem', 'https://picsum.photos/id/81/100/100');
INSERT INTO USERS (user_id, country_id, age, name, username, email, password, date_joined, last_login, follower_num, subscription_type, top_genre, num_songs_liked, most_played_artist, image) VALUES (80, 5, 45, 'Pelin Pelin', 'pelin6', 'elinelin80@example.com', '$2y$10$bKFaMtTn3IgwgmiGP3Vdeu2U9Cp5qpP9rV/q4ij2YEhH9jSLcsRJ6', '2017-02-11', '2022-11-07', 718, 'Premium', 'Reggae', 425, 'Irem Lale', 'https://picsum.photos/id/23/100/100');
INSERT INTO USERS (user_id, country_id, age, name, username, email, password, date_joined, last_login, follower_num, subscription_type, top_genre, num_songs_liked, most_played_artist, image) VALUES (81, 4, 23, 'Irem Vildan', 'irem2', 'remildan81@example.com', '$2y$10$nD5p/zdnCHQfoEwcZeIyKuZWWQgbl4D2Z4t/8ipPe08o2WNRsPqTa', '2023-10-05', '2024-04-26', 34, 'Free', 'R&B', 94, 'Gizem Zeynep', 'https://picsum.photos/id/21/100/100');
INSERT INTO USERS (user_id, country_id, age, name, username, email, password, date_joined, last_login, follower_num, subscription_type, top_genre, num_songs_liked, most_played_artist, image) VALUES (82, 2, 49, 'Onur Okan', 'onur2', 'nurkan82@example.com', '$2y$10$qmZy59sYabwQeW321OC.TOxzW6e8hDZwWQXi3YmXfnuDJemAyWfuO', '2022-08-23', '2022-11-16', 573, 'Free', 'Electronic', 317, 'Tugçe Gizem', 'https://picsum.photos/id/1/100/100');
INSERT INTO USERS (user_id, country_id, age, name, username, email, password, date_joined, last_login, follower_num, subscription_type, top_genre, num_songs_liked, most_played_artist, image) VALUES (83, 11, 26, 'Deniz Ayşen', 'deniz2', 'enizyen83@example.com', '$2y$10$sXdJNIW2seNcqhxJggZEO..LaFIVYY1zN4jLjKrboJApGzwLE98VK', '2012-08-25', '2019-09-15', 193, 'Premium', 'Alternative', 460, 'Burak Umut', 'https://picsum.photos/id/48/100/100');
INSERT INTO USERS (user_id, country_id, age, name, username, email, password, date_joined, last_login, follower_num, subscription_type, top_genre, num_songs_liked, most_played_artist, image) VALUES (84, 14, 65, 'Burak Bahar', 'burak', 'urakahar84@example.com', '$2y$10$7Mc/8mBCj6Ry2skylz6fc.njqsI7nkkpTVDvvqvJVJc1amKzIy7Vm', '2021-08-15', '2023-08-22', 345, 'Free', 'Hip Hop', 325, 'Rüya Emre', 'https://picsum.photos/id/82/100/100');
INSERT INTO USERS (user_id, country_id, age, name, username, email, password, date_joined, last_login, follower_num, subscription_type, top_genre, num_songs_liked, most_played_artist, image) VALUES (85, 4, 47, 'Can Okan', 'can3', 'ankan85@example.com', '$2y$10$MRH4t.DOU/Ad0jq225Uq3uuh1Wku9sbg5eAdx4BAVZ6Exi7W04KXu', '2012-10-26', '2024-03-21', 161, 'Premium', 'Alternative', 453, 'Ömer Bahar', 'https://picsum.photos/id/21/100/100');
INSERT INTO USERS (user_id, country_id, age, name, username, email, password, date_joined, last_login, follower_num, subscription_type, top_genre, num_songs_liked, most_played_artist, image) VALUES (86, 16, 33, 'Ceren Emre', 'ceren4', 'erenmre86@example.com', '$2y$10$qO0ADw0zCDE82mhC88ojWO9I4dhfouGNcmMqgxL4CGsBpKz/1ADAG', '2020-06-14', '2022-05-04', 819, 'Premium', 'Electronic', 75, 'Yağmur Eda', 'https://picsum.photos/id/12/100/100');
INSERT INTO USERS (user_id, country_id, age, name, username, email, password, date_joined, last_login, follower_num, subscription_type, top_genre, num_songs_liked, most_played_artist, image) VALUES (87, 15, 43, 'Koray Can', 'koray1', 'orayan87@example.com', '$2y$10$r8MOwVjBT4PUaNTeWlTJ7.Zict0qITWP8PEZ0LQyn3pFsM8Jxbje2', '2013-10-13', '2019-04-26', 271, 'Premium', 'Metal', 478, 'Gizem Ömer', 'https://picsum.photos/id/18/100/100');
INSERT INTO USERS (user_id, country_id, age, name, username, email, password, date_joined, last_login, follower_num, subscription_type, top_genre, num_songs_liked, most_played_artist, image) VALUES (88, 1, 67, 'Sefa Kaan', 'sefa', 'efaaan88@example.com', '$2y$10$yHf1m3UEi1qXSLZ4PJILb.IqzQ6XwUI7SS1LDGZVoRFVNkHgGV9HC', '2013-12-31', '2021-05-20', 742, 'Free', 'Alternative', 256, 'Rüya Emre', 'https://picsum.photos/id/98/100/100');
INSERT INTO USERS (user_id, country_id, age, name, username, email, password, date_joined, last_login, follower_num, subscription_type, top_genre, num_songs_liked, most_played_artist, image) VALUES (89, 17, 46, 'Merve Zeynep', 'merve1', 'erveeynep89@example.com', '$2y$10$0XsLA6egCv/pyCjWnBskH.S/qyPn07rE2PhR9KyigrI4hgoOZFIFS', '2011-01-29', '2020-07-13', 838, 'Premium', 'Electronic', 389, 'Zeynep Tugçe', 'https://picsum.photos/id/90/100/100');
INSERT INTO USERS (user_id, country_id, age, name, username, email, password, date_joined, last_login, follower_num, subscription_type, top_genre, num_songs_liked, most_played_artist, image) VALUES (90, 19, 42, 'Ömer Onur', 'Ömer', 'mernur90@example.com', '$2y$10$.sSLqN.wSAT05VwxViLbqOG.Tdbxmo1MGEj8M1nDqbhoyvcwdHzKK', '2021-07-12', '2021-11-27', 682, 'Premium', 'Blues', 450, 'Can Nisa', 'https://picsum.photos/id/23/100/100');
INSERT INTO USERS (user_id, country_id, age, name, username, email, password, date_joined, last_login, follower_num, subscription_type, top_genre, num_songs_liked, most_played_artist, image) VALUES (91, 17, 33, 'Tugçe Yeliz', 'tugçe3', 'ugeeliz91@example.com', '$2y$10$KqWEAbIQMQS5J8AQonGxh.qPstGizWk/dFkngpeUIhnuJkCPFyZw6', '2012-05-25', '2014-05-02', 775, 'Free', 'Indie', 186, 'Irem Lale', 'https://picsum.photos/id/44/100/100');
INSERT INTO USERS (user_id, country_id, age, name, username, email, password, date_joined, last_login, follower_num, subscription_type, top_genre, num_songs_liked, most_played_artist, image) VALUES (92, 5, 66, 'Kaan Ömer', 'kaan3', 'aanmer92@example.com', '$2y$10$Cruif/DNEaHuVkfDEmQOweMWipIJgsTnqvOZOBL.oTYX0r2qf.x7G', '2019-02-13', '2019-06-23', 376, 'Free', 'Alternative', 211, 'Merve Irem', 'https://picsum.photos/id/65/100/100');
INSERT INTO USERS (user_id, country_id, age, name, username, email, password, date_joined, last_login, follower_num, subscription_type, top_genre, num_songs_liked, most_played_artist, image) VALUES (93, 5, 41, 'Vildan Umut', 'vildan', 'ildanmut93@example.com', '$2y$10$CdpbEc5uQNE8K3hCiHA4Auu9xfzW9gMmMV6COu9KuUS8EcbmN./Eq', '2016-12-03', '2019-10-24', 645, 'Premium', 'Hip Hop', 30, 'Tuba Emre', 'https://picsum.photos/id/9/100/100');
INSERT INTO USERS (user_id, country_id, age, name, username, email, password, date_joined, last_login, follower_num, subscription_type, top_genre, num_songs_liked, most_played_artist, image) VALUES (94, 8, 43, 'Onur Ayşen', 'onur3', 'nuryen94@example.com', '$2y$10$AqYNJXCJufFwWQjlJFlMaeUUL/vpeMzfvhnmwUD4Vbf77z/E9Z3oS', '2021-10-05', '2022-07-31', 459, 'Premium', 'Classical', 26, 'Ayşen Lale', 'https://picsum.photos/id/7/100/100');
INSERT INTO USERS (user_id, country_id, age, name, username, email, password, date_joined, last_login, follower_num, subscription_type, top_genre, num_songs_liked, most_played_artist, image) VALUES (95, 16, 27, 'Merve Volkan', 'merve2', 'erveolkan95@example.com', '$2y$10$Uk5QN0BPfHA1520X2rMN.eE7ChK0/alo56zLR/sd9tNU7DCUwQ7ZW', '2023-01-19', '2023-12-19', 953, 'Premium', 'Electronic', 451, 'Eda Volkan', 'https://picsum.photos/id/29/100/100');
INSERT INTO USERS (user_id, country_id, age, name, username, email, password, date_joined, last_login, follower_num, subscription_type, top_genre, num_songs_liked, most_played_artist, image) VALUES (96, 11, 56, 'Murat Nisa', 'murat1', 'uratisa96@example.com', '$2y$10$en0VTTLidlTGzA3PRXWf2OD7EUq8jzd5smjPtCTbMcKQsle0EobmO', '2010-03-15', '2024-05-01', 602, 'Free', 'Indie', 125, 'Kerem Irem', 'https://picsum.photos/id/9/100/100');
INSERT INTO USERS (user_id, country_id, age, name, username, email, password, date_joined, last_login, follower_num, subscription_type, top_genre, num_songs_liked, most_played_artist, image) VALUES (97, 18, 32, 'Onur Emre', 'onur4', 'nurmre97@example.com', '$2y$10$z2juRAv9D0I9a9EGbEegJuY5et/T5y17pPDiZ8J1uOuSRGnCb68ly', '2010-09-05', '2019-07-21', 894, 'Free', 'Classical', 45, 'Irem Zeki', 'https://picsum.photos/id/35/100/100');
INSERT INTO USERS (user_id, country_id, age, name, username, email, password, date_joined, last_login, follower_num, subscription_type, top_genre, num_songs_liked, most_played_artist, image) VALUES (98, 8, 44, 'Murat Burak', 'murat2', 'uraturak98@example.com', '$2y$10$ImeNNOzJjDJtPCC9Sh6ukevF5K1Ek2qVdugua7EAWrC3CbdFAfoUG', '2020-01-23', '2023-02-15', 614, 'Premium', 'Alternative', 289, 'Kaan Irem', 'https://picsum.photos/id/55/100/100');
INSERT INTO USERS (user_id, country_id, age, name, username, email, password, date_joined, last_login, follower_num, subscription_type, top_genre, num_songs_liked, most_played_artist, image) VALUES (99, 20, 69, 'Ceren Senem', 'ceren5', 'erenenem99@example.com', '$2y$10$leOXbJ8hSmzXNaYPFP8UMeuMIwfpSF3LB1KpYozv9qp/eA369ehs.', '2023-05-28', '2023-07-29', 422, 'Free', 'Country', 174, 'Ömer Rüya', 'https://picsum.photos/id/93/100/100');
INSERT INTO USERS (user_id, country_id, age, name, username, email, password, date_joined, last_login, follower_num, subscription_type, top_genre, num_songs_liked, most_played_artist, image) VALUES (100, 18, 20, 'Lale Umut', 'lale2', 'alemut100@example.com', '$2y$10$TIQFQHB9rIPsKjLI44tLreSd31mzX68IUJEly6ZJ3vCQz/MvgmqOm', '2011-03-09', '2020-08-01', 420, 'Premium', 'Classical', 292, 'Kaan Irem', 'https://picsum.photos/id/22/100/100');

-- ARTISTS Data --
INSERT INTO ARTISTS (artist_id, name, genre, date_joined, total_num_music, total_albums, listeners, bio, country_id, image) VALUES (1, 'Emre Murat', 'Dance', '2012-06-21', 186, 3, 3519202, 'A passionate artist creating Dance music.', 1, 'https://picsum.photos/id/137/150/150');
INSERT INTO ARTISTS (artist_id, name, genre, date_joined, total_num_music, total_albums, listeners, bio, country_id, image) VALUES (2, 'Can Nisa', 'Indie', '2005-04-15', 96, 8, 9064442, 'A passionate artist creating Indie music.', 8, 'https://picsum.photos/id/103/150/150');
INSERT INTO ARTISTS (artist_id, name, genre, date_joined, total_num_music, total_albums, listeners, bio, country_id, image) VALUES (3, 'Zeki Merve', 'Jazz', '2012-01-08', 76, 4, 77869, 'A passionate artist creating Jazz music.', 4, 'https://picsum.photos/id/113/150/150');
INSERT INTO ARTISTS (artist_id, name, genre, date_joined, total_num_music, total_albums, listeners, bio, country_id, image) VALUES (4, 'Emre Murat 1', 'Reggae', '2018-06-08', 81, 5, 9433820, 'A passionate artist creating Reggae music.', 20, 'https://picsum.photos/id/142/150/150');
INSERT INTO ARTISTS (artist_id, name, genre, date_joined, total_num_music, total_albums, listeners, bio, country_id, image) VALUES (5, 'Okan Koray', 'Rock', '2015-08-15', 138, 3, 9626432, 'A passionate artist creating Rock music.', 1, 'https://picsum.photos/id/182/150/150');
INSERT INTO ARTISTS (artist_id, name, genre, date_joined, total_num_music, total_albums, listeners, bio, country_id, image) VALUES (6, 'Onur Rüya', 'Country', '2015-03-11', 74, 4, 4922615, 'A passionate artist creating Country music.', 1, 'https://picsum.photos/id/154/150/150');
INSERT INTO ARTISTS (artist_id, name, genre, date_joined, total_num_music, total_albums, listeners, bio, country_id, image) VALUES (7, 'Burak Umut', 'Alternative', '2008-04-11', 142, 14, 6751918, 'A passionate artist creating Alternative music.', 7, 'https://picsum.photos/id/179/150/150');
INSERT INTO ARTISTS (artist_id, name, genre, date_joined, total_num_music, total_albums, listeners, bio, country_id, image) VALUES (8, 'Nisa Nisa', 'R&B', '2007-02-23', 13, 9, 5170943, 'A passionate artist creating R&B music.', 12, 'https://picsum.photos/id/198/150/150');
INSERT INTO ARTISTS (artist_id, name, genre, date_joined, total_num_music, total_albums, listeners, bio, country_id, image) VALUES (9, 'Volkan Ceren', 'Pop', '2014-11-10', 150, 12, 1696367, 'A passionate artist creating Pop music.', 12, 'https://picsum.photos/id/112/150/150');
INSERT INTO ARTISTS (artist_id, name, genre, date_joined, total_num_music, total_albums, listeners, bio, country_id, image) VALUES (10, 'Kerem Pinar', 'Dance', '2013-09-22', 73, 15, 7509098, 'A passionate artist creating Dance music.', 18, 'https://picsum.photos/id/170/150/150');
INSERT INTO ARTISTS (artist_id, name, genre, date_joined, total_num_music, total_albums, listeners, bio, country_id, image) VALUES (11, 'Volkan Umut', 'Classical', '2017-02-11', 158, 10, 3685122, 'A passionate artist creating Classical music.', 14, 'https://picsum.photos/id/116/150/150');
INSERT INTO ARTISTS (artist_id, name, genre, date_joined, total_num_music, total_albums, listeners, bio, country_id, image) VALUES (12, 'Lale Sefa', 'Alternative', '2016-04-06', 9, 3, 7091425, 'A passionate artist creating Alternative music.', 3, 'https://picsum.photos/id/190/150/150');
INSERT INTO ARTISTS (artist_id, name, genre, date_joined, total_num_music, total_albums, listeners, bio, country_id, image) VALUES (13, 'Rüya Ayşen', 'Indie', '2005-05-06', 39, 11, 5618404, 'A passionate artist creating Indie music.', 13, 'https://picsum.photos/id/186/150/150');
INSERT INTO ARTISTS (artist_id, name, genre, date_joined, total_num_music, total_albums, listeners, bio, country_id, image) VALUES (14, 'Kaan Okan', 'Country', '2016-04-28', 182, 6, 9664131, 'A passionate artist creating Country music.', 16, 'https://picsum.photos/id/173/150/150');
INSERT INTO ARTISTS (artist_id, name, genre, date_joined, total_num_music, total_albums, listeners, bio, country_id, image) VALUES (15, 'Yağmur Yasin', 'Hip Hop', '2006-01-17', 83, 8, 5279491, 'A passionate artist creating Hip Hop music.', 18, 'https://picsum.photos/id/179/150/150');
INSERT INTO ARTISTS (artist_id, name, genre, date_joined, total_num_music, total_albums, listeners, bio, country_id, image) VALUES (16, 'Vildan Koray', 'Blues', '2020-01-15', 115, 6, 4778568, 'A passionate artist creating Blues music.', 14, 'https://picsum.photos/id/177/150/150');
INSERT INTO ARTISTS (artist_id, name, genre, date_joined, total_num_music, total_albums, listeners, bio, country_id, image) VALUES (17, 'Elif Eda', 'Rock', '2021-09-13', 28, 12, 7665523, 'A passionate artist creating Rock music.', 14, 'https://picsum.photos/id/193/150/150');
INSERT INTO ARTISTS (artist_id, name, genre, date_joined, total_num_music, total_albums, listeners, bio, country_id, image) VALUES (18, 'Kaan Doruk', 'Electronic', '2010-06-27', 114, 6, 8084803, 'A passionate artist creating Electronic music.', 12, 'https://picsum.photos/id/103/150/150');
INSERT INTO ARTISTS (artist_id, name, genre, date_joined, total_num_music, total_albums, listeners, bio, country_id, image) VALUES (19, 'Burak Pinar', 'Folk', '2009-04-10', 138, 8, 9082031, 'A passionate artist creating Folk music.', 2, 'https://picsum.photos/id/150/150/150');
INSERT INTO ARTISTS (artist_id, name, genre, date_joined, total_num_music, total_albums, listeners, bio, country_id, image) VALUES (20, 'Gizem Zeynep', 'Alternative', '2020-04-07', 105, 7, 1937541, 'A passionate artist creating Alternative music.', 7, 'https://picsum.photos/id/163/150/150');
INSERT INTO ARTISTS (artist_id, name, genre, date_joined, total_num_music, total_albums, listeners, bio, country_id, image) VALUES (21, 'Yağmur Doruk', 'Country', '2005-02-11', 63, 1, 9267114, 'A passionate artist creating Country music.', 16, 'https://picsum.photos/id/186/150/150');
INSERT INTO ARTISTS (artist_id, name, genre, date_joined, total_num_music, total_albums, listeners, bio, country_id, image) VALUES (22, 'Elif Elif', 'Reggae', '2010-09-12', 73, 13, 4544848, 'A passionate artist creating Reggae music.', 13, 'https://picsum.photos/id/105/150/150');
INSERT INTO ARTISTS (artist_id, name, genre, date_joined, total_num_music, total_albums, listeners, bio, country_id, image) VALUES (23, 'Yağmur Doruk 1', 'Reggae', '2017-03-30', 127, 4, 9220043, 'A passionate artist creating Reggae music.', 19, 'https://picsum.photos/id/121/150/150');
INSERT INTO ARTISTS (artist_id, name, genre, date_joined, total_num_music, total_albums, listeners, bio, country_id, image) VALUES (24, 'Pinar Yağmur', 'Folk', '2014-04-25', 143, 5, 6729710, 'A passionate artist creating Folk music.', 4, 'https://picsum.photos/id/102/150/150');
INSERT INTO ARTISTS (artist_id, name, genre, date_joined, total_num_music, total_albums, listeners, bio, country_id, image) VALUES (25, 'Pinar Rüya', 'Hip Hop', '2009-12-15', 117, 9, 201329, 'A passionate artist creating Hip Hop music.', 8, 'https://picsum.photos/id/116/150/150');
INSERT INTO ARTISTS (artist_id, name, genre, date_joined, total_num_music, total_albums, listeners, bio, country_id, image) VALUES (26, 'Pinar Yeliz', 'Classical', '2022-02-24', 122, 5, 1635000, 'A passionate artist creating Classical music.', 16, 'https://picsum.photos/id/146/150/150');
INSERT INTO ARTISTS (artist_id, name, genre, date_joined, total_num_music, total_albums, listeners, bio, country_id, image) VALUES (27, 'Sefa Rüya', 'Indie', '2006-12-05', 124, 1, 389399, 'A passionate artist creating Indie music.', 20, 'https://picsum.photos/id/199/150/150');
INSERT INTO ARTISTS (artist_id, name, genre, date_joined, total_num_music, total_albums, listeners, bio, country_id, image) VALUES (28, 'Ayşen Pelin', 'Indie', '2021-11-11', 89, 15, 9943849, 'A passionate artist creating Indie music.', 2, 'https://picsum.photos/id/185/150/150');
INSERT INTO ARTISTS (artist_id, name, genre, date_joined, total_num_music, total_albums, listeners, bio, country_id, image) VALUES (29, 'Eda Pinar', 'Jazz', '2018-08-23', 197, 7, 8553474, 'A passionate artist creating Jazz music.', 7, 'https://picsum.photos/id/125/150/150');
INSERT INTO ARTISTS (artist_id, name, genre, date_joined, total_num_music, total_albums, listeners, bio, country_id, image) VALUES (30, 'Irem Zeki', 'Rock', '2012-05-22', 53, 13, 8936761, 'A passionate artist creating Rock music.', 18, 'https://picsum.photos/id/181/150/150');
INSERT INTO ARTISTS (artist_id, name, genre, date_joined, total_num_music, total_albums, listeners, bio, country_id, image) VALUES (31, 'Utku Sefa', 'Folk', '2005-05-15', 101, 8, 508973, 'A passionate artist creating Folk music.', 4, 'https://picsum.photos/id/178/150/150');
INSERT INTO ARTISTS (artist_id, name, genre, date_joined, total_num_music, total_albums, listeners, bio, country_id, image) VALUES (32, 'Burak Murat', 'Country', '2010-01-21', 22, 9, 7551452, 'A passionate artist creating Country music.', 2, 'https://picsum.photos/id/117/150/150');
INSERT INTO ARTISTS (artist_id, name, genre, date_joined, total_num_music, total_albums, listeners, bio, country_id, image) VALUES (33, 'Merve Tugçe', 'Indie', '2018-10-05', 133, 13, 9794706, 'A passionate artist creating Indie music.', 8, 'https://picsum.photos/id/189/150/150');
INSERT INTO ARTISTS (artist_id, name, genre, date_joined, total_num_music, total_albums, listeners, bio, country_id, image) VALUES (34, 'Vildan Mert', 'Hip Hop', '2019-10-10', 118, 1, 8419160, 'A passionate artist creating Hip Hop music.', 6, 'https://picsum.photos/id/140/150/150');
INSERT INTO ARTISTS (artist_id, name, genre, date_joined, total_num_music, total_albums, listeners, bio, country_id, image) VALUES (35, 'Pinar Yağmur 1', 'Indie', '2015-01-22', 167, 15, 1632783, 'A passionate artist creating Indie music.', 15, 'https://picsum.photos/id/175/150/150');
INSERT INTO ARTISTS (artist_id, name, genre, date_joined, total_num_music, total_albums, listeners, bio, country_id, image) VALUES (36, 'Ayşen Pelin 1', 'Dance', '2013-01-11', 177, 9, 8395424, 'A passionate artist creating Dance music.', 18, 'https://picsum.photos/id/166/150/150');
INSERT INTO ARTISTS (artist_id, name, genre, date_joined, total_num_music, total_albums, listeners, bio, country_id, image) VALUES (37, 'Elif Eda 1', 'Country', '2006-10-01', 104, 8, 3164779, 'A passionate artist creating Country music.', 12, 'https://picsum.photos/id/184/150/150');
INSERT INTO ARTISTS (artist_id, name, genre, date_joined, total_num_music, total_albums, listeners, bio, country_id, image) VALUES (38, 'Burak Pinar 1', 'Country', '2015-09-24', 112, 14, 9811121, 'A passionate artist creating Country music.', 2, 'https://picsum.photos/id/193/150/150');
INSERT INTO ARTISTS (artist_id, name, genre, date_joined, total_num_music, total_albums, listeners, bio, country_id, image) VALUES (39, 'Utku Tugçe', 'Dance', '2021-04-28', 186, 6, 4007728, 'A passionate artist creating Dance music.', 17, 'https://picsum.photos/id/156/150/150');
INSERT INTO ARTISTS (artist_id, name, genre, date_joined, total_num_music, total_albums, listeners, bio, country_id, image) VALUES (40, 'Ömer Rüya', 'Metal', '2014-09-10', 19, 8, 3520823, 'A passionate artist creating Metal music.', 5, 'https://picsum.photos/id/140/150/150');
INSERT INTO ARTISTS (artist_id, name, genre, date_joined, total_num_music, total_albums, listeners, bio, country_id, image) VALUES (41, 'Merve Irem', 'Alternative', '2011-12-18', 139, 11, 7372691, 'A passionate artist creating Alternative music.', 10, 'https://picsum.photos/id/103/150/150');
INSERT INTO ARTISTS (artist_id, name, genre, date_joined, total_num_music, total_albums, listeners, bio, country_id, image) VALUES (42, 'Ömer Emre', 'Blues', '2006-03-18', 174, 8, 4325031, 'A passionate artist creating Blues music.', 20, 'https://picsum.photos/id/153/150/150');
INSERT INTO ARTISTS (artist_id, name, genre, date_joined, total_num_music, total_albums, listeners, bio, country_id, image) VALUES (43, 'Emre Murat 2', 'Classical', '2011-08-10', 24, 2, 2873677, 'A passionate artist creating Classical music.', 19, 'https://picsum.photos/id/120/150/150');
INSERT INTO ARTISTS (artist_id, name, genre, date_joined, total_num_music, total_albums, listeners, bio, country_id, image) VALUES (44, 'Serkan Koray', 'Blues', '2010-01-03', 35, 6, 8774953, 'A passionate artist creating Blues music.', 10, 'https://picsum.photos/id/130/150/150');
INSERT INTO ARTISTS (artist_id, name, genre, date_joined, total_num_music, total_albums, listeners, bio, country_id, image) VALUES (45, 'Vildan Koray 1', 'Indie', '2014-08-05', 24, 14, 2799710, 'A passionate artist creating Indie music.', 18, 'https://picsum.photos/id/163/150/150');
INSERT INTO ARTISTS (artist_id, name, genre, date_joined, total_num_music, total_albums, listeners, bio, country_id, image) VALUES (46, 'Irem Lale', 'Jazz', '2019-09-23', 65, 5, 613546, 'A passionate artist creating Jazz music.', 20, 'https://picsum.photos/id/185/150/150');
INSERT INTO ARTISTS (artist_id, name, genre, date_joined, total_num_music, total_albums, listeners, bio, country_id, image) VALUES (47, 'Ömer Volkan', 'Jazz', '2010-07-24', 186, 14, 6456362, 'A passionate artist creating Jazz music.', 6, 'https://picsum.photos/id/150/150/150');
INSERT INTO ARTISTS (artist_id, name, genre, date_joined, total_num_music, total_albums, listeners, bio, country_id, image) VALUES (48, 'Koray Mert', 'Country', '2018-07-02', 103, 2, 5994825, 'A passionate artist creating Country music.', 19, 'https://picsum.photos/id/111/150/150');
INSERT INTO ARTISTS (artist_id, name, genre, date_joined, total_num_music, total_albums, listeners, bio, country_id, image) VALUES (49, 'Deniz Mert', 'Alternative', '2006-02-04', 121, 12, 8821859, 'A passionate artist creating Alternative music.', 5, 'https://picsum.photos/id/119/150/150');
INSERT INTO ARTISTS (artist_id, name, genre, date_joined, total_num_music, total_albums, listeners, bio, country_id, image) VALUES (50, 'Lale Sefa 1', 'Reggae', '2012-07-04', 157, 5, 6902470, 'A passionate artist creating Reggae music.', 9, 'https://picsum.photos/id/138/150/150');
INSERT INTO ARTISTS (artist_id, name, genre, date_joined, total_num_music, total_albums, listeners, bio, country_id, image) VALUES (51, 'Ceren Lale', 'Jazz', '2021-11-29', 35, 6, 2784002, 'A passionate artist creating Jazz music.', 10, 'https://picsum.photos/id/166/150/150');
INSERT INTO ARTISTS (artist_id, name, genre, date_joined, total_num_music, total_albums, listeners, bio, country_id, image) VALUES (52, 'Elif Ceren', 'Alternative', '2007-07-09', 85, 5, 9980963, 'A passionate artist creating Alternative music.', 20, 'https://picsum.photos/id/127/150/150');
INSERT INTO ARTISTS (artist_id, name, genre, date_joined, total_num_music, total_albums, listeners, bio, country_id, image) VALUES (53, 'Emre Nisa', 'R&B', '2020-11-29', 150, 13, 518908, 'A passionate artist creating R&B music.', 10, 'https://picsum.photos/id/107/150/150');
INSERT INTO ARTISTS (artist_id, name, genre, date_joined, total_num_music, total_albums, listeners, bio, country_id, image) VALUES (54, 'Ayşen Lale', 'Hip Hop', '2019-07-11', 177, 6, 8914385, 'A passionate artist creating Hip Hop music.', 17, 'https://picsum.photos/id/107/150/150');
INSERT INTO ARTISTS (artist_id, name, genre, date_joined, total_num_music, total_albums, listeners, bio, country_id, image) VALUES (55, 'Nisa Yeliz', 'Hip Hop', '2022-10-13', 26, 7, 877183, 'A passionate artist creating Hip Hop music.', 13, 'https://picsum.photos/id/106/150/150');
INSERT INTO ARTISTS (artist_id, name, genre, date_joined, total_num_music, total_albums, listeners, bio, country_id, image) VALUES (56, 'Kerem Irem', 'Blues', '2022-05-09', 102, 7, 9476878, 'A passionate artist creating Blues music.', 6, 'https://picsum.photos/id/168/150/150');
INSERT INTO ARTISTS (artist_id, name, genre, date_joined, total_num_music, total_albums, listeners, bio, country_id, image) VALUES (57, 'Volkan Ceren 1', 'Metal', '2005-08-11', 54, 5, 4968163, 'A passionate artist creating Metal music.', 19, 'https://picsum.photos/id/122/150/150');
INSERT INTO ARTISTS (artist_id, name, genre, date_joined, total_num_music, total_albums, listeners, bio, country_id, image) VALUES (58, 'Ayşen Yağmur', 'Rock', '2020-07-16', 23, 13, 6912087, 'A passionate artist creating Rock music.', 11, 'https://picsum.photos/id/130/150/150');
INSERT INTO ARTISTS (artist_id, name, genre, date_joined, total_num_music, total_albums, listeners, bio, country_id, image) VALUES (59, 'Eda Pinar 1', 'Dance', '2011-05-29', 51, 12, 6478041, 'A passionate artist creating Dance music.', 10, 'https://picsum.photos/id/139/150/150');
INSERT INTO ARTISTS (artist_id, name, genre, date_joined, total_num_music, total_albums, listeners, bio, country_id, image) VALUES (60, 'Ceren Yasin', 'Rock', '2014-11-12', 146, 15, 4959689, 'A passionate artist creating Rock music.', 7, 'https://picsum.photos/id/110/150/150');
INSERT INTO ARTISTS (artist_id, name, genre, date_joined, total_num_music, total_albums, listeners, bio, country_id, image) VALUES (61, 'Yağmur Yasin 1', 'Classical', '2015-10-26', 136, 1, 4676127, 'A passionate artist creating Classical music.', 10, 'https://picsum.photos/id/168/150/150');
INSERT INTO ARTISTS (artist_id, name, genre, date_joined, total_num_music, total_albums, listeners, bio, country_id, image) VALUES (62, 'Zeki Pelin', 'Country', '2012-11-16', 85, 6, 9307968, 'A passionate artist creating Country music.', 14, 'https://picsum.photos/id/157/150/150');
INSERT INTO ARTISTS (artist_id, name, genre, date_joined, total_num_music, total_albums, listeners, bio, country_id, image) VALUES (63, 'Kaan Irem', 'Electronic', '2014-03-18', 39, 8, 7510517, 'A passionate artist creating Electronic music.', 5, 'https://picsum.photos/id/129/150/150');
INSERT INTO ARTISTS (artist_id, name, genre, date_joined, total_num_music, total_albums, listeners, bio, country_id, image) VALUES (64, 'Ceren Yasin 1', 'R&B', '2022-12-26', 89, 6, 6106076, 'A passionate artist creating R&B music.', 2, 'https://picsum.photos/id/175/150/150');
INSERT INTO ARTISTS (artist_id, name, genre, date_joined, total_num_music, total_albums, listeners, bio, country_id, image) VALUES (65, 'Zeki Merve 1', 'R&B', '2015-04-23', 121, 3, 5958514, 'A passionate artist creating R&B music.', 6, 'https://picsum.photos/id/127/150/150');
INSERT INTO ARTISTS (artist_id, name, genre, date_joined, total_num_music, total_albums, listeners, bio, country_id, image) VALUES (66, 'Ceren Yasin 2', 'Jazz', '2018-11-21', 159, 8, 8805988, 'A passionate artist creating Jazz music.', 11, 'https://picsum.photos/id/103/150/150');
INSERT INTO ARTISTS (artist_id, name, genre, date_joined, total_num_music, total_albums, listeners, bio, country_id, image) VALUES (67, 'Ömer Bahar', 'Indie', '2016-02-28', 134, 8, 6138803, 'A passionate artist creating Indie music.', 2, 'https://picsum.photos/id/130/150/150');
INSERT INTO ARTISTS (artist_id, name, genre, date_joined, total_num_music, total_albums, listeners, bio, country_id, image) VALUES (68, 'Ceren Yağmur', 'Electronic', '2008-08-02', 5, 10, 1325045, 'A passionate artist creating Electronic music.', 7, 'https://picsum.photos/id/174/150/150');
INSERT INTO ARTISTS (artist_id, name, genre, date_joined, total_num_music, total_albums, listeners, bio, country_id, image) VALUES (69, 'Lale Sefa 2', 'Dance', '2019-09-05', 48, 11, 8287567, 'A passionate artist creating Dance music.', 13, 'https://picsum.photos/id/190/150/150');
INSERT INTO ARTISTS (artist_id, name, genre, date_joined, total_num_music, total_albums, listeners, bio, country_id, image) VALUES (70, 'Zeki Mert', 'Indie', '2006-05-15', 32, 12, 3337029, 'A passionate artist creating Indie music.', 20, 'https://picsum.photos/id/128/150/150');
INSERT INTO ARTISTS (artist_id, name, genre, date_joined, total_num_music, total_albums, listeners, bio, country_id, image) VALUES (71, 'Utku Okan', 'Metal', '2008-06-21', 167, 10, 838413, 'A passionate artist creating Metal music.', 12, 'https://picsum.photos/id/155/150/150');
INSERT INTO ARTISTS (artist_id, name, genre, date_joined, total_num_music, total_albums, listeners, bio, country_id, image) VALUES (72, 'Zeki Pelin 1', 'Jazz', '2017-01-31', 53, 9, 7901351, 'A passionate artist creating Jazz music.', 10, 'https://picsum.photos/id/110/150/150');
INSERT INTO ARTISTS (artist_id, name, genre, date_joined, total_num_music, total_albums, listeners, bio, country_id, image) VALUES (73, 'Merve Tugçe 1', 'Dance', '2022-05-04', 87, 7, 9619585, 'A passionate artist creating Dance music.', 18, 'https://picsum.photos/id/120/150/150');
INSERT INTO ARTISTS (artist_id, name, genre, date_joined, total_num_music, total_albums, listeners, bio, country_id, image) VALUES (74, 'Onur Rüya 1', 'Hip Hop', '2009-06-22', 135, 2, 1321427, 'A passionate artist creating Hip Hop music.', 8, 'https://picsum.photos/id/183/150/150');
INSERT INTO ARTISTS (artist_id, name, genre, date_joined, total_num_music, total_albums, listeners, bio, country_id, image) VALUES (75, 'Kerem Irem 1', 'Classical', '2021-10-25', 15, 13, 8482120, 'A passionate artist creating Classical music.', 20, 'https://picsum.photos/id/115/150/150');
INSERT INTO ARTISTS (artist_id, name, genre, date_joined, total_num_music, total_albums, listeners, bio, country_id, image) VALUES (76, 'Elif Elif 1', 'Metal', '2020-06-10', 200, 7, 1730890, 'A passionate artist creating Metal music.', 19, 'https://picsum.photos/id/170/150/150');
INSERT INTO ARTISTS (artist_id, name, genre, date_joined, total_num_music, total_albums, listeners, bio, country_id, image) VALUES (77, 'Ceren Irem', 'Reggae', '2007-12-01', 60, 7, 5573088, 'A passionate artist creating Reggae music.', 16, 'https://picsum.photos/id/159/150/150');
INSERT INTO ARTISTS (artist_id, name, genre, date_joined, total_num_music, total_albums, listeners, bio, country_id, image) VALUES (78, 'Okan Koray 1', 'Rock', '2016-09-25', 66, 2, 8976966, 'A passionate artist creating Rock music.', 13, 'https://picsum.photos/id/149/150/150');
INSERT INTO ARTISTS (artist_id, name, genre, date_joined, total_num_music, total_albums, listeners, bio, country_id, image) VALUES (79, 'Utku Tugçe 1', 'Folk', '2019-05-21', 154, 12, 6142966, 'A passionate artist creating Folk music.', 9, 'https://picsum.photos/id/128/150/150');
INSERT INTO ARTISTS (artist_id, name, genre, date_joined, total_num_music, total_albums, listeners, bio, country_id, image) VALUES (80, 'Merve Tugçe 2', 'Blues', '2013-04-23', 99, 1, 9441190, 'A passionate artist creating Blues music.', 16, 'https://picsum.photos/id/160/150/150');
INSERT INTO ARTISTS (artist_id, name, genre, date_joined, total_num_music, total_albums, listeners, bio, country_id, image) VALUES (81, 'Eda Pinar 2', 'Electronic', '2011-12-11', 101, 4, 9410338, 'A passionate artist creating Electronic music.', 13, 'https://picsum.photos/id/177/150/150');
INSERT INTO ARTISTS (artist_id, name, genre, date_joined, total_num_music, total_albums, listeners, bio, country_id, image) VALUES (82, 'Kaan Okan 1', 'Classical', '2013-12-16', 87, 5, 9658866, 'A passionate artist creating Classical music.', 1, 'https://picsum.photos/id/101/150/150');
INSERT INTO ARTISTS (artist_id, name, genre, date_joined, total_num_music, total_albums, listeners, bio, country_id, image) VALUES (83, 'Burak Pinar 2', 'Dance', '2015-08-17', 154, 10, 8251272, 'A passionate artist creating Dance music.', 18, 'https://picsum.photos/id/144/150/150');
INSERT INTO ARTISTS (artist_id, name, genre, date_joined, total_num_music, total_albums, listeners, bio, country_id, image) VALUES (84, 'Vildan Koray 2', 'Reggae', '2019-01-12', 152, 13, 8923539, 'A passionate artist creating Reggae music.', 18, 'https://picsum.photos/id/171/150/150');
INSERT INTO ARTISTS (artist_id, name, genre, date_joined, total_num_music, total_albums, listeners, bio, country_id, image) VALUES (85, 'Kerem Ömer', 'R&B', '2005-03-01', 200, 13, 1493436, 'A passionate artist creating R&B music.', 16, 'https://picsum.photos/id/104/150/150');
INSERT INTO ARTISTS (artist_id, name, genre, date_joined, total_num_music, total_albums, listeners, bio, country_id, image) VALUES (86, 'Pinar Yeliz 1', 'R&B', '2021-10-02', 134, 8, 7810083, 'A passionate artist creating R&B music.', 13, 'https://picsum.photos/id/117/150/150');
INSERT INTO ARTISTS (artist_id, name, genre, date_joined, total_num_music, total_albums, listeners, bio, country_id, image) VALUES (87, 'Irem Lale 1', 'Blues', '2013-04-22', 70, 6, 1893184, 'A passionate artist creating Blues music.', 20, 'https://picsum.photos/id/187/150/150');
INSERT INTO ARTISTS (artist_id, name, genre, date_joined, total_num_music, total_albums, listeners, bio, country_id, image) VALUES (88, 'Kerem Pinar 1', 'Metal', '2014-12-25', 161, 2, 8618652, 'A passionate artist creating Metal music.', 18, 'https://picsum.photos/id/122/150/150');
INSERT INTO ARTISTS (artist_id, name, genre, date_joined, total_num_music, total_albums, listeners, bio, country_id, image) VALUES (89, 'Kerem Senem', 'Country', '2011-02-09', 86, 7, 724702, 'A passionate artist creating Country music.', 15, 'https://picsum.photos/id/176/150/150');
INSERT INTO ARTISTS (artist_id, name, genre, date_joined, total_num_music, total_albums, listeners, bio, country_id, image) VALUES (90, 'Kaan Ceren', 'Dance', '2012-10-22', 159, 11, 8575231, 'A passionate artist creating Dance music.', 7, 'https://picsum.photos/id/152/150/150');
INSERT INTO ARTISTS (artist_id, name, genre, date_joined, total_num_music, total_albums, listeners, bio, country_id, image) VALUES (91, 'Umut Eda', 'Dance', '2012-05-18', 137, 1, 7273102, 'A passionate artist creating Dance music.', 7, 'https://picsum.photos/id/142/150/150');
INSERT INTO ARTISTS (artist_id, name, genre, date_joined, total_num_music, total_albums, listeners, bio, country_id, image) VALUES (92, 'Emre Murat 3', 'Country', '2006-01-19', 163, 2, 5256982, 'A passionate artist creating Country music.', 3, 'https://picsum.photos/id/138/150/150');
INSERT INTO ARTISTS (artist_id, name, genre, date_joined, total_num_music, total_albums, listeners, bio, country_id, image) VALUES (93, 'Pelin Koray', 'Blues', '2020-03-14', 102, 13, 9079780, 'A passionate artist creating Blues music.', 15, 'https://picsum.photos/id/131/150/150');
INSERT INTO ARTISTS (artist_id, name, genre, date_joined, total_num_music, total_albums, listeners, bio, country_id, image) VALUES (94, 'Kerem Ömer 1', 'Folk', '2022-04-24', 159, 13, 7661354, 'A passionate artist creating Folk music.', 5, 'https://picsum.photos/id/141/150/150');
INSERT INTO ARTISTS (artist_id, name, genre, date_joined, total_num_music, total_albums, listeners, bio, country_id, image) VALUES (95, 'Zeki Pelin 2', 'Alternative', '2009-02-20', 170, 2, 4119862, 'A passionate artist creating Alternative music.', 2, 'https://picsum.photos/id/144/150/150');
INSERT INTO ARTISTS (artist_id, name, genre, date_joined, total_num_music, total_albums, listeners, bio, country_id, image) VALUES (96, 'Zeynep Tugçe', 'Dance', '2011-12-27', 191, 4, 1054361, 'A passionate artist creating Dance music.', 17, 'https://picsum.photos/id/148/150/150');
INSERT INTO ARTISTS (artist_id, name, genre, date_joined, total_num_music, total_albums, listeners, bio, country_id, image) VALUES (97, 'Burak Pinar 3', 'Indie', '2010-08-26', 122, 7, 6555308, 'A passionate artist creating Indie music.', 2, 'https://picsum.photos/id/145/150/150');
INSERT INTO ARTISTS (artist_id, name, genre, date_joined, total_num_music, total_albums, listeners, bio, country_id, image) VALUES (98, 'Ömer Murat', 'Hip Hop', '2005-09-29', 30, 3, 4464363, 'A passionate artist creating Hip Hop music.', 2, 'https://picsum.photos/id/154/150/150');
INSERT INTO ARTISTS (artist_id, name, genre, date_joined, total_num_music, total_albums, listeners, bio, country_id, image) VALUES (99, 'Umut Eda 1', 'Jazz', '2012-05-17', 163, 5, 8881429, 'A passionate artist creating Jazz music.', 17, 'https://picsum.photos/id/160/150/150');
INSERT INTO ARTISTS (artist_id, name, genre, date_joined, total_num_music, total_albums, listeners, bio, country_id, image) VALUES (100, 'Zeki Serkan', 'Classical', '2016-05-14', 58, 10, 7807117, 'A passionate artist creating Classical music.', 12, 'https://picsum.photos/id/155/150/150');

-- ALBUMS Data --
INSERT INTO ALBUMS (album_id, artist_id, name, release_date, genre, music_number, image) VALUES (1, 69, 'Album jNrUgE4z', '2016-08-15', 'Classical', 19, 'https://picsum.photos/id/295/200/200');
INSERT INTO ALBUMS (album_id, artist_id, name, release_date, genre, music_number, image) VALUES (2, 91, 'Album QikJozzH', '2017-01-14', 'Metal', 20, 'https://picsum.photos/id/250/200/200');
INSERT INTO ALBUMS (album_id, artist_id, name, release_date, genre, music_number, image) VALUES (3, 25, 'Album X1zOiVpm', '2014-07-15', 'Metal', 9, 'https://picsum.photos/id/274/200/200');
INSERT INTO ALBUMS (album_id, artist_id, name, release_date, genre, music_number, image) VALUES (4, 50, 'Album Z3muvyGC', '2013-11-25', 'Reggae', 16, 'https://picsum.photos/id/286/200/200');
INSERT INTO ALBUMS (album_id, artist_id, name, release_date, genre, music_number, image) VALUES (5, 31, 'Album DSrTrU2i', '2012-07-23', 'Classical', 19, 'https://picsum.photos/id/262/200/200');
INSERT INTO ALBUMS (album_id, artist_id, name, release_date, genre, music_number, image) VALUES (6, 37, 'Album efMCbNLe', '2018-03-29', 'Hip Hop', 15, 'https://picsum.photos/id/216/200/200');
INSERT INTO ALBUMS (album_id, artist_id, name, release_date, genre, music_number, image) VALUES (7, 88, 'Album bdTp6B02', '2013-07-18', 'R&B', 12, 'https://picsum.photos/id/254/200/200');
INSERT INTO ALBUMS (album_id, artist_id, name, release_date, genre, music_number, image) VALUES (8, 46, 'Album bwJGRFuo', '2017-05-08', 'R&B', 16, 'https://picsum.photos/id/259/200/200');
INSERT INTO ALBUMS (album_id, artist_id, name, release_date, genre, music_number, image) VALUES (9, 75, 'Album qOdb8Sdf', '2009-07-19', 'Alternative', 19, 'https://picsum.photos/id/251/200/200');
INSERT INTO ALBUMS (album_id, artist_id, name, release_date, genre, music_number, image) VALUES (10, 74, 'Album bT39sDH1', '2010-11-25', 'Jazz', 9, 'https://picsum.photos/id/218/200/200');
INSERT INTO ALBUMS (album_id, artist_id, name, release_date, genre, music_number, image) VALUES (11, 81, 'Album sNl4XFh1', '2019-02-05', 'Rock', 16, 'https://picsum.photos/id/256/200/200');
INSERT INTO ALBUMS (album_id, artist_id, name, release_date, genre, music_number, image) VALUES (12, 12, 'Album m6W8GtfC', '2017-12-19', 'Folk', 15, 'https://picsum.photos/id/210/200/200');
INSERT INTO ALBUMS (album_id, artist_id, name, release_date, genre, music_number, image) VALUES (13, 27, 'Album k5QZgNxx', '2017-03-29', 'Folk', 13, 'https://picsum.photos/id/238/200/200');
INSERT INTO ALBUMS (album_id, artist_id, name, release_date, genre, music_number, image) VALUES (14, 5, 'Album 4UTDjVhM', '2010-04-21', 'R&B', 17, 'https://picsum.photos/id/281/200/200');
INSERT INTO ALBUMS (album_id, artist_id, name, release_date, genre, music_number, image) VALUES (15, 85, 'Album wtC1uL0L', '2010-09-28', 'Metal', 20, 'https://picsum.photos/id/221/200/200');
INSERT INTO ALBUMS (album_id, artist_id, name, release_date, genre, music_number, image) VALUES (16, 71, 'Album ath4OSUW', '2011-04-13', 'Rock', 15, 'https://picsum.photos/id/229/200/200');
INSERT INTO ALBUMS (album_id, artist_id, name, release_date, genre, music_number, image) VALUES (17, 2, 'Album wrYM0qj8', '2021-06-17', 'Blues', 13, 'https://picsum.photos/id/278/200/200');
INSERT INTO ALBUMS (album_id, artist_id, name, release_date, genre, music_number, image) VALUES (18, 35, 'Album zu0MZ3TI', '2011-08-11', 'Jazz', 10, 'https://picsum.photos/id/252/200/200');
INSERT INTO ALBUMS (album_id, artist_id, name, release_date, genre, music_number, image) VALUES (19, 83, 'Album 4LnMxGaQ', '2010-04-21', 'Reggae', 7, 'https://picsum.photos/id/273/200/200');
INSERT INTO ALBUMS (album_id, artist_id, name, release_date, genre, music_number, image) VALUES (20, 10, 'Album d2VZx0Uf', '2024-02-03', 'Metal', 6, 'https://picsum.photos/id/284/200/200');
INSERT INTO ALBUMS (album_id, artist_id, name, release_date, genre, music_number, image) VALUES (21, 45, 'Album RkFed5Ix', '2015-01-08', 'Hip Hop', 7, 'https://picsum.photos/id/210/200/200');
INSERT INTO ALBUMS (album_id, artist_id, name, release_date, genre, music_number, image) VALUES (22, 43, 'Album B3zNd5Ho', '2013-01-20', 'Country', 10, 'https://picsum.photos/id/210/200/200');
INSERT INTO ALBUMS (album_id, artist_id, name, release_date, genre, music_number, image) VALUES (23, 5, 'Album O9CJk4sx', '2019-03-17', 'Blues', 18, 'https://picsum.photos/id/254/200/200');
INSERT INTO ALBUMS (album_id, artist_id, name, release_date, genre, music_number, image) VALUES (24, 21, 'Album yzGc48sv', '2013-06-05', 'Reggae', 9, 'https://picsum.photos/id/257/200/200');
INSERT INTO ALBUMS (album_id, artist_id, name, release_date, genre, music_number, image) VALUES (25, 2, 'Album ZekTSQUN', '2015-07-27', 'Classical', 10, 'https://picsum.photos/id/229/200/200');
INSERT INTO ALBUMS (album_id, artist_id, name, release_date, genre, music_number, image) VALUES (26, 3, 'Album NizbhjwM', '2015-11-07', 'Blues', 17, 'https://picsum.photos/id/231/200/200');
INSERT INTO ALBUMS (album_id, artist_id, name, release_date, genre, music_number, image) VALUES (27, 53, 'Album 1E8k2mPw', '2018-03-26', 'Hip Hop', 5, 'https://picsum.photos/id/211/200/200');
INSERT INTO ALBUMS (album_id, artist_id, name, release_date, genre, music_number, image) VALUES (28, 1, 'Album HYe0Lmtw', '2021-11-09', 'Electronic', 12, 'https://picsum.photos/id/201/200/200');
INSERT INTO ALBUMS (album_id, artist_id, name, release_date, genre, music_number, image) VALUES (29, 33, 'Album XwxJ4Hgi', '2016-10-18', 'Folk', 7, 'https://picsum.photos/id/284/200/200');
INSERT INTO ALBUMS (album_id, artist_id, name, release_date, genre, music_number, image) VALUES (30, 8, 'Album rleokwrX', '2017-06-13', 'Reggae', 17, 'https://picsum.photos/id/297/200/200');
INSERT INTO ALBUMS (album_id, artist_id, name, release_date, genre, music_number, image) VALUES (31, 97, 'Album rPayYpgi', '2010-03-20', 'Alternative', 9, 'https://picsum.photos/id/269/200/200');
INSERT INTO ALBUMS (album_id, artist_id, name, release_date, genre, music_number, image) VALUES (32, 90, 'Album k3W96JMp', '2019-04-23', 'Jazz', 7, 'https://picsum.photos/id/253/200/200');
INSERT INTO ALBUMS (album_id, artist_id, name, release_date, genre, music_number, image) VALUES (33, 58, 'Album xGe8aGRX', '2011-03-30', 'Country', 18, 'https://picsum.photos/id/290/200/200');
INSERT INTO ALBUMS (album_id, artist_id, name, release_date, genre, music_number, image) VALUES (34, 97, 'Album MM1oZSjq', '2019-09-08', 'Classical', 17, 'https://picsum.photos/id/249/200/200');
INSERT INTO ALBUMS (album_id, artist_id, name, release_date, genre, music_number, image) VALUES (35, 86, 'Album c9l7UwP5', '2009-10-12', 'Rock', 16, 'https://picsum.photos/id/216/200/200');
INSERT INTO ALBUMS (album_id, artist_id, name, release_date, genre, music_number, image) VALUES (36, 53, 'Album Bq3I75Lt', '2020-02-27', 'Folk', 6, 'https://picsum.photos/id/230/200/200');
INSERT INTO ALBUMS (album_id, artist_id, name, release_date, genre, music_number, image) VALUES (37, 77, 'Album 71EucQO6', '2022-12-11', 'Indie', 15, 'https://picsum.photos/id/261/200/200');
INSERT INTO ALBUMS (album_id, artist_id, name, release_date, genre, music_number, image) VALUES (38, 77, 'Album GULsCVtK', '2012-04-03', 'Folk', 19, 'https://picsum.photos/id/275/200/200');
INSERT INTO ALBUMS (album_id, artist_id, name, release_date, genre, music_number, image) VALUES (39, 18, 'Album tu8b6LRz', '2009-05-28', 'Metal', 16, 'https://picsum.photos/id/242/200/200');
INSERT INTO ALBUMS (album_id, artist_id, name, release_date, genre, music_number, image) VALUES (40, 21, 'Album I69Lv04b', '2016-12-09', 'Classical', 10, 'https://picsum.photos/id/224/200/200');
INSERT INTO ALBUMS (album_id, artist_id, name, release_date, genre, music_number, image) VALUES (41, 53, 'Album dft6AYfm', '2010-07-08', 'Electronic', 20, 'https://picsum.photos/id/224/200/200');
INSERT INTO ALBUMS (album_id, artist_id, name, release_date, genre, music_number, image) VALUES (42, 36, 'Album UeGHDFdW', '2011-03-11', 'Classical', 20, 'https://picsum.photos/id/214/200/200');
INSERT INTO ALBUMS (album_id, artist_id, name, release_date, genre, music_number, image) VALUES (43, 82, 'Album Ri1EEXfb', '2009-05-19', 'Jazz', 18, 'https://picsum.photos/id/221/200/200');
INSERT INTO ALBUMS (album_id, artist_id, name, release_date, genre, music_number, image) VALUES (44, 15, 'Album pwH15bit', '2014-06-19', 'Pop', 9, 'https://picsum.photos/id/209/200/200');
INSERT INTO ALBUMS (album_id, artist_id, name, release_date, genre, music_number, image) VALUES (45, 50, 'Album EgsAMXiq', '2015-04-23', 'Alternative', 17, 'https://picsum.photos/id/256/200/200');
INSERT INTO ALBUMS (album_id, artist_id, name, release_date, genre, music_number, image) VALUES (46, 95, 'Album BvD4zHkm', '2014-11-16', 'Alternative', 18, 'https://picsum.photos/id/299/200/200');
INSERT INTO ALBUMS (album_id, artist_id, name, release_date, genre, music_number, image) VALUES (47, 94, 'Album z9rbSSNL', '2014-05-25', 'Dance', 11, 'https://picsum.photos/id/280/200/200');
INSERT INTO ALBUMS (album_id, artist_id, name, release_date, genre, music_number, image) VALUES (48, 80, 'Album 8xiWn4Jn', '2013-04-15', 'Pop', 15, 'https://picsum.photos/id/209/200/200');
INSERT INTO ALBUMS (album_id, artist_id, name, release_date, genre, music_number, image) VALUES (49, 53, 'Album sclamv0t', '2012-09-14', 'Blues', 20, 'https://picsum.photos/id/217/200/200');
INSERT INTO ALBUMS (album_id, artist_id, name, release_date, genre, music_number, image) VALUES (50, 72, 'Album j9Crp2XI', '2012-05-09', 'Alternative', 17, 'https://picsum.photos/id/217/200/200');
INSERT INTO ALBUMS (album_id, artist_id, name, release_date, genre, music_number, image) VALUES (51, 8, 'Album rlAFnQ9x', '2020-09-12', 'Classical', 16, 'https://picsum.photos/id/222/200/200');
INSERT INTO ALBUMS (album_id, artist_id, name, release_date, genre, music_number, image) VALUES (52, 29, 'Album l89azgip', '2008-06-30', 'Country', 5, 'https://picsum.photos/id/295/200/200');
INSERT INTO ALBUMS (album_id, artist_id, name, release_date, genre, music_number, image) VALUES (53, 73, 'Album idsw2sIi', '2022-02-13', 'Country', 13, 'https://picsum.photos/id/243/200/200');
INSERT INTO ALBUMS (album_id, artist_id, name, release_date, genre, music_number, image) VALUES (54, 56, 'Album 2sCfwSK6', '2024-04-27', 'Blues', 8, 'https://picsum.photos/id/219/200/200');
INSERT INTO ALBUMS (album_id, artist_id, name, release_date, genre, music_number, image) VALUES (55, 95, 'Album 4aIY1llO', '2011-02-26', 'Metal', 17, 'https://picsum.photos/id/236/200/200');
INSERT INTO ALBUMS (album_id, artist_id, name, release_date, genre, music_number, image) VALUES (56, 83, 'Album U4Ag9lXM', '2012-03-21', 'Country', 9, 'https://picsum.photos/id/259/200/200');
INSERT INTO ALBUMS (album_id, artist_id, name, release_date, genre, music_number, image) VALUES (57, 94, 'Album yitPKktV', '2023-01-03', 'Pop', 9, 'https://picsum.photos/id/264/200/200');
INSERT INTO ALBUMS (album_id, artist_id, name, release_date, genre, music_number, image) VALUES (58, 90, 'Album lgUknAlS', '2014-11-24', 'Alternative', 11, 'https://picsum.photos/id/270/200/200');
INSERT INTO ALBUMS (album_id, artist_id, name, release_date, genre, music_number, image) VALUES (59, 57, 'Album SBDwaLli', '2016-09-30', 'Reggae', 19, 'https://picsum.photos/id/259/200/200');
INSERT INTO ALBUMS (album_id, artist_id, name, release_date, genre, music_number, image) VALUES (60, 45, 'Album ALMMvz68', '2018-05-04', 'Folk', 14, 'https://picsum.photos/id/277/200/200');
INSERT INTO ALBUMS (album_id, artist_id, name, release_date, genre, music_number, image) VALUES (61, 55, 'Album bMX03VhF', '2015-03-24', 'Hip Hop', 5, 'https://picsum.photos/id/269/200/200');
INSERT INTO ALBUMS (album_id, artist_id, name, release_date, genre, music_number, image) VALUES (62, 38, 'Album yVLItvoT', '2024-01-16', 'Blues', 6, 'https://picsum.photos/id/277/200/200');
INSERT INTO ALBUMS (album_id, artist_id, name, release_date, genre, music_number, image) VALUES (63, 10, 'Album ZbKZ0XFR', '2016-02-17', 'Dance', 10, 'https://picsum.photos/id/261/200/200');
INSERT INTO ALBUMS (album_id, artist_id, name, release_date, genre, music_number, image) VALUES (64, 12, 'Album gh4z9FXQ', '2013-12-27', 'Jazz', 10, 'https://picsum.photos/id/256/200/200');
INSERT INTO ALBUMS (album_id, artist_id, name, release_date, genre, music_number, image) VALUES (65, 96, 'Album fZvRvhV8', '2009-01-05', 'Jazz', 8, 'https://picsum.photos/id/275/200/200');
INSERT INTO ALBUMS (album_id, artist_id, name, release_date, genre, music_number, image) VALUES (66, 50, 'Album lkDiVmvz', '2018-08-20', 'Alternative', 18, 'https://picsum.photos/id/238/200/200');
INSERT INTO ALBUMS (album_id, artist_id, name, release_date, genre, music_number, image) VALUES (67, 41, 'Album xeD9wfyg', '2023-07-18', 'Rock', 5, 'https://picsum.photos/id/253/200/200');
INSERT INTO ALBUMS (album_id, artist_id, name, release_date, genre, music_number, image) VALUES (68, 7, 'Album McKNOKD5', '2020-11-25', 'Folk', 14, 'https://picsum.photos/id/297/200/200');
INSERT INTO ALBUMS (album_id, artist_id, name, release_date, genre, music_number, image) VALUES (69, 60, 'Album 2nPlHEzy', '2012-06-04', 'Dance', 5, 'https://picsum.photos/id/234/200/200');
INSERT INTO ALBUMS (album_id, artist_id, name, release_date, genre, music_number, image) VALUES (70, 74, 'Album MbKxYHrN', '2010-06-30', 'R&B', 10, 'https://picsum.photos/id/214/200/200');
INSERT INTO ALBUMS (album_id, artist_id, name, release_date, genre, music_number, image) VALUES (71, 92, 'Album IrwJhvTF', '2011-06-08', 'R&B', 16, 'https://picsum.photos/id/247/200/200');
INSERT INTO ALBUMS (album_id, artist_id, name, release_date, genre, music_number, image) VALUES (72, 66, 'Album AbxAQolA', '2009-06-28', 'Electronic', 20, 'https://picsum.photos/id/290/200/200');
INSERT INTO ALBUMS (album_id, artist_id, name, release_date, genre, music_number, image) VALUES (73, 83, 'Album DPpLxEJE', '2019-06-20', 'Reggae', 13, 'https://picsum.photos/id/299/200/200');
INSERT INTO ALBUMS (album_id, artist_id, name, release_date, genre, music_number, image) VALUES (74, 2, 'Album 2TQJlnnJ', '2009-05-31', 'R&B', 20, 'https://picsum.photos/id/294/200/200');
INSERT INTO ALBUMS (album_id, artist_id, name, release_date, genre, music_number, image) VALUES (75, 34, 'Album W2K2IOwy', '2020-03-18', 'Rock', 7, 'https://picsum.photos/id/242/200/200');
INSERT INTO ALBUMS (album_id, artist_id, name, release_date, genre, music_number, image) VALUES (76, 99, 'Album PCohR1gO', '2013-06-07', 'Electronic', 9, 'https://picsum.photos/id/234/200/200');
INSERT INTO ALBUMS (album_id, artist_id, name, release_date, genre, music_number, image) VALUES (77, 34, 'Album gD1YuWiU', '2008-03-25', 'R&B', 16, 'https://picsum.photos/id/211/200/200');
INSERT INTO ALBUMS (album_id, artist_id, name, release_date, genre, music_number, image) VALUES (78, 24, 'Album 6udmAMUT', '2008-07-01', 'Rock', 18, 'https://picsum.photos/id/205/200/200');
INSERT INTO ALBUMS (album_id, artist_id, name, release_date, genre, music_number, image) VALUES (79, 32, 'Album 5sG1C5am', '2016-05-05', 'Indie', 7, 'https://picsum.photos/id/224/200/200');
INSERT INTO ALBUMS (album_id, artist_id, name, release_date, genre, music_number, image) VALUES (80, 25, 'Album NunyDS1f', '2015-06-26', 'Folk', 12, 'https://picsum.photos/id/209/200/200');
INSERT INTO ALBUMS (album_id, artist_id, name, release_date, genre, music_number, image) VALUES (81, 92, 'Album jnlL3UGi', '2022-05-03', 'Jazz', 5, 'https://picsum.photos/id/291/200/200');
INSERT INTO ALBUMS (album_id, artist_id, name, release_date, genre, music_number, image) VALUES (82, 3, 'Album cjCzRxhA', '2021-10-11', 'Blues', 12, 'https://picsum.photos/id/224/200/200');
INSERT INTO ALBUMS (album_id, artist_id, name, release_date, genre, music_number, image) VALUES (83, 17, 'Album 2f8GPnPb', '2020-02-19', 'Pop', 6, 'https://picsum.photos/id/294/200/200');
INSERT INTO ALBUMS (album_id, artist_id, name, release_date, genre, music_number, image) VALUES (84, 38, 'Album QmwqQ6s0', '2010-12-06', 'Hip Hop', 17, 'https://picsum.photos/id/218/200/200');
INSERT INTO ALBUMS (album_id, artist_id, name, release_date, genre, music_number, image) VALUES (85, 94, 'Album Zy4vNNfp', '2014-04-26', 'Hip Hop', 11, 'https://picsum.photos/id/251/200/200');
INSERT INTO ALBUMS (album_id, artist_id, name, release_date, genre, music_number, image) VALUES (86, 23, 'Album qdSIcQRQ', '2014-12-03', 'Electronic', 7, 'https://picsum.photos/id/204/200/200');
INSERT INTO ALBUMS (album_id, artist_id, name, release_date, genre, music_number, image) VALUES (87, 89, 'Album 24FIHugI', '2017-10-28', 'Reggae', 12, 'https://picsum.photos/id/235/200/200');
INSERT INTO ALBUMS (album_id, artist_id, name, release_date, genre, music_number, image) VALUES (88, 75, 'Album DZOJWems', '2019-07-31', 'Dance', 20, 'https://picsum.photos/id/235/200/200');
INSERT INTO ALBUMS (album_id, artist_id, name, release_date, genre, music_number, image) VALUES (89, 66, 'Album jKP0wfXG', '2023-07-14', 'Rock', 14, 'https://picsum.photos/id/240/200/200');
INSERT INTO ALBUMS (album_id, artist_id, name, release_date, genre, music_number, image) VALUES (90, 25, 'Album Is83KKSc', '2021-12-22', 'Hip Hop', 6, 'https://picsum.photos/id/284/200/200');
INSERT INTO ALBUMS (album_id, artist_id, name, release_date, genre, music_number, image) VALUES (91, 95, 'Album ScvDkgwq', '2013-09-02', 'Electronic', 6, 'https://picsum.photos/id/206/200/200');
INSERT INTO ALBUMS (album_id, artist_id, name, release_date, genre, music_number, image) VALUES (92, 12, 'Album AKV37lnP', '2018-06-27', 'Metal', 15, 'https://picsum.photos/id/270/200/200');
INSERT INTO ALBUMS (album_id, artist_id, name, release_date, genre, music_number, image) VALUES (93, 21, 'Album QfndfrIt', '2022-03-05', 'Alternative', 6, 'https://picsum.photos/id/227/200/200');
INSERT INTO ALBUMS (album_id, artist_id, name, release_date, genre, music_number, image) VALUES (94, 10, 'Album LSylPcRu', '2018-12-23', 'Classical', 17, 'https://picsum.photos/id/201/200/200');
INSERT INTO ALBUMS (album_id, artist_id, name, release_date, genre, music_number, image) VALUES (95, 41, 'Album WS7dl1zj', '2014-10-08', 'Electronic', 13, 'https://picsum.photos/id/298/200/200');
INSERT INTO ALBUMS (album_id, artist_id, name, release_date, genre, music_number, image) VALUES (96, 33, 'Album DpMVd6Km', '2012-12-02', 'Dance', 18, 'https://picsum.photos/id/220/200/200');
INSERT INTO ALBUMS (album_id, artist_id, name, release_date, genre, music_number, image) VALUES (97, 54, 'Album MePsrQVI', '2012-03-31', 'Rock', 15, 'https://picsum.photos/id/268/200/200');
INSERT INTO ALBUMS (album_id, artist_id, name, release_date, genre, music_number, image) VALUES (98, 19, 'Album sRNBx9Et', '2016-03-30', 'Reggae', 16, 'https://picsum.photos/id/231/200/200');
INSERT INTO ALBUMS (album_id, artist_id, name, release_date, genre, music_number, image) VALUES (99, 95, 'Album dSoEQzCx', '2012-04-10', 'Alternative', 15, 'https://picsum.photos/id/205/200/200');
INSERT INTO ALBUMS (album_id, artist_id, name, release_date, genre, music_number, image) VALUES (100, 30, 'Album a0WnAbCN', '2011-04-11', 'Rock', 14, 'https://picsum.photos/id/248/200/200');
INSERT INTO ALBUMS (album_id, artist_id, name, release_date, genre, music_number, image) VALUES (101, 59, 'Album e2QZ67pu', '2018-03-26', 'Rock', 7, 'https://picsum.photos/id/212/200/200');
INSERT INTO ALBUMS (album_id, artist_id, name, release_date, genre, music_number, image) VALUES (102, 28, 'Album 6D7JIB5g', '2019-12-20', 'Reggae', 16, 'https://picsum.photos/id/258/200/200');
INSERT INTO ALBUMS (album_id, artist_id, name, release_date, genre, music_number, image) VALUES (103, 88, 'Album UHudTDS4', '2019-11-29', 'Reggae', 17, 'https://picsum.photos/id/243/200/200');
INSERT INTO ALBUMS (album_id, artist_id, name, release_date, genre, music_number, image) VALUES (104, 62, 'Album oVhEUPkW', '2023-07-06', 'Rock', 16, 'https://picsum.photos/id/232/200/200');
INSERT INTO ALBUMS (album_id, artist_id, name, release_date, genre, music_number, image) VALUES (105, 56, 'Album f67cihIn', '2014-09-02', 'Rock', 11, 'https://picsum.photos/id/213/200/200');
INSERT INTO ALBUMS (album_id, artist_id, name, release_date, genre, music_number, image) VALUES (106, 73, 'Album KZQWokcZ', '2023-03-31', 'Hip Hop', 20, 'https://picsum.photos/id/217/200/200');
INSERT INTO ALBUMS (album_id, artist_id, name, release_date, genre, music_number, image) VALUES (107, 36, 'Album lJHdaKQm', '2020-09-13', 'Indie', 14, 'https://picsum.photos/id/269/200/200');
INSERT INTO ALBUMS (album_id, artist_id, name, release_date, genre, music_number, image) VALUES (108, 59, 'Album MAef3Yjs', '2015-02-10', 'Classical', 9, 'https://picsum.photos/id/257/200/200');
INSERT INTO ALBUMS (album_id, artist_id, name, release_date, genre, music_number, image) VALUES (109, 96, 'Album Hsyqwxjx', '2019-09-27', 'Blues', 15, 'https://picsum.photos/id/230/200/200');
INSERT INTO ALBUMS (album_id, artist_id, name, release_date, genre, music_number, image) VALUES (110, 53, 'Album 5ZNLfsNw', '2021-01-08', 'Rock', 10, 'https://picsum.photos/id/247/200/200');
INSERT INTO ALBUMS (album_id, artist_id, name, release_date, genre, music_number, image) VALUES (111, 70, 'Album upXPlxi6', '2011-08-14', 'Country', 14, 'https://picsum.photos/id/290/200/200');
INSERT INTO ALBUMS (album_id, artist_id, name, release_date, genre, music_number, image) VALUES (112, 62, 'Album iIQ3NOSo', '2012-01-22', 'Alternative', 14, 'https://picsum.photos/id/256/200/200');
INSERT INTO ALBUMS (album_id, artist_id, name, release_date, genre, music_number, image) VALUES (113, 16, 'Album 4NCRo5r4', '2011-03-17', 'Indie', 12, 'https://picsum.photos/id/268/200/200');
INSERT INTO ALBUMS (album_id, artist_id, name, release_date, genre, music_number, image) VALUES (114, 95, 'Album 24uoMbVy', '2016-03-05', 'Reggae', 19, 'https://picsum.photos/id/274/200/200');
INSERT INTO ALBUMS (album_id, artist_id, name, release_date, genre, music_number, image) VALUES (115, 7, 'Album FnRTW4YS', '2018-04-10', 'Dance', 13, 'https://picsum.photos/id/215/200/200');
INSERT INTO ALBUMS (album_id, artist_id, name, release_date, genre, music_number, image) VALUES (116, 29, 'Album mTfGRIdf', '2018-04-11', 'Electronic', 13, 'https://picsum.photos/id/257/200/200');
INSERT INTO ALBUMS (album_id, artist_id, name, release_date, genre, music_number, image) VALUES (117, 35, 'Album MwIbcskj', '2012-04-09', 'Dance', 12, 'https://picsum.photos/id/296/200/200');
INSERT INTO ALBUMS (album_id, artist_id, name, release_date, genre, music_number, image) VALUES (118, 32, 'Album 2X0TjXjo', '2013-01-06', 'Metal', 8, 'https://picsum.photos/id/212/200/200');
INSERT INTO ALBUMS (album_id, artist_id, name, release_date, genre, music_number, image) VALUES (119, 55, 'Album diXZz3AY', '2016-06-08', 'Jazz', 7, 'https://picsum.photos/id/252/200/200');
INSERT INTO ALBUMS (album_id, artist_id, name, release_date, genre, music_number, image) VALUES (120, 4, 'Album q5bjEWO7', '2009-08-17', 'Indie', 5, 'https://picsum.photos/id/269/200/200');
INSERT INTO ALBUMS (album_id, artist_id, name, release_date, genre, music_number, image) VALUES (121, 34, 'Album 5GmIWAee', '2013-11-12', 'Alternative', 5, 'https://picsum.photos/id/249/200/200');
INSERT INTO ALBUMS (album_id, artist_id, name, release_date, genre, music_number, image) VALUES (122, 89, 'Album WbnJowKC', '2022-11-13', 'Rock', 6, 'https://picsum.photos/id/266/200/200');
INSERT INTO ALBUMS (album_id, artist_id, name, release_date, genre, music_number, image) VALUES (123, 84, 'Album cYV1y7zH', '2014-11-18', 'Country', 20, 'https://picsum.photos/id/269/200/200');
INSERT INTO ALBUMS (album_id, artist_id, name, release_date, genre, music_number, image) VALUES (124, 64, 'Album o5Qez4Ut', '2021-10-10', 'R&B', 10, 'https://picsum.photos/id/285/200/200');
INSERT INTO ALBUMS (album_id, artist_id, name, release_date, genre, music_number, image) VALUES (125, 8, 'Album UfqahBGF', '2019-03-11', 'R&B', 16, 'https://picsum.photos/id/233/200/200');
INSERT INTO ALBUMS (album_id, artist_id, name, release_date, genre, music_number, image) VALUES (126, 29, 'Album SvrP3d7Y', '2020-10-15', 'Pop', 20, 'https://picsum.photos/id/214/200/200');
INSERT INTO ALBUMS (album_id, artist_id, name, release_date, genre, music_number, image) VALUES (127, 72, 'Album gwj70zZl', '2022-02-26', 'Country', 18, 'https://picsum.photos/id/242/200/200');
INSERT INTO ALBUMS (album_id, artist_id, name, release_date, genre, music_number, image) VALUES (128, 96, 'Album JRNTNjRs', '2021-07-18', 'Country', 18, 'https://picsum.photos/id/260/200/200');
INSERT INTO ALBUMS (album_id, artist_id, name, release_date, genre, music_number, image) VALUES (129, 42, 'Album 2h7PyVW1', '2010-08-11', 'Rock', 7, 'https://picsum.photos/id/290/200/200');
INSERT INTO ALBUMS (album_id, artist_id, name, release_date, genre, music_number, image) VALUES (130, 51, 'Album BnJw0YRn', '2020-01-03', 'Blues', 6, 'https://picsum.photos/id/271/200/200');
INSERT INTO ALBUMS (album_id, artist_id, name, release_date, genre, music_number, image) VALUES (131, 70, 'Album 9k09lMma', '2015-12-20', 'Hip Hop', 14, 'https://picsum.photos/id/242/200/200');
INSERT INTO ALBUMS (album_id, artist_id, name, release_date, genre, music_number, image) VALUES (132, 41, 'Album cxUPT8xj', '2011-01-28', 'Blues', 15, 'https://picsum.photos/id/251/200/200');
INSERT INTO ALBUMS (album_id, artist_id, name, release_date, genre, music_number, image) VALUES (133, 49, 'Album DbYZLWq1', '2013-11-25', 'Indie', 12, 'https://picsum.photos/id/263/200/200');
INSERT INTO ALBUMS (album_id, artist_id, name, release_date, genre, music_number, image) VALUES (134, 3, 'Album jzefN3hb', '2008-09-05', 'Rock', 17, 'https://picsum.photos/id/233/200/200');
INSERT INTO ALBUMS (album_id, artist_id, name, release_date, genre, music_number, image) VALUES (135, 2, 'Album jkPNk5NV', '2013-09-19', 'Dance', 19, 'https://picsum.photos/id/276/200/200');
INSERT INTO ALBUMS (album_id, artist_id, name, release_date, genre, music_number, image) VALUES (136, 8, 'Album eXpLhHCH', '2015-11-30', 'Reggae', 6, 'https://picsum.photos/id/255/200/200');
INSERT INTO ALBUMS (album_id, artist_id, name, release_date, genre, music_number, image) VALUES (137, 69, 'Album 41DjoAbq', '2021-07-09', 'Folk', 13, 'https://picsum.photos/id/217/200/200');
INSERT INTO ALBUMS (album_id, artist_id, name, release_date, genre, music_number, image) VALUES (138, 37, 'Album jnxiTsJ3', '2023-11-12', 'R&B', 18, 'https://picsum.photos/id/286/200/200');
INSERT INTO ALBUMS (album_id, artist_id, name, release_date, genre, music_number, image) VALUES (139, 49, 'Album ucyGEp2U', '2022-04-01', 'Jazz', 13, 'https://picsum.photos/id/221/200/200');
INSERT INTO ALBUMS (album_id, artist_id, name, release_date, genre, music_number, image) VALUES (140, 4, 'Album 3nvpGMWL', '2024-01-02', 'Rock', 9, 'https://picsum.photos/id/272/200/200');
INSERT INTO ALBUMS (album_id, artist_id, name, release_date, genre, music_number, image) VALUES (141, 71, 'Album GeaAP0a5', '2020-07-17', 'Country', 9, 'https://picsum.photos/id/201/200/200');
INSERT INTO ALBUMS (album_id, artist_id, name, release_date, genre, music_number, image) VALUES (142, 83, 'Album EAACPWBp', '2022-10-24', 'Indie', 11, 'https://picsum.photos/id/273/200/200');
INSERT INTO ALBUMS (album_id, artist_id, name, release_date, genre, music_number, image) VALUES (143, 80, 'Album oiNI0EFJ', '2019-12-13', 'Dance', 8, 'https://picsum.photos/id/263/200/200');
INSERT INTO ALBUMS (album_id, artist_id, name, release_date, genre, music_number, image) VALUES (144, 79, 'Album mJwF4Jmu', '2012-08-28', 'Pop', 10, 'https://picsum.photos/id/260/200/200');
INSERT INTO ALBUMS (album_id, artist_id, name, release_date, genre, music_number, image) VALUES (145, 80, 'Album AJuNcQv9', '2021-07-31', 'Country', 14, 'https://picsum.photos/id/273/200/200');
INSERT INTO ALBUMS (album_id, artist_id, name, release_date, genre, music_number, image) VALUES (146, 63, 'Album 0DNCpPzp', '2014-08-22', 'Indie', 16, 'https://picsum.photos/id/300/200/200');
INSERT INTO ALBUMS (album_id, artist_id, name, release_date, genre, music_number, image) VALUES (147, 42, 'Album Q7WDVSJR', '2008-02-14', 'Dance', 17, 'https://picsum.photos/id/299/200/200');
INSERT INTO ALBUMS (album_id, artist_id, name, release_date, genre, music_number, image) VALUES (148, 91, 'Album JCpmwIpF', '2013-10-12', 'Pop', 15, 'https://picsum.photos/id/233/200/200');
INSERT INTO ALBUMS (album_id, artist_id, name, release_date, genre, music_number, image) VALUES (149, 7, 'Album W3dOvAPo', '2015-09-07', 'Jazz', 7, 'https://picsum.photos/id/219/200/200');
INSERT INTO ALBUMS (album_id, artist_id, name, release_date, genre, music_number, image) VALUES (150, 100, 'Album AZlcyFmV', '2013-12-27', 'Reggae', 10, 'https://picsum.photos/id/235/200/200');
INSERT INTO ALBUMS (album_id, artist_id, name, release_date, genre, music_number, image) VALUES (151, 46, 'Album gMKfl3ff', '2013-12-19', 'Country', 13, 'https://picsum.photos/id/261/200/200');
INSERT INTO ALBUMS (album_id, artist_id, name, release_date, genre, music_number, image) VALUES (152, 29, 'Album ZTJqEaFi', '2015-02-24', 'Dance', 5, 'https://picsum.photos/id/259/200/200');
INSERT INTO ALBUMS (album_id, artist_id, name, release_date, genre, music_number, image) VALUES (153, 57, 'Album wwxNZeEV', '2021-09-14', 'Country', 20, 'https://picsum.photos/id/232/200/200');
INSERT INTO ALBUMS (album_id, artist_id, name, release_date, genre, music_number, image) VALUES (154, 26, 'Album eDz4jQb5', '2022-12-08', 'Country', 11, 'https://picsum.photos/id/297/200/200');
INSERT INTO ALBUMS (album_id, artist_id, name, release_date, genre, music_number, image) VALUES (155, 33, 'Album t1tFs5Eu', '2018-08-14', 'Pop', 15, 'https://picsum.photos/id/203/200/200');
INSERT INTO ALBUMS (album_id, artist_id, name, release_date, genre, music_number, image) VALUES (156, 82, 'Album M1FeE7hE', '2015-12-30', 'Indie', 12, 'https://picsum.photos/id/252/200/200');
INSERT INTO ALBUMS (album_id, artist_id, name, release_date, genre, music_number, image) VALUES (157, 13, 'Album ng21akdp', '2010-12-05', 'Blues', 14, 'https://picsum.photos/id/256/200/200');
INSERT INTO ALBUMS (album_id, artist_id, name, release_date, genre, music_number, image) VALUES (158, 33, 'Album Ixy0G6F6', '2011-04-20', 'Dance', 5, 'https://picsum.photos/id/284/200/200');
INSERT INTO ALBUMS (album_id, artist_id, name, release_date, genre, music_number, image) VALUES (159, 68, 'Album TRLhy0Ko', '2020-05-21', 'Country', 18, 'https://picsum.photos/id/221/200/200');
INSERT INTO ALBUMS (album_id, artist_id, name, release_date, genre, music_number, image) VALUES (160, 53, 'Album gyFMzNpA', '2024-04-10', 'Country', 7, 'https://picsum.photos/id/258/200/200');
INSERT INTO ALBUMS (album_id, artist_id, name, release_date, genre, music_number, image) VALUES (161, 63, 'Album 7d9NIWLE', '2023-11-05', 'Alternative', 8, 'https://picsum.photos/id/248/200/200');
INSERT INTO ALBUMS (album_id, artist_id, name, release_date, genre, music_number, image) VALUES (162, 9, 'Album bBO5g43m', '2017-05-07', 'Rock', 9, 'https://picsum.photos/id/277/200/200');
INSERT INTO ALBUMS (album_id, artist_id, name, release_date, genre, music_number, image) VALUES (163, 68, 'Album HGcnbEjD', '2016-07-16', 'Pop', 16, 'https://picsum.photos/id/255/200/200');
INSERT INTO ALBUMS (album_id, artist_id, name, release_date, genre, music_number, image) VALUES (164, 61, 'Album CEtKf2SB', '2009-08-25', 'Electronic', 18, 'https://picsum.photos/id/216/200/200');
INSERT INTO ALBUMS (album_id, artist_id, name, release_date, genre, music_number, image) VALUES (165, 71, 'Album 8jpYDISk', '2023-11-28', 'Reggae', 11, 'https://picsum.photos/id/296/200/200');
INSERT INTO ALBUMS (album_id, artist_id, name, release_date, genre, music_number, image) VALUES (166, 85, 'Album QzHiLzC3', '2009-07-21', 'Reggae', 17, 'https://picsum.photos/id/284/200/200');
INSERT INTO ALBUMS (album_id, artist_id, name, release_date, genre, music_number, image) VALUES (167, 31, 'Album avi9Uf8H', '2024-01-31', 'Rock', 16, 'https://picsum.photos/id/202/200/200');
INSERT INTO ALBUMS (album_id, artist_id, name, release_date, genre, music_number, image) VALUES (168, 26, 'Album di3UZCb0', '2021-10-06', 'Blues', 15, 'https://picsum.photos/id/254/200/200');
INSERT INTO ALBUMS (album_id, artist_id, name, release_date, genre, music_number, image) VALUES (169, 74, 'Album RKMIPaeq', '2016-09-22', 'Jazz', 7, 'https://picsum.photos/id/266/200/200');
INSERT INTO ALBUMS (album_id, artist_id, name, release_date, genre, music_number, image) VALUES (170, 78, 'Album nIqvesri', '2014-03-12', 'Alternative', 18, 'https://picsum.photos/id/248/200/200');
INSERT INTO ALBUMS (album_id, artist_id, name, release_date, genre, music_number, image) VALUES (171, 8, 'Album dxJI0bVu', '2011-01-23', 'Electronic', 20, 'https://picsum.photos/id/215/200/200');
INSERT INTO ALBUMS (album_id, artist_id, name, release_date, genre, music_number, image) VALUES (172, 11, 'Album YWt1cOmw', '2015-02-19', 'Reggae', 20, 'https://picsum.photos/id/266/200/200');
INSERT INTO ALBUMS (album_id, artist_id, name, release_date, genre, music_number, image) VALUES (173, 97, 'Album JQjZCS8y', '2011-01-17', 'Hip Hop', 11, 'https://picsum.photos/id/226/200/200');
INSERT INTO ALBUMS (album_id, artist_id, name, release_date, genre, music_number, image) VALUES (174, 21, 'Album w0unBSym', '2020-06-25', 'Reggae', 14, 'https://picsum.photos/id/203/200/200');
INSERT INTO ALBUMS (album_id, artist_id, name, release_date, genre, music_number, image) VALUES (175, 44, 'Album 14tQrbHF', '2019-10-17', 'Country', 14, 'https://picsum.photos/id/238/200/200');
INSERT INTO ALBUMS (album_id, artist_id, name, release_date, genre, music_number, image) VALUES (176, 47, 'Album zXiCc9FZ', '2014-11-29', 'Metal', 19, 'https://picsum.photos/id/227/200/200');
INSERT INTO ALBUMS (album_id, artist_id, name, release_date, genre, music_number, image) VALUES (177, 89, 'Album 9zAjDEM5', '2010-11-23', 'Reggae', 19, 'https://picsum.photos/id/263/200/200');
INSERT INTO ALBUMS (album_id, artist_id, name, release_date, genre, music_number, image) VALUES (178, 73, 'Album 5zQJfm5Z', '2010-11-06', 'Electronic', 8, 'https://picsum.photos/id/283/200/200');
INSERT INTO ALBUMS (album_id, artist_id, name, release_date, genre, music_number, image) VALUES (179, 74, 'Album M5AtXb23', '2019-03-30', 'Folk', 6, 'https://picsum.photos/id/243/200/200');
INSERT INTO ALBUMS (album_id, artist_id, name, release_date, genre, music_number, image) VALUES (180, 76, 'Album rNM0rseP', '2018-01-29', 'Electronic', 17, 'https://picsum.photos/id/260/200/200');
INSERT INTO ALBUMS (album_id, artist_id, name, release_date, genre, music_number, image) VALUES (181, 58, 'Album g0FtmbkV', '2018-10-17', 'Classical', 10, 'https://picsum.photos/id/254/200/200');
INSERT INTO ALBUMS (album_id, artist_id, name, release_date, genre, music_number, image) VALUES (182, 44, 'Album kc7cyDzu', '2015-11-11', 'R&B', 19, 'https://picsum.photos/id/245/200/200');
INSERT INTO ALBUMS (album_id, artist_id, name, release_date, genre, music_number, image) VALUES (183, 9, 'Album pwMm9AxU', '2022-06-06', 'Jazz', 13, 'https://picsum.photos/id/227/200/200');
INSERT INTO ALBUMS (album_id, artist_id, name, release_date, genre, music_number, image) VALUES (184, 6, 'Album 6mcCn0cN', '2021-05-04', 'Hip Hop', 17, 'https://picsum.photos/id/299/200/200');
INSERT INTO ALBUMS (album_id, artist_id, name, release_date, genre, music_number, image) VALUES (185, 84, 'Album ZQEwhpWa', '2018-02-05', 'Dance', 13, 'https://picsum.photos/id/235/200/200');
INSERT INTO ALBUMS (album_id, artist_id, name, release_date, genre, music_number, image) VALUES (186, 72, 'Album YlyTYUiT', '2008-01-07', 'Rock', 16, 'https://picsum.photos/id/263/200/200');
INSERT INTO ALBUMS (album_id, artist_id, name, release_date, genre, music_number, image) VALUES (187, 64, 'Album O53vvUac', '2013-03-30', 'Indie', 14, 'https://picsum.photos/id/240/200/200');
INSERT INTO ALBUMS (album_id, artist_id, name, release_date, genre, music_number, image) VALUES (188, 35, 'Album qwmbkxwV', '2009-01-16', 'Jazz', 16, 'https://picsum.photos/id/279/200/200');
INSERT INTO ALBUMS (album_id, artist_id, name, release_date, genre, music_number, image) VALUES (189, 55, 'Album uFAAdNCb', '2012-04-22', 'Pop', 20, 'https://picsum.photos/id/206/200/200');
INSERT INTO ALBUMS (album_id, artist_id, name, release_date, genre, music_number, image) VALUES (190, 92, 'Album YYh3nIMa', '2011-12-10', 'Classical', 20, 'https://picsum.photos/id/237/200/200');
INSERT INTO ALBUMS (album_id, artist_id, name, release_date, genre, music_number, image) VALUES (191, 21, 'Album jyOebSja', '2018-04-19', 'Folk', 9, 'https://picsum.photos/id/264/200/200');
INSERT INTO ALBUMS (album_id, artist_id, name, release_date, genre, music_number, image) VALUES (192, 47, 'Album BkQIaVR2', '2016-06-30', 'Metal', 10, 'https://picsum.photos/id/212/200/200');
INSERT INTO ALBUMS (album_id, artist_id, name, release_date, genre, music_number, image) VALUES (193, 71, 'Album URaixgqr', '2017-09-15', 'Rock', 9, 'https://picsum.photos/id/274/200/200');
INSERT INTO ALBUMS (album_id, artist_id, name, release_date, genre, music_number, image) VALUES (194, 18, 'Album aj9enF8g', '2008-04-22', 'Indie', 10, 'https://picsum.photos/id/293/200/200');
INSERT INTO ALBUMS (album_id, artist_id, name, release_date, genre, music_number, image) VALUES (195, 60, 'Album qMeQHuEG', '2012-11-16', 'Folk', 20, 'https://picsum.photos/id/268/200/200');
INSERT INTO ALBUMS (album_id, artist_id, name, release_date, genre, music_number, image) VALUES (196, 27, 'Album 8MwMsYhy', '2015-04-06', 'Indie', 16, 'https://picsum.photos/id/283/200/200');
INSERT INTO ALBUMS (album_id, artist_id, name, release_date, genre, music_number, image) VALUES (197, 35, 'Album ipSWcYyf', '2021-04-30', 'Classical', 17, 'https://picsum.photos/id/276/200/200');
INSERT INTO ALBUMS (album_id, artist_id, name, release_date, genre, music_number, image) VALUES (198, 29, 'Album 9LxaNOPB', '2011-02-19', 'Reggae', 13, 'https://picsum.photos/id/298/200/200');
INSERT INTO ALBUMS (album_id, artist_id, name, release_date, genre, music_number, image) VALUES (199, 99, 'Album VQiLJTxZ', '2010-07-22', 'Metal', 19, 'https://picsum.photos/id/266/200/200');
INSERT INTO ALBUMS (album_id, artist_id, name, release_date, genre, music_number, image) VALUES (200, 62, 'Album iWbJIPog', '2008-09-25', 'Electronic', 20, 'https://picsum.photos/id/202/200/200');

-- SONGS Data --
INSERT INTO SONGS (song_id, album_id, title, duration, genre, release_date, popularity_rank, image) VALUES (1, 110, 'Song 87UGVrXrt0', 136, 'Jazz', '2016-06-20', 673, 'https://picsum.photos/id/255/200/200');
INSERT INTO SONGS (song_id, album_id, title, duration, genre, release_date, popularity_rank, image) VALUES (2, 119, 'Song mbTOpIivCS', 391, 'R&B', '2022-07-21', 561, 'https://picsum.photos/id/278/200/200');
INSERT INTO SONGS (song_id, album_id, title, duration, genre, release_date, popularity_rank, image) VALUES (3, 14, 'Song fOqBUiJkZO', 451, 'Country', '2021-12-09', 2, 'https://picsum.photos/id/214/200/200');
INSERT INTO SONGS (song_id, album_id, title, duration, genre, release_date, popularity_rank, image) VALUES (4, 3, 'Song 11KTFq2Mly', 123, 'Metal', '2015-03-01', 262, 'https://picsum.photos/id/226/200/200');
INSERT INTO SONGS (song_id, album_id, title, duration, genre, release_date, popularity_rank, image) VALUES (5, 108, 'Song S5OWh1Ym11', 447, 'R&B', '2018-12-15', 975, 'https://picsum.photos/id/210/200/200');
INSERT INTO SONGS (song_id, album_id, title, duration, genre, release_date, popularity_rank, image) VALUES (6, 182, 'Song KgmGUTK0qq', 260, 'Alternative', '2014-03-12', 128, 'https://picsum.photos/id/204/200/200');
INSERT INTO SONGS (song_id, album_id, title, duration, genre, release_date, popularity_rank, image) VALUES (7, 136, 'Song pWmKy8dT6C', 420, 'Electronic', '2024-02-09', 11, 'https://picsum.photos/id/263/200/200');
INSERT INTO SONGS (song_id, album_id, title, duration, genre, release_date, popularity_rank, image) VALUES (8, 71, 'Song 91E1ubmVG6', 307, 'Country', '2013-02-05', 198, 'https://picsum.photos/id/233/200/200');
INSERT INTO SONGS (song_id, album_id, title, duration, genre, release_date, popularity_rank, image) VALUES (9, 116, 'Song YoF7S3bWeK', 325, 'Electronic', '2018-07-20', 265, 'https://picsum.photos/id/234/200/200');
INSERT INTO SONGS (song_id, album_id, title, duration, genre, release_date, popularity_rank, image) VALUES (10, 119, 'Song ol2o0h1VmF', 187, 'R&B', '2015-06-20', 185, 'https://picsum.photos/id/269/200/200');
INSERT INTO SONGS (song_id, album_id, title, duration, genre, release_date, popularity_rank, image) VALUES (11, 82, 'Song qFuxgI0qT4', 438, 'Reggae', '2008-06-03', 387, 'https://picsum.photos/id/291/200/200');
INSERT INTO SONGS (song_id, album_id, title, duration, genre, release_date, popularity_rank, image) VALUES (12, 29, 'Song rasoRGcRty', 154, 'Pop', '2017-04-30', 527, 'https://picsum.photos/id/254/200/200');
INSERT INTO SONGS (song_id, album_id, title, duration, genre, release_date, popularity_rank, image) VALUES (13, 96, 'Song jum0Xzy1HG', 459, 'Electronic', '2021-12-22', 801, 'https://picsum.photos/id/208/200/200');
INSERT INTO SONGS (song_id, album_id, title, duration, genre, release_date, popularity_rank, image) VALUES (14, 197, 'Song EHaIaFg00O', 144, 'Jazz', '2022-08-25', 293, 'https://picsum.photos/id/217/200/200');
INSERT INTO SONGS (song_id, album_id, title, duration, genre, release_date, popularity_rank, image) VALUES (15, 167, 'Song E891QQozkC', 182, 'Alternative', '2013-01-19', 798, 'https://picsum.photos/id/203/200/200');
INSERT INTO SONGS (song_id, album_id, title, duration, genre, release_date, popularity_rank, image) VALUES (16, 105, 'Song hGqAp317WR', 191, 'R&B', '2018-05-27', 710, 'https://picsum.photos/id/257/200/200');
INSERT INTO SONGS (song_id, album_id, title, duration, genre, release_date, popularity_rank, image) VALUES (17, 121, 'Song tfJdkWKdIj', 205, 'Jazz', '2016-03-11', 522, 'https://picsum.photos/id/260/200/200');
INSERT INTO SONGS (song_id, album_id, title, duration, genre, release_date, popularity_rank, image) VALUES (18, 30, 'Song PyI7fkiruU', 402, 'Metal', '2022-02-14', 980, 'https://picsum.photos/id/290/200/200');
INSERT INTO SONGS (song_id, album_id, title, duration, genre, release_date, popularity_rank, image) VALUES (19, 89, 'Song xrwRSaqFFh', 258, 'Metal', '2020-10-22', 52, 'https://picsum.photos/id/300/200/200');
INSERT INTO SONGS (song_id, album_id, title, duration, genre, release_date, popularity_rank, image) VALUES (20, 162, 'Song RU6nIiiolI', 313, 'R&B', '2020-05-30', 407, 'https://picsum.photos/id/285/200/200');
INSERT INTO SONGS (song_id, album_id, title, duration, genre, release_date, popularity_rank, image) VALUES (21, 11, 'Song AtmEjRhZNd', 452, 'Pop', '2017-04-04', 471, 'https://picsum.photos/id/273/200/200');
INSERT INTO SONGS (song_id, album_id, title, duration, genre, release_date, popularity_rank, image) VALUES (22, 79, 'Song AgJn6aT3vW', 352, 'Country', '2018-10-26', 531, 'https://picsum.photos/id/288/200/200');
INSERT INTO SONGS (song_id, album_id, title, duration, genre, release_date, popularity_rank, image) VALUES (23, 45, 'Song 31jv9ZdlST', 459, 'Pop', '2013-07-07', 809, 'https://picsum.photos/id/232/200/200');
INSERT INTO SONGS (song_id, album_id, title, duration, genre, release_date, popularity_rank, image) VALUES (24, 192, 'Song BXOCCbmatB', 259, 'Electronic', '2009-04-24', 608, 'https://picsum.photos/id/295/200/200');
INSERT INTO SONGS (song_id, album_id, title, duration, genre, release_date, popularity_rank, image) VALUES (25, 90, 'Song tCCDe0ClDZ', 458, 'Jazz', '2019-02-25', 144, 'https://picsum.photos/id/274/200/200');
INSERT INTO SONGS (song_id, album_id, title, duration, genre, release_date, popularity_rank, image) VALUES (26, 149, 'Song 1oxi5TP5k4', 239, 'Pop', '2021-10-15', 440, 'https://picsum.photos/id/263/200/200');
INSERT INTO SONGS (song_id, album_id, title, duration, genre, release_date, popularity_rank, image) VALUES (27, 93, 'Song rnVVSy6UdK', 323, 'Dance', '2017-12-20', 216, 'https://picsum.photos/id/220/200/200');
INSERT INTO SONGS (song_id, album_id, title, duration, genre, release_date, popularity_rank, image) VALUES (28, 87, 'Song IHRte6Lz4m', 439, 'Electronic', '2013-01-09', 390, 'https://picsum.photos/id/227/200/200');
INSERT INTO SONGS (song_id, album_id, title, duration, genre, release_date, popularity_rank, image) VALUES (29, 118, 'Song Ha9B2pJtFN', 454, 'Blues', '2021-12-19', 149, 'https://picsum.photos/id/216/200/200');
INSERT INTO SONGS (song_id, album_id, title, duration, genre, release_date, popularity_rank, image) VALUES (30, 184, 'Song Rn4EL2tKfJ', 220, 'Pop', '2008-10-17', 767, 'https://picsum.photos/id/224/200/200');
INSERT INTO SONGS (song_id, album_id, title, duration, genre, release_date, popularity_rank, image) VALUES (31, 9, 'Song oKvshVd23M', 200, 'Jazz', '2022-09-26', 797, 'https://picsum.photos/id/288/200/200');
INSERT INTO SONGS (song_id, album_id, title, duration, genre, release_date, popularity_rank, image) VALUES (32, 161, 'Song X2zDrwbddD', 178, 'Folk', '2009-01-22', 218, 'https://picsum.photos/id/230/200/200');
INSERT INTO SONGS (song_id, album_id, title, duration, genre, release_date, popularity_rank, image) VALUES (33, 153, 'Song km10QvpAmf', 367, 'Country', '2015-12-27', 594, 'https://picsum.photos/id/254/200/200');
INSERT INTO SONGS (song_id, album_id, title, duration, genre, release_date, popularity_rank, image) VALUES (34, 105, 'Song McFTDXjGpq', 330, 'Metal', '2023-12-14', 247, 'https://picsum.photos/id/298/200/200');
INSERT INTO SONGS (song_id, album_id, title, duration, genre, release_date, popularity_rank, image) VALUES (35, 188, 'Song hyONr4Iy4U', 132, 'Country', '2022-08-03', 490, 'https://picsum.photos/id/204/200/200');
INSERT INTO SONGS (song_id, album_id, title, duration, genre, release_date, popularity_rank, image) VALUES (36, 108, 'Song i5FoDV6LvB', 276, 'Classical', '2019-07-31', 178, 'https://picsum.photos/id/267/200/200');
INSERT INTO SONGS (song_id, album_id, title, duration, genre, release_date, popularity_rank, image) VALUES (37, 40, 'Song 5ewatIEQe5', 245, 'Rock', '2017-09-01', 1, 'https://picsum.photos/id/251/200/200');
INSERT INTO SONGS (song_id, album_id, title, duration, genre, release_date, popularity_rank, image) VALUES (38, 121, 'Song qtVcgIEmnm', 355, 'Rock', '2024-02-18', 539, 'https://picsum.photos/id/233/200/200');
INSERT INTO SONGS (song_id, album_id, title, duration, genre, release_date, popularity_rank, image) VALUES (39, 184, 'Song nPbDErI0qF', 219, 'Classical', '2022-06-12', 272, 'https://picsum.photos/id/252/200/200');
INSERT INTO SONGS (song_id, album_id, title, duration, genre, release_date, popularity_rank, image) VALUES (40, 131, 'Song CzfZuegMeg', 397, 'Dance', '2015-02-25', 359, 'https://picsum.photos/id/256/200/200');
INSERT INTO SONGS (song_id, album_id, title, duration, genre, release_date, popularity_rank, image) VALUES (41, 186, 'Song w2WtWPhbgA', 344, 'Indie', '2008-12-26', 734, 'https://picsum.photos/id/245/200/200');
INSERT INTO SONGS (song_id, album_id, title, duration, genre, release_date, popularity_rank, image) VALUES (42, 104, 'Song gnxHQXzHeO', 477, 'Pop', '2021-12-17', 500, 'https://picsum.photos/id/267/200/200');
INSERT INTO SONGS (song_id, album_id, title, duration, genre, release_date, popularity_rank, image) VALUES (43, 129, 'Song eYFYMtBG0a', 250, 'Hip Hop', '2019-07-06', 274, 'https://picsum.photos/id/296/200/200');
INSERT INTO SONGS (song_id, album_id, title, duration, genre, release_date, popularity_rank, image) VALUES (44, 75, 'Song SIVZeAmYK8', 210, 'Folk', '2012-10-26', 158, 'https://picsum.photos/id/225/200/200');
INSERT INTO SONGS (song_id, album_id, title, duration, genre, release_date, popularity_rank, image) VALUES (45, 184, 'Song zeJQklGCo4', 416, 'Dance', '2009-03-28', 277, 'https://picsum.photos/id/270/200/200');
INSERT INTO SONGS (song_id, album_id, title, duration, genre, release_date, popularity_rank, image) VALUES (46, 105, 'Song 4dJdvyaXRP', 212, 'Jazz', '2022-12-04', 677, 'https://picsum.photos/id/225/200/200');
INSERT INTO SONGS (song_id, album_id, title, duration, genre, release_date, popularity_rank, image) VALUES (47, 121, 'Song HtFo5z7B9H', 133, 'Reggae', '2011-06-02', 896, 'https://picsum.photos/id/266/200/200');
INSERT INTO SONGS (song_id, album_id, title, duration, genre, release_date, popularity_rank, image) VALUES (48, 53, 'Song 6Tw69X3MnK', 446, 'Metal', '2012-07-29', 891, 'https://picsum.photos/id/202/200/200');
INSERT INTO SONGS (song_id, album_id, title, duration, genre, release_date, popularity_rank, image) VALUES (49, 188, 'Song x0WTyyZMtO', 438, 'Alternative', '2018-10-26', 78, 'https://picsum.photos/id/288/200/200');
INSERT INTO SONGS (song_id, album_id, title, duration, genre, release_date, popularity_rank, image) VALUES (50, 180, 'Song mRxyBcldJM', 428, 'Alternative', '2018-11-23', 246, 'https://picsum.photos/id/241/200/200');
INSERT INTO SONGS (song_id, album_id, title, duration, genre, release_date, popularity_rank, image) VALUES (51, 121, 'Song 73DSbV0Cml', 454, 'Folk', '2019-03-04', 174, 'https://picsum.photos/id/274/200/200');
INSERT INTO SONGS (song_id, album_id, title, duration, genre, release_date, popularity_rank, image) VALUES (52, 163, 'Song JHfvKZUrTh', 315, 'Alternative', '2013-11-16', 363, 'https://picsum.photos/id/251/200/200');
INSERT INTO SONGS (song_id, album_id, title, duration, genre, release_date, popularity_rank, image) VALUES (53, 89, 'Song 6b8GkflOzN', 162, 'Electronic', '2016-11-08', 231, 'https://picsum.photos/id/269/200/200');
INSERT INTO SONGS (song_id, album_id, title, duration, genre, release_date, popularity_rank, image) VALUES (54, 91, 'Song nP4jCyJ5GK', 409, 'Metal', '2020-06-25', 21, 'https://picsum.photos/id/201/200/200');
INSERT INTO SONGS (song_id, album_id, title, duration, genre, release_date, popularity_rank, image) VALUES (55, 42, 'Song QherC4CIkr', 422, 'Classical', '2017-07-10', 696, 'https://picsum.photos/id/235/200/200');
INSERT INTO SONGS (song_id, album_id, title, duration, genre, release_date, popularity_rank, image) VALUES (56, 40, 'Song Bk7sHh925P', 292, 'Metal', '2021-01-28', 742, 'https://picsum.photos/id/289/200/200');
INSERT INTO SONGS (song_id, album_id, title, duration, genre, release_date, popularity_rank, image) VALUES (57, 119, 'Song 7Dt79U7Oi7', 277, 'Electronic', '2009-05-22', 32, 'https://picsum.photos/id/282/200/200');
INSERT INTO SONGS (song_id, album_id, title, duration, genre, release_date, popularity_rank, image) VALUES (58, 180, 'Song PKtkjztE5u', 138, 'Hip Hop', '2008-09-11', 950, 'https://picsum.photos/id/282/200/200');
INSERT INTO SONGS (song_id, album_id, title, duration, genre, release_date, popularity_rank, image) VALUES (59, 35, 'Song yZbIhL8elj', 415, 'Pop', '2019-12-23', 975, 'https://picsum.photos/id/232/200/200');
INSERT INTO SONGS (song_id, album_id, title, duration, genre, release_date, popularity_rank, image) VALUES (60, 72, 'Song FM0sEO916q', 266, 'Reggae', '2011-07-12', 345, 'https://picsum.photos/id/270/200/200');
INSERT INTO SONGS (song_id, album_id, title, duration, genre, release_date, popularity_rank, image) VALUES (61, 24, 'Song WerZxdEc0l', 223, 'Folk', '2011-12-25', 999, 'https://picsum.photos/id/271/200/200');
INSERT INTO SONGS (song_id, album_id, title, duration, genre, release_date, popularity_rank, image) VALUES (62, 125, 'Song LMiyFz1Qtw', 282, 'Metal', '2019-10-03', 345, 'https://picsum.photos/id/271/200/200');
INSERT INTO SONGS (song_id, album_id, title, duration, genre, release_date, popularity_rank, image) VALUES (63, 122, 'Song 4EaODTbxnI', 218, 'Metal', '2012-12-14', 210, 'https://picsum.photos/id/220/200/200');
INSERT INTO SONGS (song_id, album_id, title, duration, genre, release_date, popularity_rank, image) VALUES (64, 136, 'Song rGEm0e9Viw', 454, 'Blues', '2009-10-28', 355, 'https://picsum.photos/id/213/200/200');
INSERT INTO SONGS (song_id, album_id, title, duration, genre, release_date, popularity_rank, image) VALUES (65, 102, 'Song BnG3GQfju7', 311, 'Alternative', '2011-11-16', 280, 'https://picsum.photos/id/241/200/200');
INSERT INTO SONGS (song_id, album_id, title, duration, genre, release_date, popularity_rank, image) VALUES (66, 74, 'Song I8lteiyu0f', 427, 'Electronic', '2019-12-28', 775, 'https://picsum.photos/id/275/200/200');
INSERT INTO SONGS (song_id, album_id, title, duration, genre, release_date, popularity_rank, image) VALUES (67, 154, 'Song 1lYS10E6c4', 410, 'Electronic', '2024-02-08', 715, 'https://picsum.photos/id/240/200/200');
INSERT INTO SONGS (song_id, album_id, title, duration, genre, release_date, popularity_rank, image) VALUES (68, 144, 'Song zv2XEGUc5u', 150, 'Blues', '2009-01-12', 181, 'https://picsum.photos/id/277/200/200');
INSERT INTO SONGS (song_id, album_id, title, duration, genre, release_date, popularity_rank, image) VALUES (69, 197, 'Song uR6dTvghHB', 253, 'Country', '2013-03-20', 652, 'https://picsum.photos/id/265/200/200');
INSERT INTO SONGS (song_id, album_id, title, duration, genre, release_date, popularity_rank, image) VALUES (70, 179, 'Song fQfkoRjxDh', 313, 'Jazz', '2019-04-15', 716, 'https://picsum.photos/id/232/200/200');
INSERT INTO SONGS (song_id, album_id, title, duration, genre, release_date, popularity_rank, image) VALUES (71, 135, 'Song NSpYoXCfHS', 134, 'Alternative', '2010-04-05', 238, 'https://picsum.photos/id/263/200/200');
INSERT INTO SONGS (song_id, album_id, title, duration, genre, release_date, popularity_rank, image) VALUES (72, 171, 'Song rgHewJcIkw', 182, 'Country', '2017-05-25', 638, 'https://picsum.photos/id/241/200/200');
INSERT INTO SONGS (song_id, album_id, title, duration, genre, release_date, popularity_rank, image) VALUES (73, 9, 'Song GgVWvc3sBO', 337, 'Electronic', '2018-12-06', 56, 'https://picsum.photos/id/223/200/200');
INSERT INTO SONGS (song_id, album_id, title, duration, genre, release_date, popularity_rank, image) VALUES (74, 187, 'Song OpmcvOW6BO', 322, 'Pop', '2009-06-24', 296, 'https://picsum.photos/id/201/200/200');
INSERT INTO SONGS (song_id, album_id, title, duration, genre, release_date, popularity_rank, image) VALUES (75, 110, 'Song pdYiMPlqif', 146, 'Folk', '2012-03-07', 732, 'https://picsum.photos/id/287/200/200');
INSERT INTO SONGS (song_id, album_id, title, duration, genre, release_date, popularity_rank, image) VALUES (76, 45, 'Song G1o4d6Jwwz', 329, 'Dance', '2020-07-22', 997, 'https://picsum.photos/id/208/200/200');
INSERT INTO SONGS (song_id, album_id, title, duration, genre, release_date, popularity_rank, image) VALUES (77, 191, 'Song QneK4w8XtC', 150, 'Jazz', '2008-06-14', 591, 'https://picsum.photos/id/300/200/200');
INSERT INTO SONGS (song_id, album_id, title, duration, genre, release_date, popularity_rank, image) VALUES (78, 192, 'Song bdBRLydGfg', 241, 'Metal', '2013-06-22', 499, 'https://picsum.photos/id/205/200/200');
INSERT INTO SONGS (song_id, album_id, title, duration, genre, release_date, popularity_rank, image) VALUES (79, 22, 'Song Io90PEGXvW', 243, 'Reggae', '2010-02-03', 295, 'https://picsum.photos/id/230/200/200');
INSERT INTO SONGS (song_id, album_id, title, duration, genre, release_date, popularity_rank, image) VALUES (80, 125, 'Song 3UKq8qIHCv', 239, 'Dance', '2023-03-02', 479, 'https://picsum.photos/id/227/200/200');
INSERT INTO SONGS (song_id, album_id, title, duration, genre, release_date, popularity_rank, image) VALUES (81, 136, 'Song ONBLmFhujh', 363, 'Alternative', '2016-03-26', 404, 'https://picsum.photos/id/260/200/200');
INSERT INTO SONGS (song_id, album_id, title, duration, genre, release_date, popularity_rank, image) VALUES (82, 191, 'Song B0MZsdV71s', 355, 'Jazz', '2013-07-19', 762, 'https://picsum.photos/id/231/200/200');
INSERT INTO SONGS (song_id, album_id, title, duration, genre, release_date, popularity_rank, image) VALUES (83, 68, 'Song apGc65OV3t', 232, 'Alternative', '2010-03-13', 842, 'https://picsum.photos/id/236/200/200');
INSERT INTO SONGS (song_id, album_id, title, duration, genre, release_date, popularity_rank, image) VALUES (84, 159, 'Song rvavGqAFUn', 418, 'Blues', '2012-09-20', 433, 'https://picsum.photos/id/275/200/200');
INSERT INTO SONGS (song_id, album_id, title, duration, genre, release_date, popularity_rank, image) VALUES (85, 137, 'Song CPYbfQDDnw', 122, 'Electronic', '2010-03-23', 644, 'https://picsum.photos/id/255/200/200');
INSERT INTO SONGS (song_id, album_id, title, duration, genre, release_date, popularity_rank, image) VALUES (86, 22, 'Song IEBS5iVYty', 127, 'Alternative', '2013-08-21', 574, 'https://picsum.photos/id/272/200/200');
INSERT INTO SONGS (song_id, album_id, title, duration, genre, release_date, popularity_rank, image) VALUES (87, 139, 'Song vAvPi0cqZ0', 347, 'Indie', '2011-07-05', 572, 'https://picsum.photos/id/286/200/200');
INSERT INTO SONGS (song_id, album_id, title, duration, genre, release_date, popularity_rank, image) VALUES (88, 45, 'Song J24mzX5vix', 341, 'Metal', '2014-08-03', 912, 'https://picsum.photos/id/227/200/200');
INSERT INTO SONGS (song_id, album_id, title, duration, genre, release_date, popularity_rank, image) VALUES (89, 79, 'Song a7XZjamkkd', 413, 'Jazz', '2008-08-25', 363, 'https://picsum.photos/id/215/200/200');
INSERT INTO SONGS (song_id, album_id, title, duration, genre, release_date, popularity_rank, image) VALUES (90, 62, 'Song akTHdLNrtp', 385, 'Classical', '2013-01-31', 354, 'https://picsum.photos/id/285/200/200');
INSERT INTO SONGS (song_id, album_id, title, duration, genre, release_date, popularity_rank, image) VALUES (91, 27, 'Song ciW3OO1dlj', 194, 'Indie', '2010-04-19', 431, 'https://picsum.photos/id/233/200/200');
INSERT INTO SONGS (song_id, album_id, title, duration, genre, release_date, popularity_rank, image) VALUES (92, 72, 'Song A76YkClywj', 213, 'Country', '2018-10-11', 478, 'https://picsum.photos/id/249/200/200');
INSERT INTO SONGS (song_id, album_id, title, duration, genre, release_date, popularity_rank, image) VALUES (93, 71, 'Song NTDw8lZMFc', 388, 'Jazz', '2020-12-02', 218, 'https://picsum.photos/id/271/200/200');
INSERT INTO SONGS (song_id, album_id, title, duration, genre, release_date, popularity_rank, image) VALUES (94, 14, 'Song 0ww4dYVgB3', 174, 'Blues', '2012-04-06', 198, 'https://picsum.photos/id/254/200/200');
INSERT INTO SONGS (song_id, album_id, title, duration, genre, release_date, popularity_rank, image) VALUES (95, 54, 'Song qw1cesnoGZ', 319, 'R&B', '2019-03-17', 311, 'https://picsum.photos/id/254/200/200');
INSERT INTO SONGS (song_id, album_id, title, duration, genre, release_date, popularity_rank, image) VALUES (96, 49, 'Song pLKmkCQVZQ', 138, 'Jazz', '2018-11-27', 193, 'https://picsum.photos/id/298/200/200');
INSERT INTO SONGS (song_id, album_id, title, duration, genre, release_date, popularity_rank, image) VALUES (97, 132, 'Song waWIaRgsy2', 317, 'Pop', '2011-11-29', 755, 'https://picsum.photos/id/285/200/200');
INSERT INTO SONGS (song_id, album_id, title, duration, genre, release_date, popularity_rank, image) VALUES (98, 9, 'Song YviwVdaZZQ', 413, 'Country', '2011-02-10', 14, 'https://picsum.photos/id/205/200/200');
INSERT INTO SONGS (song_id, album_id, title, duration, genre, release_date, popularity_rank, image) VALUES (99, 119, 'Song 6YKtUXhB5s', 198, 'Electronic', '2020-07-08', 708, 'https://picsum.photos/id/251/200/200');
INSERT INTO SONGS (song_id, album_id, title, duration, genre, release_date, popularity_rank, image) VALUES (100, 22, 'Song Dr4u3ZuhRw', 130, 'Rock', '2014-10-10', 466, 'https://picsum.photos/id/211/200/200');
INSERT INTO SONGS (song_id, album_id, title, duration, genre, release_date, popularity_rank, image) VALUES (101, 37, 'Song 2QpqKct0wZ', 386, 'Pop', '2024-02-05', 870, 'https://picsum.photos/id/244/200/200');
INSERT INTO SONGS (song_id, album_id, title, duration, genre, release_date, popularity_rank, image) VALUES (102, 159, 'Song a9fdJinnck', 138, 'Dance', '2016-09-30', 997, 'https://picsum.photos/id/242/200/200');
INSERT INTO SONGS (song_id, album_id, title, duration, genre, release_date, popularity_rank, image) VALUES (103, 195, 'Song aaLa7tp8QW', 169, 'Alternative', '2008-05-21', 896, 'https://picsum.photos/id/270/200/200');
INSERT INTO SONGS (song_id, album_id, title, duration, genre, release_date, popularity_rank, image) VALUES (104, 158, 'Song Ht6E7Ub7zn', 454, 'Indie', '2013-01-14', 403, 'https://picsum.photos/id/236/200/200');
INSERT INTO SONGS (song_id, album_id, title, duration, genre, release_date, popularity_rank, image) VALUES (105, 91, 'Song EO7721eVVE', 286, 'Jazz', '2008-01-27', 804, 'https://picsum.photos/id/209/200/200');
INSERT INTO SONGS (song_id, album_id, title, duration, genre, release_date, popularity_rank, image) VALUES (106, 135, 'Song MEdhruV4WS', 316, 'Rock', '2017-12-05', 489, 'https://picsum.photos/id/257/200/200');
INSERT INTO SONGS (song_id, album_id, title, duration, genre, release_date, popularity_rank, image) VALUES (107, 190, 'Song hRDc0pbk5w', 355, 'Alternative', '2011-04-25', 238, 'https://picsum.photos/id/266/200/200');
INSERT INTO SONGS (song_id, album_id, title, duration, genre, release_date, popularity_rank, image) VALUES (108, 18, 'Song ymghbTghu6', 354, 'Pop', '2011-05-21', 252, 'https://picsum.photos/id/267/200/200');
INSERT INTO SONGS (song_id, album_id, title, duration, genre, release_date, popularity_rank, image) VALUES (109, 74, 'Song zgHQCrCXgi', 320, 'Reggae', '2019-05-06', 423, 'https://picsum.photos/id/226/200/200');
INSERT INTO SONGS (song_id, album_id, title, duration, genre, release_date, popularity_rank, image) VALUES (110, 48, 'Song 4lH3xPxCNj', 205, 'Country', '2016-04-29', 328, 'https://picsum.photos/id/223/200/200');
INSERT INTO SONGS (song_id, album_id, title, duration, genre, release_date, popularity_rank, image) VALUES (111, 28, 'Song 0eB8PYbUgr', 422, 'Hip Hop', '2022-09-14', 395, 'https://picsum.photos/id/236/200/200');
INSERT INTO SONGS (song_id, album_id, title, duration, genre, release_date, popularity_rank, image) VALUES (112, 77, 'Song rcnwlIGUoI', 299, 'Classical', '2012-10-22', 199, 'https://picsum.photos/id/259/200/200');
INSERT INTO SONGS (song_id, album_id, title, duration, genre, release_date, popularity_rank, image) VALUES (113, 76, 'Song IFWuH0Lujt', 241, 'Rock', '2021-08-27', 43, 'https://picsum.photos/id/247/200/200');
INSERT INTO SONGS (song_id, album_id, title, duration, genre, release_date, popularity_rank, image) VALUES (114, 80, 'Song xjnbBRDPwc', 246, 'Folk', '2009-02-02', 586, 'https://picsum.photos/id/201/200/200');
INSERT INTO SONGS (song_id, album_id, title, duration, genre, release_date, popularity_rank, image) VALUES (115, 79, 'Song H0ania5jgU', 232, 'Metal', '2010-08-20', 739, 'https://picsum.photos/id/237/200/200');
INSERT INTO SONGS (song_id, album_id, title, duration, genre, release_date, popularity_rank, image) VALUES (116, 44, 'Song 311YjPHuiY', 191, 'Hip Hop', '2015-08-01', 319, 'https://picsum.photos/id/226/200/200');
INSERT INTO SONGS (song_id, album_id, title, duration, genre, release_date, popularity_rank, image) VALUES (117, 195, 'Song o7szqEPKxG', 209, 'Hip Hop', '2012-08-16', 276, 'https://picsum.photos/id/215/200/200');
INSERT INTO SONGS (song_id, album_id, title, duration, genre, release_date, popularity_rank, image) VALUES (118, 127, 'Song Ay0Vy7E7MB', 395, 'Reggae', '2008-11-02', 55, 'https://picsum.photos/id/217/200/200');
INSERT INTO SONGS (song_id, album_id, title, duration, genre, release_date, popularity_rank, image) VALUES (119, 89, 'Song p9Ek7m5rpT', 239, 'R&B', '2016-01-26', 595, 'https://picsum.photos/id/284/200/200');
INSERT INTO SONGS (song_id, album_id, title, duration, genre, release_date, popularity_rank, image) VALUES (120, 153, 'Song YurgaA1TdK', 184, 'Indie', '2015-02-27', 12, 'https://picsum.photos/id/284/200/200');
INSERT INTO SONGS (song_id, album_id, title, duration, genre, release_date, popularity_rank, image) VALUES (121, 150, 'Song jPHrCFjjIg', 252, 'Pop', '2017-09-16', 348, 'https://picsum.photos/id/275/200/200');
INSERT INTO SONGS (song_id, album_id, title, duration, genre, release_date, popularity_rank, image) VALUES (122, 148, 'Song hNZCjgaSoF', 243, 'Metal', '2010-07-25', 88, 'https://picsum.photos/id/299/200/200');
INSERT INTO SONGS (song_id, album_id, title, duration, genre, release_date, popularity_rank, image) VALUES (123, 45, 'Song KZtx28cvHc', 393, 'Blues', '2018-05-11', 841, 'https://picsum.photos/id/267/200/200');
INSERT INTO SONGS (song_id, album_id, title, duration, genre, release_date, popularity_rank, image) VALUES (124, 198, 'Song X0NIazxI2i', 167, 'Alternative', '2015-03-30', 44, 'https://picsum.photos/id/224/200/200');
INSERT INTO SONGS (song_id, album_id, title, duration, genre, release_date, popularity_rank, image) VALUES (125, 191, 'Song rwxNUMp6gZ', 189, 'Hip Hop', '2014-09-05', 810, 'https://picsum.photos/id/257/200/200');
INSERT INTO SONGS (song_id, album_id, title, duration, genre, release_date, popularity_rank, image) VALUES (126, 125, 'Song 3F5AZ6IVUK', 376, 'Rock', '2020-04-11', 349, 'https://picsum.photos/id/264/200/200');
INSERT INTO SONGS (song_id, album_id, title, duration, genre, release_date, popularity_rank, image) VALUES (127, 139, 'Song n1yzledVIn', 477, 'Dance', '2008-10-14', 613, 'https://picsum.photos/id/238/200/200');
INSERT INTO SONGS (song_id, album_id, title, duration, genre, release_date, popularity_rank, image) VALUES (128, 123, 'Song idFA7GVtuH', 296, 'Dance', '2016-06-11', 491, 'https://picsum.photos/id/276/200/200');
INSERT INTO SONGS (song_id, album_id, title, duration, genre, release_date, popularity_rank, image) VALUES (129, 183, 'Song fda5KgmP2s', 460, 'Metal', '2023-03-26', 876, 'https://picsum.photos/id/215/200/200');
INSERT INTO SONGS (song_id, album_id, title, duration, genre, release_date, popularity_rank, image) VALUES (130, 176, 'Song l9xTDY1sk8', 247, 'Rock', '2017-04-15', 798, 'https://picsum.photos/id/204/200/200');
INSERT INTO SONGS (song_id, album_id, title, duration, genre, release_date, popularity_rank, image) VALUES (131, 173, 'Song ivH0UkygBj', 291, 'R&B', '2014-12-21', 691, 'https://picsum.photos/id/220/200/200');
INSERT INTO SONGS (song_id, album_id, title, duration, genre, release_date, popularity_rank, image) VALUES (132, 1, 'Song 1Nh2j7Fz6a', 146, 'Indie', '2023-07-18', 484, 'https://picsum.photos/id/209/200/200');
INSERT INTO SONGS (song_id, album_id, title, duration, genre, release_date, popularity_rank, image) VALUES (133, 188, 'Song j7UUVWorNt', 441, 'Metal', '2016-11-19', 859, 'https://picsum.photos/id/202/200/200');
INSERT INTO SONGS (song_id, album_id, title, duration, genre, release_date, popularity_rank, image) VALUES (134, 56, 'Song lditiWXoDk', 422, 'R&B', '2011-01-19', 100, 'https://picsum.photos/id/266/200/200');
INSERT INTO SONGS (song_id, album_id, title, duration, genre, release_date, popularity_rank, image) VALUES (135, 88, 'Song wN3B9rzifj', 313, 'Reggae', '2015-07-12', 423, 'https://picsum.photos/id/259/200/200');
INSERT INTO SONGS (song_id, album_id, title, duration, genre, release_date, popularity_rank, image) VALUES (136, 21, 'Song 6xcKU6LA4R', 395, 'Reggae', '2020-07-27', 606, 'https://picsum.photos/id/247/200/200');
INSERT INTO SONGS (song_id, album_id, title, duration, genre, release_date, popularity_rank, image) VALUES (137, 145, 'Song XqWI20IAHR', 253, 'Dance', '2013-09-14', 284, 'https://picsum.photos/id/247/200/200');
INSERT INTO SONGS (song_id, album_id, title, duration, genre, release_date, popularity_rank, image) VALUES (138, 86, 'Song 6JfqdYZPCN', 435, 'Rock', '2012-07-15', 773, 'https://picsum.photos/id/248/200/200');
INSERT INTO SONGS (song_id, album_id, title, duration, genre, release_date, popularity_rank, image) VALUES (139, 69, 'Song sKsGMwUQUP', 312, 'Indie', '2008-12-25', 748, 'https://picsum.photos/id/247/200/200');
INSERT INTO SONGS (song_id, album_id, title, duration, genre, release_date, popularity_rank, image) VALUES (140, 160, 'Song uAIfJVmWIV', 129, 'Pop', '2019-03-08', 300, 'https://picsum.photos/id/268/200/200');
INSERT INTO SONGS (song_id, album_id, title, duration, genre, release_date, popularity_rank, image) VALUES (141, 115, 'Song Bfl9pMlxAD', 214, 'Blues', '2014-12-08', 417, 'https://picsum.photos/id/226/200/200');
INSERT INTO SONGS (song_id, album_id, title, duration, genre, release_date, popularity_rank, image) VALUES (142, 171, 'Song jZTmLMZv61', 201, 'Metal', '2022-01-06', 563, 'https://picsum.photos/id/234/200/200');
INSERT INTO SONGS (song_id, album_id, title, duration, genre, release_date, popularity_rank, image) VALUES (143, 72, 'Song SH9zRGV68n', 141, 'Metal', '2009-01-07', 320, 'https://picsum.photos/id/221/200/200');
INSERT INTO SONGS (song_id, album_id, title, duration, genre, release_date, popularity_rank, image) VALUES (144, 94, 'Song DKqFkPLvoT', 361, 'Alternative', '2023-03-16', 439, 'https://picsum.photos/id/263/200/200');
INSERT INTO SONGS (song_id, album_id, title, duration, genre, release_date, popularity_rank, image) VALUES (145, 86, 'Song tuEVHlaRdG', 352, 'Folk', '2022-05-10', 177, 'https://picsum.photos/id/296/200/200');
INSERT INTO SONGS (song_id, album_id, title, duration, genre, release_date, popularity_rank, image) VALUES (146, 26, 'Song G2j4gQ93el', 235, 'Blues', '2014-11-26', 952, 'https://picsum.photos/id/207/200/200');
INSERT INTO SONGS (song_id, album_id, title, duration, genre, release_date, popularity_rank, image) VALUES (147, 28, 'Song VQ79w3w7Hc', 419, 'Blues', '2023-04-16', 192, 'https://picsum.photos/id/229/200/200');
INSERT INTO SONGS (song_id, album_id, title, duration, genre, release_date, popularity_rank, image) VALUES (148, 21, 'Song NNgEJo8DEP', 393, 'Pop', '2014-03-02', 215, 'https://picsum.photos/id/293/200/200');
INSERT INTO SONGS (song_id, album_id, title, duration, genre, release_date, popularity_rank, image) VALUES (149, 179, 'Song NMVKxjvZ7k', 132, 'R&B', '2023-04-14', 611, 'https://picsum.photos/id/268/200/200');
INSERT INTO SONGS (song_id, album_id, title, duration, genre, release_date, popularity_rank, image) VALUES (150, 134, 'Song IuUkMtSPeX', 206, 'Alternative', '2019-07-09', 149, 'https://picsum.photos/id/299/200/200');
INSERT INTO SONGS (song_id, album_id, title, duration, genre, release_date, popularity_rank, image) VALUES (151, 3, 'Song 7HjNwphgnZ', 376, 'Metal', '2023-08-04', 250, 'https://picsum.photos/id/260/200/200');
INSERT INTO SONGS (song_id, album_id, title, duration, genre, release_date, popularity_rank, image) VALUES (152, 70, 'Song yDd6eJdHL2', 400, 'Classical', '2011-08-04', 119, 'https://picsum.photos/id/252/200/200');
INSERT INTO SONGS (song_id, album_id, title, duration, genre, release_date, popularity_rank, image) VALUES (153, 40, 'Song qqYSesw6pX', 238, 'Electronic', '2011-06-10', 573, 'https://picsum.photos/id/278/200/200');
INSERT INTO SONGS (song_id, album_id, title, duration, genre, release_date, popularity_rank, image) VALUES (154, 44, 'Song 8QIcPTWdx8', 257, 'Hip Hop', '2022-05-23', 49, 'https://picsum.photos/id/281/200/200');
INSERT INTO SONGS (song_id, album_id, title, duration, genre, release_date, popularity_rank, image) VALUES (155, 65, 'Song 12eLEEON2a', 320, 'R&B', '2012-08-24', 245, 'https://picsum.photos/id/289/200/200');
INSERT INTO SONGS (song_id, album_id, title, duration, genre, release_date, popularity_rank, image) VALUES (156, 137, 'Song fcs93PVFDy', 362, 'Country', '2016-12-09', 28, 'https://picsum.photos/id/269/200/200');
INSERT INTO SONGS (song_id, album_id, title, duration, genre, release_date, popularity_rank, image) VALUES (157, 46, 'Song Icsg7068gj', 253, 'Rock', '2016-07-27', 462, 'https://picsum.photos/id/286/200/200');
INSERT INTO SONGS (song_id, album_id, title, duration, genre, release_date, popularity_rank, image) VALUES (158, 155, 'Song LYEXnTwVGr', 301, 'Dance', '2023-02-04', 846, 'https://picsum.photos/id/221/200/200');
INSERT INTO SONGS (song_id, album_id, title, duration, genre, release_date, popularity_rank, image) VALUES (159, 103, 'Song h7ymwxuFpx', 230, 'Electronic', '2023-11-30', 256, 'https://picsum.photos/id/221/200/200');
INSERT INTO SONGS (song_id, album_id, title, duration, genre, release_date, popularity_rank, image) VALUES (160, 91, 'Song BnNCmDHGad', 334, 'R&B', '2010-10-09', 377, 'https://picsum.photos/id/258/200/200');
INSERT INTO SONGS (song_id, album_id, title, duration, genre, release_date, popularity_rank, image) VALUES (161, 144, 'Song rsQhx2wiTd', 274, 'Hip Hop', '2019-09-19', 505, 'https://picsum.photos/id/229/200/200');
INSERT INTO SONGS (song_id, album_id, title, duration, genre, release_date, popularity_rank, image) VALUES (162, 71, 'Song nPv6wvR90f', 403, 'Alternative', '2013-01-26', 831, 'https://picsum.photos/id/221/200/200');
INSERT INTO SONGS (song_id, album_id, title, duration, genre, release_date, popularity_rank, image) VALUES (163, 38, 'Song RQuSXHQifZ', 212, 'Blues', '2018-10-11', 804, 'https://picsum.photos/id/253/200/200');
INSERT INTO SONGS (song_id, album_id, title, duration, genre, release_date, popularity_rank, image) VALUES (164, 91, 'Song pj6C0hNHW1', 302, 'Metal', '2020-07-30', 933, 'https://picsum.photos/id/250/200/200');
INSERT INTO SONGS (song_id, album_id, title, duration, genre, release_date, popularity_rank, image) VALUES (165, 60, 'Song rcTdtbCIio', 162, 'R&B', '2023-04-24', 342, 'https://picsum.photos/id/237/200/200');
INSERT INTO SONGS (song_id, album_id, title, duration, genre, release_date, popularity_rank, image) VALUES (166, 95, 'Song MGQjO8nmRk', 478, 'Metal', '2015-02-15', 585, 'https://picsum.photos/id/283/200/200');
INSERT INTO SONGS (song_id, album_id, title, duration, genre, release_date, popularity_rank, image) VALUES (167, 165, 'Song 9DtDs9x2QC', 468, 'Electronic', '2017-07-12', 18, 'https://picsum.photos/id/245/200/200');
INSERT INTO SONGS (song_id, album_id, title, duration, genre, release_date, popularity_rank, image) VALUES (168, 46, 'Song O2NBZZpN8Q', 142, 'Classical', '2019-09-05', 849, 'https://picsum.photos/id/203/200/200');
INSERT INTO SONGS (song_id, album_id, title, duration, genre, release_date, popularity_rank, image) VALUES (169, 141, 'Song wqgv5wCIXS', 142, 'Electronic', '2023-12-31', 127, 'https://picsum.photos/id/237/200/200');
INSERT INTO SONGS (song_id, album_id, title, duration, genre, release_date, popularity_rank, image) VALUES (170, 93, 'Song 5zdnybEFHH', 463, 'Alternative', '2023-02-25', 614, 'https://picsum.photos/id/264/200/200');
INSERT INTO SONGS (song_id, album_id, title, duration, genre, release_date, popularity_rank, image) VALUES (171, 42, 'Song iR59DJqOls', 150, 'Indie', '2022-04-23', 29, 'https://picsum.photos/id/300/200/200');
INSERT INTO SONGS (song_id, album_id, title, duration, genre, release_date, popularity_rank, image) VALUES (172, 51, 'Song Ok3aNFy8Da', 383, 'Metal', '2019-12-02', 121, 'https://picsum.photos/id/254/200/200');
INSERT INTO SONGS (song_id, album_id, title, duration, genre, release_date, popularity_rank, image) VALUES (173, 77, 'Song NvbL3ASVK2', 163, 'Indie', '2023-03-12', 745, 'https://picsum.photos/id/280/200/200');
INSERT INTO SONGS (song_id, album_id, title, duration, genre, release_date, popularity_rank, image) VALUES (174, 69, 'Song f73SaF95N6', 433, 'Folk', '2008-08-22', 726, 'https://picsum.photos/id/300/200/200');
INSERT INTO SONGS (song_id, album_id, title, duration, genre, release_date, popularity_rank, image) VALUES (175, 185, 'Song JfIp2PplFu', 256, 'Country', '2024-01-22', 479, 'https://picsum.photos/id/232/200/200');
INSERT INTO SONGS (song_id, album_id, title, duration, genre, release_date, popularity_rank, image) VALUES (176, 113, 'Song WvQckI3WRP', 143, 'Blues', '2020-05-20', 798, 'https://picsum.photos/id/203/200/200');
INSERT INTO SONGS (song_id, album_id, title, duration, genre, release_date, popularity_rank, image) VALUES (177, 94, 'Song PCgOqNhQ8X', 305, 'Metal', '2023-05-20', 672, 'https://picsum.photos/id/259/200/200');
INSERT INTO SONGS (song_id, album_id, title, duration, genre, release_date, popularity_rank, image) VALUES (178, 59, 'Song nnHy48TMhJ', 293, 'Alternative', '2023-02-15', 800, 'https://picsum.photos/id/213/200/200');
INSERT INTO SONGS (song_id, album_id, title, duration, genre, release_date, popularity_rank, image) VALUES (179, 199, 'Song U0OK1kFDvZ', 312, 'Blues', '2011-09-06', 738, 'https://picsum.photos/id/239/200/200');
INSERT INTO SONGS (song_id, album_id, title, duration, genre, release_date, popularity_rank, image) VALUES (180, 150, 'Song OuZeAi3RFn', 300, 'Metal', '2014-05-19', 729, 'https://picsum.photos/id/295/200/200');
INSERT INTO SONGS (song_id, album_id, title, duration, genre, release_date, popularity_rank, image) VALUES (181, 56, 'Song qJW8jtanb2', 192, 'Hip Hop', '2021-01-18', 553, 'https://picsum.photos/id/292/200/200');
INSERT INTO SONGS (song_id, album_id, title, duration, genre, release_date, popularity_rank, image) VALUES (182, 131, 'Song 3oWO7fQDcS', 265, 'Dance', '2014-05-09', 424, 'https://picsum.photos/id/299/200/200');
INSERT INTO SONGS (song_id, album_id, title, duration, genre, release_date, popularity_rank, image) VALUES (183, 100, 'Song SSBov30gRx', 409, 'Country', '2012-07-25', 334, 'https://picsum.photos/id/236/200/200');
INSERT INTO SONGS (song_id, album_id, title, duration, genre, release_date, popularity_rank, image) VALUES (184, 1, 'Song xHswEP5Yma', 275, 'Folk', '2012-07-09', 16, 'https://picsum.photos/id/216/200/200');
INSERT INTO SONGS (song_id, album_id, title, duration, genre, release_date, popularity_rank, image) VALUES (185, 194, 'Song 0MPv2RnFGg', 183, 'Pop', '2019-08-08', 611, 'https://picsum.photos/id/252/200/200');
INSERT INTO SONGS (song_id, album_id, title, duration, genre, release_date, popularity_rank, image) VALUES (186, 161, 'Song 9dUkgs98m7', 286, 'Electronic', '2018-09-27', 872, 'https://picsum.photos/id/206/200/200');
INSERT INTO SONGS (song_id, album_id, title, duration, genre, release_date, popularity_rank, image) VALUES (187, 45, 'Song 9I0GWOfLYe', 265, 'Pop', '2011-03-31', 597, 'https://picsum.photos/id/224/200/200');
INSERT INTO SONGS (song_id, album_id, title, duration, genre, release_date, popularity_rank, image) VALUES (188, 48, 'Song PXryd1Amfx', 412, 'Dance', '2012-03-05', 426, 'https://picsum.photos/id/212/200/200');
INSERT INTO SONGS (song_id, album_id, title, duration, genre, release_date, popularity_rank, image) VALUES (189, 189, 'Song Aij2YEfPKT', 322, 'Jazz', '2010-09-01', 492, 'https://picsum.photos/id/298/200/200');
INSERT INTO SONGS (song_id, album_id, title, duration, genre, release_date, popularity_rank, image) VALUES (190, 106, 'Song GpPyErW37l', 438, 'Jazz', '2010-07-15', 207, 'https://picsum.photos/id/243/200/200');
INSERT INTO SONGS (song_id, album_id, title, duration, genre, release_date, popularity_rank, image) VALUES (191, 97, 'Song 3mZle08YDD', 200, 'Country', '2020-03-19', 563, 'https://picsum.photos/id/239/200/200');
INSERT INTO SONGS (song_id, album_id, title, duration, genre, release_date, popularity_rank, image) VALUES (192, 68, 'Song aM8i6kbu7O', 417, 'Hip Hop', '2021-12-18', 424, 'https://picsum.photos/id/207/200/200');
INSERT INTO SONGS (song_id, album_id, title, duration, genre, release_date, popularity_rank, image) VALUES (193, 192, 'Song CSCmpAMmIM', 471, 'Indie', '2018-07-29', 81, 'https://picsum.photos/id/234/200/200');
INSERT INTO SONGS (song_id, album_id, title, duration, genre, release_date, popularity_rank, image) VALUES (194, 105, 'Song rk6Ik8UPpQ', 147, 'Dance', '2008-03-10', 430, 'https://picsum.photos/id/294/200/200');
INSERT INTO SONGS (song_id, album_id, title, duration, genre, release_date, popularity_rank, image) VALUES (195, 188, 'Song nL52kB53Ct', 197, 'Blues', '2012-03-23', 168, 'https://picsum.photos/id/276/200/200');
INSERT INTO SONGS (song_id, album_id, title, duration, genre, release_date, popularity_rank, image) VALUES (196, 186, 'Song WpsIT1f890', 294, 'Rock', '2013-04-08', 777, 'https://picsum.photos/id/251/200/200');
INSERT INTO SONGS (song_id, album_id, title, duration, genre, release_date, popularity_rank, image) VALUES (197, 33, 'Song bpSvl6vKmp', 180, 'Alternative', '2012-12-12', 441, 'https://picsum.photos/id/202/200/200');
INSERT INTO SONGS (song_id, album_id, title, duration, genre, release_date, popularity_rank, image) VALUES (198, 197, 'Song Swmf6EL5Kr', 191, 'Rock', '2017-03-25', 444, 'https://picsum.photos/id/239/200/200');
INSERT INTO SONGS (song_id, album_id, title, duration, genre, release_date, popularity_rank, image) VALUES (199, 13, 'Song 7L4rrBm7dj', 143, 'Rock', '2017-09-04', 700, 'https://picsum.photos/id/297/200/200');
INSERT INTO SONGS (song_id, album_id, title, duration, genre, release_date, popularity_rank, image) VALUES (200, 163, 'Song iye4Qs9MEq', 197, 'Indie', '2024-01-23', 144, 'https://picsum.photos/id/283/200/200');
INSERT INTO SONGS (song_id, album_id, title, duration, genre, release_date, popularity_rank, image) VALUES (201, 183, 'Song d4FboJtTQR', 406, 'Pop', '2018-09-19', 825, 'https://picsum.photos/id/228/200/200');
INSERT INTO SONGS (song_id, album_id, title, duration, genre, release_date, popularity_rank, image) VALUES (202, 78, 'Song i2bZTAiDgR', 470, 'Electronic', '2017-05-14', 453, 'https://picsum.photos/id/253/200/200');
INSERT INTO SONGS (song_id, album_id, title, duration, genre, release_date, popularity_rank, image) VALUES (203, 95, 'Song TtOMRHBmkr', 137, 'Folk', '2015-02-20', 29, 'https://picsum.photos/id/254/200/200');
INSERT INTO SONGS (song_id, album_id, title, duration, genre, release_date, popularity_rank, image) VALUES (204, 144, 'Song Vihp0OHFMm', 272, 'Electronic', '2023-12-28', 826, 'https://picsum.photos/id/260/200/200');
INSERT INTO SONGS (song_id, album_id, title, duration, genre, release_date, popularity_rank, image) VALUES (205, 36, 'Song FbRFxrwFSh', 477, 'Hip Hop', '2020-10-07', 871, 'https://picsum.photos/id/254/200/200');
INSERT INTO SONGS (song_id, album_id, title, duration, genre, release_date, popularity_rank, image) VALUES (206, 29, 'Song 4Prsg6IcgV', 242, 'Dance', '2009-11-16', 563, 'https://picsum.photos/id/251/200/200');
INSERT INTO SONGS (song_id, album_id, title, duration, genre, release_date, popularity_rank, image) VALUES (207, 57, 'Song sUcYlKiNmj', 319, 'Metal', '2018-05-18', 917, 'https://picsum.photos/id/294/200/200');
INSERT INTO SONGS (song_id, album_id, title, duration, genre, release_date, popularity_rank, image) VALUES (208, 71, 'Song UvFTzp6UPE', 138, 'R&B', '2014-07-31', 316, 'https://picsum.photos/id/203/200/200');
INSERT INTO SONGS (song_id, album_id, title, duration, genre, release_date, popularity_rank, image) VALUES (209, 48, 'Song nGoqrtC9D3', 478, 'Folk', '2014-12-04', 491, 'https://picsum.photos/id/245/200/200');
INSERT INTO SONGS (song_id, album_id, title, duration, genre, release_date, popularity_rank, image) VALUES (210, 10, 'Song 1SOyPfH9j9', 360, 'Folk', '2016-10-16', 812, 'https://picsum.photos/id/208/200/200');
INSERT INTO SONGS (song_id, album_id, title, duration, genre, release_date, popularity_rank, image) VALUES (211, 13, 'Song cx0GR7JZSJ', 231, 'Alternative', '2021-12-17', 378, 'https://picsum.photos/id/216/200/200');
INSERT INTO SONGS (song_id, album_id, title, duration, genre, release_date, popularity_rank, image) VALUES (212, 49, 'Song 1aDqGekecl', 193, 'Hip Hop', '2013-10-20', 831, 'https://picsum.photos/id/278/200/200');
INSERT INTO SONGS (song_id, album_id, title, duration, genre, release_date, popularity_rank, image) VALUES (213, 1, 'Song E6sh94Nuqg', 469, 'Metal', '2012-09-13', 971, 'https://picsum.photos/id/225/200/200');
INSERT INTO SONGS (song_id, album_id, title, duration, genre, release_date, popularity_rank, image) VALUES (214, 137, 'Song Hhy9AuF7Qp', 249, 'Classical', '2022-09-02', 508, 'https://picsum.photos/id/218/200/200');
INSERT INTO SONGS (song_id, album_id, title, duration, genre, release_date, popularity_rank, image) VALUES (215, 179, 'Song JQ4A8HLqOR', 248, 'Alternative', '2014-07-21', 942, 'https://picsum.photos/id/219/200/200');
INSERT INTO SONGS (song_id, album_id, title, duration, genre, release_date, popularity_rank, image) VALUES (216, 144, 'Song uhDjmyWhYQ', 365, 'Electronic', '2014-03-10', 830, 'https://picsum.photos/id/226/200/200');
INSERT INTO SONGS (song_id, album_id, title, duration, genre, release_date, popularity_rank, image) VALUES (217, 8, 'Song f5UiYd1fLt', 320, 'Country', '2024-03-21', 381, 'https://picsum.photos/id/238/200/200');
INSERT INTO SONGS (song_id, album_id, title, duration, genre, release_date, popularity_rank, image) VALUES (218, 200, 'Song 9xwTAD3AQt', 431, 'Reggae', '2017-06-17', 361, 'https://picsum.photos/id/224/200/200');
INSERT INTO SONGS (song_id, album_id, title, duration, genre, release_date, popularity_rank, image) VALUES (219, 28, 'Song YzDKDWVlfU', 191, 'Country', '2014-04-01', 495, 'https://picsum.photos/id/207/200/200');
INSERT INTO SONGS (song_id, album_id, title, duration, genre, release_date, popularity_rank, image) VALUES (220, 189, 'Song PFYaK0f3b9', 171, 'Rock', '2012-12-21', 559, 'https://picsum.photos/id/206/200/200');
INSERT INTO SONGS (song_id, album_id, title, duration, genre, release_date, popularity_rank, image) VALUES (221, 129, 'Song SsTaLacFjt', 467, 'R&B', '2022-09-13', 490, 'https://picsum.photos/id/284/200/200');
INSERT INTO SONGS (song_id, album_id, title, duration, genre, release_date, popularity_rank, image) VALUES (222, 25, 'Song gjDRglyAPc', 264, 'Pop', '2015-12-26', 242, 'https://picsum.photos/id/228/200/200');
INSERT INTO SONGS (song_id, album_id, title, duration, genre, release_date, popularity_rank, image) VALUES (223, 97, 'Song EoW9P6cbmK', 150, 'Country', '2020-08-14', 66, 'https://picsum.photos/id/227/200/200');
INSERT INTO SONGS (song_id, album_id, title, duration, genre, release_date, popularity_rank, image) VALUES (224, 53, 'Song RxZjYXR9wX', 202, 'Indie', '2022-03-08', 522, 'https://picsum.photos/id/267/200/200');
INSERT INTO SONGS (song_id, album_id, title, duration, genre, release_date, popularity_rank, image) VALUES (225, 8, 'Song kM8v7WQESt', 299, 'Metal', '2017-04-03', 573, 'https://picsum.photos/id/245/200/200');
INSERT INTO SONGS (song_id, album_id, title, duration, genre, release_date, popularity_rank, image) VALUES (226, 47, 'Song fTZj1AVXZM', 393, 'Hip Hop', '2020-04-26', 938, 'https://picsum.photos/id/255/200/200');
INSERT INTO SONGS (song_id, album_id, title, duration, genre, release_date, popularity_rank, image) VALUES (227, 4, 'Song G3YX35ypJS', 440, 'R&B', '2009-01-22', 966, 'https://picsum.photos/id/251/200/200');
INSERT INTO SONGS (song_id, album_id, title, duration, genre, release_date, popularity_rank, image) VALUES (228, 149, 'Song sIONw5G3dN', 272, 'Country', '2008-08-14', 624, 'https://picsum.photos/id/254/200/200');
INSERT INTO SONGS (song_id, album_id, title, duration, genre, release_date, popularity_rank, image) VALUES (229, 200, 'Song MU7op6yNMr', 328, 'Alternative', '2018-07-29', 400, 'https://picsum.photos/id/299/200/200');
INSERT INTO SONGS (song_id, album_id, title, duration, genre, release_date, popularity_rank, image) VALUES (230, 134, 'Song QwaoVXZxG6', 215, 'Classical', '2021-03-24', 624, 'https://picsum.photos/id/261/200/200');
INSERT INTO SONGS (song_id, album_id, title, duration, genre, release_date, popularity_rank, image) VALUES (231, 180, 'Song wLREtuUujz', 218, 'Jazz', '2013-04-18', 737, 'https://picsum.photos/id/228/200/200');
INSERT INTO SONGS (song_id, album_id, title, duration, genre, release_date, popularity_rank, image) VALUES (232, 45, 'Song FDEoduNpaW', 388, 'Electronic', '2023-03-30', 974, 'https://picsum.photos/id/298/200/200');
INSERT INTO SONGS (song_id, album_id, title, duration, genre, release_date, popularity_rank, image) VALUES (233, 94, 'Song nnNjkGAviH', 148, 'Pop', '2012-07-03', 811, 'https://picsum.photos/id/300/200/200');
INSERT INTO SONGS (song_id, album_id, title, duration, genre, release_date, popularity_rank, image) VALUES (234, 131, 'Song gRWi24ybw5', 415, 'Folk', '2021-09-10', 340, 'https://picsum.photos/id/234/200/200');
INSERT INTO SONGS (song_id, album_id, title, duration, genre, release_date, popularity_rank, image) VALUES (235, 124, 'Song Ln1sWm8Z47', 254, 'Rock', '2012-01-03', 314, 'https://picsum.photos/id/231/200/200');
INSERT INTO SONGS (song_id, album_id, title, duration, genre, release_date, popularity_rank, image) VALUES (236, 14, 'Song rDuryLIVEt', 275, 'Hip Hop', '2022-11-02', 290, 'https://picsum.photos/id/287/200/200');
INSERT INTO SONGS (song_id, album_id, title, duration, genre, release_date, popularity_rank, image) VALUES (237, 138, 'Song RUuKQR9aZJ', 182, 'Dance', '2012-03-02', 963, 'https://picsum.photos/id/254/200/200');
INSERT INTO SONGS (song_id, album_id, title, duration, genre, release_date, popularity_rank, image) VALUES (238, 116, 'Song kAdoPr668F', 431, 'Country', '2013-12-02', 730, 'https://picsum.photos/id/220/200/200');
INSERT INTO SONGS (song_id, album_id, title, duration, genre, release_date, popularity_rank, image) VALUES (239, 134, 'Song XNUMUYvnro', 247, 'Hip Hop', '2017-02-24', 89, 'https://picsum.photos/id/216/200/200');
INSERT INTO SONGS (song_id, album_id, title, duration, genre, release_date, popularity_rank, image) VALUES (240, 24, 'Song w3v9srCsqc', 409, 'Reggae', '2014-01-15', 556, 'https://picsum.photos/id/281/200/200');
INSERT INTO SONGS (song_id, album_id, title, duration, genre, release_date, popularity_rank, image) VALUES (241, 3, 'Song piq2acw0Fd', 145, 'Jazz', '2013-06-24', 248, 'https://picsum.photos/id/260/200/200');
INSERT INTO SONGS (song_id, album_id, title, duration, genre, release_date, popularity_rank, image) VALUES (242, 125, 'Song jzc5odpjqN', 288, 'Hip Hop', '2019-05-14', 581, 'https://picsum.photos/id/219/200/200');
INSERT INTO SONGS (song_id, album_id, title, duration, genre, release_date, popularity_rank, image) VALUES (243, 136, 'Song RlUteBBrcT', 263, 'Blues', '2015-02-14', 745, 'https://picsum.photos/id/300/200/200');
INSERT INTO SONGS (song_id, album_id, title, duration, genre, release_date, popularity_rank, image) VALUES (244, 137, 'Song 95sTwc7J80', 198, 'Electronic', '2014-05-01', 632, 'https://picsum.photos/id/213/200/200');
INSERT INTO SONGS (song_id, album_id, title, duration, genre, release_date, popularity_rank, image) VALUES (245, 15, 'Song kszbtPK3iS', 353, 'Jazz', '2012-10-29', 202, 'https://picsum.photos/id/276/200/200');
INSERT INTO SONGS (song_id, album_id, title, duration, genre, release_date, popularity_rank, image) VALUES (246, 100, 'Song TPscxMTlUu', 231, 'Indie', '2012-02-17', 104, 'https://picsum.photos/id/267/200/200');
INSERT INTO SONGS (song_id, album_id, title, duration, genre, release_date, popularity_rank, image) VALUES (247, 195, 'Song IhklmK6mOx', 400, 'Alternative', '2018-12-10', 611, 'https://picsum.photos/id/267/200/200');
INSERT INTO SONGS (song_id, album_id, title, duration, genre, release_date, popularity_rank, image) VALUES (248, 98, 'Song XlzLUlXox8', 280, 'Folk', '2013-11-24', 529, 'https://picsum.photos/id/294/200/200');
INSERT INTO SONGS (song_id, album_id, title, duration, genre, release_date, popularity_rank, image) VALUES (249, 191, 'Song qdeaL9aJTY', 277, 'Jazz', '2010-12-30', 3, 'https://picsum.photos/id/281/200/200');
INSERT INTO SONGS (song_id, album_id, title, duration, genre, release_date, popularity_rank, image) VALUES (250, 170, 'Song j2NgQTJqnw', 460, 'Electronic', '2019-11-11', 442, 'https://picsum.photos/id/288/200/200');
INSERT INTO SONGS (song_id, album_id, title, duration, genre, release_date, popularity_rank, image) VALUES (251, 166, 'Song 24Y9ubqtu7', 342, 'Reggae', '2014-05-07', 564, 'https://picsum.photos/id/259/200/200');
INSERT INTO SONGS (song_id, album_id, title, duration, genre, release_date, popularity_rank, image) VALUES (252, 136, 'Song fZAzXQeY3X', 158, 'R&B', '2022-10-14', 705, 'https://picsum.photos/id/278/200/200');
INSERT INTO SONGS (song_id, album_id, title, duration, genre, release_date, popularity_rank, image) VALUES (253, 141, 'Song 9bMvWmsk4z', 426, 'Classical', '2022-06-12', 435, 'https://picsum.photos/id/293/200/200');
INSERT INTO SONGS (song_id, album_id, title, duration, genre, release_date, popularity_rank, image) VALUES (254, 158, 'Song aEwKcS4g6N', 340, 'Blues', '2018-06-10', 200, 'https://picsum.photos/id/250/200/200');
INSERT INTO SONGS (song_id, album_id, title, duration, genre, release_date, popularity_rank, image) VALUES (255, 119, 'Song iBS5vLyGlA', 170, 'Alternative', '2018-01-20', 436, 'https://picsum.photos/id/217/200/200');
INSERT INTO SONGS (song_id, album_id, title, duration, genre, release_date, popularity_rank, image) VALUES (256, 134, 'Song DI7vkgSCnU', 164, 'Jazz', '2016-03-03', 896, 'https://picsum.photos/id/276/200/200');
INSERT INTO SONGS (song_id, album_id, title, duration, genre, release_date, popularity_rank, image) VALUES (257, 89, 'Song dMuKjaPdJd', 357, 'Jazz', '2022-04-26', 739, 'https://picsum.photos/id/228/200/200');
INSERT INTO SONGS (song_id, album_id, title, duration, genre, release_date, popularity_rank, image) VALUES (258, 179, 'Song svMa5gsX10', 310, 'Alternative', '2017-10-30', 694, 'https://picsum.photos/id/204/200/200');
INSERT INTO SONGS (song_id, album_id, title, duration, genre, release_date, popularity_rank, image) VALUES (259, 153, 'Song CjW0Pcpuv9', 469, 'Blues', '2015-10-05', 243, 'https://picsum.photos/id/223/200/200');
INSERT INTO SONGS (song_id, album_id, title, duration, genre, release_date, popularity_rank, image) VALUES (260, 135, 'Song rTwvOMsIO8', 332, 'Dance', '2024-01-06', 717, 'https://picsum.photos/id/211/200/200');
INSERT INTO SONGS (song_id, album_id, title, duration, genre, release_date, popularity_rank, image) VALUES (261, 169, 'Song JhzBV9NBom', 426, 'Dance', '2022-03-14', 941, 'https://picsum.photos/id/270/200/200');
INSERT INTO SONGS (song_id, album_id, title, duration, genre, release_date, popularity_rank, image) VALUES (262, 102, 'Song hnh3N5rVH6', 257, 'Indie', '2020-10-01', 143, 'https://picsum.photos/id/274/200/200');
INSERT INTO SONGS (song_id, album_id, title, duration, genre, release_date, popularity_rank, image) VALUES (263, 58, 'Song 9gFbkwfh1m', 224, 'R&B', '2009-04-14', 391, 'https://picsum.photos/id/260/200/200');
INSERT INTO SONGS (song_id, album_id, title, duration, genre, release_date, popularity_rank, image) VALUES (264, 39, 'Song Q2lSH4MMd3', 449, 'Rock', '2021-08-10', 105, 'https://picsum.photos/id/243/200/200');
INSERT INTO SONGS (song_id, album_id, title, duration, genre, release_date, popularity_rank, image) VALUES (265, 169, 'Song rwbOPNJhUh', 272, 'Country', '2018-03-01', 215, 'https://picsum.photos/id/214/200/200');
INSERT INTO SONGS (song_id, album_id, title, duration, genre, release_date, popularity_rank, image) VALUES (266, 57, 'Song ZNkSoxcIlh', 322, 'Classical', '2020-01-23', 52, 'https://picsum.photos/id/285/200/200');
INSERT INTO SONGS (song_id, album_id, title, duration, genre, release_date, popularity_rank, image) VALUES (267, 44, 'Song QGzSCgYGrB', 297, 'Blues', '2019-07-31', 982, 'https://picsum.photos/id/260/200/200');
INSERT INTO SONGS (song_id, album_id, title, duration, genre, release_date, popularity_rank, image) VALUES (268, 108, 'Song SVzIjsnY8d', 128, 'Reggae', '2012-07-12', 311, 'https://picsum.photos/id/295/200/200');
INSERT INTO SONGS (song_id, album_id, title, duration, genre, release_date, popularity_rank, image) VALUES (269, 7, 'Song vp7Zv5Do8W', 367, 'Blues', '2022-03-24', 150, 'https://picsum.photos/id/253/200/200');
INSERT INTO SONGS (song_id, album_id, title, duration, genre, release_date, popularity_rank, image) VALUES (270, 93, 'Song jj3Nud2mnQ', 388, 'Pop', '2020-01-10', 476, 'https://picsum.photos/id/219/200/200');
INSERT INTO SONGS (song_id, album_id, title, duration, genre, release_date, popularity_rank, image) VALUES (271, 145, 'Song 6DoMJI4air', 435, 'Rock', '2019-06-18', 305, 'https://picsum.photos/id/219/200/200');
INSERT INTO SONGS (song_id, album_id, title, duration, genre, release_date, popularity_rank, image) VALUES (272, 59, 'Song ZwQOEuf9ZR', 466, 'Hip Hop', '2019-12-29', 47, 'https://picsum.photos/id/201/200/200');
INSERT INTO SONGS (song_id, album_id, title, duration, genre, release_date, popularity_rank, image) VALUES (273, 176, 'Song z4da2icCGg', 419, 'Alternative', '2009-06-03', 5, 'https://picsum.photos/id/207/200/200');
INSERT INTO SONGS (song_id, album_id, title, duration, genre, release_date, popularity_rank, image) VALUES (274, 53, 'Song uQDgiDeZ2K', 194, 'Indie', '2024-03-04', 244, 'https://picsum.photos/id/245/200/200');
INSERT INTO SONGS (song_id, album_id, title, duration, genre, release_date, popularity_rank, image) VALUES (275, 103, 'Song 1POltyCnkD', 377, 'Jazz', '2016-08-17', 329, 'https://picsum.photos/id/282/200/200');
INSERT INTO SONGS (song_id, album_id, title, duration, genre, release_date, popularity_rank, image) VALUES (276, 45, 'Song iW8piUnurf', 128, 'Country', '2023-01-20', 598, 'https://picsum.photos/id/259/200/200');
INSERT INTO SONGS (song_id, album_id, title, duration, genre, release_date, popularity_rank, image) VALUES (277, 192, 'Song GkXMXAM9rn', 298, 'Indie', '2017-12-14', 531, 'https://picsum.photos/id/282/200/200');
INSERT INTO SONGS (song_id, album_id, title, duration, genre, release_date, popularity_rank, image) VALUES (278, 177, 'Song NCyxhCciMw', 287, 'Folk', '2013-10-27', 916, 'https://picsum.photos/id/286/200/200');
INSERT INTO SONGS (song_id, album_id, title, duration, genre, release_date, popularity_rank, image) VALUES (279, 139, 'Song gUTsTlrRRs', 311, 'Indie', '2011-07-18', 380, 'https://picsum.photos/id/284/200/200');
INSERT INTO SONGS (song_id, album_id, title, duration, genre, release_date, popularity_rank, image) VALUES (280, 102, 'Song 3RbxZt42u5', 402, 'Hip Hop', '2012-04-17', 899, 'https://picsum.photos/id/292/200/200');
INSERT INTO SONGS (song_id, album_id, title, duration, genre, release_date, popularity_rank, image) VALUES (281, 5, 'Song U7Dt5bmhoW', 164, 'Folk', '2019-06-05', 840, 'https://picsum.photos/id/204/200/200');
INSERT INTO SONGS (song_id, album_id, title, duration, genre, release_date, popularity_rank, image) VALUES (282, 116, 'Song ehB2ZnSkb0', 161, 'Electronic', '2012-01-14', 892, 'https://picsum.photos/id/281/200/200');
INSERT INTO SONGS (song_id, album_id, title, duration, genre, release_date, popularity_rank, image) VALUES (283, 156, 'Song Z4jNMrnt53', 411, 'R&B', '2009-09-05', 113, 'https://picsum.photos/id/272/200/200');
INSERT INTO SONGS (song_id, album_id, title, duration, genre, release_date, popularity_rank, image) VALUES (284, 58, 'Song TXdmohFL64', 254, 'Blues', '2008-02-08', 438, 'https://picsum.photos/id/282/200/200');
INSERT INTO SONGS (song_id, album_id, title, duration, genre, release_date, popularity_rank, image) VALUES (285, 150, 'Song LrqQDqLneD', 333, 'Indie', '2019-09-02', 633, 'https://picsum.photos/id/284/200/200');
INSERT INTO SONGS (song_id, album_id, title, duration, genre, release_date, popularity_rank, image) VALUES (286, 40, 'Song xBKN5JiLCv', 177, 'Rock', '2020-09-27', 222, 'https://picsum.photos/id/262/200/200');
INSERT INTO SONGS (song_id, album_id, title, duration, genre, release_date, popularity_rank, image) VALUES (287, 66, 'Song tJ1I0uo7VC', 159, 'Classical', '2015-09-05', 446, 'https://picsum.photos/id/252/200/200');
INSERT INTO SONGS (song_id, album_id, title, duration, genre, release_date, popularity_rank, image) VALUES (288, 10, 'Song cQNd1L8PDy', 404, 'Folk', '2015-03-10', 40, 'https://picsum.photos/id/261/200/200');
INSERT INTO SONGS (song_id, album_id, title, duration, genre, release_date, popularity_rank, image) VALUES (289, 6, 'Song Hnt0oQw9BW', 395, 'Electronic', '2012-09-10', 462, 'https://picsum.photos/id/226/200/200');
INSERT INTO SONGS (song_id, album_id, title, duration, genre, release_date, popularity_rank, image) VALUES (290, 88, 'Song wc4yKZvluh', 279, 'Rock', '2012-09-28', 815, 'https://picsum.photos/id/297/200/200');
INSERT INTO SONGS (song_id, album_id, title, duration, genre, release_date, popularity_rank, image) VALUES (291, 122, 'Song 1E7R2HRBBW', 346, 'Reggae', '2011-06-01', 589, 'https://picsum.photos/id/225/200/200');
INSERT INTO SONGS (song_id, album_id, title, duration, genre, release_date, popularity_rank, image) VALUES (292, 7, 'Song s4SWFQWBbY', 252, 'Classical', '2016-09-28', 145, 'https://picsum.photos/id/273/200/200');
INSERT INTO SONGS (song_id, album_id, title, duration, genre, release_date, popularity_rank, image) VALUES (293, 38, 'Song xf4dhAga5y', 451, 'Dance', '2014-11-06', 88, 'https://picsum.photos/id/256/200/200');
INSERT INTO SONGS (song_id, album_id, title, duration, genre, release_date, popularity_rank, image) VALUES (294, 128, 'Song JqXVAfBQGT', 226, 'R&B', '2020-06-20', 579, 'https://picsum.photos/id/207/200/200');
INSERT INTO SONGS (song_id, album_id, title, duration, genre, release_date, popularity_rank, image) VALUES (295, 83, 'Song aAM42Ka9Xf', 236, 'Pop', '2015-12-25', 146, 'https://picsum.photos/id/222/200/200');
INSERT INTO SONGS (song_id, album_id, title, duration, genre, release_date, popularity_rank, image) VALUES (296, 81, 'Song nYKxmkYswT', 272, 'Dance', '2011-02-01', 607, 'https://picsum.photos/id/295/200/200');
INSERT INTO SONGS (song_id, album_id, title, duration, genre, release_date, popularity_rank, image) VALUES (297, 66, 'Song 3ixzAy0F3l', 460, 'Rock', '2018-12-11', 585, 'https://picsum.photos/id/269/200/200');
INSERT INTO SONGS (song_id, album_id, title, duration, genre, release_date, popularity_rank, image) VALUES (298, 76, 'Song NVWgAPbLNI', 334, 'Blues', '2010-08-08', 558, 'https://picsum.photos/id/239/200/200');
INSERT INTO SONGS (song_id, album_id, title, duration, genre, release_date, popularity_rank, image) VALUES (299, 43, 'Song uILLnyx9vw', 187, 'Jazz', '2021-11-12', 652, 'https://picsum.photos/id/298/200/200');
INSERT INTO SONGS (song_id, album_id, title, duration, genre, release_date, popularity_rank, image) VALUES (300, 183, 'Song UyVGhgJ4oe', 368, 'Reggae', '2022-06-03', 448, 'https://picsum.photos/id/213/200/200');
INSERT INTO SONGS (song_id, album_id, title, duration, genre, release_date, popularity_rank, image) VALUES (301, 5, 'Song zyZ7In6jL9', 221, 'Indie', '2019-01-01', 65, 'https://picsum.photos/id/262/200/200');
INSERT INTO SONGS (song_id, album_id, title, duration, genre, release_date, popularity_rank, image) VALUES (302, 74, 'Song qq2SODb1iL', 295, 'Dance', '2022-12-11', 660, 'https://picsum.photos/id/251/200/200');
INSERT INTO SONGS (song_id, album_id, title, duration, genre, release_date, popularity_rank, image) VALUES (303, 179, 'Song TFVo6zCMI3', 140, 'Metal', '2020-05-26', 223, 'https://picsum.photos/id/274/200/200');
INSERT INTO SONGS (song_id, album_id, title, duration, genre, release_date, popularity_rank, image) VALUES (304, 18, 'Song nlOBngvI7w', 238, 'Reggae', '2009-06-13', 809, 'https://picsum.photos/id/210/200/200');
INSERT INTO SONGS (song_id, album_id, title, duration, genre, release_date, popularity_rank, image) VALUES (305, 139, 'Song FF8zObSbOl', 219, 'Country', '2019-01-26', 276, 'https://picsum.photos/id/211/200/200');
INSERT INTO SONGS (song_id, album_id, title, duration, genre, release_date, popularity_rank, image) VALUES (306, 161, 'Song SZWgmQGfiN', 336, 'Alternative', '2015-04-09', 886, 'https://picsum.photos/id/247/200/200');
INSERT INTO SONGS (song_id, album_id, title, duration, genre, release_date, popularity_rank, image) VALUES (307, 20, 'Song hdT9TTrh40', 212, 'Rock', '2021-05-03', 68, 'https://picsum.photos/id/274/200/200');
INSERT INTO SONGS (song_id, album_id, title, duration, genre, release_date, popularity_rank, image) VALUES (308, 147, 'Song 2sC1BBlSdG', 224, 'Metal', '2020-02-19', 301, 'https://picsum.photos/id/293/200/200');
INSERT INTO SONGS (song_id, album_id, title, duration, genre, release_date, popularity_rank, image) VALUES (309, 87, 'Song TLbl7Omzcy', 451, 'Metal', '2021-09-06', 321, 'https://picsum.photos/id/286/200/200');
INSERT INTO SONGS (song_id, album_id, title, duration, genre, release_date, popularity_rank, image) VALUES (310, 15, 'Song CVTReSbtii', 226, 'Metal', '2016-12-23', 385, 'https://picsum.photos/id/264/200/200');
INSERT INTO SONGS (song_id, album_id, title, duration, genre, release_date, popularity_rank, image) VALUES (311, 85, 'Song OLWDjlsh55', 342, 'Classical', '2011-08-27', 196, 'https://picsum.photos/id/224/200/200');
INSERT INTO SONGS (song_id, album_id, title, duration, genre, release_date, popularity_rank, image) VALUES (312, 100, 'Song tPKeMTnkHe', 210, 'Alternative', '2017-07-23', 472, 'https://picsum.photos/id/291/200/200');
INSERT INTO SONGS (song_id, album_id, title, duration, genre, release_date, popularity_rank, image) VALUES (313, 188, 'Song Uvnt4JTUF6', 145, 'Hip Hop', '2008-03-28', 974, 'https://picsum.photos/id/263/200/200');
INSERT INTO SONGS (song_id, album_id, title, duration, genre, release_date, popularity_rank, image) VALUES (314, 177, 'Song 76WkfidExl', 463, 'Blues', '2008-10-09', 286, 'https://picsum.photos/id/253/200/200');
INSERT INTO SONGS (song_id, album_id, title, duration, genre, release_date, popularity_rank, image) VALUES (315, 92, 'Song 2RbVKidD4O', 381, 'Indie', '2016-10-05', 826, 'https://picsum.photos/id/229/200/200');
INSERT INTO SONGS (song_id, album_id, title, duration, genre, release_date, popularity_rank, image) VALUES (316, 159, 'Song wa9AgiEryM', 416, 'Classical', '2016-02-21', 382, 'https://picsum.photos/id/220/200/200');
INSERT INTO SONGS (song_id, album_id, title, duration, genre, release_date, popularity_rank, image) VALUES (317, 150, 'Song Ops12iZ7zx', 440, 'Indie', '2012-08-13', 853, 'https://picsum.photos/id/217/200/200');
INSERT INTO SONGS (song_id, album_id, title, duration, genre, release_date, popularity_rank, image) VALUES (318, 192, 'Song lzKASVAybF', 431, 'Indie', '2017-01-22', 707, 'https://picsum.photos/id/203/200/200');
INSERT INTO SONGS (song_id, album_id, title, duration, genre, release_date, popularity_rank, image) VALUES (319, 168, 'Song TRe9i5Ns0d', 194, 'Classical', '2013-05-20', 232, 'https://picsum.photos/id/249/200/200');
INSERT INTO SONGS (song_id, album_id, title, duration, genre, release_date, popularity_rank, image) VALUES (320, 179, 'Song hhfC9ZFrVu', 335, 'Jazz', '2008-02-13', 43, 'https://picsum.photos/id/217/200/200');
INSERT INTO SONGS (song_id, album_id, title, duration, genre, release_date, popularity_rank, image) VALUES (321, 59, 'Song oE4cZXUX6j', 131, 'Rock', '2014-08-07', 708, 'https://picsum.photos/id/234/200/200');
INSERT INTO SONGS (song_id, album_id, title, duration, genre, release_date, popularity_rank, image) VALUES (322, 142, 'Song hpucrlMwCo', 385, 'Dance', '2008-02-15', 395, 'https://picsum.photos/id/205/200/200');
INSERT INTO SONGS (song_id, album_id, title, duration, genre, release_date, popularity_rank, image) VALUES (323, 132, 'Song EpphGQoZrR', 202, 'Pop', '2012-03-27', 336, 'https://picsum.photos/id/236/200/200');
INSERT INTO SONGS (song_id, album_id, title, duration, genre, release_date, popularity_rank, image) VALUES (324, 109, 'Song zCqIrxNpQ1', 183, 'R&B', '2014-03-27', 717, 'https://picsum.photos/id/203/200/200');
INSERT INTO SONGS (song_id, album_id, title, duration, genre, release_date, popularity_rank, image) VALUES (325, 192, 'Song IWRXE4WfZl', 183, 'Reggae', '2012-06-24', 12, 'https://picsum.photos/id/226/200/200');
INSERT INTO SONGS (song_id, album_id, title, duration, genre, release_date, popularity_rank, image) VALUES (326, 20, 'Song GNKQhfb3VE', 175, 'R&B', '2014-10-07', 291, 'https://picsum.photos/id/213/200/200');
INSERT INTO SONGS (song_id, album_id, title, duration, genre, release_date, popularity_rank, image) VALUES (327, 8, 'Song OJe0zNW9Us', 287, 'Electronic', '2008-03-06', 577, 'https://picsum.photos/id/292/200/200');
INSERT INTO SONGS (song_id, album_id, title, duration, genre, release_date, popularity_rank, image) VALUES (328, 67, 'Song eWWMhTap0R', 296, 'Dance', '2012-03-02', 240, 'https://picsum.photos/id/208/200/200');
INSERT INTO SONGS (song_id, album_id, title, duration, genre, release_date, popularity_rank, image) VALUES (329, 84, 'Song DdBzjr34Cp', 294, 'Hip Hop', '2008-11-03', 313, 'https://picsum.photos/id/265/200/200');
INSERT INTO SONGS (song_id, album_id, title, duration, genre, release_date, popularity_rank, image) VALUES (330, 153, 'Song 51puO6Jynr', 292, 'Jazz', '2020-02-27', 114, 'https://picsum.photos/id/254/200/200');
INSERT INTO SONGS (song_id, album_id, title, duration, genre, release_date, popularity_rank, image) VALUES (331, 180, 'Song oU8JShrc4W', 451, 'Reggae', '2016-12-24', 821, 'https://picsum.photos/id/255/200/200');
INSERT INTO SONGS (song_id, album_id, title, duration, genre, release_date, popularity_rank, image) VALUES (332, 103, 'Song hgjTBBQCzz', 320, 'Blues', '2017-11-09', 204, 'https://picsum.photos/id/223/200/200');
INSERT INTO SONGS (song_id, album_id, title, duration, genre, release_date, popularity_rank, image) VALUES (333, 143, 'Song zeewEF0UKj', 480, 'Classical', '2022-03-05', 927, 'https://picsum.photos/id/245/200/200');
INSERT INTO SONGS (song_id, album_id, title, duration, genre, release_date, popularity_rank, image) VALUES (334, 74, 'Song bz5NUAM4Jj', 321, 'Reggae', '2016-12-11', 709, 'https://picsum.photos/id/249/200/200');
INSERT INTO SONGS (song_id, album_id, title, duration, genre, release_date, popularity_rank, image) VALUES (335, 183, 'Song CX2cRzK4dS', 280, 'Dance', '2023-02-28', 474, 'https://picsum.photos/id/258/200/200');
INSERT INTO SONGS (song_id, album_id, title, duration, genre, release_date, popularity_rank, image) VALUES (336, 112, 'Song FNf9VTALOw', 211, 'Folk', '2008-08-03', 17, 'https://picsum.photos/id/258/200/200');
INSERT INTO SONGS (song_id, album_id, title, duration, genre, release_date, popularity_rank, image) VALUES (337, 122, 'Song 2hcWbYJtNn', 403, 'Jazz', '2020-08-31', 735, 'https://picsum.photos/id/227/200/200');
INSERT INTO SONGS (song_id, album_id, title, duration, genre, release_date, popularity_rank, image) VALUES (338, 72, 'Song DV25m8UbKI', 435, 'Rock', '2021-03-30', 226, 'https://picsum.photos/id/240/200/200');
INSERT INTO SONGS (song_id, album_id, title, duration, genre, release_date, popularity_rank, image) VALUES (339, 74, 'Song MWrwfO4sqq', 415, 'Country', '2015-07-02', 370, 'https://picsum.photos/id/255/200/200');
INSERT INTO SONGS (song_id, album_id, title, duration, genre, release_date, popularity_rank, image) VALUES (340, 150, 'Song WX2WoiUqAR', 324, 'Blues', '2020-06-21', 197, 'https://picsum.photos/id/247/200/200');
INSERT INTO SONGS (song_id, album_id, title, duration, genre, release_date, popularity_rank, image) VALUES (341, 162, 'Song PGE7zSxE9T', 262, 'Electronic', '2011-06-16', 723, 'https://picsum.photos/id/283/200/200');
INSERT INTO SONGS (song_id, album_id, title, duration, genre, release_date, popularity_rank, image) VALUES (342, 48, 'Song Y58cILn96o', 224, 'Alternative', '2017-06-07', 750, 'https://picsum.photos/id/254/200/200');
INSERT INTO SONGS (song_id, album_id, title, duration, genre, release_date, popularity_rank, image) VALUES (343, 8, 'Song upglh5kAB2', 240, 'Dance', '2021-01-09', 851, 'https://picsum.photos/id/225/200/200');
INSERT INTO SONGS (song_id, album_id, title, duration, genre, release_date, popularity_rank, image) VALUES (344, 65, 'Song uUX6NGYZyI', 190, 'Country', '2017-05-13', 52, 'https://picsum.photos/id/205/200/200');
INSERT INTO SONGS (song_id, album_id, title, duration, genre, release_date, popularity_rank, image) VALUES (345, 9, 'Song 7RmJHHnQ0K', 180, 'Dance', '2017-02-03', 484, 'https://picsum.photos/id/238/200/200');
INSERT INTO SONGS (song_id, album_id, title, duration, genre, release_date, popularity_rank, image) VALUES (346, 122, 'Song mWuRoNFSat', 402, 'Folk', '2013-09-13', 314, 'https://picsum.photos/id/262/200/200');
INSERT INTO SONGS (song_id, album_id, title, duration, genre, release_date, popularity_rank, image) VALUES (347, 125, 'Song pWZBu7dTKB', 194, 'R&B', '2012-08-25', 687, 'https://picsum.photos/id/237/200/200');
INSERT INTO SONGS (song_id, album_id, title, duration, genre, release_date, popularity_rank, image) VALUES (348, 152, 'Song cdSJrNU42I', 428, 'Reggae', '2012-12-07', 373, 'https://picsum.photos/id/227/200/200');
INSERT INTO SONGS (song_id, album_id, title, duration, genre, release_date, popularity_rank, image) VALUES (349, 6, 'Song VFrL0ZSNhw', 188, 'Pop', '2022-10-04', 284, 'https://picsum.photos/id/227/200/200');
INSERT INTO SONGS (song_id, album_id, title, duration, genre, release_date, popularity_rank, image) VALUES (350, 74, 'Song Qq5pTkWKmH', 377, 'Blues', '2022-10-02', 634, 'https://picsum.photos/id/296/200/200');
INSERT INTO SONGS (song_id, album_id, title, duration, genre, release_date, popularity_rank, image) VALUES (351, 105, 'Song CqJX7PV1OR', 140, 'Indie', '2015-09-20', 224, 'https://picsum.photos/id/270/200/200');
INSERT INTO SONGS (song_id, album_id, title, duration, genre, release_date, popularity_rank, image) VALUES (352, 155, 'Song 0F8Uth4ohb', 207, 'Hip Hop', '2008-06-22', 310, 'https://picsum.photos/id/288/200/200');
INSERT INTO SONGS (song_id, album_id, title, duration, genre, release_date, popularity_rank, image) VALUES (353, 75, 'Song nH1HryLRjd', 147, 'R&B', '2009-11-10', 9, 'https://picsum.photos/id/214/200/200');
INSERT INTO SONGS (song_id, album_id, title, duration, genre, release_date, popularity_rank, image) VALUES (354, 33, 'Song wwCA8U19Rq', 292, 'Electronic', '2011-06-19', 390, 'https://picsum.photos/id/232/200/200');
INSERT INTO SONGS (song_id, album_id, title, duration, genre, release_date, popularity_rank, image) VALUES (355, 160, 'Song HPmiBcT3Nq', 462, 'Classical', '2010-03-20', 243, 'https://picsum.photos/id/209/200/200');
INSERT INTO SONGS (song_id, album_id, title, duration, genre, release_date, popularity_rank, image) VALUES (356, 45, 'Song 62iNLa8j4J', 163, 'Country', '2016-06-13', 843, 'https://picsum.photos/id/291/200/200');
INSERT INTO SONGS (song_id, album_id, title, duration, genre, release_date, popularity_rank, image) VALUES (357, 42, 'Song XPVs3MyX1d', 327, 'Hip Hop', '2009-11-03', 295, 'https://picsum.photos/id/262/200/200');
INSERT INTO SONGS (song_id, album_id, title, duration, genre, release_date, popularity_rank, image) VALUES (358, 145, 'Song mab6hn3rf6', 147, 'Alternative', '2022-04-06', 383, 'https://picsum.photos/id/259/200/200');
INSERT INTO SONGS (song_id, album_id, title, duration, genre, release_date, popularity_rank, image) VALUES (359, 67, 'Song DG7gPmQAP3', 190, 'Folk', '2020-09-02', 417, 'https://picsum.photos/id/274/200/200');
INSERT INTO SONGS (song_id, album_id, title, duration, genre, release_date, popularity_rank, image) VALUES (360, 133, 'Song t6iFV8fyDs', 175, 'Folk', '2015-09-17', 964, 'https://picsum.photos/id/243/200/200');
INSERT INTO SONGS (song_id, album_id, title, duration, genre, release_date, popularity_rank, image) VALUES (361, 52, 'Song WqFP2II0LW', 282, 'Dance', '2016-06-24', 695, 'https://picsum.photos/id/281/200/200');
INSERT INTO SONGS (song_id, album_id, title, duration, genre, release_date, popularity_rank, image) VALUES (362, 146, 'Song DVzttamcIg', 120, 'Country', '2020-09-19', 450, 'https://picsum.photos/id/219/200/200');
INSERT INTO SONGS (song_id, album_id, title, duration, genre, release_date, popularity_rank, image) VALUES (363, 187, 'Song SO3HtF7V1H', 405, 'Reggae', '2011-11-03', 778, 'https://picsum.photos/id/287/200/200');
INSERT INTO SONGS (song_id, album_id, title, duration, genre, release_date, popularity_rank, image) VALUES (364, 165, 'Song sYGwrnwjuo', 328, 'Metal', '2019-10-19', 225, 'https://picsum.photos/id/283/200/200');
INSERT INTO SONGS (song_id, album_id, title, duration, genre, release_date, popularity_rank, image) VALUES (365, 28, 'Song jidepASUU8', 156, 'Dance', '2021-10-01', 915, 'https://picsum.photos/id/268/200/200');
INSERT INTO SONGS (song_id, album_id, title, duration, genre, release_date, popularity_rank, image) VALUES (366, 68, 'Song rcohUSL3cj', 170, 'Alternative', '2017-01-17', 199, 'https://picsum.photos/id/297/200/200');
INSERT INTO SONGS (song_id, album_id, title, duration, genre, release_date, popularity_rank, image) VALUES (367, 95, 'Song MLt4SfyxQb', 211, 'Classical', '2010-03-09', 112, 'https://picsum.photos/id/251/200/200');
INSERT INTO SONGS (song_id, album_id, title, duration, genre, release_date, popularity_rank, image) VALUES (368, 183, 'Song JKaI9uVx2t', 317, 'R&B', '2021-10-05', 33, 'https://picsum.photos/id/240/200/200');
INSERT INTO SONGS (song_id, album_id, title, duration, genre, release_date, popularity_rank, image) VALUES (369, 88, 'Song RfU24KGNWi', 142, 'Jazz', '2013-02-12', 16, 'https://picsum.photos/id/263/200/200');
INSERT INTO SONGS (song_id, album_id, title, duration, genre, release_date, popularity_rank, image) VALUES (370, 194, 'Song yxKURlvXcL', 164, 'Rock', '2016-08-08', 342, 'https://picsum.photos/id/297/200/200');
INSERT INTO SONGS (song_id, album_id, title, duration, genre, release_date, popularity_rank, image) VALUES (371, 6, 'Song kXU0YRyKic', 301, 'Dance', '2023-10-08', 694, 'https://picsum.photos/id/225/200/200');
INSERT INTO SONGS (song_id, album_id, title, duration, genre, release_date, popularity_rank, image) VALUES (372, 190, 'Song mKlm6CPu7L', 172, 'R&B', '2022-09-28', 47, 'https://picsum.photos/id/276/200/200');
INSERT INTO SONGS (song_id, album_id, title, duration, genre, release_date, popularity_rank, image) VALUES (373, 160, 'Song I3owp5jd18', 347, 'Country', '2021-12-17', 140, 'https://picsum.photos/id/278/200/200');
INSERT INTO SONGS (song_id, album_id, title, duration, genre, release_date, popularity_rank, image) VALUES (374, 40, 'Song 6BOf5hrcwy', 176, 'Country', '2013-03-28', 10, 'https://picsum.photos/id/231/200/200');
INSERT INTO SONGS (song_id, album_id, title, duration, genre, release_date, popularity_rank, image) VALUES (375, 104, 'Song uC6o0I3siP', 473, 'Metal', '2014-05-22', 698, 'https://picsum.photos/id/269/200/200');
INSERT INTO SONGS (song_id, album_id, title, duration, genre, release_date, popularity_rank, image) VALUES (376, 151, 'Song eeZEQ9TsHC', 351, 'Dance', '2012-06-03', 45, 'https://picsum.photos/id/297/200/200');
INSERT INTO SONGS (song_id, album_id, title, duration, genre, release_date, popularity_rank, image) VALUES (377, 56, 'Song qGMd4CVfXu', 472, 'Alternative', '2023-03-02', 781, 'https://picsum.photos/id/202/200/200');
INSERT INTO SONGS (song_id, album_id, title, duration, genre, release_date, popularity_rank, image) VALUES (378, 50, 'Song prJpqbKorV', 442, 'Metal', '2018-09-12', 92, 'https://picsum.photos/id/209/200/200');
INSERT INTO SONGS (song_id, album_id, title, duration, genre, release_date, popularity_rank, image) VALUES (379, 61, 'Song A5qgZuEbj4', 251, 'Rock', '2011-10-25', 265, 'https://picsum.photos/id/287/200/200');
INSERT INTO SONGS (song_id, album_id, title, duration, genre, release_date, popularity_rank, image) VALUES (380, 121, 'Song iZP6bBodNY', 304, 'Country', '2009-02-27', 334, 'https://picsum.photos/id/235/200/200');
INSERT INTO SONGS (song_id, album_id, title, duration, genre, release_date, popularity_rank, image) VALUES (381, 31, 'Song eA9mr7qPao', 235, 'Electronic', '2008-01-03', 861, 'https://picsum.photos/id/212/200/200');
INSERT INTO SONGS (song_id, album_id, title, duration, genre, release_date, popularity_rank, image) VALUES (382, 68, 'Song JdDXgU0Ibd', 221, 'Alternative', '2012-10-23', 145, 'https://picsum.photos/id/258/200/200');
INSERT INTO SONGS (song_id, album_id, title, duration, genre, release_date, popularity_rank, image) VALUES (383, 84, 'Song vK8ehvgH55', 389, 'Dance', '2023-12-18', 394, 'https://picsum.photos/id/255/200/200');
INSERT INTO SONGS (song_id, album_id, title, duration, genre, release_date, popularity_rank, image) VALUES (384, 19, 'Song ATPz5O2ywE', 250, 'Country', '2020-07-19', 521, 'https://picsum.photos/id/226/200/200');
INSERT INTO SONGS (song_id, album_id, title, duration, genre, release_date, popularity_rank, image) VALUES (385, 32, 'Song TmzfUqUtGN', 410, 'Pop', '2024-02-19', 230, 'https://picsum.photos/id/221/200/200');
INSERT INTO SONGS (song_id, album_id, title, duration, genre, release_date, popularity_rank, image) VALUES (386, 54, 'Song td876xEIO3', 387, 'Alternative', '2017-06-09', 965, 'https://picsum.photos/id/224/200/200');
INSERT INTO SONGS (song_id, album_id, title, duration, genre, release_date, popularity_rank, image) VALUES (387, 102, 'Song mvNUCJxrd3', 437, 'Reggae', '2023-10-30', 340, 'https://picsum.photos/id/270/200/200');
INSERT INTO SONGS (song_id, album_id, title, duration, genre, release_date, popularity_rank, image) VALUES (388, 185, 'Song JtW2wx4o3H', 407, 'Alternative', '2021-02-21', 834, 'https://picsum.photos/id/238/200/200');
INSERT INTO SONGS (song_id, album_id, title, duration, genre, release_date, popularity_rank, image) VALUES (389, 183, 'Song OxwOhmTkON', 420, 'Folk', '2012-12-15', 789, 'https://picsum.photos/id/254/200/200');
INSERT INTO SONGS (song_id, album_id, title, duration, genre, release_date, popularity_rank, image) VALUES (390, 194, 'Song qcNDhCVzvI', 296, 'R&B', '2014-08-26', 785, 'https://picsum.photos/id/216/200/200');
INSERT INTO SONGS (song_id, album_id, title, duration, genre, release_date, popularity_rank, image) VALUES (391, 8, 'Song PI4vP29x1h', 329, 'Jazz', '2019-02-27', 821, 'https://picsum.photos/id/289/200/200');
INSERT INTO SONGS (song_id, album_id, title, duration, genre, release_date, popularity_rank, image) VALUES (392, 169, 'Song D4Y0G39iyE', 456, 'Reggae', '2022-08-14', 880, 'https://picsum.photos/id/264/200/200');
INSERT INTO SONGS (song_id, album_id, title, duration, genre, release_date, popularity_rank, image) VALUES (393, 87, 'Song 2AufYSWTFC', 300, 'Hip Hop', '2012-10-05', 140, 'https://picsum.photos/id/298/200/200');
INSERT INTO SONGS (song_id, album_id, title, duration, genre, release_date, popularity_rank, image) VALUES (394, 35, 'Song JumYvGgKut', 322, 'Alternative', '2013-04-16', 400, 'https://picsum.photos/id/243/200/200');
INSERT INTO SONGS (song_id, album_id, title, duration, genre, release_date, popularity_rank, image) VALUES (395, 165, 'Song v7zZgI51NC', 232, 'Electronic', '2013-11-04', 66, 'https://picsum.photos/id/267/200/200');
INSERT INTO SONGS (song_id, album_id, title, duration, genre, release_date, popularity_rank, image) VALUES (396, 175, 'Song cX4cWrWN04', 314, 'Rock', '2009-11-17', 956, 'https://picsum.photos/id/246/200/200');
INSERT INTO SONGS (song_id, album_id, title, duration, genre, release_date, popularity_rank, image) VALUES (397, 111, 'Song nnNFcyiwkP', 301, 'Jazz', '2015-04-25', 291, 'https://picsum.photos/id/263/200/200');
INSERT INTO SONGS (song_id, album_id, title, duration, genre, release_date, popularity_rank, image) VALUES (398, 124, 'Song SkMJN0BRGV', 469, 'Rock', '2008-03-15', 637, 'https://picsum.photos/id/224/200/200');
INSERT INTO SONGS (song_id, album_id, title, duration, genre, release_date, popularity_rank, image) VALUES (399, 24, 'Song 4R8eG8NZg3', 353, 'Hip Hop', '2016-02-10', 960, 'https://picsum.photos/id/248/200/200');
INSERT INTO SONGS (song_id, album_id, title, duration, genre, release_date, popularity_rank, image) VALUES (400, 31, 'Song oZTkAbeFty', 240, 'Folk', '2019-02-10', 804, 'https://picsum.photos/id/225/200/200');
INSERT INTO SONGS (song_id, album_id, title, duration, genre, release_date, popularity_rank, image) VALUES (401, 121, 'Song skiNIX83Cc', 419, 'Electronic', '2009-12-02', 325, 'https://picsum.photos/id/231/200/200');
INSERT INTO SONGS (song_id, album_id, title, duration, genre, release_date, popularity_rank, image) VALUES (402, 134, 'Song zRUHgMLPnC', 203, 'Reggae', '2023-07-26', 916, 'https://picsum.photos/id/203/200/200');
INSERT INTO SONGS (song_id, album_id, title, duration, genre, release_date, popularity_rank, image) VALUES (403, 72, 'Song razEL0G4Gm', 278, 'Hip Hop', '2017-10-11', 749, 'https://picsum.photos/id/293/200/200');
INSERT INTO SONGS (song_id, album_id, title, duration, genre, release_date, popularity_rank, image) VALUES (404, 51, 'Song Jw12GE8n3E', 457, 'Blues', '2008-08-12', 241, 'https://picsum.photos/id/238/200/200');
INSERT INTO SONGS (song_id, album_id, title, duration, genre, release_date, popularity_rank, image) VALUES (405, 63, 'Song K2kN06IxLY', 224, 'Rock', '2017-01-12', 174, 'https://picsum.photos/id/269/200/200');
INSERT INTO SONGS (song_id, album_id, title, duration, genre, release_date, popularity_rank, image) VALUES (406, 89, 'Song W4xg7dj6a8', 442, 'Metal', '2016-10-03', 148, 'https://picsum.photos/id/298/200/200');
INSERT INTO SONGS (song_id, album_id, title, duration, genre, release_date, popularity_rank, image) VALUES (407, 29, 'Song tUUkZ4z2Tw', 480, 'Electronic', '2008-08-08', 990, 'https://picsum.photos/id/238/200/200');
INSERT INTO SONGS (song_id, album_id, title, duration, genre, release_date, popularity_rank, image) VALUES (408, 186, 'Song mPla4p3Ej9', 389, 'Reggae', '2018-11-07', 221, 'https://picsum.photos/id/295/200/200');
INSERT INTO SONGS (song_id, album_id, title, duration, genre, release_date, popularity_rank, image) VALUES (409, 133, 'Song 9I7dZFjPQQ', 186, 'Rock', '2014-11-08', 945, 'https://picsum.photos/id/258/200/200');
INSERT INTO SONGS (song_id, album_id, title, duration, genre, release_date, popularity_rank, image) VALUES (410, 150, 'Song BqTSYtiUsX', 367, 'Hip Hop', '2018-09-06', 908, 'https://picsum.photos/id/297/200/200');
INSERT INTO SONGS (song_id, album_id, title, duration, genre, release_date, popularity_rank, image) VALUES (411, 108, 'Song VeFbjh7Gzs', 132, 'Country', '2018-06-07', 406, 'https://picsum.photos/id/227/200/200');
INSERT INTO SONGS (song_id, album_id, title, duration, genre, release_date, popularity_rank, image) VALUES (412, 38, 'Song Goks0pPtzJ', 283, 'Pop', '2016-02-20', 165, 'https://picsum.photos/id/214/200/200');
INSERT INTO SONGS (song_id, album_id, title, duration, genre, release_date, popularity_rank, image) VALUES (413, 71, 'Song wOQz5esMbu', 389, 'Classical', '2019-02-26', 905, 'https://picsum.photos/id/234/200/200');
INSERT INTO SONGS (song_id, album_id, title, duration, genre, release_date, popularity_rank, image) VALUES (414, 120, 'Song I9BpQLB6pi', 249, 'Reggae', '2012-12-15', 93, 'https://picsum.photos/id/278/200/200');
INSERT INTO SONGS (song_id, album_id, title, duration, genre, release_date, popularity_rank, image) VALUES (415, 191, 'Song ISD6UfKQAf', 272, 'Blues', '2013-03-13', 173, 'https://picsum.photos/id/224/200/200');
INSERT INTO SONGS (song_id, album_id, title, duration, genre, release_date, popularity_rank, image) VALUES (416, 68, 'Song xxhVyu9Mx1', 181, 'Rock', '2008-12-05', 440, 'https://picsum.photos/id/227/200/200');
INSERT INTO SONGS (song_id, album_id, title, duration, genre, release_date, popularity_rank, image) VALUES (417, 191, 'Song ntIZtGWO2I', 419, 'Dance', '2009-12-06', 971, 'https://picsum.photos/id/259/200/200');
INSERT INTO SONGS (song_id, album_id, title, duration, genre, release_date, popularity_rank, image) VALUES (418, 186, 'Song C3M8TELS21', 258, 'Indie', '2016-01-11', 478, 'https://picsum.photos/id/252/200/200');
INSERT INTO SONGS (song_id, album_id, title, duration, genre, release_date, popularity_rank, image) VALUES (419, 82, 'Song AL7YivhdkP', 291, 'Indie', '2018-02-20', 333, 'https://picsum.photos/id/226/200/200');
INSERT INTO SONGS (song_id, album_id, title, duration, genre, release_date, popularity_rank, image) VALUES (420, 45, 'Song aRGhRRQ7eL', 429, 'Classical', '2009-04-25', 443, 'https://picsum.photos/id/248/200/200');
INSERT INTO SONGS (song_id, album_id, title, duration, genre, release_date, popularity_rank, image) VALUES (421, 82, 'Song 8QYOCnhzOY', 272, 'Alternative', '2010-03-30', 621, 'https://picsum.photos/id/289/200/200');
INSERT INTO SONGS (song_id, album_id, title, duration, genre, release_date, popularity_rank, image) VALUES (422, 100, 'Song fCNJANxiW8', 295, 'Country', '2015-10-09', 250, 'https://picsum.photos/id/288/200/200');
INSERT INTO SONGS (song_id, album_id, title, duration, genre, release_date, popularity_rank, image) VALUES (423, 56, 'Song 6ZCZ4eTNcm', 453, 'R&B', '2020-02-11', 399, 'https://picsum.photos/id/221/200/200');
INSERT INTO SONGS (song_id, album_id, title, duration, genre, release_date, popularity_rank, image) VALUES (424, 178, 'Song vyPOV7zP4l', 436, 'Classical', '2012-02-29', 64, 'https://picsum.photos/id/243/200/200');
INSERT INTO SONGS (song_id, album_id, title, duration, genre, release_date, popularity_rank, image) VALUES (425, 56, 'Song 2McQFWCoIp', 222, 'Jazz', '2019-03-07', 391, 'https://picsum.photos/id/269/200/200');
INSERT INTO SONGS (song_id, album_id, title, duration, genre, release_date, popularity_rank, image) VALUES (426, 113, 'Song rJrj6F4ENe', 396, 'R&B', '2021-11-01', 864, 'https://picsum.photos/id/255/200/200');
INSERT INTO SONGS (song_id, album_id, title, duration, genre, release_date, popularity_rank, image) VALUES (427, 67, 'Song VfhvAahU2G', 134, 'Classical', '2008-04-21', 296, 'https://picsum.photos/id/275/200/200');
INSERT INTO SONGS (song_id, album_id, title, duration, genre, release_date, popularity_rank, image) VALUES (428, 146, 'Song F36rtvnpna', 205, 'Blues', '2010-03-10', 837, 'https://picsum.photos/id/204/200/200');
INSERT INTO SONGS (song_id, album_id, title, duration, genre, release_date, popularity_rank, image) VALUES (429, 9, 'Song IKD8hwBEyt', 217, 'Rock', '2014-04-29', 364, 'https://picsum.photos/id/252/200/200');
INSERT INTO SONGS (song_id, album_id, title, duration, genre, release_date, popularity_rank, image) VALUES (430, 44, 'Song QXf8UpLPhq', 342, 'Blues', '2020-10-14', 149, 'https://picsum.photos/id/248/200/200');
INSERT INTO SONGS (song_id, album_id, title, duration, genre, release_date, popularity_rank, image) VALUES (431, 194, 'Song ACjw653eqB', 379, 'Hip Hop', '2011-05-07', 683, 'https://picsum.photos/id/275/200/200');
INSERT INTO SONGS (song_id, album_id, title, duration, genre, release_date, popularity_rank, image) VALUES (432, 40, 'Song 80KL0WIJgv', 181, 'Jazz', '2019-09-02', 963, 'https://picsum.photos/id/299/200/200');
INSERT INTO SONGS (song_id, album_id, title, duration, genre, release_date, popularity_rank, image) VALUES (433, 6, 'Song qqvmbOFeXC', 289, 'Electronic', '2013-04-07', 294, 'https://picsum.photos/id/217/200/200');
INSERT INTO SONGS (song_id, album_id, title, duration, genre, release_date, popularity_rank, image) VALUES (434, 187, 'Song nWmMV4YWhW', 282, 'Indie', '2015-03-29', 987, 'https://picsum.photos/id/262/200/200');
INSERT INTO SONGS (song_id, album_id, title, duration, genre, release_date, popularity_rank, image) VALUES (435, 2, 'Song HIRTTSn7jA', 358, 'Country', '2023-08-20', 966, 'https://picsum.photos/id/243/200/200');
INSERT INTO SONGS (song_id, album_id, title, duration, genre, release_date, popularity_rank, image) VALUES (436, 101, 'Song YzUEWMqLQM', 192, 'Folk', '2014-07-03', 863, 'https://picsum.photos/id/286/200/200');
INSERT INTO SONGS (song_id, album_id, title, duration, genre, release_date, popularity_rank, image) VALUES (437, 67, 'Song 6kLA8hPLgg', 264, 'R&B', '2019-07-16', 250, 'https://picsum.photos/id/299/200/200');
INSERT INTO SONGS (song_id, album_id, title, duration, genre, release_date, popularity_rank, image) VALUES (438, 53, 'Song 4yHWMmNvjj', 393, 'Alternative', '2011-12-20', 940, 'https://picsum.photos/id/283/200/200');
INSERT INTO SONGS (song_id, album_id, title, duration, genre, release_date, popularity_rank, image) VALUES (439, 145, 'Song 0lcGD1QOd9', 206, 'Jazz', '2024-02-29', 107, 'https://picsum.photos/id/271/200/200');
INSERT INTO SONGS (song_id, album_id, title, duration, genre, release_date, popularity_rank, image) VALUES (440, 114, 'Song 6M94ecRXbw', 441, 'Folk', '2008-01-14', 49, 'https://picsum.photos/id/207/200/200');
INSERT INTO SONGS (song_id, album_id, title, duration, genre, release_date, popularity_rank, image) VALUES (441, 90, 'Song gDJQT6FO5c', 159, 'R&B', '2022-03-25', 208, 'https://picsum.photos/id/287/200/200');
INSERT INTO SONGS (song_id, album_id, title, duration, genre, release_date, popularity_rank, image) VALUES (442, 107, 'Song sfT93Gl2jO', 236, 'Metal', '2024-01-21', 816, 'https://picsum.photos/id/273/200/200');
INSERT INTO SONGS (song_id, album_id, title, duration, genre, release_date, popularity_rank, image) VALUES (443, 179, 'Song 6AQmuFRnrY', 210, 'Reggae', '2017-01-21', 432, 'https://picsum.photos/id/253/200/200');
INSERT INTO SONGS (song_id, album_id, title, duration, genre, release_date, popularity_rank, image) VALUES (444, 87, 'Song pRleEuEPRa', 190, 'Hip Hop', '2014-06-03', 345, 'https://picsum.photos/id/277/200/200');
INSERT INTO SONGS (song_id, album_id, title, duration, genre, release_date, popularity_rank, image) VALUES (445, 128, 'Song eK8YrpFKu3', 216, 'Dance', '2022-01-25', 270, 'https://picsum.photos/id/228/200/200');
INSERT INTO SONGS (song_id, album_id, title, duration, genre, release_date, popularity_rank, image) VALUES (446, 20, 'Song 8R6aTO9QTK', 180, 'Electronic', '2019-09-26', 429, 'https://picsum.photos/id/224/200/200');
INSERT INTO SONGS (song_id, album_id, title, duration, genre, release_date, popularity_rank, image) VALUES (447, 27, 'Song tt6RACNCdv', 457, 'Folk', '2012-06-14', 828, 'https://picsum.photos/id/300/200/200');
INSERT INTO SONGS (song_id, album_id, title, duration, genre, release_date, popularity_rank, image) VALUES (448, 66, 'Song xChsN3lm6H', 232, 'Indie', '2010-12-31', 553, 'https://picsum.photos/id/225/200/200');
INSERT INTO SONGS (song_id, album_id, title, duration, genre, release_date, popularity_rank, image) VALUES (449, 167, 'Song woMn258V68', 238, 'R&B', '2020-10-03', 54, 'https://picsum.photos/id/291/200/200');
INSERT INTO SONGS (song_id, album_id, title, duration, genre, release_date, popularity_rank, image) VALUES (450, 137, 'Song NmFiQrmpr6', 455, 'Rock', '2017-11-08', 246, 'https://picsum.photos/id/288/200/200');
INSERT INTO SONGS (song_id, album_id, title, duration, genre, release_date, popularity_rank, image) VALUES (451, 107, 'Song ypYPJaj07A', 134, 'R&B', '2010-04-14', 984, 'https://picsum.photos/id/260/200/200');
INSERT INTO SONGS (song_id, album_id, title, duration, genre, release_date, popularity_rank, image) VALUES (452, 189, 'Song 5jWnKTLvP0', 284, 'Pop', '2017-08-07', 380, 'https://picsum.photos/id/228/200/200');
INSERT INTO SONGS (song_id, album_id, title, duration, genre, release_date, popularity_rank, image) VALUES (453, 88, 'Song xnvjmJjLsY', 447, 'Electronic', '2016-12-03', 833, 'https://picsum.photos/id/297/200/200');
INSERT INTO SONGS (song_id, album_id, title, duration, genre, release_date, popularity_rank, image) VALUES (454, 72, 'Song klp6lScEZz', 174, 'R&B', '2008-01-10', 127, 'https://picsum.photos/id/252/200/200');
INSERT INTO SONGS (song_id, album_id, title, duration, genre, release_date, popularity_rank, image) VALUES (455, 121, 'Song GfuuNEO1DA', 284, 'Reggae', '2018-09-20', 981, 'https://picsum.photos/id/257/200/200');
INSERT INTO SONGS (song_id, album_id, title, duration, genre, release_date, popularity_rank, image) VALUES (456, 137, 'Song TeFZBHLbvf', 310, 'Reggae', '2009-11-03', 70, 'https://picsum.photos/id/294/200/200');
INSERT INTO SONGS (song_id, album_id, title, duration, genre, release_date, popularity_rank, image) VALUES (457, 139, 'Song xXOJrjB1W5', 376, 'R&B', '2022-09-15', 49, 'https://picsum.photos/id/208/200/200');
INSERT INTO SONGS (song_id, album_id, title, duration, genre, release_date, popularity_rank, image) VALUES (458, 187, 'Song fX5nPAvpdD', 445, 'Pop', '2021-12-16', 609, 'https://picsum.photos/id/220/200/200');
INSERT INTO SONGS (song_id, album_id, title, duration, genre, release_date, popularity_rank, image) VALUES (459, 200, 'Song 2K0qFvU9HD', 277, 'Electronic', '2015-07-13', 361, 'https://picsum.photos/id/218/200/200');
INSERT INTO SONGS (song_id, album_id, title, duration, genre, release_date, popularity_rank, image) VALUES (460, 194, 'Song f8Jt7YRT9s', 263, 'Metal', '2022-12-26', 995, 'https://picsum.photos/id/253/200/200');
INSERT INTO SONGS (song_id, album_id, title, duration, genre, release_date, popularity_rank, image) VALUES (461, 151, 'Song FKwWiEQfah', 324, 'Electronic', '2013-08-03', 667, 'https://picsum.photos/id/258/200/200');
INSERT INTO SONGS (song_id, album_id, title, duration, genre, release_date, popularity_rank, image) VALUES (462, 28, 'Song Bp9EMUG1YR', 157, 'Hip Hop', '2011-11-22', 393, 'https://picsum.photos/id/244/200/200');
INSERT INTO SONGS (song_id, album_id, title, duration, genre, release_date, popularity_rank, image) VALUES (463, 99, 'Song r8t2WqoOjc', 318, 'Jazz', '2014-11-30', 737, 'https://picsum.photos/id/245/200/200');
INSERT INTO SONGS (song_id, album_id, title, duration, genre, release_date, popularity_rank, image) VALUES (464, 143, 'Song LJu5Dcl7pS', 422, 'Electronic', '2018-05-10', 180, 'https://picsum.photos/id/290/200/200');
INSERT INTO SONGS (song_id, album_id, title, duration, genre, release_date, popularity_rank, image) VALUES (465, 106, 'Song g5sww4GnpI', 211, 'Electronic', '2017-07-10', 800, 'https://picsum.photos/id/240/200/200');
INSERT INTO SONGS (song_id, album_id, title, duration, genre, release_date, popularity_rank, image) VALUES (466, 149, 'Song NwOXHZibvD', 398, 'Electronic', '2009-05-02', 483, 'https://picsum.photos/id/295/200/200');
INSERT INTO SONGS (song_id, album_id, title, duration, genre, release_date, popularity_rank, image) VALUES (467, 57, 'Song sjRQk9YXHU', 331, 'Jazz', '2008-04-12', 872, 'https://picsum.photos/id/261/200/200');
INSERT INTO SONGS (song_id, album_id, title, duration, genre, release_date, popularity_rank, image) VALUES (468, 45, 'Song ZGaGssvGtQ', 452, 'Classical', '2018-01-06', 816, 'https://picsum.photos/id/249/200/200');
INSERT INTO SONGS (song_id, album_id, title, duration, genre, release_date, popularity_rank, image) VALUES (469, 63, 'Song 5XoUoEFm56', 358, 'Jazz', '2016-10-03', 929, 'https://picsum.photos/id/234/200/200');
INSERT INTO SONGS (song_id, album_id, title, duration, genre, release_date, popularity_rank, image) VALUES (470, 100, 'Song 1z23rayXq8', 194, 'Hip Hop', '2013-05-21', 736, 'https://picsum.photos/id/212/200/200');
INSERT INTO SONGS (song_id, album_id, title, duration, genre, release_date, popularity_rank, image) VALUES (471, 50, 'Song OkzexB2p5g', 200, 'Alternative', '2010-10-03', 691, 'https://picsum.photos/id/250/200/200');
INSERT INTO SONGS (song_id, album_id, title, duration, genre, release_date, popularity_rank, image) VALUES (472, 146, 'Song 93FKKxv1sn', 132, 'Reggae', '2021-02-18', 309, 'https://picsum.photos/id/220/200/200');
INSERT INTO SONGS (song_id, album_id, title, duration, genre, release_date, popularity_rank, image) VALUES (473, 55, 'Song kEMot7LaBx', 314, 'Electronic', '2014-12-07', 842, 'https://picsum.photos/id/292/200/200');
INSERT INTO SONGS (song_id, album_id, title, duration, genre, release_date, popularity_rank, image) VALUES (474, 147, 'Song uGMtUSMuns', 300, 'Reggae', '2018-07-24', 908, 'https://picsum.photos/id/219/200/200');
INSERT INTO SONGS (song_id, album_id, title, duration, genre, release_date, popularity_rank, image) VALUES (475, 185, 'Song pSGfQFn172', 122, 'Pop', '2020-03-13', 97, 'https://picsum.photos/id/257/200/200');
INSERT INTO SONGS (song_id, album_id, title, duration, genre, release_date, popularity_rank, image) VALUES (476, 126, 'Song mkbWyJkEUU', 239, 'Dance', '2017-06-30', 21, 'https://picsum.photos/id/279/200/200');
INSERT INTO SONGS (song_id, album_id, title, duration, genre, release_date, popularity_rank, image) VALUES (477, 131, 'Song yCZjREr7av', 296, 'Pop', '2015-06-15', 10, 'https://picsum.photos/id/283/200/200');
INSERT INTO SONGS (song_id, album_id, title, duration, genre, release_date, popularity_rank, image) VALUES (478, 17, 'Song 2J7YVCs7O1', 374, 'Pop', '2011-02-16', 825, 'https://picsum.photos/id/222/200/200');
INSERT INTO SONGS (song_id, album_id, title, duration, genre, release_date, popularity_rank, image) VALUES (479, 194, 'Song RFxsgcgBr5', 178, 'Country', '2008-12-07', 918, 'https://picsum.photos/id/261/200/200');
INSERT INTO SONGS (song_id, album_id, title, duration, genre, release_date, popularity_rank, image) VALUES (480, 167, 'Song R13JdN4bCc', 378, 'Country', '2021-07-28', 304, 'https://picsum.photos/id/249/200/200');
INSERT INTO SONGS (song_id, album_id, title, duration, genre, release_date, popularity_rank, image) VALUES (481, 42, 'Song No6eHcB4fE', 160, 'Electronic', '2022-03-15', 581, 'https://picsum.photos/id/294/200/200');
INSERT INTO SONGS (song_id, album_id, title, duration, genre, release_date, popularity_rank, image) VALUES (482, 134, 'Song IpGpnqVsmX', 183, 'Alternative', '2008-07-08', 196, 'https://picsum.photos/id/234/200/200');
INSERT INTO SONGS (song_id, album_id, title, duration, genre, release_date, popularity_rank, image) VALUES (483, 102, 'Song WiSYoiB1wU', 152, 'Folk', '2013-01-31', 350, 'https://picsum.photos/id/252/200/200');
INSERT INTO SONGS (song_id, album_id, title, duration, genre, release_date, popularity_rank, image) VALUES (484, 198, 'Song ZjW3OVMwxx', 361, 'Folk', '2017-08-26', 987, 'https://picsum.photos/id/218/200/200');
INSERT INTO SONGS (song_id, album_id, title, duration, genre, release_date, popularity_rank, image) VALUES (485, 162, 'Song Nrx2CkY6zJ', 297, 'R&B', '2008-11-23', 327, 'https://picsum.photos/id/238/200/200');
INSERT INTO SONGS (song_id, album_id, title, duration, genre, release_date, popularity_rank, image) VALUES (486, 40, 'Song wXS0DhOrVy', 136, 'Rock', '2023-01-31', 5, 'https://picsum.photos/id/227/200/200');
INSERT INTO SONGS (song_id, album_id, title, duration, genre, release_date, popularity_rank, image) VALUES (487, 151, 'Song lCMqJI4bpF', 208, 'Pop', '2020-05-30', 711, 'https://picsum.photos/id/215/200/200');
INSERT INTO SONGS (song_id, album_id, title, duration, genre, release_date, popularity_rank, image) VALUES (488, 33, 'Song TEYT14b8Ik', 227, 'Classical', '2017-10-24', 297, 'https://picsum.photos/id/243/200/200');
INSERT INTO SONGS (song_id, album_id, title, duration, genre, release_date, popularity_rank, image) VALUES (489, 90, 'Song lPZ1xlG4WA', 135, 'Metal', '2016-01-07', 511, 'https://picsum.photos/id/274/200/200');
INSERT INTO SONGS (song_id, album_id, title, duration, genre, release_date, popularity_rank, image) VALUES (490, 105, 'Song TCxWO3iMlc', 312, 'Indie', '2014-01-06', 143, 'https://picsum.photos/id/298/200/200');
INSERT INTO SONGS (song_id, album_id, title, duration, genre, release_date, popularity_rank, image) VALUES (491, 39, 'Song 5lLUjzvq1i', 262, 'Classical', '2016-06-13', 368, 'https://picsum.photos/id/203/200/200');
INSERT INTO SONGS (song_id, album_id, title, duration, genre, release_date, popularity_rank, image) VALUES (492, 197, 'Song Y0IfQXf4d0', 216, 'Reggae', '2018-07-06', 314, 'https://picsum.photos/id/212/200/200');
INSERT INTO SONGS (song_id, album_id, title, duration, genre, release_date, popularity_rank, image) VALUES (493, 137, 'Song VdTmCGO5BE', 369, 'Folk', '2014-09-20', 564, 'https://picsum.photos/id/295/200/200');
INSERT INTO SONGS (song_id, album_id, title, duration, genre, release_date, popularity_rank, image) VALUES (494, 164, 'Song mqeKH1pGuP', 148, 'Indie', '2019-04-10', 843, 'https://picsum.photos/id/269/200/200');
INSERT INTO SONGS (song_id, album_id, title, duration, genre, release_date, popularity_rank, image) VALUES (495, 128, 'Song fmthI4cIyl', 401, 'Indie', '2023-03-19', 197, 'https://picsum.photos/id/278/200/200');
INSERT INTO SONGS (song_id, album_id, title, duration, genre, release_date, popularity_rank, image) VALUES (496, 11, 'Song 3BqP1Bok1X', 363, 'Reggae', '2017-02-14', 933, 'https://picsum.photos/id/234/200/200');
INSERT INTO SONGS (song_id, album_id, title, duration, genre, release_date, popularity_rank, image) VALUES (497, 131, 'Song zdW14Uwt0o', 386, 'Pop', '2014-02-09', 984, 'https://picsum.photos/id/289/200/200');
INSERT INTO SONGS (song_id, album_id, title, duration, genre, release_date, popularity_rank, image) VALUES (498, 62, 'Song VxBUoNkFSM', 367, 'Jazz', '2013-01-04', 204, 'https://picsum.photos/id/250/200/200');
INSERT INTO SONGS (song_id, album_id, title, duration, genre, release_date, popularity_rank, image) VALUES (499, 96, 'Song ZgAfWBh8bR', 171, 'Alternative', '2011-07-06', 38, 'https://picsum.photos/id/250/200/200');
INSERT INTO SONGS (song_id, album_id, title, duration, genre, release_date, popularity_rank, image) VALUES (500, 114, 'Song YAvhYxAhKU', 196, 'Electronic', '2017-06-28', 294, 'https://picsum.photos/id/263/200/200');
INSERT INTO SONGS (song_id, album_id, title, duration, genre, release_date, popularity_rank, image) VALUES (501, 198, 'Song SdmXtLaxKp', 456, 'Pop', '2020-02-07', 669, 'https://picsum.photos/id/233/200/200');
INSERT INTO SONGS (song_id, album_id, title, duration, genre, release_date, popularity_rank, image) VALUES (502, 71, 'Song ILpWNa81xs', 140, 'Classical', '2014-10-27', 798, 'https://picsum.photos/id/250/200/200');
INSERT INTO SONGS (song_id, album_id, title, duration, genre, release_date, popularity_rank, image) VALUES (503, 25, 'Song BfKrJWQcGh', 445, 'Rock', '2008-06-01', 49, 'https://picsum.photos/id/259/200/200');
INSERT INTO SONGS (song_id, album_id, title, duration, genre, release_date, popularity_rank, image) VALUES (504, 176, 'Song r0KOqGg7hY', 270, 'Dance', '2023-11-17', 781, 'https://picsum.photos/id/298/200/200');
INSERT INTO SONGS (song_id, album_id, title, duration, genre, release_date, popularity_rank, image) VALUES (505, 114, 'Song 7g2ZFbZG4j', 237, 'Rock', '2019-11-26', 637, 'https://picsum.photos/id/290/200/200');
INSERT INTO SONGS (song_id, album_id, title, duration, genre, release_date, popularity_rank, image) VALUES (506, 146, 'Song dTTZ0YRmB0', 318, 'Blues', '2017-07-05', 259, 'https://picsum.photos/id/262/200/200');
INSERT INTO SONGS (song_id, album_id, title, duration, genre, release_date, popularity_rank, image) VALUES (507, 152, 'Song gjmPVYjTo8', 467, 'Reggae', '2010-04-14', 247, 'https://picsum.photos/id/285/200/200');
INSERT INTO SONGS (song_id, album_id, title, duration, genre, release_date, popularity_rank, image) VALUES (508, 60, 'Song yZ2cCHb3MO', 419, 'Rock', '2008-05-23', 460, 'https://picsum.photos/id/224/200/200');
INSERT INTO SONGS (song_id, album_id, title, duration, genre, release_date, popularity_rank, image) VALUES (509, 139, 'Song hFfjjJB2bT', 439, 'Reggae', '2019-06-16', 398, 'https://picsum.photos/id/245/200/200');
INSERT INTO SONGS (song_id, album_id, title, duration, genre, release_date, popularity_rank, image) VALUES (510, 117, 'Song G4uAPU8baS', 431, 'Pop', '2017-08-02', 8, 'https://picsum.photos/id/288/200/200');
INSERT INTO SONGS (song_id, album_id, title, duration, genre, release_date, popularity_rank, image) VALUES (511, 5, 'Song K0UHyuNwOK', 167, 'Dance', '2008-08-01', 833, 'https://picsum.photos/id/293/200/200');
INSERT INTO SONGS (song_id, album_id, title, duration, genre, release_date, popularity_rank, image) VALUES (512, 5, 'Song OLHE2Hq4wk', 191, 'Hip Hop', '2016-08-05', 374, 'https://picsum.photos/id/243/200/200');
INSERT INTO SONGS (song_id, album_id, title, duration, genre, release_date, popularity_rank, image) VALUES (513, 81, 'Song hzjLxTY1au', 184, 'Indie', '2022-10-31', 162, 'https://picsum.photos/id/272/200/200');
INSERT INTO SONGS (song_id, album_id, title, duration, genre, release_date, popularity_rank, image) VALUES (514, 46, 'Song 327DN6ZUMd', 309, 'Alternative', '2008-10-16', 669, 'https://picsum.photos/id/241/200/200');
INSERT INTO SONGS (song_id, album_id, title, duration, genre, release_date, popularity_rank, image) VALUES (515, 74, 'Song wkAsgXPqpZ', 247, 'Classical', '2020-06-23', 774, 'https://picsum.photos/id/213/200/200');
INSERT INTO SONGS (song_id, album_id, title, duration, genre, release_date, popularity_rank, image) VALUES (516, 27, 'Song cAj6LLuT42', 330, 'Country', '2023-10-30', 395, 'https://picsum.photos/id/229/200/200');
INSERT INTO SONGS (song_id, album_id, title, duration, genre, release_date, popularity_rank, image) VALUES (517, 24, 'Song mTMplBs3xK', 196, 'Blues', '2008-02-26', 743, 'https://picsum.photos/id/242/200/200');
INSERT INTO SONGS (song_id, album_id, title, duration, genre, release_date, popularity_rank, image) VALUES (518, 158, 'Song aTham9hMsf', 367, 'Pop', '2022-09-12', 493, 'https://picsum.photos/id/283/200/200');
INSERT INTO SONGS (song_id, album_id, title, duration, genre, release_date, popularity_rank, image) VALUES (519, 170, 'Song DWD28jSFMz', 192, 'Classical', '2023-02-08', 739, 'https://picsum.photos/id/207/200/200');
INSERT INTO SONGS (song_id, album_id, title, duration, genre, release_date, popularity_rank, image) VALUES (520, 142, 'Song WHHjZASRWz', 375, 'Blues', '2017-02-22', 996, 'https://picsum.photos/id/239/200/200');
INSERT INTO SONGS (song_id, album_id, title, duration, genre, release_date, popularity_rank, image) VALUES (521, 41, 'Song M10ZrUy5Un', 313, 'Jazz', '2015-05-06', 47, 'https://picsum.photos/id/225/200/200');
INSERT INTO SONGS (song_id, album_id, title, duration, genre, release_date, popularity_rank, image) VALUES (522, 180, 'Song CsXOaqI04b', 272, 'Metal', '2019-07-20', 805, 'https://picsum.photos/id/300/200/200');
INSERT INTO SONGS (song_id, album_id, title, duration, genre, release_date, popularity_rank, image) VALUES (523, 111, 'Song 3nlB3odC9A', 150, 'Jazz', '2014-03-03', 762, 'https://picsum.photos/id/260/200/200');
INSERT INTO SONGS (song_id, album_id, title, duration, genre, release_date, popularity_rank, image) VALUES (524, 38, 'Song aEZaUKSo4e', 377, 'Jazz', '2010-09-24', 330, 'https://picsum.photos/id/296/200/200');
INSERT INTO SONGS (song_id, album_id, title, duration, genre, release_date, popularity_rank, image) VALUES (525, 16, 'Song hedcOHoyHd', 421, 'Country', '2010-11-14', 618, 'https://picsum.photos/id/269/200/200');
INSERT INTO SONGS (song_id, album_id, title, duration, genre, release_date, popularity_rank, image) VALUES (526, 111, 'Song 8H48cZFr63', 226, 'Reggae', '2017-12-16', 473, 'https://picsum.photos/id/221/200/200');
INSERT INTO SONGS (song_id, album_id, title, duration, genre, release_date, popularity_rank, image) VALUES (527, 45, 'Song 6HQYPr2UwK', 174, 'Jazz', '2014-12-19', 976, 'https://picsum.photos/id/218/200/200');
INSERT INTO SONGS (song_id, album_id, title, duration, genre, release_date, popularity_rank, image) VALUES (528, 159, 'Song 68U40lnxwz', 190, 'Alternative', '2008-04-17', 413, 'https://picsum.photos/id/284/200/200');
INSERT INTO SONGS (song_id, album_id, title, duration, genre, release_date, popularity_rank, image) VALUES (529, 187, 'Song tPPH3DdPBS', 477, 'Dance', '2021-11-03', 865, 'https://picsum.photos/id/230/200/200');
INSERT INTO SONGS (song_id, album_id, title, duration, genre, release_date, popularity_rank, image) VALUES (530, 189, 'Song ILdhshIKn1', 122, 'Reggae', '2014-08-10', 284, 'https://picsum.photos/id/223/200/200');
INSERT INTO SONGS (song_id, album_id, title, duration, genre, release_date, popularity_rank, image) VALUES (531, 168, 'Song 3YRq5Eywex', 478, 'Jazz', '2014-09-18', 611, 'https://picsum.photos/id/204/200/200');
INSERT INTO SONGS (song_id, album_id, title, duration, genre, release_date, popularity_rank, image) VALUES (532, 95, 'Song vvyg79oqkH', 455, 'Reggae', '2019-09-04', 382, 'https://picsum.photos/id/294/200/200');
INSERT INTO SONGS (song_id, album_id, title, duration, genre, release_date, popularity_rank, image) VALUES (533, 29, 'Song L8PVEjXjpd', 468, 'Electronic', '2020-12-29', 252, 'https://picsum.photos/id/269/200/200');
INSERT INTO SONGS (song_id, album_id, title, duration, genre, release_date, popularity_rank, image) VALUES (534, 143, 'Song PNxTcDdJ71', 231, 'Folk', '2022-09-08', 781, 'https://picsum.photos/id/231/200/200');
INSERT INTO SONGS (song_id, album_id, title, duration, genre, release_date, popularity_rank, image) VALUES (535, 119, 'Song yzDNnszky3', 240, 'Dance', '2014-10-14', 905, 'https://picsum.photos/id/243/200/200');
INSERT INTO SONGS (song_id, album_id, title, duration, genre, release_date, popularity_rank, image) VALUES (536, 4, 'Song 0K9wHQuydN', 408, 'Alternative', '2012-02-09', 474, 'https://picsum.photos/id/283/200/200');
INSERT INTO SONGS (song_id, album_id, title, duration, genre, release_date, popularity_rank, image) VALUES (537, 199, 'Song gwokcUDwwn', 340, 'Folk', '2021-04-16', 504, 'https://picsum.photos/id/234/200/200');
INSERT INTO SONGS (song_id, album_id, title, duration, genre, release_date, popularity_rank, image) VALUES (538, 30, 'Song Xki6PrNKMj', 331, 'Folk', '2008-12-17', 851, 'https://picsum.photos/id/259/200/200');
INSERT INTO SONGS (song_id, album_id, title, duration, genre, release_date, popularity_rank, image) VALUES (539, 162, 'Song 1BtPMh3Ex5', 431, 'Jazz', '2012-08-02', 480, 'https://picsum.photos/id/277/200/200');
INSERT INTO SONGS (song_id, album_id, title, duration, genre, release_date, popularity_rank, image) VALUES (540, 53, 'Song QXBsHPnYJ9', 149, 'R&B', '2014-02-13', 994, 'https://picsum.photos/id/257/200/200');
INSERT INTO SONGS (song_id, album_id, title, duration, genre, release_date, popularity_rank, image) VALUES (541, 13, 'Song wsqgvQ9HUK', 225, 'Hip Hop', '2012-09-10', 535, 'https://picsum.photos/id/292/200/200');
INSERT INTO SONGS (song_id, album_id, title, duration, genre, release_date, popularity_rank, image) VALUES (542, 192, 'Song fYwYjLn0oP', 344, 'Hip Hop', '2019-08-25', 146, 'https://picsum.photos/id/224/200/200');
INSERT INTO SONGS (song_id, album_id, title, duration, genre, release_date, popularity_rank, image) VALUES (543, 144, 'Song 44t0YSTH35', 368, 'Rock', '2009-01-22', 45, 'https://picsum.photos/id/278/200/200');
INSERT INTO SONGS (song_id, album_id, title, duration, genre, release_date, popularity_rank, image) VALUES (544, 68, 'Song nTm8cdcJdq', 220, 'Country', '2022-04-04', 948, 'https://picsum.photos/id/228/200/200');
INSERT INTO SONGS (song_id, album_id, title, duration, genre, release_date, popularity_rank, image) VALUES (545, 75, 'Song E4mtLd9Pc5', 228, 'Indie', '2009-01-11', 91, 'https://picsum.photos/id/245/200/200');
INSERT INTO SONGS (song_id, album_id, title, duration, genre, release_date, popularity_rank, image) VALUES (546, 88, 'Song TWxlq6u2O6', 126, 'Pop', '2008-10-03', 91, 'https://picsum.photos/id/209/200/200');
INSERT INTO SONGS (song_id, album_id, title, duration, genre, release_date, popularity_rank, image) VALUES (547, 191, 'Song bh5H52Cjb3', 240, 'Hip Hop', '2024-02-05', 77, 'https://picsum.photos/id/270/200/200');
INSERT INTO SONGS (song_id, album_id, title, duration, genre, release_date, popularity_rank, image) VALUES (548, 189, 'Song eWBfii3s6J', 132, 'Blues', '2010-12-31', 660, 'https://picsum.photos/id/270/200/200');
INSERT INTO SONGS (song_id, album_id, title, duration, genre, release_date, popularity_rank, image) VALUES (549, 59, 'Song lBFWKm1Pmn', 334, 'R&B', '2014-08-22', 303, 'https://picsum.photos/id/259/200/200');
INSERT INTO SONGS (song_id, album_id, title, duration, genre, release_date, popularity_rank, image) VALUES (550, 184, 'Song q5WyHNgis6', 364, 'Reggae', '2013-11-25', 955, 'https://picsum.photos/id/265/200/200');
INSERT INTO SONGS (song_id, album_id, title, duration, genre, release_date, popularity_rank, image) VALUES (551, 109, 'Song o6Fvto3S8X', 328, 'R&B', '2010-01-27', 77, 'https://picsum.photos/id/269/200/200');
INSERT INTO SONGS (song_id, album_id, title, duration, genre, release_date, popularity_rank, image) VALUES (552, 166, 'Song dd4QU2bIGk', 480, 'Indie', '2015-11-30', 352, 'https://picsum.photos/id/201/200/200');
INSERT INTO SONGS (song_id, album_id, title, duration, genre, release_date, popularity_rank, image) VALUES (553, 39, 'Song XelJZICTIy', 348, 'Metal', '2016-04-06', 287, 'https://picsum.photos/id/269/200/200');
INSERT INTO SONGS (song_id, album_id, title, duration, genre, release_date, popularity_rank, image) VALUES (554, 125, 'Song sHhJ0I5huj', 457, 'Rock', '2012-06-28', 63, 'https://picsum.photos/id/278/200/200');
INSERT INTO SONGS (song_id, album_id, title, duration, genre, release_date, popularity_rank, image) VALUES (555, 129, 'Song NQ3Af8zatc', 461, 'Blues', '2022-12-21', 986, 'https://picsum.photos/id/217/200/200');
INSERT INTO SONGS (song_id, album_id, title, duration, genre, release_date, popularity_rank, image) VALUES (556, 148, 'Song YBpyr1eBDl', 278, 'Pop', '2012-06-20', 341, 'https://picsum.photos/id/284/200/200');
INSERT INTO SONGS (song_id, album_id, title, duration, genre, release_date, popularity_rank, image) VALUES (557, 72, 'Song LFJDVPykff', 216, 'Rock', '2017-06-19', 285, 'https://picsum.photos/id/205/200/200');
INSERT INTO SONGS (song_id, album_id, title, duration, genre, release_date, popularity_rank, image) VALUES (558, 114, 'Song v0aA2m7kO7', 451, 'Dance', '2017-01-20', 165, 'https://picsum.photos/id/235/200/200');
INSERT INTO SONGS (song_id, album_id, title, duration, genre, release_date, popularity_rank, image) VALUES (559, 35, 'Song BHHgINhB8T', 146, 'Jazz', '2020-03-12', 15, 'https://picsum.photos/id/280/200/200');
INSERT INTO SONGS (song_id, album_id, title, duration, genre, release_date, popularity_rank, image) VALUES (560, 133, 'Song nIoHpgNV1O', 130, 'R&B', '2017-01-22', 45, 'https://picsum.photos/id/207/200/200');
INSERT INTO SONGS (song_id, album_id, title, duration, genre, release_date, popularity_rank, image) VALUES (561, 75, 'Song mt7UANWZGd', 220, 'Dance', '2016-09-15', 515, 'https://picsum.photos/id/205/200/200');
INSERT INTO SONGS (song_id, album_id, title, duration, genre, release_date, popularity_rank, image) VALUES (562, 42, 'Song BROaWm59Lp', 454, 'Indie', '2013-08-26', 825, 'https://picsum.photos/id/268/200/200');
INSERT INTO SONGS (song_id, album_id, title, duration, genre, release_date, popularity_rank, image) VALUES (563, 192, 'Song bPfSajoUwl', 411, 'Rock', '2009-01-07', 913, 'https://picsum.photos/id/232/200/200');
INSERT INTO SONGS (song_id, album_id, title, duration, genre, release_date, popularity_rank, image) VALUES (564, 37, 'Song iAXdygcxHM', 468, 'Jazz', '2023-08-25', 349, 'https://picsum.photos/id/283/200/200');
INSERT INTO SONGS (song_id, album_id, title, duration, genre, release_date, popularity_rank, image) VALUES (565, 24, 'Song pw1JU0h74T', 416, 'Folk', '2016-01-26', 604, 'https://picsum.photos/id/207/200/200');
INSERT INTO SONGS (song_id, album_id, title, duration, genre, release_date, popularity_rank, image) VALUES (566, 115, 'Song hoPXbyTZIV', 453, 'Dance', '2021-05-08', 888, 'https://picsum.photos/id/272/200/200');
INSERT INTO SONGS (song_id, album_id, title, duration, genre, release_date, popularity_rank, image) VALUES (567, 107, 'Song JRz7M6RQUz', 124, 'Blues', '2014-04-01', 4, 'https://picsum.photos/id/298/200/200');
INSERT INTO SONGS (song_id, album_id, title, duration, genre, release_date, popularity_rank, image) VALUES (568, 23, 'Song TU325TwoBi', 215, 'Rock', '2018-08-12', 643, 'https://picsum.photos/id/253/200/200');
INSERT INTO SONGS (song_id, album_id, title, duration, genre, release_date, popularity_rank, image) VALUES (569, 199, 'Song HBsBjgFhfr', 298, 'Dance', '2010-09-25', 542, 'https://picsum.photos/id/274/200/200');
INSERT INTO SONGS (song_id, album_id, title, duration, genre, release_date, popularity_rank, image) VALUES (570, 66, 'Song 9RI29rCxvZ', 248, 'Hip Hop', '2018-04-03', 325, 'https://picsum.photos/id/258/200/200');
INSERT INTO SONGS (song_id, album_id, title, duration, genre, release_date, popularity_rank, image) VALUES (571, 43, 'Song GpUuYBtbFv', 247, 'Pop', '2014-10-01', 754, 'https://picsum.photos/id/261/200/200');
INSERT INTO SONGS (song_id, album_id, title, duration, genre, release_date, popularity_rank, image) VALUES (572, 195, 'Song Fc0EenqwCI', 185, 'Jazz', '2015-05-27', 117, 'https://picsum.photos/id/267/200/200');
INSERT INTO SONGS (song_id, album_id, title, duration, genre, release_date, popularity_rank, image) VALUES (573, 89, 'Song EjSvhZWJ7h', 326, 'Classical', '2012-11-25', 141, 'https://picsum.photos/id/247/200/200');
INSERT INTO SONGS (song_id, album_id, title, duration, genre, release_date, popularity_rank, image) VALUES (574, 59, 'Song KpRNPCs30m', 252, 'Alternative', '2012-07-06', 960, 'https://picsum.photos/id/242/200/200');
INSERT INTO SONGS (song_id, album_id, title, duration, genre, release_date, popularity_rank, image) VALUES (575, 118, 'Song qeSrb6FeZY', 399, 'Folk', '2022-07-26', 684, 'https://picsum.photos/id/260/200/200');
INSERT INTO SONGS (song_id, album_id, title, duration, genre, release_date, popularity_rank, image) VALUES (576, 8, 'Song nXGtUthqib', 477, 'R&B', '2009-03-12', 510, 'https://picsum.photos/id/293/200/200');
INSERT INTO SONGS (song_id, album_id, title, duration, genre, release_date, popularity_rank, image) VALUES (577, 181, 'Song 9xOMfOZ0Xo', 167, 'Indie', '2016-11-08', 329, 'https://picsum.photos/id/265/200/200');
INSERT INTO SONGS (song_id, album_id, title, duration, genre, release_date, popularity_rank, image) VALUES (578, 102, 'Song DTQ78AAIlH', 463, 'Indie', '2011-02-19', 57, 'https://picsum.photos/id/222/200/200');
INSERT INTO SONGS (song_id, album_id, title, duration, genre, release_date, popularity_rank, image) VALUES (579, 42, 'Song 5OPtJpl7un', 245, 'Electronic', '2011-02-06', 221, 'https://picsum.photos/id/210/200/200');
INSERT INTO SONGS (song_id, album_id, title, duration, genre, release_date, popularity_rank, image) VALUES (580, 83, 'Song DfSqEe3LwI', 244, 'Jazz', '2009-08-25', 490, 'https://picsum.photos/id/291/200/200');
INSERT INTO SONGS (song_id, album_id, title, duration, genre, release_date, popularity_rank, image) VALUES (581, 126, 'Song RIvv7lAmyX', 423, 'Rock', '2018-05-24', 723, 'https://picsum.photos/id/263/200/200');
INSERT INTO SONGS (song_id, album_id, title, duration, genre, release_date, popularity_rank, image) VALUES (582, 84, 'Song idhNcL8Mlb', 130, 'Country', '2010-12-26', 763, 'https://picsum.photos/id/275/200/200');
INSERT INTO SONGS (song_id, album_id, title, duration, genre, release_date, popularity_rank, image) VALUES (583, 90, 'Song hqOsdkyzYa', 452, 'Pop', '2015-02-06', 395, 'https://picsum.photos/id/214/200/200');
INSERT INTO SONGS (song_id, album_id, title, duration, genre, release_date, popularity_rank, image) VALUES (584, 20, 'Song Dj9Wbc62ip', 222, 'Pop', '2020-03-25', 32, 'https://picsum.photos/id/238/200/200');
INSERT INTO SONGS (song_id, album_id, title, duration, genre, release_date, popularity_rank, image) VALUES (585, 103, 'Song NiZjqoHUvl', 124, 'Classical', '2022-08-08', 405, 'https://picsum.photos/id/277/200/200');
INSERT INTO SONGS (song_id, album_id, title, duration, genre, release_date, popularity_rank, image) VALUES (586, 57, 'Song gfe0Nfqbgj', 317, 'Blues', '2018-02-08', 536, 'https://picsum.photos/id/227/200/200');
INSERT INTO SONGS (song_id, album_id, title, duration, genre, release_date, popularity_rank, image) VALUES (587, 131, 'Song OKlLE2eNy7', 175, 'Electronic', '2010-06-21', 460, 'https://picsum.photos/id/220/200/200');
INSERT INTO SONGS (song_id, album_id, title, duration, genre, release_date, popularity_rank, image) VALUES (588, 159, 'Song iLqrS45qrA', 328, 'Pop', '2016-07-21', 598, 'https://picsum.photos/id/277/200/200');
INSERT INTO SONGS (song_id, album_id, title, duration, genre, release_date, popularity_rank, image) VALUES (589, 12, 'Song Ye5fNCE384', 401, 'Classical', '2019-01-09', 617, 'https://picsum.photos/id/207/200/200');
INSERT INTO SONGS (song_id, album_id, title, duration, genre, release_date, popularity_rank, image) VALUES (590, 172, 'Song 5BAXnIj11x', 375, 'Blues', '2016-03-02', 113, 'https://picsum.photos/id/205/200/200');
INSERT INTO SONGS (song_id, album_id, title, duration, genre, release_date, popularity_rank, image) VALUES (591, 86, 'Song KxzMiaI2Lm', 302, 'Country', '2016-03-06', 110, 'https://picsum.photos/id/269/200/200');
INSERT INTO SONGS (song_id, album_id, title, duration, genre, release_date, popularity_rank, image) VALUES (592, 45, 'Song YxUihm96qg', 277, 'Classical', '2017-03-16', 291, 'https://picsum.photos/id/258/200/200');
INSERT INTO SONGS (song_id, album_id, title, duration, genre, release_date, popularity_rank, image) VALUES (593, 81, 'Song y3DFhmkrLS', 230, 'Jazz', '2015-12-11', 452, 'https://picsum.photos/id/245/200/200');
INSERT INTO SONGS (song_id, album_id, title, duration, genre, release_date, popularity_rank, image) VALUES (594, 17, 'Song INYGNdAsmu', 165, 'Classical', '2020-10-16', 895, 'https://picsum.photos/id/261/200/200');
INSERT INTO SONGS (song_id, album_id, title, duration, genre, release_date, popularity_rank, image) VALUES (595, 24, 'Song C941LkqFxJ', 269, 'Metal', '2022-09-02', 563, 'https://picsum.photos/id/285/200/200');
INSERT INTO SONGS (song_id, album_id, title, duration, genre, release_date, popularity_rank, image) VALUES (596, 109, 'Song C96SHiDVUT', 310, 'Country', '2009-09-28', 247, 'https://picsum.photos/id/235/200/200');
INSERT INTO SONGS (song_id, album_id, title, duration, genre, release_date, popularity_rank, image) VALUES (597, 136, 'Song Foi82H4O6Q', 320, 'Dance', '2022-11-11', 196, 'https://picsum.photos/id/227/200/200');
INSERT INTO SONGS (song_id, album_id, title, duration, genre, release_date, popularity_rank, image) VALUES (598, 88, 'Song 1NmgdQ06kM', 472, 'Dance', '2008-06-20', 288, 'https://picsum.photos/id/268/200/200');
INSERT INTO SONGS (song_id, album_id, title, duration, genre, release_date, popularity_rank, image) VALUES (599, 26, 'Song 4F00KSxVVZ', 450, 'Reggae', '2015-03-16', 281, 'https://picsum.photos/id/213/200/200');
INSERT INTO SONGS (song_id, album_id, title, duration, genre, release_date, popularity_rank, image) VALUES (600, 163, 'Song JJOfB9k25w', 184, 'Indie', '2009-02-14', 702, 'https://picsum.photos/id/223/200/200');
INSERT INTO SONGS (song_id, album_id, title, duration, genre, release_date, popularity_rank, image) VALUES (601, 119, 'Song ZY8xOcG1eS', 375, 'Blues', '2018-04-19', 70, 'https://picsum.photos/id/277/200/200');
INSERT INTO SONGS (song_id, album_id, title, duration, genre, release_date, popularity_rank, image) VALUES (602, 59, 'Song tp3pJIAcLB', 403, 'Reggae', '2019-07-02', 74, 'https://picsum.photos/id/281/200/200');
INSERT INTO SONGS (song_id, album_id, title, duration, genre, release_date, popularity_rank, image) VALUES (603, 199, 'Song dsV22ZI9NX', 433, 'Metal', '2019-06-26', 809, 'https://picsum.photos/id/217/200/200');
INSERT INTO SONGS (song_id, album_id, title, duration, genre, release_date, popularity_rank, image) VALUES (604, 181, 'Song 2y5gWjhq6P', 139, 'Blues', '2008-05-20', 567, 'https://picsum.photos/id/208/200/200');
INSERT INTO SONGS (song_id, album_id, title, duration, genre, release_date, popularity_rank, image) VALUES (605, 55, 'Song HGj7PEAG8G', 295, 'Blues', '2018-08-03', 918, 'https://picsum.photos/id/214/200/200');
INSERT INTO SONGS (song_id, album_id, title, duration, genre, release_date, popularity_rank, image) VALUES (606, 113, 'Song ABtHaREk6H', 320, 'Rock', '2015-07-28', 927, 'https://picsum.photos/id/244/200/200');
INSERT INTO SONGS (song_id, album_id, title, duration, genre, release_date, popularity_rank, image) VALUES (607, 1, 'Song a0TkVEfmwV', 242, 'Alternative', '2022-02-15', 34, 'https://picsum.photos/id/212/200/200');
INSERT INTO SONGS (song_id, album_id, title, duration, genre, release_date, popularity_rank, image) VALUES (608, 167, 'Song nt5tTlxxKR', 315, 'Folk', '2020-03-19', 860, 'https://picsum.photos/id/235/200/200');
INSERT INTO SONGS (song_id, album_id, title, duration, genre, release_date, popularity_rank, image) VALUES (609, 136, 'Song ainnuf33ed', 414, 'Indie', '2014-03-28', 401, 'https://picsum.photos/id/208/200/200');
INSERT INTO SONGS (song_id, album_id, title, duration, genre, release_date, popularity_rank, image) VALUES (610, 98, 'Song G7Rr0ikcBq', 417, 'R&B', '2012-07-20', 272, 'https://picsum.photos/id/253/200/200');
INSERT INTO SONGS (song_id, album_id, title, duration, genre, release_date, popularity_rank, image) VALUES (611, 159, 'Song Ht92b9ewWm', 475, 'Dance', '2018-12-03', 585, 'https://picsum.photos/id/267/200/200');
INSERT INTO SONGS (song_id, album_id, title, duration, genre, release_date, popularity_rank, image) VALUES (612, 8, 'Song 5sSvgMq8ao', 391, 'Rock', '2018-11-03', 677, 'https://picsum.photos/id/287/200/200');
INSERT INTO SONGS (song_id, album_id, title, duration, genre, release_date, popularity_rank, image) VALUES (613, 43, 'Song m62A94pIkb', 432, 'Folk', '2014-02-24', 339, 'https://picsum.photos/id/211/200/200');
INSERT INTO SONGS (song_id, album_id, title, duration, genre, release_date, popularity_rank, image) VALUES (614, 128, 'Song N8KLoUBASk', 345, 'Hip Hop', '2016-11-21', 503, 'https://picsum.photos/id/294/200/200');
INSERT INTO SONGS (song_id, album_id, title, duration, genre, release_date, popularity_rank, image) VALUES (615, 140, 'Song 71lXqaK6k6', 394, 'Reggae', '2023-09-28', 363, 'https://picsum.photos/id/294/200/200');
INSERT INTO SONGS (song_id, album_id, title, duration, genre, release_date, popularity_rank, image) VALUES (616, 108, 'Song DvIrvoAgyM', 331, 'Alternative', '2015-09-19', 158, 'https://picsum.photos/id/222/200/200');
INSERT INTO SONGS (song_id, album_id, title, duration, genre, release_date, popularity_rank, image) VALUES (617, 107, 'Song AHgGY3Snrj', 442, 'Country', '2014-09-29', 291, 'https://picsum.photos/id/209/200/200');
INSERT INTO SONGS (song_id, album_id, title, duration, genre, release_date, popularity_rank, image) VALUES (618, 23, 'Song UjajB400xK', 259, 'Blues', '2012-01-26', 381, 'https://picsum.photos/id/287/200/200');
INSERT INTO SONGS (song_id, album_id, title, duration, genre, release_date, popularity_rank, image) VALUES (619, 70, 'Song tIvCkAovVX', 180, 'Alternative', '2021-03-19', 259, 'https://picsum.photos/id/234/200/200');
INSERT INTO SONGS (song_id, album_id, title, duration, genre, release_date, popularity_rank, image) VALUES (620, 100, 'Song GH2it2715Z', 425, 'Classical', '2021-06-21', 84, 'https://picsum.photos/id/263/200/200');
INSERT INTO SONGS (song_id, album_id, title, duration, genre, release_date, popularity_rank, image) VALUES (621, 63, 'Song tv0HATOyg2', 128, 'Dance', '2021-02-16', 123, 'https://picsum.photos/id/250/200/200');
INSERT INTO SONGS (song_id, album_id, title, duration, genre, release_date, popularity_rank, image) VALUES (622, 131, 'Song wt2OBdMVeV', 124, 'Blues', '2019-01-27', 609, 'https://picsum.photos/id/258/200/200');
INSERT INTO SONGS (song_id, album_id, title, duration, genre, release_date, popularity_rank, image) VALUES (623, 43, 'Song wFy52jg1kl', 357, 'Metal', '2012-10-22', 383, 'https://picsum.photos/id/267/200/200');
INSERT INTO SONGS (song_id, album_id, title, duration, genre, release_date, popularity_rank, image) VALUES (624, 132, 'Song Az5YqaePgd', 440, 'Hip Hop', '2020-02-12', 293, 'https://picsum.photos/id/248/200/200');
INSERT INTO SONGS (song_id, album_id, title, duration, genre, release_date, popularity_rank, image) VALUES (625, 32, 'Song 0QIcHbAKpi', 320, 'Jazz', '2012-08-15', 692, 'https://picsum.photos/id/223/200/200');
INSERT INTO SONGS (song_id, album_id, title, duration, genre, release_date, popularity_rank, image) VALUES (626, 197, 'Song NTIT14K9S6', 293, 'Folk', '2022-03-02', 617, 'https://picsum.photos/id/295/200/200');
INSERT INTO SONGS (song_id, album_id, title, duration, genre, release_date, popularity_rank, image) VALUES (627, 35, 'Song eQaPRh93vC', 259, 'Indie', '2019-12-24', 997, 'https://picsum.photos/id/216/200/200');
INSERT INTO SONGS (song_id, album_id, title, duration, genre, release_date, popularity_rank, image) VALUES (628, 52, 'Song nCN0sx8HnI', 165, 'Alternative', '2024-04-08', 990, 'https://picsum.photos/id/253/200/200');
INSERT INTO SONGS (song_id, album_id, title, duration, genre, release_date, popularity_rank, image) VALUES (629, 121, 'Song YxzgbSwKZf', 419, 'Indie', '2014-02-25', 128, 'https://picsum.photos/id/252/200/200');
INSERT INTO SONGS (song_id, album_id, title, duration, genre, release_date, popularity_rank, image) VALUES (630, 167, 'Song dLqvwIlE4P', 152, 'Indie', '2018-07-25', 955, 'https://picsum.photos/id/241/200/200');
INSERT INTO SONGS (song_id, album_id, title, duration, genre, release_date, popularity_rank, image) VALUES (631, 157, 'Song 83oGRinkAg', 339, 'Classical', '2020-12-13', 779, 'https://picsum.photos/id/254/200/200');
INSERT INTO SONGS (song_id, album_id, title, duration, genre, release_date, popularity_rank, image) VALUES (632, 50, 'Song 5CnQWK7dUF', 222, 'Folk', '2021-10-07', 397, 'https://picsum.photos/id/231/200/200');
INSERT INTO SONGS (song_id, album_id, title, duration, genre, release_date, popularity_rank, image) VALUES (633, 132, 'Song rEzB5aSlmG', 262, 'Indie', '2022-02-27', 564, 'https://picsum.photos/id/260/200/200');
INSERT INTO SONGS (song_id, album_id, title, duration, genre, release_date, popularity_rank, image) VALUES (634, 24, 'Song 9SUzxhQhRo', 475, 'Alternative', '2014-07-18', 674, 'https://picsum.photos/id/230/200/200');
INSERT INTO SONGS (song_id, album_id, title, duration, genre, release_date, popularity_rank, image) VALUES (635, 180, 'Song qWUl6tfqfA', 449, 'Hip Hop', '2016-08-28', 427, 'https://picsum.photos/id/227/200/200');
INSERT INTO SONGS (song_id, album_id, title, duration, genre, release_date, popularity_rank, image) VALUES (636, 50, 'Song 7b5unwZFs0', 389, 'Indie', '2016-10-08', 998, 'https://picsum.photos/id/231/200/200');
INSERT INTO SONGS (song_id, album_id, title, duration, genre, release_date, popularity_rank, image) VALUES (637, 188, 'Song xww17EeRY8', 357, 'Jazz', '2008-09-30', 666, 'https://picsum.photos/id/220/200/200');
INSERT INTO SONGS (song_id, album_id, title, duration, genre, release_date, popularity_rank, image) VALUES (638, 171, 'Song 777Pm4VycI', 387, 'Alternative', '2016-12-22', 267, 'https://picsum.photos/id/291/200/200');
INSERT INTO SONGS (song_id, album_id, title, duration, genre, release_date, popularity_rank, image) VALUES (639, 123, 'Song wafMdYsT2D', 236, 'Pop', '2010-02-27', 582, 'https://picsum.photos/id/258/200/200');
INSERT INTO SONGS (song_id, album_id, title, duration, genre, release_date, popularity_rank, image) VALUES (640, 98, 'Song 5ZLsazdC6D', 236, 'Pop', '2008-03-03', 241, 'https://picsum.photos/id/274/200/200');
INSERT INTO SONGS (song_id, album_id, title, duration, genre, release_date, popularity_rank, image) VALUES (641, 5, 'Song qmghU0rrUP', 288, 'Indie', '2009-08-14', 238, 'https://picsum.photos/id/288/200/200');
INSERT INTO SONGS (song_id, album_id, title, duration, genre, release_date, popularity_rank, image) VALUES (642, 101, 'Song fgRbAgF9ss', 426, 'Rock', '2012-05-19', 180, 'https://picsum.photos/id/223/200/200');
INSERT INTO SONGS (song_id, album_id, title, duration, genre, release_date, popularity_rank, image) VALUES (643, 163, 'Song HyHFeuaRZA', 371, 'Country', '2016-06-19', 876, 'https://picsum.photos/id/216/200/200');
INSERT INTO SONGS (song_id, album_id, title, duration, genre, release_date, popularity_rank, image) VALUES (644, 181, 'Song RmfbjTb655', 249, 'Indie', '2018-12-01', 67, 'https://picsum.photos/id/280/200/200');
INSERT INTO SONGS (song_id, album_id, title, duration, genre, release_date, popularity_rank, image) VALUES (645, 56, 'Song R5va98T1qk', 375, 'Electronic', '2008-02-09', 609, 'https://picsum.photos/id/261/200/200');
INSERT INTO SONGS (song_id, album_id, title, duration, genre, release_date, popularity_rank, image) VALUES (646, 149, 'Song CF90R5jN81', 254, 'Metal', '2023-03-26', 113, 'https://picsum.photos/id/276/200/200');
INSERT INTO SONGS (song_id, album_id, title, duration, genre, release_date, popularity_rank, image) VALUES (647, 189, 'Song oOiGQiK0LT', 264, 'Reggae', '2020-09-07', 569, 'https://picsum.photos/id/227/200/200');
INSERT INTO SONGS (song_id, album_id, title, duration, genre, release_date, popularity_rank, image) VALUES (648, 146, 'Song RcL2OxCjc0', 377, 'Hip Hop', '2016-04-13', 407, 'https://picsum.photos/id/297/200/200');
INSERT INTO SONGS (song_id, album_id, title, duration, genre, release_date, popularity_rank, image) VALUES (649, 182, 'Song Fl8nVUp4gf', 155, 'Indie', '2017-06-01', 667, 'https://picsum.photos/id/276/200/200');
INSERT INTO SONGS (song_id, album_id, title, duration, genre, release_date, popularity_rank, image) VALUES (650, 108, 'Song NokYYm4OcL', 131, 'Folk', '2014-05-13', 379, 'https://picsum.photos/id/229/200/200');
INSERT INTO SONGS (song_id, album_id, title, duration, genre, release_date, popularity_rank, image) VALUES (651, 137, 'Song 9a1YgScECJ', 149, 'Classical', '2018-01-06', 47, 'https://picsum.photos/id/285/200/200');
INSERT INTO SONGS (song_id, album_id, title, duration, genre, release_date, popularity_rank, image) VALUES (652, 190, 'Song Yu2aD7YgmG', 226, 'Country', '2010-08-31', 642, 'https://picsum.photos/id/226/200/200');
INSERT INTO SONGS (song_id, album_id, title, duration, genre, release_date, popularity_rank, image) VALUES (653, 35, 'Song pcwUjdpaSC', 120, 'Blues', '2021-08-18', 648, 'https://picsum.photos/id/283/200/200');
INSERT INTO SONGS (song_id, album_id, title, duration, genre, release_date, popularity_rank, image) VALUES (654, 42, 'Song VLSH6VUCah', 405, 'Electronic', '2013-10-26', 905, 'https://picsum.photos/id/229/200/200');
INSERT INTO SONGS (song_id, album_id, title, duration, genre, release_date, popularity_rank, image) VALUES (655, 47, 'Song E4gEXqtZ4G', 229, 'R&B', '2013-03-04', 532, 'https://picsum.photos/id/219/200/200');
INSERT INTO SONGS (song_id, album_id, title, duration, genre, release_date, popularity_rank, image) VALUES (656, 23, 'Song mfKlv6vCmo', 449, 'R&B', '2012-06-07', 845, 'https://picsum.photos/id/240/200/200');
INSERT INTO SONGS (song_id, album_id, title, duration, genre, release_date, popularity_rank, image) VALUES (657, 83, 'Song CDq5peTFQv', 385, 'Dance', '2018-01-31', 849, 'https://picsum.photos/id/275/200/200');
INSERT INTO SONGS (song_id, album_id, title, duration, genre, release_date, popularity_rank, image) VALUES (658, 188, 'Song mh2Xr8iCwc', 169, 'Dance', '2016-02-12', 972, 'https://picsum.photos/id/221/200/200');
INSERT INTO SONGS (song_id, album_id, title, duration, genre, release_date, popularity_rank, image) VALUES (659, 82, 'Song iptzTl5dCk', 268, 'Pop', '2013-01-03', 533, 'https://picsum.photos/id/296/200/200');
INSERT INTO SONGS (song_id, album_id, title, duration, genre, release_date, popularity_rank, image) VALUES (660, 164, 'Song RALumXNWYq', 136, 'Classical', '2014-05-15', 962, 'https://picsum.photos/id/260/200/200');
INSERT INTO SONGS (song_id, album_id, title, duration, genre, release_date, popularity_rank, image) VALUES (661, 162, 'Song 6IkMNkRjbV', 305, 'Blues', '2011-10-13', 351, 'https://picsum.photos/id/224/200/200');
INSERT INTO SONGS (song_id, album_id, title, duration, genre, release_date, popularity_rank, image) VALUES (662, 172, 'Song z2UDV1J6cD', 177, 'Country', '2019-10-25', 306, 'https://picsum.photos/id/233/200/200');
INSERT INTO SONGS (song_id, album_id, title, duration, genre, release_date, popularity_rank, image) VALUES (663, 106, 'Song Z9KMlIGqBd', 189, 'Pop', '2015-06-23', 415, 'https://picsum.photos/id/208/200/200');
INSERT INTO SONGS (song_id, album_id, title, duration, genre, release_date, popularity_rank, image) VALUES (664, 116, 'Song zvNs86NfMZ', 331, 'Folk', '2023-11-07', 384, 'https://picsum.photos/id/222/200/200');
INSERT INTO SONGS (song_id, album_id, title, duration, genre, release_date, popularity_rank, image) VALUES (665, 161, 'Song pb0jzL4vXP', 432, 'Country', '2018-11-22', 350, 'https://picsum.photos/id/228/200/200');
INSERT INTO SONGS (song_id, album_id, title, duration, genre, release_date, popularity_rank, image) VALUES (666, 21, 'Song BRfJ5qp98J', 168, 'Rock', '2015-03-26', 913, 'https://picsum.photos/id/212/200/200');
INSERT INTO SONGS (song_id, album_id, title, duration, genre, release_date, popularity_rank, image) VALUES (667, 41, 'Song rSoQLhPxLl', 388, 'Dance', '2021-03-29', 687, 'https://picsum.photos/id/289/200/200');
INSERT INTO SONGS (song_id, album_id, title, duration, genre, release_date, popularity_rank, image) VALUES (668, 196, 'Song lk9gtYlytv', 222, 'R&B', '2020-05-01', 401, 'https://picsum.photos/id/275/200/200');
INSERT INTO SONGS (song_id, album_id, title, duration, genre, release_date, popularity_rank, image) VALUES (669, 39, 'Song YazO63joKy', 186, 'Reggae', '2012-07-08', 736, 'https://picsum.photos/id/240/200/200');
INSERT INTO SONGS (song_id, album_id, title, duration, genre, release_date, popularity_rank, image) VALUES (670, 68, 'Song JBfpJoLqXG', 264, 'Blues', '2016-03-15', 154, 'https://picsum.photos/id/204/200/200');
INSERT INTO SONGS (song_id, album_id, title, duration, genre, release_date, popularity_rank, image) VALUES (671, 22, 'Song R2QSw8jGXu', 468, 'Dance', '2009-10-08', 148, 'https://picsum.photos/id/250/200/200');
INSERT INTO SONGS (song_id, album_id, title, duration, genre, release_date, popularity_rank, image) VALUES (672, 44, 'Song Yest5liUQS', 120, 'Pop', '2022-05-01', 371, 'https://picsum.photos/id/207/200/200');
INSERT INTO SONGS (song_id, album_id, title, duration, genre, release_date, popularity_rank, image) VALUES (673, 43, 'Song CSJqsIHFEB', 198, 'Hip Hop', '2018-07-21', 330, 'https://picsum.photos/id/245/200/200');
INSERT INTO SONGS (song_id, album_id, title, duration, genre, release_date, popularity_rank, image) VALUES (674, 114, 'Song JYqTx0ZwVb', 292, 'Metal', '2024-04-13', 447, 'https://picsum.photos/id/261/200/200');
INSERT INTO SONGS (song_id, album_id, title, duration, genre, release_date, popularity_rank, image) VALUES (675, 96, 'Song qjyVyBLzMt', 376, 'Reggae', '2013-09-09', 615, 'https://picsum.photos/id/270/200/200');
INSERT INTO SONGS (song_id, album_id, title, duration, genre, release_date, popularity_rank, image) VALUES (676, 70, 'Song ij04oz2r4B', 252, 'Rock', '2017-04-04', 33, 'https://picsum.photos/id/249/200/200');
INSERT INTO SONGS (song_id, album_id, title, duration, genre, release_date, popularity_rank, image) VALUES (677, 136, 'Song GrKPGxPoNz', 329, 'Dance', '2012-07-02', 21, 'https://picsum.photos/id/204/200/200');
INSERT INTO SONGS (song_id, album_id, title, duration, genre, release_date, popularity_rank, image) VALUES (678, 50, 'Song ZNHgYdvaz9', 422, 'Indie', '2023-03-02', 738, 'https://picsum.photos/id/241/200/200');
INSERT INTO SONGS (song_id, album_id, title, duration, genre, release_date, popularity_rank, image) VALUES (679, 173, 'Song tAGEJ28ttG', 243, 'Folk', '2021-03-13', 51, 'https://picsum.photos/id/270/200/200');
INSERT INTO SONGS (song_id, album_id, title, duration, genre, release_date, popularity_rank, image) VALUES (680, 110, 'Song orxb1Y9FIu', 375, 'R&B', '2012-06-01', 827, 'https://picsum.photos/id/217/200/200');
INSERT INTO SONGS (song_id, album_id, title, duration, genre, release_date, popularity_rank, image) VALUES (681, 119, 'Song H8G7VpGDxn', 233, 'Country', '2017-01-16', 917, 'https://picsum.photos/id/211/200/200');
INSERT INTO SONGS (song_id, album_id, title, duration, genre, release_date, popularity_rank, image) VALUES (682, 34, 'Song 3W58VRN0ae', 415, 'Metal', '2012-03-19', 56, 'https://picsum.photos/id/210/200/200');
INSERT INTO SONGS (song_id, album_id, title, duration, genre, release_date, popularity_rank, image) VALUES (683, 56, 'Song vDCKFgRqla', 222, 'Dance', '2010-08-29', 760, 'https://picsum.photos/id/298/200/200');
INSERT INTO SONGS (song_id, album_id, title, duration, genre, release_date, popularity_rank, image) VALUES (684, 117, 'Song gUCXiQJMqc', 384, 'Classical', '2009-08-12', 541, 'https://picsum.photos/id/250/200/200');
INSERT INTO SONGS (song_id, album_id, title, duration, genre, release_date, popularity_rank, image) VALUES (685, 49, 'Song r88hYOPZ4R', 257, 'Metal', '2009-09-13', 605, 'https://picsum.photos/id/299/200/200');
INSERT INTO SONGS (song_id, album_id, title, duration, genre, release_date, popularity_rank, image) VALUES (686, 58, 'Song Tdyn44wR5S', 321, 'Reggae', '2023-06-09', 916, 'https://picsum.photos/id/205/200/200');
INSERT INTO SONGS (song_id, album_id, title, duration, genre, release_date, popularity_rank, image) VALUES (687, 123, 'Song lfMa4VbKsU', 341, 'Alternative', '2023-06-08', 601, 'https://picsum.photos/id/286/200/200');
INSERT INTO SONGS (song_id, album_id, title, duration, genre, release_date, popularity_rank, image) VALUES (688, 142, 'Song d1JAAPWqrY', 313, 'Alternative', '2008-09-12', 694, 'https://picsum.photos/id/206/200/200');
INSERT INTO SONGS (song_id, album_id, title, duration, genre, release_date, popularity_rank, image) VALUES (689, 117, 'Song IaJBKHG94q', 211, 'Electronic', '2010-06-24', 978, 'https://picsum.photos/id/244/200/200');
INSERT INTO SONGS (song_id, album_id, title, duration, genre, release_date, popularity_rank, image) VALUES (690, 82, 'Song u2KTLwp6UJ', 189, 'Reggae', '2016-07-18', 181, 'https://picsum.photos/id/282/200/200');
INSERT INTO SONGS (song_id, album_id, title, duration, genre, release_date, popularity_rank, image) VALUES (691, 182, 'Song CyqWUYSqlk', 355, 'Electronic', '2021-04-05', 99, 'https://picsum.photos/id/257/200/200');
INSERT INTO SONGS (song_id, album_id, title, duration, genre, release_date, popularity_rank, image) VALUES (692, 88, 'Song 1eLgZr8Uli', 269, 'Folk', '2010-04-24', 140, 'https://picsum.photos/id/229/200/200');
INSERT INTO SONGS (song_id, album_id, title, duration, genre, release_date, popularity_rank, image) VALUES (693, 44, 'Song bE1lb860Lj', 171, 'Electronic', '2019-11-22', 278, 'https://picsum.photos/id/260/200/200');
INSERT INTO SONGS (song_id, album_id, title, duration, genre, release_date, popularity_rank, image) VALUES (694, 98, 'Song 0wPEfyLIXi', 253, 'R&B', '2008-08-24', 524, 'https://picsum.photos/id/208/200/200');
INSERT INTO SONGS (song_id, album_id, title, duration, genre, release_date, popularity_rank, image) VALUES (695, 7, 'Song z5JrZlgtIu', 300, 'Indie', '2010-08-01', 81, 'https://picsum.photos/id/293/200/200');
INSERT INTO SONGS (song_id, album_id, title, duration, genre, release_date, popularity_rank, image) VALUES (696, 170, 'Song gIdn4X6H4F', 289, 'Dance', '2012-09-11', 739, 'https://picsum.photos/id/293/200/200');
INSERT INTO SONGS (song_id, album_id, title, duration, genre, release_date, popularity_rank, image) VALUES (697, 90, 'Song 76XpgehCgm', 295, 'Hip Hop', '2021-01-06', 1, 'https://picsum.photos/id/231/200/200');
INSERT INTO SONGS (song_id, album_id, title, duration, genre, release_date, popularity_rank, image) VALUES (698, 68, 'Song UklgK4NbDt', 426, 'Dance', '2008-04-09', 63, 'https://picsum.photos/id/271/200/200');
INSERT INTO SONGS (song_id, album_id, title, duration, genre, release_date, popularity_rank, image) VALUES (699, 151, 'Song OWFOWCmjyR', 307, 'Indie', '2015-05-29', 947, 'https://picsum.photos/id/277/200/200');
INSERT INTO SONGS (song_id, album_id, title, duration, genre, release_date, popularity_rank, image) VALUES (700, 46, 'Song EdS4JNtXvt', 236, 'Reggae', '2017-04-29', 303, 'https://picsum.photos/id/234/200/200');
INSERT INTO SONGS (song_id, album_id, title, duration, genre, release_date, popularity_rank, image) VALUES (701, 116, 'Song F0YdCIe8wo', 299, 'Country', '2017-09-02', 72, 'https://picsum.photos/id/287/200/200');
INSERT INTO SONGS (song_id, album_id, title, duration, genre, release_date, popularity_rank, image) VALUES (702, 178, 'Song Mp6DERBfzX', 286, 'Pop', '2010-12-20', 477, 'https://picsum.photos/id/261/200/200');
INSERT INTO SONGS (song_id, album_id, title, duration, genre, release_date, popularity_rank, image) VALUES (703, 172, 'Song 60UJdZD7zz', 385, 'Rock', '2020-04-22', 754, 'https://picsum.photos/id/297/200/200');
INSERT INTO SONGS (song_id, album_id, title, duration, genre, release_date, popularity_rank, image) VALUES (704, 119, 'Song ZGnXU7emm2', 386, 'Reggae', '2022-05-28', 85, 'https://picsum.photos/id/293/200/200');
INSERT INTO SONGS (song_id, album_id, title, duration, genre, release_date, popularity_rank, image) VALUES (705, 13, 'Song 22yBSgDUaR', 264, 'Blues', '2020-04-01', 10, 'https://picsum.photos/id/294/200/200');
INSERT INTO SONGS (song_id, album_id, title, duration, genre, release_date, popularity_rank, image) VALUES (706, 198, 'Song GKo5WfkvNx', 454, 'Electronic', '2015-10-02', 986, 'https://picsum.photos/id/276/200/200');
INSERT INTO SONGS (song_id, album_id, title, duration, genre, release_date, popularity_rank, image) VALUES (707, 95, 'Song XmnEp31UR5', 330, 'Hip Hop', '2018-01-25', 162, 'https://picsum.photos/id/258/200/200');
INSERT INTO SONGS (song_id, album_id, title, duration, genre, release_date, popularity_rank, image) VALUES (708, 77, 'Song QWG7YJsYpV', 478, 'Indie', '2011-06-06', 348, 'https://picsum.photos/id/237/200/200');
INSERT INTO SONGS (song_id, album_id, title, duration, genre, release_date, popularity_rank, image) VALUES (709, 130, 'Song eHobO2Q8AA', 143, 'Reggae', '2016-02-17', 903, 'https://picsum.photos/id/292/200/200');
INSERT INTO SONGS (song_id, album_id, title, duration, genre, release_date, popularity_rank, image) VALUES (710, 93, 'Song jCuPnG86q4', 149, 'Dance', '2015-07-12', 753, 'https://picsum.photos/id/220/200/200');
INSERT INTO SONGS (song_id, album_id, title, duration, genre, release_date, popularity_rank, image) VALUES (711, 55, 'Song rGgo0ZUnfI', 398, 'Rock', '2017-11-05', 149, 'https://picsum.photos/id/270/200/200');
INSERT INTO SONGS (song_id, album_id, title, duration, genre, release_date, popularity_rank, image) VALUES (712, 18, 'Song aQSKm0BAll', 164, 'Indie', '2019-05-31', 249, 'https://picsum.photos/id/247/200/200');
INSERT INTO SONGS (song_id, album_id, title, duration, genre, release_date, popularity_rank, image) VALUES (713, 41, 'Song NFK0EZtfqk', 138, 'Metal', '2023-12-06', 929, 'https://picsum.photos/id/278/200/200');
INSERT INTO SONGS (song_id, album_id, title, duration, genre, release_date, popularity_rank, image) VALUES (714, 15, 'Song HC7Z6hW3cK', 253, 'Country', '2008-08-10', 345, 'https://picsum.photos/id/291/200/200');
INSERT INTO SONGS (song_id, album_id, title, duration, genre, release_date, popularity_rank, image) VALUES (715, 99, 'Song NICoBTEeIH', 290, 'Pop', '2010-08-07', 268, 'https://picsum.photos/id/231/200/200');
INSERT INTO SONGS (song_id, album_id, title, duration, genre, release_date, popularity_rank, image) VALUES (716, 8, 'Song gmBuLnajlb', 182, 'Blues', '2008-08-18', 414, 'https://picsum.photos/id/295/200/200');
INSERT INTO SONGS (song_id, album_id, title, duration, genre, release_date, popularity_rank, image) VALUES (717, 24, 'Song vxtEIDGV0m', 388, 'Classical', '2010-04-29', 717, 'https://picsum.photos/id/235/200/200');
INSERT INTO SONGS (song_id, album_id, title, duration, genre, release_date, popularity_rank, image) VALUES (718, 135, 'Song R248V53vjK', 381, 'Dance', '2013-05-01', 925, 'https://picsum.photos/id/291/200/200');
INSERT INTO SONGS (song_id, album_id, title, duration, genre, release_date, popularity_rank, image) VALUES (719, 86, 'Song krUEB3gR4W', 151, 'Blues', '2021-06-02', 509, 'https://picsum.photos/id/238/200/200');
INSERT INTO SONGS (song_id, album_id, title, duration, genre, release_date, popularity_rank, image) VALUES (720, 142, 'Song rWOodC51vo', 192, 'Country', '2008-07-29', 819, 'https://picsum.photos/id/235/200/200');
INSERT INTO SONGS (song_id, album_id, title, duration, genre, release_date, popularity_rank, image) VALUES (721, 117, 'Song UyKIPB7fEf', 199, 'Classical', '2023-02-03', 992, 'https://picsum.photos/id/236/200/200');
INSERT INTO SONGS (song_id, album_id, title, duration, genre, release_date, popularity_rank, image) VALUES (722, 171, 'Song uLpuebzbk3', 252, 'Jazz', '2012-07-05', 785, 'https://picsum.photos/id/293/200/200');
INSERT INTO SONGS (song_id, album_id, title, duration, genre, release_date, popularity_rank, image) VALUES (723, 129, 'Song W1qXeYXJ96', 318, 'Jazz', '2016-08-26', 699, 'https://picsum.photos/id/241/200/200');
INSERT INTO SONGS (song_id, album_id, title, duration, genre, release_date, popularity_rank, image) VALUES (724, 175, 'Song AnhbZMHVHq', 295, 'Reggae', '2009-07-24', 26, 'https://picsum.photos/id/223/200/200');
INSERT INTO SONGS (song_id, album_id, title, duration, genre, release_date, popularity_rank, image) VALUES (725, 178, 'Song Pb46B3qT8T', 171, 'Indie', '2021-03-19', 553, 'https://picsum.photos/id/256/200/200');
INSERT INTO SONGS (song_id, album_id, title, duration, genre, release_date, popularity_rank, image) VALUES (726, 34, 'Song NI3mScmXnJ', 207, 'Reggae', '2013-10-04', 612, 'https://picsum.photos/id/224/200/200');
INSERT INTO SONGS (song_id, album_id, title, duration, genre, release_date, popularity_rank, image) VALUES (727, 118, 'Song TetjsYwW8k', 215, 'Indie', '2022-07-28', 813, 'https://picsum.photos/id/234/200/200');
INSERT INTO SONGS (song_id, album_id, title, duration, genre, release_date, popularity_rank, image) VALUES (728, 158, 'Song BnRrB6xjAZ', 427, 'Country', '2016-04-23', 933, 'https://picsum.photos/id/274/200/200');
INSERT INTO SONGS (song_id, album_id, title, duration, genre, release_date, popularity_rank, image) VALUES (729, 20, 'Song TXsW7byOv3', 434, 'Alternative', '2008-12-20', 387, 'https://picsum.photos/id/280/200/200');
INSERT INTO SONGS (song_id, album_id, title, duration, genre, release_date, popularity_rank, image) VALUES (730, 174, 'Song PM0lGwRYTp', 246, 'Alternative', '2008-03-31', 423, 'https://picsum.photos/id/236/200/200');
INSERT INTO SONGS (song_id, album_id, title, duration, genre, release_date, popularity_rank, image) VALUES (731, 179, 'Song SSt6iOVamm', 400, 'Jazz', '2021-02-28', 813, 'https://picsum.photos/id/222/200/200');
INSERT INTO SONGS (song_id, album_id, title, duration, genre, release_date, popularity_rank, image) VALUES (732, 168, 'Song ThXhmSClNU', 280, 'Electronic', '2017-02-08', 516, 'https://picsum.photos/id/292/200/200');
INSERT INTO SONGS (song_id, album_id, title, duration, genre, release_date, popularity_rank, image) VALUES (733, 9, 'Song ysluyWzofM', 140, 'Pop', '2011-03-26', 238, 'https://picsum.photos/id/243/200/200');
INSERT INTO SONGS (song_id, album_id, title, duration, genre, release_date, popularity_rank, image) VALUES (734, 41, 'Song CGf5mZEQnR', 473, 'Folk', '2008-08-19', 524, 'https://picsum.photos/id/203/200/200');
INSERT INTO SONGS (song_id, album_id, title, duration, genre, release_date, popularity_rank, image) VALUES (735, 180, 'Song nUhnB5l2np', 134, 'Country', '2009-01-15', 380, 'https://picsum.photos/id/236/200/200');
INSERT INTO SONGS (song_id, album_id, title, duration, genre, release_date, popularity_rank, image) VALUES (736, 18, 'Song Ac74DR5MpZ', 351, 'Dance', '2020-05-26', 730, 'https://picsum.photos/id/287/200/200');
INSERT INTO SONGS (song_id, album_id, title, duration, genre, release_date, popularity_rank, image) VALUES (737, 160, 'Song fTrwYsVwq7', 259, 'R&B', '2008-02-05', 826, 'https://picsum.photos/id/296/200/200');
INSERT INTO SONGS (song_id, album_id, title, duration, genre, release_date, popularity_rank, image) VALUES (738, 82, 'Song TwThkuryIe', 238, 'Indie', '2012-09-28', 507, 'https://picsum.photos/id/260/200/200');
INSERT INTO SONGS (song_id, album_id, title, duration, genre, release_date, popularity_rank, image) VALUES (739, 125, 'Song siGjgzT42B', 402, 'Metal', '2008-01-15', 294, 'https://picsum.photos/id/276/200/200');
INSERT INTO SONGS (song_id, album_id, title, duration, genre, release_date, popularity_rank, image) VALUES (740, 192, 'Song hHTFKeUvCP', 155, 'Dance', '2009-02-28', 697, 'https://picsum.photos/id/241/200/200');
INSERT INTO SONGS (song_id, album_id, title, duration, genre, release_date, popularity_rank, image) VALUES (741, 158, 'Song KBTGatZSO3', 204, 'Electronic', '2012-06-25', 718, 'https://picsum.photos/id/246/200/200');
INSERT INTO SONGS (song_id, album_id, title, duration, genre, release_date, popularity_rank, image) VALUES (742, 11, 'Song bwhFxVe8Cq', 163, 'Rock', '2018-01-02', 9, 'https://picsum.photos/id/280/200/200');
INSERT INTO SONGS (song_id, album_id, title, duration, genre, release_date, popularity_rank, image) VALUES (743, 145, 'Song 0aTFnyMTcX', 407, 'Hip Hop', '2011-11-24', 660, 'https://picsum.photos/id/274/200/200');
INSERT INTO SONGS (song_id, album_id, title, duration, genre, release_date, popularity_rank, image) VALUES (744, 44, 'Song rWwPud8yjt', 364, 'Rock', '2021-11-04', 357, 'https://picsum.photos/id/250/200/200');
INSERT INTO SONGS (song_id, album_id, title, duration, genre, release_date, popularity_rank, image) VALUES (745, 200, 'Song CBAQcM791i', 444, 'Pop', '2020-05-12', 89, 'https://picsum.photos/id/284/200/200');
INSERT INTO SONGS (song_id, album_id, title, duration, genre, release_date, popularity_rank, image) VALUES (746, 147, 'Song wFBbTEBo8z', 264, 'Alternative', '2010-02-04', 966, 'https://picsum.photos/id/276/200/200');
INSERT INTO SONGS (song_id, album_id, title, duration, genre, release_date, popularity_rank, image) VALUES (747, 3, 'Song 5eOdxQa41M', 417, 'Jazz', '2021-03-02', 604, 'https://picsum.photos/id/201/200/200');
INSERT INTO SONGS (song_id, album_id, title, duration, genre, release_date, popularity_rank, image) VALUES (748, 125, 'Song 3uOLiIsyQh', 400, 'Rock', '2011-01-15', 607, 'https://picsum.photos/id/260/200/200');
INSERT INTO SONGS (song_id, album_id, title, duration, genre, release_date, popularity_rank, image) VALUES (749, 186, 'Song TmB1PLBKX1', 275, 'Jazz', '2018-08-02', 490, 'https://picsum.photos/id/280/200/200');
INSERT INTO SONGS (song_id, album_id, title, duration, genre, release_date, popularity_rank, image) VALUES (750, 198, 'Song ph4LHfQgKf', 127, 'Pop', '2021-11-27', 465, 'https://picsum.photos/id/286/200/200');
INSERT INTO SONGS (song_id, album_id, title, duration, genre, release_date, popularity_rank, image) VALUES (751, 188, 'Song ngqDrHmhIS', 237, 'Reggae', '2012-07-06', 596, 'https://picsum.photos/id/213/200/200');
INSERT INTO SONGS (song_id, album_id, title, duration, genre, release_date, popularity_rank, image) VALUES (752, 97, 'Song 2iKJF1xjD9', 411, 'Reggae', '2020-05-11', 950, 'https://picsum.photos/id/294/200/200');
INSERT INTO SONGS (song_id, album_id, title, duration, genre, release_date, popularity_rank, image) VALUES (753, 181, 'Song 9L9ES54qkc', 368, 'Folk', '2021-08-14', 557, 'https://picsum.photos/id/209/200/200');
INSERT INTO SONGS (song_id, album_id, title, duration, genre, release_date, popularity_rank, image) VALUES (754, 54, 'Song rRFLJIevUr', 423, 'Rock', '2018-03-30', 497, 'https://picsum.photos/id/249/200/200');
INSERT INTO SONGS (song_id, album_id, title, duration, genre, release_date, popularity_rank, image) VALUES (755, 9, 'Song GWpZPzpPlW', 436, 'R&B', '2008-04-19', 506, 'https://picsum.photos/id/254/200/200');
INSERT INTO SONGS (song_id, album_id, title, duration, genre, release_date, popularity_rank, image) VALUES (756, 183, 'Song 74chs4IE14', 327, 'Alternative', '2012-07-14', 568, 'https://picsum.photos/id/219/200/200');
INSERT INTO SONGS (song_id, album_id, title, duration, genre, release_date, popularity_rank, image) VALUES (757, 101, 'Song P8yFqa2GiZ', 191, 'Folk', '2012-01-08', 377, 'https://picsum.photos/id/259/200/200');
INSERT INTO SONGS (song_id, album_id, title, duration, genre, release_date, popularity_rank, image) VALUES (758, 98, 'Song YmRRN2C7Rt', 364, 'Blues', '2009-06-15', 213, 'https://picsum.photos/id/299/200/200');
INSERT INTO SONGS (song_id, album_id, title, duration, genre, release_date, popularity_rank, image) VALUES (759, 66, 'Song VwlDHL1bhb', 403, 'Folk', '2008-10-06', 646, 'https://picsum.photos/id/272/200/200');
INSERT INTO SONGS (song_id, album_id, title, duration, genre, release_date, popularity_rank, image) VALUES (760, 19, 'Song Stzie73vct', 371, 'Pop', '2022-06-19', 946, 'https://picsum.photos/id/292/200/200');
INSERT INTO SONGS (song_id, album_id, title, duration, genre, release_date, popularity_rank, image) VALUES (761, 71, 'Song BTXKsmT3go', 458, 'Rock', '2016-01-14', 753, 'https://picsum.photos/id/294/200/200');
INSERT INTO SONGS (song_id, album_id, title, duration, genre, release_date, popularity_rank, image) VALUES (762, 116, 'Song KqBsmEzLQv', 168, 'Classical', '2024-03-26', 460, 'https://picsum.photos/id/203/200/200');
INSERT INTO SONGS (song_id, album_id, title, duration, genre, release_date, popularity_rank, image) VALUES (763, 49, 'Song K7CVApypN9', 397, 'Indie', '2021-04-07', 24, 'https://picsum.photos/id/219/200/200');
INSERT INTO SONGS (song_id, album_id, title, duration, genre, release_date, popularity_rank, image) VALUES (764, 185, 'Song zQG5fXox9g', 428, 'Jazz', '2009-05-02', 955, 'https://picsum.photos/id/280/200/200');
INSERT INTO SONGS (song_id, album_id, title, duration, genre, release_date, popularity_rank, image) VALUES (765, 133, 'Song tzD4zydG4a', 389, 'Electronic', '2012-12-31', 20, 'https://picsum.photos/id/242/200/200');
INSERT INTO SONGS (song_id, album_id, title, duration, genre, release_date, popularity_rank, image) VALUES (766, 10, 'Song 3eAbWem7Sm', 274, 'Jazz', '2011-06-24', 138, 'https://picsum.photos/id/203/200/200');
INSERT INTO SONGS (song_id, album_id, title, duration, genre, release_date, popularity_rank, image) VALUES (767, 125, 'Song sNGVXYu8DJ', 261, 'Alternative', '2018-11-23', 369, 'https://picsum.photos/id/292/200/200');
INSERT INTO SONGS (song_id, album_id, title, duration, genre, release_date, popularity_rank, image) VALUES (768, 178, 'Song ymnBHAEwnm', 323, 'Reggae', '2017-01-04', 62, 'https://picsum.photos/id/259/200/200');
INSERT INTO SONGS (song_id, album_id, title, duration, genre, release_date, popularity_rank, image) VALUES (769, 59, 'Song zmkHpeqYdx', 210, 'Classical', '2011-06-01', 524, 'https://picsum.photos/id/288/200/200');
INSERT INTO SONGS (song_id, album_id, title, duration, genre, release_date, popularity_rank, image) VALUES (770, 40, 'Song YiWJBSPKR7', 370, 'Blues', '2015-06-04', 254, 'https://picsum.photos/id/253/200/200');
INSERT INTO SONGS (song_id, album_id, title, duration, genre, release_date, popularity_rank, image) VALUES (771, 99, 'Song 1uz6l29F3H', 345, 'Country', '2009-06-17', 200, 'https://picsum.photos/id/215/200/200');
INSERT INTO SONGS (song_id, album_id, title, duration, genre, release_date, popularity_rank, image) VALUES (772, 66, 'Song l3rR2BVN7L', 150, 'Dance', '2022-04-03', 509, 'https://picsum.photos/id/246/200/200');
INSERT INTO SONGS (song_id, album_id, title, duration, genre, release_date, popularity_rank, image) VALUES (773, 5, 'Song eAO3fAPQqv', 287, 'R&B', '2023-07-18', 52, 'https://picsum.photos/id/285/200/200');
INSERT INTO SONGS (song_id, album_id, title, duration, genre, release_date, popularity_rank, image) VALUES (774, 189, 'Song I3Py5AKgTt', 414, 'Classical', '2018-06-22', 911, 'https://picsum.photos/id/259/200/200');
INSERT INTO SONGS (song_id, album_id, title, duration, genre, release_date, popularity_rank, image) VALUES (775, 109, 'Song BytSWsltSk', 265, 'Rock', '2019-01-15', 295, 'https://picsum.photos/id/284/200/200');
INSERT INTO SONGS (song_id, album_id, title, duration, genre, release_date, popularity_rank, image) VALUES (776, 193, 'Song SX7jfr2Egl', 258, 'Jazz', '2022-11-17', 804, 'https://picsum.photos/id/277/200/200');
INSERT INTO SONGS (song_id, album_id, title, duration, genre, release_date, popularity_rank, image) VALUES (777, 120, 'Song x501SpCXGU', 391, 'Indie', '2018-10-18', 272, 'https://picsum.photos/id/206/200/200');
INSERT INTO SONGS (song_id, album_id, title, duration, genre, release_date, popularity_rank, image) VALUES (778, 98, 'Song LiyVIcYeGb', 390, 'Dance', '2021-05-10', 570, 'https://picsum.photos/id/240/200/200');
INSERT INTO SONGS (song_id, album_id, title, duration, genre, release_date, popularity_rank, image) VALUES (779, 109, 'Song kEx04d7rbb', 225, 'Alternative', '2012-06-14', 916, 'https://picsum.photos/id/291/200/200');
INSERT INTO SONGS (song_id, album_id, title, duration, genre, release_date, popularity_rank, image) VALUES (780, 176, 'Song xAjT01fC3F', 357, 'Pop', '2022-08-04', 189, 'https://picsum.photos/id/246/200/200');
INSERT INTO SONGS (song_id, album_id, title, duration, genre, release_date, popularity_rank, image) VALUES (781, 52, 'Song U3XR2U3Em3', 170, 'Rock', '2019-01-02', 792, 'https://picsum.photos/id/232/200/200');
INSERT INTO SONGS (song_id, album_id, title, duration, genre, release_date, popularity_rank, image) VALUES (782, 193, 'Song OzT1M7OCZW', 187, 'Indie', '2017-06-16', 997, 'https://picsum.photos/id/299/200/200');
INSERT INTO SONGS (song_id, album_id, title, duration, genre, release_date, popularity_rank, image) VALUES (783, 161, 'Song zX1m2KV1JW', 280, 'Folk', '2020-06-29', 762, 'https://picsum.photos/id/287/200/200');
INSERT INTO SONGS (song_id, album_id, title, duration, genre, release_date, popularity_rank, image) VALUES (784, 80, 'Song 3W4EWMGbDP', 327, 'Rock', '2009-02-18', 691, 'https://picsum.photos/id/277/200/200');
INSERT INTO SONGS (song_id, album_id, title, duration, genre, release_date, popularity_rank, image) VALUES (785, 33, 'Song uFBcFeQF0h', 370, 'Hip Hop', '2018-08-13', 263, 'https://picsum.photos/id/234/200/200');
INSERT INTO SONGS (song_id, album_id, title, duration, genre, release_date, popularity_rank, image) VALUES (786, 152, 'Song RQHzujO4bC', 426, 'Folk', '2008-03-14', 637, 'https://picsum.photos/id/258/200/200');
INSERT INTO SONGS (song_id, album_id, title, duration, genre, release_date, popularity_rank, image) VALUES (787, 126, 'Song WGDYq6HAuh', 169, 'Classical', '2008-07-16', 186, 'https://picsum.photos/id/202/200/200');
INSERT INTO SONGS (song_id, album_id, title, duration, genre, release_date, popularity_rank, image) VALUES (788, 99, 'Song quvbljLVvE', 214, 'Rock', '2011-08-03', 652, 'https://picsum.photos/id/263/200/200');
INSERT INTO SONGS (song_id, album_id, title, duration, genre, release_date, popularity_rank, image) VALUES (789, 77, 'Song 4KkGOe85e8', 315, 'Reggae', '2017-04-20', 486, 'https://picsum.photos/id/228/200/200');
INSERT INTO SONGS (song_id, album_id, title, duration, genre, release_date, popularity_rank, image) VALUES (790, 181, 'Song wyYDphlg1Q', 372, 'Dance', '2009-08-06', 815, 'https://picsum.photos/id/278/200/200');
INSERT INTO SONGS (song_id, album_id, title, duration, genre, release_date, popularity_rank, image) VALUES (791, 197, 'Song 2xMmXD6O6t', 326, 'Hip Hop', '2008-05-20', 236, 'https://picsum.photos/id/262/200/200');
INSERT INTO SONGS (song_id, album_id, title, duration, genre, release_date, popularity_rank, image) VALUES (792, 134, 'Song 40bOqnFLTb', 426, 'Classical', '2019-01-06', 699, 'https://picsum.photos/id/230/200/200');
INSERT INTO SONGS (song_id, album_id, title, duration, genre, release_date, popularity_rank, image) VALUES (793, 78, 'Song yTcmjAdclo', 228, 'Indie', '2012-01-23', 307, 'https://picsum.photos/id/272/200/200');
INSERT INTO SONGS (song_id, album_id, title, duration, genre, release_date, popularity_rank, image) VALUES (794, 16, 'Song ePzV3JC5Ue', 184, 'Indie', '2015-09-14', 896, 'https://picsum.photos/id/220/200/200');
INSERT INTO SONGS (song_id, album_id, title, duration, genre, release_date, popularity_rank, image) VALUES (795, 120, 'Song y5QIGFwOo2', 290, 'Country', '2022-09-21', 562, 'https://picsum.photos/id/261/200/200');
INSERT INTO SONGS (song_id, album_id, title, duration, genre, release_date, popularity_rank, image) VALUES (796, 116, 'Song 893pIPg2Rn', 260, 'Pop', '2020-08-09', 653, 'https://picsum.photos/id/269/200/200');
INSERT INTO SONGS (song_id, album_id, title, duration, genre, release_date, popularity_rank, image) VALUES (797, 168, 'Song JDtbXqiSYr', 322, 'Jazz', '2012-12-22', 14, 'https://picsum.photos/id/234/200/200');
INSERT INTO SONGS (song_id, album_id, title, duration, genre, release_date, popularity_rank, image) VALUES (798, 122, 'Song yqBCBhrPam', 254, 'Classical', '2011-07-01', 994, 'https://picsum.photos/id/225/200/200');
INSERT INTO SONGS (song_id, album_id, title, duration, genre, release_date, popularity_rank, image) VALUES (799, 150, 'Song BMPh8oEntI', 419, 'Electronic', '2017-09-10', 363, 'https://picsum.photos/id/275/200/200');
INSERT INTO SONGS (song_id, album_id, title, duration, genre, release_date, popularity_rank, image) VALUES (800, 192, 'Song 3tZymEmFmR', 305, 'Dance', '2015-07-30', 943, 'https://picsum.photos/id/272/200/200');
INSERT INTO SONGS (song_id, album_id, title, duration, genre, release_date, popularity_rank, image) VALUES (801, 119, 'Song rP3HGIEWRz', 310, 'Metal', '2012-01-05', 48, 'https://picsum.photos/id/207/200/200');
INSERT INTO SONGS (song_id, album_id, title, duration, genre, release_date, popularity_rank, image) VALUES (802, 177, 'Song VSlP7ti2in', 230, 'Reggae', '2011-02-09', 270, 'https://picsum.photos/id/210/200/200');
INSERT INTO SONGS (song_id, album_id, title, duration, genre, release_date, popularity_rank, image) VALUES (803, 123, 'Song mWc03SQAa1', 224, 'Reggae', '2014-03-28', 560, 'https://picsum.photos/id/224/200/200');
INSERT INTO SONGS (song_id, album_id, title, duration, genre, release_date, popularity_rank, image) VALUES (804, 36, 'Song PujDEsOcAL', 275, 'R&B', '2009-06-05', 165, 'https://picsum.photos/id/282/200/200');
INSERT INTO SONGS (song_id, album_id, title, duration, genre, release_date, popularity_rank, image) VALUES (805, 163, 'Song Fmy9Q1XOqT', 144, 'Rock', '2012-06-28', 509, 'https://picsum.photos/id/223/200/200');
INSERT INTO SONGS (song_id, album_id, title, duration, genre, release_date, popularity_rank, image) VALUES (806, 169, 'Song t5Pv3iHqGC', 187, 'R&B', '2010-11-12', 988, 'https://picsum.photos/id/232/200/200');
INSERT INTO SONGS (song_id, album_id, title, duration, genre, release_date, popularity_rank, image) VALUES (807, 164, 'Song s6csZVAIpZ', 226, 'Alternative', '2019-06-04', 83, 'https://picsum.photos/id/205/200/200');
INSERT INTO SONGS (song_id, album_id, title, duration, genre, release_date, popularity_rank, image) VALUES (808, 161, 'Song jnxDB369Ux', 285, 'Rock', '2013-08-02', 417, 'https://picsum.photos/id/244/200/200');
INSERT INTO SONGS (song_id, album_id, title, duration, genre, release_date, popularity_rank, image) VALUES (809, 45, 'Song AO8IT3z8iV', 435, 'Rock', '2018-11-10', 304, 'https://picsum.photos/id/274/200/200');
INSERT INTO SONGS (song_id, album_id, title, duration, genre, release_date, popularity_rank, image) VALUES (810, 39, 'Song U6Nj2UgOJG', 430, 'Folk', '2019-10-25', 287, 'https://picsum.photos/id/207/200/200');
INSERT INTO SONGS (song_id, album_id, title, duration, genre, release_date, popularity_rank, image) VALUES (811, 82, 'Song 9SRRGxkGh9', 403, 'Dance', '2008-11-05', 623, 'https://picsum.photos/id/289/200/200');
INSERT INTO SONGS (song_id, album_id, title, duration, genre, release_date, popularity_rank, image) VALUES (812, 182, 'Song j0dk1a1XZ0', 192, 'Folk', '2020-10-17', 429, 'https://picsum.photos/id/291/200/200');
INSERT INTO SONGS (song_id, album_id, title, duration, genre, release_date, popularity_rank, image) VALUES (813, 125, 'Song KiiBKAjCOq', 286, 'Blues', '2016-11-26', 973, 'https://picsum.photos/id/257/200/200');
INSERT INTO SONGS (song_id, album_id, title, duration, genre, release_date, popularity_rank, image) VALUES (814, 117, 'Song lC6nZfCBww', 444, 'Metal', '2010-07-31', 791, 'https://picsum.photos/id/225/200/200');
INSERT INTO SONGS (song_id, album_id, title, duration, genre, release_date, popularity_rank, image) VALUES (815, 36, 'Song pwowcdMZ1V', 318, 'Hip Hop', '2019-10-11', 833, 'https://picsum.photos/id/282/200/200');
INSERT INTO SONGS (song_id, album_id, title, duration, genre, release_date, popularity_rank, image) VALUES (816, 183, 'Song 1GGioze13Z', 404, 'Alternative', '2010-09-22', 746, 'https://picsum.photos/id/216/200/200');
INSERT INTO SONGS (song_id, album_id, title, duration, genre, release_date, popularity_rank, image) VALUES (817, 17, 'Song Qz1LGhgKii', 129, 'Pop', '2011-09-30', 457, 'https://picsum.photos/id/255/200/200');
INSERT INTO SONGS (song_id, album_id, title, duration, genre, release_date, popularity_rank, image) VALUES (818, 154, 'Song 7BrKe1kuMF', 340, 'Country', '2008-10-28', 628, 'https://picsum.photos/id/254/200/200');
INSERT INTO SONGS (song_id, album_id, title, duration, genre, release_date, popularity_rank, image) VALUES (819, 8, 'Song kxiwvMSf4C', 158, 'Folk', '2010-11-16', 604, 'https://picsum.photos/id/275/200/200');
INSERT INTO SONGS (song_id, album_id, title, duration, genre, release_date, popularity_rank, image) VALUES (820, 98, 'Song cnOpwja2ak', 176, 'Electronic', '2018-10-08', 452, 'https://picsum.photos/id/270/200/200');
INSERT INTO SONGS (song_id, album_id, title, duration, genre, release_date, popularity_rank, image) VALUES (821, 70, 'Song orKZk3wd8y', 452, 'Indie', '2018-09-29', 323, 'https://picsum.photos/id/298/200/200');
INSERT INTO SONGS (song_id, album_id, title, duration, genre, release_date, popularity_rank, image) VALUES (822, 126, 'Song rbqE1foQdv', 249, 'Classical', '2021-08-18', 949, 'https://picsum.photos/id/260/200/200');
INSERT INTO SONGS (song_id, album_id, title, duration, genre, release_date, popularity_rank, image) VALUES (823, 174, 'Song CCeqaumjBh', 186, 'Folk', '2018-02-22', 53, 'https://picsum.photos/id/275/200/200');
INSERT INTO SONGS (song_id, album_id, title, duration, genre, release_date, popularity_rank, image) VALUES (824, 165, 'Song cgAhmNuzFl', 238, 'Metal', '2008-03-05', 797, 'https://picsum.photos/id/291/200/200');
INSERT INTO SONGS (song_id, album_id, title, duration, genre, release_date, popularity_rank, image) VALUES (825, 192, 'Song taAce69sez', 326, 'Electronic', '2008-12-29', 409, 'https://picsum.photos/id/285/200/200');
INSERT INTO SONGS (song_id, album_id, title, duration, genre, release_date, popularity_rank, image) VALUES (826, 81, 'Song qhyKMcdXHI', 155, 'Pop', '2023-06-26', 111, 'https://picsum.photos/id/218/200/200');
INSERT INTO SONGS (song_id, album_id, title, duration, genre, release_date, popularity_rank, image) VALUES (827, 93, 'Song dz5UlauKRn', 196, 'Indie', '2012-04-17', 663, 'https://picsum.photos/id/261/200/200');
INSERT INTO SONGS (song_id, album_id, title, duration, genre, release_date, popularity_rank, image) VALUES (828, 82, 'Song u5dyJDHDBi', 365, 'Folk', '2011-08-29', 883, 'https://picsum.photos/id/270/200/200');
INSERT INTO SONGS (song_id, album_id, title, duration, genre, release_date, popularity_rank, image) VALUES (829, 5, 'Song CkkLxBoW8Z', 241, 'Metal', '2018-08-20', 56, 'https://picsum.photos/id/222/200/200');
INSERT INTO SONGS (song_id, album_id, title, duration, genre, release_date, popularity_rank, image) VALUES (830, 137, 'Song oYkz7uyvDw', 331, 'R&B', '2023-06-22', 334, 'https://picsum.photos/id/243/200/200');
INSERT INTO SONGS (song_id, album_id, title, duration, genre, release_date, popularity_rank, image) VALUES (831, 118, 'Song nBvlZfIuhk', 382, 'Reggae', '2020-10-16', 68, 'https://picsum.photos/id/227/200/200');
INSERT INTO SONGS (song_id, album_id, title, duration, genre, release_date, popularity_rank, image) VALUES (832, 7, 'Song fcdFIuIMfe', 283, 'Alternative', '2009-04-17', 109, 'https://picsum.photos/id/285/200/200');
INSERT INTO SONGS (song_id, album_id, title, duration, genre, release_date, popularity_rank, image) VALUES (833, 195, 'Song Lkc37sG1Iv', 294, 'Classical', '2008-12-24', 440, 'https://picsum.photos/id/216/200/200');
INSERT INTO SONGS (song_id, album_id, title, duration, genre, release_date, popularity_rank, image) VALUES (834, 30, 'Song ytP82zgABg', 166, 'Country', '2021-07-10', 288, 'https://picsum.photos/id/210/200/200');
INSERT INTO SONGS (song_id, album_id, title, duration, genre, release_date, popularity_rank, image) VALUES (835, 37, 'Song tueetfFzrZ', 179, 'Electronic', '2015-10-31', 353, 'https://picsum.photos/id/210/200/200');
INSERT INTO SONGS (song_id, album_id, title, duration, genre, release_date, popularity_rank, image) VALUES (836, 112, 'Song 8bV9Bgteop', 199, 'Dance', '2022-11-10', 914, 'https://picsum.photos/id/282/200/200');
INSERT INTO SONGS (song_id, album_id, title, duration, genre, release_date, popularity_rank, image) VALUES (837, 138, 'Song SUmaWv7lBE', 292, 'Reggae', '2018-10-20', 293, 'https://picsum.photos/id/229/200/200');
INSERT INTO SONGS (song_id, album_id, title, duration, genre, release_date, popularity_rank, image) VALUES (838, 143, 'Song t2VMqSVyon', 413, 'Alternative', '2014-02-23', 907, 'https://picsum.photos/id/284/200/200');
INSERT INTO SONGS (song_id, album_id, title, duration, genre, release_date, popularity_rank, image) VALUES (839, 84, 'Song eTQPElgZCd', 363, 'Electronic', '2015-12-23', 485, 'https://picsum.photos/id/285/200/200');
INSERT INTO SONGS (song_id, album_id, title, duration, genre, release_date, popularity_rank, image) VALUES (840, 139, 'Song mgJMTUYRSM', 210, 'Country', '2018-03-16', 780, 'https://picsum.photos/id/280/200/200');
INSERT INTO SONGS (song_id, album_id, title, duration, genre, release_date, popularity_rank, image) VALUES (841, 159, 'Song SARK5JAVRy', 311, 'Electronic', '2018-02-20', 176, 'https://picsum.photos/id/256/200/200');
INSERT INTO SONGS (song_id, album_id, title, duration, genre, release_date, popularity_rank, image) VALUES (842, 8, 'Song keL7NO0KjH', 458, 'Hip Hop', '2013-08-04', 162, 'https://picsum.photos/id/291/200/200');
INSERT INTO SONGS (song_id, album_id, title, duration, genre, release_date, popularity_rank, image) VALUES (843, 152, 'Song oYuokSDh09', 476, 'R&B', '2015-04-07', 521, 'https://picsum.photos/id/201/200/200');
INSERT INTO SONGS (song_id, album_id, title, duration, genre, release_date, popularity_rank, image) VALUES (844, 71, 'Song vIHSFrFoPp', 383, 'Electronic', '2017-02-06', 560, 'https://picsum.photos/id/296/200/200');
INSERT INTO SONGS (song_id, album_id, title, duration, genre, release_date, popularity_rank, image) VALUES (845, 105, 'Song 3zPr7Noo4O', 126, 'Electronic', '2017-11-12', 148, 'https://picsum.photos/id/261/200/200');
INSERT INTO SONGS (song_id, album_id, title, duration, genre, release_date, popularity_rank, image) VALUES (846, 164, 'Song 8qSip5mCBe', 142, 'Classical', '2009-12-11', 689, 'https://picsum.photos/id/299/200/200');
INSERT INTO SONGS (song_id, album_id, title, duration, genre, release_date, popularity_rank, image) VALUES (847, 113, 'Song dl1RMWEKoY', 430, 'Blues', '2016-09-24', 575, 'https://picsum.photos/id/216/200/200');
INSERT INTO SONGS (song_id, album_id, title, duration, genre, release_date, popularity_rank, image) VALUES (848, 159, 'Song A1owlydOdN', 259, 'Reggae', '2008-01-08', 247, 'https://picsum.photos/id/241/200/200');
INSERT INTO SONGS (song_id, album_id, title, duration, genre, release_date, popularity_rank, image) VALUES (849, 134, 'Song 7gSZNn5RCQ', 149, 'Indie', '2010-11-03', 883, 'https://picsum.photos/id/237/200/200');
INSERT INTO SONGS (song_id, album_id, title, duration, genre, release_date, popularity_rank, image) VALUES (850, 91, 'Song qIegcf3p6p', 177, 'Dance', '2017-04-09', 34, 'https://picsum.photos/id/259/200/200');
INSERT INTO SONGS (song_id, album_id, title, duration, genre, release_date, popularity_rank, image) VALUES (851, 117, 'Song xqGpzmhi0h', 364, 'Alternative', '2017-09-21', 851, 'https://picsum.photos/id/270/200/200');
INSERT INTO SONGS (song_id, album_id, title, duration, genre, release_date, popularity_rank, image) VALUES (852, 52, 'Song dNRkNufJbF', 139, 'R&B', '2017-02-15', 36, 'https://picsum.photos/id/278/200/200');
INSERT INTO SONGS (song_id, album_id, title, duration, genre, release_date, popularity_rank, image) VALUES (853, 70, 'Song f2yugRaDJ9', 470, 'Metal', '2016-12-16', 860, 'https://picsum.photos/id/209/200/200');
INSERT INTO SONGS (song_id, album_id, title, duration, genre, release_date, popularity_rank, image) VALUES (854, 145, 'Song FFpMVeleb6', 324, 'Indie', '2019-12-19', 615, 'https://picsum.photos/id/240/200/200');
INSERT INTO SONGS (song_id, album_id, title, duration, genre, release_date, popularity_rank, image) VALUES (855, 191, 'Song CfonVyZuGX', 386, 'Alternative', '2017-09-28', 188, 'https://picsum.photos/id/255/200/200');
INSERT INTO SONGS (song_id, album_id, title, duration, genre, release_date, popularity_rank, image) VALUES (856, 103, 'Song G3jQ07JmIJ', 280, 'Dance', '2018-04-15', 810, 'https://picsum.photos/id/272/200/200');
INSERT INTO SONGS (song_id, album_id, title, duration, genre, release_date, popularity_rank, image) VALUES (857, 155, 'Song 6CF31t3Hni', 429, 'Alternative', '2023-12-24', 672, 'https://picsum.photos/id/242/200/200');
INSERT INTO SONGS (song_id, album_id, title, duration, genre, release_date, popularity_rank, image) VALUES (858, 163, 'Song SCQjKNWSWG', 174, 'Indie', '2019-09-07', 352, 'https://picsum.photos/id/221/200/200');
INSERT INTO SONGS (song_id, album_id, title, duration, genre, release_date, popularity_rank, image) VALUES (859, 164, 'Song YtvhNSLHRa', 360, 'Classical', '2008-08-21', 493, 'https://picsum.photos/id/234/200/200');
INSERT INTO SONGS (song_id, album_id, title, duration, genre, release_date, popularity_rank, image) VALUES (860, 74, 'Song NOmzc7CFyf', 330, 'Classical', '2014-09-19', 493, 'https://picsum.photos/id/253/200/200');
INSERT INTO SONGS (song_id, album_id, title, duration, genre, release_date, popularity_rank, image) VALUES (861, 101, 'Song w8g6JLr4pC', 150, 'Dance', '2017-01-21', 93, 'https://picsum.photos/id/287/200/200');
INSERT INTO SONGS (song_id, album_id, title, duration, genre, release_date, popularity_rank, image) VALUES (862, 169, 'Song QhBNd0Op03', 476, 'Rock', '2008-06-13', 384, 'https://picsum.photos/id/231/200/200');
INSERT INTO SONGS (song_id, album_id, title, duration, genre, release_date, popularity_rank, image) VALUES (863, 185, 'Song JiR5puSR3G', 399, 'R&B', '2015-01-18', 659, 'https://picsum.photos/id/265/200/200');
INSERT INTO SONGS (song_id, album_id, title, duration, genre, release_date, popularity_rank, image) VALUES (864, 192, 'Song 2kVwTXy2lw', 386, 'Reggae', '2023-02-13', 966, 'https://picsum.photos/id/272/200/200');
INSERT INTO SONGS (song_id, album_id, title, duration, genre, release_date, popularity_rank, image) VALUES (865, 185, 'Song 3UwcuT53Ux', 472, 'Electronic', '2015-10-17', 967, 'https://picsum.photos/id/243/200/200');
INSERT INTO SONGS (song_id, album_id, title, duration, genre, release_date, popularity_rank, image) VALUES (866, 16, 'Song TeJ6J9PVlv', 148, 'Jazz', '2015-10-27', 941, 'https://picsum.photos/id/211/200/200');
INSERT INTO SONGS (song_id, album_id, title, duration, genre, release_date, popularity_rank, image) VALUES (867, 25, 'Song D1KbTNyIwq', 264, 'Metal', '2022-09-02', 916, 'https://picsum.photos/id/283/200/200');
INSERT INTO SONGS (song_id, album_id, title, duration, genre, release_date, popularity_rank, image) VALUES (868, 2, 'Song yVLDwwc775', 459, 'Blues', '2009-10-03', 761, 'https://picsum.photos/id/233/200/200');
INSERT INTO SONGS (song_id, album_id, title, duration, genre, release_date, popularity_rank, image) VALUES (869, 102, 'Song 3AAupnHUGy', 294, 'Blues', '2023-10-01', 809, 'https://picsum.photos/id/238/200/200');
INSERT INTO SONGS (song_id, album_id, title, duration, genre, release_date, popularity_rank, image) VALUES (870, 30, 'Song 8dB83WFbnT', 364, 'Jazz', '2020-09-02', 396, 'https://picsum.photos/id/265/200/200');
INSERT INTO SONGS (song_id, album_id, title, duration, genre, release_date, popularity_rank, image) VALUES (871, 7, 'Song SENFWsqgQW', 403, 'Blues', '2022-11-29', 699, 'https://picsum.photos/id/206/200/200');
INSERT INTO SONGS (song_id, album_id, title, duration, genre, release_date, popularity_rank, image) VALUES (872, 139, 'Song SCjgj73B7D', 444, 'Indie', '2015-12-25', 198, 'https://picsum.photos/id/233/200/200');
INSERT INTO SONGS (song_id, album_id, title, duration, genre, release_date, popularity_rank, image) VALUES (873, 64, 'Song ebrFj2DPYo', 288, 'R&B', '2008-02-22', 738, 'https://picsum.photos/id/276/200/200');
INSERT INTO SONGS (song_id, album_id, title, duration, genre, release_date, popularity_rank, image) VALUES (874, 52, 'Song 5qxW3eh9is', 356, 'Indie', '2013-11-09', 912, 'https://picsum.photos/id/294/200/200');
INSERT INTO SONGS (song_id, album_id, title, duration, genre, release_date, popularity_rank, image) VALUES (875, 127, 'Song i5W1J8ZiD4', 147, 'Rock', '2022-02-22', 505, 'https://picsum.photos/id/270/200/200');
INSERT INTO SONGS (song_id, album_id, title, duration, genre, release_date, popularity_rank, image) VALUES (876, 4, 'Song qooRcoeiac', 163, 'Electronic', '2012-04-07', 277, 'https://picsum.photos/id/297/200/200');
INSERT INTO SONGS (song_id, album_id, title, duration, genre, release_date, popularity_rank, image) VALUES (877, 13, 'Song FhGHaDQeFE', 215, 'Jazz', '2018-10-25', 736, 'https://picsum.photos/id/276/200/200');
INSERT INTO SONGS (song_id, album_id, title, duration, genre, release_date, popularity_rank, image) VALUES (878, 54, 'Song b0UFe4LzjZ', 479, 'Alternative', '2015-09-04', 841, 'https://picsum.photos/id/254/200/200');
INSERT INTO SONGS (song_id, album_id, title, duration, genre, release_date, popularity_rank, image) VALUES (879, 193, 'Song kvfQ5tCQZ9', 430, 'Pop', '2021-03-06', 983, 'https://picsum.photos/id/214/200/200');
INSERT INTO SONGS (song_id, album_id, title, duration, genre, release_date, popularity_rank, image) VALUES (880, 48, 'Song G26B7i5n2N', 438, 'Indie', '2018-02-17', 631, 'https://picsum.photos/id/282/200/200');
INSERT INTO SONGS (song_id, album_id, title, duration, genre, release_date, popularity_rank, image) VALUES (881, 18, 'Song AFNt6x0rrN', 403, 'Folk', '2014-05-09', 668, 'https://picsum.photos/id/202/200/200');
INSERT INTO SONGS (song_id, album_id, title, duration, genre, release_date, popularity_rank, image) VALUES (882, 12, 'Song dnIytlwUsc', 162, 'Pop', '2016-09-09', 35, 'https://picsum.photos/id/289/200/200');
INSERT INTO SONGS (song_id, album_id, title, duration, genre, release_date, popularity_rank, image) VALUES (883, 187, 'Song jhAbbDEAAt', 297, 'Hip Hop', '2022-01-31', 709, 'https://picsum.photos/id/282/200/200');
INSERT INTO SONGS (song_id, album_id, title, duration, genre, release_date, popularity_rank, image) VALUES (884, 40, 'Song 835d3yD1kA', 195, 'Rock', '2009-04-14', 352, 'https://picsum.photos/id/254/200/200');
INSERT INTO SONGS (song_id, album_id, title, duration, genre, release_date, popularity_rank, image) VALUES (885, 62, 'Song AMqVdqYDP0', 311, 'Blues', '2009-07-11', 607, 'https://picsum.photos/id/268/200/200');
INSERT INTO SONGS (song_id, album_id, title, duration, genre, release_date, popularity_rank, image) VALUES (886, 58, 'Song eCWu4hoDrs', 135, 'Folk', '2016-02-08', 800, 'https://picsum.photos/id/295/200/200');
INSERT INTO SONGS (song_id, album_id, title, duration, genre, release_date, popularity_rank, image) VALUES (887, 112, 'Song A3LBfzl2bY', 324, 'Blues', '2020-04-09', 584, 'https://picsum.photos/id/273/200/200');
INSERT INTO SONGS (song_id, album_id, title, duration, genre, release_date, popularity_rank, image) VALUES (888, 87, 'Song EzdBiUrDZ8', 454, 'Folk', '2019-11-01', 750, 'https://picsum.photos/id/237/200/200');
INSERT INTO SONGS (song_id, album_id, title, duration, genre, release_date, popularity_rank, image) VALUES (889, 107, 'Song ODjQ52NfYt', 264, 'Reggae', '2013-01-30', 334, 'https://picsum.photos/id/231/200/200');
INSERT INTO SONGS (song_id, album_id, title, duration, genre, release_date, popularity_rank, image) VALUES (890, 50, 'Song S2unQBEsMI', 157, 'Reggae', '2016-10-15', 379, 'https://picsum.photos/id/244/200/200');
INSERT INTO SONGS (song_id, album_id, title, duration, genre, release_date, popularity_rank, image) VALUES (891, 192, 'Song lMuhYFeeau', 159, 'Metal', '2017-03-29', 398, 'https://picsum.photos/id/243/200/200');
INSERT INTO SONGS (song_id, album_id, title, duration, genre, release_date, popularity_rank, image) VALUES (892, 121, 'Song XJ7LziJT4b', 406, 'Indie', '2016-10-06', 280, 'https://picsum.photos/id/215/200/200');
INSERT INTO SONGS (song_id, album_id, title, duration, genre, release_date, popularity_rank, image) VALUES (893, 35, 'Song LwMCkkzYR0', 398, 'Blues', '2018-12-04', 46, 'https://picsum.photos/id/279/200/200');
INSERT INTO SONGS (song_id, album_id, title, duration, genre, release_date, popularity_rank, image) VALUES (894, 128, 'Song ZHSZovoNKq', 281, 'R&B', '2011-06-14', 477, 'https://picsum.photos/id/228/200/200');
INSERT INTO SONGS (song_id, album_id, title, duration, genre, release_date, popularity_rank, image) VALUES (895, 183, 'Song 9FK4sIFZ2r', 152, 'Blues', '2023-08-28', 762, 'https://picsum.photos/id/218/200/200');
INSERT INTO SONGS (song_id, album_id, title, duration, genre, release_date, popularity_rank, image) VALUES (896, 73, 'Song h0hEOVIw08', 442, 'Reggae', '2023-10-13', 587, 'https://picsum.photos/id/267/200/200');
INSERT INTO SONGS (song_id, album_id, title, duration, genre, release_date, popularity_rank, image) VALUES (897, 35, 'Song ldd6cjrojZ', 436, 'Pop', '2009-07-19', 752, 'https://picsum.photos/id/202/200/200');
INSERT INTO SONGS (song_id, album_id, title, duration, genre, release_date, popularity_rank, image) VALUES (898, 182, 'Song hzqt5jJiZI', 350, 'Pop', '2020-05-08', 169, 'https://picsum.photos/id/223/200/200');
INSERT INTO SONGS (song_id, album_id, title, duration, genre, release_date, popularity_rank, image) VALUES (899, 70, 'Song nrkYM2xZeQ', 408, 'Alternative', '2013-05-21', 525, 'https://picsum.photos/id/273/200/200');
INSERT INTO SONGS (song_id, album_id, title, duration, genre, release_date, popularity_rank, image) VALUES (900, 111, 'Song TRTWHnydte', 247, 'Metal', '2020-08-07', 448, 'https://picsum.photos/id/213/200/200');
INSERT INTO SONGS (song_id, album_id, title, duration, genre, release_date, popularity_rank, image) VALUES (901, 120, 'Song OpNb4mLci7', 340, 'Folk', '2015-05-29', 811, 'https://picsum.photos/id/210/200/200');
INSERT INTO SONGS (song_id, album_id, title, duration, genre, release_date, popularity_rank, image) VALUES (902, 64, 'Song gn4AnfuS5M', 184, 'Indie', '2009-04-25', 908, 'https://picsum.photos/id/212/200/200');
INSERT INTO SONGS (song_id, album_id, title, duration, genre, release_date, popularity_rank, image) VALUES (903, 103, 'Song 7ju5ImOByZ', 280, 'Country', '2010-06-30', 372, 'https://picsum.photos/id/274/200/200');
INSERT INTO SONGS (song_id, album_id, title, duration, genre, release_date, popularity_rank, image) VALUES (904, 49, 'Song huMC5FtPyy', 272, 'Rock', '2020-01-18', 273, 'https://picsum.photos/id/258/200/200');
INSERT INTO SONGS (song_id, album_id, title, duration, genre, release_date, popularity_rank, image) VALUES (905, 121, 'Song wYzFTJm3J1', 434, 'Country', '2013-06-07', 845, 'https://picsum.photos/id/221/200/200');
INSERT INTO SONGS (song_id, album_id, title, duration, genre, release_date, popularity_rank, image) VALUES (906, 118, 'Song V96JyPSF29', 147, 'Country', '2017-06-12', 880, 'https://picsum.photos/id/258/200/200');
INSERT INTO SONGS (song_id, album_id, title, duration, genre, release_date, popularity_rank, image) VALUES (907, 119, 'Song iMABi5rqU8', 205, 'Country', '2018-05-12', 544, 'https://picsum.photos/id/254/200/200');
INSERT INTO SONGS (song_id, album_id, title, duration, genre, release_date, popularity_rank, image) VALUES (908, 193, 'Song SSi2Y12k3u', 164, 'Country', '2020-08-29', 512, 'https://picsum.photos/id/248/200/200');
INSERT INTO SONGS (song_id, album_id, title, duration, genre, release_date, popularity_rank, image) VALUES (909, 152, 'Song IB5siDATUn', 350, 'Classical', '2010-03-17', 834, 'https://picsum.photos/id/227/200/200');
INSERT INTO SONGS (song_id, album_id, title, duration, genre, release_date, popularity_rank, image) VALUES (910, 100, 'Song 8cjUR2vs9x', 160, 'R&B', '2008-05-24', 338, 'https://picsum.photos/id/273/200/200');
INSERT INTO SONGS (song_id, album_id, title, duration, genre, release_date, popularity_rank, image) VALUES (911, 148, 'Song kINpmp5YQE', 311, 'Classical', '2019-01-03', 395, 'https://picsum.photos/id/230/200/200');
INSERT INTO SONGS (song_id, album_id, title, duration, genre, release_date, popularity_rank, image) VALUES (912, 50, 'Song T8DeTAsU9L', 413, 'Rock', '2015-08-28', 212, 'https://picsum.photos/id/290/200/200');
INSERT INTO SONGS (song_id, album_id, title, duration, genre, release_date, popularity_rank, image) VALUES (913, 163, 'Song GihcQg3RHw', 416, 'Classical', '2014-04-20', 850, 'https://picsum.photos/id/223/200/200');
INSERT INTO SONGS (song_id, album_id, title, duration, genre, release_date, popularity_rank, image) VALUES (914, 14, 'Song ivJyIMS7QZ', 319, 'Dance', '2020-09-05', 556, 'https://picsum.photos/id/272/200/200');
INSERT INTO SONGS (song_id, album_id, title, duration, genre, release_date, popularity_rank, image) VALUES (915, 145, 'Song nLQYs5qBFq', 477, 'Alternative', '2020-02-20', 761, 'https://picsum.photos/id/298/200/200');
INSERT INTO SONGS (song_id, album_id, title, duration, genre, release_date, popularity_rank, image) VALUES (916, 63, 'Song nY34dRZkoy', 367, 'Jazz', '2013-05-25', 918, 'https://picsum.photos/id/206/200/200');
INSERT INTO SONGS (song_id, album_id, title, duration, genre, release_date, popularity_rank, image) VALUES (917, 153, 'Song Op7DVgdGla', 174, 'Indie', '2017-02-23', 265, 'https://picsum.photos/id/216/200/200');
INSERT INTO SONGS (song_id, album_id, title, duration, genre, release_date, popularity_rank, image) VALUES (918, 10, 'Song Bl5bpZ1dN7', 296, 'Classical', '2023-06-02', 976, 'https://picsum.photos/id/300/200/200');
INSERT INTO SONGS (song_id, album_id, title, duration, genre, release_date, popularity_rank, image) VALUES (919, 149, 'Song bWn3EyP1bB', 466, 'Country', '2012-05-22', 273, 'https://picsum.photos/id/238/200/200');
INSERT INTO SONGS (song_id, album_id, title, duration, genre, release_date, popularity_rank, image) VALUES (920, 22, 'Song By9xwS0BWs', 339, 'Rock', '2011-09-22', 639, 'https://picsum.photos/id/270/200/200');
INSERT INTO SONGS (song_id, album_id, title, duration, genre, release_date, popularity_rank, image) VALUES (921, 187, 'Song R7WFWMWmSw', 391, 'Classical', '2015-05-08', 37, 'https://picsum.photos/id/279/200/200');
INSERT INTO SONGS (song_id, album_id, title, duration, genre, release_date, popularity_rank, image) VALUES (922, 16, 'Song Ddd4iOUdQi', 365, 'Electronic', '2009-09-03', 142, 'https://picsum.photos/id/226/200/200');
INSERT INTO SONGS (song_id, album_id, title, duration, genre, release_date, popularity_rank, image) VALUES (923, 59, 'Song 6NRciN9pKc', 179, 'Folk', '2008-11-25', 803, 'https://picsum.photos/id/263/200/200');
INSERT INTO SONGS (song_id, album_id, title, duration, genre, release_date, popularity_rank, image) VALUES (924, 20, 'Song DA5HA26AiJ', 377, 'Dance', '2021-08-28', 878, 'https://picsum.photos/id/260/200/200');
INSERT INTO SONGS (song_id, album_id, title, duration, genre, release_date, popularity_rank, image) VALUES (925, 40, 'Song IA7bPScc0v', 473, 'Country', '2013-01-24', 232, 'https://picsum.photos/id/238/200/200');
INSERT INTO SONGS (song_id, album_id, title, duration, genre, release_date, popularity_rank, image) VALUES (926, 67, 'Song zA2HiwHdd8', 312, 'Electronic', '2010-12-23', 76, 'https://picsum.photos/id/256/200/200');
INSERT INTO SONGS (song_id, album_id, title, duration, genre, release_date, popularity_rank, image) VALUES (927, 55, 'Song gYGqpw0qiQ', 184, 'Hip Hop', '2023-10-19', 315, 'https://picsum.photos/id/269/200/200');
INSERT INTO SONGS (song_id, album_id, title, duration, genre, release_date, popularity_rank, image) VALUES (928, 127, 'Song dnNN7Q839j', 466, 'Classical', '2012-01-06', 577, 'https://picsum.photos/id/211/200/200');
INSERT INTO SONGS (song_id, album_id, title, duration, genre, release_date, popularity_rank, image) VALUES (929, 169, 'Song 00Ik1HUFqV', 182, 'Reggae', '2018-05-09', 229, 'https://picsum.photos/id/272/200/200');
INSERT INTO SONGS (song_id, album_id, title, duration, genre, release_date, popularity_rank, image) VALUES (930, 51, 'Song 0TaWoCGWbf', 277, 'R&B', '2010-01-07', 856, 'https://picsum.photos/id/288/200/200');
INSERT INTO SONGS (song_id, album_id, title, duration, genre, release_date, popularity_rank, image) VALUES (931, 6, 'Song 5GVNC8topm', 423, 'Classical', '2021-04-22', 985, 'https://picsum.photos/id/285/200/200');
INSERT INTO SONGS (song_id, album_id, title, duration, genre, release_date, popularity_rank, image) VALUES (932, 2, 'Song RKIV05G5S3', 470, 'Dance', '2024-01-09', 286, 'https://picsum.photos/id/207/200/200');
INSERT INTO SONGS (song_id, album_id, title, duration, genre, release_date, popularity_rank, image) VALUES (933, 162, 'Song CZeIGS6D2R', 263, 'Pop', '2020-10-19', 926, 'https://picsum.photos/id/238/200/200');
INSERT INTO SONGS (song_id, album_id, title, duration, genre, release_date, popularity_rank, image) VALUES (934, 42, 'Song DseLRbeZ5A', 379, 'Classical', '2018-03-05', 409, 'https://picsum.photos/id/275/200/200');
INSERT INTO SONGS (song_id, album_id, title, duration, genre, release_date, popularity_rank, image) VALUES (935, 97, 'Song LCqRz0Bu3V', 362, 'Jazz', '2014-09-07', 395, 'https://picsum.photos/id/280/200/200');
INSERT INTO SONGS (song_id, album_id, title, duration, genre, release_date, popularity_rank, image) VALUES (936, 107, 'Song JL9Glovz2o', 447, 'Metal', '2022-02-18', 697, 'https://picsum.photos/id/226/200/200');
INSERT INTO SONGS (song_id, album_id, title, duration, genre, release_date, popularity_rank, image) VALUES (937, 69, 'Song dgOHnFit9s', 462, 'Rock', '2017-07-16', 213, 'https://picsum.photos/id/264/200/200');
INSERT INTO SONGS (song_id, album_id, title, duration, genre, release_date, popularity_rank, image) VALUES (938, 119, 'Song d7jynB8OlP', 447, 'Reggae', '2020-08-12', 666, 'https://picsum.photos/id/280/200/200');
INSERT INTO SONGS (song_id, album_id, title, duration, genre, release_date, popularity_rank, image) VALUES (939, 135, 'Song urpKWxROuJ', 212, 'R&B', '2015-09-26', 393, 'https://picsum.photos/id/270/200/200');
INSERT INTO SONGS (song_id, album_id, title, duration, genre, release_date, popularity_rank, image) VALUES (940, 188, 'Song V7g6pfU2HB', 412, 'Hip Hop', '2017-06-25', 92, 'https://picsum.photos/id/246/200/200');
INSERT INTO SONGS (song_id, album_id, title, duration, genre, release_date, popularity_rank, image) VALUES (941, 87, 'Song QRLvQRTa0u', 184, 'Reggae', '2009-03-02', 294, 'https://picsum.photos/id/264/200/200');
INSERT INTO SONGS (song_id, album_id, title, duration, genre, release_date, popularity_rank, image) VALUES (942, 90, 'Song RNYpysdfMU', 349, 'Country', '2010-03-29', 3, 'https://picsum.photos/id/238/200/200');
INSERT INTO SONGS (song_id, album_id, title, duration, genre, release_date, popularity_rank, image) VALUES (943, 68, 'Song gGU18G1z7e', 262, 'Metal', '2018-01-29', 795, 'https://picsum.photos/id/211/200/200');
INSERT INTO SONGS (song_id, album_id, title, duration, genre, release_date, popularity_rank, image) VALUES (944, 58, 'Song t9hSIT9qB8', 254, 'R&B', '2017-10-19', 112, 'https://picsum.photos/id/240/200/200');
INSERT INTO SONGS (song_id, album_id, title, duration, genre, release_date, popularity_rank, image) VALUES (945, 33, 'Song QKRLIZH5P3', 290, 'Rock', '2008-09-23', 935, 'https://picsum.photos/id/204/200/200');
INSERT INTO SONGS (song_id, album_id, title, duration, genre, release_date, popularity_rank, image) VALUES (946, 3, 'Song JU3R03tBcE', 203, 'Country', '2012-12-02', 175, 'https://picsum.photos/id/209/200/200');
INSERT INTO SONGS (song_id, album_id, title, duration, genre, release_date, popularity_rank, image) VALUES (947, 129, 'Song WHgLcahCUI', 386, 'Metal', '2010-03-18', 764, 'https://picsum.photos/id/260/200/200');
INSERT INTO SONGS (song_id, album_id, title, duration, genre, release_date, popularity_rank, image) VALUES (948, 136, 'Song Lngp7CHsqk', 321, 'Electronic', '2020-08-01', 962, 'https://picsum.photos/id/281/200/200');
INSERT INTO SONGS (song_id, album_id, title, duration, genre, release_date, popularity_rank, image) VALUES (949, 7, 'Song f8g2tmqBhP', 440, 'Hip Hop', '2014-05-10', 92, 'https://picsum.photos/id/232/200/200');
INSERT INTO SONGS (song_id, album_id, title, duration, genre, release_date, popularity_rank, image) VALUES (950, 123, 'Song 7zlGqH5nQg', 448, 'Metal', '2011-10-22', 277, 'https://picsum.photos/id/272/200/200');
INSERT INTO SONGS (song_id, album_id, title, duration, genre, release_date, popularity_rank, image) VALUES (951, 55, 'Song oxzv92zufY', 394, 'Alternative', '2015-08-29', 264, 'https://picsum.photos/id/260/200/200');
INSERT INTO SONGS (song_id, album_id, title, duration, genre, release_date, popularity_rank, image) VALUES (952, 72, 'Song 6W84QDT5X1', 127, 'Reggae', '2015-05-05', 72, 'https://picsum.photos/id/206/200/200');
INSERT INTO SONGS (song_id, album_id, title, duration, genre, release_date, popularity_rank, image) VALUES (953, 132, 'Song SYJ8YLahRX', 331, 'Country', '2013-10-19', 824, 'https://picsum.photos/id/217/200/200');
INSERT INTO SONGS (song_id, album_id, title, duration, genre, release_date, popularity_rank, image) VALUES (954, 171, 'Song PfjfQDj9gA', 421, 'Jazz', '2008-01-26', 273, 'https://picsum.photos/id/213/200/200');
INSERT INTO SONGS (song_id, album_id, title, duration, genre, release_date, popularity_rank, image) VALUES (955, 104, 'Song 3gQncauuQo', 203, 'Reggae', '2010-05-29', 101, 'https://picsum.photos/id/271/200/200');
INSERT INTO SONGS (song_id, album_id, title, duration, genre, release_date, popularity_rank, image) VALUES (956, 33, 'Song Xavb6TPPfj', 277, 'Rock', '2009-05-12', 88, 'https://picsum.photos/id/266/200/200');
INSERT INTO SONGS (song_id, album_id, title, duration, genre, release_date, popularity_rank, image) VALUES (957, 147, 'Song BtdUe04LMD', 130, 'Classical', '2019-04-12', 312, 'https://picsum.photos/id/287/200/200');
INSERT INTO SONGS (song_id, album_id, title, duration, genre, release_date, popularity_rank, image) VALUES (958, 3, 'Song o6K4YW7VrO', 458, 'Reggae', '2017-07-15', 334, 'https://picsum.photos/id/205/200/200');
INSERT INTO SONGS (song_id, album_id, title, duration, genre, release_date, popularity_rank, image) VALUES (959, 81, 'Song a8wUSVuLzs', 174, 'Rock', '2009-11-14', 7, 'https://picsum.photos/id/201/200/200');
INSERT INTO SONGS (song_id, album_id, title, duration, genre, release_date, popularity_rank, image) VALUES (960, 31, 'Song nAgqp21CTx', 230, 'Blues', '2023-04-02', 454, 'https://picsum.photos/id/205/200/200');
INSERT INTO SONGS (song_id, album_id, title, duration, genre, release_date, popularity_rank, image) VALUES (961, 14, 'Song BAv9Rod1CR', 402, 'Blues', '2011-10-09', 657, 'https://picsum.photos/id/238/200/200');
INSERT INTO SONGS (song_id, album_id, title, duration, genre, release_date, popularity_rank, image) VALUES (962, 168, 'Song ldByQP3Gxj', 366, 'Indie', '2014-02-21', 871, 'https://picsum.photos/id/213/200/200');
INSERT INTO SONGS (song_id, album_id, title, duration, genre, release_date, popularity_rank, image) VALUES (963, 163, 'Song oqsMVroHLx', 428, 'Country', '2018-12-31', 809, 'https://picsum.photos/id/226/200/200');
INSERT INTO SONGS (song_id, album_id, title, duration, genre, release_date, popularity_rank, image) VALUES (964, 83, 'Song nHu19Jtj8Y', 302, 'Reggae', '2012-06-01', 555, 'https://picsum.photos/id/272/200/200');
INSERT INTO SONGS (song_id, album_id, title, duration, genre, release_date, popularity_rank, image) VALUES (965, 64, 'Song ZJLqxGhaX1', 463, 'Indie', '2018-09-18', 320, 'https://picsum.photos/id/247/200/200');
INSERT INTO SONGS (song_id, album_id, title, duration, genre, release_date, popularity_rank, image) VALUES (966, 81, 'Song 3c4vCIHG36', 317, 'Alternative', '2009-01-31', 664, 'https://picsum.photos/id/298/200/200');
INSERT INTO SONGS (song_id, album_id, title, duration, genre, release_date, popularity_rank, image) VALUES (967, 110, 'Song NuLHtEyTww', 279, 'Dance', '2022-06-22', 663, 'https://picsum.photos/id/258/200/200');
INSERT INTO SONGS (song_id, album_id, title, duration, genre, release_date, popularity_rank, image) VALUES (968, 72, 'Song UBhNf956GD', 420, 'Dance', '2016-05-02', 385, 'https://picsum.photos/id/211/200/200');
INSERT INTO SONGS (song_id, album_id, title, duration, genre, release_date, popularity_rank, image) VALUES (969, 108, 'Song IKZB8DCkNx', 305, 'Rock', '2018-01-06', 985, 'https://picsum.photos/id/223/200/200');
INSERT INTO SONGS (song_id, album_id, title, duration, genre, release_date, popularity_rank, image) VALUES (970, 99, 'Song 08XJhqUvLh', 371, 'Folk', '2016-09-24', 52, 'https://picsum.photos/id/233/200/200');
INSERT INTO SONGS (song_id, album_id, title, duration, genre, release_date, popularity_rank, image) VALUES (971, 151, 'Song Od3eBwvzpc', 406, 'Reggae', '2018-05-22', 174, 'https://picsum.photos/id/295/200/200');
INSERT INTO SONGS (song_id, album_id, title, duration, genre, release_date, popularity_rank, image) VALUES (972, 43, 'Song IEj8vvlRPb', 315, 'Hip Hop', '2020-11-01', 554, 'https://picsum.photos/id/264/200/200');
INSERT INTO SONGS (song_id, album_id, title, duration, genre, release_date, popularity_rank, image) VALUES (973, 57, 'Song KPhHkY5EDo', 150, 'Jazz', '2020-11-22', 545, 'https://picsum.photos/id/220/200/200');
INSERT INTO SONGS (song_id, album_id, title, duration, genre, release_date, popularity_rank, image) VALUES (974, 48, 'Song WAdyhYFLxW', 454, 'Jazz', '2014-08-28', 503, 'https://picsum.photos/id/253/200/200');
INSERT INTO SONGS (song_id, album_id, title, duration, genre, release_date, popularity_rank, image) VALUES (975, 90, 'Song SUzfAKKkBK', 385, 'Dance', '2024-02-28', 879, 'https://picsum.photos/id/281/200/200');
INSERT INTO SONGS (song_id, album_id, title, duration, genre, release_date, popularity_rank, image) VALUES (976, 157, 'Song w8KE0oLiPA', 212, 'Jazz', '2018-01-28', 319, 'https://picsum.photos/id/217/200/200');
INSERT INTO SONGS (song_id, album_id, title, duration, genre, release_date, popularity_rank, image) VALUES (977, 185, 'Song c8pmDMe4SS', 140, 'Country', '2017-04-28', 515, 'https://picsum.photos/id/248/200/200');
INSERT INTO SONGS (song_id, album_id, title, duration, genre, release_date, popularity_rank, image) VALUES (978, 171, 'Song GgHBuFWW9E', 257, 'Jazz', '2019-12-31', 511, 'https://picsum.photos/id/278/200/200');
INSERT INTO SONGS (song_id, album_id, title, duration, genre, release_date, popularity_rank, image) VALUES (979, 60, 'Song wxGMBiF11f', 251, 'Pop', '2013-01-21', 792, 'https://picsum.photos/id/245/200/200');
INSERT INTO SONGS (song_id, album_id, title, duration, genre, release_date, popularity_rank, image) VALUES (980, 109, 'Song gN0OyCZQza', 466, 'Jazz', '2008-09-20', 380, 'https://picsum.photos/id/231/200/200');
INSERT INTO SONGS (song_id, album_id, title, duration, genre, release_date, popularity_rank, image) VALUES (981, 80, 'Song Wh1bvkYvZh', 354, 'Electronic', '2017-12-12', 221, 'https://picsum.photos/id/285/200/200');
INSERT INTO SONGS (song_id, album_id, title, duration, genre, release_date, popularity_rank, image) VALUES (982, 133, 'Song 0ZbOKFdynm', 171, 'Metal', '2013-06-29', 311, 'https://picsum.photos/id/246/200/200');
INSERT INTO SONGS (song_id, album_id, title, duration, genre, release_date, popularity_rank, image) VALUES (983, 26, 'Song FVOKrwygNN', 247, 'Dance', '2016-10-15', 914, 'https://picsum.photos/id/284/200/200');
INSERT INTO SONGS (song_id, album_id, title, duration, genre, release_date, popularity_rank, image) VALUES (984, 152, 'Song 0ltIRS56HO', 188, 'Blues', '2010-05-21', 230, 'https://picsum.photos/id/214/200/200');
INSERT INTO SONGS (song_id, album_id, title, duration, genre, release_date, popularity_rank, image) VALUES (985, 133, 'Song 006CInk8AY', 218, 'Classical', '2023-07-11', 945, 'https://picsum.photos/id/239/200/200');
INSERT INTO SONGS (song_id, album_id, title, duration, genre, release_date, popularity_rank, image) VALUES (986, 14, 'Song rM6An65tig', 197, 'Classical', '2008-03-27', 945, 'https://picsum.photos/id/272/200/200');
INSERT INTO SONGS (song_id, album_id, title, duration, genre, release_date, popularity_rank, image) VALUES (987, 58, 'Song UyiOU2IQ3l', 301, 'Electronic', '2011-10-13', 947, 'https://picsum.photos/id/291/200/200');
INSERT INTO SONGS (song_id, album_id, title, duration, genre, release_date, popularity_rank, image) VALUES (988, 196, 'Song ZVGPHi6KhC', 316, 'Rock', '2019-01-05', 312, 'https://picsum.photos/id/269/200/200');
INSERT INTO SONGS (song_id, album_id, title, duration, genre, release_date, popularity_rank, image) VALUES (989, 44, 'Song vubowicgOv', 459, 'R&B', '2022-12-11', 720, 'https://picsum.photos/id/230/200/200');
INSERT INTO SONGS (song_id, album_id, title, duration, genre, release_date, popularity_rank, image) VALUES (990, 15, 'Song sX3TaAjTjp', 413, 'R&B', '2015-05-25', 978, 'https://picsum.photos/id/258/200/200');
INSERT INTO SONGS (song_id, album_id, title, duration, genre, release_date, popularity_rank, image) VALUES (991, 199, 'Song R4RPse5AE2', 126, 'Blues', '2012-09-13', 294, 'https://picsum.photos/id/222/200/200');
INSERT INTO SONGS (song_id, album_id, title, duration, genre, release_date, popularity_rank, image) VALUES (992, 102, 'Song lTtHMd9sSw', 407, 'Metal', '2023-05-21', 309, 'https://picsum.photos/id/282/200/200');
INSERT INTO SONGS (song_id, album_id, title, duration, genre, release_date, popularity_rank, image) VALUES (993, 32, 'Song KCz1c2dHn8', 338, 'Alternative', '2013-08-30', 548, 'https://picsum.photos/id/268/200/200');
INSERT INTO SONGS (song_id, album_id, title, duration, genre, release_date, popularity_rank, image) VALUES (994, 178, 'Song zwxgHSYff8', 452, 'Hip Hop', '2008-09-15', 136, 'https://picsum.photos/id/250/200/200');
INSERT INTO SONGS (song_id, album_id, title, duration, genre, release_date, popularity_rank, image) VALUES (995, 98, 'Song kj9EyFzgKU', 155, 'Metal', '2021-08-20', 493, 'https://picsum.photos/id/273/200/200');
INSERT INTO SONGS (song_id, album_id, title, duration, genre, release_date, popularity_rank, image) VALUES (996, 74, 'Song THBHVqQyKO', 341, 'Dance', '2023-11-20', 299, 'https://picsum.photos/id/201/200/200');
INSERT INTO SONGS (song_id, album_id, title, duration, genre, release_date, popularity_rank, image) VALUES (997, 102, 'Song iohWxtU1vG', 365, 'Reggae', '2010-05-25', 446, 'https://picsum.photos/id/221/200/200');
INSERT INTO SONGS (song_id, album_id, title, duration, genre, release_date, popularity_rank, image) VALUES (998, 164, 'Song JG0j0PVLxh', 261, 'Country', '2009-07-15', 203, 'https://picsum.photos/id/283/200/200');
INSERT INTO SONGS (song_id, album_id, title, duration, genre, release_date, popularity_rank, image) VALUES (999, 15, 'Song uysnyDPrzb', 214, 'Hip Hop', '2023-04-21', 847, 'https://picsum.photos/id/244/200/200');
INSERT INTO SONGS (song_id, album_id, title, duration, genre, release_date, popularity_rank, image) VALUES (1000, 188, 'Song mrRtCte8ci', 390, 'R&B', '2010-05-01', 672, 'https://picsum.photos/id/272/200/200');

-- PLAYLISTS Data --
INSERT INTO PLAYLISTS (playlist_id, user_id, title, description, date_created, image) VALUES (1, 31, 'My Jazz Playlist 39', 'A collection of Rock tunes.', '2022-03-05', 'https://picsum.photos/id/315/180/180');
INSERT INTO PLAYLISTS (playlist_id, user_id, title, description, date_created, image) VALUES (2, 76, 'My Folk Playlist 78', 'A collection of Reggae tunes.', '2020-12-04', 'https://picsum.photos/id/329/180/180');
INSERT INTO PLAYLISTS (playlist_id, user_id, title, description, date_created, image) VALUES (3, 50, 'My Electronic Playlist 55', 'A collection of Blues tunes.', '2023-11-27', 'https://picsum.photos/id/391/180/180');
INSERT INTO PLAYLISTS (playlist_id, user_id, title, description, date_created, image) VALUES (4, 63, 'My R&B Playlist 100', 'A collection of Hip Hop tunes.', '2020-08-21', 'https://picsum.photos/id/390/180/180');
INSERT INTO PLAYLISTS (playlist_id, user_id, title, description, date_created, image) VALUES (5, 2, 'My Classical Playlist 33', 'A collection of Indie tunes.', '2023-08-30', 'https://picsum.photos/id/355/180/180');
INSERT INTO PLAYLISTS (playlist_id, user_id, title, description, date_created, image) VALUES (6, 15, 'My Alternative Playlist 79', 'A collection of Electronic tunes.', '2021-02-09', 'https://picsum.photos/id/323/180/180');
INSERT INTO PLAYLISTS (playlist_id, user_id, title, description, date_created, image) VALUES (7, 58, 'My Pop Playlist 14', 'A collection of Metal tunes.', '2021-07-25', 'https://picsum.photos/id/320/180/180');
INSERT INTO PLAYLISTS (playlist_id, user_id, title, description, date_created, image) VALUES (8, 65, 'My Pop Playlist 82', 'A collection of Folk tunes.', '2022-04-14', 'https://picsum.photos/id/371/180/180');
INSERT INTO PLAYLISTS (playlist_id, user_id, title, description, date_created, image) VALUES (9, 72, 'My Hip Hop Playlist 76', 'A collection of Hip Hop tunes.', '2021-02-25', 'https://picsum.photos/id/318/180/180');
INSERT INTO PLAYLISTS (playlist_id, user_id, title, description, date_created, image) VALUES (10, 55, 'My R&B Playlist 54', 'A collection of Blues tunes.', '2020-01-20', 'https://picsum.photos/id/366/180/180');
INSERT INTO PLAYLISTS (playlist_id, user_id, title, description, date_created, image) VALUES (11, 42, 'My Reggae Playlist 13', 'A collection of Rock tunes.', '2023-12-17', 'https://picsum.photos/id/323/180/180');
INSERT INTO PLAYLISTS (playlist_id, user_id, title, description, date_created, image) VALUES (12, 78, 'My Dance Playlist 45', 'A collection of Jazz tunes.', '2022-02-02', 'https://picsum.photos/id/394/180/180');
INSERT INTO PLAYLISTS (playlist_id, user_id, title, description, date_created, image) VALUES (13, 78, 'My Indie Playlist 27', 'A collection of Country tunes.', '2021-11-29', 'https://picsum.photos/id/314/180/180');
INSERT INTO PLAYLISTS (playlist_id, user_id, title, description, date_created, image) VALUES (14, 93, 'My Electronic Playlist 14', 'A collection of Jazz tunes.', '2021-01-26', 'https://picsum.photos/id/348/180/180');
INSERT INTO PLAYLISTS (playlist_id, user_id, title, description, date_created, image) VALUES (15, 10, 'My Reggae Playlist 4', 'A collection of Country tunes.', '2022-12-06', 'https://picsum.photos/id/357/180/180');
INSERT INTO PLAYLISTS (playlist_id, user_id, title, description, date_created, image) VALUES (16, 95, 'My Classical Playlist 33', 'A collection of Rock tunes.', '2021-12-24', 'https://picsum.photos/id/308/180/180');
INSERT INTO PLAYLISTS (playlist_id, user_id, title, description, date_created, image) VALUES (17, 38, 'My Metal Playlist 27', 'A collection of Hip Hop tunes.', '2022-09-08', 'https://picsum.photos/id/358/180/180');
INSERT INTO PLAYLISTS (playlist_id, user_id, title, description, date_created, image) VALUES (18, 25, 'My Jazz Playlist 69', 'A collection of Metal tunes.', '2021-04-17', 'https://picsum.photos/id/370/180/180');
INSERT INTO PLAYLISTS (playlist_id, user_id, title, description, date_created, image) VALUES (19, 61, 'My Indie Playlist 57', 'A collection of Indie tunes.', '2021-05-21', 'https://picsum.photos/id/305/180/180');
INSERT INTO PLAYLISTS (playlist_id, user_id, title, description, date_created, image) VALUES (20, 50, 'My Hip Hop Playlist 57', 'A collection of Classical tunes.', '2022-10-07', 'https://picsum.photos/id/322/180/180');
INSERT INTO PLAYLISTS (playlist_id, user_id, title, description, date_created, image) VALUES (21, 33, 'My Electronic Playlist 38', 'A collection of Pop tunes.', '2023-08-05', 'https://picsum.photos/id/375/180/180');
INSERT INTO PLAYLISTS (playlist_id, user_id, title, description, date_created, image) VALUES (22, 11, 'My Classical Playlist 15', 'A collection of Jazz tunes.', '2023-12-31', 'https://picsum.photos/id/354/180/180');
INSERT INTO PLAYLISTS (playlist_id, user_id, title, description, date_created, image) VALUES (23, 98, 'My Electronic Playlist 14', 'A collection of Classical tunes.', '2022-10-20', 'https://picsum.photos/id/331/180/180');
INSERT INTO PLAYLISTS (playlist_id, user_id, title, description, date_created, image) VALUES (24, 80, 'My Electronic Playlist 86', 'A collection of Rock tunes.', '2022-02-19', 'https://picsum.photos/id/374/180/180');
INSERT INTO PLAYLISTS (playlist_id, user_id, title, description, date_created, image) VALUES (25, 70, 'My Country Playlist 51', 'A collection of Country tunes.', '2023-04-25', 'https://picsum.photos/id/369/180/180');
INSERT INTO PLAYLISTS (playlist_id, user_id, title, description, date_created, image) VALUES (26, 97, 'My Jazz Playlist 93', 'A collection of Alternative tunes.', '2023-01-03', 'https://picsum.photos/id/352/180/180');
INSERT INTO PLAYLISTS (playlist_id, user_id, title, description, date_created, image) VALUES (27, 12, 'My Electronic Playlist 44', 'A collection of R&B tunes.', '2022-06-11', 'https://picsum.photos/id/335/180/180');
INSERT INTO PLAYLISTS (playlist_id, user_id, title, description, date_created, image) VALUES (28, 72, 'My Blues Playlist 23', 'A collection of Rock tunes.', '2021-03-20', 'https://picsum.photos/id/353/180/180');
INSERT INTO PLAYLISTS (playlist_id, user_id, title, description, date_created, image) VALUES (29, 50, 'My Country Playlist 63', 'A collection of Rock tunes.', '2021-12-07', 'https://picsum.photos/id/311/180/180');
INSERT INTO PLAYLISTS (playlist_id, user_id, title, description, date_created, image) VALUES (30, 41, 'My Pop Playlist 10', 'A collection of Folk tunes.', '2022-11-23', 'https://picsum.photos/id/315/180/180');
INSERT INTO PLAYLISTS (playlist_id, user_id, title, description, date_created, image) VALUES (31, 56, 'My Alternative Playlist 68', 'A collection of Classical tunes.', '2023-12-26', 'https://picsum.photos/id/393/180/180');
INSERT INTO PLAYLISTS (playlist_id, user_id, title, description, date_created, image) VALUES (32, 65, 'My R&B Playlist 30', 'A collection of Hip Hop tunes.', '2023-05-23', 'https://picsum.photos/id/399/180/180');
INSERT INTO PLAYLISTS (playlist_id, user_id, title, description, date_created, image) VALUES (33, 29, 'My Alternative Playlist 53', 'A collection of Classical tunes.', '2023-08-17', 'https://picsum.photos/id/311/180/180');
INSERT INTO PLAYLISTS (playlist_id, user_id, title, description, date_created, image) VALUES (34, 90, 'My Reggae Playlist 12', 'A collection of Reggae tunes.', '2021-09-25', 'https://picsum.photos/id/322/180/180');
INSERT INTO PLAYLISTS (playlist_id, user_id, title, description, date_created, image) VALUES (35, 47, 'My Alternative Playlist 78', 'A collection of Dance tunes.', '2022-11-20', 'https://picsum.photos/id/337/180/180');
INSERT INTO PLAYLISTS (playlist_id, user_id, title, description, date_created, image) VALUES (36, 89, 'My Dance Playlist 59', 'A collection of Reggae tunes.', '2021-05-24', 'https://picsum.photos/id/350/180/180');
INSERT INTO PLAYLISTS (playlist_id, user_id, title, description, date_created, image) VALUES (37, 82, 'My Indie Playlist 82', 'A collection of Dance tunes.', '2020-04-03', 'https://picsum.photos/id/369/180/180');
INSERT INTO PLAYLISTS (playlist_id, user_id, title, description, date_created, image) VALUES (38, 11, 'My Country Playlist 71', 'A collection of Country tunes.', '2022-07-17', 'https://picsum.photos/id/332/180/180');
INSERT INTO PLAYLISTS (playlist_id, user_id, title, description, date_created, image) VALUES (39, 39, 'My Alternative Playlist 44', 'A collection of Indie tunes.', '2021-11-12', 'https://picsum.photos/id/392/180/180');
INSERT INTO PLAYLISTS (playlist_id, user_id, title, description, date_created, image) VALUES (40, 2, 'My Reggae Playlist 75', 'A collection of Rock tunes.', '2024-01-30', 'https://picsum.photos/id/363/180/180');
INSERT INTO PLAYLISTS (playlist_id, user_id, title, description, date_created, image) VALUES (41, 75, 'My Pop Playlist 100', 'A collection of Country tunes.', '2023-02-26', 'https://picsum.photos/id/336/180/180');
INSERT INTO PLAYLISTS (playlist_id, user_id, title, description, date_created, image) VALUES (42, 56, 'My Pop Playlist 49', 'A collection of Metal tunes.', '2023-05-12', 'https://picsum.photos/id/326/180/180');
INSERT INTO PLAYLISTS (playlist_id, user_id, title, description, date_created, image) VALUES (43, 34, 'My Pop Playlist 38', 'A collection of Alternative tunes.', '2021-08-11', 'https://picsum.photos/id/387/180/180');
INSERT INTO PLAYLISTS (playlist_id, user_id, title, description, date_created, image) VALUES (44, 8, 'My Country Playlist 44', 'A collection of Rock tunes.', '2023-07-30', 'https://picsum.photos/id/379/180/180');
INSERT INTO PLAYLISTS (playlist_id, user_id, title, description, date_created, image) VALUES (45, 76, 'My Country Playlist 62', 'A collection of Jazz tunes.', '2022-11-14', 'https://picsum.photos/id/352/180/180');
INSERT INTO PLAYLISTS (playlist_id, user_id, title, description, date_created, image) VALUES (46, 9, 'My Rock Playlist 39', 'A collection of R&B tunes.', '2023-09-25', 'https://picsum.photos/id/311/180/180');
INSERT INTO PLAYLISTS (playlist_id, user_id, title, description, date_created, image) VALUES (47, 4, 'My Indie Playlist 15', 'A collection of Pop tunes.', '2020-09-23', 'https://picsum.photos/id/376/180/180');
INSERT INTO PLAYLISTS (playlist_id, user_id, title, description, date_created, image) VALUES (48, 50, 'My Alternative Playlist 6', 'A collection of Hip Hop tunes.', '2022-03-07', 'https://picsum.photos/id/343/180/180');
INSERT INTO PLAYLISTS (playlist_id, user_id, title, description, date_created, image) VALUES (49, 37, 'My Classical Playlist 56', 'A collection of Reggae tunes.', '2021-11-26', 'https://picsum.photos/id/306/180/180');
INSERT INTO PLAYLISTS (playlist_id, user_id, title, description, date_created, image) VALUES (50, 32, 'My R&B Playlist 65', 'A collection of Indie tunes.', '2020-08-21', 'https://picsum.photos/id/351/180/180');
INSERT INTO PLAYLISTS (playlist_id, user_id, title, description, date_created, image) VALUES (51, 57, 'My Indie Playlist 31', 'A collection of Dance tunes.', '2020-11-11', 'https://picsum.photos/id/394/180/180');
INSERT INTO PLAYLISTS (playlist_id, user_id, title, description, date_created, image) VALUES (52, 19, 'My Indie Playlist 31', 'A collection of Dance tunes.', '2024-03-01', 'https://picsum.photos/id/331/180/180');
INSERT INTO PLAYLISTS (playlist_id, user_id, title, description, date_created, image) VALUES (53, 56, 'My R&B Playlist 2', 'A collection of Hip Hop tunes.', '2022-03-13', 'https://picsum.photos/id/369/180/180');
INSERT INTO PLAYLISTS (playlist_id, user_id, title, description, date_created, image) VALUES (54, 13, 'My Indie Playlist 9', 'A collection of Reggae tunes.', '2022-12-02', 'https://picsum.photos/id/325/180/180');
INSERT INTO PLAYLISTS (playlist_id, user_id, title, description, date_created, image) VALUES (55, 32, 'My Country Playlist 44', 'A collection of Dance tunes.', '2022-06-06', 'https://picsum.photos/id/348/180/180');
INSERT INTO PLAYLISTS (playlist_id, user_id, title, description, date_created, image) VALUES (56, 84, 'My Rock Playlist 82', 'A collection of Metal tunes.', '2021-10-07', 'https://picsum.photos/id/339/180/180');
INSERT INTO PLAYLISTS (playlist_id, user_id, title, description, date_created, image) VALUES (57, 94, 'My Classical Playlist 26', 'A collection of Hip Hop tunes.', '2023-09-08', 'https://picsum.photos/id/394/180/180');
INSERT INTO PLAYLISTS (playlist_id, user_id, title, description, date_created, image) VALUES (58, 82, 'My R&B Playlist 32', 'A collection of Electronic tunes.', '2022-05-30', 'https://picsum.photos/id/339/180/180');
INSERT INTO PLAYLISTS (playlist_id, user_id, title, description, date_created, image) VALUES (59, 72, 'My Electronic Playlist 98', 'A collection of Rock tunes.', '2020-10-14', 'https://picsum.photos/id/376/180/180');
INSERT INTO PLAYLISTS (playlist_id, user_id, title, description, date_created, image) VALUES (60, 18, 'My Country Playlist 82', 'A collection of Folk tunes.', '2021-10-31', 'https://picsum.photos/id/321/180/180');
INSERT INTO PLAYLISTS (playlist_id, user_id, title, description, date_created, image) VALUES (61, 56, 'My Dance Playlist 79', 'A collection of Country tunes.', '2020-04-01', 'https://picsum.photos/id/354/180/180');
INSERT INTO PLAYLISTS (playlist_id, user_id, title, description, date_created, image) VALUES (62, 66, 'My Blues Playlist 90', 'A collection of Hip Hop tunes.', '2024-02-26', 'https://picsum.photos/id/390/180/180');
INSERT INTO PLAYLISTS (playlist_id, user_id, title, description, date_created, image) VALUES (63, 64, 'My Alternative Playlist 77', 'A collection of Hip Hop tunes.', '2024-02-06', 'https://picsum.photos/id/361/180/180');
INSERT INTO PLAYLISTS (playlist_id, user_id, title, description, date_created, image) VALUES (64, 17, 'My Metal Playlist 29', 'A collection of Classical tunes.', '2022-08-02', 'https://picsum.photos/id/386/180/180');
INSERT INTO PLAYLISTS (playlist_id, user_id, title, description, date_created, image) VALUES (65, 35, 'My Alternative Playlist 93', 'A collection of Dance tunes.', '2021-09-14', 'https://picsum.photos/id/375/180/180');
INSERT INTO PLAYLISTS (playlist_id, user_id, title, description, date_created, image) VALUES (66, 20, 'My Electronic Playlist 11', 'A collection of Electronic tunes.', '2021-11-22', 'https://picsum.photos/id/315/180/180');
INSERT INTO PLAYLISTS (playlist_id, user_id, title, description, date_created, image) VALUES (67, 1, 'My Dance Playlist 27', 'A collection of Dance tunes.', '2024-03-16', 'https://picsum.photos/id/332/180/180');
INSERT INTO PLAYLISTS (playlist_id, user_id, title, description, date_created, image) VALUES (68, 34, 'My Jazz Playlist 92', 'A collection of Indie tunes.', '2022-10-15', 'https://picsum.photos/id/392/180/180');
INSERT INTO PLAYLISTS (playlist_id, user_id, title, description, date_created, image) VALUES (69, 96, 'My Reggae Playlist 32', 'A collection of Indie tunes.', '2024-04-21', 'https://picsum.photos/id/335/180/180');
INSERT INTO PLAYLISTS (playlist_id, user_id, title, description, date_created, image) VALUES (70, 74, 'My Rock Playlist 18', 'A collection of Pop tunes.', '2024-03-01', 'https://picsum.photos/id/335/180/180');
INSERT INTO PLAYLISTS (playlist_id, user_id, title, description, date_created, image) VALUES (71, 27, 'My Blues Playlist 6', 'A collection of Reggae tunes.', '2020-09-20', 'https://picsum.photos/id/320/180/180');
INSERT INTO PLAYLISTS (playlist_id, user_id, title, description, date_created, image) VALUES (72, 58, 'My Jazz Playlist 63', 'A collection of Pop tunes.', '2022-12-13', 'https://picsum.photos/id/349/180/180');
INSERT INTO PLAYLISTS (playlist_id, user_id, title, description, date_created, image) VALUES (73, 68, 'My Hip Hop Playlist 58', 'A collection of Rock tunes.', '2024-04-09', 'https://picsum.photos/id/302/180/180');
INSERT INTO PLAYLISTS (playlist_id, user_id, title, description, date_created, image) VALUES (74, 61, 'My Folk Playlist 20', 'A collection of Alternative tunes.', '2021-11-26', 'https://picsum.photos/id/384/180/180');
INSERT INTO PLAYLISTS (playlist_id, user_id, title, description, date_created, image) VALUES (75, 93, 'My Rock Playlist 84', 'A collection of Classical tunes.', '2022-09-22', 'https://picsum.photos/id/388/180/180');
INSERT INTO PLAYLISTS (playlist_id, user_id, title, description, date_created, image) VALUES (76, 14, 'My Indie Playlist 76', 'A collection of R&B tunes.', '2020-11-13', 'https://picsum.photos/id/399/180/180');
INSERT INTO PLAYLISTS (playlist_id, user_id, title, description, date_created, image) VALUES (77, 19, 'My Electronic Playlist 64', 'A collection of Country tunes.', '2024-03-16', 'https://picsum.photos/id/378/180/180');
INSERT INTO PLAYLISTS (playlist_id, user_id, title, description, date_created, image) VALUES (78, 48, 'My Hip Hop Playlist 74', 'A collection of Jazz tunes.', '2021-05-23', 'https://picsum.photos/id/382/180/180');
INSERT INTO PLAYLISTS (playlist_id, user_id, title, description, date_created, image) VALUES (79, 91, 'My Country Playlist 43', 'A collection of Classical tunes.', '2023-05-23', 'https://picsum.photos/id/343/180/180');
INSERT INTO PLAYLISTS (playlist_id, user_id, title, description, date_created, image) VALUES (80, 45, 'My Dance Playlist 60', 'A collection of R&B tunes.', '2022-01-02', 'https://picsum.photos/id/393/180/180');
INSERT INTO PLAYLISTS (playlist_id, user_id, title, description, date_created, image) VALUES (81, 51, 'My Electronic Playlist 37', 'A collection of Pop tunes.', '2020-07-12', 'https://picsum.photos/id/356/180/180');
INSERT INTO PLAYLISTS (playlist_id, user_id, title, description, date_created, image) VALUES (82, 2, 'My Hip Hop Playlist 70', 'A collection of Reggae tunes.', '2020-11-06', 'https://picsum.photos/id/311/180/180');
INSERT INTO PLAYLISTS (playlist_id, user_id, title, description, date_created, image) VALUES (83, 99, 'My Rock Playlist 51', 'A collection of Blues tunes.', '2021-01-05', 'https://picsum.photos/id/381/180/180');
INSERT INTO PLAYLISTS (playlist_id, user_id, title, description, date_created, image) VALUES (84, 37, 'My Blues Playlist 54', 'A collection of Electronic tunes.', '2023-08-02', 'https://picsum.photos/id/372/180/180');
INSERT INTO PLAYLISTS (playlist_id, user_id, title, description, date_created, image) VALUES (85, 81, 'My Pop Playlist 17', 'A collection of Indie tunes.', '2020-08-20', 'https://picsum.photos/id/383/180/180');
INSERT INTO PLAYLISTS (playlist_id, user_id, title, description, date_created, image) VALUES (86, 26, 'My Classical Playlist 13', 'A collection of R&B tunes.', '2023-06-02', 'https://picsum.photos/id/395/180/180');
INSERT INTO PLAYLISTS (playlist_id, user_id, title, description, date_created, image) VALUES (87, 42, 'My Indie Playlist 84', 'A collection of Jazz tunes.', '2023-10-06', 'https://picsum.photos/id/330/180/180');
INSERT INTO PLAYLISTS (playlist_id, user_id, title, description, date_created, image) VALUES (88, 72, 'My Electronic Playlist 38', 'A collection of Hip Hop tunes.', '2022-07-02', 'https://picsum.photos/id/386/180/180');
INSERT INTO PLAYLISTS (playlist_id, user_id, title, description, date_created, image) VALUES (89, 35, 'My Indie Playlist 28', 'A collection of Alternative tunes.', '2022-06-01', 'https://picsum.photos/id/305/180/180');
INSERT INTO PLAYLISTS (playlist_id, user_id, title, description, date_created, image) VALUES (90, 28, 'My Indie Playlist 3', 'A collection of Reggae tunes.', '2023-11-22', 'https://picsum.photos/id/313/180/180');
INSERT INTO PLAYLISTS (playlist_id, user_id, title, description, date_created, image) VALUES (91, 42, 'My Reggae Playlist 48', 'A collection of Blues tunes.', '2020-01-04', 'https://picsum.photos/id/382/180/180');
INSERT INTO PLAYLISTS (playlist_id, user_id, title, description, date_created, image) VALUES (92, 12, 'My Rock Playlist 61', 'A collection of Pop tunes.', '2023-02-18', 'https://picsum.photos/id/360/180/180');
INSERT INTO PLAYLISTS (playlist_id, user_id, title, description, date_created, image) VALUES (93, 52, 'My Alternative Playlist 27', 'A collection of Blues tunes.', '2024-01-07', 'https://picsum.photos/id/302/180/180');
INSERT INTO PLAYLISTS (playlist_id, user_id, title, description, date_created, image) VALUES (94, 36, 'My Dance Playlist 27', 'A collection of Alternative tunes.', '2020-01-31', 'https://picsum.photos/id/345/180/180');
INSERT INTO PLAYLISTS (playlist_id, user_id, title, description, date_created, image) VALUES (95, 38, 'My Pop Playlist 49', 'A collection of Rock tunes.', '2021-01-13', 'https://picsum.photos/id/380/180/180');
INSERT INTO PLAYLISTS (playlist_id, user_id, title, description, date_created, image) VALUES (96, 80, 'My Indie Playlist 6', 'A collection of Blues tunes.', '2023-11-18', 'https://picsum.photos/id/384/180/180');
INSERT INTO PLAYLISTS (playlist_id, user_id, title, description, date_created, image) VALUES (97, 9, 'My Rock Playlist 12', 'A collection of Electronic tunes.', '2024-03-28', 'https://picsum.photos/id/366/180/180');
INSERT INTO PLAYLISTS (playlist_id, user_id, title, description, date_created, image) VALUES (98, 72, 'My R&B Playlist 2', 'A collection of Hip Hop tunes.', '2021-04-16', 'https://picsum.photos/id/329/180/180');
INSERT INTO PLAYLISTS (playlist_id, user_id, title, description, date_created, image) VALUES (99, 1, 'My Pop Playlist 5', 'A collection of Metal tunes.', '2021-05-21', 'https://picsum.photos/id/309/180/180');
INSERT INTO PLAYLISTS (playlist_id, user_id, title, description, date_created, image) VALUES (100, 23, 'My Indie Playlist 59', 'A collection of Indie tunes.', '2022-11-05', 'https://picsum.photos/id/364/180/180');
INSERT INTO PLAYLISTS (playlist_id, user_id, title, description, date_created, image) VALUES (101, 38, 'My Country Playlist 18', 'A collection of Jazz tunes.', '2020-07-20', 'https://picsum.photos/id/334/180/180');
INSERT INTO PLAYLISTS (playlist_id, user_id, title, description, date_created, image) VALUES (102, 55, 'My Jazz Playlist 30', 'A collection of Blues tunes.', '2022-05-20', 'https://picsum.photos/id/319/180/180');
INSERT INTO PLAYLISTS (playlist_id, user_id, title, description, date_created, image) VALUES (103, 81, 'My Folk Playlist 10', 'A collection of Jazz tunes.', '2021-02-23', 'https://picsum.photos/id/377/180/180');
INSERT INTO PLAYLISTS (playlist_id, user_id, title, description, date_created, image) VALUES (104, 46, 'My Hip Hop Playlist 4', 'A collection of Reggae tunes.', '2023-08-23', 'https://picsum.photos/id/387/180/180');
INSERT INTO PLAYLISTS (playlist_id, user_id, title, description, date_created, image) VALUES (105, 74, 'My Reggae Playlist 14', 'A collection of Country tunes.', '2021-03-20', 'https://picsum.photos/id/369/180/180');
INSERT INTO PLAYLISTS (playlist_id, user_id, title, description, date_created, image) VALUES (106, 47, 'My Dance Playlist 19', 'A collection of Pop tunes.', '2021-07-06', 'https://picsum.photos/id/394/180/180');
INSERT INTO PLAYLISTS (playlist_id, user_id, title, description, date_created, image) VALUES (107, 59, 'My Dance Playlist 83', 'A collection of Folk tunes.', '2021-12-20', 'https://picsum.photos/id/304/180/180');
INSERT INTO PLAYLISTS (playlist_id, user_id, title, description, date_created, image) VALUES (108, 65, 'My Folk Playlist 1', 'A collection of Pop tunes.', '2020-06-12', 'https://picsum.photos/id/318/180/180');
INSERT INTO PLAYLISTS (playlist_id, user_id, title, description, date_created, image) VALUES (109, 19, 'My Dance Playlist 5', 'A collection of Blues tunes.', '2023-07-20', 'https://picsum.photos/id/393/180/180');
INSERT INTO PLAYLISTS (playlist_id, user_id, title, description, date_created, image) VALUES (110, 100, 'My Reggae Playlist 33', 'A collection of Country tunes.', '2020-03-06', 'https://picsum.photos/id/334/180/180');
INSERT INTO PLAYLISTS (playlist_id, user_id, title, description, date_created, image) VALUES (111, 84, 'My Alternative Playlist 45', 'A collection of Alternative tunes.', '2023-01-17', 'https://picsum.photos/id/327/180/180');
INSERT INTO PLAYLISTS (playlist_id, user_id, title, description, date_created, image) VALUES (112, 87, 'My Blues Playlist 8', 'A collection of Metal tunes.', '2023-06-30', 'https://picsum.photos/id/302/180/180');
INSERT INTO PLAYLISTS (playlist_id, user_id, title, description, date_created, image) VALUES (113, 69, 'My Country Playlist 45', 'A collection of Reggae tunes.', '2021-08-03', 'https://picsum.photos/id/365/180/180');
INSERT INTO PLAYLISTS (playlist_id, user_id, title, description, date_created, image) VALUES (114, 50, 'My Hip Hop Playlist 18', 'A collection of R&B tunes.', '2023-08-05', 'https://picsum.photos/id/302/180/180');
INSERT INTO PLAYLISTS (playlist_id, user_id, title, description, date_created, image) VALUES (115, 96, 'My Hip Hop Playlist 7', 'A collection of R&B tunes.', '2023-04-01', 'https://picsum.photos/id/383/180/180');
INSERT INTO PLAYLISTS (playlist_id, user_id, title, description, date_created, image) VALUES (116, 85, 'My Electronic Playlist 31', 'A collection of Metal tunes.', '2020-12-16', 'https://picsum.photos/id/374/180/180');
INSERT INTO PLAYLISTS (playlist_id, user_id, title, description, date_created, image) VALUES (117, 4, 'My Pop Playlist 82', 'A collection of Rock tunes.', '2022-09-27', 'https://picsum.photos/id/308/180/180');
INSERT INTO PLAYLISTS (playlist_id, user_id, title, description, date_created, image) VALUES (118, 12, 'My Hip Hop Playlist 46', 'A collection of Folk tunes.', '2023-01-28', 'https://picsum.photos/id/359/180/180');
INSERT INTO PLAYLISTS (playlist_id, user_id, title, description, date_created, image) VALUES (119, 11, 'My Classical Playlist 81', 'A collection of Folk tunes.', '2020-10-19', 'https://picsum.photos/id/353/180/180');
INSERT INTO PLAYLISTS (playlist_id, user_id, title, description, date_created, image) VALUES (120, 52, 'My R&B Playlist 31', 'A collection of Rock tunes.', '2021-04-02', 'https://picsum.photos/id/322/180/180');
INSERT INTO PLAYLISTS (playlist_id, user_id, title, description, date_created, image) VALUES (121, 98, 'My Metal Playlist 5', 'A collection of Classical tunes.', '2020-10-08', 'https://picsum.photos/id/325/180/180');
INSERT INTO PLAYLISTS (playlist_id, user_id, title, description, date_created, image) VALUES (122, 74, 'My Rock Playlist 23', 'A collection of Rock tunes.', '2020-06-29', 'https://picsum.photos/id/379/180/180');
INSERT INTO PLAYLISTS (playlist_id, user_id, title, description, date_created, image) VALUES (123, 1, 'My Hip Hop Playlist 67', 'A collection of Dance tunes.', '2022-08-01', 'https://picsum.photos/id/315/180/180');
INSERT INTO PLAYLISTS (playlist_id, user_id, title, description, date_created, image) VALUES (124, 88, 'My Dance Playlist 38', 'A collection of Classical tunes.', '2022-07-16', 'https://picsum.photos/id/362/180/180');
INSERT INTO PLAYLISTS (playlist_id, user_id, title, description, date_created, image) VALUES (125, 88, 'My Electronic Playlist 64', 'A collection of Indie tunes.', '2021-02-16', 'https://picsum.photos/id/340/180/180');
INSERT INTO PLAYLISTS (playlist_id, user_id, title, description, date_created, image) VALUES (126, 14, 'My Pop Playlist 74', 'A collection of Blues tunes.', '2022-11-01', 'https://picsum.photos/id/306/180/180');
INSERT INTO PLAYLISTS (playlist_id, user_id, title, description, date_created, image) VALUES (127, 31, 'My Classical Playlist 65', 'A collection of Pop tunes.', '2022-03-05', 'https://picsum.photos/id/361/180/180');
INSERT INTO PLAYLISTS (playlist_id, user_id, title, description, date_created, image) VALUES (128, 15, 'My Alternative Playlist 71', 'A collection of Reggae tunes.', '2021-11-21', 'https://picsum.photos/id/361/180/180');
INSERT INTO PLAYLISTS (playlist_id, user_id, title, description, date_created, image) VALUES (129, 83, 'My Rock Playlist 68', 'A collection of Metal tunes.', '2020-05-29', 'https://picsum.photos/id/302/180/180');
INSERT INTO PLAYLISTS (playlist_id, user_id, title, description, date_created, image) VALUES (130, 79, 'My Pop Playlist 73', 'A collection of Indie tunes.', '2020-12-20', 'https://picsum.photos/id/355/180/180');
INSERT INTO PLAYLISTS (playlist_id, user_id, title, description, date_created, image) VALUES (131, 67, 'My Metal Playlist 69', 'A collection of Rock tunes.', '2021-10-28', 'https://picsum.photos/id/386/180/180');
INSERT INTO PLAYLISTS (playlist_id, user_id, title, description, date_created, image) VALUES (132, 66, 'My Country Playlist 74', 'A collection of Country tunes.', '2022-02-19', 'https://picsum.photos/id/333/180/180');
INSERT INTO PLAYLISTS (playlist_id, user_id, title, description, date_created, image) VALUES (133, 60, 'My Reggae Playlist 78', 'A collection of Classical tunes.', '2021-09-20', 'https://picsum.photos/id/303/180/180');
INSERT INTO PLAYLISTS (playlist_id, user_id, title, description, date_created, image) VALUES (134, 73, 'My Indie Playlist 69', 'A collection of Classical tunes.', '2021-10-04', 'https://picsum.photos/id/335/180/180');
INSERT INTO PLAYLISTS (playlist_id, user_id, title, description, date_created, image) VALUES (135, 62, 'My Indie Playlist 86', 'A collection of Metal tunes.', '2023-01-13', 'https://picsum.photos/id/397/180/180');
INSERT INTO PLAYLISTS (playlist_id, user_id, title, description, date_created, image) VALUES (136, 89, 'My Folk Playlist 68', 'A collection of Rock tunes.', '2023-09-12', 'https://picsum.photos/id/381/180/180');
INSERT INTO PLAYLISTS (playlist_id, user_id, title, description, date_created, image) VALUES (137, 27, 'My Pop Playlist 66', 'A collection of Folk tunes.', '2022-07-26', 'https://picsum.photos/id/334/180/180');
INSERT INTO PLAYLISTS (playlist_id, user_id, title, description, date_created, image) VALUES (138, 25, 'My Metal Playlist 96', 'A collection of Folk tunes.', '2022-06-27', 'https://picsum.photos/id/334/180/180');
INSERT INTO PLAYLISTS (playlist_id, user_id, title, description, date_created, image) VALUES (139, 30, 'My Hip Hop Playlist 67', 'A collection of Blues tunes.', '2022-03-16', 'https://picsum.photos/id/349/180/180');
INSERT INTO PLAYLISTS (playlist_id, user_id, title, description, date_created, image) VALUES (140, 52, 'My Pop Playlist 41', 'A collection of Blues tunes.', '2022-09-15', 'https://picsum.photos/id/378/180/180');
INSERT INTO PLAYLISTS (playlist_id, user_id, title, description, date_created, image) VALUES (141, 40, 'My Hip Hop Playlist 29', 'A collection of Indie tunes.', '2022-06-16', 'https://picsum.photos/id/320/180/180');
INSERT INTO PLAYLISTS (playlist_id, user_id, title, description, date_created, image) VALUES (142, 56, 'My Rock Playlist 48', 'A collection of Electronic tunes.', '2022-04-21', 'https://picsum.photos/id/381/180/180');
INSERT INTO PLAYLISTS (playlist_id, user_id, title, description, date_created, image) VALUES (143, 8, 'My Jazz Playlist 67', 'A collection of Electronic tunes.', '2020-07-27', 'https://picsum.photos/id/314/180/180');
INSERT INTO PLAYLISTS (playlist_id, user_id, title, description, date_created, image) VALUES (144, 49, 'My Electronic Playlist 96', 'A collection of Reggae tunes.', '2022-11-30', 'https://picsum.photos/id/381/180/180');
INSERT INTO PLAYLISTS (playlist_id, user_id, title, description, date_created, image) VALUES (145, 68, 'My Alternative Playlist 52', 'A collection of Dance tunes.', '2022-07-07', 'https://picsum.photos/id/350/180/180');
INSERT INTO PLAYLISTS (playlist_id, user_id, title, description, date_created, image) VALUES (146, 66, 'My Alternative Playlist 46', 'A collection of Pop tunes.', '2024-02-09', 'https://picsum.photos/id/326/180/180');
INSERT INTO PLAYLISTS (playlist_id, user_id, title, description, date_created, image) VALUES (147, 58, 'My Dance Playlist 71', 'A collection of Electronic tunes.', '2023-05-30', 'https://picsum.photos/id/310/180/180');
INSERT INTO PLAYLISTS (playlist_id, user_id, title, description, date_created, image) VALUES (148, 1, 'My Hip Hop Playlist 83', 'A collection of R&B tunes.', '2020-08-14', 'https://picsum.photos/id/364/180/180');
INSERT INTO PLAYLISTS (playlist_id, user_id, title, description, date_created, image) VALUES (149, 13, 'My R&B Playlist 94', 'A collection of Jazz tunes.', '2023-06-26', 'https://picsum.photos/id/351/180/180');
INSERT INTO PLAYLISTS (playlist_id, user_id, title, description, date_created, image) VALUES (150, 86, 'My Rock Playlist 31', 'A collection of R&B tunes.', '2020-07-06', 'https://picsum.photos/id/346/180/180');
INSERT INTO PLAYLISTS (playlist_id, user_id, title, description, date_created, image) VALUES (151, 55, 'My Rock Playlist 17', 'A collection of Alternative tunes.', '2024-01-23', 'https://picsum.photos/id/365/180/180');
INSERT INTO PLAYLISTS (playlist_id, user_id, title, description, date_created, image) VALUES (152, 53, 'My Metal Playlist 95', 'A collection of Metal tunes.', '2020-11-28', 'https://picsum.photos/id/328/180/180');
INSERT INTO PLAYLISTS (playlist_id, user_id, title, description, date_created, image) VALUES (153, 91, 'My Country Playlist 85', 'A collection of Electronic tunes.', '2020-12-21', 'https://picsum.photos/id/342/180/180');
INSERT INTO PLAYLISTS (playlist_id, user_id, title, description, date_created, image) VALUES (154, 23, 'My Alternative Playlist 61', 'A collection of Reggae tunes.', '2021-10-01', 'https://picsum.photos/id/398/180/180');
INSERT INTO PLAYLISTS (playlist_id, user_id, title, description, date_created, image) VALUES (155, 95, 'My Blues Playlist 18', 'A collection of Folk tunes.', '2022-05-08', 'https://picsum.photos/id/319/180/180');
INSERT INTO PLAYLISTS (playlist_id, user_id, title, description, date_created, image) VALUES (156, 53, 'My Electronic Playlist 31', 'A collection of Jazz tunes.', '2023-12-05', 'https://picsum.photos/id/383/180/180');
INSERT INTO PLAYLISTS (playlist_id, user_id, title, description, date_created, image) VALUES (157, 25, 'My Hip Hop Playlist 82', 'A collection of Electronic tunes.', '2020-03-09', 'https://picsum.photos/id/391/180/180');
INSERT INTO PLAYLISTS (playlist_id, user_id, title, description, date_created, image) VALUES (158, 3, 'My Hip Hop Playlist 44', 'A collection of Metal tunes.', '2021-03-24', 'https://picsum.photos/id/337/180/180');
INSERT INTO PLAYLISTS (playlist_id, user_id, title, description, date_created, image) VALUES (159, 5, 'My Indie Playlist 38', 'A collection of Classical tunes.', '2021-05-09', 'https://picsum.photos/id/366/180/180');
INSERT INTO PLAYLISTS (playlist_id, user_id, title, description, date_created, image) VALUES (160, 16, 'My Dance Playlist 33', 'A collection of Hip Hop tunes.', '2024-01-07', 'https://picsum.photos/id/382/180/180');
INSERT INTO PLAYLISTS (playlist_id, user_id, title, description, date_created, image) VALUES (161, 42, 'My Metal Playlist 37', 'A collection of Electronic tunes.', '2021-12-27', 'https://picsum.photos/id/378/180/180');
INSERT INTO PLAYLISTS (playlist_id, user_id, title, description, date_created, image) VALUES (162, 68, 'My Metal Playlist 1', 'A collection of Hip Hop tunes.', '2022-10-30', 'https://picsum.photos/id/361/180/180');
INSERT INTO PLAYLISTS (playlist_id, user_id, title, description, date_created, image) VALUES (163, 71, 'My R&B Playlist 68', 'A collection of Metal tunes.', '2023-02-25', 'https://picsum.photos/id/400/180/180');
INSERT INTO PLAYLISTS (playlist_id, user_id, title, description, date_created, image) VALUES (164, 27, 'My Reggae Playlist 6', 'A collection of Reggae tunes.', '2020-05-08', 'https://picsum.photos/id/301/180/180');
INSERT INTO PLAYLISTS (playlist_id, user_id, title, description, date_created, image) VALUES (165, 63, 'My Hip Hop Playlist 64', 'A collection of Metal tunes.', '2023-01-22', 'https://picsum.photos/id/394/180/180');
INSERT INTO PLAYLISTS (playlist_id, user_id, title, description, date_created, image) VALUES (166, 84, 'My Dance Playlist 20', 'A collection of Reggae tunes.', '2021-11-26', 'https://picsum.photos/id/370/180/180');
INSERT INTO PLAYLISTS (playlist_id, user_id, title, description, date_created, image) VALUES (167, 1, 'My Country Playlist 28', 'A collection of Country tunes.', '2021-02-01', 'https://picsum.photos/id/306/180/180');
INSERT INTO PLAYLISTS (playlist_id, user_id, title, description, date_created, image) VALUES (168, 34, 'My Rock Playlist 73', 'A collection of Reggae tunes.', '2023-06-24', 'https://picsum.photos/id/326/180/180');
INSERT INTO PLAYLISTS (playlist_id, user_id, title, description, date_created, image) VALUES (169, 57, 'My Blues Playlist 34', 'A collection of Classical tunes.', '2022-06-27', 'https://picsum.photos/id/306/180/180');
INSERT INTO PLAYLISTS (playlist_id, user_id, title, description, date_created, image) VALUES (170, 26, 'My Rock Playlist 31', 'A collection of Blues tunes.', '2020-05-31', 'https://picsum.photos/id/307/180/180');
INSERT INTO PLAYLISTS (playlist_id, user_id, title, description, date_created, image) VALUES (171, 11, 'My Jazz Playlist 71', 'A collection of Dance tunes.', '2020-09-02', 'https://picsum.photos/id/355/180/180');
INSERT INTO PLAYLISTS (playlist_id, user_id, title, description, date_created, image) VALUES (172, 84, 'My Pop Playlist 99', 'A collection of Folk tunes.', '2023-08-12', 'https://picsum.photos/id/311/180/180');
INSERT INTO PLAYLISTS (playlist_id, user_id, title, description, date_created, image) VALUES (173, 76, 'My Folk Playlist 62', 'A collection of Country tunes.', '2020-05-15', 'https://picsum.photos/id/321/180/180');
INSERT INTO PLAYLISTS (playlist_id, user_id, title, description, date_created, image) VALUES (174, 48, 'My Electronic Playlist 56', 'A collection of Rock tunes.', '2020-07-29', 'https://picsum.photos/id/302/180/180');
INSERT INTO PLAYLISTS (playlist_id, user_id, title, description, date_created, image) VALUES (175, 2, 'My R&B Playlist 34', 'A collection of Alternative tunes.', '2022-12-23', 'https://picsum.photos/id/333/180/180');
INSERT INTO PLAYLISTS (playlist_id, user_id, title, description, date_created, image) VALUES (176, 80, 'My Hip Hop Playlist 11', 'A collection of Folk tunes.', '2023-09-14', 'https://picsum.photos/id/326/180/180');
INSERT INTO PLAYLISTS (playlist_id, user_id, title, description, date_created, image) VALUES (177, 35, 'My Rock Playlist 85', 'A collection of Alternative tunes.', '2024-01-02', 'https://picsum.photos/id/328/180/180');
INSERT INTO PLAYLISTS (playlist_id, user_id, title, description, date_created, image) VALUES (178, 76, 'My R&B Playlist 38', 'A collection of Country tunes.', '2021-07-23', 'https://picsum.photos/id/319/180/180');
INSERT INTO PLAYLISTS (playlist_id, user_id, title, description, date_created, image) VALUES (179, 34, 'My Folk Playlist 29', 'A collection of Pop tunes.', '2020-03-23', 'https://picsum.photos/id/362/180/180');
INSERT INTO PLAYLISTS (playlist_id, user_id, title, description, date_created, image) VALUES (180, 86, 'My Reggae Playlist 44', 'A collection of Dance tunes.', '2023-08-10', 'https://picsum.photos/id/378/180/180');
INSERT INTO PLAYLISTS (playlist_id, user_id, title, description, date_created, image) VALUES (181, 57, 'My Metal Playlist 89', 'A collection of Indie tunes.', '2022-12-25', 'https://picsum.photos/id/316/180/180');
INSERT INTO PLAYLISTS (playlist_id, user_id, title, description, date_created, image) VALUES (182, 99, 'My Electronic Playlist 44', 'A collection of Indie tunes.', '2021-08-18', 'https://picsum.photos/id/329/180/180');
INSERT INTO PLAYLISTS (playlist_id, user_id, title, description, date_created, image) VALUES (183, 10, 'My Pop Playlist 4', 'A collection of Hip Hop tunes.', '2023-06-13', 'https://picsum.photos/id/398/180/180');
INSERT INTO PLAYLISTS (playlist_id, user_id, title, description, date_created, image) VALUES (184, 66, 'My Classical Playlist 98', 'A collection of Metal tunes.', '2022-11-04', 'https://picsum.photos/id/367/180/180');
INSERT INTO PLAYLISTS (playlist_id, user_id, title, description, date_created, image) VALUES (185, 41, 'My Country Playlist 100', 'A collection of Alternative tunes.', '2020-12-24', 'https://picsum.photos/id/348/180/180');
INSERT INTO PLAYLISTS (playlist_id, user_id, title, description, date_created, image) VALUES (186, 1, 'My Electronic Playlist 24', 'A collection of Indie tunes.', '2023-08-21', 'https://picsum.photos/id/339/180/180');
INSERT INTO PLAYLISTS (playlist_id, user_id, title, description, date_created, image) VALUES (187, 30, 'My Reggae Playlist 69', 'A collection of Pop tunes.', '2023-08-18', 'https://picsum.photos/id/312/180/180');
INSERT INTO PLAYLISTS (playlist_id, user_id, title, description, date_created, image) VALUES (188, 28, 'My Folk Playlist 40', 'A collection of Metal tunes.', '2022-12-10', 'https://picsum.photos/id/365/180/180');
INSERT INTO PLAYLISTS (playlist_id, user_id, title, description, date_created, image) VALUES (189, 17, 'My Reggae Playlist 89', 'A collection of Folk tunes.', '2021-11-23', 'https://picsum.photos/id/382/180/180');
INSERT INTO PLAYLISTS (playlist_id, user_id, title, description, date_created, image) VALUES (190, 46, 'My Jazz Playlist 36', 'A collection of Hip Hop tunes.', '2021-09-20', 'https://picsum.photos/id/390/180/180');
INSERT INTO PLAYLISTS (playlist_id, user_id, title, description, date_created, image) VALUES (191, 21, 'My Jazz Playlist 64', 'A collection of Hip Hop tunes.', '2020-12-06', 'https://picsum.photos/id/380/180/180');
INSERT INTO PLAYLISTS (playlist_id, user_id, title, description, date_created, image) VALUES (192, 80, 'My Reggae Playlist 8', 'A collection of Pop tunes.', '2023-07-05', 'https://picsum.photos/id/379/180/180');
INSERT INTO PLAYLISTS (playlist_id, user_id, title, description, date_created, image) VALUES (193, 58, 'My Pop Playlist 78', 'A collection of Reggae tunes.', '2023-09-24', 'https://picsum.photos/id/363/180/180');
INSERT INTO PLAYLISTS (playlist_id, user_id, title, description, date_created, image) VALUES (194, 1, 'My Hip Hop Playlist 12', 'A collection of Rock tunes.', '2022-01-04', 'https://picsum.photos/id/375/180/180');
INSERT INTO PLAYLISTS (playlist_id, user_id, title, description, date_created, image) VALUES (195, 10, 'My Indie Playlist 18', 'A collection of Pop tunes.', '2021-08-22', 'https://picsum.photos/id/323/180/180');
INSERT INTO PLAYLISTS (playlist_id, user_id, title, description, date_created, image) VALUES (196, 100, 'My Rock Playlist 41', 'A collection of Alternative tunes.', '2020-06-22', 'https://picsum.photos/id/321/180/180');
INSERT INTO PLAYLISTS (playlist_id, user_id, title, description, date_created, image) VALUES (197, 74, 'My Reggae Playlist 24', 'A collection of R&B tunes.', '2020-03-27', 'https://picsum.photos/id/320/180/180');
INSERT INTO PLAYLISTS (playlist_id, user_id, title, description, date_created, image) VALUES (198, 65, 'My Rock Playlist 30', 'A collection of Reggae tunes.', '2023-06-20', 'https://picsum.photos/id/316/180/180');
INSERT INTO PLAYLISTS (playlist_id, user_id, title, description, date_created, image) VALUES (199, 69, 'My Blues Playlist 4', 'A collection of Classical tunes.', '2024-03-11', 'https://picsum.photos/id/349/180/180');
INSERT INTO PLAYLISTS (playlist_id, user_id, title, description, date_created, image) VALUES (200, 79, 'My Indie Playlist 54', 'A collection of Dance tunes.', '2021-10-04', 'https://picsum.photos/id/351/180/180');
INSERT INTO PLAYLISTS (playlist_id, user_id, title, description, date_created, image) VALUES (201, 54, 'My Indie Playlist 73', 'A collection of Country tunes.', '2020-07-13', 'https://picsum.photos/id/317/180/180');
INSERT INTO PLAYLISTS (playlist_id, user_id, title, description, date_created, image) VALUES (202, 13, 'My Jazz Playlist 57', 'A collection of Dance tunes.', '2022-12-25', 'https://picsum.photos/id/380/180/180');
INSERT INTO PLAYLISTS (playlist_id, user_id, title, description, date_created, image) VALUES (203, 61, 'My Classical Playlist 52', 'A collection of Classical tunes.', '2020-03-12', 'https://picsum.photos/id/327/180/180');
INSERT INTO PLAYLISTS (playlist_id, user_id, title, description, date_created, image) VALUES (204, 82, 'My Country Playlist 53', 'A collection of Reggae tunes.', '2022-07-28', 'https://picsum.photos/id/397/180/180');
INSERT INTO PLAYLISTS (playlist_id, user_id, title, description, date_created, image) VALUES (205, 78, 'My Jazz Playlist 63', 'A collection of Dance tunes.', '2021-01-12', 'https://picsum.photos/id/339/180/180');
INSERT INTO PLAYLISTS (playlist_id, user_id, title, description, date_created, image) VALUES (206, 38, 'My Folk Playlist 100', 'A collection of Hip Hop tunes.', '2020-09-22', 'https://picsum.photos/id/390/180/180');
INSERT INTO PLAYLISTS (playlist_id, user_id, title, description, date_created, image) VALUES (207, 98, 'My R&B Playlist 45', 'A collection of Rock tunes.', '2022-12-20', 'https://picsum.photos/id/384/180/180');
INSERT INTO PLAYLISTS (playlist_id, user_id, title, description, date_created, image) VALUES (208, 38, 'My Electronic Playlist 25', 'A collection of Indie tunes.', '2023-02-07', 'https://picsum.photos/id/305/180/180');
INSERT INTO PLAYLISTS (playlist_id, user_id, title, description, date_created, image) VALUES (209, 1, 'My Blues Playlist 33', 'A collection of Hip Hop tunes.', '2022-05-04', 'https://picsum.photos/id/399/180/180');
INSERT INTO PLAYLISTS (playlist_id, user_id, title, description, date_created, image) VALUES (210, 57, 'My R&B Playlist 79', 'A collection of Rock tunes.', '2022-11-18', 'https://picsum.photos/id/360/180/180');
INSERT INTO PLAYLISTS (playlist_id, user_id, title, description, date_created, image) VALUES (211, 76, 'My Indie Playlist 68', 'A collection of Classical tunes.', '2020-05-26', 'https://picsum.photos/id/302/180/180');
INSERT INTO PLAYLISTS (playlist_id, user_id, title, description, date_created, image) VALUES (212, 19, 'My R&B Playlist 88', 'A collection of Rock tunes.', '2021-02-17', 'https://picsum.photos/id/325/180/180');
INSERT INTO PLAYLISTS (playlist_id, user_id, title, description, date_created, image) VALUES (213, 1, 'My Pop Playlist 56', 'A collection of Metal tunes.', '2023-11-09', 'https://picsum.photos/id/380/180/180');
INSERT INTO PLAYLISTS (playlist_id, user_id, title, description, date_created, image) VALUES (214, 15, 'My Country Playlist 78', 'A collection of Country tunes.', '2020-06-25', 'https://picsum.photos/id/344/180/180');
INSERT INTO PLAYLISTS (playlist_id, user_id, title, description, date_created, image) VALUES (215, 72, 'My Alternative Playlist 6', 'A collection of Electronic tunes.', '2022-11-06', 'https://picsum.photos/id/313/180/180');
INSERT INTO PLAYLISTS (playlist_id, user_id, title, description, date_created, image) VALUES (216, 96, 'My Blues Playlist 89', 'A collection of R&B tunes.', '2020-05-26', 'https://picsum.photos/id/362/180/180');
INSERT INTO PLAYLISTS (playlist_id, user_id, title, description, date_created, image) VALUES (217, 60, 'My Alternative Playlist 100', 'A collection of Metal tunes.', '2020-11-29', 'https://picsum.photos/id/361/180/180');
INSERT INTO PLAYLISTS (playlist_id, user_id, title, description, date_created, image) VALUES (218, 56, 'My Country Playlist 9', 'A collection of Classical tunes.', '2022-07-18', 'https://picsum.photos/id/354/180/180');
INSERT INTO PLAYLISTS (playlist_id, user_id, title, description, date_created, image) VALUES (219, 55, 'My Folk Playlist 91', 'A collection of Jazz tunes.', '2020-06-23', 'https://picsum.photos/id/369/180/180');
INSERT INTO PLAYLISTS (playlist_id, user_id, title, description, date_created, image) VALUES (220, 69, 'My Dance Playlist 9', 'A collection of Blues tunes.', '2022-01-01', 'https://picsum.photos/id/352/180/180');
INSERT INTO PLAYLISTS (playlist_id, user_id, title, description, date_created, image) VALUES (221, 98, 'My Jazz Playlist 18', 'A collection of Hip Hop tunes.', '2023-08-07', 'https://picsum.photos/id/319/180/180');
INSERT INTO PLAYLISTS (playlist_id, user_id, title, description, date_created, image) VALUES (222, 53, 'My Blues Playlist 77', 'A collection of Electronic tunes.', '2024-05-02', 'https://picsum.photos/id/318/180/180');
INSERT INTO PLAYLISTS (playlist_id, user_id, title, description, date_created, image) VALUES (223, 83, 'My Classical Playlist 7', 'A collection of Pop tunes.', '2021-05-10', 'https://picsum.photos/id/332/180/180');
INSERT INTO PLAYLISTS (playlist_id, user_id, title, description, date_created, image) VALUES (224, 6, 'My Electronic Playlist 76', 'A collection of Metal tunes.', '2021-05-26', 'https://picsum.photos/id/380/180/180');
INSERT INTO PLAYLISTS (playlist_id, user_id, title, description, date_created, image) VALUES (225, 87, 'My Alternative Playlist 81', 'A collection of Classical tunes.', '2022-06-24', 'https://picsum.photos/id/339/180/180');
INSERT INTO PLAYLISTS (playlist_id, user_id, title, description, date_created, image) VALUES (226, 82, 'My Rock Playlist 39', 'A collection of Alternative tunes.', '2022-05-21', 'https://picsum.photos/id/306/180/180');
INSERT INTO PLAYLISTS (playlist_id, user_id, title, description, date_created, image) VALUES (227, 13, 'My Jazz Playlist 56', 'A collection of Indie tunes.', '2023-09-02', 'https://picsum.photos/id/301/180/180');
INSERT INTO PLAYLISTS (playlist_id, user_id, title, description, date_created, image) VALUES (228, 48, 'My Country Playlist 50', 'A collection of Blues tunes.', '2023-05-25', 'https://picsum.photos/id/325/180/180');
INSERT INTO PLAYLISTS (playlist_id, user_id, title, description, date_created, image) VALUES (229, 78, 'My Hip Hop Playlist 71', 'A collection of Electronic tunes.', '2023-12-26', 'https://picsum.photos/id/301/180/180');
INSERT INTO PLAYLISTS (playlist_id, user_id, title, description, date_created, image) VALUES (230, 46, 'My Alternative Playlist 91', 'A collection of Metal tunes.', '2020-04-08', 'https://picsum.photos/id/308/180/180');
INSERT INTO PLAYLISTS (playlist_id, user_id, title, description, date_created, image) VALUES (231, 41, 'My Hip Hop Playlist 26', 'A collection of Classical tunes.', '2020-02-09', 'https://picsum.photos/id/336/180/180');
INSERT INTO PLAYLISTS (playlist_id, user_id, title, description, date_created, image) VALUES (232, 32, 'My Jazz Playlist 91', 'A collection of Jazz tunes.', '2020-05-30', 'https://picsum.photos/id/315/180/180');
INSERT INTO PLAYLISTS (playlist_id, user_id, title, description, date_created, image) VALUES (233, 78, 'My Rock Playlist 79', 'A collection of Jazz tunes.', '2021-03-25', 'https://picsum.photos/id/387/180/180');
INSERT INTO PLAYLISTS (playlist_id, user_id, title, description, date_created, image) VALUES (234, 80, 'My Folk Playlist 67', 'A collection of R&B tunes.', '2022-10-18', 'https://picsum.photos/id/350/180/180');
INSERT INTO PLAYLISTS (playlist_id, user_id, title, description, date_created, image) VALUES (235, 82, 'My Reggae Playlist 4', 'A collection of Hip Hop tunes.', '2021-06-03', 'https://picsum.photos/id/345/180/180');
INSERT INTO PLAYLISTS (playlist_id, user_id, title, description, date_created, image) VALUES (236, 27, 'My Rock Playlist 73', 'A collection of Blues tunes.', '2024-04-30', 'https://picsum.photos/id/389/180/180');
INSERT INTO PLAYLISTS (playlist_id, user_id, title, description, date_created, image) VALUES (237, 95, 'My Indie Playlist 91', 'A collection of Rock tunes.', '2023-02-09', 'https://picsum.photos/id/376/180/180');
INSERT INTO PLAYLISTS (playlist_id, user_id, title, description, date_created, image) VALUES (238, 14, 'My Blues Playlist 99', 'A collection of Electronic tunes.', '2022-12-10', 'https://picsum.photos/id/302/180/180');
INSERT INTO PLAYLISTS (playlist_id, user_id, title, description, date_created, image) VALUES (239, 61, 'My Blues Playlist 46', 'A collection of Pop tunes.', '2020-06-21', 'https://picsum.photos/id/383/180/180');
INSERT INTO PLAYLISTS (playlist_id, user_id, title, description, date_created, image) VALUES (240, 67, 'My Classical Playlist 99', 'A collection of Dance tunes.', '2022-03-26', 'https://picsum.photos/id/366/180/180');
INSERT INTO PLAYLISTS (playlist_id, user_id, title, description, date_created, image) VALUES (241, 68, 'My Folk Playlist 44', 'A collection of Country tunes.', '2021-05-01', 'https://picsum.photos/id/379/180/180');
INSERT INTO PLAYLISTS (playlist_id, user_id, title, description, date_created, image) VALUES (242, 46, 'My Rock Playlist 37', 'A collection of Indie tunes.', '2022-12-02', 'https://picsum.photos/id/347/180/180');
INSERT INTO PLAYLISTS (playlist_id, user_id, title, description, date_created, image) VALUES (243, 24, 'My Electronic Playlist 6', 'A collection of Reggae tunes.', '2022-01-23', 'https://picsum.photos/id/331/180/180');
INSERT INTO PLAYLISTS (playlist_id, user_id, title, description, date_created, image) VALUES (244, 2, 'My Country Playlist 98', 'A collection of Rock tunes.', '2022-07-16', 'https://picsum.photos/id/372/180/180');
INSERT INTO PLAYLISTS (playlist_id, user_id, title, description, date_created, image) VALUES (245, 47, 'My Dance Playlist 16', 'A collection of Alternative tunes.', '2022-02-12', 'https://picsum.photos/id/332/180/180');
INSERT INTO PLAYLISTS (playlist_id, user_id, title, description, date_created, image) VALUES (246, 2, 'My Indie Playlist 100', 'A collection of Jazz tunes.', '2020-02-25', 'https://picsum.photos/id/380/180/180');
INSERT INTO PLAYLISTS (playlist_id, user_id, title, description, date_created, image) VALUES (247, 58, 'My Indie Playlist 62', 'A collection of Rock tunes.', '2023-07-10', 'https://picsum.photos/id/324/180/180');
INSERT INTO PLAYLISTS (playlist_id, user_id, title, description, date_created, image) VALUES (248, 99, 'My Jazz Playlist 55', 'A collection of Rock tunes.', '2021-01-30', 'https://picsum.photos/id/336/180/180');
INSERT INTO PLAYLISTS (playlist_id, user_id, title, description, date_created, image) VALUES (249, 10, 'My Country Playlist 1', 'A collection of Pop tunes.', '2020-08-02', 'https://picsum.photos/id/355/180/180');
INSERT INTO PLAYLISTS (playlist_id, user_id, title, description, date_created, image) VALUES (250, 52, 'My Dance Playlist 18', 'A collection of Electronic tunes.', '2021-05-01', 'https://picsum.photos/id/347/180/180');
INSERT INTO PLAYLISTS (playlist_id, user_id, title, description, date_created, image) VALUES (251, 35, 'My R&B Playlist 85', 'A collection of Alternative tunes.', '2021-03-21', 'https://picsum.photos/id/394/180/180');
INSERT INTO PLAYLISTS (playlist_id, user_id, title, description, date_created, image) VALUES (252, 86, 'My Pop Playlist 23', 'A collection of Folk tunes.', '2024-04-15', 'https://picsum.photos/id/331/180/180');
INSERT INTO PLAYLISTS (playlist_id, user_id, title, description, date_created, image) VALUES (253, 73, 'My Alternative Playlist 80', 'A collection of Hip Hop tunes.', '2021-11-16', 'https://picsum.photos/id/382/180/180');
INSERT INTO PLAYLISTS (playlist_id, user_id, title, description, date_created, image) VALUES (254, 91, 'My Classical Playlist 70', 'A collection of Dance tunes.', '2024-04-15', 'https://picsum.photos/id/348/180/180');
INSERT INTO PLAYLISTS (playlist_id, user_id, title, description, date_created, image) VALUES (255, 63, 'My Indie Playlist 44', 'A collection of Classical tunes.', '2020-01-21', 'https://picsum.photos/id/336/180/180');
INSERT INTO PLAYLISTS (playlist_id, user_id, title, description, date_created, image) VALUES (256, 17, 'My Alternative Playlist 55', 'A collection of Jazz tunes.', '2022-10-18', 'https://picsum.photos/id/337/180/180');
INSERT INTO PLAYLISTS (playlist_id, user_id, title, description, date_created, image) VALUES (257, 90, 'My Reggae Playlist 69', 'A collection of Alternative tunes.', '2023-08-06', 'https://picsum.photos/id/363/180/180');
INSERT INTO PLAYLISTS (playlist_id, user_id, title, description, date_created, image) VALUES (258, 36, 'My Jazz Playlist 52', 'A collection of Rock tunes.', '2020-08-06', 'https://picsum.photos/id/343/180/180');
INSERT INTO PLAYLISTS (playlist_id, user_id, title, description, date_created, image) VALUES (259, 74, 'My Folk Playlist 24', 'A collection of Hip Hop tunes.', '2021-06-19', 'https://picsum.photos/id/370/180/180');
INSERT INTO PLAYLISTS (playlist_id, user_id, title, description, date_created, image) VALUES (260, 61, 'My Dance Playlist 59', 'A collection of R&B tunes.', '2023-02-03', 'https://picsum.photos/id/384/180/180');
INSERT INTO PLAYLISTS (playlist_id, user_id, title, description, date_created, image) VALUES (261, 21, 'My Hip Hop Playlist 43', 'A collection of Reggae tunes.', '2022-10-18', 'https://picsum.photos/id/386/180/180');
INSERT INTO PLAYLISTS (playlist_id, user_id, title, description, date_created, image) VALUES (262, 42, 'My Pop Playlist 47', 'A collection of Folk tunes.', '2020-07-16', 'https://picsum.photos/id/339/180/180');
INSERT INTO PLAYLISTS (playlist_id, user_id, title, description, date_created, image) VALUES (263, 60, 'My Reggae Playlist 42', 'A collection of Folk tunes.', '2022-09-06', 'https://picsum.photos/id/335/180/180');
INSERT INTO PLAYLISTS (playlist_id, user_id, title, description, date_created, image) VALUES (264, 1, 'My Jazz Playlist 71', 'A collection of Hip Hop tunes.', '2023-02-22', 'https://picsum.photos/id/356/180/180');
INSERT INTO PLAYLISTS (playlist_id, user_id, title, description, date_created, image) VALUES (265, 74, 'My Pop Playlist 79', 'A collection of Jazz tunes.', '2022-12-03', 'https://picsum.photos/id/307/180/180');
INSERT INTO PLAYLISTS (playlist_id, user_id, title, description, date_created, image) VALUES (266, 29, 'My Electronic Playlist 64', 'A collection of Classical tunes.', '2021-05-03', 'https://picsum.photos/id/400/180/180');
INSERT INTO PLAYLISTS (playlist_id, user_id, title, description, date_created, image) VALUES (267, 53, 'My Reggae Playlist 80', 'A collection of Indie tunes.', '2020-03-01', 'https://picsum.photos/id/354/180/180');
INSERT INTO PLAYLISTS (playlist_id, user_id, title, description, date_created, image) VALUES (268, 15, 'My Metal Playlist 97', 'A collection of Hip Hop tunes.', '2020-05-16', 'https://picsum.photos/id/355/180/180');
INSERT INTO PLAYLISTS (playlist_id, user_id, title, description, date_created, image) VALUES (269, 57, 'My Indie Playlist 90', 'A collection of Blues tunes.', '2022-07-25', 'https://picsum.photos/id/344/180/180');
INSERT INTO PLAYLISTS (playlist_id, user_id, title, description, date_created, image) VALUES (270, 91, 'My Pop Playlist 83', 'A collection of Country tunes.', '2023-06-15', 'https://picsum.photos/id/347/180/180');
INSERT INTO PLAYLISTS (playlist_id, user_id, title, description, date_created, image) VALUES (271, 25, 'My Country Playlist 31', 'A collection of Pop tunes.', '2023-02-19', 'https://picsum.photos/id/327/180/180');
INSERT INTO PLAYLISTS (playlist_id, user_id, title, description, date_created, image) VALUES (272, 84, 'My Pop Playlist 70', 'A collection of Country tunes.', '2024-04-28', 'https://picsum.photos/id/353/180/180');
INSERT INTO PLAYLISTS (playlist_id, user_id, title, description, date_created, image) VALUES (273, 3, 'My Classical Playlist 16', 'A collection of Rock tunes.', '2022-12-19', 'https://picsum.photos/id/374/180/180');
INSERT INTO PLAYLISTS (playlist_id, user_id, title, description, date_created, image) VALUES (274, 92, 'My Classical Playlist 64', 'A collection of Classical tunes.', '2022-12-12', 'https://picsum.photos/id/362/180/180');
INSERT INTO PLAYLISTS (playlist_id, user_id, title, description, date_created, image) VALUES (275, 31, 'My Indie Playlist 39', 'A collection of Dance tunes.', '2021-02-24', 'https://picsum.photos/id/400/180/180');
INSERT INTO PLAYLISTS (playlist_id, user_id, title, description, date_created, image) VALUES (276, 36, 'My Classical Playlist 5', 'A collection of Blues tunes.', '2022-02-22', 'https://picsum.photos/id/361/180/180');
INSERT INTO PLAYLISTS (playlist_id, user_id, title, description, date_created, image) VALUES (277, 12, 'My Blues Playlist 78', 'A collection of Blues tunes.', '2024-03-15', 'https://picsum.photos/id/380/180/180');
INSERT INTO PLAYLISTS (playlist_id, user_id, title, description, date_created, image) VALUES (278, 62, 'My Classical Playlist 90', 'A collection of Pop tunes.', '2020-06-30', 'https://picsum.photos/id/331/180/180');
INSERT INTO PLAYLISTS (playlist_id, user_id, title, description, date_created, image) VALUES (279, 99, 'My Metal Playlist 85', 'A collection of Reggae tunes.', '2020-03-16', 'https://picsum.photos/id/317/180/180');
INSERT INTO PLAYLISTS (playlist_id, user_id, title, description, date_created, image) VALUES (280, 81, 'My Classical Playlist 67', 'A collection of R&B tunes.', '2023-02-18', 'https://picsum.photos/id/367/180/180');
INSERT INTO PLAYLISTS (playlist_id, user_id, title, description, date_created, image) VALUES (281, 91, 'My Electronic Playlist 33', 'A collection of Folk tunes.', '2023-08-15', 'https://picsum.photos/id/371/180/180');
INSERT INTO PLAYLISTS (playlist_id, user_id, title, description, date_created, image) VALUES (282, 60, 'My Dance Playlist 2', 'A collection of Jazz tunes.', '2023-12-06', 'https://picsum.photos/id/374/180/180');
INSERT INTO PLAYLISTS (playlist_id, user_id, title, description, date_created, image) VALUES (283, 27, 'My Metal Playlist 42', 'A collection of Rock tunes.', '2021-05-23', 'https://picsum.photos/id/398/180/180');
INSERT INTO PLAYLISTS (playlist_id, user_id, title, description, date_created, image) VALUES (284, 62, 'My Dance Playlist 11', 'A collection of Metal tunes.', '2022-09-14', 'https://picsum.photos/id/334/180/180');
INSERT INTO PLAYLISTS (playlist_id, user_id, title, description, date_created, image) VALUES (285, 37, 'My Metal Playlist 19', 'A collection of Country tunes.', '2022-11-26', 'https://picsum.photos/id/376/180/180');
INSERT INTO PLAYLISTS (playlist_id, user_id, title, description, date_created, image) VALUES (286, 68, 'My Folk Playlist 37', 'A collection of Pop tunes.', '2022-02-07', 'https://picsum.photos/id/321/180/180');
INSERT INTO PLAYLISTS (playlist_id, user_id, title, description, date_created, image) VALUES (287, 19, 'My Classical Playlist 44', 'A collection of Metal tunes.', '2024-04-10', 'https://picsum.photos/id/340/180/180');
INSERT INTO PLAYLISTS (playlist_id, user_id, title, description, date_created, image) VALUES (288, 39, 'My Jazz Playlist 34', 'A collection of Dance tunes.', '2023-06-16', 'https://picsum.photos/id/338/180/180');
INSERT INTO PLAYLISTS (playlist_id, user_id, title, description, date_created, image) VALUES (289, 72, 'My Classical Playlist 54', 'A collection of R&B tunes.', '2021-08-16', 'https://picsum.photos/id/400/180/180');
INSERT INTO PLAYLISTS (playlist_id, user_id, title, description, date_created, image) VALUES (290, 81, 'My Rock Playlist 69', 'A collection of Folk tunes.', '2023-10-09', 'https://picsum.photos/id/341/180/180');
INSERT INTO PLAYLISTS (playlist_id, user_id, title, description, date_created, image) VALUES (291, 16, 'My Blues Playlist 71', 'A collection of Alternative tunes.', '2024-03-15', 'https://picsum.photos/id/366/180/180');
INSERT INTO PLAYLISTS (playlist_id, user_id, title, description, date_created, image) VALUES (292, 37, 'My Country Playlist 41', 'A collection of Classical tunes.', '2020-07-21', 'https://picsum.photos/id/345/180/180');
INSERT INTO PLAYLISTS (playlist_id, user_id, title, description, date_created, image) VALUES (293, 47, 'My Metal Playlist 31', 'A collection of Electronic tunes.', '2021-12-02', 'https://picsum.photos/id/339/180/180');
INSERT INTO PLAYLISTS (playlist_id, user_id, title, description, date_created, image) VALUES (294, 98, 'My Metal Playlist 42', 'A collection of Metal tunes.', '2021-10-29', 'https://picsum.photos/id/310/180/180');
INSERT INTO PLAYLISTS (playlist_id, user_id, title, description, date_created, image) VALUES (295, 29, 'My Metal Playlist 49', 'A collection of Metal tunes.', '2023-10-06', 'https://picsum.photos/id/329/180/180');
INSERT INTO PLAYLISTS (playlist_id, user_id, title, description, date_created, image) VALUES (296, 45, 'My Folk Playlist 84', 'A collection of R&B tunes.', '2024-04-14', 'https://picsum.photos/id/390/180/180');
INSERT INTO PLAYLISTS (playlist_id, user_id, title, description, date_created, image) VALUES (297, 17, 'My Metal Playlist 29', 'A collection of Folk tunes.', '2024-05-16', 'https://picsum.photos/id/333/180/180');
INSERT INTO PLAYLISTS (playlist_id, user_id, title, description, date_created, image) VALUES (298, 6, 'My Dance Playlist 50', 'A collection of Dance tunes.', '2023-06-26', 'https://picsum.photos/id/357/180/180');
INSERT INTO PLAYLISTS (playlist_id, user_id, title, description, date_created, image) VALUES (299, 84, 'My Rock Playlist 65', 'A collection of Blues tunes.', '2023-05-11', 'https://picsum.photos/id/384/180/180');
INSERT INTO PLAYLISTS (playlist_id, user_id, title, description, date_created, image) VALUES (300, 73, 'My Folk Playlist 67', 'A collection of Reggae tunes.', '2021-04-10', 'https://picsum.photos/id/377/180/180');
INSERT INTO PLAYLISTS (playlist_id, user_id, title, description, date_created, image) VALUES (301, 33, 'My Jazz Playlist 96', 'A collection of Blues tunes.', '2022-02-15', 'https://picsum.photos/id/342/180/180');
INSERT INTO PLAYLISTS (playlist_id, user_id, title, description, date_created, image) VALUES (302, 84, 'My Alternative Playlist 32', 'A collection of Country tunes.', '2023-04-23', 'https://picsum.photos/id/373/180/180');
INSERT INTO PLAYLISTS (playlist_id, user_id, title, description, date_created, image) VALUES (303, 51, 'My Folk Playlist 87', 'A collection of Folk tunes.', '2021-03-05', 'https://picsum.photos/id/348/180/180');
INSERT INTO PLAYLISTS (playlist_id, user_id, title, description, date_created, image) VALUES (304, 95, 'My Country Playlist 33', 'A collection of Jazz tunes.', '2024-03-30', 'https://picsum.photos/id/367/180/180');
INSERT INTO PLAYLISTS (playlist_id, user_id, title, description, date_created, image) VALUES (305, 9, 'My Reggae Playlist 34', 'A collection of Jazz tunes.', '2023-04-05', 'https://picsum.photos/id/301/180/180');
INSERT INTO PLAYLISTS (playlist_id, user_id, title, description, date_created, image) VALUES (306, 42, 'My Dance Playlist 2', 'A collection of Classical tunes.', '2021-08-03', 'https://picsum.photos/id/399/180/180');
INSERT INTO PLAYLISTS (playlist_id, user_id, title, description, date_created, image) VALUES (307, 12, 'My Alternative Playlist 80', 'A collection of Jazz tunes.', '2022-08-02', 'https://picsum.photos/id/344/180/180');
INSERT INTO PLAYLISTS (playlist_id, user_id, title, description, date_created, image) VALUES (308, 29, 'My Pop Playlist 89', 'A collection of R&B tunes.', '2020-10-16', 'https://picsum.photos/id/312/180/180');
INSERT INTO PLAYLISTS (playlist_id, user_id, title, description, date_created, image) VALUES (309, 14, 'My Dance Playlist 47', 'A collection of Electronic tunes.', '2024-01-09', 'https://picsum.photos/id/331/180/180');
INSERT INTO PLAYLISTS (playlist_id, user_id, title, description, date_created, image) VALUES (310, 95, 'My Pop Playlist 23', 'A collection of Jazz tunes.', '2023-09-11', 'https://picsum.photos/id/339/180/180');
INSERT INTO PLAYLISTS (playlist_id, user_id, title, description, date_created, image) VALUES (311, 47, 'My Jazz Playlist 93', 'A collection of Jazz tunes.', '2021-04-16', 'https://picsum.photos/id/393/180/180');
INSERT INTO PLAYLISTS (playlist_id, user_id, title, description, date_created, image) VALUES (312, 73, 'My Reggae Playlist 26', 'A collection of Jazz tunes.', '2020-03-08', 'https://picsum.photos/id/382/180/180');
INSERT INTO PLAYLISTS (playlist_id, user_id, title, description, date_created, image) VALUES (313, 40, 'My Rock Playlist 18', 'A collection of Metal tunes.', '2020-07-06', 'https://picsum.photos/id/353/180/180');
INSERT INTO PLAYLISTS (playlist_id, user_id, title, description, date_created, image) VALUES (314, 33, 'My Metal Playlist 67', 'A collection of Blues tunes.', '2021-08-12', 'https://picsum.photos/id/356/180/180');
INSERT INTO PLAYLISTS (playlist_id, user_id, title, description, date_created, image) VALUES (315, 4, 'My Country Playlist 49', 'A collection of Reggae tunes.', '2023-04-23', 'https://picsum.photos/id/333/180/180');
INSERT INTO PLAYLISTS (playlist_id, user_id, title, description, date_created, image) VALUES (316, 40, 'My Rock Playlist 65', 'A collection of Metal tunes.', '2023-06-16', 'https://picsum.photos/id/347/180/180');
INSERT INTO PLAYLISTS (playlist_id, user_id, title, description, date_created, image) VALUES (317, 99, 'My Metal Playlist 5', 'A collection of Jazz tunes.', '2023-10-29', 'https://picsum.photos/id/327/180/180');
INSERT INTO PLAYLISTS (playlist_id, user_id, title, description, date_created, image) VALUES (318, 80, 'My Electronic Playlist 34', 'A collection of Dance tunes.', '2020-01-28', 'https://picsum.photos/id/331/180/180');
INSERT INTO PLAYLISTS (playlist_id, user_id, title, description, date_created, image) VALUES (319, 63, 'My Reggae Playlist 95', 'A collection of Pop tunes.', '2023-11-27', 'https://picsum.photos/id/312/180/180');
INSERT INTO PLAYLISTS (playlist_id, user_id, title, description, date_created, image) VALUES (320, 96, 'My Rock Playlist 23', 'A collection of Rock tunes.', '2023-01-21', 'https://picsum.photos/id/301/180/180');
INSERT INTO PLAYLISTS (playlist_id, user_id, title, description, date_created, image) VALUES (321, 63, 'My Jazz Playlist 14', 'A collection of Dance tunes.', '2021-01-25', 'https://picsum.photos/id/338/180/180');
INSERT INTO PLAYLISTS (playlist_id, user_id, title, description, date_created, image) VALUES (322, 55, 'My Metal Playlist 26', 'A collection of Folk tunes.', '2021-04-12', 'https://picsum.photos/id/312/180/180');
INSERT INTO PLAYLISTS (playlist_id, user_id, title, description, date_created, image) VALUES (323, 94, 'My Metal Playlist 99', 'A collection of Country tunes.', '2023-07-30', 'https://picsum.photos/id/319/180/180');
INSERT INTO PLAYLISTS (playlist_id, user_id, title, description, date_created, image) VALUES (324, 77, 'My Country Playlist 1', 'A collection of Folk tunes.', '2022-12-13', 'https://picsum.photos/id/317/180/180');
INSERT INTO PLAYLISTS (playlist_id, user_id, title, description, date_created, image) VALUES (325, 14, 'My Jazz Playlist 7', 'A collection of Metal tunes.', '2023-04-29', 'https://picsum.photos/id/340/180/180');
INSERT INTO PLAYLISTS (playlist_id, user_id, title, description, date_created, image) VALUES (326, 42, 'My Reggae Playlist 5', 'A collection of Pop tunes.', '2020-07-17', 'https://picsum.photos/id/351/180/180');
INSERT INTO PLAYLISTS (playlist_id, user_id, title, description, date_created, image) VALUES (327, 5, 'My Dance Playlist 74', 'A collection of Pop tunes.', '2024-05-16', 'https://picsum.photos/id/316/180/180');
INSERT INTO PLAYLISTS (playlist_id, user_id, title, description, date_created, image) VALUES (328, 72, 'My Rock Playlist 1', 'A collection of Hip Hop tunes.', '2022-12-26', 'https://picsum.photos/id/394/180/180');
INSERT INTO PLAYLISTS (playlist_id, user_id, title, description, date_created, image) VALUES (329, 2, 'My Metal Playlist 66', 'A collection of Classical tunes.', '2021-12-25', 'https://picsum.photos/id/325/180/180');
INSERT INTO PLAYLISTS (playlist_id, user_id, title, description, date_created, image) VALUES (330, 78, 'My Blues Playlist 34', 'A collection of Jazz tunes.', '2022-12-19', 'https://picsum.photos/id/303/180/180');
INSERT INTO PLAYLISTS (playlist_id, user_id, title, description, date_created, image) VALUES (331, 71, 'My R&B Playlist 12', 'A collection of Folk tunes.', '2020-01-31', 'https://picsum.photos/id/318/180/180');
INSERT INTO PLAYLISTS (playlist_id, user_id, title, description, date_created, image) VALUES (332, 42, 'My Pop Playlist 86', 'A collection of Rock tunes.', '2022-04-04', 'https://picsum.photos/id/318/180/180');
INSERT INTO PLAYLISTS (playlist_id, user_id, title, description, date_created, image) VALUES (333, 8, 'My Metal Playlist 22', 'A collection of Pop tunes.', '2021-06-22', 'https://picsum.photos/id/357/180/180');
INSERT INTO PLAYLISTS (playlist_id, user_id, title, description, date_created, image) VALUES (334, 94, 'My Dance Playlist 29', 'A collection of R&B tunes.', '2021-09-28', 'https://picsum.photos/id/386/180/180');
INSERT INTO PLAYLISTS (playlist_id, user_id, title, description, date_created, image) VALUES (335, 41, 'My Indie Playlist 87', 'A collection of Classical tunes.', '2022-12-20', 'https://picsum.photos/id/354/180/180');
INSERT INTO PLAYLISTS (playlist_id, user_id, title, description, date_created, image) VALUES (336, 66, 'My Metal Playlist 78', 'A collection of Electronic tunes.', '2020-04-18', 'https://picsum.photos/id/362/180/180');
INSERT INTO PLAYLISTS (playlist_id, user_id, title, description, date_created, image) VALUES (337, 90, 'My Jazz Playlist 6', 'A collection of Metal tunes.', '2021-03-13', 'https://picsum.photos/id/309/180/180');
INSERT INTO PLAYLISTS (playlist_id, user_id, title, description, date_created, image) VALUES (338, 86, 'My Blues Playlist 64', 'A collection of R&B tunes.', '2022-06-11', 'https://picsum.photos/id/392/180/180');
INSERT INTO PLAYLISTS (playlist_id, user_id, title, description, date_created, image) VALUES (339, 16, 'My Alternative Playlist 1', 'A collection of Reggae tunes.', '2023-02-26', 'https://picsum.photos/id/353/180/180');
INSERT INTO PLAYLISTS (playlist_id, user_id, title, description, date_created, image) VALUES (340, 99, 'My Hip Hop Playlist 71', 'A collection of Electronic tunes.', '2024-05-15', 'https://picsum.photos/id/350/180/180');
INSERT INTO PLAYLISTS (playlist_id, user_id, title, description, date_created, image) VALUES (341, 58, 'My Alternative Playlist 75', 'A collection of Jazz tunes.', '2020-03-13', 'https://picsum.photos/id/392/180/180');
INSERT INTO PLAYLISTS (playlist_id, user_id, title, description, date_created, image) VALUES (342, 26, 'My Metal Playlist 28', 'A collection of Electronic tunes.', '2021-05-04', 'https://picsum.photos/id/354/180/180');
INSERT INTO PLAYLISTS (playlist_id, user_id, title, description, date_created, image) VALUES (343, 14, 'My Indie Playlist 45', 'A collection of Classical tunes.', '2020-07-09', 'https://picsum.photos/id/353/180/180');
INSERT INTO PLAYLISTS (playlist_id, user_id, title, description, date_created, image) VALUES (344, 88, 'My Blues Playlist 18', 'A collection of Rock tunes.', '2023-08-09', 'https://picsum.photos/id/311/180/180');
INSERT INTO PLAYLISTS (playlist_id, user_id, title, description, date_created, image) VALUES (345, 38, 'My Metal Playlist 70', 'A collection of Jazz tunes.', '2023-06-25', 'https://picsum.photos/id/301/180/180');
INSERT INTO PLAYLISTS (playlist_id, user_id, title, description, date_created, image) VALUES (346, 27, 'My Country Playlist 41', 'A collection of Electronic tunes.', '2024-04-20', 'https://picsum.photos/id/353/180/180');
INSERT INTO PLAYLISTS (playlist_id, user_id, title, description, date_created, image) VALUES (347, 55, 'My Rock Playlist 84', 'A collection of Classical tunes.', '2020-01-20', 'https://picsum.photos/id/369/180/180');
INSERT INTO PLAYLISTS (playlist_id, user_id, title, description, date_created, image) VALUES (348, 35, 'My Folk Playlist 71', 'A collection of Pop tunes.', '2020-01-07', 'https://picsum.photos/id/378/180/180');
INSERT INTO PLAYLISTS (playlist_id, user_id, title, description, date_created, image) VALUES (349, 51, 'My Hip Hop Playlist 91', 'A collection of Hip Hop tunes.', '2021-08-06', 'https://picsum.photos/id/368/180/180');
INSERT INTO PLAYLISTS (playlist_id, user_id, title, description, date_created, image) VALUES (350, 5, 'My Reggae Playlist 76', 'A collection of Pop tunes.', '2022-12-01', 'https://picsum.photos/id/313/180/180');
INSERT INTO PLAYLISTS (playlist_id, user_id, title, description, date_created, image) VALUES (351, 16, 'My Jazz Playlist 22', 'A collection of Pop tunes.', '2024-03-02', 'https://picsum.photos/id/341/180/180');
INSERT INTO PLAYLISTS (playlist_id, user_id, title, description, date_created, image) VALUES (352, 93, 'My Blues Playlist 19', 'A collection of Electronic tunes.', '2023-02-20', 'https://picsum.photos/id/382/180/180');
INSERT INTO PLAYLISTS (playlist_id, user_id, title, description, date_created, image) VALUES (353, 84, 'My R&B Playlist 67', 'A collection of Pop tunes.', '2023-05-28', 'https://picsum.photos/id/319/180/180');
INSERT INTO PLAYLISTS (playlist_id, user_id, title, description, date_created, image) VALUES (354, 22, 'My Rock Playlist 44', 'A collection of Pop tunes.', '2024-03-24', 'https://picsum.photos/id/345/180/180');
INSERT INTO PLAYLISTS (playlist_id, user_id, title, description, date_created, image) VALUES (355, 45, 'My Metal Playlist 85', 'A collection of Alternative tunes.', '2022-03-03', 'https://picsum.photos/id/363/180/180');
INSERT INTO PLAYLISTS (playlist_id, user_id, title, description, date_created, image) VALUES (356, 20, 'My Reggae Playlist 62', 'A collection of Classical tunes.', '2021-04-11', 'https://picsum.photos/id/327/180/180');
INSERT INTO PLAYLISTS (playlist_id, user_id, title, description, date_created, image) VALUES (357, 11, 'My Rock Playlist 84', 'A collection of Classical tunes.', '2023-10-30', 'https://picsum.photos/id/322/180/180');
INSERT INTO PLAYLISTS (playlist_id, user_id, title, description, date_created, image) VALUES (358, 48, 'My Jazz Playlist 42', 'A collection of Dance tunes.', '2020-11-03', 'https://picsum.photos/id/309/180/180');
INSERT INTO PLAYLISTS (playlist_id, user_id, title, description, date_created, image) VALUES (359, 35, 'My Metal Playlist 45', 'A collection of Classical tunes.', '2020-09-09', 'https://picsum.photos/id/350/180/180');
INSERT INTO PLAYLISTS (playlist_id, user_id, title, description, date_created, image) VALUES (360, 81, 'My Pop Playlist 3', 'A collection of Rock tunes.', '2020-02-19', 'https://picsum.photos/id/363/180/180');
INSERT INTO PLAYLISTS (playlist_id, user_id, title, description, date_created, image) VALUES (361, 19, 'My Metal Playlist 67', 'A collection of Classical tunes.', '2024-05-18', 'https://picsum.photos/id/380/180/180');
INSERT INTO PLAYLISTS (playlist_id, user_id, title, description, date_created, image) VALUES (362, 57, 'My Rock Playlist 15', 'A collection of Blues tunes.', '2020-12-27', 'https://picsum.photos/id/354/180/180');
INSERT INTO PLAYLISTS (playlist_id, user_id, title, description, date_created, image) VALUES (363, 44, 'My Dance Playlist 50', 'A collection of Hip Hop tunes.', '2024-02-15', 'https://picsum.photos/id/303/180/180');
INSERT INTO PLAYLISTS (playlist_id, user_id, title, description, date_created, image) VALUES (364, 78, 'My Country Playlist 22', 'A collection of Country tunes.', '2023-10-03', 'https://picsum.photos/id/332/180/180');
INSERT INTO PLAYLISTS (playlist_id, user_id, title, description, date_created, image) VALUES (365, 56, 'My Hip Hop Playlist 86', 'A collection of Pop tunes.', '2020-07-14', 'https://picsum.photos/id/382/180/180');
INSERT INTO PLAYLISTS (playlist_id, user_id, title, description, date_created, image) VALUES (366, 60, 'My Folk Playlist 90', 'A collection of Alternative tunes.', '2020-01-03', 'https://picsum.photos/id/370/180/180');
INSERT INTO PLAYLISTS (playlist_id, user_id, title, description, date_created, image) VALUES (367, 78, 'My Dance Playlist 61', 'A collection of Classical tunes.', '2022-04-02', 'https://picsum.photos/id/397/180/180');
INSERT INTO PLAYLISTS (playlist_id, user_id, title, description, date_created, image) VALUES (368, 71, 'My Jazz Playlist 21', 'A collection of Electronic tunes.', '2023-04-22', 'https://picsum.photos/id/374/180/180');
INSERT INTO PLAYLISTS (playlist_id, user_id, title, description, date_created, image) VALUES (369, 23, 'My Indie Playlist 62', 'A collection of Folk tunes.', '2022-02-24', 'https://picsum.photos/id/330/180/180');
INSERT INTO PLAYLISTS (playlist_id, user_id, title, description, date_created, image) VALUES (370, 1, 'My Dance Playlist 44', 'A collection of Classical tunes.', '2023-04-13', 'https://picsum.photos/id/343/180/180');
INSERT INTO PLAYLISTS (playlist_id, user_id, title, description, date_created, image) VALUES (371, 5, 'My R&B Playlist 92', 'A collection of Electronic tunes.', '2020-12-05', 'https://picsum.photos/id/352/180/180');
INSERT INTO PLAYLISTS (playlist_id, user_id, title, description, date_created, image) VALUES (372, 84, 'My Rock Playlist 98', 'A collection of Dance tunes.', '2021-04-15', 'https://picsum.photos/id/320/180/180');
INSERT INTO PLAYLISTS (playlist_id, user_id, title, description, date_created, image) VALUES (373, 92, 'My Pop Playlist 77', 'A collection of Indie tunes.', '2023-01-22', 'https://picsum.photos/id/400/180/180');
INSERT INTO PLAYLISTS (playlist_id, user_id, title, description, date_created, image) VALUES (374, 9, 'My Classical Playlist 22', 'A collection of Jazz tunes.', '2023-08-30', 'https://picsum.photos/id/349/180/180');
INSERT INTO PLAYLISTS (playlist_id, user_id, title, description, date_created, image) VALUES (375, 66, 'My Folk Playlist 27', 'A collection of Hip Hop tunes.', '2023-11-05', 'https://picsum.photos/id/364/180/180');
INSERT INTO PLAYLISTS (playlist_id, user_id, title, description, date_created, image) VALUES (376, 83, 'My Alternative Playlist 36', 'A collection of Pop tunes.', '2023-08-25', 'https://picsum.photos/id/349/180/180');
INSERT INTO PLAYLISTS (playlist_id, user_id, title, description, date_created, image) VALUES (377, 54, 'My Folk Playlist 60', 'A collection of Country tunes.', '2023-12-20', 'https://picsum.photos/id/396/180/180');
INSERT INTO PLAYLISTS (playlist_id, user_id, title, description, date_created, image) VALUES (378, 88, 'My Electronic Playlist 71', 'A collection of Reggae tunes.', '2020-06-01', 'https://picsum.photos/id/377/180/180');
INSERT INTO PLAYLISTS (playlist_id, user_id, title, description, date_created, image) VALUES (379, 23, 'My Electronic Playlist 44', 'A collection of Dance tunes.', '2024-04-17', 'https://picsum.photos/id/398/180/180');
INSERT INTO PLAYLISTS (playlist_id, user_id, title, description, date_created, image) VALUES (380, 16, 'My Indie Playlist 84', 'A collection of Indie tunes.', '2023-04-21', 'https://picsum.photos/id/304/180/180');
INSERT INTO PLAYLISTS (playlist_id, user_id, title, description, date_created, image) VALUES (381, 75, 'My Folk Playlist 29', 'A collection of Rock tunes.', '2021-07-14', 'https://picsum.photos/id/333/180/180');
INSERT INTO PLAYLISTS (playlist_id, user_id, title, description, date_created, image) VALUES (382, 21, 'My Indie Playlist 36', 'A collection of Jazz tunes.', '2021-07-30', 'https://picsum.photos/id/301/180/180');
INSERT INTO PLAYLISTS (playlist_id, user_id, title, description, date_created, image) VALUES (383, 10, 'My Classical Playlist 78', 'A collection of Metal tunes.', '2023-08-19', 'https://picsum.photos/id/355/180/180');
INSERT INTO PLAYLISTS (playlist_id, user_id, title, description, date_created, image) VALUES (384, 7, 'My Alternative Playlist 4', 'A collection of Pop tunes.', '2022-02-06', 'https://picsum.photos/id/351/180/180');
INSERT INTO PLAYLISTS (playlist_id, user_id, title, description, date_created, image) VALUES (385, 63, 'My Reggae Playlist 62', 'A collection of R&B tunes.', '2024-01-03', 'https://picsum.photos/id/361/180/180');
INSERT INTO PLAYLISTS (playlist_id, user_id, title, description, date_created, image) VALUES (386, 90, 'My Alternative Playlist 56', 'A collection of Rock tunes.', '2021-11-24', 'https://picsum.photos/id/364/180/180');
INSERT INTO PLAYLISTS (playlist_id, user_id, title, description, date_created, image) VALUES (387, 38, 'My Metal Playlist 42', 'A collection of Pop tunes.', '2023-12-07', 'https://picsum.photos/id/312/180/180');
INSERT INTO PLAYLISTS (playlist_id, user_id, title, description, date_created, image) VALUES (388, 82, 'My Pop Playlist 75', 'A collection of Classical tunes.', '2020-06-25', 'https://picsum.photos/id/381/180/180');
INSERT INTO PLAYLISTS (playlist_id, user_id, title, description, date_created, image) VALUES (389, 6, 'My Reggae Playlist 79', 'A collection of Jazz tunes.', '2021-05-12', 'https://picsum.photos/id/336/180/180');
INSERT INTO PLAYLISTS (playlist_id, user_id, title, description, date_created, image) VALUES (390, 30, 'My Pop Playlist 98', 'A collection of Rock tunes.', '2021-08-25', 'https://picsum.photos/id/317/180/180');
INSERT INTO PLAYLISTS (playlist_id, user_id, title, description, date_created, image) VALUES (391, 70, 'My Reggae Playlist 91', 'A collection of Rock tunes.', '2022-05-16', 'https://picsum.photos/id/306/180/180');
INSERT INTO PLAYLISTS (playlist_id, user_id, title, description, date_created, image) VALUES (392, 67, 'My Indie Playlist 4', 'A collection of Dance tunes.', '2023-05-19', 'https://picsum.photos/id/355/180/180');
INSERT INTO PLAYLISTS (playlist_id, user_id, title, description, date_created, image) VALUES (393, 51, 'My Jazz Playlist 92', 'A collection of Electronic tunes.', '2021-06-13', 'https://picsum.photos/id/399/180/180');
INSERT INTO PLAYLISTS (playlist_id, user_id, title, description, date_created, image) VALUES (394, 10, 'My Country Playlist 13', 'A collection of Pop tunes.', '2023-10-13', 'https://picsum.photos/id/317/180/180');
INSERT INTO PLAYLISTS (playlist_id, user_id, title, description, date_created, image) VALUES (395, 83, 'My Folk Playlist 85', 'A collection of Country tunes.', '2023-03-06', 'https://picsum.photos/id/310/180/180');
INSERT INTO PLAYLISTS (playlist_id, user_id, title, description, date_created, image) VALUES (396, 31, 'My Pop Playlist 33', 'A collection of R&B tunes.', '2024-04-09', 'https://picsum.photos/id/388/180/180');
INSERT INTO PLAYLISTS (playlist_id, user_id, title, description, date_created, image) VALUES (397, 76, 'My Folk Playlist 73', 'A collection of Alternative tunes.', '2021-12-12', 'https://picsum.photos/id/380/180/180');
INSERT INTO PLAYLISTS (playlist_id, user_id, title, description, date_created, image) VALUES (398, 2, 'My Dance Playlist 65', 'A collection of Blues tunes.', '2023-06-30', 'https://picsum.photos/id/357/180/180');
INSERT INTO PLAYLISTS (playlist_id, user_id, title, description, date_created, image) VALUES (399, 30, 'My Rock Playlist 75', 'A collection of Classical tunes.', '2020-11-18', 'https://picsum.photos/id/329/180/180');
INSERT INTO PLAYLISTS (playlist_id, user_id, title, description, date_created, image) VALUES (400, 98, 'My Indie Playlist 6', 'A collection of Electronic tunes.', '2020-09-17', 'https://picsum.photos/id/310/180/180');
INSERT INTO PLAYLISTS (playlist_id, user_id, title, description, date_created, image) VALUES (401, 71, 'My Reggae Playlist 22', 'A collection of Hip Hop tunes.', '2020-08-24', 'https://picsum.photos/id/366/180/180');
INSERT INTO PLAYLISTS (playlist_id, user_id, title, description, date_created, image) VALUES (402, 97, 'My Blues Playlist 60', 'A collection of Electronic tunes.', '2023-04-18', 'https://picsum.photos/id/367/180/180');
INSERT INTO PLAYLISTS (playlist_id, user_id, title, description, date_created, image) VALUES (403, 87, 'My Blues Playlist 33', 'A collection of Blues tunes.', '2023-08-29', 'https://picsum.photos/id/332/180/180');
INSERT INTO PLAYLISTS (playlist_id, user_id, title, description, date_created, image) VALUES (404, 83, 'My Rock Playlist 83', 'A collection of Dance tunes.', '2020-05-23', 'https://picsum.photos/id/399/180/180');
INSERT INTO PLAYLISTS (playlist_id, user_id, title, description, date_created, image) VALUES (405, 27, 'My Hip Hop Playlist 22', 'A collection of Pop tunes.', '2023-02-06', 'https://picsum.photos/id/395/180/180');
INSERT INTO PLAYLISTS (playlist_id, user_id, title, description, date_created, image) VALUES (406, 99, 'My Reggae Playlist 65', 'A collection of Electronic tunes.', '2020-09-01', 'https://picsum.photos/id/390/180/180');
INSERT INTO PLAYLISTS (playlist_id, user_id, title, description, date_created, image) VALUES (407, 34, 'My Indie Playlist 98', 'A collection of Classical tunes.', '2021-12-15', 'https://picsum.photos/id/351/180/180');
INSERT INTO PLAYLISTS (playlist_id, user_id, title, description, date_created, image) VALUES (408, 82, 'My Hip Hop Playlist 93', 'A collection of Metal tunes.', '2022-09-02', 'https://picsum.photos/id/365/180/180');
INSERT INTO PLAYLISTS (playlist_id, user_id, title, description, date_created, image) VALUES (409, 92, 'My Dance Playlist 34', 'A collection of Classical tunes.', '2021-03-03', 'https://picsum.photos/id/324/180/180');
INSERT INTO PLAYLISTS (playlist_id, user_id, title, description, date_created, image) VALUES (410, 89, 'My Dance Playlist 80', 'A collection of Reggae tunes.', '2022-12-23', 'https://picsum.photos/id/389/180/180');
INSERT INTO PLAYLISTS (playlist_id, user_id, title, description, date_created, image) VALUES (411, 30, 'My Pop Playlist 93', 'A collection of Folk tunes.', '2020-02-27', 'https://picsum.photos/id/391/180/180');
INSERT INTO PLAYLISTS (playlist_id, user_id, title, description, date_created, image) VALUES (412, 69, 'My Dance Playlist 15', 'A collection of Alternative tunes.', '2023-08-07', 'https://picsum.photos/id/323/180/180');
INSERT INTO PLAYLISTS (playlist_id, user_id, title, description, date_created, image) VALUES (413, 29, 'My Rock Playlist 45', 'A collection of Dance tunes.', '2022-07-05', 'https://picsum.photos/id/308/180/180');
INSERT INTO PLAYLISTS (playlist_id, user_id, title, description, date_created, image) VALUES (414, 5, 'My Dance Playlist 89', 'A collection of R&B tunes.', '2022-09-14', 'https://picsum.photos/id/326/180/180');
INSERT INTO PLAYLISTS (playlist_id, user_id, title, description, date_created, image) VALUES (415, 90, 'My Country Playlist 33', 'A collection of Jazz tunes.', '2021-09-22', 'https://picsum.photos/id/361/180/180');
INSERT INTO PLAYLISTS (playlist_id, user_id, title, description, date_created, image) VALUES (416, 28, 'My Jazz Playlist 57', 'A collection of Metal tunes.', '2020-06-16', 'https://picsum.photos/id/316/180/180');
INSERT INTO PLAYLISTS (playlist_id, user_id, title, description, date_created, image) VALUES (417, 69, 'My Blues Playlist 48', 'A collection of Alternative tunes.', '2020-02-23', 'https://picsum.photos/id/337/180/180');
INSERT INTO PLAYLISTS (playlist_id, user_id, title, description, date_created, image) VALUES (418, 41, 'My Electronic Playlist 69', 'A collection of Metal tunes.', '2020-10-26', 'https://picsum.photos/id/357/180/180');
INSERT INTO PLAYLISTS (playlist_id, user_id, title, description, date_created, image) VALUES (419, 60, 'My Hip Hop Playlist 82', 'A collection of Dance tunes.', '2020-01-13', 'https://picsum.photos/id/398/180/180');
INSERT INTO PLAYLISTS (playlist_id, user_id, title, description, date_created, image) VALUES (420, 36, 'My Hip Hop Playlist 73', 'A collection of Alternative tunes.', '2023-07-09', 'https://picsum.photos/id/370/180/180');
INSERT INTO PLAYLISTS (playlist_id, user_id, title, description, date_created, image) VALUES (421, 89, 'My Hip Hop Playlist 41', 'A collection of R&B tunes.', '2021-11-05', 'https://picsum.photos/id/305/180/180');
INSERT INTO PLAYLISTS (playlist_id, user_id, title, description, date_created, image) VALUES (422, 38, 'My Dance Playlist 29', 'A collection of Indie tunes.', '2022-12-15', 'https://picsum.photos/id/339/180/180');
INSERT INTO PLAYLISTS (playlist_id, user_id, title, description, date_created, image) VALUES (423, 77, 'My Jazz Playlist 3', 'A collection of Alternative tunes.', '2023-03-12', 'https://picsum.photos/id/350/180/180');
INSERT INTO PLAYLISTS (playlist_id, user_id, title, description, date_created, image) VALUES (424, 40, 'My Hip Hop Playlist 3', 'A collection of Dance tunes.', '2020-03-06', 'https://picsum.photos/id/308/180/180');
INSERT INTO PLAYLISTS (playlist_id, user_id, title, description, date_created, image) VALUES (425, 36, 'My Reggae Playlist 39', 'A collection of Indie tunes.', '2022-10-06', 'https://picsum.photos/id/302/180/180');
INSERT INTO PLAYLISTS (playlist_id, user_id, title, description, date_created, image) VALUES (426, 64, 'My Folk Playlist 58', 'A collection of R&B tunes.', '2023-08-22', 'https://picsum.photos/id/361/180/180');
INSERT INTO PLAYLISTS (playlist_id, user_id, title, description, date_created, image) VALUES (427, 92, 'My Pop Playlist 81', 'A collection of Hip Hop tunes.', '2022-10-29', 'https://picsum.photos/id/373/180/180');
INSERT INTO PLAYLISTS (playlist_id, user_id, title, description, date_created, image) VALUES (428, 74, 'My Hip Hop Playlist 35', 'A collection of Rock tunes.', '2024-03-05', 'https://picsum.photos/id/397/180/180');
INSERT INTO PLAYLISTS (playlist_id, user_id, title, description, date_created, image) VALUES (429, 38, 'My Folk Playlist 54', 'A collection of Electronic tunes.', '2020-02-15', 'https://picsum.photos/id/356/180/180');
INSERT INTO PLAYLISTS (playlist_id, user_id, title, description, date_created, image) VALUES (430, 25, 'My Folk Playlist 51', 'A collection of Metal tunes.', '2020-04-16', 'https://picsum.photos/id/321/180/180');
INSERT INTO PLAYLISTS (playlist_id, user_id, title, description, date_created, image) VALUES (431, 46, 'My Reggae Playlist 5', 'A collection of Metal tunes.', '2023-07-21', 'https://picsum.photos/id/353/180/180');
INSERT INTO PLAYLISTS (playlist_id, user_id, title, description, date_created, image) VALUES (432, 41, 'My Dance Playlist 45', 'A collection of Reggae tunes.', '2023-09-11', 'https://picsum.photos/id/355/180/180');
INSERT INTO PLAYLISTS (playlist_id, user_id, title, description, date_created, image) VALUES (433, 59, 'My Indie Playlist 92', 'A collection of Rock tunes.', '2022-08-11', 'https://picsum.photos/id/399/180/180');
INSERT INTO PLAYLISTS (playlist_id, user_id, title, description, date_created, image) VALUES (434, 8, 'My Classical Playlist 88', 'A collection of Indie tunes.', '2020-03-01', 'https://picsum.photos/id/398/180/180');
INSERT INTO PLAYLISTS (playlist_id, user_id, title, description, date_created, image) VALUES (435, 78, 'My Reggae Playlist 31', 'A collection of Dance tunes.', '2022-11-26', 'https://picsum.photos/id/366/180/180');
INSERT INTO PLAYLISTS (playlist_id, user_id, title, description, date_created, image) VALUES (436, 91, 'My Reggae Playlist 82', 'A collection of Classical tunes.', '2021-02-11', 'https://picsum.photos/id/341/180/180');
INSERT INTO PLAYLISTS (playlist_id, user_id, title, description, date_created, image) VALUES (437, 42, 'My Country Playlist 93', 'A collection of Rock tunes.', '2024-04-28', 'https://picsum.photos/id/384/180/180');
INSERT INTO PLAYLISTS (playlist_id, user_id, title, description, date_created, image) VALUES (438, 61, 'My Indie Playlist 46', 'A collection of Alternative tunes.', '2021-11-15', 'https://picsum.photos/id/341/180/180');
INSERT INTO PLAYLISTS (playlist_id, user_id, title, description, date_created, image) VALUES (439, 100, 'My Folk Playlist 7', 'A collection of Reggae tunes.', '2020-02-27', 'https://picsum.photos/id/339/180/180');
INSERT INTO PLAYLISTS (playlist_id, user_id, title, description, date_created, image) VALUES (440, 54, 'My Dance Playlist 28', 'A collection of Classical tunes.', '2021-01-23', 'https://picsum.photos/id/305/180/180');
INSERT INTO PLAYLISTS (playlist_id, user_id, title, description, date_created, image) VALUES (441, 23, 'My Jazz Playlist 33', 'A collection of Hip Hop tunes.', '2023-04-19', 'https://picsum.photos/id/350/180/180');
INSERT INTO PLAYLISTS (playlist_id, user_id, title, description, date_created, image) VALUES (442, 66, 'My Metal Playlist 10', 'A collection of Dance tunes.', '2023-08-07', 'https://picsum.photos/id/369/180/180');
INSERT INTO PLAYLISTS (playlist_id, user_id, title, description, date_created, image) VALUES (443, 51, 'My Country Playlist 58', 'A collection of Metal tunes.', '2024-01-29', 'https://picsum.photos/id/338/180/180');
INSERT INTO PLAYLISTS (playlist_id, user_id, title, description, date_created, image) VALUES (444, 58, 'My Metal Playlist 11', 'A collection of Folk tunes.', '2024-03-04', 'https://picsum.photos/id/375/180/180');
INSERT INTO PLAYLISTS (playlist_id, user_id, title, description, date_created, image) VALUES (445, 46, 'My Rock Playlist 79', 'A collection of Jazz tunes.', '2021-09-07', 'https://picsum.photos/id/340/180/180');
INSERT INTO PLAYLISTS (playlist_id, user_id, title, description, date_created, image) VALUES (446, 49, 'My Indie Playlist 22', 'A collection of Folk tunes.', '2023-08-19', 'https://picsum.photos/id/349/180/180');
INSERT INTO PLAYLISTS (playlist_id, user_id, title, description, date_created, image) VALUES (447, 31, 'My Hip Hop Playlist 92', 'A collection of Dance tunes.', '2024-04-11', 'https://picsum.photos/id/367/180/180');
INSERT INTO PLAYLISTS (playlist_id, user_id, title, description, date_created, image) VALUES (448, 97, 'My Hip Hop Playlist 72', 'A collection of Classical tunes.', '2021-12-04', 'https://picsum.photos/id/340/180/180');
INSERT INTO PLAYLISTS (playlist_id, user_id, title, description, date_created, image) VALUES (449, 13, 'My Folk Playlist 79', 'A collection of Folk tunes.', '2024-04-22', 'https://picsum.photos/id/368/180/180');
INSERT INTO PLAYLISTS (playlist_id, user_id, title, description, date_created, image) VALUES (450, 47, 'My Jazz Playlist 18', 'A collection of Folk tunes.', '2021-06-03', 'https://picsum.photos/id/378/180/180');
INSERT INTO PLAYLISTS (playlist_id, user_id, title, description, date_created, image) VALUES (451, 47, 'My Alternative Playlist 29', 'A collection of Classical tunes.', '2020-05-05', 'https://picsum.photos/id/340/180/180');
INSERT INTO PLAYLISTS (playlist_id, user_id, title, description, date_created, image) VALUES (452, 2, 'My Metal Playlist 2', 'A collection of Blues tunes.', '2020-07-14', 'https://picsum.photos/id/356/180/180');
INSERT INTO PLAYLISTS (playlist_id, user_id, title, description, date_created, image) VALUES (453, 22, 'My R&B Playlist 74', 'A collection of Alternative tunes.', '2022-05-19', 'https://picsum.photos/id/393/180/180');
INSERT INTO PLAYLISTS (playlist_id, user_id, title, description, date_created, image) VALUES (454, 94, 'My Electronic Playlist 65', 'A collection of Dance tunes.', '2023-10-21', 'https://picsum.photos/id/320/180/180');
INSERT INTO PLAYLISTS (playlist_id, user_id, title, description, date_created, image) VALUES (455, 89, 'My Classical Playlist 95', 'A collection of Blues tunes.', '2022-05-31', 'https://picsum.photos/id/391/180/180');
INSERT INTO PLAYLISTS (playlist_id, user_id, title, description, date_created, image) VALUES (456, 85, 'My Alternative Playlist 67', 'A collection of Folk tunes.', '2023-11-08', 'https://picsum.photos/id/391/180/180');
INSERT INTO PLAYLISTS (playlist_id, user_id, title, description, date_created, image) VALUES (457, 74, 'My Electronic Playlist 52', 'A collection of Dance tunes.', '2020-01-09', 'https://picsum.photos/id/331/180/180');
INSERT INTO PLAYLISTS (playlist_id, user_id, title, description, date_created, image) VALUES (458, 47, 'My Pop Playlist 19', 'A collection of R&B tunes.', '2021-08-15', 'https://picsum.photos/id/396/180/180');
INSERT INTO PLAYLISTS (playlist_id, user_id, title, description, date_created, image) VALUES (459, 61, 'My Country Playlist 6', 'A collection of Hip Hop tunes.', '2022-10-30', 'https://picsum.photos/id/386/180/180');
INSERT INTO PLAYLISTS (playlist_id, user_id, title, description, date_created, image) VALUES (460, 57, 'My Dance Playlist 9', 'A collection of Dance tunes.', '2022-09-09', 'https://picsum.photos/id/377/180/180');
INSERT INTO PLAYLISTS (playlist_id, user_id, title, description, date_created, image) VALUES (461, 5, 'My Country Playlist 73', 'A collection of Country tunes.', '2024-04-02', 'https://picsum.photos/id/328/180/180');
INSERT INTO PLAYLISTS (playlist_id, user_id, title, description, date_created, image) VALUES (462, 22, 'My Metal Playlist 52', 'A collection of R&B tunes.', '2022-01-18', 'https://picsum.photos/id/383/180/180');
INSERT INTO PLAYLISTS (playlist_id, user_id, title, description, date_created, image) VALUES (463, 100, 'My Alternative Playlist 18', 'A collection of Blues tunes.', '2023-09-28', 'https://picsum.photos/id/353/180/180');
INSERT INTO PLAYLISTS (playlist_id, user_id, title, description, date_created, image) VALUES (464, 42, 'My Country Playlist 38', 'A collection of Reggae tunes.', '2021-10-31', 'https://picsum.photos/id/387/180/180');
INSERT INTO PLAYLISTS (playlist_id, user_id, title, description, date_created, image) VALUES (465, 10, 'My Rock Playlist 57', 'A collection of Blues tunes.', '2020-09-22', 'https://picsum.photos/id/390/180/180');
INSERT INTO PLAYLISTS (playlist_id, user_id, title, description, date_created, image) VALUES (466, 38, 'My Blues Playlist 44', 'A collection of Dance tunes.', '2023-02-05', 'https://picsum.photos/id/394/180/180');
INSERT INTO PLAYLISTS (playlist_id, user_id, title, description, date_created, image) VALUES (467, 52, 'My Classical Playlist 47', 'A collection of Folk tunes.', '2022-02-03', 'https://picsum.photos/id/308/180/180');
INSERT INTO PLAYLISTS (playlist_id, user_id, title, description, date_created, image) VALUES (468, 2, 'My Hip Hop Playlist 22', 'A collection of Jazz tunes.', '2021-02-19', 'https://picsum.photos/id/352/180/180');
INSERT INTO PLAYLISTS (playlist_id, user_id, title, description, date_created, image) VALUES (469, 52, 'My Blues Playlist 73', 'A collection of R&B tunes.', '2023-04-29', 'https://picsum.photos/id/369/180/180');
INSERT INTO PLAYLISTS (playlist_id, user_id, title, description, date_created, image) VALUES (470, 76, 'My Reggae Playlist 24', 'A collection of Dance tunes.', '2020-01-04', 'https://picsum.photos/id/359/180/180');
INSERT INTO PLAYLISTS (playlist_id, user_id, title, description, date_created, image) VALUES (471, 67, 'My Hip Hop Playlist 50', 'A collection of Pop tunes.', '2023-09-05', 'https://picsum.photos/id/302/180/180');
INSERT INTO PLAYLISTS (playlist_id, user_id, title, description, date_created, image) VALUES (472, 47, 'My Blues Playlist 43', 'A collection of Dance tunes.', '2020-10-22', 'https://picsum.photos/id/326/180/180');
INSERT INTO PLAYLISTS (playlist_id, user_id, title, description, date_created, image) VALUES (473, 92, 'My Pop Playlist 67', 'A collection of Jazz tunes.', '2023-01-30', 'https://picsum.photos/id/324/180/180');
INSERT INTO PLAYLISTS (playlist_id, user_id, title, description, date_created, image) VALUES (474, 95, 'My Folk Playlist 46', 'A collection of Reggae tunes.', '2020-02-25', 'https://picsum.photos/id/310/180/180');
INSERT INTO PLAYLISTS (playlist_id, user_id, title, description, date_created, image) VALUES (475, 42, 'My Folk Playlist 99', 'A collection of Indie tunes.', '2022-08-27', 'https://picsum.photos/id/314/180/180');
INSERT INTO PLAYLISTS (playlist_id, user_id, title, description, date_created, image) VALUES (476, 37, 'My Rock Playlist 9', 'A collection of Electronic tunes.', '2021-02-26', 'https://picsum.photos/id/388/180/180');
INSERT INTO PLAYLISTS (playlist_id, user_id, title, description, date_created, image) VALUES (477, 33, 'My Folk Playlist 17', 'A collection of Indie tunes.', '2023-09-17', 'https://picsum.photos/id/351/180/180');
INSERT INTO PLAYLISTS (playlist_id, user_id, title, description, date_created, image) VALUES (478, 48, 'My Metal Playlist 7', 'A collection of Rock tunes.', '2020-04-23', 'https://picsum.photos/id/342/180/180');
INSERT INTO PLAYLISTS (playlist_id, user_id, title, description, date_created, image) VALUES (479, 41, 'My Blues Playlist 42', 'A collection of Hip Hop tunes.', '2022-06-30', 'https://picsum.photos/id/362/180/180');
INSERT INTO PLAYLISTS (playlist_id, user_id, title, description, date_created, image) VALUES (480, 86, 'My Indie Playlist 75', 'A collection of Hip Hop tunes.', '2021-09-21', 'https://picsum.photos/id/331/180/180');
INSERT INTO PLAYLISTS (playlist_id, user_id, title, description, date_created, image) VALUES (481, 81, 'My Jazz Playlist 56', 'A collection of Hip Hop tunes.', '2023-04-23', 'https://picsum.photos/id/376/180/180');
INSERT INTO PLAYLISTS (playlist_id, user_id, title, description, date_created, image) VALUES (482, 97, 'My Alternative Playlist 46', 'A collection of Electronic tunes.', '2022-07-09', 'https://picsum.photos/id/316/180/180');
INSERT INTO PLAYLISTS (playlist_id, user_id, title, description, date_created, image) VALUES (483, 13, 'My Pop Playlist 64', 'A collection of Blues tunes.', '2022-06-30', 'https://picsum.photos/id/374/180/180');
INSERT INTO PLAYLISTS (playlist_id, user_id, title, description, date_created, image) VALUES (484, 83, 'My Indie Playlist 43', 'A collection of Indie tunes.', '2024-04-08', 'https://picsum.photos/id/345/180/180');
INSERT INTO PLAYLISTS (playlist_id, user_id, title, description, date_created, image) VALUES (485, 37, 'My Classical Playlist 91', 'A collection of Dance tunes.', '2020-03-08', 'https://picsum.photos/id/392/180/180');
INSERT INTO PLAYLISTS (playlist_id, user_id, title, description, date_created, image) VALUES (486, 51, 'My Alternative Playlist 84', 'A collection of Rock tunes.', '2021-03-12', 'https://picsum.photos/id/342/180/180');
INSERT INTO PLAYLISTS (playlist_id, user_id, title, description, date_created, image) VALUES (487, 88, 'My Pop Playlist 67', 'A collection of Indie tunes.', '2020-08-18', 'https://picsum.photos/id/350/180/180');
INSERT INTO PLAYLISTS (playlist_id, user_id, title, description, date_created, image) VALUES (488, 18, 'My Reggae Playlist 75', 'A collection of R&B tunes.', '2021-08-16', 'https://picsum.photos/id/361/180/180');
INSERT INTO PLAYLISTS (playlist_id, user_id, title, description, date_created, image) VALUES (489, 55, 'My Classical Playlist 48', 'A collection of Alternative tunes.', '2023-08-26', 'https://picsum.photos/id/369/180/180');
INSERT INTO PLAYLISTS (playlist_id, user_id, title, description, date_created, image) VALUES (490, 24, 'My Jazz Playlist 62', 'A collection of Blues tunes.', '2020-06-15', 'https://picsum.photos/id/304/180/180');
INSERT INTO PLAYLISTS (playlist_id, user_id, title, description, date_created, image) VALUES (491, 64, 'My Indie Playlist 50', 'A collection of Pop tunes.', '2022-08-20', 'https://picsum.photos/id/397/180/180');
INSERT INTO PLAYLISTS (playlist_id, user_id, title, description, date_created, image) VALUES (492, 58, 'My R&B Playlist 46', 'A collection of Country tunes.', '2023-10-24', 'https://picsum.photos/id/327/180/180');
INSERT INTO PLAYLISTS (playlist_id, user_id, title, description, date_created, image) VALUES (493, 49, 'My Jazz Playlist 38', 'A collection of Reggae tunes.', '2022-12-14', 'https://picsum.photos/id/363/180/180');
INSERT INTO PLAYLISTS (playlist_id, user_id, title, description, date_created, image) VALUES (494, 45, 'My Hip Hop Playlist 41', 'A collection of Folk tunes.', '2023-08-06', 'https://picsum.photos/id/386/180/180');
INSERT INTO PLAYLISTS (playlist_id, user_id, title, description, date_created, image) VALUES (495, 83, 'My Metal Playlist 31', 'A collection of Blues tunes.', '2022-05-01', 'https://picsum.photos/id/308/180/180');
INSERT INTO PLAYLISTS (playlist_id, user_id, title, description, date_created, image) VALUES (496, 17, 'My Classical Playlist 32', 'A collection of Rock tunes.', '2023-05-12', 'https://picsum.photos/id/305/180/180');
INSERT INTO PLAYLISTS (playlist_id, user_id, title, description, date_created, image) VALUES (497, 83, 'My Blues Playlist 68', 'A collection of Electronic tunes.', '2023-12-01', 'https://picsum.photos/id/378/180/180');
INSERT INTO PLAYLISTS (playlist_id, user_id, title, description, date_created, image) VALUES (498, 64, 'My Classical Playlist 68', 'A collection of Electronic tunes.', '2024-01-25', 'https://picsum.photos/id/388/180/180');
INSERT INTO PLAYLISTS (playlist_id, user_id, title, description, date_created, image) VALUES (499, 20, 'My Indie Playlist 15', 'A collection of Pop tunes.', '2020-12-18', 'https://picsum.photos/id/355/180/180');
INSERT INTO PLAYLISTS (playlist_id, user_id, title, description, date_created, image) VALUES (500, 75, 'My Hip Hop Playlist 67', 'A collection of Folk tunes.', '2022-11-08', 'https://picsum.photos/id/376/180/180');

-- PLAYLIST_SONGS Data --
INSERT INTO PLAYLIST_SONGS (playlistsong_id, playlist_id, song_id, date_added) VALUES (1, 432, 489, '2023-01-04');
INSERT INTO PLAYLIST_SONGS (playlistsong_id, playlist_id, song_id, date_added) VALUES (2, 185, 907, '2023-04-12');
INSERT INTO PLAYLIST_SONGS (playlistsong_id, playlist_id, song_id, date_added) VALUES (3, 84, 426, '2023-09-28');
INSERT INTO PLAYLIST_SONGS (playlistsong_id, playlist_id, song_id, date_added) VALUES (4, 376, 538, '2023-03-06');
INSERT INTO PLAYLIST_SONGS (playlistsong_id, playlist_id, song_id, date_added) VALUES (5, 247, 278, '2024-04-01');
INSERT INTO PLAYLIST_SONGS (playlistsong_id, playlist_id, song_id, date_added) VALUES (6, 192, 180, '2023-08-09');
INSERT INTO PLAYLIST_SONGS (playlistsong_id, playlist_id, song_id, date_added) VALUES (7, 423, 161, '2023-11-14');
INSERT INTO PLAYLIST_SONGS (playlistsong_id, playlist_id, song_id, date_added) VALUES (8, 11, 558, '2023-02-27');
INSERT INTO PLAYLIST_SONGS (playlistsong_id, playlist_id, song_id, date_added) VALUES (9, 449, 926, '2023-07-24');
INSERT INTO PLAYLIST_SONGS (playlistsong_id, playlist_id, song_id, date_added) VALUES (10, 67, 101, '2024-05-09');
INSERT INTO PLAYLIST_SONGS (playlistsong_id, playlist_id, song_id, date_added) VALUES (11, 298, 303, '2023-12-02');
INSERT INTO PLAYLIST_SONGS (playlistsong_id, playlist_id, song_id, date_added) VALUES (12, 137, 510, '2024-02-03');
INSERT INTO PLAYLIST_SONGS (playlistsong_id, playlist_id, song_id, date_added) VALUES (13, 129, 517, '2024-01-24');
INSERT INTO PLAYLIST_SONGS (playlistsong_id, playlist_id, song_id, date_added) VALUES (14, 168, 869, '2023-03-09');
INSERT INTO PLAYLIST_SONGS (playlistsong_id, playlist_id, song_id, date_added) VALUES (15, 462, 515, '2023-08-11');
INSERT INTO PLAYLIST_SONGS (playlistsong_id, playlist_id, song_id, date_added) VALUES (16, 114, 409, '2024-01-04');
INSERT INTO PLAYLIST_SONGS (playlistsong_id, playlist_id, song_id, date_added) VALUES (17, 496, 550, '2023-12-08');
INSERT INTO PLAYLIST_SONGS (playlistsong_id, playlist_id, song_id, date_added) VALUES (18, 440, 790, '2023-06-05');
INSERT INTO PLAYLIST_SONGS (playlistsong_id, playlist_id, song_id, date_added) VALUES (19, 169, 226, '2023-01-08');
INSERT INTO PLAYLIST_SONGS (playlistsong_id, playlist_id, song_id, date_added) VALUES (20, 337, 419, '2023-06-13');
INSERT INTO PLAYLIST_SONGS (playlistsong_id, playlist_id, song_id, date_added) VALUES (21, 224, 184, '2023-05-26');
INSERT INTO PLAYLIST_SONGS (playlistsong_id, playlist_id, song_id, date_added) VALUES (22, 49, 602, '2024-02-04');
INSERT INTO PLAYLIST_SONGS (playlistsong_id, playlist_id, song_id, date_added) VALUES (23, 115, 478, '2023-09-21');
INSERT INTO PLAYLIST_SONGS (playlistsong_id, playlist_id, song_id, date_added) VALUES (24, 181, 553, '2023-10-05');
INSERT INTO PLAYLIST_SONGS (playlistsong_id, playlist_id, song_id, date_added) VALUES (25, 304, 453, '2023-10-07');
INSERT INTO PLAYLIST_SONGS (playlistsong_id, playlist_id, song_id, date_added) VALUES (26, 238, 200, '2024-05-07');
INSERT INTO PLAYLIST_SONGS (playlistsong_id, playlist_id, song_id, date_added) VALUES (27, 463, 618, '2023-09-11');
INSERT INTO PLAYLIST_SONGS (playlistsong_id, playlist_id, song_id, date_added) VALUES (28, 139, 55, '2023-04-22');
INSERT INTO PLAYLIST_SONGS (playlistsong_id, playlist_id, song_id, date_added) VALUES (29, 468, 533, '2023-04-21');
INSERT INTO PLAYLIST_SONGS (playlistsong_id, playlist_id, song_id, date_added) VALUES (30, 149, 492, '2024-01-18');
INSERT INTO PLAYLIST_SONGS (playlistsong_id, playlist_id, song_id, date_added) VALUES (31, 87, 533, '2024-03-01');
INSERT INTO PLAYLIST_SONGS (playlistsong_id, playlist_id, song_id, date_added) VALUES (32, 319, 59, '2023-04-27');
INSERT INTO PLAYLIST_SONGS (playlistsong_id, playlist_id, song_id, date_added) VALUES (33, 338, 483, '2023-07-15');
INSERT INTO PLAYLIST_SONGS (playlistsong_id, playlist_id, song_id, date_added) VALUES (34, 283, 208, '2024-01-25');
INSERT INTO PLAYLIST_SONGS (playlistsong_id, playlist_id, song_id, date_added) VALUES (35, 93, 970, '2024-02-18');
INSERT INTO PLAYLIST_SONGS (playlistsong_id, playlist_id, song_id, date_added) VALUES (36, 49, 760, '2023-06-24');
INSERT INTO PLAYLIST_SONGS (playlistsong_id, playlist_id, song_id, date_added) VALUES (37, 356, 822, '2023-11-25');
INSERT INTO PLAYLIST_SONGS (playlistsong_id, playlist_id, song_id, date_added) VALUES (38, 184, 850, '2023-02-03');
INSERT INTO PLAYLIST_SONGS (playlistsong_id, playlist_id, song_id, date_added) VALUES (39, 362, 132, '2023-09-26');
INSERT INTO PLAYLIST_SONGS (playlistsong_id, playlist_id, song_id, date_added) VALUES (40, 112, 206, '2023-01-03');
INSERT INTO PLAYLIST_SONGS (playlistsong_id, playlist_id, song_id, date_added) VALUES (41, 125, 473, '2023-09-02');
INSERT INTO PLAYLIST_SONGS (playlistsong_id, playlist_id, song_id, date_added) VALUES (42, 453, 774, '2023-07-07');
INSERT INTO PLAYLIST_SONGS (playlistsong_id, playlist_id, song_id, date_added) VALUES (43, 35, 985, '2023-02-21');
INSERT INTO PLAYLIST_SONGS (playlistsong_id, playlist_id, song_id, date_added) VALUES (44, 88, 323, '2023-07-14');
INSERT INTO PLAYLIST_SONGS (playlistsong_id, playlist_id, song_id, date_added) VALUES (45, 283, 789, '2023-11-30');
INSERT INTO PLAYLIST_SONGS (playlistsong_id, playlist_id, song_id, date_added) VALUES (46, 500, 704, '2023-11-08');
INSERT INTO PLAYLIST_SONGS (playlistsong_id, playlist_id, song_id, date_added) VALUES (47, 246, 830, '2023-10-08');
INSERT INTO PLAYLIST_SONGS (playlistsong_id, playlist_id, song_id, date_added) VALUES (48, 256, 525, '2024-03-27');
INSERT INTO PLAYLIST_SONGS (playlistsong_id, playlist_id, song_id, date_added) VALUES (49, 202, 197, '2023-07-18');
INSERT INTO PLAYLIST_SONGS (playlistsong_id, playlist_id, song_id, date_added) VALUES (50, 469, 47, '2023-02-19');
INSERT INTO PLAYLIST_SONGS (playlistsong_id, playlist_id, song_id, date_added) VALUES (51, 279, 864, '2023-07-26');
INSERT INTO PLAYLIST_SONGS (playlistsong_id, playlist_id, song_id, date_added) VALUES (52, 428, 30, '2023-06-11');
INSERT INTO PLAYLIST_SONGS (playlistsong_id, playlist_id, song_id, date_added) VALUES (53, 414, 517, '2023-06-08');
INSERT INTO PLAYLIST_SONGS (playlistsong_id, playlist_id, song_id, date_added) VALUES (54, 356, 556, '2023-07-30');
INSERT INTO PLAYLIST_SONGS (playlistsong_id, playlist_id, song_id, date_added) VALUES (55, 208, 919, '2023-10-17');
INSERT INTO PLAYLIST_SONGS (playlistsong_id, playlist_id, song_id, date_added) VALUES (56, 55, 378, '2024-04-01');
INSERT INTO PLAYLIST_SONGS (playlistsong_id, playlist_id, song_id, date_added) VALUES (57, 37, 947, '2023-09-11');
INSERT INTO PLAYLIST_SONGS (playlistsong_id, playlist_id, song_id, date_added) VALUES (58, 488, 445, '2023-06-11');
INSERT INTO PLAYLIST_SONGS (playlistsong_id, playlist_id, song_id, date_added) VALUES (59, 475, 280, '2023-06-20');
INSERT INTO PLAYLIST_SONGS (playlistsong_id, playlist_id, song_id, date_added) VALUES (60, 42, 49, '2024-05-12');
INSERT INTO PLAYLIST_SONGS (playlistsong_id, playlist_id, song_id, date_added) VALUES (61, 73, 238, '2023-12-08');
INSERT INTO PLAYLIST_SONGS (playlistsong_id, playlist_id, song_id, date_added) VALUES (62, 172, 293, '2023-03-10');
INSERT INTO PLAYLIST_SONGS (playlistsong_id, playlist_id, song_id, date_added) VALUES (63, 413, 460, '2023-02-28');
INSERT INTO PLAYLIST_SONGS (playlistsong_id, playlist_id, song_id, date_added) VALUES (64, 332, 68, '2024-02-29');
INSERT INTO PLAYLIST_SONGS (playlistsong_id, playlist_id, song_id, date_added) VALUES (65, 55, 119, '2024-04-05');
INSERT INTO PLAYLIST_SONGS (playlistsong_id, playlist_id, song_id, date_added) VALUES (66, 98, 755, '2023-10-01');
INSERT INTO PLAYLIST_SONGS (playlistsong_id, playlist_id, song_id, date_added) VALUES (67, 289, 596, '2023-08-07');
INSERT INTO PLAYLIST_SONGS (playlistsong_id, playlist_id, song_id, date_added) VALUES (68, 378, 603, '2023-03-17');
INSERT INTO PLAYLIST_SONGS (playlistsong_id, playlist_id, song_id, date_added) VALUES (69, 41, 747, '2023-02-28');
INSERT INTO PLAYLIST_SONGS (playlistsong_id, playlist_id, song_id, date_added) VALUES (70, 483, 282, '2023-01-06');
INSERT INTO PLAYLIST_SONGS (playlistsong_id, playlist_id, song_id, date_added) VALUES (71, 138, 386, '2023-03-18');
INSERT INTO PLAYLIST_SONGS (playlistsong_id, playlist_id, song_id, date_added) VALUES (72, 295, 658, '2024-03-24');
INSERT INTO PLAYLIST_SONGS (playlistsong_id, playlist_id, song_id, date_added) VALUES (73, 296, 365, '2024-05-12');
INSERT INTO PLAYLIST_SONGS (playlistsong_id, playlist_id, song_id, date_added) VALUES (74, 361, 121, '2023-04-01');
INSERT INTO PLAYLIST_SONGS (playlistsong_id, playlist_id, song_id, date_added) VALUES (75, 487, 964, '2023-01-11');
INSERT INTO PLAYLIST_SONGS (playlistsong_id, playlist_id, song_id, date_added) VALUES (76, 376, 403, '2023-11-14');
INSERT INTO PLAYLIST_SONGS (playlistsong_id, playlist_id, song_id, date_added) VALUES (77, 181, 192, '2023-09-01');
INSERT INTO PLAYLIST_SONGS (playlistsong_id, playlist_id, song_id, date_added) VALUES (78, 472, 287, '2023-06-10');
INSERT INTO PLAYLIST_SONGS (playlistsong_id, playlist_id, song_id, date_added) VALUES (79, 50, 141, '2024-02-06');
INSERT INTO PLAYLIST_SONGS (playlistsong_id, playlist_id, song_id, date_added) VALUES (80, 452, 681, '2023-02-25');
INSERT INTO PLAYLIST_SONGS (playlistsong_id, playlist_id, song_id, date_added) VALUES (81, 47, 98, '2024-02-01');
INSERT INTO PLAYLIST_SONGS (playlistsong_id, playlist_id, song_id, date_added) VALUES (82, 55, 628, '2023-11-12');
INSERT INTO PLAYLIST_SONGS (playlistsong_id, playlist_id, song_id, date_added) VALUES (83, 384, 41, '2024-02-11');
INSERT INTO PLAYLIST_SONGS (playlistsong_id, playlist_id, song_id, date_added) VALUES (84, 459, 489, '2024-01-02');
INSERT INTO PLAYLIST_SONGS (playlistsong_id, playlist_id, song_id, date_added) VALUES (85, 416, 69, '2023-01-16');
INSERT INTO PLAYLIST_SONGS (playlistsong_id, playlist_id, song_id, date_added) VALUES (86, 307, 707, '2023-01-23');
INSERT INTO PLAYLIST_SONGS (playlistsong_id, playlist_id, song_id, date_added) VALUES (87, 439, 993, '2023-12-19');
INSERT INTO PLAYLIST_SONGS (playlistsong_id, playlist_id, song_id, date_added) VALUES (88, 175, 875, '2023-11-14');
INSERT INTO PLAYLIST_SONGS (playlistsong_id, playlist_id, song_id, date_added) VALUES (89, 63, 871, '2023-03-23');
INSERT INTO PLAYLIST_SONGS (playlistsong_id, playlist_id, song_id, date_added) VALUES (90, 279, 390, '2024-04-03');
INSERT INTO PLAYLIST_SONGS (playlistsong_id, playlist_id, song_id, date_added) VALUES (91, 120, 333, '2024-03-23');
INSERT INTO PLAYLIST_SONGS (playlistsong_id, playlist_id, song_id, date_added) VALUES (92, 497, 465, '2023-06-14');
INSERT INTO PLAYLIST_SONGS (playlistsong_id, playlist_id, song_id, date_added) VALUES (93, 454, 688, '2024-01-06');
INSERT INTO PLAYLIST_SONGS (playlistsong_id, playlist_id, song_id, date_added) VALUES (94, 440, 940, '2023-06-24');
INSERT INTO PLAYLIST_SONGS (playlistsong_id, playlist_id, song_id, date_added) VALUES (95, 6, 714, '2024-03-28');
INSERT INTO PLAYLIST_SONGS (playlistsong_id, playlist_id, song_id, date_added) VALUES (96, 226, 718, '2023-11-05');
INSERT INTO PLAYLIST_SONGS (playlistsong_id, playlist_id, song_id, date_added) VALUES (97, 435, 528, '2023-02-02');
INSERT INTO PLAYLIST_SONGS (playlistsong_id, playlist_id, song_id, date_added) VALUES (98, 87, 916, '2023-05-21');
INSERT INTO PLAYLIST_SONGS (playlistsong_id, playlist_id, song_id, date_added) VALUES (99, 149, 545, '2023-12-22');
INSERT INTO PLAYLIST_SONGS (playlistsong_id, playlist_id, song_id, date_added) VALUES (100, 51, 69, '2023-01-10');
INSERT INTO PLAYLIST_SONGS (playlistsong_id, playlist_id, song_id, date_added) VALUES (101, 149, 454, '2024-02-25');
INSERT INTO PLAYLIST_SONGS (playlistsong_id, playlist_id, song_id, date_added) VALUES (102, 17, 938, '2024-03-21');
INSERT INTO PLAYLIST_SONGS (playlistsong_id, playlist_id, song_id, date_added) VALUES (103, 379, 609, '2023-04-17');
INSERT INTO PLAYLIST_SONGS (playlistsong_id, playlist_id, song_id, date_added) VALUES (104, 281, 126, '2024-02-09');
INSERT INTO PLAYLIST_SONGS (playlistsong_id, playlist_id, song_id, date_added) VALUES (105, 223, 823, '2023-12-27');
INSERT INTO PLAYLIST_SONGS (playlistsong_id, playlist_id, song_id, date_added) VALUES (106, 58, 516, '2023-07-14');
INSERT INTO PLAYLIST_SONGS (playlistsong_id, playlist_id, song_id, date_added) VALUES (107, 283, 744, '2023-04-22');
INSERT INTO PLAYLIST_SONGS (playlistsong_id, playlist_id, song_id, date_added) VALUES (108, 64, 970, '2024-04-14');
INSERT INTO PLAYLIST_SONGS (playlistsong_id, playlist_id, song_id, date_added) VALUES (109, 409, 393, '2023-01-02');
INSERT INTO PLAYLIST_SONGS (playlistsong_id, playlist_id, song_id, date_added) VALUES (110, 287, 5, '2024-01-07');
INSERT INTO PLAYLIST_SONGS (playlistsong_id, playlist_id, song_id, date_added) VALUES (111, 222, 119, '2023-12-23');
INSERT INTO PLAYLIST_SONGS (playlistsong_id, playlist_id, song_id, date_added) VALUES (112, 452, 432, '2024-03-09');
INSERT INTO PLAYLIST_SONGS (playlistsong_id, playlist_id, song_id, date_added) VALUES (113, 79, 452, '2023-07-11');
INSERT INTO PLAYLIST_SONGS (playlistsong_id, playlist_id, song_id, date_added) VALUES (114, 170, 357, '2023-12-26');
INSERT INTO PLAYLIST_SONGS (playlistsong_id, playlist_id, song_id, date_added) VALUES (115, 336, 721, '2023-07-10');
INSERT INTO PLAYLIST_SONGS (playlistsong_id, playlist_id, song_id, date_added) VALUES (116, 358, 733, '2024-04-21');
INSERT INTO PLAYLIST_SONGS (playlistsong_id, playlist_id, song_id, date_added) VALUES (117, 445, 47, '2023-12-11');
INSERT INTO PLAYLIST_SONGS (playlistsong_id, playlist_id, song_id, date_added) VALUES (118, 83, 128, '2023-08-04');
INSERT INTO PLAYLIST_SONGS (playlistsong_id, playlist_id, song_id, date_added) VALUES (119, 415, 831, '2023-08-31');
INSERT INTO PLAYLIST_SONGS (playlistsong_id, playlist_id, song_id, date_added) VALUES (120, 414, 66, '2024-02-10');
INSERT INTO PLAYLIST_SONGS (playlistsong_id, playlist_id, song_id, date_added) VALUES (121, 481, 958, '2024-02-10');
INSERT INTO PLAYLIST_SONGS (playlistsong_id, playlist_id, song_id, date_added) VALUES (122, 352, 327, '2024-03-31');
INSERT INTO PLAYLIST_SONGS (playlistsong_id, playlist_id, song_id, date_added) VALUES (123, 24, 430, '2023-12-27');
INSERT INTO PLAYLIST_SONGS (playlistsong_id, playlist_id, song_id, date_added) VALUES (124, 136, 961, '2023-10-30');
INSERT INTO PLAYLIST_SONGS (playlistsong_id, playlist_id, song_id, date_added) VALUES (125, 87, 979, '2024-04-11');
INSERT INTO PLAYLIST_SONGS (playlistsong_id, playlist_id, song_id, date_added) VALUES (126, 495, 562, '2023-06-13');
INSERT INTO PLAYLIST_SONGS (playlistsong_id, playlist_id, song_id, date_added) VALUES (127, 233, 687, '2024-02-22');
INSERT INTO PLAYLIST_SONGS (playlistsong_id, playlist_id, song_id, date_added) VALUES (128, 369, 613, '2023-09-14');
INSERT INTO PLAYLIST_SONGS (playlistsong_id, playlist_id, song_id, date_added) VALUES (129, 407, 996, '2023-05-11');
INSERT INTO PLAYLIST_SONGS (playlistsong_id, playlist_id, song_id, date_added) VALUES (130, 75, 349, '2023-04-01');
INSERT INTO PLAYLIST_SONGS (playlistsong_id, playlist_id, song_id, date_added) VALUES (131, 55, 645, '2023-07-16');
INSERT INTO PLAYLIST_SONGS (playlistsong_id, playlist_id, song_id, date_added) VALUES (132, 141, 662, '2023-11-01');
INSERT INTO PLAYLIST_SONGS (playlistsong_id, playlist_id, song_id, date_added) VALUES (133, 441, 504, '2024-03-26');
INSERT INTO PLAYLIST_SONGS (playlistsong_id, playlist_id, song_id, date_added) VALUES (134, 398, 765, '2023-07-31');
INSERT INTO PLAYLIST_SONGS (playlistsong_id, playlist_id, song_id, date_added) VALUES (135, 420, 659, '2024-04-06');
INSERT INTO PLAYLIST_SONGS (playlistsong_id, playlist_id, song_id, date_added) VALUES (136, 138, 206, '2023-01-07');
INSERT INTO PLAYLIST_SONGS (playlistsong_id, playlist_id, song_id, date_added) VALUES (137, 155, 961, '2023-09-02');
INSERT INTO PLAYLIST_SONGS (playlistsong_id, playlist_id, song_id, date_added) VALUES (138, 290, 292, '2024-04-30');
INSERT INTO PLAYLIST_SONGS (playlistsong_id, playlist_id, song_id, date_added) VALUES (139, 139, 399, '2023-08-20');
INSERT INTO PLAYLIST_SONGS (playlistsong_id, playlist_id, song_id, date_added) VALUES (140, 410, 830, '2024-02-10');
INSERT INTO PLAYLIST_SONGS (playlistsong_id, playlist_id, song_id, date_added) VALUES (141, 331, 12, '2023-05-06');
INSERT INTO PLAYLIST_SONGS (playlistsong_id, playlist_id, song_id, date_added) VALUES (142, 320, 949, '2024-03-27');
INSERT INTO PLAYLIST_SONGS (playlistsong_id, playlist_id, song_id, date_added) VALUES (143, 405, 174, '2023-11-10');
INSERT INTO PLAYLIST_SONGS (playlistsong_id, playlist_id, song_id, date_added) VALUES (144, 226, 33, '2023-11-04');
INSERT INTO PLAYLIST_SONGS (playlistsong_id, playlist_id, song_id, date_added) VALUES (145, 21, 408, '2024-01-08');
INSERT INTO PLAYLIST_SONGS (playlistsong_id, playlist_id, song_id, date_added) VALUES (146, 326, 363, '2023-11-30');
INSERT INTO PLAYLIST_SONGS (playlistsong_id, playlist_id, song_id, date_added) VALUES (147, 4, 423, '2024-01-09');
INSERT INTO PLAYLIST_SONGS (playlistsong_id, playlist_id, song_id, date_added) VALUES (148, 387, 597, '2023-06-11');
INSERT INTO PLAYLIST_SONGS (playlistsong_id, playlist_id, song_id, date_added) VALUES (149, 43, 427, '2023-01-08');
INSERT INTO PLAYLIST_SONGS (playlistsong_id, playlist_id, song_id, date_added) VALUES (150, 171, 461, '2023-03-18');
INSERT INTO PLAYLIST_SONGS (playlistsong_id, playlist_id, song_id, date_added) VALUES (151, 81, 474, '2023-07-05');
INSERT INTO PLAYLIST_SONGS (playlistsong_id, playlist_id, song_id, date_added) VALUES (152, 17, 226, '2023-10-24');
INSERT INTO PLAYLIST_SONGS (playlistsong_id, playlist_id, song_id, date_added) VALUES (153, 79, 834, '2023-03-26');
INSERT INTO PLAYLIST_SONGS (playlistsong_id, playlist_id, song_id, date_added) VALUES (154, 418, 570, '2023-11-10');
INSERT INTO PLAYLIST_SONGS (playlistsong_id, playlist_id, song_id, date_added) VALUES (155, 470, 105, '2023-02-11');
INSERT INTO PLAYLIST_SONGS (playlistsong_id, playlist_id, song_id, date_added) VALUES (156, 418, 843, '2024-04-08');
INSERT INTO PLAYLIST_SONGS (playlistsong_id, playlist_id, song_id, date_added) VALUES (157, 467, 262, '2024-04-03');
INSERT INTO PLAYLIST_SONGS (playlistsong_id, playlist_id, song_id, date_added) VALUES (158, 354, 335, '2024-01-28');
INSERT INTO PLAYLIST_SONGS (playlistsong_id, playlist_id, song_id, date_added) VALUES (159, 108, 350, '2023-06-09');
INSERT INTO PLAYLIST_SONGS (playlistsong_id, playlist_id, song_id, date_added) VALUES (160, 494, 521, '2023-03-12');
INSERT INTO PLAYLIST_SONGS (playlistsong_id, playlist_id, song_id, date_added) VALUES (161, 99, 240, '2023-12-24');
INSERT INTO PLAYLIST_SONGS (playlistsong_id, playlist_id, song_id, date_added) VALUES (162, 472, 678, '2023-11-07');
INSERT INTO PLAYLIST_SONGS (playlistsong_id, playlist_id, song_id, date_added) VALUES (163, 136, 589, '2023-03-18');
INSERT INTO PLAYLIST_SONGS (playlistsong_id, playlist_id, song_id, date_added) VALUES (164, 314, 224, '2023-07-17');
INSERT INTO PLAYLIST_SONGS (playlistsong_id, playlist_id, song_id, date_added) VALUES (165, 418, 968, '2023-10-07');
INSERT INTO PLAYLIST_SONGS (playlistsong_id, playlist_id, song_id, date_added) VALUES (166, 333, 313, '2023-09-08');
INSERT INTO PLAYLIST_SONGS (playlistsong_id, playlist_id, song_id, date_added) VALUES (167, 467, 300, '2023-08-21');
INSERT INTO PLAYLIST_SONGS (playlistsong_id, playlist_id, song_id, date_added) VALUES (168, 368, 983, '2023-06-13');
INSERT INTO PLAYLIST_SONGS (playlistsong_id, playlist_id, song_id, date_added) VALUES (169, 100, 822, '2023-06-01');
INSERT INTO PLAYLIST_SONGS (playlistsong_id, playlist_id, song_id, date_added) VALUES (170, 119, 547, '2023-07-04');
INSERT INTO PLAYLIST_SONGS (playlistsong_id, playlist_id, song_id, date_added) VALUES (171, 332, 900, '2023-03-08');
INSERT INTO PLAYLIST_SONGS (playlistsong_id, playlist_id, song_id, date_added) VALUES (172, 30, 104, '2024-02-28');
INSERT INTO PLAYLIST_SONGS (playlistsong_id, playlist_id, song_id, date_added) VALUES (173, 298, 359, '2024-01-14');
INSERT INTO PLAYLIST_SONGS (playlistsong_id, playlist_id, song_id, date_added) VALUES (174, 95, 884, '2023-03-03');
INSERT INTO PLAYLIST_SONGS (playlistsong_id, playlist_id, song_id, date_added) VALUES (175, 218, 199, '2023-07-03');
INSERT INTO PLAYLIST_SONGS (playlistsong_id, playlist_id, song_id, date_added) VALUES (176, 274, 852, '2023-03-26');
INSERT INTO PLAYLIST_SONGS (playlistsong_id, playlist_id, song_id, date_added) VALUES (177, 332, 633, '2023-12-26');
INSERT INTO PLAYLIST_SONGS (playlistsong_id, playlist_id, song_id, date_added) VALUES (178, 275, 435, '2023-01-04');
INSERT INTO PLAYLIST_SONGS (playlistsong_id, playlist_id, song_id, date_added) VALUES (179, 261, 267, '2023-10-15');
INSERT INTO PLAYLIST_SONGS (playlistsong_id, playlist_id, song_id, date_added) VALUES (180, 278, 546, '2024-02-10');
INSERT INTO PLAYLIST_SONGS (playlistsong_id, playlist_id, song_id, date_added) VALUES (181, 263, 666, '2024-03-05');
INSERT INTO PLAYLIST_SONGS (playlistsong_id, playlist_id, song_id, date_added) VALUES (182, 412, 531, '2024-04-30');
INSERT INTO PLAYLIST_SONGS (playlistsong_id, playlist_id, song_id, date_added) VALUES (183, 38, 23, '2024-02-11');
INSERT INTO PLAYLIST_SONGS (playlistsong_id, playlist_id, song_id, date_added) VALUES (184, 20, 394, '2023-02-08');
INSERT INTO PLAYLIST_SONGS (playlistsong_id, playlist_id, song_id, date_added) VALUES (185, 250, 989, '2023-04-11');
INSERT INTO PLAYLIST_SONGS (playlistsong_id, playlist_id, song_id, date_added) VALUES (186, 387, 569, '2024-05-19');
INSERT INTO PLAYLIST_SONGS (playlistsong_id, playlist_id, song_id, date_added) VALUES (187, 48, 499, '2023-09-19');
INSERT INTO PLAYLIST_SONGS (playlistsong_id, playlist_id, song_id, date_added) VALUES (188, 196, 551, '2023-11-23');
INSERT INTO PLAYLIST_SONGS (playlistsong_id, playlist_id, song_id, date_added) VALUES (189, 136, 892, '2023-08-15');
INSERT INTO PLAYLIST_SONGS (playlistsong_id, playlist_id, song_id, date_added) VALUES (190, 216, 637, '2023-08-17');
INSERT INTO PLAYLIST_SONGS (playlistsong_id, playlist_id, song_id, date_added) VALUES (191, 318, 831, '2024-04-02');
INSERT INTO PLAYLIST_SONGS (playlistsong_id, playlist_id, song_id, date_added) VALUES (192, 233, 172, '2023-04-16');
INSERT INTO PLAYLIST_SONGS (playlistsong_id, playlist_id, song_id, date_added) VALUES (193, 291, 479, '2023-12-25');
INSERT INTO PLAYLIST_SONGS (playlistsong_id, playlist_id, song_id, date_added) VALUES (194, 253, 25, '2024-01-27');
INSERT INTO PLAYLIST_SONGS (playlistsong_id, playlist_id, song_id, date_added) VALUES (195, 223, 211, '2023-09-23');
INSERT INTO PLAYLIST_SONGS (playlistsong_id, playlist_id, song_id, date_added) VALUES (196, 104, 705, '2023-02-18');
INSERT INTO PLAYLIST_SONGS (playlistsong_id, playlist_id, song_id, date_added) VALUES (197, 147, 635, '2024-03-13');
INSERT INTO PLAYLIST_SONGS (playlistsong_id, playlist_id, song_id, date_added) VALUES (198, 390, 975, '2024-04-13');
INSERT INTO PLAYLIST_SONGS (playlistsong_id, playlist_id, song_id, date_added) VALUES (199, 25, 788, '2023-09-13');
INSERT INTO PLAYLIST_SONGS (playlistsong_id, playlist_id, song_id, date_added) VALUES (200, 224, 110, '2023-07-31');
INSERT INTO PLAYLIST_SONGS (playlistsong_id, playlist_id, song_id, date_added) VALUES (201, 294, 289, '2023-05-12');
INSERT INTO PLAYLIST_SONGS (playlistsong_id, playlist_id, song_id, date_added) VALUES (202, 172, 235, '2023-01-26');
INSERT INTO PLAYLIST_SONGS (playlistsong_id, playlist_id, song_id, date_added) VALUES (203, 70, 551, '2023-10-01');
INSERT INTO PLAYLIST_SONGS (playlistsong_id, playlist_id, song_id, date_added) VALUES (204, 333, 714, '2023-02-13');
INSERT INTO PLAYLIST_SONGS (playlistsong_id, playlist_id, song_id, date_added) VALUES (205, 358, 467, '2023-03-14');
INSERT INTO PLAYLIST_SONGS (playlistsong_id, playlist_id, song_id, date_added) VALUES (206, 258, 240, '2023-10-28');
INSERT INTO PLAYLIST_SONGS (playlistsong_id, playlist_id, song_id, date_added) VALUES (207, 422, 843, '2023-12-17');
INSERT INTO PLAYLIST_SONGS (playlistsong_id, playlist_id, song_id, date_added) VALUES (208, 51, 83, '2023-12-06');
INSERT INTO PLAYLIST_SONGS (playlistsong_id, playlist_id, song_id, date_added) VALUES (209, 121, 180, '2023-02-08');
INSERT INTO PLAYLIST_SONGS (playlistsong_id, playlist_id, song_id, date_added) VALUES (210, 174, 74, '2023-05-30');
INSERT INTO PLAYLIST_SONGS (playlistsong_id, playlist_id, song_id, date_added) VALUES (211, 431, 512, '2023-02-09');
INSERT INTO PLAYLIST_SONGS (playlistsong_id, playlist_id, song_id, date_added) VALUES (212, 286, 820, '2024-02-26');
INSERT INTO PLAYLIST_SONGS (playlistsong_id, playlist_id, song_id, date_added) VALUES (213, 321, 237, '2023-03-03');
INSERT INTO PLAYLIST_SONGS (playlistsong_id, playlist_id, song_id, date_added) VALUES (214, 227, 486, '2023-04-29');
INSERT INTO PLAYLIST_SONGS (playlistsong_id, playlist_id, song_id, date_added) VALUES (215, 275, 261, '2024-01-30');
INSERT INTO PLAYLIST_SONGS (playlistsong_id, playlist_id, song_id, date_added) VALUES (216, 284, 657, '2024-01-27');
INSERT INTO PLAYLIST_SONGS (playlistsong_id, playlist_id, song_id, date_added) VALUES (217, 461, 278, '2023-05-30');
INSERT INTO PLAYLIST_SONGS (playlistsong_id, playlist_id, song_id, date_added) VALUES (218, 41, 773, '2023-02-15');
INSERT INTO PLAYLIST_SONGS (playlistsong_id, playlist_id, song_id, date_added) VALUES (219, 229, 890, '2023-04-29');
INSERT INTO PLAYLIST_SONGS (playlistsong_id, playlist_id, song_id, date_added) VALUES (220, 297, 329, '2023-10-29');
INSERT INTO PLAYLIST_SONGS (playlistsong_id, playlist_id, song_id, date_added) VALUES (221, 121, 725, '2023-10-14');
INSERT INTO PLAYLIST_SONGS (playlistsong_id, playlist_id, song_id, date_added) VALUES (222, 444, 82, '2023-03-15');
INSERT INTO PLAYLIST_SONGS (playlistsong_id, playlist_id, song_id, date_added) VALUES (223, 153, 394, '2023-11-17');
INSERT INTO PLAYLIST_SONGS (playlistsong_id, playlist_id, song_id, date_added) VALUES (224, 409, 180, '2023-06-03');
INSERT INTO PLAYLIST_SONGS (playlistsong_id, playlist_id, song_id, date_added) VALUES (225, 142, 362, '2023-12-05');
INSERT INTO PLAYLIST_SONGS (playlistsong_id, playlist_id, song_id, date_added) VALUES (226, 1, 121, '2023-11-29');
INSERT INTO PLAYLIST_SONGS (playlistsong_id, playlist_id, song_id, date_added) VALUES (227, 58, 41, '2023-07-31');
INSERT INTO PLAYLIST_SONGS (playlistsong_id, playlist_id, song_id, date_added) VALUES (228, 251, 363, '2023-02-24');
INSERT INTO PLAYLIST_SONGS (playlistsong_id, playlist_id, song_id, date_added) VALUES (229, 234, 829, '2023-01-28');
INSERT INTO PLAYLIST_SONGS (playlistsong_id, playlist_id, song_id, date_added) VALUES (230, 347, 839, '2023-06-09');
INSERT INTO PLAYLIST_SONGS (playlistsong_id, playlist_id, song_id, date_added) VALUES (231, 243, 789, '2023-12-22');
INSERT INTO PLAYLIST_SONGS (playlistsong_id, playlist_id, song_id, date_added) VALUES (232, 349, 176, '2023-01-04');
INSERT INTO PLAYLIST_SONGS (playlistsong_id, playlist_id, song_id, date_added) VALUES (233, 384, 391, '2023-10-17');
INSERT INTO PLAYLIST_SONGS (playlistsong_id, playlist_id, song_id, date_added) VALUES (234, 211, 141, '2023-03-09');
INSERT INTO PLAYLIST_SONGS (playlistsong_id, playlist_id, song_id, date_added) VALUES (235, 323, 152, '2023-03-18');
INSERT INTO PLAYLIST_SONGS (playlistsong_id, playlist_id, song_id, date_added) VALUES (236, 73, 602, '2023-09-18');
INSERT INTO PLAYLIST_SONGS (playlistsong_id, playlist_id, song_id, date_added) VALUES (237, 134, 486, '2023-01-03');
INSERT INTO PLAYLIST_SONGS (playlistsong_id, playlist_id, song_id, date_added) VALUES (238, 385, 394, '2023-10-31');
INSERT INTO PLAYLIST_SONGS (playlistsong_id, playlist_id, song_id, date_added) VALUES (239, 30, 463, '2023-12-28');
INSERT INTO PLAYLIST_SONGS (playlistsong_id, playlist_id, song_id, date_added) VALUES (240, 86, 88, '2023-05-31');
INSERT INTO PLAYLIST_SONGS (playlistsong_id, playlist_id, song_id, date_added) VALUES (241, 107, 117, '2023-05-07');
INSERT INTO PLAYLIST_SONGS (playlistsong_id, playlist_id, song_id, date_added) VALUES (242, 194, 446, '2023-01-25');
INSERT INTO PLAYLIST_SONGS (playlistsong_id, playlist_id, song_id, date_added) VALUES (243, 31, 875, '2024-04-16');
INSERT INTO PLAYLIST_SONGS (playlistsong_id, playlist_id, song_id, date_added) VALUES (244, 132, 704, '2024-01-06');
INSERT INTO PLAYLIST_SONGS (playlistsong_id, playlist_id, song_id, date_added) VALUES (245, 45, 927, '2023-05-15');
INSERT INTO PLAYLIST_SONGS (playlistsong_id, playlist_id, song_id, date_added) VALUES (246, 130, 493, '2023-02-23');
INSERT INTO PLAYLIST_SONGS (playlistsong_id, playlist_id, song_id, date_added) VALUES (247, 245, 888, '2024-03-13');
INSERT INTO PLAYLIST_SONGS (playlistsong_id, playlist_id, song_id, date_added) VALUES (248, 432, 389, '2023-01-31');
INSERT INTO PLAYLIST_SONGS (playlistsong_id, playlist_id, song_id, date_added) VALUES (249, 122, 921, '2023-07-25');
INSERT INTO PLAYLIST_SONGS (playlistsong_id, playlist_id, song_id, date_added) VALUES (250, 447, 412, '2023-12-16');
INSERT INTO PLAYLIST_SONGS (playlistsong_id, playlist_id, song_id, date_added) VALUES (251, 218, 297, '2023-12-23');
INSERT INTO PLAYLIST_SONGS (playlistsong_id, playlist_id, song_id, date_added) VALUES (252, 308, 112, '2024-02-19');
INSERT INTO PLAYLIST_SONGS (playlistsong_id, playlist_id, song_id, date_added) VALUES (253, 370, 607, '2023-12-07');
INSERT INTO PLAYLIST_SONGS (playlistsong_id, playlist_id, song_id, date_added) VALUES (254, 302, 476, '2024-02-22');
INSERT INTO PLAYLIST_SONGS (playlistsong_id, playlist_id, song_id, date_added) VALUES (255, 185, 702, '2023-02-26');
INSERT INTO PLAYLIST_SONGS (playlistsong_id, playlist_id, song_id, date_added) VALUES (256, 482, 617, '2023-03-19');
INSERT INTO PLAYLIST_SONGS (playlistsong_id, playlist_id, song_id, date_added) VALUES (257, 245, 745, '2024-05-13');
INSERT INTO PLAYLIST_SONGS (playlistsong_id, playlist_id, song_id, date_added) VALUES (258, 175, 744, '2023-12-23');
INSERT INTO PLAYLIST_SONGS (playlistsong_id, playlist_id, song_id, date_added) VALUES (259, 327, 702, '2023-04-14');
INSERT INTO PLAYLIST_SONGS (playlistsong_id, playlist_id, song_id, date_added) VALUES (260, 146, 707, '2023-01-02');
INSERT INTO PLAYLIST_SONGS (playlistsong_id, playlist_id, song_id, date_added) VALUES (261, 305, 517, '2023-07-08');
INSERT INTO PLAYLIST_SONGS (playlistsong_id, playlist_id, song_id, date_added) VALUES (262, 93, 852, '2023-10-14');
INSERT INTO PLAYLIST_SONGS (playlistsong_id, playlist_id, song_id, date_added) VALUES (263, 115, 18, '2024-03-26');
INSERT INTO PLAYLIST_SONGS (playlistsong_id, playlist_id, song_id, date_added) VALUES (264, 436, 726, '2023-11-02');
INSERT INTO PLAYLIST_SONGS (playlistsong_id, playlist_id, song_id, date_added) VALUES (265, 413, 560, '2024-03-24');
INSERT INTO PLAYLIST_SONGS (playlistsong_id, playlist_id, song_id, date_added) VALUES (266, 227, 197, '2024-04-14');
INSERT INTO PLAYLIST_SONGS (playlistsong_id, playlist_id, song_id, date_added) VALUES (267, 117, 448, '2024-02-01');
INSERT INTO PLAYLIST_SONGS (playlistsong_id, playlist_id, song_id, date_added) VALUES (268, 127, 931, '2024-04-16');
INSERT INTO PLAYLIST_SONGS (playlistsong_id, playlist_id, song_id, date_added) VALUES (269, 170, 114, '2023-09-21');
INSERT INTO PLAYLIST_SONGS (playlistsong_id, playlist_id, song_id, date_added) VALUES (270, 281, 760, '2023-12-22');
INSERT INTO PLAYLIST_SONGS (playlistsong_id, playlist_id, song_id, date_added) VALUES (271, 275, 868, '2023-05-11');
INSERT INTO PLAYLIST_SONGS (playlistsong_id, playlist_id, song_id, date_added) VALUES (272, 209, 505, '2024-02-14');
INSERT INTO PLAYLIST_SONGS (playlistsong_id, playlist_id, song_id, date_added) VALUES (273, 375, 837, '2023-06-24');
INSERT INTO PLAYLIST_SONGS (playlistsong_id, playlist_id, song_id, date_added) VALUES (274, 28, 607, '2023-12-14');
INSERT INTO PLAYLIST_SONGS (playlistsong_id, playlist_id, song_id, date_added) VALUES (275, 356, 992, '2023-04-18');
INSERT INTO PLAYLIST_SONGS (playlistsong_id, playlist_id, song_id, date_added) VALUES (276, 296, 962, '2023-06-03');
INSERT INTO PLAYLIST_SONGS (playlistsong_id, playlist_id, song_id, date_added) VALUES (277, 149, 491, '2023-12-23');
INSERT INTO PLAYLIST_SONGS (playlistsong_id, playlist_id, song_id, date_added) VALUES (278, 424, 597, '2023-01-25');
INSERT INTO PLAYLIST_SONGS (playlistsong_id, playlist_id, song_id, date_added) VALUES (279, 277, 128, '2023-04-25');
INSERT INTO PLAYLIST_SONGS (playlistsong_id, playlist_id, song_id, date_added) VALUES (280, 231, 519, '2024-03-19');
INSERT INTO PLAYLIST_SONGS (playlistsong_id, playlist_id, song_id, date_added) VALUES (281, 459, 934, '2023-04-28');
INSERT INTO PLAYLIST_SONGS (playlistsong_id, playlist_id, song_id, date_added) VALUES (282, 281, 972, '2023-08-30');
INSERT INTO PLAYLIST_SONGS (playlistsong_id, playlist_id, song_id, date_added) VALUES (283, 260, 463, '2023-02-27');
INSERT INTO PLAYLIST_SONGS (playlistsong_id, playlist_id, song_id, date_added) VALUES (284, 186, 900, '2023-04-26');
INSERT INTO PLAYLIST_SONGS (playlistsong_id, playlist_id, song_id, date_added) VALUES (285, 130, 952, '2024-03-30');
INSERT INTO PLAYLIST_SONGS (playlistsong_id, playlist_id, song_id, date_added) VALUES (286, 135, 493, '2023-09-29');
INSERT INTO PLAYLIST_SONGS (playlistsong_id, playlist_id, song_id, date_added) VALUES (287, 149, 335, '2023-10-09');
INSERT INTO PLAYLIST_SONGS (playlistsong_id, playlist_id, song_id, date_added) VALUES (288, 33, 468, '2023-04-10');
INSERT INTO PLAYLIST_SONGS (playlistsong_id, playlist_id, song_id, date_added) VALUES (289, 273, 998, '2023-06-14');
INSERT INTO PLAYLIST_SONGS (playlistsong_id, playlist_id, song_id, date_added) VALUES (290, 293, 583, '2023-06-11');
INSERT INTO PLAYLIST_SONGS (playlistsong_id, playlist_id, song_id, date_added) VALUES (291, 70, 129, '2024-02-08');
INSERT INTO PLAYLIST_SONGS (playlistsong_id, playlist_id, song_id, date_added) VALUES (292, 21, 40, '2023-11-05');
INSERT INTO PLAYLIST_SONGS (playlistsong_id, playlist_id, song_id, date_added) VALUES (293, 226, 53, '2023-12-01');
INSERT INTO PLAYLIST_SONGS (playlistsong_id, playlist_id, song_id, date_added) VALUES (294, 121, 157, '2023-06-24');
INSERT INTO PLAYLIST_SONGS (playlistsong_id, playlist_id, song_id, date_added) VALUES (295, 203, 783, '2024-04-18');
INSERT INTO PLAYLIST_SONGS (playlistsong_id, playlist_id, song_id, date_added) VALUES (296, 400, 834, '2024-01-16');
INSERT INTO PLAYLIST_SONGS (playlistsong_id, playlist_id, song_id, date_added) VALUES (297, 226, 717, '2023-09-08');
INSERT INTO PLAYLIST_SONGS (playlistsong_id, playlist_id, song_id, date_added) VALUES (298, 497, 826, '2023-10-17');
INSERT INTO PLAYLIST_SONGS (playlistsong_id, playlist_id, song_id, date_added) VALUES (299, 385, 754, '2023-01-28');
INSERT INTO PLAYLIST_SONGS (playlistsong_id, playlist_id, song_id, date_added) VALUES (300, 389, 375, '2023-08-27');
INSERT INTO PLAYLIST_SONGS (playlistsong_id, playlist_id, song_id, date_added) VALUES (301, 494, 264, '2024-02-26');
INSERT INTO PLAYLIST_SONGS (playlistsong_id, playlist_id, song_id, date_added) VALUES (302, 424, 862, '2023-03-10');
INSERT INTO PLAYLIST_SONGS (playlistsong_id, playlist_id, song_id, date_added) VALUES (303, 323, 372, '2023-06-25');
INSERT INTO PLAYLIST_SONGS (playlistsong_id, playlist_id, song_id, date_added) VALUES (304, 437, 497, '2023-09-13');
INSERT INTO PLAYLIST_SONGS (playlistsong_id, playlist_id, song_id, date_added) VALUES (305, 47, 547, '2023-12-31');
INSERT INTO PLAYLIST_SONGS (playlistsong_id, playlist_id, song_id, date_added) VALUES (306, 347, 22, '2023-05-06');
INSERT INTO PLAYLIST_SONGS (playlistsong_id, playlist_id, song_id, date_added) VALUES (307, 473, 593, '2023-03-19');
INSERT INTO PLAYLIST_SONGS (playlistsong_id, playlist_id, song_id, date_added) VALUES (308, 56, 199, '2023-01-25');
INSERT INTO PLAYLIST_SONGS (playlistsong_id, playlist_id, song_id, date_added) VALUES (309, 442, 678, '2023-08-13');
INSERT INTO PLAYLIST_SONGS (playlistsong_id, playlist_id, song_id, date_added) VALUES (310, 467, 806, '2023-02-23');
INSERT INTO PLAYLIST_SONGS (playlistsong_id, playlist_id, song_id, date_added) VALUES (311, 194, 415, '2023-09-05');
INSERT INTO PLAYLIST_SONGS (playlistsong_id, playlist_id, song_id, date_added) VALUES (312, 165, 870, '2023-11-14');
INSERT INTO PLAYLIST_SONGS (playlistsong_id, playlist_id, song_id, date_added) VALUES (313, 466, 507, '2023-09-12');
INSERT INTO PLAYLIST_SONGS (playlistsong_id, playlist_id, song_id, date_added) VALUES (314, 214, 293, '2024-02-08');
INSERT INTO PLAYLIST_SONGS (playlistsong_id, playlist_id, song_id, date_added) VALUES (315, 354, 332, '2023-12-13');
INSERT INTO PLAYLIST_SONGS (playlistsong_id, playlist_id, song_id, date_added) VALUES (316, 222, 579, '2023-07-02');
INSERT INTO PLAYLIST_SONGS (playlistsong_id, playlist_id, song_id, date_added) VALUES (317, 267, 201, '2023-12-04');
INSERT INTO PLAYLIST_SONGS (playlistsong_id, playlist_id, song_id, date_added) VALUES (318, 409, 852, '2024-04-13');
INSERT INTO PLAYLIST_SONGS (playlistsong_id, playlist_id, song_id, date_added) VALUES (319, 216, 383, '2024-01-07');
INSERT INTO PLAYLIST_SONGS (playlistsong_id, playlist_id, song_id, date_added) VALUES (320, 425, 303, '2024-05-10');
INSERT INTO PLAYLIST_SONGS (playlistsong_id, playlist_id, song_id, date_added) VALUES (321, 131, 835, '2023-02-20');
INSERT INTO PLAYLIST_SONGS (playlistsong_id, playlist_id, song_id, date_added) VALUES (322, 352, 916, '2023-05-11');
INSERT INTO PLAYLIST_SONGS (playlistsong_id, playlist_id, song_id, date_added) VALUES (323, 406, 592, '2024-03-27');
INSERT INTO PLAYLIST_SONGS (playlistsong_id, playlist_id, song_id, date_added) VALUES (324, 119, 211, '2023-06-29');
INSERT INTO PLAYLIST_SONGS (playlistsong_id, playlist_id, song_id, date_added) VALUES (325, 239, 807, '2023-08-18');
INSERT INTO PLAYLIST_SONGS (playlistsong_id, playlist_id, song_id, date_added) VALUES (326, 301, 621, '2024-03-05');
INSERT INTO PLAYLIST_SONGS (playlistsong_id, playlist_id, song_id, date_added) VALUES (327, 384, 286, '2023-09-16');
INSERT INTO PLAYLIST_SONGS (playlistsong_id, playlist_id, song_id, date_added) VALUES (328, 349, 455, '2023-01-12');
INSERT INTO PLAYLIST_SONGS (playlistsong_id, playlist_id, song_id, date_added) VALUES (329, 135, 815, '2023-02-02');
INSERT INTO PLAYLIST_SONGS (playlistsong_id, playlist_id, song_id, date_added) VALUES (330, 317, 768, '2023-11-30');
INSERT INTO PLAYLIST_SONGS (playlistsong_id, playlist_id, song_id, date_added) VALUES (331, 222, 201, '2023-10-22');
INSERT INTO PLAYLIST_SONGS (playlistsong_id, playlist_id, song_id, date_added) VALUES (332, 440, 766, '2023-08-21');
INSERT INTO PLAYLIST_SONGS (playlistsong_id, playlist_id, song_id, date_added) VALUES (333, 147, 791, '2024-04-02');
INSERT INTO PLAYLIST_SONGS (playlistsong_id, playlist_id, song_id, date_added) VALUES (334, 72, 710, '2023-09-28');
INSERT INTO PLAYLIST_SONGS (playlistsong_id, playlist_id, song_id, date_added) VALUES (335, 446, 723, '2023-05-29');
INSERT INTO PLAYLIST_SONGS (playlistsong_id, playlist_id, song_id, date_added) VALUES (336, 154, 936, '2024-04-24');
INSERT INTO PLAYLIST_SONGS (playlistsong_id, playlist_id, song_id, date_added) VALUES (337, 333, 420, '2023-04-15');
INSERT INTO PLAYLIST_SONGS (playlistsong_id, playlist_id, song_id, date_added) VALUES (338, 413, 739, '2023-02-10');
INSERT INTO PLAYLIST_SONGS (playlistsong_id, playlist_id, song_id, date_added) VALUES (339, 431, 602, '2023-06-29');
INSERT INTO PLAYLIST_SONGS (playlistsong_id, playlist_id, song_id, date_added) VALUES (340, 228, 741, '2023-08-28');
INSERT INTO PLAYLIST_SONGS (playlistsong_id, playlist_id, song_id, date_added) VALUES (341, 357, 663, '2023-03-26');
INSERT INTO PLAYLIST_SONGS (playlistsong_id, playlist_id, song_id, date_added) VALUES (342, 275, 14, '2024-03-17');
INSERT INTO PLAYLIST_SONGS (playlistsong_id, playlist_id, song_id, date_added) VALUES (343, 390, 347, '2023-02-15');
INSERT INTO PLAYLIST_SONGS (playlistsong_id, playlist_id, song_id, date_added) VALUES (344, 321, 642, '2024-04-24');
INSERT INTO PLAYLIST_SONGS (playlistsong_id, playlist_id, song_id, date_added) VALUES (345, 457, 987, '2023-07-23');
INSERT INTO PLAYLIST_SONGS (playlistsong_id, playlist_id, song_id, date_added) VALUES (346, 313, 892, '2023-08-23');
INSERT INTO PLAYLIST_SONGS (playlistsong_id, playlist_id, song_id, date_added) VALUES (347, 376, 437, '2023-07-05');
INSERT INTO PLAYLIST_SONGS (playlistsong_id, playlist_id, song_id, date_added) VALUES (348, 270, 183, '2024-01-05');
INSERT INTO PLAYLIST_SONGS (playlistsong_id, playlist_id, song_id, date_added) VALUES (349, 381, 479, '2023-12-15');
INSERT INTO PLAYLIST_SONGS (playlistsong_id, playlist_id, song_id, date_added) VALUES (350, 430, 609, '2023-07-08');
INSERT INTO PLAYLIST_SONGS (playlistsong_id, playlist_id, song_id, date_added) VALUES (351, 110, 767, '2024-01-19');
INSERT INTO PLAYLIST_SONGS (playlistsong_id, playlist_id, song_id, date_added) VALUES (352, 52, 61, '2024-02-02');
INSERT INTO PLAYLIST_SONGS (playlistsong_id, playlist_id, song_id, date_added) VALUES (353, 107, 271, '2023-02-16');
INSERT INTO PLAYLIST_SONGS (playlistsong_id, playlist_id, song_id, date_added) VALUES (354, 325, 241, '2023-05-22');
INSERT INTO PLAYLIST_SONGS (playlistsong_id, playlist_id, song_id, date_added) VALUES (355, 402, 418, '2023-09-17');
INSERT INTO PLAYLIST_SONGS (playlistsong_id, playlist_id, song_id, date_added) VALUES (356, 484, 283, '2023-12-10');
INSERT INTO PLAYLIST_SONGS (playlistsong_id, playlist_id, song_id, date_added) VALUES (357, 212, 230, '2023-10-15');
INSERT INTO PLAYLIST_SONGS (playlistsong_id, playlist_id, song_id, date_added) VALUES (358, 18, 317, '2023-04-25');
INSERT INTO PLAYLIST_SONGS (playlistsong_id, playlist_id, song_id, date_added) VALUES (359, 195, 982, '2024-03-11');
INSERT INTO PLAYLIST_SONGS (playlistsong_id, playlist_id, song_id, date_added) VALUES (360, 241, 184, '2023-07-10');
INSERT INTO PLAYLIST_SONGS (playlistsong_id, playlist_id, song_id, date_added) VALUES (361, 245, 896, '2023-03-19');
INSERT INTO PLAYLIST_SONGS (playlistsong_id, playlist_id, song_id, date_added) VALUES (362, 147, 6, '2023-12-31');
INSERT INTO PLAYLIST_SONGS (playlistsong_id, playlist_id, song_id, date_added) VALUES (363, 463, 996, '2024-01-02');
INSERT INTO PLAYLIST_SONGS (playlistsong_id, playlist_id, song_id, date_added) VALUES (364, 99, 878, '2023-10-28');
INSERT INTO PLAYLIST_SONGS (playlistsong_id, playlist_id, song_id, date_added) VALUES (365, 123, 544, '2023-04-03');
INSERT INTO PLAYLIST_SONGS (playlistsong_id, playlist_id, song_id, date_added) VALUES (366, 289, 45, '2024-02-08');
INSERT INTO PLAYLIST_SONGS (playlistsong_id, playlist_id, song_id, date_added) VALUES (367, 213, 135, '2023-10-03');
INSERT INTO PLAYLIST_SONGS (playlistsong_id, playlist_id, song_id, date_added) VALUES (368, 205, 459, '2023-01-28');
INSERT INTO PLAYLIST_SONGS (playlistsong_id, playlist_id, song_id, date_added) VALUES (369, 13, 748, '2023-06-10');
INSERT INTO PLAYLIST_SONGS (playlistsong_id, playlist_id, song_id, date_added) VALUES (370, 18, 467, '2023-07-05');
INSERT INTO PLAYLIST_SONGS (playlistsong_id, playlist_id, song_id, date_added) VALUES (371, 183, 344, '2023-02-03');
INSERT INTO PLAYLIST_SONGS (playlistsong_id, playlist_id, song_id, date_added) VALUES (372, 146, 515, '2024-02-12');
INSERT INTO PLAYLIST_SONGS (playlistsong_id, playlist_id, song_id, date_added) VALUES (373, 220, 867, '2023-07-20');
INSERT INTO PLAYLIST_SONGS (playlistsong_id, playlist_id, song_id, date_added) VALUES (374, 299, 949, '2024-03-14');
INSERT INTO PLAYLIST_SONGS (playlistsong_id, playlist_id, song_id, date_added) VALUES (375, 19, 25, '2023-09-18');
INSERT INTO PLAYLIST_SONGS (playlistsong_id, playlist_id, song_id, date_added) VALUES (376, 256, 335, '2023-09-18');
INSERT INTO PLAYLIST_SONGS (playlistsong_id, playlist_id, song_id, date_added) VALUES (377, 431, 252, '2024-03-03');
INSERT INTO PLAYLIST_SONGS (playlistsong_id, playlist_id, song_id, date_added) VALUES (378, 146, 845, '2023-05-15');
INSERT INTO PLAYLIST_SONGS (playlistsong_id, playlist_id, song_id, date_added) VALUES (379, 121, 324, '2024-04-06');
INSERT INTO PLAYLIST_SONGS (playlistsong_id, playlist_id, song_id, date_added) VALUES (380, 387, 618, '2024-01-17');
INSERT INTO PLAYLIST_SONGS (playlistsong_id, playlist_id, song_id, date_added) VALUES (381, 145, 41, '2024-04-21');
INSERT INTO PLAYLIST_SONGS (playlistsong_id, playlist_id, song_id, date_added) VALUES (382, 270, 378, '2023-02-25');
INSERT INTO PLAYLIST_SONGS (playlistsong_id, playlist_id, song_id, date_added) VALUES (383, 240, 634, '2023-11-18');
INSERT INTO PLAYLIST_SONGS (playlistsong_id, playlist_id, song_id, date_added) VALUES (384, 353, 572, '2023-12-26');
INSERT INTO PLAYLIST_SONGS (playlistsong_id, playlist_id, song_id, date_added) VALUES (385, 81, 71, '2023-08-01');
INSERT INTO PLAYLIST_SONGS (playlistsong_id, playlist_id, song_id, date_added) VALUES (386, 479, 423, '2024-03-21');
INSERT INTO PLAYLIST_SONGS (playlistsong_id, playlist_id, song_id, date_added) VALUES (387, 449, 873, '2024-02-06');
INSERT INTO PLAYLIST_SONGS (playlistsong_id, playlist_id, song_id, date_added) VALUES (388, 206, 841, '2023-11-24');
INSERT INTO PLAYLIST_SONGS (playlistsong_id, playlist_id, song_id, date_added) VALUES (389, 176, 252, '2023-11-12');
INSERT INTO PLAYLIST_SONGS (playlistsong_id, playlist_id, song_id, date_added) VALUES (390, 228, 476, '2023-06-10');
INSERT INTO PLAYLIST_SONGS (playlistsong_id, playlist_id, song_id, date_added) VALUES (391, 273, 421, '2023-12-13');
INSERT INTO PLAYLIST_SONGS (playlistsong_id, playlist_id, song_id, date_added) VALUES (392, 188, 367, '2023-12-05');
INSERT INTO PLAYLIST_SONGS (playlistsong_id, playlist_id, song_id, date_added) VALUES (393, 189, 407, '2024-01-06');
INSERT INTO PLAYLIST_SONGS (playlistsong_id, playlist_id, song_id, date_added) VALUES (394, 226, 217, '2023-01-02');
INSERT INTO PLAYLIST_SONGS (playlistsong_id, playlist_id, song_id, date_added) VALUES (395, 76, 562, '2023-06-12');
INSERT INTO PLAYLIST_SONGS (playlistsong_id, playlist_id, song_id, date_added) VALUES (396, 66, 373, '2023-12-14');
INSERT INTO PLAYLIST_SONGS (playlistsong_id, playlist_id, song_id, date_added) VALUES (397, 373, 244, '2023-11-28');
INSERT INTO PLAYLIST_SONGS (playlistsong_id, playlist_id, song_id, date_added) VALUES (398, 157, 596, '2023-12-09');
INSERT INTO PLAYLIST_SONGS (playlistsong_id, playlist_id, song_id, date_added) VALUES (399, 441, 877, '2023-06-15');
INSERT INTO PLAYLIST_SONGS (playlistsong_id, playlist_id, song_id, date_added) VALUES (400, 11, 19, '2024-01-20');
INSERT INTO PLAYLIST_SONGS (playlistsong_id, playlist_id, song_id, date_added) VALUES (401, 174, 895, '2023-08-31');
INSERT INTO PLAYLIST_SONGS (playlistsong_id, playlist_id, song_id, date_added) VALUES (402, 388, 845, '2024-02-27');
INSERT INTO PLAYLIST_SONGS (playlistsong_id, playlist_id, song_id, date_added) VALUES (403, 168, 272, '2023-02-07');
INSERT INTO PLAYLIST_SONGS (playlistsong_id, playlist_id, song_id, date_added) VALUES (404, 402, 126, '2023-09-29');
INSERT INTO PLAYLIST_SONGS (playlistsong_id, playlist_id, song_id, date_added) VALUES (405, 368, 84, '2023-02-11');
INSERT INTO PLAYLIST_SONGS (playlistsong_id, playlist_id, song_id, date_added) VALUES (406, 412, 212, '2024-01-13');
INSERT INTO PLAYLIST_SONGS (playlistsong_id, playlist_id, song_id, date_added) VALUES (407, 430, 415, '2024-05-15');
INSERT INTO PLAYLIST_SONGS (playlistsong_id, playlist_id, song_id, date_added) VALUES (408, 375, 745, '2023-08-16');
INSERT INTO PLAYLIST_SONGS (playlistsong_id, playlist_id, song_id, date_added) VALUES (409, 488, 583, '2024-03-22');
INSERT INTO PLAYLIST_SONGS (playlistsong_id, playlist_id, song_id, date_added) VALUES (410, 258, 223, '2023-06-15');
INSERT INTO PLAYLIST_SONGS (playlistsong_id, playlist_id, song_id, date_added) VALUES (411, 182, 662, '2023-01-25');
INSERT INTO PLAYLIST_SONGS (playlistsong_id, playlist_id, song_id, date_added) VALUES (412, 240, 53, '2023-04-15');
INSERT INTO PLAYLIST_SONGS (playlistsong_id, playlist_id, song_id, date_added) VALUES (413, 465, 627, '2023-09-13');
INSERT INTO PLAYLIST_SONGS (playlistsong_id, playlist_id, song_id, date_added) VALUES (414, 451, 271, '2023-04-10');
INSERT INTO PLAYLIST_SONGS (playlistsong_id, playlist_id, song_id, date_added) VALUES (415, 458, 442, '2023-02-08');
INSERT INTO PLAYLIST_SONGS (playlistsong_id, playlist_id, song_id, date_added) VALUES (416, 116, 713, '2024-03-15');
INSERT INTO PLAYLIST_SONGS (playlistsong_id, playlist_id, song_id, date_added) VALUES (417, 148, 187, '2023-05-30');
INSERT INTO PLAYLIST_SONGS (playlistsong_id, playlist_id, song_id, date_added) VALUES (418, 351, 269, '2023-02-03');
INSERT INTO PLAYLIST_SONGS (playlistsong_id, playlist_id, song_id, date_added) VALUES (419, 351, 758, '2024-01-08');
INSERT INTO PLAYLIST_SONGS (playlistsong_id, playlist_id, song_id, date_added) VALUES (420, 356, 221, '2023-02-12');
INSERT INTO PLAYLIST_SONGS (playlistsong_id, playlist_id, song_id, date_added) VALUES (421, 184, 638, '2023-05-19');
INSERT INTO PLAYLIST_SONGS (playlistsong_id, playlist_id, song_id, date_added) VALUES (422, 313, 879, '2023-02-20');
INSERT INTO PLAYLIST_SONGS (playlistsong_id, playlist_id, song_id, date_added) VALUES (423, 214, 79, '2024-04-04');
INSERT INTO PLAYLIST_SONGS (playlistsong_id, playlist_id, song_id, date_added) VALUES (424, 345, 661, '2023-05-22');
INSERT INTO PLAYLIST_SONGS (playlistsong_id, playlist_id, song_id, date_added) VALUES (425, 444, 278, '2024-03-29');
INSERT INTO PLAYLIST_SONGS (playlistsong_id, playlist_id, song_id, date_added) VALUES (426, 290, 114, '2023-06-22');
INSERT INTO PLAYLIST_SONGS (playlistsong_id, playlist_id, song_id, date_added) VALUES (427, 395, 65, '2024-03-11');
INSERT INTO PLAYLIST_SONGS (playlistsong_id, playlist_id, song_id, date_added) VALUES (428, 245, 968, '2024-04-14');
INSERT INTO PLAYLIST_SONGS (playlistsong_id, playlist_id, song_id, date_added) VALUES (429, 275, 169, '2024-02-24');
INSERT INTO PLAYLIST_SONGS (playlistsong_id, playlist_id, song_id, date_added) VALUES (430, 137, 45, '2023-04-19');
INSERT INTO PLAYLIST_SONGS (playlistsong_id, playlist_id, song_id, date_added) VALUES (431, 150, 580, '2023-07-03');
INSERT INTO PLAYLIST_SONGS (playlistsong_id, playlist_id, song_id, date_added) VALUES (432, 333, 614, '2024-04-26');
INSERT INTO PLAYLIST_SONGS (playlistsong_id, playlist_id, song_id, date_added) VALUES (433, 289, 361, '2023-12-03');
INSERT INTO PLAYLIST_SONGS (playlistsong_id, playlist_id, song_id, date_added) VALUES (434, 51, 254, '2023-09-01');
INSERT INTO PLAYLIST_SONGS (playlistsong_id, playlist_id, song_id, date_added) VALUES (435, 311, 9, '2024-02-06');
INSERT INTO PLAYLIST_SONGS (playlistsong_id, playlist_id, song_id, date_added) VALUES (436, 349, 267, '2023-12-31');
INSERT INTO PLAYLIST_SONGS (playlistsong_id, playlist_id, song_id, date_added) VALUES (437, 201, 70, '2023-11-23');
INSERT INTO PLAYLIST_SONGS (playlistsong_id, playlist_id, song_id, date_added) VALUES (438, 277, 866, '2024-04-08');
INSERT INTO PLAYLIST_SONGS (playlistsong_id, playlist_id, song_id, date_added) VALUES (439, 249, 467, '2023-06-30');
INSERT INTO PLAYLIST_SONGS (playlistsong_id, playlist_id, song_id, date_added) VALUES (440, 165, 516, '2023-01-05');
INSERT INTO PLAYLIST_SONGS (playlistsong_id, playlist_id, song_id, date_added) VALUES (441, 272, 781, '2023-06-20');
INSERT INTO PLAYLIST_SONGS (playlistsong_id, playlist_id, song_id, date_added) VALUES (442, 229, 940, '2023-03-27');
INSERT INTO PLAYLIST_SONGS (playlistsong_id, playlist_id, song_id, date_added) VALUES (443, 105, 6, '2023-06-26');
INSERT INTO PLAYLIST_SONGS (playlistsong_id, playlist_id, song_id, date_added) VALUES (444, 256, 796, '2023-08-30');
INSERT INTO PLAYLIST_SONGS (playlistsong_id, playlist_id, song_id, date_added) VALUES (445, 434, 688, '2024-01-21');
INSERT INTO PLAYLIST_SONGS (playlistsong_id, playlist_id, song_id, date_added) VALUES (446, 295, 746, '2024-05-17');
INSERT INTO PLAYLIST_SONGS (playlistsong_id, playlist_id, song_id, date_added) VALUES (447, 192, 554, '2023-12-24');
INSERT INTO PLAYLIST_SONGS (playlistsong_id, playlist_id, song_id, date_added) VALUES (448, 114, 69, '2023-06-26');
INSERT INTO PLAYLIST_SONGS (playlistsong_id, playlist_id, song_id, date_added) VALUES (449, 115, 177, '2023-08-26');
INSERT INTO PLAYLIST_SONGS (playlistsong_id, playlist_id, song_id, date_added) VALUES (450, 352, 621, '2023-02-23');
INSERT INTO PLAYLIST_SONGS (playlistsong_id, playlist_id, song_id, date_added) VALUES (451, 392, 991, '2023-10-08');
INSERT INTO PLAYLIST_SONGS (playlistsong_id, playlist_id, song_id, date_added) VALUES (452, 430, 628, '2023-04-27');
INSERT INTO PLAYLIST_SONGS (playlistsong_id, playlist_id, song_id, date_added) VALUES (453, 200, 420, '2023-03-28');
INSERT INTO PLAYLIST_SONGS (playlistsong_id, playlist_id, song_id, date_added) VALUES (454, 285, 978, '2023-04-17');
INSERT INTO PLAYLIST_SONGS (playlistsong_id, playlist_id, song_id, date_added) VALUES (455, 270, 727, '2023-04-27');
INSERT INTO PLAYLIST_SONGS (playlistsong_id, playlist_id, song_id, date_added) VALUES (456, 248, 879, '2023-05-28');
INSERT INTO PLAYLIST_SONGS (playlistsong_id, playlist_id, song_id, date_added) VALUES (457, 322, 436, '2023-10-13');
INSERT INTO PLAYLIST_SONGS (playlistsong_id, playlist_id, song_id, date_added) VALUES (458, 379, 690, '2024-04-21');
INSERT INTO PLAYLIST_SONGS (playlistsong_id, playlist_id, song_id, date_added) VALUES (459, 389, 347, '2023-01-26');
INSERT INTO PLAYLIST_SONGS (playlistsong_id, playlist_id, song_id, date_added) VALUES (460, 217, 912, '2023-08-22');
INSERT INTO PLAYLIST_SONGS (playlistsong_id, playlist_id, song_id, date_added) VALUES (461, 168, 815, '2024-05-11');
INSERT INTO PLAYLIST_SONGS (playlistsong_id, playlist_id, song_id, date_added) VALUES (462, 184, 621, '2023-03-13');
INSERT INTO PLAYLIST_SONGS (playlistsong_id, playlist_id, song_id, date_added) VALUES (463, 147, 965, '2023-02-18');
INSERT INTO PLAYLIST_SONGS (playlistsong_id, playlist_id, song_id, date_added) VALUES (464, 190, 761, '2024-05-05');
INSERT INTO PLAYLIST_SONGS (playlistsong_id, playlist_id, song_id, date_added) VALUES (465, 248, 211, '2023-01-27');
INSERT INTO PLAYLIST_SONGS (playlistsong_id, playlist_id, song_id, date_added) VALUES (466, 262, 419, '2023-06-28');
INSERT INTO PLAYLIST_SONGS (playlistsong_id, playlist_id, song_id, date_added) VALUES (467, 34, 406, '2023-01-21');
INSERT INTO PLAYLIST_SONGS (playlistsong_id, playlist_id, song_id, date_added) VALUES (468, 256, 802, '2023-11-24');
INSERT INTO PLAYLIST_SONGS (playlistsong_id, playlist_id, song_id, date_added) VALUES (469, 42, 303, '2023-06-04');
INSERT INTO PLAYLIST_SONGS (playlistsong_id, playlist_id, song_id, date_added) VALUES (470, 12, 294, '2024-02-26');
INSERT INTO PLAYLIST_SONGS (playlistsong_id, playlist_id, song_id, date_added) VALUES (471, 93, 912, '2023-04-16');
INSERT INTO PLAYLIST_SONGS (playlistsong_id, playlist_id, song_id, date_added) VALUES (472, 423, 832, '2024-02-12');
INSERT INTO PLAYLIST_SONGS (playlistsong_id, playlist_id, song_id, date_added) VALUES (473, 14, 65, '2023-02-02');
INSERT INTO PLAYLIST_SONGS (playlistsong_id, playlist_id, song_id, date_added) VALUES (474, 6, 962, '2023-05-06');
INSERT INTO PLAYLIST_SONGS (playlistsong_id, playlist_id, song_id, date_added) VALUES (475, 477, 660, '2023-02-25');
INSERT INTO PLAYLIST_SONGS (playlistsong_id, playlist_id, song_id, date_added) VALUES (476, 329, 832, '2023-12-21');
INSERT INTO PLAYLIST_SONGS (playlistsong_id, playlist_id, song_id, date_added) VALUES (477, 215, 595, '2023-03-09');
INSERT INTO PLAYLIST_SONGS (playlistsong_id, playlist_id, song_id, date_added) VALUES (478, 24, 402, '2024-03-02');
INSERT INTO PLAYLIST_SONGS (playlistsong_id, playlist_id, song_id, date_added) VALUES (479, 209, 872, '2023-12-13');
INSERT INTO PLAYLIST_SONGS (playlistsong_id, playlist_id, song_id, date_added) VALUES (480, 197, 79, '2024-02-12');
INSERT INTO PLAYLIST_SONGS (playlistsong_id, playlist_id, song_id, date_added) VALUES (481, 305, 87, '2024-01-05');
INSERT INTO PLAYLIST_SONGS (playlistsong_id, playlist_id, song_id, date_added) VALUES (482, 113, 132, '2024-04-10');
INSERT INTO PLAYLIST_SONGS (playlistsong_id, playlist_id, song_id, date_added) VALUES (483, 75, 707, '2024-05-01');
INSERT INTO PLAYLIST_SONGS (playlistsong_id, playlist_id, song_id, date_added) VALUES (484, 450, 814, '2023-11-04');
INSERT INTO PLAYLIST_SONGS (playlistsong_id, playlist_id, song_id, date_added) VALUES (485, 95, 2, '2023-06-19');
INSERT INTO PLAYLIST_SONGS (playlistsong_id, playlist_id, song_id, date_added) VALUES (486, 51, 176, '2023-08-01');
INSERT INTO PLAYLIST_SONGS (playlistsong_id, playlist_id, song_id, date_added) VALUES (487, 323, 25, '2023-12-06');
INSERT INTO PLAYLIST_SONGS (playlistsong_id, playlist_id, song_id, date_added) VALUES (488, 278, 324, '2024-02-09');
INSERT INTO PLAYLIST_SONGS (playlistsong_id, playlist_id, song_id, date_added) VALUES (489, 416, 288, '2023-04-03');
INSERT INTO PLAYLIST_SONGS (playlistsong_id, playlist_id, song_id, date_added) VALUES (490, 213, 508, '2023-03-15');
INSERT INTO PLAYLIST_SONGS (playlistsong_id, playlist_id, song_id, date_added) VALUES (491, 295, 809, '2023-12-07');
INSERT INTO PLAYLIST_SONGS (playlistsong_id, playlist_id, song_id, date_added) VALUES (492, 449, 728, '2023-04-07');
INSERT INTO PLAYLIST_SONGS (playlistsong_id, playlist_id, song_id, date_added) VALUES (493, 400, 491, '2023-05-26');
INSERT INTO PLAYLIST_SONGS (playlistsong_id, playlist_id, song_id, date_added) VALUES (494, 180, 867, '2024-02-06');
INSERT INTO PLAYLIST_SONGS (playlistsong_id, playlist_id, song_id, date_added) VALUES (495, 264, 83, '2024-01-17');
INSERT INTO PLAYLIST_SONGS (playlistsong_id, playlist_id, song_id, date_added) VALUES (496, 82, 827, '2023-04-08');
INSERT INTO PLAYLIST_SONGS (playlistsong_id, playlist_id, song_id, date_added) VALUES (497, 19, 908, '2024-03-31');
INSERT INTO PLAYLIST_SONGS (playlistsong_id, playlist_id, song_id, date_added) VALUES (498, 162, 558, '2023-04-15');
INSERT INTO PLAYLIST_SONGS (playlistsong_id, playlist_id, song_id, date_added) VALUES (499, 364, 201, '2024-04-23');
INSERT INTO PLAYLIST_SONGS (playlistsong_id, playlist_id, song_id, date_added) VALUES (500, 422, 919, '2023-02-02');

-- PLAY_HISTORY Data --
INSERT INTO PLAY_HISTORY (play_id, user_id, song_id, playtime) VALUES (1, 68, 510, '2024-01-05 20:13:49');
INSERT INTO PLAY_HISTORY (play_id, user_id, song_id, playtime) VALUES (2, 28, 358, '2024-01-01 16:31:27');
INSERT INTO PLAY_HISTORY (play_id, user_id, song_id, playtime) VALUES (3, 33, 252, '2024-04-05 18:09:48');
INSERT INTO PLAY_HISTORY (play_id, user_id, song_id, playtime) VALUES (4, 86, 400, '2024-02-07 18:15:59');
INSERT INTO PLAY_HISTORY (play_id, user_id, song_id, playtime) VALUES (5, 99, 313, '2024-04-13 08:51:55');
INSERT INTO PLAY_HISTORY (play_id, user_id, song_id, playtime) VALUES (6, 15, 304, '2024-02-18 11:38:28');
INSERT INTO PLAY_HISTORY (play_id, user_id, song_id, playtime) VALUES (7, 98, 942, '2024-04-26 16:05:30');
INSERT INTO PLAY_HISTORY (play_id, user_id, song_id, playtime) VALUES (8, 50, 983, '2024-05-11 08:38:02');
INSERT INTO PLAY_HISTORY (play_id, user_id, song_id, playtime) VALUES (9, 41, 695, '2024-05-08 13:05:29');
INSERT INTO PLAY_HISTORY (play_id, user_id, song_id, playtime) VALUES (10, 43, 955, '2024-03-16 13:44:19');
INSERT INTO PLAY_HISTORY (play_id, user_id, song_id, playtime) VALUES (11, 77, 850, '2024-03-29 07:27:21');
INSERT INTO PLAY_HISTORY (play_id, user_id, song_id, playtime) VALUES (12, 16, 845, '2024-01-02 08:28:10');
INSERT INTO PLAY_HISTORY (play_id, user_id, song_id, playtime) VALUES (13, 78, 324, '2024-05-11 20:10:15');
INSERT INTO PLAY_HISTORY (play_id, user_id, song_id, playtime) VALUES (14, 39, 176, '2024-05-17 10:28:16');
INSERT INTO PLAY_HISTORY (play_id, user_id, song_id, playtime) VALUES (15, 32, 622, '2024-05-04 15:39:05');
INSERT INTO PLAY_HISTORY (play_id, user_id, song_id, playtime) VALUES (16, 6, 465, '2024-04-06 07:24:22');
INSERT INTO PLAY_HISTORY (play_id, user_id, song_id, playtime) VALUES (17, 9, 142, '2024-03-06 11:05:00');
INSERT INTO PLAY_HISTORY (play_id, user_id, song_id, playtime) VALUES (18, 55, 1, '2024-03-28 09:38:34');
INSERT INTO PLAY_HISTORY (play_id, user_id, song_id, playtime) VALUES (19, 42, 963, '2024-03-24 05:51:48');
INSERT INTO PLAY_HISTORY (play_id, user_id, song_id, playtime) VALUES (20, 68, 634, '2024-01-24 21:29:08');
INSERT INTO PLAY_HISTORY (play_id, user_id, song_id, playtime) VALUES (21, 62, 566, '2024-02-06 16:33:39');
INSERT INTO PLAY_HISTORY (play_id, user_id, song_id, playtime) VALUES (22, 27, 885, '2024-01-29 18:27:19');
INSERT INTO PLAY_HISTORY (play_id, user_id, song_id, playtime) VALUES (23, 33, 294, '2024-01-31 07:51:52');
INSERT INTO PLAY_HISTORY (play_id, user_id, song_id, playtime) VALUES (24, 23, 449, '2024-04-01 00:42:37');
INSERT INTO PLAY_HISTORY (play_id, user_id, song_id, playtime) VALUES (25, 29, 339, '2024-01-14 13:53:36');
INSERT INTO PLAY_HISTORY (play_id, user_id, song_id, playtime) VALUES (26, 56, 644, '2024-01-24 07:41:37');
INSERT INTO PLAY_HISTORY (play_id, user_id, song_id, playtime) VALUES (27, 62, 233, '2024-04-19 19:06:38');
INSERT INTO PLAY_HISTORY (play_id, user_id, song_id, playtime) VALUES (28, 16, 618, '2024-04-14 17:07:40');
INSERT INTO PLAY_HISTORY (play_id, user_id, song_id, playtime) VALUES (29, 67, 22, '2024-04-01 09:09:35');
INSERT INTO PLAY_HISTORY (play_id, user_id, song_id, playtime) VALUES (30, 24, 402, '2024-01-24 09:55:52');
INSERT INTO PLAY_HISTORY (play_id, user_id, song_id, playtime) VALUES (31, 72, 913, '2024-01-03 08:39:50');
INSERT INTO PLAY_HISTORY (play_id, user_id, song_id, playtime) VALUES (32, 62, 789, '2024-05-18 22:03:15');
INSERT INTO PLAY_HISTORY (play_id, user_id, song_id, playtime) VALUES (33, 88, 29, '2024-04-02 04:01:51');
INSERT INTO PLAY_HISTORY (play_id, user_id, song_id, playtime) VALUES (34, 51, 385, '2024-02-12 08:32:34');
INSERT INTO PLAY_HISTORY (play_id, user_id, song_id, playtime) VALUES (35, 6, 312, '2024-04-14 03:07:03');
INSERT INTO PLAY_HISTORY (play_id, user_id, song_id, playtime) VALUES (36, 39, 137, '2024-04-13 12:19:20');
INSERT INTO PLAY_HISTORY (play_id, user_id, song_id, playtime) VALUES (37, 52, 829, '2024-03-19 20:07:01');
INSERT INTO PLAY_HISTORY (play_id, user_id, song_id, playtime) VALUES (38, 9, 387, '2024-04-05 10:46:49');
INSERT INTO PLAY_HISTORY (play_id, user_id, song_id, playtime) VALUES (39, 10, 324, '2024-02-07 19:19:10');
INSERT INTO PLAY_HISTORY (play_id, user_id, song_id, playtime) VALUES (40, 75, 927, '2024-02-19 13:21:18');
INSERT INTO PLAY_HISTORY (play_id, user_id, song_id, playtime) VALUES (41, 13, 322, '2024-01-29 13:30:40');
INSERT INTO PLAY_HISTORY (play_id, user_id, song_id, playtime) VALUES (42, 45, 782, '2024-03-15 10:25:46');
INSERT INTO PLAY_HISTORY (play_id, user_id, song_id, playtime) VALUES (43, 50, 403, '2024-05-10 01:59:50');
INSERT INTO PLAY_HISTORY (play_id, user_id, song_id, playtime) VALUES (44, 99, 163, '2024-03-01 19:17:10');
INSERT INTO PLAY_HISTORY (play_id, user_id, song_id, playtime) VALUES (45, 70, 489, '2024-05-07 12:14:59');
INSERT INTO PLAY_HISTORY (play_id, user_id, song_id, playtime) VALUES (46, 62, 533, '2024-02-03 10:51:49');
INSERT INTO PLAY_HISTORY (play_id, user_id, song_id, playtime) VALUES (47, 90, 857, '2024-05-04 15:08:14');
INSERT INTO PLAY_HISTORY (play_id, user_id, song_id, playtime) VALUES (48, 68, 635, '2024-02-25 01:36:46');
INSERT INTO PLAY_HISTORY (play_id, user_id, song_id, playtime) VALUES (49, 49, 821, '2024-01-16 00:59:16');
INSERT INTO PLAY_HISTORY (play_id, user_id, song_id, playtime) VALUES (50, 21, 527, '2024-05-18 17:45:28');
INSERT INTO PLAY_HISTORY (play_id, user_id, song_id, playtime) VALUES (51, 51, 861, '2024-02-18 03:33:59');
INSERT INTO PLAY_HISTORY (play_id, user_id, song_id, playtime) VALUES (52, 97, 35, '2024-03-28 14:32:01');
INSERT INTO PLAY_HISTORY (play_id, user_id, song_id, playtime) VALUES (53, 84, 867, '2024-05-09 12:27:01');
INSERT INTO PLAY_HISTORY (play_id, user_id, song_id, playtime) VALUES (54, 83, 765, '2024-02-18 04:22:27');
INSERT INTO PLAY_HISTORY (play_id, user_id, song_id, playtime) VALUES (55, 97, 785, '2024-03-17 03:40:40');
INSERT INTO PLAY_HISTORY (play_id, user_id, song_id, playtime) VALUES (56, 25, 776, '2024-03-11 15:42:57');
INSERT INTO PLAY_HISTORY (play_id, user_id, song_id, playtime) VALUES (57, 83, 473, '2024-02-23 01:19:48');
INSERT INTO PLAY_HISTORY (play_id, user_id, song_id, playtime) VALUES (58, 34, 733, '2024-05-01 09:20:15');
INSERT INTO PLAY_HISTORY (play_id, user_id, song_id, playtime) VALUES (59, 25, 51, '2024-03-28 08:10:16');
INSERT INTO PLAY_HISTORY (play_id, user_id, song_id, playtime) VALUES (60, 24, 538, '2024-01-21 08:29:53');
INSERT INTO PLAY_HISTORY (play_id, user_id, song_id, playtime) VALUES (61, 26, 660, '2024-05-02 19:49:16');
INSERT INTO PLAY_HISTORY (play_id, user_id, song_id, playtime) VALUES (62, 80, 454, '2024-04-07 13:38:56');
INSERT INTO PLAY_HISTORY (play_id, user_id, song_id, playtime) VALUES (63, 99, 690, '2024-05-18 01:18:17');
INSERT INTO PLAY_HISTORY (play_id, user_id, song_id, playtime) VALUES (64, 11, 809, '2024-02-13 11:10:41');
INSERT INTO PLAY_HISTORY (play_id, user_id, song_id, playtime) VALUES (65, 69, 385, '2024-03-27 11:35:33');
INSERT INTO PLAY_HISTORY (play_id, user_id, song_id, playtime) VALUES (66, 66, 694, '2024-03-12 02:08:26');
INSERT INTO PLAY_HISTORY (play_id, user_id, song_id, playtime) VALUES (67, 61, 973, '2024-02-05 00:15:27');
INSERT INTO PLAY_HISTORY (play_id, user_id, song_id, playtime) VALUES (68, 44, 966, '2024-04-04 19:35:23');
INSERT INTO PLAY_HISTORY (play_id, user_id, song_id, playtime) VALUES (69, 39, 837, '2024-05-05 18:48:07');
INSERT INTO PLAY_HISTORY (play_id, user_id, song_id, playtime) VALUES (70, 1, 686, '2024-04-30 13:02:21');
INSERT INTO PLAY_HISTORY (play_id, user_id, song_id, playtime) VALUES (71, 71, 726, '2024-05-15 15:51:28');
INSERT INTO PLAY_HISTORY (play_id, user_id, song_id, playtime) VALUES (72, 90, 758, '2024-01-22 06:21:40');
INSERT INTO PLAY_HISTORY (play_id, user_id, song_id, playtime) VALUES (73, 57, 592, '2024-03-08 00:10:02');
INSERT INTO PLAY_HISTORY (play_id, user_id, song_id, playtime) VALUES (74, 79, 332, '2024-02-21 09:31:11');
INSERT INTO PLAY_HISTORY (play_id, user_id, song_id, playtime) VALUES (75, 82, 281, '2024-02-11 22:39:29');
INSERT INTO PLAY_HISTORY (play_id, user_id, song_id, playtime) VALUES (76, 73, 15, '2024-01-04 16:45:36');
INSERT INTO PLAY_HISTORY (play_id, user_id, song_id, playtime) VALUES (77, 45, 153, '2024-04-27 10:32:52');
INSERT INTO PLAY_HISTORY (play_id, user_id, song_id, playtime) VALUES (78, 18, 52, '2024-01-15 12:19:08');
INSERT INTO PLAY_HISTORY (play_id, user_id, song_id, playtime) VALUES (79, 96, 689, '2024-04-06 08:05:55');
INSERT INTO PLAY_HISTORY (play_id, user_id, song_id, playtime) VALUES (80, 54, 223, '2024-02-22 10:04:01');
INSERT INTO PLAY_HISTORY (play_id, user_id, song_id, playtime) VALUES (81, 15, 467, '2024-05-08 15:48:57');
INSERT INTO PLAY_HISTORY (play_id, user_id, song_id, playtime) VALUES (82, 57, 785, '2024-05-17 16:15:14');
INSERT INTO PLAY_HISTORY (play_id, user_id, song_id, playtime) VALUES (83, 16, 853, '2024-04-24 01:31:32');
INSERT INTO PLAY_HISTORY (play_id, user_id, song_id, playtime) VALUES (84, 25, 883, '2024-02-15 16:04:44');
INSERT INTO PLAY_HISTORY (play_id, user_id, song_id, playtime) VALUES (85, 27, 920, '2024-05-14 07:21:12');
INSERT INTO PLAY_HISTORY (play_id, user_id, song_id, playtime) VALUES (86, 44, 280, '2024-01-02 07:33:23');
INSERT INTO PLAY_HISTORY (play_id, user_id, song_id, playtime) VALUES (87, 88, 161, '2024-03-05 00:56:18');
INSERT INTO PLAY_HISTORY (play_id, user_id, song_id, playtime) VALUES (88, 39, 60, '2024-01-16 12:03:26');
INSERT INTO PLAY_HISTORY (play_id, user_id, song_id, playtime) VALUES (89, 55, 737, '2024-02-01 07:32:13');
INSERT INTO PLAY_HISTORY (play_id, user_id, song_id, playtime) VALUES (90, 69, 631, '2024-02-13 20:11:29');
INSERT INTO PLAY_HISTORY (play_id, user_id, song_id, playtime) VALUES (91, 83, 219, '2024-01-31 22:01:24');
INSERT INTO PLAY_HISTORY (play_id, user_id, song_id, playtime) VALUES (92, 13, 406, '2024-01-22 07:24:05');
INSERT INTO PLAY_HISTORY (play_id, user_id, song_id, playtime) VALUES (93, 97, 811, '2024-03-23 15:36:53');
INSERT INTO PLAY_HISTORY (play_id, user_id, song_id, playtime) VALUES (94, 70, 561, '2024-03-31 12:21:23');
INSERT INTO PLAY_HISTORY (play_id, user_id, song_id, playtime) VALUES (95, 11, 898, '2024-01-31 06:34:15');
INSERT INTO PLAY_HISTORY (play_id, user_id, song_id, playtime) VALUES (96, 3, 278, '2024-03-20 05:31:53');
INSERT INTO PLAY_HISTORY (play_id, user_id, song_id, playtime) VALUES (97, 21, 255, '2024-05-07 12:04:49');
INSERT INTO PLAY_HISTORY (play_id, user_id, song_id, playtime) VALUES (98, 87, 188, '2024-01-28 04:43:45');
INSERT INTO PLAY_HISTORY (play_id, user_id, song_id, playtime) VALUES (99, 57, 911, '2024-03-03 05:53:35');
INSERT INTO PLAY_HISTORY (play_id, user_id, song_id, playtime) VALUES (100, 44, 463, '2024-03-08 03:49:51');

SET FOREIGN_KEY_CHECKS = 1;
