-- SQL INSERT statements for Music Player Database
-- Generated by generate_data.php
-- Student Name: [Your Name]
-- Student ID: [Your Student ID]

SET FOREIGN_KEY_CHECKS = 0;
TRUNCATE TABLE PLAY_HISTORY;
TRUNCATE TABLE PLAYLIST_SONGS;
TRUNCATE TABLE PLAYLISTS;
TRUNCATE TABLE SONGS;
TRUNCATE TABLE ALBUMS;
TRUNCATE TABLE ARTISTS;
TRUNCATE TABLE USERS;
TRUNCATE TABLE COUNTRY;
SET FOREIGN_KEY_CHECKS = 1;


-- COUNTRY Data --
INSERT INTO COUNTRY (country_id, country_name, country_code) VALUES (1, 'Türkiye', 'TR');
INSERT INTO COUNTRY (country_id, country_name, country_code) VALUES (2, 'USA', 'US');
INSERT INTO COUNTRY (country_id, country_name, country_code) VALUES (3, 'UK', 'GB');
INSERT INTO COUNTRY (country_id, country_name, country_code) VALUES (4, 'Canada', 'CA');
INSERT INTO COUNTRY (country_id, country_name, country_code) VALUES (5, 'Germany', 'DE');
INSERT INTO COUNTRY (country_id, country_name, country_code) VALUES (6, 'France', 'FR');
INSERT INTO COUNTRY (country_id, country_name, country_code) VALUES (7, 'Japan', 'JP');
INSERT INTO COUNTRY (country_id, country_name, country_code) VALUES (8, 'South Korea', 'KR');
INSERT INTO COUNTRY (country_id, country_name, country_code) VALUES (9, 'Australia', 'AU');
INSERT INTO COUNTRY (country_id, country_name, country_code) VALUES (10, 'Brazil', 'BR');
INSERT INTO COUNTRY (country_id, country_name, country_code) VALUES (11, 'India', 'IN');
INSERT INTO COUNTRY (country_id, country_name, country_code) VALUES (12, 'Spain', 'ES');
INSERT INTO COUNTRY (country_id, country_name, country_code) VALUES (13, 'Italy', 'IT');
INSERT INTO COUNTRY (country_id, country_name, country_code) VALUES (14, 'Mexico', 'MX');
INSERT INTO COUNTRY (country_id, country_name, country_code) VALUES (15, 'Sweden', 'SE');
INSERT INTO COUNTRY (country_id, country_name, country_code) VALUES (16, 'Norway', 'NO');
INSERT INTO COUNTRY (country_id, country_name, country_code) VALUES (17, 'Argentina', 'AR');
INSERT INTO COUNTRY (country_id, country_name, country_code) VALUES (18, 'Egypt', 'EG');
INSERT INTO COUNTRY (country_id, country_name, country_code) VALUES (19, 'China', 'CN');
INSERT INTO COUNTRY (country_id, country_name, country_code) VALUES (20, 'Russia', 'RU');

-- USERS Data --
INSERT INTO USERS (user_id, country_id, age, name, username, email, password, date_joined, last_login, follower_num, subscription_type, top_genre, num_songs_liked, most_played_artist, image) VALUES (1, 1, 36, 'Koray Pinar', 'koray', 'orayinar1@example.com', '$2y$10$bYYfriKyXNM1AzBXzY8LfebX3uLkd/EFAMqPzBEwt6dBrbmRkK5By', '2019-09-01', '2022-09-04', 485, 'Premium', 'R&B', 304, 'Lale Burak', 'https://picsum.photos/id/100/100/100');
INSERT INTO USERS (user_id, country_id, age, name, username, email, password, date_joined, last_login, follower_num, subscription_type, top_genre, num_songs_liked, most_played_artist, image) VALUES (2, 2, 59, 'Murat Deniz', 'murat', 'urateniz2@example.com', '$2y$10$yhCBo9XybfvPauJNVPbHE.ceK5WElgqd9Iej.MsTPMG4IPnZ6x9Wq', '2010-05-04', '2011-04-18', 413, 'Premium', 'Electronic', 70, 'Onur Okan', 'https://picsum.photos/id/15/100/100');
INSERT INTO USERS (user_id, country_id, age, name, username, email, password, date_joined, last_login, follower_num, subscription_type, top_genre, num_songs_liked, most_played_artist, image) VALUES (3, 1, 69, 'Doruk Can', 'doruk', 'orukan3@example.com', '$2y$10$m1wiFfKQtI6wJi5gl3O/YO/k4rcV0bl71LlPlmMVJLmDuRfCnAelG', '2015-03-17', '2016-12-01', 721, 'Premium', 'Indie', 14, 'Deniz Irem', 'https://picsum.photos/id/9/100/100');
INSERT INTO USERS (user_id, country_id, age, name, username, email, password, date_joined, last_login, follower_num, subscription_type, top_genre, num_songs_liked, most_played_artist, image) VALUES (4, 17, 51, 'Lale Yeliz', 'lale', 'aleeliz4@example.com', '$2y$10$XRPYrBJS77eg8Sc4D9sKi.p6QYh3epQKN6hKS.cOcPyUyWGl0mmhG', '2018-09-28', '2024-05-12', 173, 'Free', 'Rock', 274, 'Mert Burak', 'https://picsum.photos/id/68/100/100');
INSERT INTO USERS (user_id, country_id, age, name, username, email, password, date_joined, last_login, follower_num, subscription_type, top_genre, num_songs_liked, most_played_artist, image) VALUES (5, 13, 45, 'Gizem Tugçe', 'gizem', 'izemuge5@example.com', '$2y$10$jrWapuE55GywnmObUc1ZEOTr0GTnZyfPQSWjzkDdam2ezP.xrup7i', '2016-02-07', '2019-06-18', 537, 'Premium', 'Metal', 25, 'Burak Zeki', 'https://picsum.photos/id/35/100/100');
INSERT INTO USERS (user_id, country_id, age, name, username, email, password, date_joined, last_login, follower_num, subscription_type, top_genre, num_songs_liked, most_played_artist, image) VALUES (6, 2, 65, 'Zeki Rüya', 'zeki', 'ekiya6@example.com', '$2y$10$Lk0JAJZenxQJnnlbsQT1P.vJSPRW18psymYpRuNOLbbkXgo9c9HgW', '2017-12-29', '2019-05-15', 902, 'Free', 'Jazz', 367, 'Ayşen Onur', 'https://picsum.photos/id/30/100/100');
INSERT INTO USERS (user_id, country_id, age, name, username, email, password, date_joined, last_login, follower_num, subscription_type, top_genre, num_songs_liked, most_played_artist, image) VALUES (7, 10, 67, 'Murat Ömer', 'murat1', 'uratmer7@example.com', '$2y$10$nhgJW1AMB9aDUtId.IhIUe0n0hys0wuRFFM42hVabccUIFX5cxfcW', '2011-05-05', '2012-10-31', 254, 'Premium', 'Hip Hop', 12, 'Mert Vildan', 'https://picsum.photos/id/47/100/100');
INSERT INTO USERS (user_id, country_id, age, name, username, email, password, date_joined, last_login, follower_num, subscription_type, top_genre, num_songs_liked, most_played_artist, image) VALUES (8, 19, 54, 'Okan Yağmur', 'okan', 'kanamur8@example.com', '$2y$10$qAKoBEvXtx3EusTO9fPjXe02z7IllrmLjph02OLaX9DbI0As/e0w6', '2015-09-14', '2023-01-11', 858, 'Free', 'Country', 473, 'Kerem Umut', 'https://picsum.photos/id/31/100/100');
INSERT INTO USERS (user_id, country_id, age, name, username, email, password, date_joined, last_login, follower_num, subscription_type, top_genre, num_songs_liked, most_played_artist, image) VALUES (9, 9, 21, 'Deniz Volkan', 'deniz', 'enizolkan9@example.com', '$2y$10$nx9iaS6Ywnsx9cc4oZKGq.ei7OcJvAQvEWv7XuT6bpna2TPYDm2g6', '2014-03-30', '2017-08-14', 820, 'Free', 'Electronic', 394, 'Emre Utku', 'https://picsum.photos/id/77/100/100');
INSERT INTO USERS (user_id, country_id, age, name, username, email, password, date_joined, last_login, follower_num, subscription_type, top_genre, num_songs_liked, most_played_artist, image) VALUES (10, 7, 28, 'Murat Pelin', 'murat2', 'uratelin10@example.com', '$2y$10$4MgzZBKpoUymkbYSLiaxDueaZTZfjZhJSeFWgbKIXdV/nMDgb1lWu', '2014-01-17', '2017-02-16', 604, 'Free', 'Hip Hop', 59, 'Yağmur Volkan', 'https://picsum.photos/id/32/100/100');
INSERT INTO USERS (user_id, country_id, age, name, username, email, password, date_joined, last_login, follower_num, subscription_type, top_genre, num_songs_liked, most_played_artist, image) VALUES (11, 17, 50, 'Doruk Eda', 'doruk1', 'orukda11@example.com', '$2y$10$Vw0HGhNrt0ihIysDAMz/Ge5EHva987ptWuyk.uPhcog6a.g4956JS', '2013-06-18', '2016-12-06', 600, 'Premium', 'Folk', 145, 'Irem Tugçe', 'https://picsum.photos/id/16/100/100');
INSERT INTO USERS (user_id, country_id, age, name, username, email, password, date_joined, last_login, follower_num, subscription_type, top_genre, num_songs_liked, most_played_artist, image) VALUES (12, 18, 52, 'Irem Emre', 'irem', 'remmre12@example.com', '$2y$10$M1MtMHkiCyNdfmqg5fweFuk0CqTjQGT6UF3gSsTiY/yduiiZxtRE.', '2022-08-20', '2023-02-23', 870, 'Free', 'Alternative', 298, 'Ayşen Koray', 'https://picsum.photos/id/96/100/100');
INSERT INTO USERS (user_id, country_id, age, name, username, email, password, date_joined, last_login, follower_num, subscription_type, top_genre, num_songs_liked, most_played_artist, image) VALUES (13, 5, 66, 'Yeliz Vildan', 'yeliz', 'elizildan13@example.com', '$2y$10$uxre9nGn/j1PFGGuxN.AyOwe3rrXHBGHNk5GDJsub.vLAN8AVuoV6', '2023-03-12', '2024-03-07', 575, 'Free', 'Electronic', 16, 'Tugçe Sefa', 'https://picsum.photos/id/92/100/100');
INSERT INTO USERS (user_id, country_id, age, name, username, email, password, date_joined, last_login, follower_num, subscription_type, top_genre, num_songs_liked, most_played_artist, image) VALUES (14, 2, 54, 'Burak Deniz', 'burak', 'urakeniz14@example.com', '$2y$10$4XrtvzgGOPBQzslG9czIb.j1V7pB9B7T4PvTq6dywViV7wbR.IczG', '2014-02-23', '2023-08-06', 680, 'Premium', 'Hip Hop', 210, 'Lale Burak', 'https://picsum.photos/id/13/100/100');
INSERT INTO USERS (user_id, country_id, age, name, username, email, password, date_joined, last_login, follower_num, subscription_type, top_genre, num_songs_liked, most_played_artist, image) VALUES (15, 7, 47, 'Elif Rüya', 'elif', 'lifya15@example.com', '$2y$10$bKqpx8OM.3cHo3fgJKsybOlIm1q8q3FdYIzjMlOkEWVQfvJXFOfUq', '2021-07-16', '2022-08-11', 879, 'Premium', 'Reggae', 67, 'Utku Eda', 'https://picsum.photos/id/73/100/100');
INSERT INTO USERS (user_id, country_id, age, name, username, email, password, date_joined, last_login, follower_num, subscription_type, top_genre, num_songs_liked, most_played_artist, image) VALUES (16, 17, 21, 'Tugçe Sefa', 'tugçe', 'ugeefa16@example.com', '$2y$10$AO55yiE5QAy8GsmIhbHrD.xAscvWLGl/IrrPW2pdBgYXlmWB3Cd4O', '2016-09-16', '2021-02-19', 613, 'Free', 'Classical', 224, 'Gizem Ömer', 'https://picsum.photos/id/39/100/100');
INSERT INTO USERS (user_id, country_id, age, name, username, email, password, date_joined, last_login, follower_num, subscription_type, top_genre, num_songs_liked, most_played_artist, image) VALUES (17, 13, 42, 'Pelin Burak', 'pelin', 'elinurak17@example.com', '$2y$10$E3fWWnag6vDoHwJNNpIYRemF1b1jL97xxNc2TZ2ZbAEIdtiEDMiYW', '2017-12-02', '2022-04-30', 214, 'Free', 'Pop', 29, 'Deniz Koray', 'https://picsum.photos/id/23/100/100');
INSERT INTO USERS (user_id, country_id, age, name, username, email, password, date_joined, last_login, follower_num, subscription_type, top_genre, num_songs_liked, most_played_artist, image) VALUES (18, 1, 24, 'Rüya Serkan', 'rüya', 'yaerkan18@example.com', '$2y$10$78x2dsa/ONjUmARIWgipxO3bXvmSDmLd30nBjJnxECT0WnoynOz5G', '2018-10-20', '2022-08-25', 687, 'Premium', 'Dance', 3, 'Ceren Merve', 'https://picsum.photos/id/42/100/100');
INSERT INTO USERS (user_id, country_id, age, name, username, email, password, date_joined, last_login, follower_num, subscription_type, top_genre, num_songs_liked, most_played_artist, image) VALUES (19, 19, 25, 'Pelin Yasin', 'pelin1', 'elinasin19@example.com', '$2y$10$cSBhWLtkO4qcVWdB3l8rKeyfolcd6R0exJmz19j2B5EdatNiucTTG', '2017-08-17', '2022-08-30', 53, 'Free', 'Pop', 494, 'Ömer Pelin', 'https://picsum.photos/id/44/100/100');
INSERT INTO USERS (user_id, country_id, age, name, username, email, password, date_joined, last_login, follower_num, subscription_type, top_genre, num_songs_liked, most_played_artist, image) VALUES (20, 11, 18, 'Yasin Umut', 'yasin', 'asinmut20@example.com', '$2y$10$oBE0qjukLkxhUBjlU59x2O6cQGUR1YXRQOAcrJdf2Cx0.lwNT3jv2', '2019-09-05', '2022-09-02', 195, 'Premium', 'Metal', 1, 'Ömer Volkan', 'https://picsum.photos/id/10/100/100');
INSERT INTO USERS (user_id, country_id, age, name, username, email, password, date_joined, last_login, follower_num, subscription_type, top_genre, num_songs_liked, most_played_artist, image) VALUES (21, 4, 26, 'Kerem Tugçe', 'kerem', 'eremuge21@example.com', '$2y$10$XipxsGc6RAELBn/K4gFuVOihq.xLdQKtmgHL0IT0XGajsrIKZoUn.', '2021-02-18', '2023-03-25', 190, 'Free', 'Classical', 50, 'Ayşen Yağmur', 'https://picsum.photos/id/60/100/100');
INSERT INTO USERS (user_id, country_id, age, name, username, email, password, date_joined, last_login, follower_num, subscription_type, top_genre, num_songs_liked, most_played_artist, image) VALUES (22, 18, 52, 'Volkan Burak', 'volkan', 'olkanurak22@example.com', '$2y$10$tQFJPsPjlf9OPve5/DUtZuTDGHpOS4FTogWKl5Sqn/NpbMOOlBXx2', '2022-10-24', '2023-10-09', 638, 'Premium', 'Indie', 232, 'Murat Pelin', 'https://picsum.photos/id/24/100/100');
INSERT INTO USERS (user_id, country_id, age, name, username, email, password, date_joined, last_login, follower_num, subscription_type, top_genre, num_songs_liked, most_played_artist, image) VALUES (23, 8, 41, 'Senem Volkan', 'senem', 'enemolkan23@example.com', '$2y$10$OTTGdi3NLNiA6p6vWYvbneWmZ.KHurJQ/n0Pj3GIP8bV6b9xFyYhG', '2011-06-17', '2023-11-10', 357, 'Free', 'Indie', 283, 'Ömer Volkan', 'https://picsum.photos/id/89/100/100');
INSERT INTO USERS (user_id, country_id, age, name, username, email, password, date_joined, last_login, follower_num, subscription_type, top_genre, num_songs_liked, most_played_artist, image) VALUES (24, 20, 35, 'Bahar Lale', 'bahar', 'aharale24@example.com', '$2y$10$cSGKgENufkPbWvyo6ZU1nuI4TY8nkONp4t7.XXDQX7DCG1qZvkmjy', '2018-10-16', '2021-11-09', 785, 'Free', 'Dance', 265, 'Elif Mert', 'https://picsum.photos/id/28/100/100');
INSERT INTO USERS (user_id, country_id, age, name, username, email, password, date_joined, last_login, follower_num, subscription_type, top_genre, num_songs_liked, most_played_artist, image) VALUES (25, 5, 51, 'Volkan Yeliz', 'volkan1', 'olkaneliz25@example.com', '$2y$10$.GMd53aukBINB1U/1w7mYu2bWr2WwRb2no1HjZawivpSMBm.kiHH2', '2016-08-25', '2018-05-10', 54, 'Free', 'R&B', 294, 'Ömer Tuba', 'https://picsum.photos/id/7/100/100');
INSERT INTO USERS (user_id, country_id, age, name, username, email, password, date_joined, last_login, follower_num, subscription_type, top_genre, num_songs_liked, most_played_artist, image) VALUES (26, 6, 65, 'Burak Ayşen', 'burak1', 'urakyen26@example.com', '$2y$10$b9x/aqr7tVC4NWji4oMeXe35JebtLLKOIKOHBbDhGmj5zKZ33i/16', '2016-05-28', '2019-11-03', 374, 'Premium', 'Metal', 113, 'Ceren Merve', 'https://picsum.photos/id/71/100/100');
INSERT INTO USERS (user_id, country_id, age, name, username, email, password, date_joined, last_login, follower_num, subscription_type, top_genre, num_songs_liked, most_played_artist, image) VALUES (27, 9, 57, 'Kerem Yasin', 'kerem1', 'eremasin27@example.com', '$2y$10$0Byj.t8.3uvybVcrC3oD5u32N2qAJdGpUtk62qbTAaVV658qUVswu', '2020-09-21', '2022-04-17', 183, 'Free', 'Alternative', 103, 'Irem Bahar', 'https://picsum.photos/id/61/100/100');
INSERT INTO USERS (user_id, country_id, age, name, username, email, password, date_joined, last_login, follower_num, subscription_type, top_genre, num_songs_liked, most_played_artist, image) VALUES (28, 1, 65, 'Yağmur Irem', 'yağmur', 'amurrem28@example.com', '$2y$10$oiMDWAWCPpwjCxrrPdMuWeslXuZSxcwWzNArqW25BDXIcRBFl/BHu', '2014-09-01', '2019-08-23', 210, 'Premium', 'Dance', 151, 'Yağmur Volkan', 'https://picsum.photos/id/39/100/100');
INSERT INTO USERS (user_id, country_id, age, name, username, email, password, date_joined, last_login, follower_num, subscription_type, top_genre, num_songs_liked, most_played_artist, image) VALUES (29, 18, 47, 'Kaan Doruk', 'kaan', 'aanoruk29@example.com', '$2y$10$ghnQhGYAMCx9q/Q3bU.QKerCNy7bRIe0j4iT84fGoNSH1R0Q4WG4K', '2010-11-07', '2017-02-04', 874, 'Free', 'Metal', 409, 'Eda Gizem', 'https://picsum.photos/id/96/100/100');
INSERT INTO USERS (user_id, country_id, age, name, username, email, password, date_joined, last_login, follower_num, subscription_type, top_genre, num_songs_liked, most_played_artist, image) VALUES (30, 13, 62, 'Rüya Pelin', 'rüya1', 'yaelin30@example.com', '$2y$10$4VkKuptJJUYsXUM2yALqwettyaI3Eqpu5M1w6U7oMhQOAvWOtqzOC', '2021-03-22', '2022-10-15', 38, 'Free', 'Classical', 251, 'Mert Yağmur', 'https://picsum.photos/id/35/100/100');
INSERT INTO USERS (user_id, country_id, age, name, username, email, password, date_joined, last_login, follower_num, subscription_type, top_genre, num_songs_liked, most_played_artist, image) VALUES (31, 12, 43, 'Tuba Yağmur', 'tuba', 'ubaamur31@example.com', '$2y$10$1MkmcGXAvqFVTLKfniDf5OJQ8J4fxmKIDyGtlTi5xNkV/q2YkW.OO', '2010-12-20', '2020-03-26', 644, 'Premium', 'Jazz', 54, 'Pinar Zeynep', 'https://picsum.photos/id/70/100/100');
INSERT INTO USERS (user_id, country_id, age, name, username, email, password, date_joined, last_login, follower_num, subscription_type, top_genre, num_songs_liked, most_played_artist, image) VALUES (32, 6, 58, 'Ayşen Lale', 'ayşen', 'yenale32@example.com', '$2y$10$SIu.2h2PbeLuKp38Kpfw7eH2Tjan4jyL0ViycFLd7POAvrYPBCwxG', '2010-12-31', '2012-10-16', 644, 'Free', 'Alternative', 469, 'Pinar Utku', 'https://picsum.photos/id/75/100/100');
INSERT INTO USERS (user_id, country_id, age, name, username, email, password, date_joined, last_login, follower_num, subscription_type, top_genre, num_songs_liked, most_played_artist, image) VALUES (33, 1, 19, 'Lale Elif', 'lale1', 'alelif33@example.com', '$2y$10$FlzQPOx0sFrvFQc9CdPeeOrbwokIKfim9rgfsh0MG29pZkykJYeey', '2022-03-14', '2023-02-28', 432, 'Free', 'Country', 478, 'Yağmur Senem', 'https://picsum.photos/id/93/100/100');
INSERT INTO USERS (user_id, country_id, age, name, username, email, password, date_joined, last_login, follower_num, subscription_type, top_genre, num_songs_liked, most_played_artist, image) VALUES (34, 19, 53, 'Nisa Deniz', 'nisa', 'isaeniz34@example.com', '$2y$10$PwiH0.fw86NItXKOr.XFAem.0QlkNFQnIile/psZ.rpcdbRqBsHmG', '2019-07-13', '2020-02-20', 618, 'Free', 'Pop', 50, 'Mert Yağmur', 'https://picsum.photos/id/80/100/100');
INSERT INTO USERS (user_id, country_id, age, name, username, email, password, date_joined, last_login, follower_num, subscription_type, top_genre, num_songs_liked, most_played_artist, image) VALUES (35, 18, 55, 'Lale Gizem', 'lale2', 'aleizem35@example.com', '$2y$10$tHMWu41EgDp5ACvCgveOZOruimfwYbGLM.suMMNqS7Iejd2zeXtBK', '2012-01-22', '2013-09-14', 595, 'Free', 'Electronic', 354, 'Yağmur Senem', 'https://picsum.photos/id/88/100/100');
INSERT INTO USERS (user_id, country_id, age, name, username, email, password, date_joined, last_login, follower_num, subscription_type, top_genre, num_songs_liked, most_played_artist, image) VALUES (36, 8, 40, 'Murat Kerem', 'murat3', 'uraterem36@example.com', '$2y$10$khDP..Kx6uNch9Mi.3k.X.V4jFxPachOUSqX0bSoCmYI2/coCFLAi', '2018-08-22', '2024-01-14', 31, 'Free', 'Dance', 12, 'Emre Emre', 'https://picsum.photos/id/54/100/100');
INSERT INTO USERS (user_id, country_id, age, name, username, email, password, date_joined, last_login, follower_num, subscription_type, top_genre, num_songs_liked, most_played_artist, image) VALUES (37, 1, 22, 'Rüya Pelin', 'rüya2', 'yaelin37@example.com', '$2y$10$s1JOoYEFS/qfZLrDEgh4d.10hcmIUwYvFlmhcqFKQRryjcefh2yty', '2011-11-20', '2017-06-15', 398, 'Free', 'Jazz', 190, 'Eda Gizem', 'https://picsum.photos/id/56/100/100');
INSERT INTO USERS (user_id, country_id, age, name, username, email, password, date_joined, last_login, follower_num, subscription_type, top_genre, num_songs_liked, most_played_artist, image) VALUES (38, 13, 34, 'Irem Yeliz', 'irem1', 'remeliz38@example.com', '$2y$10$fjWOVJSH7HYz/rhgUL1X9.Laek5IdDxqyAG4cIN4thdPCexBDFgya', '2021-08-01', '2022-08-17', 563, 'Premium', 'Folk', 470, 'Emre Ömer', 'https://picsum.photos/id/41/100/100');
INSERT INTO USERS (user_id, country_id, age, name, username, email, password, date_joined, last_login, follower_num, subscription_type, top_genre, num_songs_liked, most_played_artist, image) VALUES (39, 20, 53, 'Deniz Zeynep', 'deniz1', 'enizeynep39@example.com', '$2y$10$5qB3xheQ8C.3EAeUx8nx2ugxXRW8p5aTtX/WSs/yXw6pEvMci6OKC', '2023-09-30', '2024-04-15', 442, 'Free', 'Jazz', 202, 'Eda Gizem', 'https://picsum.photos/id/52/100/100');
INSERT INTO USERS (user_id, country_id, age, name, username, email, password, date_joined, last_login, follower_num, subscription_type, top_genre, num_songs_liked, most_played_artist, image) VALUES (40, 8, 55, 'Volkan Yeliz', 'volkan2', 'olkaneliz40@example.com', '$2y$10$nKn5GRwWwF1QTVrWthEBwu0kRKrq.O54Cye2OxFMtvtrLqgAiTw7O', '2012-10-08', '2022-11-15', 174, 'Free', 'Alternative', 55, 'Yasin Rüya', 'https://picsum.photos/id/77/100/100');
INSERT INTO USERS (user_id, country_id, age, name, username, email, password, date_joined, last_login, follower_num, subscription_type, top_genre, num_songs_liked, most_played_artist, image) VALUES (41, 2, 57, 'Zeynep Ceren', 'zeynep', 'eyneperen41@example.com', '$2y$10$i.Vi4Bjkwtbxz2UT5owhOenuiy.sqxyQw1OwNWNXKuzRgAHLOQAom', '2013-07-25', '2019-06-08', 606, 'Premium', 'R&B', 274, 'Mert Vildan', 'https://picsum.photos/id/26/100/100');
INSERT INTO USERS (user_id, country_id, age, name, username, email, password, date_joined, last_login, follower_num, subscription_type, top_genre, num_songs_liked, most_played_artist, image) VALUES (42, 2, 55, 'Kaan Doruk', 'kaan1', 'aanoruk42@example.com', '$2y$10$wf0BsXmgSUpTOgptwZ2hV.7p5wRngQd/XzZRP2v/nYlsfvz8nRZNi', '2014-12-06', '2022-06-28', 805, 'Free', 'Hip Hop', 274, 'Utku Gizem', 'https://picsum.photos/id/5/100/100');
INSERT INTO USERS (user_id, country_id, age, name, username, email, password, date_joined, last_login, follower_num, subscription_type, top_genre, num_songs_liked, most_played_artist, image) VALUES (43, 5, 66, 'Bahar Okan', 'bahar1', 'aharkan43@example.com', '$2y$10$g6lIYcZtGSlNRqpyyIyG/ObfHP.jPyYLSLBWDt5JrUVb7s4L96JbS', '2015-02-19', '2018-12-10', 729, 'Premium', 'Rock', 415, 'Okan Volkan', 'https://picsum.photos/id/57/100/100');
INSERT INTO USERS (user_id, country_id, age, name, username, email, password, date_joined, last_login, follower_num, subscription_type, top_genre, num_songs_liked, most_played_artist, image) VALUES (44, 7, 54, 'Yeliz Gizem', 'yeliz1', 'elizizem44@example.com', '$2y$10$k6ipa4XnYI2N9.BzLciCWOopgoT6sywabDhHfLkUx5PMPjx6dHCNu', '2016-09-17', '2021-09-06', 859, 'Free', 'R&B', 485, 'Ayşen Emre', 'https://picsum.photos/id/81/100/100');
INSERT INTO USERS (user_id, country_id, age, name, username, email, password, date_joined, last_login, follower_num, subscription_type, top_genre, num_songs_liked, most_played_artist, image) VALUES (45, 11, 39, 'Onur Ayşen', 'onur', 'nuryen45@example.com', '$2y$10$DccwRbSRDHh.ECiVYbeTk.Xz8kkChZ1V04yX9Mx/wnujfcuZqXrwm', '2020-09-12', '2022-11-06', 774, 'Premium', 'Reggae', 45, 'Kerem Rüya', 'https://picsum.photos/id/8/100/100');
INSERT INTO USERS (user_id, country_id, age, name, username, email, password, date_joined, last_login, follower_num, subscription_type, top_genre, num_songs_liked, most_played_artist, image) VALUES (46, 18, 31, 'Vildan Utku', 'vildan', 'ildantku46@example.com', '$2y$10$zJ.ymku3BeSPspRIAXQqKuWCy69TLM/PLMv1Y64F5tAE0F1f5jypC', '2016-11-23', '2017-09-15', 760, 'Free', 'Indie', 61, 'Utku Murat', 'https://picsum.photos/id/53/100/100');
INSERT INTO USERS (user_id, country_id, age, name, username, email, password, date_joined, last_login, follower_num, subscription_type, top_genre, num_songs_liked, most_played_artist, image) VALUES (47, 11, 27, 'Okan Gizem', 'okan1', 'kanizem47@example.com', '$2y$10$6oqKFDNSK5fuXzNW5LgQ3OsVMJ06abUMAO45dBg0T0B7f.UDqlwjm', '2012-02-24', '2013-04-11', 305, 'Free', 'Reggae', 123, 'Emre Utku', 'https://picsum.photos/id/11/100/100');
INSERT INTO USERS (user_id, country_id, age, name, username, email, password, date_joined, last_login, follower_num, subscription_type, top_genre, num_songs_liked, most_played_artist, image) VALUES (48, 20, 34, 'Doruk Pelin', 'doruk2', 'orukelin48@example.com', '$2y$10$LIYbdcHgcyXxJwiOBsS03u6rZxKGBKDMLBvyIaGVS5//HEo0S5Oy.', '2019-01-15', '2020-05-01', 19, 'Free', 'Rock', 201, 'Pinar Utku', 'https://picsum.photos/id/100/100/100');
INSERT INTO USERS (user_id, country_id, age, name, username, email, password, date_joined, last_login, follower_num, subscription_type, top_genre, num_songs_liked, most_played_artist, image) VALUES (49, 13, 59, 'Gizem Kaan', 'gizem1', 'izemaan49@example.com', '$2y$10$2jbSc7dx6.rObLWfOR7e5u80FDXeDq4FMuApNRart6..95sGGnwNG', '2020-06-18', '2020-09-07', 937, 'Free', 'Jazz', 120, 'Senem Tugçe', 'https://picsum.photos/id/49/100/100');
INSERT INTO USERS (user_id, country_id, age, name, username, email, password, date_joined, last_login, follower_num, subscription_type, top_genre, num_songs_liked, most_played_artist, image) VALUES (50, 5, 35, 'Mert Onur', 'mert', 'ertnur50@example.com', '$2y$10$G4y.HJrV8Lg0UUc3paD5tO076gb.dlVenUMYQI7qZ62AdKhNbOFUS', '2020-01-24', '2022-07-25', 598, 'Free', 'R&B', 28, 'Irem Tugçe', 'https://picsum.photos/id/66/100/100');
INSERT INTO USERS (user_id, country_id, age, name, username, email, password, date_joined, last_login, follower_num, subscription_type, top_genre, num_songs_liked, most_played_artist, image) VALUES (51, 8, 55, 'Kerem Volkan', 'kerem2', 'eremolkan51@example.com', '$2y$10$Cjm506oYJeV86WbHHRc2fuWn325ky7mGT84bHTenI6XiGh4Y8cM.6', '2022-07-07', '2022-11-09', 469, 'Free', 'Alternative', 229, 'Yağmur Senem', 'https://picsum.photos/id/64/100/100');
INSERT INTO USERS (user_id, country_id, age, name, username, email, password, date_joined, last_login, follower_num, subscription_type, top_genre, num_songs_liked, most_played_artist, image) VALUES (52, 18, 46, 'Yeliz Pinar', 'yeliz2', 'elizinar52@example.com', '$2y$10$pyh1YBNovR5Bqx/6aD44v.2L00wcp3r5v4RdsFsxKoOMaS.Uv0cL6', '2023-08-16', '2023-12-04', 581, 'Free', 'Electronic', 420, 'Murat Lale', 'https://picsum.photos/id/62/100/100');
INSERT INTO USERS (user_id, country_id, age, name, username, email, password, date_joined, last_login, follower_num, subscription_type, top_genre, num_songs_liked, most_played_artist, image) VALUES (53, 16, 27, 'Ayşen Okan', 'ayşen1', 'yenkan53@example.com', '$2y$10$nGVfdVsvqWndommRFGohcOA8LpEMBODdUlubahM8j.JEpESL4hUDO', '2020-01-18', '2022-05-29', 748, 'Free', 'Hip Hop', 224, 'Kerem Rüya', 'https://picsum.photos/id/41/100/100');
INSERT INTO USERS (user_id, country_id, age, name, username, email, password, date_joined, last_login, follower_num, subscription_type, top_genre, num_songs_liked, most_played_artist, image) VALUES (54, 12, 62, 'Koray Pelin', 'koray1', 'orayelin54@example.com', '$2y$10$Ucvx2ZOHhZYS3wsvmdxCp./LwhqaFVRR/Iwk8tKN/U7A6v71JV38C', '2016-05-15', '2021-09-30', 887, 'Premium', 'Jazz', 431, 'Ömer Volkan', 'https://picsum.photos/id/57/100/100');
INSERT INTO USERS (user_id, country_id, age, name, username, email, password, date_joined, last_login, follower_num, subscription_type, top_genre, num_songs_liked, most_played_artist, image) VALUES (55, 9, 62, 'Can Deniz', 'can', 'aneniz55@example.com', '$2y$10$qhvp3JWa226K6vuie5ggb.BweOdSPLlrZS79U/j0r9OmzPSB1wYtO', '2017-07-03', '2018-09-28', 100, 'Premium', 'Folk', 402, 'Ayşen Bahar', 'https://picsum.photos/id/1/100/100');
INSERT INTO USERS (user_id, country_id, age, name, username, email, password, date_joined, last_login, follower_num, subscription_type, top_genre, num_songs_liked, most_played_artist, image) VALUES (56, 3, 27, 'Rüya Okan', 'rüya3', 'yakan56@example.com', '$2y$10$D4cGcKLOV.vgBy1lrSgXGeJe/XT1YiDEHpzFB3fD6DFhxe19gnWQi', '2020-10-31', '2022-07-08', 948, 'Free', 'Blues', 144, 'Elif Mert', 'https://picsum.photos/id/76/100/100');
INSERT INTO USERS (user_id, country_id, age, name, username, email, password, date_joined, last_login, follower_num, subscription_type, top_genre, num_songs_liked, most_played_artist, image) VALUES (57, 12, 25, 'Onur Yasin', 'onur1', 'nurasin57@example.com', '$2y$10$XWsN4l6sHl66ZLL9aE1hReq3UHo.obyK4AzZ0SoRI8lskIWaH2g7G', '2011-07-02', '2018-09-02', 826, 'Premium', 'Reggae', 473, 'Irem Bahar', 'https://picsum.photos/id/7/100/100');
INSERT INTO USERS (user_id, country_id, age, name, username, email, password, date_joined, last_login, follower_num, subscription_type, top_genre, num_songs_liked, most_played_artist, image) VALUES (58, 2, 54, 'Tuba Yağmur', 'tuba1', 'ubaamur58@example.com', '$2y$10$/vpZZ3Gnpxtfv1c1kEypbOzR38qwogRVb5y7B1bvVBGPqwvfk9D0G', '2022-05-26', '2023-08-11', 841, 'Free', 'Hip Hop', 306, 'Yağmur Okan', 'https://picsum.photos/id/90/100/100');
INSERT INTO USERS (user_id, country_id, age, name, username, email, password, date_joined, last_login, follower_num, subscription_type, top_genre, num_songs_liked, most_played_artist, image) VALUES (59, 11, 20, 'Umut Kerem', 'umut', 'muterem59@example.com', '$2y$10$xt3C4CuJ.mhdpN7e8N4Mq.CIy6SwSNPchDMeu9IDixP4Mwa0Q1f8G', '2013-04-04', '2015-01-17', 924, 'Premium', 'Pop', 163, 'Irem Tugçe', 'https://picsum.photos/id/41/100/100');
INSERT INTO USERS (user_id, country_id, age, name, username, email, password, date_joined, last_login, follower_num, subscription_type, top_genre, num_songs_liked, most_played_artist, image) VALUES (60, 5, 69, 'Zeynep Ceren', 'zeynep1', 'eyneperen60@example.com', '$2y$10$ergBLJI8CsOH3J9Al1QR7u3czGp6pNgK4oivgC.8L7t9fePSmCMQm', '2010-05-05', '2023-10-16', 150, 'Free', 'Reggae', 455, 'Merve Yasin', 'https://picsum.photos/id/68/100/100');
INSERT INTO USERS (user_id, country_id, age, name, username, email, password, date_joined, last_login, follower_num, subscription_type, top_genre, num_songs_liked, most_played_artist, image) VALUES (61, 7, 37, 'Elif Ceren', 'elif1', 'liferen61@example.com', '$2y$10$AhgTnHtKR1TjNYpQZdxze.NqRjPM4sSMvdC4k24RW1UvWOxEsYUKy', '2017-01-01', '2020-01-18', 290, 'Premium', 'Pop', 373, 'Zeynep Kerem', 'https://picsum.photos/id/93/100/100');
INSERT INTO USERS (user_id, country_id, age, name, username, email, password, date_joined, last_login, follower_num, subscription_type, top_genre, num_songs_liked, most_played_artist, image) VALUES (62, 11, 37, 'Rüya Koray', 'rüya4', 'yaoray62@example.com', '$2y$10$ehPMTxKSgjAw2yRFG6AUb.E8.YwnBac/Gp002ygQ4uhEAziJWGGHu', '2010-02-04', '2016-05-20', 663, 'Free', 'Dance', 372, 'Kerem Umut', 'https://picsum.photos/id/48/100/100');
INSERT INTO USERS (user_id, country_id, age, name, username, email, password, date_joined, last_login, follower_num, subscription_type, top_genre, num_songs_liked, most_played_artist, image) VALUES (63, 12, 43, 'Koray Ömer', 'koray2', 'oraymer63@example.com', '$2y$10$gtm.Cm1iKriE3ba.rlWx6.hKBWesyEnHvqmuW2pJtXwkYuhg5Ndt6', '2015-07-13', '2019-02-16', 586, 'Premium', 'Reggae', 482, 'Lale Eda', 'https://picsum.photos/id/9/100/100');
INSERT INTO USERS (user_id, country_id, age, name, username, email, password, date_joined, last_login, follower_num, subscription_type, top_genre, num_songs_liked, most_played_artist, image) VALUES (64, 15, 36, 'Volkan Zeynep', 'volkan3', 'olkaneynep64@example.com', '$2y$10$6T1owIcHOJB/f92EsbYZfeuxhLHTnfwmODufQ1Nfn3kJTp8MyA0CK', '2013-12-16', '2016-09-03', 957, 'Free', 'Metal', 132, 'Nisa Elif', 'https://picsum.photos/id/8/100/100');
INSERT INTO USERS (user_id, country_id, age, name, username, email, password, date_joined, last_login, follower_num, subscription_type, top_genre, num_songs_liked, most_played_artist, image) VALUES (65, 9, 29, 'Irem Serkan', 'irem2', 'remerkan65@example.com', '$2y$10$BW4/NGFjhC3ISTW7ZM4i/OdU1zFSxwwpMTZwY3Uqp/6F57PZFIAY6', '2015-12-13', '2016-06-11', 922, 'Free', 'Electronic', 163, 'Onur Ömer', 'https://picsum.photos/id/2/100/100');
INSERT INTO USERS (user_id, country_id, age, name, username, email, password, date_joined, last_login, follower_num, subscription_type, top_genre, num_songs_liked, most_played_artist, image) VALUES (66, 4, 68, 'Yağmur Tugçe', 'yağmur1', 'amuruge66@example.com', '$2y$10$iLcSxbnChNAsrUlx9AWB.eDHq8Bzu3P4jQTpqpUlpiVn1BxtJaUyK', '2019-05-01', '2023-03-25', 162, 'Premium', 'Folk', 297, 'Kerem Ceren', 'https://picsum.photos/id/38/100/100');
INSERT INTO USERS (user_id, country_id, age, name, username, email, password, date_joined, last_login, follower_num, subscription_type, top_genre, num_songs_liked, most_played_artist, image) VALUES (67, 12, 21, 'Gizem Volkan', 'gizem2', 'izemolkan67@example.com', '$2y$10$W4k5PrB976Wdam9L7GXCfeky/9SmwgimZX.vq/qMFeazionR2LVXy', '2023-10-08', '2023-11-22', 747, 'Premium', 'Classical', 440, 'Deniz Serkan', 'https://picsum.photos/id/38/100/100');
INSERT INTO USERS (user_id, country_id, age, name, username, email, password, date_joined, last_login, follower_num, subscription_type, top_genre, num_songs_liked, most_played_artist, image) VALUES (68, 11, 32, 'Yağmur Can', 'yağmur2', 'amuran68@example.com', '$2y$10$7uSozGWKjDBVtRXL/n7YO.zCO1IRQ9JsvxIt9.H7P92zeR/flf0Tm', '2010-02-06', '2024-01-15', 564, 'Premium', 'Dance', 427, 'Yağmur Zeki', 'https://picsum.photos/id/24/100/100');
INSERT INTO USERS (user_id, country_id, age, name, username, email, password, date_joined, last_login, follower_num, subscription_type, top_genre, num_songs_liked, most_played_artist, image) VALUES (69, 3, 25, 'Bahar Lale', 'bahar2', 'aharale69@example.com', '$2y$10$F9obuq.ha7ZyWy4hGhObJ.RM2756fGPxBgxFHesGf2CTlmaYPxRLW', '2014-07-03', '2015-02-16', 184, 'Free', 'Hip Hop', 246, 'Nisa Ceren', 'https://picsum.photos/id/5/100/100');
INSERT INTO USERS (user_id, country_id, age, name, username, email, password, date_joined, last_login, follower_num, subscription_type, top_genre, num_songs_liked, most_played_artist, image) VALUES (70, 9, 29, 'Pinar Eda', 'pinar', 'inarda70@example.com', '$2y$10$ID3e7W0nbrwQXvCCW8H5fOj742ryLEV/jb76.9WL5cHvB9ov./pra', '2011-08-16', '2015-10-07', 298, 'Free', 'Dance', 87, 'Gizem Ömer', 'https://picsum.photos/id/51/100/100');
INSERT INTO USERS (user_id, country_id, age, name, username, email, password, date_joined, last_login, follower_num, subscription_type, top_genre, num_songs_liked, most_played_artist, image) VALUES (71, 1, 45, 'Kaan Emre', 'kaan2', 'aanmre71@example.com', '$2y$10$hk8CzU4GzDA9NwpL4VtfTeuNG50ukapNDS3Q8UBPXGirnM1tRA2Oi', '2019-01-11', '2019-04-28', 520, 'Free', 'Indie', 238, 'Serkan Murat', 'https://picsum.photos/id/51/100/100');
INSERT INTO USERS (user_id, country_id, age, name, username, email, password, date_joined, last_login, follower_num, subscription_type, top_genre, num_songs_liked, most_played_artist, image) VALUES (72, 5, 59, 'Ayşen Okan', 'ayşen2', 'yenkan72@example.com', '$2y$10$hwgNHiRnxqNCy4eMkMxtzeR9oZ0mrXVbnaz/6yC3HCK5ORtcPXzfS', '2016-04-04', '2018-06-23', 812, 'Premium', 'Pop', 20, 'Ömer Pelin', 'https://picsum.photos/id/26/100/100');
INSERT INTO USERS (user_id, country_id, age, name, username, email, password, date_joined, last_login, follower_num, subscription_type, top_genre, num_songs_liked, most_played_artist, image) VALUES (73, 11, 65, 'Ayşen Onur', 'ayşen3', 'yennur73@example.com', '$2y$10$o7ehZ8iILjiuo6CY7xGyEuPPMemogRnro82xDTkOEFEXp80p/p1yC', '2012-01-24', '2012-02-12', 6, 'Free', 'Blues', 419, 'Mert Doruk', 'https://picsum.photos/id/94/100/100');
INSERT INTO USERS (user_id, country_id, age, name, username, email, password, date_joined, last_login, follower_num, subscription_type, top_genre, num_songs_liked, most_played_artist, image) VALUES (74, 15, 21, 'Vildan Volkan', 'vildan1', 'ildanolkan74@example.com', '$2y$10$6FDSD8E4orGH4Bj1Q5RbBOn0mKVi7PytOpjOa3E8vWNT6fdpuu8RW', '2023-12-24', '2024-04-02', 11, 'Premium', 'Blues', 30, 'Nisa Rüya', 'https://picsum.photos/id/21/100/100');
INSERT INTO USERS (user_id, country_id, age, name, username, email, password, date_joined, last_login, follower_num, subscription_type, top_genre, num_songs_liked, most_played_artist, image) VALUES (75, 15, 31, 'Irem Senem', 'irem3', 'remenem75@example.com', '$2y$10$.0u.aK/tnlcLsVr6Aj5yv./5Ud1lh5EVsud9nJJ81rQKEAnJG9Gcu', '2019-06-25', '2021-11-10', 548, 'Free', 'Alternative', 307, 'Nisa Elif', 'https://picsum.photos/id/69/100/100');
INSERT INTO USERS (user_id, country_id, age, name, username, email, password, date_joined, last_login, follower_num, subscription_type, top_genre, num_songs_liked, most_played_artist, image) VALUES (76, 7, 62, 'Koray Merve', 'koray3', 'orayerve76@example.com', '$2y$10$gWT7tN/hB36Qdr.fMkSHbuD64kH52HEnk09tg545jp4aAS2iRFlp.', '2016-02-13', '2018-11-07', 604, 'Free', 'Rock', 59, 'Yasin Pinar', 'https://picsum.photos/id/2/100/100');
INSERT INTO USERS (user_id, country_id, age, name, username, email, password, date_joined, last_login, follower_num, subscription_type, top_genre, num_songs_liked, most_played_artist, image) VALUES (77, 3, 69, 'Yasin Elif', 'yasin1', 'asinlif77@example.com', '$2y$10$ZhGjcxPjRvZYbFGphFOOaebQSyMUSKpioBxJs0/Z5x6.4U/xBhVjW', '2019-11-22', '2023-06-17', 621, 'Free', 'Alternative', 111, 'Murat Lale', 'https://picsum.photos/id/16/100/100');
INSERT INTO USERS (user_id, country_id, age, name, username, email, password, date_joined, last_login, follower_num, subscription_type, top_genre, num_songs_liked, most_played_artist, image) VALUES (78, 12, 45, 'Koray Lale', 'koray4', 'orayale78@example.com', '$2y$10$3xjSkdyTWG4Oi7zjYHKnfu32dr8Rft65CQIqb8Lyu8L0BymCc6Woq', '2013-12-29', '2020-01-02', 450, 'Free', 'Folk', 148, 'Yağmur Zeki', 'https://picsum.photos/id/75/100/100');
INSERT INTO USERS (user_id, country_id, age, name, username, email, password, date_joined, last_login, follower_num, subscription_type, top_genre, num_songs_liked, most_played_artist, image) VALUES (79, 6, 53, 'Tuba Emre', 'tuba2', 'ubamre79@example.com', '$2y$10$Vk6gNN3OEODsrmINmf7LY.hdQSKmLros1RZCUasQH.FYZ8zvo517G', '2022-10-24', '2024-05-07', 3, 'Free', 'Rock', 203, 'Eda Gizem', 'https://picsum.photos/id/68/100/100');
INSERT INTO USERS (user_id, country_id, age, name, username, email, password, date_joined, last_login, follower_num, subscription_type, top_genre, num_songs_liked, most_played_artist, image) VALUES (80, 13, 28, 'Yeliz Murat', 'yeliz3', 'elizurat80@example.com', '$2y$10$f2xj1LviJlg5ADl5DpGAxOQE9JFPcE8RvPzMgrwx2pItcglZreQVO', '2017-07-28', '2022-12-18', 787, 'Free', 'Electronic', 54, 'Okan Volkan', 'https://picsum.photos/id/12/100/100');
INSERT INTO USERS (user_id, country_id, age, name, username, email, password, date_joined, last_login, follower_num, subscription_type, top_genre, num_songs_liked, most_played_artist, image) VALUES (81, 2, 57, 'Elif Merve', 'elif2', 'liferve81@example.com', '$2y$10$sGbP1xSOcVn46ZoOmu5cxOMHBx2Z9ym7Lbsn4R.BTV009EwQkWfoO', '2014-08-11', '2023-01-04', 661, 'Premium', 'Alternative', 23, 'Serkan Murat', 'https://picsum.photos/id/39/100/100');
INSERT INTO USERS (user_id, country_id, age, name, username, email, password, date_joined, last_login, follower_num, subscription_type, top_genre, num_songs_liked, most_played_artist, image) VALUES (82, 20, 52, 'Mert Pinar', 'mert1', 'ertinar82@example.com', '$2y$10$yjXfn.ossWFEkTwMWtSFRuA76d31AGfv/7ULPNNe8GkkWfFg2VF12', '2017-08-26', '2021-06-29', 847, 'Premium', 'Hip Hop', 396, 'Serkan Vildan', 'https://picsum.photos/id/69/100/100');
INSERT INTO USERS (user_id, country_id, age, name, username, email, password, date_joined, last_login, follower_num, subscription_type, top_genre, num_songs_liked, most_played_artist, image) VALUES (83, 1, 23, 'Zeynep Senem', 'zeynep2', 'eynepenem83@example.com', '$2y$10$20gMTr0G1oOKDDSyiram4e14gOuwekpK0xmDSLhuF5mJpQBlrq4l2', '2020-01-30', '2021-05-16', 973, 'Free', 'Classical', 202, 'Irem Lale', 'https://picsum.photos/id/83/100/100');
INSERT INTO USERS (user_id, country_id, age, name, username, email, password, date_joined, last_login, follower_num, subscription_type, top_genre, num_songs_liked, most_played_artist, image) VALUES (84, 16, 63, 'Deniz Ayşen', 'deniz2', 'enizyen84@example.com', '$2y$10$WBroWUX5baA1sm/RsNFL6ukOMd2/5SDkau0HJB.i0nu7vOhqEUqbO', '2022-08-30', '2022-10-20', 166, 'Premium', 'Classical', 182, 'Burak Kaan', 'https://picsum.photos/id/73/100/100');
INSERT INTO USERS (user_id, country_id, age, name, username, email, password, date_joined, last_login, follower_num, subscription_type, top_genre, num_songs_liked, most_played_artist, image) VALUES (85, 19, 30, 'Mert Ceren', 'mert2', 'erteren85@example.com', '$2y$10$Iq4f5/V4TEUJy1j0uNqxGOIZKQzkqc19L.OJbfp14GqlmgNhw5rAe', '2019-01-24', '2020-09-14', 129, 'Premium', 'Blues', 195, 'Volkan Irem', 'https://picsum.photos/id/22/100/100');
INSERT INTO USERS (user_id, country_id, age, name, username, email, password, date_joined, last_login, follower_num, subscription_type, top_genre, num_songs_liked, most_played_artist, image) VALUES (86, 12, 19, 'Eda Utku', 'eda', 'datku86@example.com', '$2y$10$XYQ0jR1hfzJbh18A1vu49uQjL8LxdqoZzyth3a/J9SKw2fqJjvN9m', '2020-01-19', '2023-08-23', 793, 'Free', 'Jazz', 290, 'Vildan Elif', 'https://picsum.photos/id/56/100/100');
INSERT INTO USERS (user_id, country_id, age, name, username, email, password, date_joined, last_login, follower_num, subscription_type, top_genre, num_songs_liked, most_played_artist, image) VALUES (87, 16, 32, 'Eda Zeki', 'eda1', 'daeki87@example.com', '$2y$10$1g2beeSisDpPTMxQfRZyDejUiCtyYmApvTd0EXNczTA0EHj06bixW', '2020-05-08', '2022-03-18', 674, 'Premium', 'Classical', 366, 'Ayşen Deniz', 'https://picsum.photos/id/94/100/100');
INSERT INTO USERS (user_id, country_id, age, name, username, email, password, date_joined, last_login, follower_num, subscription_type, top_genre, num_songs_liked, most_played_artist, image) VALUES (88, 16, 31, 'Okan Senem', 'okan2', 'kanenem88@example.com', '$2y$10$CD67h0flOTO9KmXztlpJzOXPdwae2uerIuRnV3.VnQ4op1KDfvxka', '2011-05-17', '2017-01-25', 744, 'Premium', 'Metal', 256, 'Can Vildan', 'https://picsum.photos/id/48/100/100');
INSERT INTO USERS (user_id, country_id, age, name, username, email, password, date_joined, last_login, follower_num, subscription_type, top_genre, num_songs_liked, most_played_artist, image) VALUES (89, 1, 49, 'Nisa Yağmur', 'nisa1', 'isaamur89@example.com', '$2y$10$7XH44Sh4rQzsnprSU2pLPemoQLuxWO9WDixgf4MUpUYlQg6D/Gm9u', '2014-05-27', '2019-06-30', 976, 'Premium', 'Reggae', 387, 'Vildan Umut', 'https://picsum.photos/id/69/100/100');
INSERT INTO USERS (user_id, country_id, age, name, username, email, password, date_joined, last_login, follower_num, subscription_type, top_genre, num_songs_liked, most_played_artist, image) VALUES (90, 18, 44, 'Yasin Eda', 'yasin2', 'asinda90@example.com', '$2y$10$.9xQYnQb2xHZEZbqyMDa/up5lOYBiibozB4x4A1gTq2G7jYK7H7MS', '2016-04-03', '2016-06-17', 821, 'Free', 'Electronic', 27, 'Yasin Pinar', 'https://picsum.photos/id/98/100/100');
INSERT INTO USERS (user_id, country_id, age, name, username, email, password, date_joined, last_login, follower_num, subscription_type, top_genre, num_songs_liked, most_played_artist, image) VALUES (91, 20, 49, 'Volkan Emre', 'volkan4', 'olkanmre91@example.com', '$2y$10$.tLHWe.jmL/nqR2UdkMeU.eC71CkUX.0JDu5V0Zf3rPu4O6keqPbK', '2023-12-30', '2024-02-23', 848, 'Free', 'Country', 268, 'Elif Mert', 'https://picsum.photos/id/74/100/100');
INSERT INTO USERS (user_id, country_id, age, name, username, email, password, date_joined, last_login, follower_num, subscription_type, top_genre, num_songs_liked, most_played_artist, image) VALUES (92, 2, 19, 'Lale Emre', 'lale3', 'alemre92@example.com', '$2y$10$bYgbOWzL.nGYFJjhr30xJeYlcOy484YDAEXb3AsRnjKMx4YLfm0s6', '2019-08-31', '2023-07-14', 434, 'Premium', 'Indie', 69, 'Ayşen Bahar', 'https://picsum.photos/id/31/100/100');
INSERT INTO USERS (user_id, country_id, age, name, username, email, password, date_joined, last_login, follower_num, subscription_type, top_genre, num_songs_liked, most_played_artist, image) VALUES (93, 1, 34, 'Zeynep Volkan', 'zeynep3', 'eynepolkan93@example.com', '$2y$10$jJfwyn7A.5KBHe.VvXGT/eDMMIMNjg9lNOZZXm8ZMoRNiIOWcJZWC', '2013-03-06', '2020-12-19', 13, 'Premium', 'R&B', 375, 'Deniz Eda', 'https://picsum.photos/id/38/100/100');
INSERT INTO USERS (user_id, country_id, age, name, username, email, password, date_joined, last_login, follower_num, subscription_type, top_genre, num_songs_liked, most_played_artist, image) VALUES (94, 7, 55, 'Senem Umut', 'senem1', 'enemmut94@example.com', '$2y$10$8J3c.XkMSa92uWsIm2lhq.6s1HcF7KZ/Rvn7WKfLjCwcnB2pszFs.', '2017-11-23', '2018-06-27', 325, 'Premium', 'Pop', 351, 'Ayşen Emre', 'https://picsum.photos/id/22/100/100');
INSERT INTO USERS (user_id, country_id, age, name, username, email, password, date_joined, last_login, follower_num, subscription_type, top_genre, num_songs_liked, most_played_artist, image) VALUES (95, 13, 69, 'Sefa Yağmur', 'sefa', 'efaamur95@example.com', '$2y$10$BOgDx7doQuwzUOFjeCPU2ONeqdtuJhtrKw8sV1VVFw87QzmG7y.tC', '2018-03-16', '2020-01-30', 980, 'Free', 'Pop', 270, 'Gizem Doruk', 'https://picsum.photos/id/81/100/100');
INSERT INTO USERS (user_id, country_id, age, name, username, email, password, date_joined, last_login, follower_num, subscription_type, top_genre, num_songs_liked, most_played_artist, image) VALUES (96, 9, 32, 'Eda Ayşen', 'eda2', 'dayen96@example.com', '$2y$10$5Ql9rso7esbnEopHYQOhy.csl0BIgkuewA1D//SWb41/GyHbTfq32', '2016-01-24', '2021-09-03', 715, 'Free', 'Jazz', 82, 'Pelin Can', 'https://picsum.photos/id/75/100/100');
INSERT INTO USERS (user_id, country_id, age, name, username, email, password, date_joined, last_login, follower_num, subscription_type, top_genre, num_songs_liked, most_played_artist, image) VALUES (97, 12, 21, 'Utku Kerem', 'utku', 'tkuerem97@example.com', '$2y$10$9TQPAyfC1yIrFyaf2TJNI./.c9yC.i8t7XWzdvpf/PxVZpL0nQewm', '2020-05-10', '2020-09-19', 401, 'Premium', 'Blues', 113, 'Kerem Rüya', 'https://picsum.photos/id/35/100/100');
INSERT INTO USERS (user_id, country_id, age, name, username, email, password, date_joined, last_login, follower_num, subscription_type, top_genre, num_songs_liked, most_played_artist, image) VALUES (98, 10, 42, 'Ayşen Zeynep', 'ayşen4', 'yeneynep98@example.com', '$2y$10$6by2pE6ug5ndCjG8kGUNJePCgP3QDtRdDmN7GUJedQOnIrzi4BVlu', '2017-02-15', '2020-12-12', 738, 'Premium', 'Alternative', 246, 'Kaan Vildan', 'https://picsum.photos/id/73/100/100');
INSERT INTO USERS (user_id, country_id, age, name, username, email, password, date_joined, last_login, follower_num, subscription_type, top_genre, num_songs_liked, most_played_artist, image) VALUES (99, 20, 48, 'Zeki Nisa', 'zeki1', 'ekiisa99@example.com', '$2y$10$jrh7RbCdfaDbB4mwrYA5DOQXUaDL7WQE3AZDa.lVGGXsd36gmGKyS', '2014-06-16', '2023-11-16', 150, 'Premium', 'Dance', 390, 'Gizem Ömer', 'https://picsum.photos/id/13/100/100');
INSERT INTO USERS (user_id, country_id, age, name, username, email, password, date_joined, last_login, follower_num, subscription_type, top_genre, num_songs_liked, most_played_artist, image) VALUES (100, 19, 60, 'Volkan Vildan', 'volkan5', 'olkanildan100@example.com', '$2y$10$xNrw/xF0cEjF6PTI3RKSUO/fWU/xiHDZwcFrg/9j6nAoCkkePlKDm', '2012-09-12', '2019-04-23', 912, 'Free', 'Indie', 167, 'Irem Tugçe', 'https://picsum.photos/id/22/100/100');

-- ARTISTS Data --
INSERT INTO ARTISTS (artist_id, name, genre, date_joined, total_num_music, total_albums, listeners, bio, country_id, image) VALUES (1, 'Utku Serkan', 'Folk', '2019-11-30', 66, 11, 2291406, 'A passionate artist creating Folk music.', 3, 'https://picsum.photos/id/102/150/150');
INSERT INTO ARTISTS (artist_id, name, genre, date_joined, total_num_music, total_albums, listeners, bio, country_id, image) VALUES (2, 'Emre Emre', 'Jazz', '2019-09-21', 12, 7, 2126228, 'A passionate artist creating Jazz music.', 10, 'https://picsum.photos/id/125/150/150');
INSERT INTO ARTISTS (artist_id, name, genre, date_joined, total_num_music, total_albums, listeners, bio, country_id, image) VALUES (3, 'Bahar Irem', 'Dance', '2018-01-29', 87, 11, 1038726, 'A passionate artist creating Dance music.', 6, 'https://picsum.photos/id/182/150/150');
INSERT INTO ARTISTS (artist_id, name, genre, date_joined, total_num_music, total_albums, listeners, bio, country_id, image) VALUES (4, 'Okan Volkan', 'Indie', '2021-11-10', 128, 7, 8019012, 'A passionate artist creating Indie music.', 3, 'https://picsum.photos/id/123/150/150');
INSERT INTO ARTISTS (artist_id, name, genre, date_joined, total_num_music, total_albums, listeners, bio, country_id, image) VALUES (5, 'Deniz Koray', 'Alternative', '2015-09-15', 161, 2, 4179036, 'A passionate artist creating Alternative music.', 10, 'https://picsum.photos/id/191/150/150');
INSERT INTO ARTISTS (artist_id, name, genre, date_joined, total_num_music, total_albums, listeners, bio, country_id, image) VALUES (6, 'Serkan Vildan', 'Folk', '2007-09-29', 41, 13, 9546264, 'A passionate artist creating Folk music.', 19, 'https://picsum.photos/id/195/150/150');
INSERT INTO ARTISTS (artist_id, name, genre, date_joined, total_num_music, total_albums, listeners, bio, country_id, image) VALUES (7, 'Ceren Merve', 'Metal', '2014-04-12', 42, 7, 8851355, 'A passionate artist creating Metal music.', 13, 'https://picsum.photos/id/155/150/150');
INSERT INTO ARTISTS (artist_id, name, genre, date_joined, total_num_music, total_albums, listeners, bio, country_id, image) VALUES (8, 'Gizem Doruk', 'Indie', '2005-01-15', 129, 7, 3587255, 'A passionate artist creating Indie music.', 17, 'https://picsum.photos/id/167/150/150');
INSERT INTO ARTISTS (artist_id, name, genre, date_joined, total_num_music, total_albums, listeners, bio, country_id, image) VALUES (9, 'Eda Gizem', 'Dance', '2011-04-06', 62, 12, 816437, 'A passionate artist creating Dance music.', 14, 'https://picsum.photos/id/104/150/150');
INSERT INTO ARTISTS (artist_id, name, genre, date_joined, total_num_music, total_albums, listeners, bio, country_id, image) VALUES (10, 'Onur Ömer', 'Folk', '2010-01-27', 73, 9, 1177509, 'A passionate artist creating Folk music.', 18, 'https://picsum.photos/id/134/150/150');
INSERT INTO ARTISTS (artist_id, name, genre, date_joined, total_num_music, total_albums, listeners, bio, country_id, image) VALUES (11, 'Deniz Eda', 'Rock', '2010-11-21', 172, 3, 7900036, 'A passionate artist creating Rock music.', 8, 'https://picsum.photos/id/162/150/150');
INSERT INTO ARTISTS (artist_id, name, genre, date_joined, total_num_music, total_albums, listeners, bio, country_id, image) VALUES (12, 'Zeynep Koray', 'Country', '2010-11-16', 127, 4, 3345576, 'A passionate artist creating Country music.', 17, 'https://picsum.photos/id/120/150/150');
INSERT INTO ARTISTS (artist_id, name, genre, date_joined, total_num_music, total_albums, listeners, bio, country_id, image) VALUES (13, 'Bahar Sefa', 'Hip Hop', '2016-02-29', 115, 5, 29230, 'A passionate artist creating Hip Hop music.', 17, 'https://picsum.photos/id/106/150/150');
INSERT INTO ARTISTS (artist_id, name, genre, date_joined, total_num_music, total_albums, listeners, bio, country_id, image) VALUES (14, 'Lale Burak', 'R&B', '2008-08-07', 112, 13, 8893707, 'A passionate artist creating R&B music.', 7, 'https://picsum.photos/id/139/150/150');
INSERT INTO ARTISTS (artist_id, name, genre, date_joined, total_num_music, total_albums, listeners, bio, country_id, image) VALUES (15, 'Merve Yasin', 'Alternative', '2006-10-26', 73, 5, 545113, 'A passionate artist creating Alternative music.', 17, 'https://picsum.photos/id/178/150/150');
INSERT INTO ARTISTS (artist_id, name, genre, date_joined, total_num_music, total_albums, listeners, bio, country_id, image) VALUES (16, 'Ömer Pelin', 'Reggae', '2013-11-16', 37, 14, 479595, 'A passionate artist creating Reggae music.', 19, 'https://picsum.photos/id/102/150/150');
INSERT INTO ARTISTS (artist_id, name, genre, date_joined, total_num_music, total_albums, listeners, bio, country_id, image) VALUES (17, 'Burak Kaan', 'Reggae', '2016-08-16', 82, 13, 98554, 'A passionate artist creating Reggae music.', 8, 'https://picsum.photos/id/182/150/150');
INSERT INTO ARTISTS (artist_id, name, genre, date_joined, total_num_music, total_albums, listeners, bio, country_id, image) VALUES (18, 'Mert Yasin', 'Country', '2018-04-05', 89, 14, 8526366, 'A passionate artist creating Country music.', 6, 'https://picsum.photos/id/185/150/150');
INSERT INTO ARTISTS (artist_id, name, genre, date_joined, total_num_music, total_albums, listeners, bio, country_id, image) VALUES (19, 'Ayşen Yağmur', 'Blues', '2020-04-26', 89, 14, 1650909, 'A passionate artist creating Blues music.', 5, 'https://picsum.photos/id/114/150/150');
INSERT INTO ARTISTS (artist_id, name, genre, date_joined, total_num_music, total_albums, listeners, bio, country_id, image) VALUES (20, 'Murat Yasin', 'Alternative', '2012-01-19', 98, 6, 2883344, 'A passionate artist creating Alternative music.', 12, 'https://picsum.photos/id/165/150/150');
INSERT INTO ARTISTS (artist_id, name, genre, date_joined, total_num_music, total_albums, listeners, bio, country_id, image) VALUES (21, 'Rüya Mert', 'R&B', '2007-05-30', 39, 1, 980780, 'A passionate artist creating R&B music.', 16, 'https://picsum.photos/id/183/150/150');
INSERT INTO ARTISTS (artist_id, name, genre, date_joined, total_num_music, total_albums, listeners, bio, country_id, image) VALUES (22, 'Irem Tugçe', 'Country', '2011-01-23', 135, 12, 8536797, 'A passionate artist creating Country music.', 3, 'https://picsum.photos/id/160/150/150');
INSERT INTO ARTISTS (artist_id, name, genre, date_joined, total_num_music, total_albums, listeners, bio, country_id, image) VALUES (23, 'Zeynep Kerem', 'Jazz', '2017-08-21', 105, 8, 2140381, 'A passionate artist creating Jazz music.', 12, 'https://picsum.photos/id/127/150/150');
INSERT INTO ARTISTS (artist_id, name, genre, date_joined, total_num_music, total_albums, listeners, bio, country_id, image) VALUES (24, 'Nisa Rüya', 'Alternative', '2014-09-28', 70, 6, 5099965, 'A passionate artist creating Alternative music.', 13, 'https://picsum.photos/id/112/150/150');
INSERT INTO ARTISTS (artist_id, name, genre, date_joined, total_num_music, total_albums, listeners, bio, country_id, image) VALUES (25, 'Mert Burak', 'Blues', '2018-06-27', 66, 5, 906714, 'A passionate artist creating Blues music.', 7, 'https://picsum.photos/id/149/150/150');
INSERT INTO ARTISTS (artist_id, name, genre, date_joined, total_num_music, total_albums, listeners, bio, country_id, image) VALUES (26, 'Lale Burak 1', 'Electronic', '2016-10-15', 45, 13, 4691728, 'A passionate artist creating Electronic music.', 15, 'https://picsum.photos/id/113/150/150');
INSERT INTO ARTISTS (artist_id, name, genre, date_joined, total_num_music, total_albums, listeners, bio, country_id, image) VALUES (27, 'Pelin Can', 'Blues', '2021-03-01', 44, 2, 1200229, 'A passionate artist creating Blues music.', 6, 'https://picsum.photos/id/118/150/150');
INSERT INTO ARTISTS (artist_id, name, genre, date_joined, total_num_music, total_albums, listeners, bio, country_id, image) VALUES (28, 'Murat Pelin', 'Jazz', '2009-03-09', 58, 13, 1740760, 'A passionate artist creating Jazz music.', 1, 'https://picsum.photos/id/167/150/150');
INSERT INTO ARTISTS (artist_id, name, genre, date_joined, total_num_music, total_albums, listeners, bio, country_id, image) VALUES (29, 'Ayşen Onur', 'Jazz', '2022-02-11', 114, 7, 3157624, 'A passionate artist creating Jazz music.', 12, 'https://picsum.photos/id/153/150/150');
INSERT INTO ARTISTS (artist_id, name, genre, date_joined, total_num_music, total_albums, listeners, bio, country_id, image) VALUES (30, 'Burak Kaan 1', 'R&B', '2021-11-30', 169, 9, 9303058, 'A passionate artist creating R&B music.', 19, 'https://picsum.photos/id/114/150/150');
INSERT INTO ARTISTS (artist_id, name, genre, date_joined, total_num_music, total_albums, listeners, bio, country_id, image) VALUES (31, 'Murat Lale', 'Classical', '2005-06-19', 183, 11, 3058044, 'A passionate artist creating Classical music.', 15, 'https://picsum.photos/id/118/150/150');
INSERT INTO ARTISTS (artist_id, name, genre, date_joined, total_num_music, total_albums, listeners, bio, country_id, image) VALUES (32, 'Ayşen Deniz', 'Reggae', '2014-10-15', 159, 8, 2010276, 'A passionate artist creating Reggae music.', 12, 'https://picsum.photos/id/108/150/150');
INSERT INTO ARTISTS (artist_id, name, genre, date_joined, total_num_music, total_albums, listeners, bio, country_id, image) VALUES (33, 'Can Vildan', 'Dance', '2013-06-02', 115, 9, 6031968, 'A passionate artist creating Dance music.', 11, 'https://picsum.photos/id/162/150/150');
INSERT INTO ARTISTS (artist_id, name, genre, date_joined, total_num_music, total_albums, listeners, bio, country_id, image) VALUES (34, 'Can Vildan 1', 'Indie', '2019-08-24', 177, 8, 7228433, 'A passionate artist creating Indie music.', 5, 'https://picsum.photos/id/171/150/150');
INSERT INTO ARTISTS (artist_id, name, genre, date_joined, total_num_music, total_albums, listeners, bio, country_id, image) VALUES (35, 'Serkan Murat', 'Pop', '2021-08-01', 95, 7, 4099022, 'A passionate artist creating Pop music.', 18, 'https://picsum.photos/id/167/150/150');
INSERT INTO ARTISTS (artist_id, name, genre, date_joined, total_num_music, total_albums, listeners, bio, country_id, image) VALUES (36, 'Ayşen Koray', 'Indie', '2016-12-13', 121, 10, 809003, 'A passionate artist creating Indie music.', 19, 'https://picsum.photos/id/140/150/150');
INSERT INTO ARTISTS (artist_id, name, genre, date_joined, total_num_music, total_albums, listeners, bio, country_id, image) VALUES (37, 'Lale Eda', 'Hip Hop', '2006-01-21', 53, 14, 5949675, 'A passionate artist creating Hip Hop music.', 8, 'https://picsum.photos/id/162/150/150');
INSERT INTO ARTISTS (artist_id, name, genre, date_joined, total_num_music, total_albums, listeners, bio, country_id, image) VALUES (38, 'Ayşen Emre', 'Dance', '2014-04-02', 117, 14, 2436127, 'A passionate artist creating Dance music.', 20, 'https://picsum.photos/id/175/150/150');
INSERT INTO ARTISTS (artist_id, name, genre, date_joined, total_num_music, total_albums, listeners, bio, country_id, image) VALUES (39, 'Deniz Koray 1', 'Hip Hop', '2017-10-27', 170, 10, 4806025, 'A passionate artist creating Hip Hop music.', 7, 'https://picsum.photos/id/143/150/150');
INSERT INTO ARTISTS (artist_id, name, genre, date_joined, total_num_music, total_albums, listeners, bio, country_id, image) VALUES (40, 'Eda Gizem 1', 'Reggae', '2013-10-02', 151, 1, 664143, 'A passionate artist creating Reggae music.', 6, 'https://picsum.photos/id/112/150/150');
INSERT INTO ARTISTS (artist_id, name, genre, date_joined, total_num_music, total_albums, listeners, bio, country_id, image) VALUES (41, 'Yasin Rüya', 'R&B', '2010-02-27', 68, 8, 4350863, 'A passionate artist creating R&B music.', 15, 'https://picsum.photos/id/184/150/150');
INSERT INTO ARTISTS (artist_id, name, genre, date_joined, total_num_music, total_albums, listeners, bio, country_id, image) VALUES (42, 'Serkan Murat 1', 'Metal', '2021-05-28', 135, 4, 6195479, 'A passionate artist creating Metal music.', 11, 'https://picsum.photos/id/194/150/150');
INSERT INTO ARTISTS (artist_id, name, genre, date_joined, total_num_music, total_albums, listeners, bio, country_id, image) VALUES (43, 'Kerem Umut', 'Country', '2020-02-21', 16, 15, 3062743, 'A passionate artist creating Country music.', 18, 'https://picsum.photos/id/194/150/150');
INSERT INTO ARTISTS (artist_id, name, genre, date_joined, total_num_music, total_albums, listeners, bio, country_id, image) VALUES (44, 'Irem Bahar', 'Folk', '2015-08-12', 123, 7, 903072, 'A passionate artist creating Folk music.', 8, 'https://picsum.photos/id/138/150/150');
INSERT INTO ARTISTS (artist_id, name, genre, date_joined, total_num_music, total_albums, listeners, bio, country_id, image) VALUES (45, 'Koray Kaan', 'Reggae', '2016-08-11', 149, 3, 2971660, 'A passionate artist creating Reggae music.', 15, 'https://picsum.photos/id/148/150/150');
INSERT INTO ARTISTS (artist_id, name, genre, date_joined, total_num_music, total_albums, listeners, bio, country_id, image) VALUES (46, 'Ceren Ömer', 'Folk', '2018-01-27', 32, 12, 8446135, 'A passionate artist creating Folk music.', 8, 'https://picsum.photos/id/122/150/150');
INSERT INTO ARTISTS (artist_id, name, genre, date_joined, total_num_music, total_albums, listeners, bio, country_id, image) VALUES (47, 'Ömer Tuba', 'Country', '2009-01-21', 51, 1, 3321409, 'A passionate artist creating Country music.', 14, 'https://picsum.photos/id/129/150/150');
INSERT INTO ARTISTS (artist_id, name, genre, date_joined, total_num_music, total_albums, listeners, bio, country_id, image) VALUES (48, 'Mert Yasin 1', 'R&B', '2011-01-10', 31, 1, 5767739, 'A passionate artist creating R&B music.', 5, 'https://picsum.photos/id/127/150/150');
INSERT INTO ARTISTS (artist_id, name, genre, date_joined, total_num_music, total_albums, listeners, bio, country_id, image) VALUES (49, 'Zeynep Kerem 1', 'Reggae', '2017-09-22', 36, 13, 846866, 'A passionate artist creating Reggae music.', 19, 'https://picsum.photos/id/169/150/150');
INSERT INTO ARTISTS (artist_id, name, genre, date_joined, total_num_music, total_albums, listeners, bio, country_id, image) VALUES (50, 'Emre Emre 1', 'Dance', '2018-11-22', 194, 9, 6645917, 'A passionate artist creating Dance music.', 11, 'https://picsum.photos/id/135/150/150');
INSERT INTO ARTISTS (artist_id, name, genre, date_joined, total_num_music, total_albums, listeners, bio, country_id, image) VALUES (51, 'Gizem Ömer', 'Folk', '2010-05-31', 195, 1, 3528323, 'A passionate artist creating Folk music.', 11, 'https://picsum.photos/id/168/150/150');
INSERT INTO ARTISTS (artist_id, name, genre, date_joined, total_num_music, total_albums, listeners, bio, country_id, image) VALUES (52, 'Lale Gizem', 'Rock', '2019-10-17', 78, 12, 2465584, 'A passionate artist creating Rock music.', 9, 'https://picsum.photos/id/133/150/150');
INSERT INTO ARTISTS (artist_id, name, genre, date_joined, total_num_music, total_albums, listeners, bio, country_id, image) VALUES (53, 'Lale Gizem 1', 'Dance', '2014-11-09', 35, 7, 2832908, 'A passionate artist creating Dance music.', 17, 'https://picsum.photos/id/179/150/150');
INSERT INTO ARTISTS (artist_id, name, genre, date_joined, total_num_music, total_albums, listeners, bio, country_id, image) VALUES (54, 'Lale Burak 2', 'Reggae', '2009-02-10', 51, 14, 5812843, 'A passionate artist creating Reggae music.', 15, 'https://picsum.photos/id/110/150/150');
INSERT INTO ARTISTS (artist_id, name, genre, date_joined, total_num_music, total_albums, listeners, bio, country_id, image) VALUES (55, 'Irem Tugçe 1', 'Dance', '2014-10-20', 135, 3, 525975, 'A passionate artist creating Dance music.', 8, 'https://picsum.photos/id/198/150/150');
INSERT INTO ARTISTS (artist_id, name, genre, date_joined, total_num_music, total_albums, listeners, bio, country_id, image) VALUES (56, 'Gizem Ömer 1', 'Metal', '2005-03-19', 48, 11, 4523019, 'A passionate artist creating Metal music.', 10, 'https://picsum.photos/id/157/150/150');
INSERT INTO ARTISTS (artist_id, name, genre, date_joined, total_num_music, total_albums, listeners, bio, country_id, image) VALUES (57, 'Utku Serkan 1', 'Country', '2013-04-21', 175, 5, 4247400, 'A passionate artist creating Country music.', 7, 'https://picsum.photos/id/135/150/150');
INSERT INTO ARTISTS (artist_id, name, genre, date_joined, total_num_music, total_albums, listeners, bio, country_id, image) VALUES (58, 'Rüya Mert 1', 'Alternative', '2010-04-21', 140, 1, 6508373, 'A passionate artist creating Alternative music.', 19, 'https://picsum.photos/id/171/150/150');
INSERT INTO ARTISTS (artist_id, name, genre, date_joined, total_num_music, total_albums, listeners, bio, country_id, image) VALUES (59, 'Ceren Pelin', 'Folk', '2018-07-10', 17, 6, 6266211, 'A passionate artist creating Folk music.', 16, 'https://picsum.photos/id/130/150/150');
INSERT INTO ARTISTS (artist_id, name, genre, date_joined, total_num_music, total_albums, listeners, bio, country_id, image) VALUES (60, 'Senem Tugçe', 'Alternative', '2015-06-08', 9, 11, 8686512, 'A passionate artist creating Alternative music.', 15, 'https://picsum.photos/id/196/150/150');
INSERT INTO ARTISTS (artist_id, name, genre, date_joined, total_num_music, total_albums, listeners, bio, country_id, image) VALUES (61, 'Volkan Volkan', 'Electronic', '2017-02-06', 78, 7, 4469161, 'A passionate artist creating Electronic music.', 18, 'https://picsum.photos/id/200/150/150');
INSERT INTO ARTISTS (artist_id, name, genre, date_joined, total_num_music, total_albums, listeners, bio, country_id, image) VALUES (62, 'Vildan Umut', 'Blues', '2019-04-04', 164, 7, 3428916, 'A passionate artist creating Blues music.', 13, 'https://picsum.photos/id/163/150/150');
INSERT INTO ARTISTS (artist_id, name, genre, date_joined, total_num_music, total_albums, listeners, bio, country_id, image) VALUES (63, 'Deniz Irem', 'Rock', '2010-04-25', 95, 11, 324481, 'A passionate artist creating Rock music.', 2, 'https://picsum.photos/id/125/150/150');
INSERT INTO ARTISTS (artist_id, name, genre, date_joined, total_num_music, total_albums, listeners, bio, country_id, image) VALUES (64, 'Rüya Mert 2', 'Pop', '2011-07-22', 54, 2, 6413008, 'A passionate artist creating Pop music.', 18, 'https://picsum.photos/id/158/150/150');
INSERT INTO ARTISTS (artist_id, name, genre, date_joined, total_num_music, total_albums, listeners, bio, country_id, image) VALUES (65, 'Emre Utku', 'Pop', '2009-06-24', 135, 6, 3853752, 'A passionate artist creating Pop music.', 11, 'https://picsum.photos/id/161/150/150');
INSERT INTO ARTISTS (artist_id, name, genre, date_joined, total_num_music, total_albums, listeners, bio, country_id, image) VALUES (66, 'Gizem Doruk 1', 'Dance', '2022-08-22', 146, 6, 1130117, 'A passionate artist creating Dance music.', 4, 'https://picsum.photos/id/120/150/150');
INSERT INTO ARTISTS (artist_id, name, genre, date_joined, total_num_music, total_albums, listeners, bio, country_id, image) VALUES (67, 'Kaan Vildan', 'Indie', '2009-09-04', 115, 5, 2451645, 'A passionate artist creating Indie music.', 20, 'https://picsum.photos/id/186/150/150');
INSERT INTO ARTISTS (artist_id, name, genre, date_joined, total_num_music, total_albums, listeners, bio, country_id, image) VALUES (68, 'Kerem Ceren', 'R&B', '2018-02-11', 193, 13, 6118940, 'A passionate artist creating R&B music.', 7, 'https://picsum.photos/id/161/150/150');
INSERT INTO ARTISTS (artist_id, name, genre, date_joined, total_num_music, total_albums, listeners, bio, country_id, image) VALUES (69, 'Ayşen Yağmur 1', 'Blues', '2019-04-10', 72, 13, 8887478, 'A passionate artist creating Blues music.', 19, 'https://picsum.photos/id/198/150/150');
INSERT INTO ARTISTS (artist_id, name, genre, date_joined, total_num_music, total_albums, listeners, bio, country_id, image) VALUES (70, 'Lale Burak 3', 'Hip Hop', '2005-09-24', 159, 3, 4255209, 'A passionate artist creating Hip Hop music.', 8, 'https://picsum.photos/id/170/150/150');
INSERT INTO ARTISTS (artist_id, name, genre, date_joined, total_num_music, total_albums, listeners, bio, country_id, image) VALUES (71, 'Murat Doruk', 'Folk', '2020-06-13', 108, 8, 7685939, 'A passionate artist creating Folk music.', 11, 'https://picsum.photos/id/111/150/150');
INSERT INTO ARTISTS (artist_id, name, genre, date_joined, total_num_music, total_albums, listeners, bio, country_id, image) VALUES (72, 'Ayşen Bahar', 'Electronic', '2005-05-24', 74, 15, 9466760, 'A passionate artist creating Electronic music.', 2, 'https://picsum.photos/id/151/150/150');
INSERT INTO ARTISTS (artist_id, name, genre, date_joined, total_num_music, total_albums, listeners, bio, country_id, image) VALUES (73, 'Pinar Serkan', 'Indie', '2013-06-26', 51, 9, 7472394, 'A passionate artist creating Indie music.', 6, 'https://picsum.photos/id/105/150/150');
INSERT INTO ARTISTS (artist_id, name, genre, date_joined, total_num_music, total_albums, listeners, bio, country_id, image) VALUES (74, 'Murat Lale 1', 'Classical', '2021-01-25', 182, 14, 8307219, 'A passionate artist creating Classical music.', 14, 'https://picsum.photos/id/147/150/150');
INSERT INTO ARTISTS (artist_id, name, genre, date_joined, total_num_music, total_albums, listeners, bio, country_id, image) VALUES (75, 'Mert Yağmur', 'Pop', '2010-03-14', 157, 11, 3257665, 'A passionate artist creating Pop music.', 19, 'https://picsum.photos/id/183/150/150');
INSERT INTO ARTISTS (artist_id, name, genre, date_joined, total_num_music, total_albums, listeners, bio, country_id, image) VALUES (76, 'Emre Emre 2', 'Electronic', '2008-07-23', 192, 1, 6402937, 'A passionate artist creating Electronic music.', 2, 'https://picsum.photos/id/168/150/150');
INSERT INTO ARTISTS (artist_id, name, genre, date_joined, total_num_music, total_albums, listeners, bio, country_id, image) VALUES (77, 'Kerem Rüya', 'Electronic', '2013-12-20', 143, 14, 1081649, 'A passionate artist creating Electronic music.', 20, 'https://picsum.photos/id/153/150/150');
INSERT INTO ARTISTS (artist_id, name, genre, date_joined, total_num_music, total_albums, listeners, bio, country_id, image) VALUES (78, 'Yağmur Zeki', 'Electronic', '2010-03-09', 64, 1, 3953018, 'A passionate artist creating Electronic music.', 16, 'https://picsum.photos/id/118/150/150');
INSERT INTO ARTISTS (artist_id, name, genre, date_joined, total_num_music, total_albums, listeners, bio, country_id, image) VALUES (79, 'Ayşen Yağmur 2', 'Blues', '2020-02-06', 103, 4, 6039686, 'A passionate artist creating Blues music.', 16, 'https://picsum.photos/id/162/150/150');
INSERT INTO ARTISTS (artist_id, name, genre, date_joined, total_num_music, total_albums, listeners, bio, country_id, image) VALUES (80, 'Elif Mert', 'Alternative', '2019-12-13', 151, 2, 4390494, 'A passionate artist creating Alternative music.', 9, 'https://picsum.photos/id/136/150/150');
INSERT INTO ARTISTS (artist_id, name, genre, date_joined, total_num_music, total_albums, listeners, bio, country_id, image) VALUES (81, 'Emre Ömer', 'Folk', '2007-03-22', 167, 14, 8409359, 'A passionate artist creating Folk music.', 15, 'https://picsum.photos/id/150/150/150');
INSERT INTO ARTISTS (artist_id, name, genre, date_joined, total_num_music, total_albums, listeners, bio, country_id, image) VALUES (82, 'Murat Pelin 1', 'R&B', '2008-06-04', 123, 9, 1265868, 'A passionate artist creating R&B music.', 11, 'https://picsum.photos/id/151/150/150');
INSERT INTO ARTISTS (artist_id, name, genre, date_joined, total_num_music, total_albums, listeners, bio, country_id, image) VALUES (83, 'Ömer Pelin 1', 'Alternative', '2005-01-10', 103, 8, 5594436, 'A passionate artist creating Alternative music.', 3, 'https://picsum.photos/id/159/150/150');
INSERT INTO ARTISTS (artist_id, name, genre, date_joined, total_num_music, total_albums, listeners, bio, country_id, image) VALUES (84, 'Ömer Volkan', 'Jazz', '2005-05-18', 72, 3, 543098, 'A passionate artist creating Jazz music.', 10, 'https://picsum.photos/id/182/150/150');
INSERT INTO ARTISTS (artist_id, name, genre, date_joined, total_num_music, total_albums, listeners, bio, country_id, image) VALUES (85, 'Ayşen Deniz 1', 'Jazz', '2014-09-17', 113, 13, 7719352, 'A passionate artist creating Jazz music.', 9, 'https://picsum.photos/id/114/150/150');
INSERT INTO ARTISTS (artist_id, name, genre, date_joined, total_num_music, total_albums, listeners, bio, country_id, image) VALUES (86, 'Emre Okan', 'Dance', '2015-05-10', 141, 11, 4731752, 'A passionate artist creating Dance music.', 11, 'https://picsum.photos/id/172/150/150');
INSERT INTO ARTISTS (artist_id, name, genre, date_joined, total_num_music, total_albums, listeners, bio, country_id, image) VALUES (87, 'Koray Kaan 1', 'Indie', '2014-06-19', 166, 14, 1080343, 'A passionate artist creating Indie music.', 19, 'https://picsum.photos/id/123/150/150');
INSERT INTO ARTISTS (artist_id, name, genre, date_joined, total_num_music, total_albums, listeners, bio, country_id, image) VALUES (88, 'Pinar Utku', 'Alternative', '2012-06-06', 72, 4, 6126910, 'A passionate artist creating Alternative music.', 5, 'https://picsum.photos/id/189/150/150');
INSERT INTO ARTISTS (artist_id, name, genre, date_joined, total_num_music, total_albums, listeners, bio, country_id, image) VALUES (89, 'Ömer Volkan 1', 'Hip Hop', '2015-02-13', 8, 4, 6942473, 'A passionate artist creating Hip Hop music.', 11, 'https://picsum.photos/id/174/150/150');
INSERT INTO ARTISTS (artist_id, name, genre, date_joined, total_num_music, total_albums, listeners, bio, country_id, image) VALUES (90, 'Irem Lale', 'Metal', '2018-10-10', 128, 9, 4213994, 'A passionate artist creating Metal music.', 3, 'https://picsum.photos/id/113/150/150');
INSERT INTO ARTISTS (artist_id, name, genre, date_joined, total_num_music, total_albums, listeners, bio, country_id, image) VALUES (91, 'Utku Gizem', 'Reggae', '2017-04-29', 101, 2, 1312148, 'A passionate artist creating Reggae music.', 15, 'https://picsum.photos/id/169/150/150');
INSERT INTO ARTISTS (artist_id, name, genre, date_joined, total_num_music, total_albums, listeners, bio, country_id, image) VALUES (92, 'Murat Ayşen', 'Blues', '2015-06-28', 154, 3, 6360512, 'A passionate artist creating Blues music.', 6, 'https://picsum.photos/id/128/150/150');
INSERT INTO ARTISTS (artist_id, name, genre, date_joined, total_num_music, total_albums, listeners, bio, country_id, image) VALUES (93, 'Ceren Merve 1', 'Rock', '2014-12-19', 115, 8, 2167351, 'A passionate artist creating Rock music.', 7, 'https://picsum.photos/id/165/150/150');
INSERT INTO ARTISTS (artist_id, name, genre, date_joined, total_num_music, total_albums, listeners, bio, country_id, image) VALUES (94, 'Kerem Rüya 1', 'Metal', '2009-03-14', 171, 8, 4828307, 'A passionate artist creating Metal music.', 11, 'https://picsum.photos/id/102/150/150');
INSERT INTO ARTISTS (artist_id, name, genre, date_joined, total_num_music, total_albums, listeners, bio, country_id, image) VALUES (95, 'Ayşen Yağmur 3', 'Hip Hop', '2011-01-30', 21, 9, 6298262, 'A passionate artist creating Hip Hop music.', 1, 'https://picsum.photos/id/148/150/150');
INSERT INTO ARTISTS (artist_id, name, genre, date_joined, total_num_music, total_albums, listeners, bio, country_id, image) VALUES (96, 'Nisa Rüya 1', 'Reggae', '2008-06-15', 54, 14, 6830245, 'A passionate artist creating Reggae music.', 13, 'https://picsum.photos/id/158/150/150');
INSERT INTO ARTISTS (artist_id, name, genre, date_joined, total_num_music, total_albums, listeners, bio, country_id, image) VALUES (97, 'Vildan Elif', 'Metal', '2016-02-03', 106, 2, 5331562, 'A passionate artist creating Metal music.', 11, 'https://picsum.photos/id/143/150/150');
INSERT INTO ARTISTS (artist_id, name, genre, date_joined, total_num_music, total_albums, listeners, bio, country_id, image) VALUES (98, 'Lale Burak 4', 'Metal', '2009-11-07', 51, 14, 2424288, 'A passionate artist creating Metal music.', 11, 'https://picsum.photos/id/119/150/150');
INSERT INTO ARTISTS (artist_id, name, genre, date_joined, total_num_music, total_albums, listeners, bio, country_id, image) VALUES (99, 'Mert Vildan', 'Rock', '2019-04-22', 147, 11, 5058737, 'A passionate artist creating Rock music.', 12, 'https://picsum.photos/id/133/150/150');
INSERT INTO ARTISTS (artist_id, name, genre, date_joined, total_num_music, total_albums, listeners, bio, country_id, image) VALUES (100, 'Tugçe Sefa', 'Folk', '2009-02-01', 24, 4, 459104, 'A passionate artist creating Folk music.', 17, 'https://picsum.photos/id/141/150/150');

-- ALBUMS Data --
INSERT INTO ALBUMS (album_id, artist_id, name, release_date, genre, music_number, image) VALUES (1, 78, 'Album M7JMHLCk', '2021-10-09', 'Country', 8, 'https://picsum.photos/id/246/200/200');
INSERT INTO ALBUMS (album_id, artist_id, name, release_date, genre, music_number, image) VALUES (2, 83, 'Album Wn0dBv6i', '2018-01-29', 'Indie', 6, 'https://picsum.photos/id/220/200/200');
INSERT INTO ALBUMS (album_id, artist_id, name, release_date, genre, music_number, image) VALUES (3, 32, 'Album 5T1XbRHk', '2013-12-30', 'Dance', 12, 'https://picsum.photos/id/211/200/200');
INSERT INTO ALBUMS (album_id, artist_id, name, release_date, genre, music_number, image) VALUES (4, 35, 'Album Rz0waUOE', '2009-08-04', 'Indie', 13, 'https://picsum.photos/id/234/200/200');
INSERT INTO ALBUMS (album_id, artist_id, name, release_date, genre, music_number, image) VALUES (5, 92, 'Album Oqjsk1rO', '2018-03-16', 'Jazz', 5, 'https://picsum.photos/id/289/200/200');
INSERT INTO ALBUMS (album_id, artist_id, name, release_date, genre, music_number, image) VALUES (6, 52, 'Album 8IV7d1Gv', '2014-08-14', 'Indie', 5, 'https://picsum.photos/id/294/200/200');
INSERT INTO ALBUMS (album_id, artist_id, name, release_date, genre, music_number, image) VALUES (7, 13, 'Album 3lb6hCS3', '2020-04-22', 'Indie', 15, 'https://picsum.photos/id/247/200/200');
INSERT INTO ALBUMS (album_id, artist_id, name, release_date, genre, music_number, image) VALUES (8, 39, 'Album wbSNhOCf', '2022-03-04', 'Reggae', 17, 'https://picsum.photos/id/241/200/200');
INSERT INTO ALBUMS (album_id, artist_id, name, release_date, genre, music_number, image) VALUES (9, 72, 'Album 1Se3gjtN', '2011-03-22', 'Metal', 20, 'https://picsum.photos/id/285/200/200');
INSERT INTO ALBUMS (album_id, artist_id, name, release_date, genre, music_number, image) VALUES (10, 47, 'Album jPveP7s1', '2011-06-23', 'Rock', 18, 'https://picsum.photos/id/246/200/200');
INSERT INTO ALBUMS (album_id, artist_id, name, release_date, genre, music_number, image) VALUES (11, 8, 'Album R96iFpg0', '2014-07-20', 'Hip Hop', 20, 'https://picsum.photos/id/203/200/200');
INSERT INTO ALBUMS (album_id, artist_id, name, release_date, genre, music_number, image) VALUES (12, 13, 'Album TLNG0FpX', '2012-05-11', 'Blues', 13, 'https://picsum.photos/id/261/200/200');
INSERT INTO ALBUMS (album_id, artist_id, name, release_date, genre, music_number, image) VALUES (13, 43, 'Album kE2YkY9R', '2011-05-24', 'Dance', 5, 'https://picsum.photos/id/227/200/200');
INSERT INTO ALBUMS (album_id, artist_id, name, release_date, genre, music_number, image) VALUES (14, 76, 'Album ZWYjUdll', '2009-11-19', 'Classical', 6, 'https://picsum.photos/id/283/200/200');
INSERT INTO ALBUMS (album_id, artist_id, name, release_date, genre, music_number, image) VALUES (15, 89, 'Album uqoQUc0w', '2023-01-20', 'Hip Hop', 11, 'https://picsum.photos/id/223/200/200');
INSERT INTO ALBUMS (album_id, artist_id, name, release_date, genre, music_number, image) VALUES (16, 73, 'Album XvOtEt9B', '2023-01-28', 'Alternative', 7, 'https://picsum.photos/id/278/200/200');
INSERT INTO ALBUMS (album_id, artist_id, name, release_date, genre, music_number, image) VALUES (17, 38, 'Album JZT4zcFN', '2019-05-05', 'Classical', 18, 'https://picsum.photos/id/268/200/200');
INSERT INTO ALBUMS (album_id, artist_id, name, release_date, genre, music_number, image) VALUES (18, 83, 'Album ar35HCZ4', '2014-06-20', 'R&B', 10, 'https://picsum.photos/id/214/200/200');
INSERT INTO ALBUMS (album_id, artist_id, name, release_date, genre, music_number, image) VALUES (19, 95, 'Album vXdayCJf', '2019-05-08', 'Country', 20, 'https://picsum.photos/id/256/200/200');
INSERT INTO ALBUMS (album_id, artist_id, name, release_date, genre, music_number, image) VALUES (20, 5, 'Album x9Ke53Aj', '2015-02-23', 'Country', 5, 'https://picsum.photos/id/282/200/200');
INSERT INTO ALBUMS (album_id, artist_id, name, release_date, genre, music_number, image) VALUES (21, 69, 'Album aGrOVD9M', '2014-02-03', 'Hip Hop', 8, 'https://picsum.photos/id/267/200/200');
INSERT INTO ALBUMS (album_id, artist_id, name, release_date, genre, music_number, image) VALUES (22, 47, 'Album o507MOIB', '2014-09-09', 'Blues', 20, 'https://picsum.photos/id/252/200/200');
INSERT INTO ALBUMS (album_id, artist_id, name, release_date, genre, music_number, image) VALUES (23, 18, 'Album MZHf96Rb', '2008-01-06', 'Blues', 19, 'https://picsum.photos/id/300/200/200');
INSERT INTO ALBUMS (album_id, artist_id, name, release_date, genre, music_number, image) VALUES (24, 4, 'Album hCxxTQO2', '2022-07-12', 'Metal', 17, 'https://picsum.photos/id/298/200/200');
INSERT INTO ALBUMS (album_id, artist_id, name, release_date, genre, music_number, image) VALUES (25, 15, 'Album 8PyGATlC', '2023-01-23', 'Blues', 6, 'https://picsum.photos/id/210/200/200');
INSERT INTO ALBUMS (album_id, artist_id, name, release_date, genre, music_number, image) VALUES (26, 14, 'Album kEw0DX1p', '2011-07-12', 'R&B', 14, 'https://picsum.photos/id/242/200/200');
INSERT INTO ALBUMS (album_id, artist_id, name, release_date, genre, music_number, image) VALUES (27, 72, 'Album vb3aWUj4', '2013-10-20', 'Folk', 7, 'https://picsum.photos/id/234/200/200');
INSERT INTO ALBUMS (album_id, artist_id, name, release_date, genre, music_number, image) VALUES (28, 10, 'Album tpuJnRKn', '2013-12-05', 'Folk', 7, 'https://picsum.photos/id/237/200/200');
INSERT INTO ALBUMS (album_id, artist_id, name, release_date, genre, music_number, image) VALUES (29, 74, 'Album NbDJbVdH', '2020-01-12', 'Dance', 17, 'https://picsum.photos/id/278/200/200');
INSERT INTO ALBUMS (album_id, artist_id, name, release_date, genre, music_number, image) VALUES (30, 48, 'Album CfiZ3NYx', '2017-02-08', 'Indie', 17, 'https://picsum.photos/id/239/200/200');
INSERT INTO ALBUMS (album_id, artist_id, name, release_date, genre, music_number, image) VALUES (31, 47, 'Album BaG7taui', '2009-12-23', 'Folk', 20, 'https://picsum.photos/id/298/200/200');
INSERT INTO ALBUMS (album_id, artist_id, name, release_date, genre, music_number, image) VALUES (32, 52, 'Album MFN1mNSs', '2010-06-09', 'Classical', 5, 'https://picsum.photos/id/270/200/200');
INSERT INTO ALBUMS (album_id, artist_id, name, release_date, genre, music_number, image) VALUES (33, 8, 'Album ICpcTeOK', '2019-04-14', 'Rock', 12, 'https://picsum.photos/id/213/200/200');
INSERT INTO ALBUMS (album_id, artist_id, name, release_date, genre, music_number, image) VALUES (34, 59, 'Album QNqhnNig', '2018-07-23', 'Classical', 5, 'https://picsum.photos/id/205/200/200');
INSERT INTO ALBUMS (album_id, artist_id, name, release_date, genre, music_number, image) VALUES (35, 76, 'Album otUBRRPg', '2016-01-19', 'R&B', 16, 'https://picsum.photos/id/216/200/200');
INSERT INTO ALBUMS (album_id, artist_id, name, release_date, genre, music_number, image) VALUES (36, 39, 'Album j1rq0Iqx', '2009-12-01', 'Electronic', 5, 'https://picsum.photos/id/240/200/200');
INSERT INTO ALBUMS (album_id, artist_id, name, release_date, genre, music_number, image) VALUES (37, 30, 'Album RBAgT4h2', '2008-02-10', 'Jazz', 18, 'https://picsum.photos/id/204/200/200');
INSERT INTO ALBUMS (album_id, artist_id, name, release_date, genre, music_number, image) VALUES (38, 15, 'Album 8c15pysi', '2016-12-29', 'R&B', 15, 'https://picsum.photos/id/284/200/200');
INSERT INTO ALBUMS (album_id, artist_id, name, release_date, genre, music_number, image) VALUES (39, 78, 'Album P2WBevPc', '2022-02-24', 'Folk', 14, 'https://picsum.photos/id/262/200/200');
INSERT INTO ALBUMS (album_id, artist_id, name, release_date, genre, music_number, image) VALUES (40, 100, 'Album nKfg0Xid', '2023-09-18', 'Indie', 20, 'https://picsum.photos/id/285/200/200');
INSERT INTO ALBUMS (album_id, artist_id, name, release_date, genre, music_number, image) VALUES (41, 80, 'Album viaasozr', '2021-11-28', 'Electronic', 13, 'https://picsum.photos/id/222/200/200');
INSERT INTO ALBUMS (album_id, artist_id, name, release_date, genre, music_number, image) VALUES (42, 40, 'Album PrTx7vV4', '2009-06-09', 'Metal', 14, 'https://picsum.photos/id/291/200/200');
INSERT INTO ALBUMS (album_id, artist_id, name, release_date, genre, music_number, image) VALUES (43, 57, 'Album c8iE4nre', '2024-03-20', 'Reggae', 6, 'https://picsum.photos/id/275/200/200');
INSERT INTO ALBUMS (album_id, artist_id, name, release_date, genre, music_number, image) VALUES (44, 75, 'Album XEUvDHRy', '2021-09-13', 'Hip Hop', 20, 'https://picsum.photos/id/267/200/200');
INSERT INTO ALBUMS (album_id, artist_id, name, release_date, genre, music_number, image) VALUES (45, 82, 'Album dtGfJGn8', '2009-12-22', 'Classical', 20, 'https://picsum.photos/id/222/200/200');
INSERT INTO ALBUMS (album_id, artist_id, name, release_date, genre, music_number, image) VALUES (46, 62, 'Album 4hPVvbbm', '2023-03-12', 'Electronic', 16, 'https://picsum.photos/id/251/200/200');
INSERT INTO ALBUMS (album_id, artist_id, name, release_date, genre, music_number, image) VALUES (47, 13, 'Album rBL4fiVf', '2020-03-03', 'Classical', 8, 'https://picsum.photos/id/278/200/200');
INSERT INTO ALBUMS (album_id, artist_id, name, release_date, genre, music_number, image) VALUES (48, 79, 'Album zGn5GSI8', '2009-08-17', 'R&B', 20, 'https://picsum.photos/id/256/200/200');
INSERT INTO ALBUMS (album_id, artist_id, name, release_date, genre, music_number, image) VALUES (49, 66, 'Album fVa03vMB', '2010-11-22', 'Folk', 16, 'https://picsum.photos/id/206/200/200');
INSERT INTO ALBUMS (album_id, artist_id, name, release_date, genre, music_number, image) VALUES (50, 5, 'Album 5u4JZuFW', '2017-10-23', 'Indie', 6, 'https://picsum.photos/id/268/200/200');
INSERT INTO ALBUMS (album_id, artist_id, name, release_date, genre, music_number, image) VALUES (51, 17, 'Album QRhuUA0C', '2009-09-18', 'Jazz', 15, 'https://picsum.photos/id/285/200/200');
INSERT INTO ALBUMS (album_id, artist_id, name, release_date, genre, music_number, image) VALUES (52, 58, 'Album F8wBys7P', '2019-01-03', 'Indie', 5, 'https://picsum.photos/id/274/200/200');
INSERT INTO ALBUMS (album_id, artist_id, name, release_date, genre, music_number, image) VALUES (53, 71, 'Album O5XZp897', '2014-04-19', 'Pop', 10, 'https://picsum.photos/id/260/200/200');
INSERT INTO ALBUMS (album_id, artist_id, name, release_date, genre, music_number, image) VALUES (54, 77, 'Album Wmn3OnEH', '2021-04-30', 'Dance', 18, 'https://picsum.photos/id/267/200/200');
INSERT INTO ALBUMS (album_id, artist_id, name, release_date, genre, music_number, image) VALUES (55, 29, 'Album zZlhbJi7', '2010-08-21', 'Blues', 15, 'https://picsum.photos/id/285/200/200');
INSERT INTO ALBUMS (album_id, artist_id, name, release_date, genre, music_number, image) VALUES (56, 100, 'Album TvOMcmgS', '2023-05-01', 'Blues', 7, 'https://picsum.photos/id/265/200/200');
INSERT INTO ALBUMS (album_id, artist_id, name, release_date, genre, music_number, image) VALUES (57, 39, 'Album vTDIJDYY', '2011-03-03', 'Hip Hop', 7, 'https://picsum.photos/id/225/200/200');
INSERT INTO ALBUMS (album_id, artist_id, name, release_date, genre, music_number, image) VALUES (58, 87, 'Album ADgCVx7W', '2017-03-24', 'Country', 8, 'https://picsum.photos/id/278/200/200');
INSERT INTO ALBUMS (album_id, artist_id, name, release_date, genre, music_number, image) VALUES (59, 26, 'Album 70FXYaRp', '2012-07-01', 'Electronic', 15, 'https://picsum.photos/id/278/200/200');
INSERT INTO ALBUMS (album_id, artist_id, name, release_date, genre, music_number, image) VALUES (60, 45, 'Album hEbTrbD0', '2018-05-18', 'Country', 6, 'https://picsum.photos/id/288/200/200');
INSERT INTO ALBUMS (album_id, artist_id, name, release_date, genre, music_number, image) VALUES (61, 75, 'Album Xe8DSwN8', '2012-05-21', 'R&B', 12, 'https://picsum.photos/id/230/200/200');
INSERT INTO ALBUMS (album_id, artist_id, name, release_date, genre, music_number, image) VALUES (62, 81, 'Album jVr9pHBI', '2019-09-26', 'Indie', 9, 'https://picsum.photos/id/244/200/200');
INSERT INTO ALBUMS (album_id, artist_id, name, release_date, genre, music_number, image) VALUES (63, 77, 'Album 1vpUBoDZ', '2014-02-27', 'Alternative', 18, 'https://picsum.photos/id/287/200/200');
INSERT INTO ALBUMS (album_id, artist_id, name, release_date, genre, music_number, image) VALUES (64, 42, 'Album uuDAOSy3', '2024-02-23', 'Dance', 10, 'https://picsum.photos/id/233/200/200');
INSERT INTO ALBUMS (album_id, artist_id, name, release_date, genre, music_number, image) VALUES (65, 51, 'Album xrEiaCOA', '2021-06-01', 'Hip Hop', 19, 'https://picsum.photos/id/279/200/200');
INSERT INTO ALBUMS (album_id, artist_id, name, release_date, genre, music_number, image) VALUES (66, 81, 'Album e72CB8iw', '2012-02-10', 'Alternative', 11, 'https://picsum.photos/id/259/200/200');
INSERT INTO ALBUMS (album_id, artist_id, name, release_date, genre, music_number, image) VALUES (67, 24, 'Album Ct555aYj', '2012-03-25', 'R&B', 17, 'https://picsum.photos/id/226/200/200');
INSERT INTO ALBUMS (album_id, artist_id, name, release_date, genre, music_number, image) VALUES (68, 59, 'Album L1JjbTlf', '2021-10-26', 'Hip Hop', 14, 'https://picsum.photos/id/299/200/200');
INSERT INTO ALBUMS (album_id, artist_id, name, release_date, genre, music_number, image) VALUES (69, 79, 'Album SREm5tt3', '2008-12-29', 'Reggae', 17, 'https://picsum.photos/id/243/200/200');
INSERT INTO ALBUMS (album_id, artist_id, name, release_date, genre, music_number, image) VALUES (70, 29, 'Album CUsvXR1s', '2010-10-02', 'Jazz', 15, 'https://picsum.photos/id/270/200/200');
INSERT INTO ALBUMS (album_id, artist_id, name, release_date, genre, music_number, image) VALUES (71, 15, 'Album NIsVpYW6', '2016-06-03', 'R&B', 14, 'https://picsum.photos/id/252/200/200');
INSERT INTO ALBUMS (album_id, artist_id, name, release_date, genre, music_number, image) VALUES (72, 13, 'Album MhFZQUXQ', '2008-06-11', 'Metal', 8, 'https://picsum.photos/id/222/200/200');
INSERT INTO ALBUMS (album_id, artist_id, name, release_date, genre, music_number, image) VALUES (73, 32, 'Album j3MFdh51', '2010-05-30', 'R&B', 18, 'https://picsum.photos/id/236/200/200');
INSERT INTO ALBUMS (album_id, artist_id, name, release_date, genre, music_number, image) VALUES (74, 10, 'Album 5nQtyPQ6', '2010-09-11', 'Indie', 18, 'https://picsum.photos/id/281/200/200');
INSERT INTO ALBUMS (album_id, artist_id, name, release_date, genre, music_number, image) VALUES (75, 76, 'Album OFb5N45w', '2017-07-06', 'Hip Hop', 13, 'https://picsum.photos/id/258/200/200');
INSERT INTO ALBUMS (album_id, artist_id, name, release_date, genre, music_number, image) VALUES (76, 41, 'Album sriy0nop', '2016-06-25', 'Electronic', 12, 'https://picsum.photos/id/201/200/200');
INSERT INTO ALBUMS (album_id, artist_id, name, release_date, genre, music_number, image) VALUES (77, 4, 'Album o7AsnPMm', '2009-06-23', 'Rock', 11, 'https://picsum.photos/id/205/200/200');
INSERT INTO ALBUMS (album_id, artist_id, name, release_date, genre, music_number, image) VALUES (78, 89, 'Album GLyAIjNO', '2023-01-15', 'Folk', 9, 'https://picsum.photos/id/224/200/200');
INSERT INTO ALBUMS (album_id, artist_id, name, release_date, genre, music_number, image) VALUES (79, 29, 'Album LT7048xr', '2008-03-13', 'Alternative', 20, 'https://picsum.photos/id/249/200/200');
INSERT INTO ALBUMS (album_id, artist_id, name, release_date, genre, music_number, image) VALUES (80, 81, 'Album Rk03yf2J', '2008-08-26', 'Metal', 9, 'https://picsum.photos/id/240/200/200');
INSERT INTO ALBUMS (album_id, artist_id, name, release_date, genre, music_number, image) VALUES (81, 97, 'Album vDWhRGJE', '2022-09-17', 'Country', 16, 'https://picsum.photos/id/255/200/200');
INSERT INTO ALBUMS (album_id, artist_id, name, release_date, genre, music_number, image) VALUES (82, 62, 'Album rzpE1j9p', '2023-12-29', 'Jazz', 8, 'https://picsum.photos/id/208/200/200');
INSERT INTO ALBUMS (album_id, artist_id, name, release_date, genre, music_number, image) VALUES (83, 4, 'Album Fh3YsZkN', '2014-01-16', 'Pop', 11, 'https://picsum.photos/id/269/200/200');
INSERT INTO ALBUMS (album_id, artist_id, name, release_date, genre, music_number, image) VALUES (84, 36, 'Album dyycgOj2', '2019-05-05', 'Dance', 6, 'https://picsum.photos/id/251/200/200');
INSERT INTO ALBUMS (album_id, artist_id, name, release_date, genre, music_number, image) VALUES (85, 90, 'Album 6BiclWD6', '2022-02-14', 'Blues', 8, 'https://picsum.photos/id/291/200/200');
INSERT INTO ALBUMS (album_id, artist_id, name, release_date, genre, music_number, image) VALUES (86, 77, 'Album smrWB4Bz', '2008-05-12', 'Pop', 19, 'https://picsum.photos/id/218/200/200');
INSERT INTO ALBUMS (album_id, artist_id, name, release_date, genre, music_number, image) VALUES (87, 65, 'Album Om8KxM1O', '2018-04-09', 'Jazz', 10, 'https://picsum.photos/id/284/200/200');
INSERT INTO ALBUMS (album_id, artist_id, name, release_date, genre, music_number, image) VALUES (88, 37, 'Album ZRXSJb2j', '2015-10-03', 'Pop', 19, 'https://picsum.photos/id/246/200/200');
INSERT INTO ALBUMS (album_id, artist_id, name, release_date, genre, music_number, image) VALUES (89, 100, 'Album oCabCEPa', '2024-03-06', 'Metal', 7, 'https://picsum.photos/id/289/200/200');
INSERT INTO ALBUMS (album_id, artist_id, name, release_date, genre, music_number, image) VALUES (90, 23, 'Album TAiThhbq', '2010-08-08', 'Folk', 8, 'https://picsum.photos/id/240/200/200');
INSERT INTO ALBUMS (album_id, artist_id, name, release_date, genre, music_number, image) VALUES (91, 84, 'Album HhAq9IC5', '2009-10-14', 'Country', 13, 'https://picsum.photos/id/292/200/200');
INSERT INTO ALBUMS (album_id, artist_id, name, release_date, genre, music_number, image) VALUES (92, 33, 'Album 9q9iJfiH', '2021-07-10', 'Indie', 7, 'https://picsum.photos/id/299/200/200');
INSERT INTO ALBUMS (album_id, artist_id, name, release_date, genre, music_number, image) VALUES (93, 66, 'Album W5IiGqKJ', '2012-11-17', 'Country', 18, 'https://picsum.photos/id/239/200/200');
INSERT INTO ALBUMS (album_id, artist_id, name, release_date, genre, music_number, image) VALUES (94, 20, 'Album zUAmKOPa', '2013-09-01', 'Pop', 20, 'https://picsum.photos/id/232/200/200');
INSERT INTO ALBUMS (album_id, artist_id, name, release_date, genre, music_number, image) VALUES (95, 76, 'Album TqmzBzEG', '2010-10-30', 'Dance', 14, 'https://picsum.photos/id/247/200/200');
INSERT INTO ALBUMS (album_id, artist_id, name, release_date, genre, music_number, image) VALUES (96, 36, 'Album xvpInoQH', '2021-10-07', 'Indie', 12, 'https://picsum.photos/id/297/200/200');
INSERT INTO ALBUMS (album_id, artist_id, name, release_date, genre, music_number, image) VALUES (97, 60, 'Album HFNCugql', '2018-09-21', 'Electronic', 6, 'https://picsum.photos/id/292/200/200');
INSERT INTO ALBUMS (album_id, artist_id, name, release_date, genre, music_number, image) VALUES (98, 78, 'Album BXirovOO', '2022-10-15', 'Country', 9, 'https://picsum.photos/id/276/200/200');
INSERT INTO ALBUMS (album_id, artist_id, name, release_date, genre, music_number, image) VALUES (99, 6, 'Album rtDmkbaW', '2010-12-17', 'Blues', 15, 'https://picsum.photos/id/227/200/200');
INSERT INTO ALBUMS (album_id, artist_id, name, release_date, genre, music_number, image) VALUES (100, 100, 'Album Qmt164ji', '2019-02-23', 'Reggae', 14, 'https://picsum.photos/id/292/200/200');
INSERT INTO ALBUMS (album_id, artist_id, name, release_date, genre, music_number, image) VALUES (101, 81, 'Album vEuVL1on', '2018-12-21', 'Folk', 20, 'https://picsum.photos/id/277/200/200');
INSERT INTO ALBUMS (album_id, artist_id, name, release_date, genre, music_number, image) VALUES (102, 94, 'Album ezLr1lrl', '2015-01-31', 'Blues', 15, 'https://picsum.photos/id/273/200/200');
INSERT INTO ALBUMS (album_id, artist_id, name, release_date, genre, music_number, image) VALUES (103, 37, 'Album ywgprLAB', '2011-02-24', 'Jazz', 6, 'https://picsum.photos/id/225/200/200');
INSERT INTO ALBUMS (album_id, artist_id, name, release_date, genre, music_number, image) VALUES (104, 70, 'Album fUsA4JO2', '2022-05-06', 'Jazz', 12, 'https://picsum.photos/id/220/200/200');
INSERT INTO ALBUMS (album_id, artist_id, name, release_date, genre, music_number, image) VALUES (105, 13, 'Album 4XMs6udT', '2009-06-25', 'Alternative', 12, 'https://picsum.photos/id/217/200/200');
INSERT INTO ALBUMS (album_id, artist_id, name, release_date, genre, music_number, image) VALUES (106, 53, 'Album x0DlMWSk', '2020-05-01', 'Electronic', 17, 'https://picsum.photos/id/251/200/200');
INSERT INTO ALBUMS (album_id, artist_id, name, release_date, genre, music_number, image) VALUES (107, 50, 'Album nurgtZO4', '2018-03-21', 'R&B', 12, 'https://picsum.photos/id/270/200/200');
INSERT INTO ALBUMS (album_id, artist_id, name, release_date, genre, music_number, image) VALUES (108, 62, 'Album Bt60oZm0', '2008-11-26', 'Indie', 16, 'https://picsum.photos/id/299/200/200');
INSERT INTO ALBUMS (album_id, artist_id, name, release_date, genre, music_number, image) VALUES (109, 17, 'Album h25yBTDR', '2010-02-17', 'Indie', 11, 'https://picsum.photos/id/215/200/200');
INSERT INTO ALBUMS (album_id, artist_id, name, release_date, genre, music_number, image) VALUES (110, 13, 'Album 5RD2aZCt', '2021-07-01', 'Reggae', 5, 'https://picsum.photos/id/282/200/200');
INSERT INTO ALBUMS (album_id, artist_id, name, release_date, genre, music_number, image) VALUES (111, 18, 'Album ecKZOXw7', '2009-01-16', 'Indie', 15, 'https://picsum.photos/id/228/200/200');
INSERT INTO ALBUMS (album_id, artist_id, name, release_date, genre, music_number, image) VALUES (112, 71, 'Album capaqBDz', '2009-10-17', 'Dance', 20, 'https://picsum.photos/id/222/200/200');
INSERT INTO ALBUMS (album_id, artist_id, name, release_date, genre, music_number, image) VALUES (113, 73, 'Album v637Xgta', '2008-01-17', 'Dance', 9, 'https://picsum.photos/id/241/200/200');
INSERT INTO ALBUMS (album_id, artist_id, name, release_date, genre, music_number, image) VALUES (114, 33, 'Album X8UOKqdw', '2008-10-12', 'Electronic', 18, 'https://picsum.photos/id/281/200/200');
INSERT INTO ALBUMS (album_id, artist_id, name, release_date, genre, music_number, image) VALUES (115, 27, 'Album TKTguExA', '2016-01-05', 'Reggae', 10, 'https://picsum.photos/id/299/200/200');
INSERT INTO ALBUMS (album_id, artist_id, name, release_date, genre, music_number, image) VALUES (116, 75, 'Album 4gpvf76P', '2017-07-20', 'Country', 5, 'https://picsum.photos/id/211/200/200');
INSERT INTO ALBUMS (album_id, artist_id, name, release_date, genre, music_number, image) VALUES (117, 45, 'Album NNhMzIg4', '2010-05-12', 'R&B', 11, 'https://picsum.photos/id/228/200/200');
INSERT INTO ALBUMS (album_id, artist_id, name, release_date, genre, music_number, image) VALUES (118, 95, 'Album tIbhUGoX', '2022-05-23', 'Electronic', 9, 'https://picsum.photos/id/218/200/200');
INSERT INTO ALBUMS (album_id, artist_id, name, release_date, genre, music_number, image) VALUES (119, 26, 'Album gkrK6MQu', '2016-11-10', 'Dance', 18, 'https://picsum.photos/id/293/200/200');
INSERT INTO ALBUMS (album_id, artist_id, name, release_date, genre, music_number, image) VALUES (120, 5, 'Album G6JEDVxB', '2017-10-13', 'Blues', 16, 'https://picsum.photos/id/240/200/200');
INSERT INTO ALBUMS (album_id, artist_id, name, release_date, genre, music_number, image) VALUES (121, 84, 'Album RammVaZo', '2011-08-12', 'Reggae', 17, 'https://picsum.photos/id/201/200/200');
INSERT INTO ALBUMS (album_id, artist_id, name, release_date, genre, music_number, image) VALUES (122, 81, 'Album pDiJimBS', '2010-01-10', 'Indie', 6, 'https://picsum.photos/id/221/200/200');
INSERT INTO ALBUMS (album_id, artist_id, name, release_date, genre, music_number, image) VALUES (123, 5, 'Album gmqReB2E', '2015-04-06', 'Rock', 20, 'https://picsum.photos/id/296/200/200');
INSERT INTO ALBUMS (album_id, artist_id, name, release_date, genre, music_number, image) VALUES (124, 60, 'Album NkYUHYbr', '2008-11-28', 'Reggae', 10, 'https://picsum.photos/id/273/200/200');
INSERT INTO ALBUMS (album_id, artist_id, name, release_date, genre, music_number, image) VALUES (125, 6, 'Album 23gZSnBb', '2020-12-16', 'Electronic', 17, 'https://picsum.photos/id/216/200/200');
INSERT INTO ALBUMS (album_id, artist_id, name, release_date, genre, music_number, image) VALUES (126, 30, 'Album pYPG10Yb', '2011-09-18', 'Hip Hop', 15, 'https://picsum.photos/id/264/200/200');
INSERT INTO ALBUMS (album_id, artist_id, name, release_date, genre, music_number, image) VALUES (127, 19, 'Album q1ApM56w', '2022-09-01', 'Jazz', 11, 'https://picsum.photos/id/269/200/200');
INSERT INTO ALBUMS (album_id, artist_id, name, release_date, genre, music_number, image) VALUES (128, 64, 'Album jvzPWfJx', '2013-12-14', 'Blues', 6, 'https://picsum.photos/id/223/200/200');
INSERT INTO ALBUMS (album_id, artist_id, name, release_date, genre, music_number, image) VALUES (129, 84, 'Album iBUfAq9Z', '2019-12-16', 'Country', 18, 'https://picsum.photos/id/271/200/200');
INSERT INTO ALBUMS (album_id, artist_id, name, release_date, genre, music_number, image) VALUES (130, 15, 'Album k3apMli5', '2008-07-31', 'Indie', 16, 'https://picsum.photos/id/206/200/200');
INSERT INTO ALBUMS (album_id, artist_id, name, release_date, genre, music_number, image) VALUES (131, 40, 'Album 7a4Lnoa2', '2012-03-29', 'Pop', 5, 'https://picsum.photos/id/208/200/200');
INSERT INTO ALBUMS (album_id, artist_id, name, release_date, genre, music_number, image) VALUES (132, 82, 'Album K2RqTRqB', '2016-05-04', 'Hip Hop', 18, 'https://picsum.photos/id/256/200/200');
INSERT INTO ALBUMS (album_id, artist_id, name, release_date, genre, music_number, image) VALUES (133, 79, 'Album noRBxU5l', '2011-10-31', 'Rock', 7, 'https://picsum.photos/id/289/200/200');
INSERT INTO ALBUMS (album_id, artist_id, name, release_date, genre, music_number, image) VALUES (134, 43, 'Album R4GQtWmR', '2016-11-12', 'Dance', 18, 'https://picsum.photos/id/215/200/200');
INSERT INTO ALBUMS (album_id, artist_id, name, release_date, genre, music_number, image) VALUES (135, 32, 'Album qY434CFS', '2018-12-26', 'Metal', 12, 'https://picsum.photos/id/238/200/200');
INSERT INTO ALBUMS (album_id, artist_id, name, release_date, genre, music_number, image) VALUES (136, 70, 'Album MLUwZx9h', '2020-04-22', 'Folk', 14, 'https://picsum.photos/id/298/200/200');
INSERT INTO ALBUMS (album_id, artist_id, name, release_date, genre, music_number, image) VALUES (137, 62, 'Album 9FcMNGjI', '2012-05-27', 'Rock', 20, 'https://picsum.photos/id/277/200/200');
INSERT INTO ALBUMS (album_id, artist_id, name, release_date, genre, music_number, image) VALUES (138, 90, 'Album cRrcdcqL', '2011-05-18', 'Alternative', 10, 'https://picsum.photos/id/268/200/200');
INSERT INTO ALBUMS (album_id, artist_id, name, release_date, genre, music_number, image) VALUES (139, 36, 'Album pph81pEa', '2009-07-13', 'Metal', 12, 'https://picsum.photos/id/242/200/200');
INSERT INTO ALBUMS (album_id, artist_id, name, release_date, genre, music_number, image) VALUES (140, 29, 'Album tlzIuCJv', '2020-11-02', 'Pop', 5, 'https://picsum.photos/id/210/200/200');
INSERT INTO ALBUMS (album_id, artist_id, name, release_date, genre, music_number, image) VALUES (141, 72, 'Album wDfyVj8S', '2017-11-19', 'R&B', 16, 'https://picsum.photos/id/251/200/200');
INSERT INTO ALBUMS (album_id, artist_id, name, release_date, genre, music_number, image) VALUES (142, 79, 'Album zs40Qi22', '2008-05-31', 'Pop', 19, 'https://picsum.photos/id/289/200/200');
INSERT INTO ALBUMS (album_id, artist_id, name, release_date, genre, music_number, image) VALUES (143, 4, 'Album oOzpa7uA', '2016-05-15', 'Folk', 6, 'https://picsum.photos/id/229/200/200');
INSERT INTO ALBUMS (album_id, artist_id, name, release_date, genre, music_number, image) VALUES (144, 17, 'Album mZUSIVa8', '2012-01-24', 'Classical', 14, 'https://picsum.photos/id/241/200/200');
INSERT INTO ALBUMS (album_id, artist_id, name, release_date, genre, music_number, image) VALUES (145, 90, 'Album VDrx0Yik', '2011-01-19', 'Metal', 9, 'https://picsum.photos/id/292/200/200');
INSERT INTO ALBUMS (album_id, artist_id, name, release_date, genre, music_number, image) VALUES (146, 35, 'Album zOCIsMzF', '2013-07-16', 'Electronic', 13, 'https://picsum.photos/id/238/200/200');
INSERT INTO ALBUMS (album_id, artist_id, name, release_date, genre, music_number, image) VALUES (147, 20, 'Album UYZp3sTC', '2010-07-20', 'Dance', 18, 'https://picsum.photos/id/220/200/200');
INSERT INTO ALBUMS (album_id, artist_id, name, release_date, genre, music_number, image) VALUES (148, 69, 'Album ZlhsAA6s', '2019-06-23', 'Classical', 15, 'https://picsum.photos/id/223/200/200');
INSERT INTO ALBUMS (album_id, artist_id, name, release_date, genre, music_number, image) VALUES (149, 55, 'Album NKI0EAfI', '2013-01-20', 'Pop', 8, 'https://picsum.photos/id/244/200/200');
INSERT INTO ALBUMS (album_id, artist_id, name, release_date, genre, music_number, image) VALUES (150, 97, 'Album 53QOFIaB', '2018-08-15', 'Hip Hop', 20, 'https://picsum.photos/id/245/200/200');
INSERT INTO ALBUMS (album_id, artist_id, name, release_date, genre, music_number, image) VALUES (151, 23, 'Album 7hCR5PCH', '2019-10-22', 'Blues', 9, 'https://picsum.photos/id/239/200/200');
INSERT INTO ALBUMS (album_id, artist_id, name, release_date, genre, music_number, image) VALUES (152, 20, 'Album MWHIhOaQ', '2015-08-20', 'Rock', 14, 'https://picsum.photos/id/294/200/200');
INSERT INTO ALBUMS (album_id, artist_id, name, release_date, genre, music_number, image) VALUES (153, 27, 'Album ERaw6spS', '2012-11-12', 'Alternative', 6, 'https://picsum.photos/id/203/200/200');
INSERT INTO ALBUMS (album_id, artist_id, name, release_date, genre, music_number, image) VALUES (154, 48, 'Album izjQp6BE', '2021-10-26', 'Blues', 5, 'https://picsum.photos/id/216/200/200');
INSERT INTO ALBUMS (album_id, artist_id, name, release_date, genre, music_number, image) VALUES (155, 52, 'Album vB7A7Jmp', '2017-05-13', 'Blues', 15, 'https://picsum.photos/id/259/200/200');
INSERT INTO ALBUMS (album_id, artist_id, name, release_date, genre, music_number, image) VALUES (156, 44, 'Album VQd5BnQ1', '2012-02-23', 'Blues', 17, 'https://picsum.photos/id/207/200/200');
INSERT INTO ALBUMS (album_id, artist_id, name, release_date, genre, music_number, image) VALUES (157, 37, 'Album JC94rB0t', '2008-05-14', 'Country', 8, 'https://picsum.photos/id/219/200/200');
INSERT INTO ALBUMS (album_id, artist_id, name, release_date, genre, music_number, image) VALUES (158, 68, 'Album 4cX9fiVc', '2008-12-17', 'Country', 13, 'https://picsum.photos/id/247/200/200');
INSERT INTO ALBUMS (album_id, artist_id, name, release_date, genre, music_number, image) VALUES (159, 30, 'Album 3dpvDdyF', '2013-12-14', 'Rock', 6, 'https://picsum.photos/id/250/200/200');
INSERT INTO ALBUMS (album_id, artist_id, name, release_date, genre, music_number, image) VALUES (160, 87, 'Album ZhZBoKDh', '2024-02-25', 'Rock', 12, 'https://picsum.photos/id/236/200/200');
INSERT INTO ALBUMS (album_id, artist_id, name, release_date, genre, music_number, image) VALUES (161, 25, 'Album CNFn30bJ', '2021-11-16', 'Rock', 8, 'https://picsum.photos/id/220/200/200');
INSERT INTO ALBUMS (album_id, artist_id, name, release_date, genre, music_number, image) VALUES (162, 18, 'Album qeGzR2gE', '2013-04-24', 'Dance', 19, 'https://picsum.photos/id/247/200/200');
INSERT INTO ALBUMS (album_id, artist_id, name, release_date, genre, music_number, image) VALUES (163, 67, 'Album eHX6upDU', '2018-11-17', 'R&B', 9, 'https://picsum.photos/id/204/200/200');
INSERT INTO ALBUMS (album_id, artist_id, name, release_date, genre, music_number, image) VALUES (164, 68, 'Album QNd2Byzq', '2009-11-27', 'Reggae', 17, 'https://picsum.photos/id/270/200/200');
INSERT INTO ALBUMS (album_id, artist_id, name, release_date, genre, music_number, image) VALUES (165, 34, 'Album gcgBnaWN', '2009-06-29', 'Jazz', 20, 'https://picsum.photos/id/280/200/200');
INSERT INTO ALBUMS (album_id, artist_id, name, release_date, genre, music_number, image) VALUES (166, 100, 'Album Ufwg34iW', '2016-09-28', 'Reggae', 7, 'https://picsum.photos/id/215/200/200');
INSERT INTO ALBUMS (album_id, artist_id, name, release_date, genre, music_number, image) VALUES (167, 7, 'Album 7vGDE395', '2011-10-24', 'Jazz', 13, 'https://picsum.photos/id/276/200/200');
INSERT INTO ALBUMS (album_id, artist_id, name, release_date, genre, music_number, image) VALUES (168, 96, 'Album VowAd6sA', '2020-07-08', 'Pop', 14, 'https://picsum.photos/id/205/200/200');
INSERT INTO ALBUMS (album_id, artist_id, name, release_date, genre, music_number, image) VALUES (169, 38, 'Album GmWEtYVK', '2012-10-02', 'Hip Hop', 16, 'https://picsum.photos/id/294/200/200');
INSERT INTO ALBUMS (album_id, artist_id, name, release_date, genre, music_number, image) VALUES (170, 84, 'Album 8X4KghIE', '2008-06-30', 'Hip Hop', 20, 'https://picsum.photos/id/299/200/200');
INSERT INTO ALBUMS (album_id, artist_id, name, release_date, genre, music_number, image) VALUES (171, 32, 'Album Nv1hHyXi', '2019-11-28', 'Country', 18, 'https://picsum.photos/id/268/200/200');
INSERT INTO ALBUMS (album_id, artist_id, name, release_date, genre, music_number, image) VALUES (172, 75, 'Album fLotOzdR', '2009-08-30', 'Reggae', 6, 'https://picsum.photos/id/205/200/200');
INSERT INTO ALBUMS (album_id, artist_id, name, release_date, genre, music_number, image) VALUES (173, 92, 'Album 3IP3yKhw', '2017-03-16', 'R&B', 14, 'https://picsum.photos/id/209/200/200');
INSERT INTO ALBUMS (album_id, artist_id, name, release_date, genre, music_number, image) VALUES (174, 63, 'Album g46Mbl2N', '2017-01-21', 'Jazz', 18, 'https://picsum.photos/id/214/200/200');
INSERT INTO ALBUMS (album_id, artist_id, name, release_date, genre, music_number, image) VALUES (175, 83, 'Album gyCRkJFB', '2015-04-23', 'Reggae', 12, 'https://picsum.photos/id/285/200/200');
INSERT INTO ALBUMS (album_id, artist_id, name, release_date, genre, music_number, image) VALUES (176, 53, 'Album jS6kQKKU', '2022-10-22', 'Alternative', 13, 'https://picsum.photos/id/229/200/200');
INSERT INTO ALBUMS (album_id, artist_id, name, release_date, genre, music_number, image) VALUES (177, 38, 'Album VNF0sSJp', '2015-07-30', 'Electronic', 9, 'https://picsum.photos/id/281/200/200');
INSERT INTO ALBUMS (album_id, artist_id, name, release_date, genre, music_number, image) VALUES (178, 38, 'Album e8saevLS', '2023-04-17', 'Indie', 18, 'https://picsum.photos/id/246/200/200');
INSERT INTO ALBUMS (album_id, artist_id, name, release_date, genre, music_number, image) VALUES (179, 76, 'Album 7qVjXjMp', '2023-10-02', 'Country', 5, 'https://picsum.photos/id/217/200/200');
INSERT INTO ALBUMS (album_id, artist_id, name, release_date, genre, music_number, image) VALUES (180, 68, 'Album vlFcliPx', '2019-10-17', 'Reggae', 15, 'https://picsum.photos/id/242/200/200');
INSERT INTO ALBUMS (album_id, artist_id, name, release_date, genre, music_number, image) VALUES (181, 26, 'Album hAxT44pV', '2008-01-08', 'Pop', 14, 'https://picsum.photos/id/296/200/200');
INSERT INTO ALBUMS (album_id, artist_id, name, release_date, genre, music_number, image) VALUES (182, 57, 'Album sTrse0ba', '2018-11-10', 'Dance', 17, 'https://picsum.photos/id/221/200/200');
INSERT INTO ALBUMS (album_id, artist_id, name, release_date, genre, music_number, image) VALUES (183, 79, 'Album Zrdou6ly', '2015-05-04', 'Electronic', 6, 'https://picsum.photos/id/279/200/200');
INSERT INTO ALBUMS (album_id, artist_id, name, release_date, genre, music_number, image) VALUES (184, 43, 'Album ADEsmXpF', '2020-10-24', 'Rock', 12, 'https://picsum.photos/id/217/200/200');
INSERT INTO ALBUMS (album_id, artist_id, name, release_date, genre, music_number, image) VALUES (185, 92, 'Album ur7vJEtA', '2020-02-14', 'Folk', 8, 'https://picsum.photos/id/278/200/200');
INSERT INTO ALBUMS (album_id, artist_id, name, release_date, genre, music_number, image) VALUES (186, 45, 'Album TbivHg19', '2010-09-09', 'Indie', 6, 'https://picsum.photos/id/254/200/200');
INSERT INTO ALBUMS (album_id, artist_id, name, release_date, genre, music_number, image) VALUES (187, 4, 'Album 1F3kl5Fp', '2014-09-25', 'Blues', 19, 'https://picsum.photos/id/236/200/200');
INSERT INTO ALBUMS (album_id, artist_id, name, release_date, genre, music_number, image) VALUES (188, 98, 'Album 4UNMdga3', '2014-12-17', 'Rock', 11, 'https://picsum.photos/id/258/200/200');
INSERT INTO ALBUMS (album_id, artist_id, name, release_date, genre, music_number, image) VALUES (189, 1, 'Album yuctTebI', '2022-04-11', 'Hip Hop', 9, 'https://picsum.photos/id/266/200/200');
INSERT INTO ALBUMS (album_id, artist_id, name, release_date, genre, music_number, image) VALUES (190, 30, 'Album KqXbsLUA', '2020-09-03', 'Classical', 9, 'https://picsum.photos/id/272/200/200');
INSERT INTO ALBUMS (album_id, artist_id, name, release_date, genre, music_number, image) VALUES (191, 86, 'Album SQNB3O9D', '2013-07-27', 'Country', 14, 'https://picsum.photos/id/245/200/200');
INSERT INTO ALBUMS (album_id, artist_id, name, release_date, genre, music_number, image) VALUES (192, 55, 'Album NMgrHDXU', '2011-08-07', 'R&B', 16, 'https://picsum.photos/id/221/200/200');
INSERT INTO ALBUMS (album_id, artist_id, name, release_date, genre, music_number, image) VALUES (193, 92, 'Album CT7PKuLq', '2011-10-12', 'Blues', 17, 'https://picsum.photos/id/221/200/200');
INSERT INTO ALBUMS (album_id, artist_id, name, release_date, genre, music_number, image) VALUES (194, 10, 'Album Mhkon7b2', '2010-02-13', 'Country', 14, 'https://picsum.photos/id/240/200/200');
INSERT INTO ALBUMS (album_id, artist_id, name, release_date, genre, music_number, image) VALUES (195, 74, 'Album 0Jj4PA73', '2017-12-17', 'Blues', 16, 'https://picsum.photos/id/255/200/200');
INSERT INTO ALBUMS (album_id, artist_id, name, release_date, genre, music_number, image) VALUES (196, 80, 'Album cN0GTKPx', '2022-12-10', 'Pop', 9, 'https://picsum.photos/id/278/200/200');
INSERT INTO ALBUMS (album_id, artist_id, name, release_date, genre, music_number, image) VALUES (197, 98, 'Album 70ZvkiMp', '2015-04-05', 'Folk', 10, 'https://picsum.photos/id/237/200/200');
INSERT INTO ALBUMS (album_id, artist_id, name, release_date, genre, music_number, image) VALUES (198, 12, 'Album 27Fx6b0w', '2014-08-26', 'Alternative', 18, 'https://picsum.photos/id/287/200/200');
INSERT INTO ALBUMS (album_id, artist_id, name, release_date, genre, music_number, image) VALUES (199, 49, 'Album VX0DeYX6', '2013-12-14', 'Jazz', 6, 'https://picsum.photos/id/285/200/200');
INSERT INTO ALBUMS (album_id, artist_id, name, release_date, genre, music_number, image) VALUES (200, 56, 'Album M0S8Zgka', '2019-12-27', 'Metal', 18, 'https://picsum.photos/id/231/200/200');

-- SONGS Data --
INSERT INTO SONGS (song_id, album_id, title, duration, genre, release_date, popularity_rank, image) VALUES (1, 5, 'Song By9naCXeHj', 132, 'Jazz', '2015-10-09', 693, 'https://picsum.photos/id/217/200/200');
INSERT INTO SONGS (song_id, album_id, title, duration, genre, release_date, popularity_rank, image) VALUES (2, 144, 'Song jmdm3qljZD', 244, 'Metal', '2009-07-22', 153, 'https://picsum.photos/id/289/200/200');
INSERT INTO SONGS (song_id, album_id, title, duration, genre, release_date, popularity_rank, image) VALUES (3, 9, 'Song e0koHtbqNB', 312, 'Electronic', '2008-09-25', 288, 'https://picsum.photos/id/255/200/200');
INSERT INTO SONGS (song_id, album_id, title, duration, genre, release_date, popularity_rank, image) VALUES (4, 142, 'Song QKe6g5MIy9', 140, 'Country', '2015-08-12', 336, 'https://picsum.photos/id/299/200/200');
INSERT INTO SONGS (song_id, album_id, title, duration, genre, release_date, popularity_rank, image) VALUES (5, 153, 'Song 8vju8z2uos', 337, 'R&B', '2015-11-02', 633, 'https://picsum.photos/id/241/200/200');
INSERT INTO SONGS (song_id, album_id, title, duration, genre, release_date, popularity_rank, image) VALUES (6, 53, 'Song UFjG3eNe9E', 275, 'Classical', '2018-11-08', 599, 'https://picsum.photos/id/255/200/200');
INSERT INTO SONGS (song_id, album_id, title, duration, genre, release_date, popularity_rank, image) VALUES (7, 179, 'Song 3xLJ6cciyK', 327, 'Dance', '2011-09-13', 431, 'https://picsum.photos/id/207/200/200');
INSERT INTO SONGS (song_id, album_id, title, duration, genre, release_date, popularity_rank, image) VALUES (8, 3, 'Song zcsJ3gGCEN', 170, 'Electronic', '2009-09-16', 641, 'https://picsum.photos/id/230/200/200');
INSERT INTO SONGS (song_id, album_id, title, duration, genre, release_date, popularity_rank, image) VALUES (9, 15, 'Song tw7YchWoyH', 256, 'Indie', '2023-03-21', 226, 'https://picsum.photos/id/286/200/200');
INSERT INTO SONGS (song_id, album_id, title, duration, genre, release_date, popularity_rank, image) VALUES (10, 11, 'Song yaEtS5L2m1', 286, 'Alternative', '2019-01-19', 139, 'https://picsum.photos/id/205/200/200');
INSERT INTO SONGS (song_id, album_id, title, duration, genre, release_date, popularity_rank, image) VALUES (11, 147, 'Song lbuizYFcm8', 190, 'Alternative', '2021-10-21', 651, 'https://picsum.photos/id/261/200/200');
INSERT INTO SONGS (song_id, album_id, title, duration, genre, release_date, popularity_rank, image) VALUES (12, 8, 'Song ZO2NfTMZSm', 316, 'Blues', '2024-01-11', 602, 'https://picsum.photos/id/235/200/200');
INSERT INTO SONGS (song_id, album_id, title, duration, genre, release_date, popularity_rank, image) VALUES (13, 98, 'Song UF4VaaCQw7', 451, 'Dance', '2015-09-25', 968, 'https://picsum.photos/id/267/200/200');
INSERT INTO SONGS (song_id, album_id, title, duration, genre, release_date, popularity_rank, image) VALUES (14, 86, 'Song ftLVBimWN7', 277, 'Pop', '2009-01-24', 655, 'https://picsum.photos/id/289/200/200');
INSERT INTO SONGS (song_id, album_id, title, duration, genre, release_date, popularity_rank, image) VALUES (15, 132, 'Song DLnsQMet58', 437, 'Pop', '2013-04-23', 862, 'https://picsum.photos/id/289/200/200');
INSERT INTO SONGS (song_id, album_id, title, duration, genre, release_date, popularity_rank, image) VALUES (16, 176, 'Song 2Uch1mntT1', 448, 'Jazz', '2013-08-26', 500, 'https://picsum.photos/id/208/200/200');
INSERT INTO SONGS (song_id, album_id, title, duration, genre, release_date, popularity_rank, image) VALUES (17, 31, 'Song H3P5tptwOE', 220, 'Rock', '2016-03-18', 594, 'https://picsum.photos/id/284/200/200');
INSERT INTO SONGS (song_id, album_id, title, duration, genre, release_date, popularity_rank, image) VALUES (18, 152, 'Song bLMfrbKtNQ', 259, 'Country', '2014-01-05', 519, 'https://picsum.photos/id/231/200/200');
INSERT INTO SONGS (song_id, album_id, title, duration, genre, release_date, popularity_rank, image) VALUES (19, 45, 'Song RhrIzpJ0CI', 473, 'Metal', '2014-02-24', 948, 'https://picsum.photos/id/230/200/200');
INSERT INTO SONGS (song_id, album_id, title, duration, genre, release_date, popularity_rank, image) VALUES (20, 122, 'Song Jp5oPo5V7r', 256, 'Metal', '2020-01-01', 996, 'https://picsum.photos/id/241/200/200');
INSERT INTO SONGS (song_id, album_id, title, duration, genre, release_date, popularity_rank, image) VALUES (21, 26, 'Song PRmuUQKm5o', 154, 'Alternative', '2022-08-14', 366, 'https://picsum.photos/id/280/200/200');
INSERT INTO SONGS (song_id, album_id, title, duration, genre, release_date, popularity_rank, image) VALUES (22, 4, 'Song xCO0GvZxDk', 378, 'Country', '2020-10-07', 384, 'https://picsum.photos/id/247/200/200');
INSERT INTO SONGS (song_id, album_id, title, duration, genre, release_date, popularity_rank, image) VALUES (23, 192, 'Song IzaHCIvou7', 164, 'Jazz', '2013-06-01', 79, 'https://picsum.photos/id/208/200/200');
INSERT INTO SONGS (song_id, album_id, title, duration, genre, release_date, popularity_rank, image) VALUES (24, 32, 'Song BsAmxh6fPu', 271, 'Hip Hop', '2017-07-01', 650, 'https://picsum.photos/id/251/200/200');
INSERT INTO SONGS (song_id, album_id, title, duration, genre, release_date, popularity_rank, image) VALUES (25, 184, 'Song eu8LSA0S4K', 278, 'Blues', '2016-03-26', 959, 'https://picsum.photos/id/201/200/200');
INSERT INTO SONGS (song_id, album_id, title, duration, genre, release_date, popularity_rank, image) VALUES (26, 102, 'Song LK2s3LBzpz', 186, 'Pop', '2016-06-03', 725, 'https://picsum.photos/id/246/200/200');
INSERT INTO SONGS (song_id, album_id, title, duration, genre, release_date, popularity_rank, image) VALUES (27, 160, 'Song ZeJZ3MCGzK', 127, 'Reggae', '2018-04-12', 694, 'https://picsum.photos/id/217/200/200');
INSERT INTO SONGS (song_id, album_id, title, duration, genre, release_date, popularity_rank, image) VALUES (28, 186, 'Song bBuN4UWIJB', 440, 'Country', '2016-06-05', 517, 'https://picsum.photos/id/243/200/200');
INSERT INTO SONGS (song_id, album_id, title, duration, genre, release_date, popularity_rank, image) VALUES (29, 162, 'Song gonYrsmld8', 154, 'Reggae', '2010-10-07', 324, 'https://picsum.photos/id/238/200/200');
INSERT INTO SONGS (song_id, album_id, title, duration, genre, release_date, popularity_rank, image) VALUES (30, 62, 'Song 9LlWHzilOq', 156, 'Alternative', '2018-12-11', 813, 'https://picsum.photos/id/261/200/200');
INSERT INTO SONGS (song_id, album_id, title, duration, genre, release_date, popularity_rank, image) VALUES (31, 66, 'Song 6jx98Jp0kp', 236, 'Reggae', '2015-11-02', 910, 'https://picsum.photos/id/289/200/200');
INSERT INTO SONGS (song_id, album_id, title, duration, genre, release_date, popularity_rank, image) VALUES (32, 8, 'Song 6ql6HbJIrP', 321, 'R&B', '2022-11-12', 169, 'https://picsum.photos/id/263/200/200');
INSERT INTO SONGS (song_id, album_id, title, duration, genre, release_date, popularity_rank, image) VALUES (33, 147, 'Song QnR8cv6dmZ', 241, 'Folk', '2010-12-28', 929, 'https://picsum.photos/id/243/200/200');
INSERT INTO SONGS (song_id, album_id, title, duration, genre, release_date, popularity_rank, image) VALUES (34, 72, 'Song NoFNS2vXGS', 342, 'Pop', '2023-04-19', 391, 'https://picsum.photos/id/205/200/200');
INSERT INTO SONGS (song_id, album_id, title, duration, genre, release_date, popularity_rank, image) VALUES (35, 42, 'Song szLjCD93tm', 432, 'Country', '2018-03-24', 256, 'https://picsum.photos/id/267/200/200');
INSERT INTO SONGS (song_id, album_id, title, duration, genre, release_date, popularity_rank, image) VALUES (36, 64, 'Song YBo0g6Lgra', 349, 'Reggae', '2019-03-02', 254, 'https://picsum.photos/id/266/200/200');
INSERT INTO SONGS (song_id, album_id, title, duration, genre, release_date, popularity_rank, image) VALUES (37, 161, 'Song RcFVWSUytO', 235, 'Classical', '2015-01-10', 566, 'https://picsum.photos/id/281/200/200');
INSERT INTO SONGS (song_id, album_id, title, duration, genre, release_date, popularity_rank, image) VALUES (38, 183, 'Song GMeMflsLVH', 381, 'Indie', '2013-06-05', 228, 'https://picsum.photos/id/229/200/200');
INSERT INTO SONGS (song_id, album_id, title, duration, genre, release_date, popularity_rank, image) VALUES (39, 190, 'Song qj35jCWTrH', 402, 'Jazz', '2018-09-30', 218, 'https://picsum.photos/id/252/200/200');
INSERT INTO SONGS (song_id, album_id, title, duration, genre, release_date, popularity_rank, image) VALUES (40, 160, 'Song 5RPhCqMu4i', 384, 'Hip Hop', '2018-05-14', 731, 'https://picsum.photos/id/272/200/200');
INSERT INTO SONGS (song_id, album_id, title, duration, genre, release_date, popularity_rank, image) VALUES (41, 83, 'Song h9iKqA2B7o', 234, 'Electronic', '2015-12-01', 773, 'https://picsum.photos/id/269/200/200');
INSERT INTO SONGS (song_id, album_id, title, duration, genre, release_date, popularity_rank, image) VALUES (42, 53, 'Song 7xMOTfEytc', 293, 'Electronic', '2012-02-22', 323, 'https://picsum.photos/id/212/200/200');
INSERT INTO SONGS (song_id, album_id, title, duration, genre, release_date, popularity_rank, image) VALUES (43, 37, 'Song rqzpEWLcvg', 165, 'Electronic', '2016-06-21', 141, 'https://picsum.photos/id/249/200/200');
INSERT INTO SONGS (song_id, album_id, title, duration, genre, release_date, popularity_rank, image) VALUES (44, 20, 'Song rKQqA2KFS2', 150, 'Country', '2008-04-21', 89, 'https://picsum.photos/id/270/200/200');
INSERT INTO SONGS (song_id, album_id, title, duration, genre, release_date, popularity_rank, image) VALUES (45, 79, 'Song NOn9jH2zXz', 169, 'Hip Hop', '2011-07-01', 194, 'https://picsum.photos/id/242/200/200');
INSERT INTO SONGS (song_id, album_id, title, duration, genre, release_date, popularity_rank, image) VALUES (46, 54, 'Song rElUQdEXWK', 330, 'Metal', '2016-12-11', 918, 'https://picsum.photos/id/261/200/200');
INSERT INTO SONGS (song_id, album_id, title, duration, genre, release_date, popularity_rank, image) VALUES (47, 93, 'Song dZOTb8Qb8h', 350, 'Rock', '2016-06-18', 348, 'https://picsum.photos/id/215/200/200');
INSERT INTO SONGS (song_id, album_id, title, duration, genre, release_date, popularity_rank, image) VALUES (48, 140, 'Song BvNtiqdTPk', 357, 'Pop', '2023-04-27', 4, 'https://picsum.photos/id/209/200/200');
INSERT INTO SONGS (song_id, album_id, title, duration, genre, release_date, popularity_rank, image) VALUES (49, 46, 'Song XUTTFRLF3g', 354, 'Folk', '2017-08-25', 620, 'https://picsum.photos/id/227/200/200');
INSERT INTO SONGS (song_id, album_id, title, duration, genre, release_date, popularity_rank, image) VALUES (50, 195, 'Song d0215m5V9L', 204, 'Dance', '2014-11-26', 28, 'https://picsum.photos/id/294/200/200');
INSERT INTO SONGS (song_id, album_id, title, duration, genre, release_date, popularity_rank, image) VALUES (51, 129, 'Song vvDeFksXcz', 436, 'Classical', '2015-09-08', 19, 'https://picsum.photos/id/300/200/200');
INSERT INTO SONGS (song_id, album_id, title, duration, genre, release_date, popularity_rank, image) VALUES (52, 37, 'Song f9nc2yXzGE', 452, 'Dance', '2011-04-21', 599, 'https://picsum.photos/id/276/200/200');
INSERT INTO SONGS (song_id, album_id, title, duration, genre, release_date, popularity_rank, image) VALUES (53, 124, 'Song rVgCSc3YCO', 313, 'Jazz', '2021-02-16', 391, 'https://picsum.photos/id/265/200/200');
INSERT INTO SONGS (song_id, album_id, title, duration, genre, release_date, popularity_rank, image) VALUES (54, 52, 'Song 9JXuwPPPDK', 309, 'Jazz', '2010-03-22', 769, 'https://picsum.photos/id/287/200/200');
INSERT INTO SONGS (song_id, album_id, title, duration, genre, release_date, popularity_rank, image) VALUES (55, 135, 'Song 9T5CmJiUk0', 304, 'Jazz', '2014-07-30', 301, 'https://picsum.photos/id/228/200/200');
INSERT INTO SONGS (song_id, album_id, title, duration, genre, release_date, popularity_rank, image) VALUES (56, 149, 'Song aVrcwZ1CXi', 168, 'Blues', '2023-05-16', 633, 'https://picsum.photos/id/214/200/200');
INSERT INTO SONGS (song_id, album_id, title, duration, genre, release_date, popularity_rank, image) VALUES (57, 149, 'Song yJejYGoyAU', 289, 'Reggae', '2015-06-06', 928, 'https://picsum.photos/id/280/200/200');
INSERT INTO SONGS (song_id, album_id, title, duration, genre, release_date, popularity_rank, image) VALUES (58, 59, 'Song zuPccfU5DF', 433, 'Pop', '2014-05-22', 219, 'https://picsum.photos/id/266/200/200');
INSERT INTO SONGS (song_id, album_id, title, duration, genre, release_date, popularity_rank, image) VALUES (59, 5, 'Song NOpXZ1kBoC', 443, 'Blues', '2020-08-26', 293, 'https://picsum.photos/id/258/200/200');
INSERT INTO SONGS (song_id, album_id, title, duration, genre, release_date, popularity_rank, image) VALUES (60, 65, 'Song 9oVY9NqQjt', 253, 'Indie', '2017-03-12', 728, 'https://picsum.photos/id/227/200/200');
INSERT INTO SONGS (song_id, album_id, title, duration, genre, release_date, popularity_rank, image) VALUES (61, 95, 'Song GWf5wUu6VB', 421, 'Electronic', '2009-07-17', 583, 'https://picsum.photos/id/202/200/200');
INSERT INTO SONGS (song_id, album_id, title, duration, genre, release_date, popularity_rank, image) VALUES (62, 13, 'Song CGpDZBQGI3', 451, 'Electronic', '2021-06-07', 14, 'https://picsum.photos/id/202/200/200');
INSERT INTO SONGS (song_id, album_id, title, duration, genre, release_date, popularity_rank, image) VALUES (63, 105, 'Song L9V6K2cwmZ', 454, 'Electronic', '2019-09-17', 90, 'https://picsum.photos/id/209/200/200');
INSERT INTO SONGS (song_id, album_id, title, duration, genre, release_date, popularity_rank, image) VALUES (64, 58, 'Song g7jmSW2Bnc', 134, 'Indie', '2022-11-09', 52, 'https://picsum.photos/id/257/200/200');
INSERT INTO SONGS (song_id, album_id, title, duration, genre, release_date, popularity_rank, image) VALUES (65, 103, 'Song jzMGpcVuKC', 328, 'Pop', '2018-10-27', 211, 'https://picsum.photos/id/244/200/200');
INSERT INTO SONGS (song_id, album_id, title, duration, genre, release_date, popularity_rank, image) VALUES (66, 149, 'Song R4tKKrJGgR', 221, 'Dance', '2018-08-07', 358, 'https://picsum.photos/id/231/200/200');
INSERT INTO SONGS (song_id, album_id, title, duration, genre, release_date, popularity_rank, image) VALUES (67, 146, 'Song Yn0jLDWJA1', 195, 'Jazz', '2017-03-21', 273, 'https://picsum.photos/id/290/200/200');
INSERT INTO SONGS (song_id, album_id, title, duration, genre, release_date, popularity_rank, image) VALUES (68, 61, 'Song ZXGkMr6A3S', 321, 'Rock', '2008-10-10', 949, 'https://picsum.photos/id/236/200/200');
INSERT INTO SONGS (song_id, album_id, title, duration, genre, release_date, popularity_rank, image) VALUES (69, 23, 'Song mY4OqCSiwg', 229, 'Pop', '2008-06-14', 650, 'https://picsum.photos/id/220/200/200');
INSERT INTO SONGS (song_id, album_id, title, duration, genre, release_date, popularity_rank, image) VALUES (70, 80, 'Song Rnk2BpiFHL', 382, 'Indie', '2009-02-09', 418, 'https://picsum.photos/id/205/200/200');
INSERT INTO SONGS (song_id, album_id, title, duration, genre, release_date, popularity_rank, image) VALUES (71, 152, 'Song lAHCe5WhpC', 403, 'Folk', '2015-08-17', 68, 'https://picsum.photos/id/218/200/200');
INSERT INTO SONGS (song_id, album_id, title, duration, genre, release_date, popularity_rank, image) VALUES (72, 171, 'Song G2jMb3EL4x', 312, 'Blues', '2018-05-10', 618, 'https://picsum.photos/id/265/200/200');
INSERT INTO SONGS (song_id, album_id, title, duration, genre, release_date, popularity_rank, image) VALUES (73, 127, 'Song wAGnjQp8HB', 449, 'Folk', '2010-09-21', 571, 'https://picsum.photos/id/238/200/200');
INSERT INTO SONGS (song_id, album_id, title, duration, genre, release_date, popularity_rank, image) VALUES (74, 92, 'Song k1cmWPG1es', 368, 'R&B', '2021-06-19', 645, 'https://picsum.photos/id/209/200/200');
INSERT INTO SONGS (song_id, album_id, title, duration, genre, release_date, popularity_rank, image) VALUES (75, 85, 'Song XQ6OzzmYFV', 365, 'R&B', '2019-04-24', 366, 'https://picsum.photos/id/271/200/200');
INSERT INTO SONGS (song_id, album_id, title, duration, genre, release_date, popularity_rank, image) VALUES (76, 182, 'Song C4bV30QB6g', 120, 'R&B', '2020-08-23', 941, 'https://picsum.photos/id/205/200/200');
INSERT INTO SONGS (song_id, album_id, title, duration, genre, release_date, popularity_rank, image) VALUES (77, 82, 'Song R5D3mPzJDs', 171, 'Pop', '2009-05-20', 559, 'https://picsum.photos/id/300/200/200');
INSERT INTO SONGS (song_id, album_id, title, duration, genre, release_date, popularity_rank, image) VALUES (78, 1, 'Song bePX0aD8gI', 384, 'Alternative', '2019-12-01', 577, 'https://picsum.photos/id/211/200/200');
INSERT INTO SONGS (song_id, album_id, title, duration, genre, release_date, popularity_rank, image) VALUES (79, 152, 'Song Mc1OStxxCl', 349, 'Rock', '2013-03-03', 325, 'https://picsum.photos/id/288/200/200');
INSERT INTO SONGS (song_id, album_id, title, duration, genre, release_date, popularity_rank, image) VALUES (80, 115, 'Song 5Kldw5tMAi', 326, 'Folk', '2016-05-05', 494, 'https://picsum.photos/id/283/200/200');
INSERT INTO SONGS (song_id, album_id, title, duration, genre, release_date, popularity_rank, image) VALUES (81, 125, 'Song pBh4lVrLjx', 291, 'Reggae', '2017-12-08', 860, 'https://picsum.photos/id/202/200/200');
INSERT INTO SONGS (song_id, album_id, title, duration, genre, release_date, popularity_rank, image) VALUES (82, 111, 'Song bJH7Bs4Li9', 323, 'Pop', '2011-05-04', 320, 'https://picsum.photos/id/218/200/200');
INSERT INTO SONGS (song_id, album_id, title, duration, genre, release_date, popularity_rank, image) VALUES (83, 36, 'Song BQm5Z2QSxw', 235, 'Reggae', '2017-11-30', 268, 'https://picsum.photos/id/204/200/200');
INSERT INTO SONGS (song_id, album_id, title, duration, genre, release_date, popularity_rank, image) VALUES (84, 109, 'Song eSJB9NLTZu', 373, 'Indie', '2016-03-05', 80, 'https://picsum.photos/id/238/200/200');
INSERT INTO SONGS (song_id, album_id, title, duration, genre, release_date, popularity_rank, image) VALUES (85, 109, 'Song HwYE3PACWt', 398, 'Indie', '2008-07-12', 231, 'https://picsum.photos/id/293/200/200');
INSERT INTO SONGS (song_id, album_id, title, duration, genre, release_date, popularity_rank, image) VALUES (86, 111, 'Song BV03ieXsAD', 358, 'Metal', '2016-04-19', 294, 'https://picsum.photos/id/236/200/200');
INSERT INTO SONGS (song_id, album_id, title, duration, genre, release_date, popularity_rank, image) VALUES (87, 126, 'Song LLjjPJvmNo', 350, 'Blues', '2023-01-21', 10, 'https://picsum.photos/id/242/200/200');
INSERT INTO SONGS (song_id, album_id, title, duration, genre, release_date, popularity_rank, image) VALUES (88, 1, 'Song WGdwOJvG6a', 324, 'Rock', '2012-09-13', 91, 'https://picsum.photos/id/237/200/200');
INSERT INTO SONGS (song_id, album_id, title, duration, genre, release_date, popularity_rank, image) VALUES (89, 36, 'Song wVBjV5yUul', 228, 'Dance', '2014-08-21', 446, 'https://picsum.photos/id/214/200/200');
INSERT INTO SONGS (song_id, album_id, title, duration, genre, release_date, popularity_rank, image) VALUES (90, 176, 'Song yEEm832TBp', 304, 'Jazz', '2020-12-22', 350, 'https://picsum.photos/id/245/200/200');
INSERT INTO SONGS (song_id, album_id, title, duration, genre, release_date, popularity_rank, image) VALUES (91, 20, 'Song XNvFYcKWbr', 296, 'Reggae', '2023-04-01', 328, 'https://picsum.photos/id/218/200/200');
INSERT INTO SONGS (song_id, album_id, title, duration, genre, release_date, popularity_rank, image) VALUES (92, 166, 'Song d56oRqC8LG', 379, 'Metal', '2024-03-11', 6, 'https://picsum.photos/id/268/200/200');
INSERT INTO SONGS (song_id, album_id, title, duration, genre, release_date, popularity_rank, image) VALUES (93, 199, 'Song wulhUzRML8', 257, 'Rock', '2017-05-23', 610, 'https://picsum.photos/id/217/200/200');
INSERT INTO SONGS (song_id, album_id, title, duration, genre, release_date, popularity_rank, image) VALUES (94, 72, 'Song 0zDqPpNSSF', 461, 'Classical', '2019-11-16', 499, 'https://picsum.photos/id/217/200/200');
INSERT INTO SONGS (song_id, album_id, title, duration, genre, release_date, popularity_rank, image) VALUES (95, 1, 'Song yt7iIyxS8N', 159, 'Dance', '2020-12-31', 927, 'https://picsum.photos/id/250/200/200');
INSERT INTO SONGS (song_id, album_id, title, duration, genre, release_date, popularity_rank, image) VALUES (96, 183, 'Song 2173w7AkYH', 193, 'Folk', '2023-03-18', 419, 'https://picsum.photos/id/204/200/200');
INSERT INTO SONGS (song_id, album_id, title, duration, genre, release_date, popularity_rank, image) VALUES (97, 120, 'Song infSN3baCw', 359, 'Folk', '2009-08-31', 138, 'https://picsum.photos/id/222/200/200');
INSERT INTO SONGS (song_id, album_id, title, duration, genre, release_date, popularity_rank, image) VALUES (98, 140, 'Song Pu5Cj03EKt', 389, 'Blues', '2014-05-13', 682, 'https://picsum.photos/id/247/200/200');
INSERT INTO SONGS (song_id, album_id, title, duration, genre, release_date, popularity_rank, image) VALUES (99, 10, 'Song rGdZvpMr0D', 221, 'Metal', '2018-09-12', 905, 'https://picsum.photos/id/259/200/200');
INSERT INTO SONGS (song_id, album_id, title, duration, genre, release_date, popularity_rank, image) VALUES (100, 194, 'Song cix9nmG8dO', 150, 'Electronic', '2008-01-12', 973, 'https://picsum.photos/id/297/200/200');
INSERT INTO SONGS (song_id, album_id, title, duration, genre, release_date, popularity_rank, image) VALUES (101, 130, 'Song TwDFeiyP5j', 153, 'Blues', '2016-01-21', 200, 'https://picsum.photos/id/218/200/200');
INSERT INTO SONGS (song_id, album_id, title, duration, genre, release_date, popularity_rank, image) VALUES (102, 65, 'Song TfmvCfI10e', 403, 'Jazz', '2023-06-13', 344, 'https://picsum.photos/id/288/200/200');
INSERT INTO SONGS (song_id, album_id, title, duration, genre, release_date, popularity_rank, image) VALUES (103, 152, 'Song ZgL0YToWOl', 196, 'Metal', '2012-07-10', 149, 'https://picsum.photos/id/208/200/200');
INSERT INTO SONGS (song_id, album_id, title, duration, genre, release_date, popularity_rank, image) VALUES (104, 20, 'Song RKNyhyB3oG', 123, 'Dance', '2018-07-31', 180, 'https://picsum.photos/id/217/200/200');
INSERT INTO SONGS (song_id, album_id, title, duration, genre, release_date, popularity_rank, image) VALUES (105, 99, 'Song FNSkHzf55W', 428, 'Indie', '2019-03-13', 51, 'https://picsum.photos/id/250/200/200');
INSERT INTO SONGS (song_id, album_id, title, duration, genre, release_date, popularity_rank, image) VALUES (106, 121, 'Song uCDJcit9zI', 217, 'Hip Hop', '2020-01-25', 705, 'https://picsum.photos/id/211/200/200');
INSERT INTO SONGS (song_id, album_id, title, duration, genre, release_date, popularity_rank, image) VALUES (107, 136, 'Song ueRsyFCFMj', 344, 'Dance', '2009-08-27', 876, 'https://picsum.photos/id/244/200/200');
INSERT INTO SONGS (song_id, album_id, title, duration, genre, release_date, popularity_rank, image) VALUES (108, 4, 'Song qANfF9115y', 356, 'Electronic', '2019-02-16', 874, 'https://picsum.photos/id/243/200/200');
INSERT INTO SONGS (song_id, album_id, title, duration, genre, release_date, popularity_rank, image) VALUES (109, 118, 'Song jj0jVVc10x', 449, 'Indie', '2010-04-15', 766, 'https://picsum.photos/id/253/200/200');
INSERT INTO SONGS (song_id, album_id, title, duration, genre, release_date, popularity_rank, image) VALUES (110, 137, 'Song M9EGI6gAcC', 327, 'Metal', '2023-11-16', 415, 'https://picsum.photos/id/288/200/200');
INSERT INTO SONGS (song_id, album_id, title, duration, genre, release_date, popularity_rank, image) VALUES (111, 173, 'Song nNtEoUVRVo', 121, 'Pop', '2021-03-05', 914, 'https://picsum.photos/id/242/200/200');
INSERT INTO SONGS (song_id, album_id, title, duration, genre, release_date, popularity_rank, image) VALUES (112, 16, 'Song fwkS29GtZS', 340, 'Dance', '2013-10-12', 482, 'https://picsum.photos/id/215/200/200');
INSERT INTO SONGS (song_id, album_id, title, duration, genre, release_date, popularity_rank, image) VALUES (113, 140, 'Song nzkuAJwHEY', 289, 'Alternative', '2024-01-28', 564, 'https://picsum.photos/id/223/200/200');
INSERT INTO SONGS (song_id, album_id, title, duration, genre, release_date, popularity_rank, image) VALUES (114, 83, 'Song dkHlMMQlVy', 196, 'Rock', '2013-05-19', 782, 'https://picsum.photos/id/243/200/200');
INSERT INTO SONGS (song_id, album_id, title, duration, genre, release_date, popularity_rank, image) VALUES (115, 199, 'Song kXRa0U6F1x', 203, 'Pop', '2017-05-22', 88, 'https://picsum.photos/id/287/200/200');
INSERT INTO SONGS (song_id, album_id, title, duration, genre, release_date, popularity_rank, image) VALUES (116, 34, 'Song M50ZCGZbHG', 402, 'Metal', '2013-08-11', 121, 'https://picsum.photos/id/227/200/200');
INSERT INTO SONGS (song_id, album_id, title, duration, genre, release_date, popularity_rank, image) VALUES (117, 30, 'Song Pu1cYdUnKE', 167, 'Alternative', '2014-01-28', 830, 'https://picsum.photos/id/261/200/200');
INSERT INTO SONGS (song_id, album_id, title, duration, genre, release_date, popularity_rank, image) VALUES (118, 136, 'Song ePE0SxOlGY', 159, 'Folk', '2021-11-22', 277, 'https://picsum.photos/id/202/200/200');
INSERT INTO SONGS (song_id, album_id, title, duration, genre, release_date, popularity_rank, image) VALUES (119, 124, 'Song t7Hxf4h4BQ', 288, 'Pop', '2008-12-02', 172, 'https://picsum.photos/id/254/200/200');
INSERT INTO SONGS (song_id, album_id, title, duration, genre, release_date, popularity_rank, image) VALUES (120, 173, 'Song kTcdLREdQ6', 355, 'Jazz', '2017-02-23', 370, 'https://picsum.photos/id/266/200/200');
INSERT INTO SONGS (song_id, album_id, title, duration, genre, release_date, popularity_rank, image) VALUES (121, 66, 'Song yld8UZcFVA', 130, 'Rock', '2009-07-26', 218, 'https://picsum.photos/id/265/200/200');
INSERT INTO SONGS (song_id, album_id, title, duration, genre, release_date, popularity_rank, image) VALUES (122, 45, 'Song ZBglZ1hKvI', 460, 'Jazz', '2023-01-02', 592, 'https://picsum.photos/id/296/200/200');
INSERT INTO SONGS (song_id, album_id, title, duration, genre, release_date, popularity_rank, image) VALUES (123, 12, 'Song uk21sD88Mg', 449, 'Metal', '2021-11-13', 428, 'https://picsum.photos/id/277/200/200');
INSERT INTO SONGS (song_id, album_id, title, duration, genre, release_date, popularity_rank, image) VALUES (124, 38, 'Song 4niFAOeOPe', 354, 'Dance', '2018-01-29', 796, 'https://picsum.photos/id/244/200/200');
INSERT INTO SONGS (song_id, album_id, title, duration, genre, release_date, popularity_rank, image) VALUES (125, 165, 'Song XBjbxYyBor', 410, 'Rock', '2013-05-09', 275, 'https://picsum.photos/id/213/200/200');
INSERT INTO SONGS (song_id, album_id, title, duration, genre, release_date, popularity_rank, image) VALUES (126, 111, 'Song sBVgdAWnm4', 146, 'Country', '2021-07-25', 104, 'https://picsum.photos/id/213/200/200');
INSERT INTO SONGS (song_id, album_id, title, duration, genre, release_date, popularity_rank, image) VALUES (127, 148, 'Song OFq0ZJoV0a', 200, 'Jazz', '2013-06-30', 497, 'https://picsum.photos/id/272/200/200');
INSERT INTO SONGS (song_id, album_id, title, duration, genre, release_date, popularity_rank, image) VALUES (128, 200, 'Song v7LXEdp9KU', 140, 'Dance', '2019-07-29', 401, 'https://picsum.photos/id/236/200/200');
INSERT INTO SONGS (song_id, album_id, title, duration, genre, release_date, popularity_rank, image) VALUES (129, 169, 'Song UVUtmlQJIy', 377, 'R&B', '2017-11-27', 466, 'https://picsum.photos/id/221/200/200');
INSERT INTO SONGS (song_id, album_id, title, duration, genre, release_date, popularity_rank, image) VALUES (130, 179, 'Song JY6OrNRraR', 258, 'Rock', '2013-09-28', 485, 'https://picsum.photos/id/238/200/200');
INSERT INTO SONGS (song_id, album_id, title, duration, genre, release_date, popularity_rank, image) VALUES (131, 183, 'Song n4z1Z7p4Oh', 208, 'Classical', '2017-12-06', 267, 'https://picsum.photos/id/292/200/200');
INSERT INTO SONGS (song_id, album_id, title, duration, genre, release_date, popularity_rank, image) VALUES (132, 33, 'Song zgjRhbwLGa', 468, 'Metal', '2009-02-19', 621, 'https://picsum.photos/id/228/200/200');
INSERT INTO SONGS (song_id, album_id, title, duration, genre, release_date, popularity_rank, image) VALUES (133, 184, 'Song jQ6AbUkNcp', 259, 'Jazz', '2013-10-14', 535, 'https://picsum.photos/id/246/200/200');
INSERT INTO SONGS (song_id, album_id, title, duration, genre, release_date, popularity_rank, image) VALUES (134, 132, 'Song emjyaBp52P', 262, 'R&B', '2012-05-26', 113, 'https://picsum.photos/id/252/200/200');
INSERT INTO SONGS (song_id, album_id, title, duration, genre, release_date, popularity_rank, image) VALUES (135, 49, 'Song twQO4dzWiY', 428, 'Pop', '2015-03-07', 846, 'https://picsum.photos/id/273/200/200');
INSERT INTO SONGS (song_id, album_id, title, duration, genre, release_date, popularity_rank, image) VALUES (136, 166, 'Song w4mNbyXye6', 237, 'Dance', '2010-02-06', 80, 'https://picsum.photos/id/251/200/200');
INSERT INTO SONGS (song_id, album_id, title, duration, genre, release_date, popularity_rank, image) VALUES (137, 41, 'Song VLR6MFT4le', 287, 'Alternative', '2013-10-29', 453, 'https://picsum.photos/id/226/200/200');
INSERT INTO SONGS (song_id, album_id, title, duration, genre, release_date, popularity_rank, image) VALUES (138, 185, 'Song d3x8fayRQq', 392, 'Electronic', '2019-04-29', 564, 'https://picsum.photos/id/226/200/200');
INSERT INTO SONGS (song_id, album_id, title, duration, genre, release_date, popularity_rank, image) VALUES (139, 134, 'Song GBXGOMJQZ6', 268, 'Reggae', '2020-05-07', 847, 'https://picsum.photos/id/296/200/200');
INSERT INTO SONGS (song_id, album_id, title, duration, genre, release_date, popularity_rank, image) VALUES (140, 33, 'Song hFHt7rBKAn', 268, 'Electronic', '2009-04-20', 661, 'https://picsum.photos/id/278/200/200');
INSERT INTO SONGS (song_id, album_id, title, duration, genre, release_date, popularity_rank, image) VALUES (141, 81, 'Song ol3w6J9ctM', 227, 'Dance', '2021-02-09', 579, 'https://picsum.photos/id/260/200/200');
INSERT INTO SONGS (song_id, album_id, title, duration, genre, release_date, popularity_rank, image) VALUES (142, 62, 'Song rf95tyUFmJ', 233, 'Folk', '2011-10-11', 510, 'https://picsum.photos/id/243/200/200');
INSERT INTO SONGS (song_id, album_id, title, duration, genre, release_date, popularity_rank, image) VALUES (143, 136, 'Song b0MAYYjJDO', 449, 'Indie', '2024-02-05', 208, 'https://picsum.photos/id/296/200/200');
INSERT INTO SONGS (song_id, album_id, title, duration, genre, release_date, popularity_rank, image) VALUES (144, 163, 'Song mT7gU3SaHh', 192, 'Hip Hop', '2023-03-22', 804, 'https://picsum.photos/id/279/200/200');
INSERT INTO SONGS (song_id, album_id, title, duration, genre, release_date, popularity_rank, image) VALUES (145, 17, 'Song 5dKb7mLy8f', 172, 'Jazz', '2019-03-18', 204, 'https://picsum.photos/id/267/200/200');
INSERT INTO SONGS (song_id, album_id, title, duration, genre, release_date, popularity_rank, image) VALUES (146, 58, 'Song 1yS1e6bhug', 162, 'Reggae', '2023-04-25', 708, 'https://picsum.photos/id/278/200/200');
INSERT INTO SONGS (song_id, album_id, title, duration, genre, release_date, popularity_rank, image) VALUES (147, 86, 'Song R5hPIY834d', 414, 'Reggae', '2014-06-22', 367, 'https://picsum.photos/id/202/200/200');
INSERT INTO SONGS (song_id, album_id, title, duration, genre, release_date, popularity_rank, image) VALUES (148, 178, 'Song Rkz1J1AMQR', 364, 'Dance', '2021-10-02', 188, 'https://picsum.photos/id/252/200/200');
INSERT INTO SONGS (song_id, album_id, title, duration, genre, release_date, popularity_rank, image) VALUES (149, 175, 'Song vSQ56iHOMD', 395, 'Electronic', '2016-10-10', 799, 'https://picsum.photos/id/261/200/200');
INSERT INTO SONGS (song_id, album_id, title, duration, genre, release_date, popularity_rank, image) VALUES (150, 66, 'Song Dib7I84O7K', 413, 'Hip Hop', '2020-10-21', 137, 'https://picsum.photos/id/290/200/200');
INSERT INTO SONGS (song_id, album_id, title, duration, genre, release_date, popularity_rank, image) VALUES (151, 41, 'Song PhZra9bGFC', 442, 'Metal', '2018-04-25', 125, 'https://picsum.photos/id/272/200/200');
INSERT INTO SONGS (song_id, album_id, title, duration, genre, release_date, popularity_rank, image) VALUES (152, 99, 'Song 5hJpBh5sOq', 439, 'Country', '2023-07-18', 906, 'https://picsum.photos/id/266/200/200');
INSERT INTO SONGS (song_id, album_id, title, duration, genre, release_date, popularity_rank, image) VALUES (153, 138, 'Song i9J4byROMJ', 163, 'Pop', '2019-07-06', 716, 'https://picsum.photos/id/237/200/200');
INSERT INTO SONGS (song_id, album_id, title, duration, genre, release_date, popularity_rank, image) VALUES (154, 172, 'Song hLwqNBIVUP', 448, 'Jazz', '2022-10-14', 791, 'https://picsum.photos/id/209/200/200');
INSERT INTO SONGS (song_id, album_id, title, duration, genre, release_date, popularity_rank, image) VALUES (155, 181, 'Song 7vP4G73bws', 429, 'Blues', '2010-03-31', 315, 'https://picsum.photos/id/283/200/200');
INSERT INTO SONGS (song_id, album_id, title, duration, genre, release_date, popularity_rank, image) VALUES (156, 1, 'Song AWkkh1QNJ1', 241, 'Blues', '2015-11-12', 695, 'https://picsum.photos/id/268/200/200');
INSERT INTO SONGS (song_id, album_id, title, duration, genre, release_date, popularity_rank, image) VALUES (157, 19, 'Song hVqOLuBmZu', 134, 'Indie', '2021-04-11', 638, 'https://picsum.photos/id/264/200/200');
INSERT INTO SONGS (song_id, album_id, title, duration, genre, release_date, popularity_rank, image) VALUES (158, 187, 'Song Vol6s7L8UV', 320, 'Blues', '2022-09-18', 725, 'https://picsum.photos/id/297/200/200');
INSERT INTO SONGS (song_id, album_id, title, duration, genre, release_date, popularity_rank, image) VALUES (159, 4, 'Song a0yDr7w7lC', 295, 'Pop', '2019-12-31', 776, 'https://picsum.photos/id/228/200/200');
INSERT INTO SONGS (song_id, album_id, title, duration, genre, release_date, popularity_rank, image) VALUES (160, 144, 'Song YOrOq5zqe3', 162, 'R&B', '2022-06-21', 378, 'https://picsum.photos/id/300/200/200');
INSERT INTO SONGS (song_id, album_id, title, duration, genre, release_date, popularity_rank, image) VALUES (161, 157, 'Song JDBM6iLLxf', 213, 'Reggae', '2019-04-14', 360, 'https://picsum.photos/id/284/200/200');
INSERT INTO SONGS (song_id, album_id, title, duration, genre, release_date, popularity_rank, image) VALUES (162, 195, 'Song 1nx0s77Wrz', 302, 'Classical', '2017-10-06', 83, 'https://picsum.photos/id/284/200/200');
INSERT INTO SONGS (song_id, album_id, title, duration, genre, release_date, popularity_rank, image) VALUES (163, 13, 'Song kNJRp52bu1', 162, 'R&B', '2017-10-06', 971, 'https://picsum.photos/id/271/200/200');
INSERT INTO SONGS (song_id, album_id, title, duration, genre, release_date, popularity_rank, image) VALUES (164, 13, 'Song bfj0j0MedC', 397, 'Hip Hop', '2009-03-25', 202, 'https://picsum.photos/id/255/200/200');
INSERT INTO SONGS (song_id, album_id, title, duration, genre, release_date, popularity_rank, image) VALUES (165, 41, 'Song xQQMtJrs0b', 158, 'Pop', '2024-03-30', 257, 'https://picsum.photos/id/294/200/200');
INSERT INTO SONGS (song_id, album_id, title, duration, genre, release_date, popularity_rank, image) VALUES (166, 16, 'Song ctO3IsAVFz', 352, 'Reggae', '2019-07-01', 745, 'https://picsum.photos/id/284/200/200');
INSERT INTO SONGS (song_id, album_id, title, duration, genre, release_date, popularity_rank, image) VALUES (167, 8, 'Song S7KdJSbpCe', 389, 'Metal', '2008-07-23', 62, 'https://picsum.photos/id/227/200/200');
INSERT INTO SONGS (song_id, album_id, title, duration, genre, release_date, popularity_rank, image) VALUES (168, 114, 'Song hHwnl3wBny', 265, 'Country', '2023-09-18', 247, 'https://picsum.photos/id/264/200/200');
INSERT INTO SONGS (song_id, album_id, title, duration, genre, release_date, popularity_rank, image) VALUES (169, 40, 'Song pz7TdKooch', 264, 'Indie', '2016-03-22', 868, 'https://picsum.photos/id/290/200/200');
INSERT INTO SONGS (song_id, album_id, title, duration, genre, release_date, popularity_rank, image) VALUES (170, 7, 'Song Z4pwQl6iMS', 127, 'Dance', '2022-05-03', 4, 'https://picsum.photos/id/231/200/200');
INSERT INTO SONGS (song_id, album_id, title, duration, genre, release_date, popularity_rank, image) VALUES (171, 161, 'Song xxSYHRxt8N', 424, 'Rock', '2021-04-20', 218, 'https://picsum.photos/id/245/200/200');
INSERT INTO SONGS (song_id, album_id, title, duration, genre, release_date, popularity_rank, image) VALUES (172, 132, 'Song aJIfBbeR7J', 164, 'Blues', '2008-07-03', 562, 'https://picsum.photos/id/259/200/200');
INSERT INTO SONGS (song_id, album_id, title, duration, genre, release_date, popularity_rank, image) VALUES (173, 53, 'Song it6J2FISnh', 177, 'Country', '2020-06-10', 305, 'https://picsum.photos/id/253/200/200');
INSERT INTO SONGS (song_id, album_id, title, duration, genre, release_date, popularity_rank, image) VALUES (174, 26, 'Song AljpwCAOMJ', 407, 'R&B', '2009-02-10', 135, 'https://picsum.photos/id/235/200/200');
INSERT INTO SONGS (song_id, album_id, title, duration, genre, release_date, popularity_rank, image) VALUES (175, 66, 'Song TkK8LNRzz3', 343, 'Reggae', '2011-04-11', 78, 'https://picsum.photos/id/274/200/200');
INSERT INTO SONGS (song_id, album_id, title, duration, genre, release_date, popularity_rank, image) VALUES (176, 54, 'Song G4zP7VBHIy', 282, 'Pop', '2011-04-14', 457, 'https://picsum.photos/id/298/200/200');
INSERT INTO SONGS (song_id, album_id, title, duration, genre, release_date, popularity_rank, image) VALUES (177, 163, 'Song 9ccyWYBJv2', 444, 'Rock', '2021-01-26', 986, 'https://picsum.photos/id/288/200/200');
INSERT INTO SONGS (song_id, album_id, title, duration, genre, release_date, popularity_rank, image) VALUES (178, 16, 'Song xHaP9cJe3j', 273, 'Electronic', '2015-02-15', 727, 'https://picsum.photos/id/299/200/200');
INSERT INTO SONGS (song_id, album_id, title, duration, genre, release_date, popularity_rank, image) VALUES (179, 195, 'Song ZDmOpk8zOq', 429, 'Indie', '2012-06-04', 412, 'https://picsum.photos/id/237/200/200');
INSERT INTO SONGS (song_id, album_id, title, duration, genre, release_date, popularity_rank, image) VALUES (180, 73, 'Song u2j4gNyx64', 375, 'Metal', '2010-09-04', 520, 'https://picsum.photos/id/281/200/200');
INSERT INTO SONGS (song_id, album_id, title, duration, genre, release_date, popularity_rank, image) VALUES (181, 98, 'Song 8l2GmgZ9HF', 216, 'Dance', '2018-03-19', 10, 'https://picsum.photos/id/248/200/200');
INSERT INTO SONGS (song_id, album_id, title, duration, genre, release_date, popularity_rank, image) VALUES (182, 73, 'Song JE2mVcFSOf', 223, 'Rock', '2016-06-09', 188, 'https://picsum.photos/id/215/200/200');
INSERT INTO SONGS (song_id, album_id, title, duration, genre, release_date, popularity_rank, image) VALUES (183, 194, 'Song u8V9sCj1SP', 466, 'Metal', '2014-01-14', 298, 'https://picsum.photos/id/266/200/200');
INSERT INTO SONGS (song_id, album_id, title, duration, genre, release_date, popularity_rank, image) VALUES (184, 148, 'Song dPCJwqR69k', 389, 'Reggae', '2009-11-02', 151, 'https://picsum.photos/id/266/200/200');
INSERT INTO SONGS (song_id, album_id, title, duration, genre, release_date, popularity_rank, image) VALUES (185, 119, 'Song kIiCXOIe9m', 338, 'Electronic', '2014-07-17', 18, 'https://picsum.photos/id/226/200/200');
INSERT INTO SONGS (song_id, album_id, title, duration, genre, release_date, popularity_rank, image) VALUES (186, 158, 'Song bN08FVudW9', 270, 'Folk', '2021-09-24', 390, 'https://picsum.photos/id/298/200/200');
INSERT INTO SONGS (song_id, album_id, title, duration, genre, release_date, popularity_rank, image) VALUES (187, 74, 'Song twaijCoQCp', 321, 'Reggae', '2021-07-10', 623, 'https://picsum.photos/id/269/200/200');
INSERT INTO SONGS (song_id, album_id, title, duration, genre, release_date, popularity_rank, image) VALUES (188, 112, 'Song 3gJcXKWQ4U', 257, 'Indie', '2014-07-27', 814, 'https://picsum.photos/id/225/200/200');
INSERT INTO SONGS (song_id, album_id, title, duration, genre, release_date, popularity_rank, image) VALUES (189, 166, 'Song D2OttYuLuJ', 478, 'Country', '2023-11-14', 755, 'https://picsum.photos/id/253/200/200');
INSERT INTO SONGS (song_id, album_id, title, duration, genre, release_date, popularity_rank, image) VALUES (190, 83, 'Song kyHX5oLNTZ', 169, 'Hip Hop', '2024-03-29', 120, 'https://picsum.photos/id/261/200/200');
INSERT INTO SONGS (song_id, album_id, title, duration, genre, release_date, popularity_rank, image) VALUES (191, 70, 'Song 8Rv11K5D15', 356, 'Hip Hop', '2018-06-04', 105, 'https://picsum.photos/id/213/200/200');
INSERT INTO SONGS (song_id, album_id, title, duration, genre, release_date, popularity_rank, image) VALUES (192, 72, 'Song R4IaiVEU1p', 262, 'Folk', '2017-05-04', 155, 'https://picsum.photos/id/259/200/200');
INSERT INTO SONGS (song_id, album_id, title, duration, genre, release_date, popularity_rank, image) VALUES (193, 110, 'Song e4y2kyTx2U', 195, 'Country', '2023-11-22', 660, 'https://picsum.photos/id/288/200/200');
INSERT INTO SONGS (song_id, album_id, title, duration, genre, release_date, popularity_rank, image) VALUES (194, 14, 'Song jkPsC7dQJv', 236, 'Electronic', '2009-02-04', 170, 'https://picsum.photos/id/297/200/200');
INSERT INTO SONGS (song_id, album_id, title, duration, genre, release_date, popularity_rank, image) VALUES (195, 154, 'Song AtlNaZoWYF', 335, 'Hip Hop', '2008-08-05', 292, 'https://picsum.photos/id/298/200/200');
INSERT INTO SONGS (song_id, album_id, title, duration, genre, release_date, popularity_rank, image) VALUES (196, 91, 'Song MZq3AZvYVH', 424, 'Rock', '2013-09-14', 116, 'https://picsum.photos/id/216/200/200');
INSERT INTO SONGS (song_id, album_id, title, duration, genre, release_date, popularity_rank, image) VALUES (197, 4, 'Song 3mswCa0nuY', 461, 'Indie', '2014-05-03', 522, 'https://picsum.photos/id/243/200/200');
INSERT INTO SONGS (song_id, album_id, title, duration, genre, release_date, popularity_rank, image) VALUES (198, 21, 'Song nIiFU6iWUV', 140, 'Folk', '2011-05-03', 757, 'https://picsum.photos/id/284/200/200');
INSERT INTO SONGS (song_id, album_id, title, duration, genre, release_date, popularity_rank, image) VALUES (199, 52, 'Song Zs3uOiO1VT', 250, 'Alternative', '2019-10-10', 695, 'https://picsum.photos/id/234/200/200');
INSERT INTO SONGS (song_id, album_id, title, duration, genre, release_date, popularity_rank, image) VALUES (200, 33, 'Song Z99CpPaT1S', 441, 'Folk', '2014-01-22', 813, 'https://picsum.photos/id/211/200/200');
INSERT INTO SONGS (song_id, album_id, title, duration, genre, release_date, popularity_rank, image) VALUES (201, 100, 'Song Ob3u01LtYY', 296, 'R&B', '2023-08-05', 105, 'https://picsum.photos/id/247/200/200');
INSERT INTO SONGS (song_id, album_id, title, duration, genre, release_date, popularity_rank, image) VALUES (202, 6, 'Song njBKD3oK7S', 407, 'Reggae', '2018-02-13', 786, 'https://picsum.photos/id/269/200/200');
INSERT INTO SONGS (song_id, album_id, title, duration, genre, release_date, popularity_rank, image) VALUES (203, 32, 'Song 3yZfSqhzVl', 289, 'Alternative', '2019-11-05', 510, 'https://picsum.photos/id/282/200/200');
INSERT INTO SONGS (song_id, album_id, title, duration, genre, release_date, popularity_rank, image) VALUES (204, 164, 'Song A3C08ps9wl', 183, 'Classical', '2016-07-24', 88, 'https://picsum.photos/id/262/200/200');
INSERT INTO SONGS (song_id, album_id, title, duration, genre, release_date, popularity_rank, image) VALUES (205, 167, 'Song 0LUEG2y051', 435, 'Dance', '2022-12-03', 631, 'https://picsum.photos/id/289/200/200');
INSERT INTO SONGS (song_id, album_id, title, duration, genre, release_date, popularity_rank, image) VALUES (206, 196, 'Song sM6sGX0pEt', 123, 'Classical', '2011-02-02', 486, 'https://picsum.photos/id/254/200/200');
INSERT INTO SONGS (song_id, album_id, title, duration, genre, release_date, popularity_rank, image) VALUES (207, 97, 'Song rgpRPCFQMV', 186, 'Hip Hop', '2019-11-19', 13, 'https://picsum.photos/id/252/200/200');
INSERT INTO SONGS (song_id, album_id, title, duration, genre, release_date, popularity_rank, image) VALUES (208, 149, 'Song uGCMMCIBv9', 138, 'Classical', '2011-05-26', 340, 'https://picsum.photos/id/224/200/200');
INSERT INTO SONGS (song_id, album_id, title, duration, genre, release_date, popularity_rank, image) VALUES (209, 139, 'Song uCRxWP0I64', 257, 'Hip Hop', '2021-07-03', 583, 'https://picsum.photos/id/269/200/200');
INSERT INTO SONGS (song_id, album_id, title, duration, genre, release_date, popularity_rank, image) VALUES (210, 76, 'Song DadtOetlxX', 410, 'Indie', '2011-02-06', 897, 'https://picsum.photos/id/298/200/200');
INSERT INTO SONGS (song_id, album_id, title, duration, genre, release_date, popularity_rank, image) VALUES (211, 136, 'Song HmEbchAZYe', 430, 'Dance', '2014-01-20', 235, 'https://picsum.photos/id/241/200/200');
INSERT INTO SONGS (song_id, album_id, title, duration, genre, release_date, popularity_rank, image) VALUES (212, 132, 'Song 4mTX6tbt3p', 208, 'Hip Hop', '2024-01-13', 498, 'https://picsum.photos/id/285/200/200');
INSERT INTO SONGS (song_id, album_id, title, duration, genre, release_date, popularity_rank, image) VALUES (213, 79, 'Song VpWmIxQsD4', 201, 'Indie', '2008-02-06', 324, 'https://picsum.photos/id/237/200/200');
INSERT INTO SONGS (song_id, album_id, title, duration, genre, release_date, popularity_rank, image) VALUES (214, 44, 'Song tiMPj0qzNB', 232, 'Folk', '2024-04-02', 92, 'https://picsum.photos/id/272/200/200');
INSERT INTO SONGS (song_id, album_id, title, duration, genre, release_date, popularity_rank, image) VALUES (215, 104, 'Song aHZQWdIgmH', 385, 'Folk', '2017-02-07', 131, 'https://picsum.photos/id/238/200/200');
INSERT INTO SONGS (song_id, album_id, title, duration, genre, release_date, popularity_rank, image) VALUES (216, 180, 'Song nHCufVm3fa', 347, 'Blues', '2024-01-17', 844, 'https://picsum.photos/id/242/200/200');
INSERT INTO SONGS (song_id, album_id, title, duration, genre, release_date, popularity_rank, image) VALUES (217, 97, 'Song us0rldJVou', 443, 'Metal', '2022-07-20', 484, 'https://picsum.photos/id/222/200/200');
INSERT INTO SONGS (song_id, album_id, title, duration, genre, release_date, popularity_rank, image) VALUES (218, 155, 'Song Pq07L7DZrK', 391, 'Jazz', '2012-04-18', 22, 'https://picsum.photos/id/265/200/200');
INSERT INTO SONGS (song_id, album_id, title, duration, genre, release_date, popularity_rank, image) VALUES (219, 63, 'Song tEGXKTbISu', 390, 'Indie', '2023-12-12', 635, 'https://picsum.photos/id/267/200/200');
INSERT INTO SONGS (song_id, album_id, title, duration, genre, release_date, popularity_rank, image) VALUES (220, 89, 'Song x5VoOrAhSd', 161, 'Electronic', '2023-09-13', 752, 'https://picsum.photos/id/248/200/200');
INSERT INTO SONGS (song_id, album_id, title, duration, genre, release_date, popularity_rank, image) VALUES (221, 57, 'Song IDDfSqay6z', 328, 'Jazz', '2012-03-02', 622, 'https://picsum.photos/id/210/200/200');
INSERT INTO SONGS (song_id, album_id, title, duration, genre, release_date, popularity_rank, image) VALUES (222, 176, 'Song FVjePBwzp5', 347, 'Pop', '2018-07-12', 414, 'https://picsum.photos/id/217/200/200');
INSERT INTO SONGS (song_id, album_id, title, duration, genre, release_date, popularity_rank, image) VALUES (223, 26, 'Song k5PlSm3bLa', 159, 'Hip Hop', '2012-10-16', 373, 'https://picsum.photos/id/290/200/200');
INSERT INTO SONGS (song_id, album_id, title, duration, genre, release_date, popularity_rank, image) VALUES (224, 77, 'Song 4XupPckH78', 168, 'Rock', '2011-12-03', 534, 'https://picsum.photos/id/247/200/200');
INSERT INTO SONGS (song_id, album_id, title, duration, genre, release_date, popularity_rank, image) VALUES (225, 96, 'Song UGQl6yj4aP', 338, 'R&B', '2020-10-30', 158, 'https://picsum.photos/id/209/200/200');
INSERT INTO SONGS (song_id, album_id, title, duration, genre, release_date, popularity_rank, image) VALUES (226, 135, 'Song NU7r3aXT4S', 381, 'Classical', '2022-10-21', 715, 'https://picsum.photos/id/256/200/200');
INSERT INTO SONGS (song_id, album_id, title, duration, genre, release_date, popularity_rank, image) VALUES (227, 183, 'Song VDUHQIW3DH', 334, 'Electronic', '2021-02-27', 867, 'https://picsum.photos/id/300/200/200');
INSERT INTO SONGS (song_id, album_id, title, duration, genre, release_date, popularity_rank, image) VALUES (228, 156, 'Song YQUZfZlvT7', 205, 'Electronic', '2013-04-15', 364, 'https://picsum.photos/id/256/200/200');
INSERT INTO SONGS (song_id, album_id, title, duration, genre, release_date, popularity_rank, image) VALUES (229, 18, 'Song paEAVIZ9Ge', 149, 'Electronic', '2009-08-02', 294, 'https://picsum.photos/id/239/200/200');
INSERT INTO SONGS (song_id, album_id, title, duration, genre, release_date, popularity_rank, image) VALUES (230, 123, 'Song X40IqbsjLE', 451, 'Reggae', '2012-06-13', 960, 'https://picsum.photos/id/279/200/200');
INSERT INTO SONGS (song_id, album_id, title, duration, genre, release_date, popularity_rank, image) VALUES (231, 58, 'Song Od926Tyla4', 125, 'Blues', '2017-09-26', 362, 'https://picsum.photos/id/295/200/200');
INSERT INTO SONGS (song_id, album_id, title, duration, genre, release_date, popularity_rank, image) VALUES (232, 140, 'Song XG8OWWyp0G', 250, 'Rock', '2014-01-01', 66, 'https://picsum.photos/id/293/200/200');
INSERT INTO SONGS (song_id, album_id, title, duration, genre, release_date, popularity_rank, image) VALUES (233, 112, 'Song VQ0wOG1iPV', 379, 'Indie', '2017-01-15', 815, 'https://picsum.photos/id/205/200/200');
INSERT INTO SONGS (song_id, album_id, title, duration, genre, release_date, popularity_rank, image) VALUES (234, 176, 'Song S07mT7u4l6', 351, 'Rock', '2010-06-13', 20, 'https://picsum.photos/id/268/200/200');
INSERT INTO SONGS (song_id, album_id, title, duration, genre, release_date, popularity_rank, image) VALUES (235, 125, 'Song 201TRjxrUC', 315, 'Reggae', '2019-01-26', 731, 'https://picsum.photos/id/277/200/200');
INSERT INTO SONGS (song_id, album_id, title, duration, genre, release_date, popularity_rank, image) VALUES (236, 9, 'Song wlihmtflr5', 251, 'Folk', '2015-09-07', 516, 'https://picsum.photos/id/218/200/200');
INSERT INTO SONGS (song_id, album_id, title, duration, genre, release_date, popularity_rank, image) VALUES (237, 90, 'Song 0RRKdj2rch', 298, 'Indie', '2018-06-21', 779, 'https://picsum.photos/id/291/200/200');
INSERT INTO SONGS (song_id, album_id, title, duration, genre, release_date, popularity_rank, image) VALUES (238, 116, 'Song GpqycykZXO', 363, 'Dance', '2017-06-11', 11, 'https://picsum.photos/id/262/200/200');
INSERT INTO SONGS (song_id, album_id, title, duration, genre, release_date, popularity_rank, image) VALUES (239, 179, 'Song mETFwRueze', 188, 'Hip Hop', '2010-10-04', 859, 'https://picsum.photos/id/291/200/200');
INSERT INTO SONGS (song_id, album_id, title, duration, genre, release_date, popularity_rank, image) VALUES (240, 43, 'Song SYJ1mLwoeT', 338, 'Rock', '2017-01-23', 137, 'https://picsum.photos/id/222/200/200');
INSERT INTO SONGS (song_id, album_id, title, duration, genre, release_date, popularity_rank, image) VALUES (241, 21, 'Song rgROvI8KRf', 189, 'Alternative', '2016-04-02', 68, 'https://picsum.photos/id/237/200/200');
INSERT INTO SONGS (song_id, album_id, title, duration, genre, release_date, popularity_rank, image) VALUES (242, 30, 'Song rx4uCeSsvP', 127, 'Alternative', '2011-10-23', 639, 'https://picsum.photos/id/217/200/200');
INSERT INTO SONGS (song_id, album_id, title, duration, genre, release_date, popularity_rank, image) VALUES (243, 46, 'Song 0orrySknHC', 362, 'R&B', '2013-02-10', 293, 'https://picsum.photos/id/228/200/200');
INSERT INTO SONGS (song_id, album_id, title, duration, genre, release_date, popularity_rank, image) VALUES (244, 64, 'Song SlqF7f8hYL', 462, 'Blues', '2010-12-05', 8, 'https://picsum.photos/id/282/200/200');
INSERT INTO SONGS (song_id, album_id, title, duration, genre, release_date, popularity_rank, image) VALUES (245, 160, 'Song irWg4vnT0p', 416, 'Hip Hop', '2016-11-08', 543, 'https://picsum.photos/id/228/200/200');
INSERT INTO SONGS (song_id, album_id, title, duration, genre, release_date, popularity_rank, image) VALUES (246, 191, 'Song 9BdGyJeFsQ', 347, 'Reggae', '2015-05-05', 988, 'https://picsum.photos/id/209/200/200');
INSERT INTO SONGS (song_id, album_id, title, duration, genre, release_date, popularity_rank, image) VALUES (247, 123, 'Song J8G18sToVN', 354, 'R&B', '2014-12-21', 543, 'https://picsum.photos/id/277/200/200');
INSERT INTO SONGS (song_id, album_id, title, duration, genre, release_date, popularity_rank, image) VALUES (248, 68, 'Song 5awoiu1Yk6', 183, 'Electronic', '2009-07-21', 364, 'https://picsum.photos/id/206/200/200');
INSERT INTO SONGS (song_id, album_id, title, duration, genre, release_date, popularity_rank, image) VALUES (249, 158, 'Song wRitMNfmPm', 392, 'Classical', '2021-10-17', 645, 'https://picsum.photos/id/300/200/200');
INSERT INTO SONGS (song_id, album_id, title, duration, genre, release_date, popularity_rank, image) VALUES (250, 119, 'Song kW9rTqAalF', 240, 'Dance', '2017-11-14', 87, 'https://picsum.photos/id/231/200/200');
INSERT INTO SONGS (song_id, album_id, title, duration, genre, release_date, popularity_rank, image) VALUES (251, 64, 'Song H83pFqtaQD', 172, 'Dance', '2018-05-19', 198, 'https://picsum.photos/id/296/200/200');
INSERT INTO SONGS (song_id, album_id, title, duration, genre, release_date, popularity_rank, image) VALUES (252, 36, 'Song i5kikNlfii', 304, 'Pop', '2015-12-20', 192, 'https://picsum.photos/id/271/200/200');
INSERT INTO SONGS (song_id, album_id, title, duration, genre, release_date, popularity_rank, image) VALUES (253, 15, 'Song 9T50TCbCcG', 397, 'Dance', '2015-06-30', 720, 'https://picsum.photos/id/245/200/200');
INSERT INTO SONGS (song_id, album_id, title, duration, genre, release_date, popularity_rank, image) VALUES (254, 35, 'Song nnr1IlqXui', 419, 'Dance', '2013-12-19', 995, 'https://picsum.photos/id/269/200/200');
INSERT INTO SONGS (song_id, album_id, title, duration, genre, release_date, popularity_rank, image) VALUES (255, 160, 'Song yns6loEUrc', 391, 'Pop', '2015-12-19', 680, 'https://picsum.photos/id/275/200/200');
INSERT INTO SONGS (song_id, album_id, title, duration, genre, release_date, popularity_rank, image) VALUES (256, 104, 'Song Y2j0MR60H6', 361, 'Indie', '2008-02-14', 940, 'https://picsum.photos/id/220/200/200');
INSERT INTO SONGS (song_id, album_id, title, duration, genre, release_date, popularity_rank, image) VALUES (257, 150, 'Song ySeKVyZ2YR', 431, 'Indie', '2016-07-14', 132, 'https://picsum.photos/id/212/200/200');
INSERT INTO SONGS (song_id, album_id, title, duration, genre, release_date, popularity_rank, image) VALUES (258, 189, 'Song svwKvQruuH', 142, 'Classical', '2010-12-23', 98, 'https://picsum.photos/id/262/200/200');
INSERT INTO SONGS (song_id, album_id, title, duration, genre, release_date, popularity_rank, image) VALUES (259, 149, 'Song ZuegALYYsU', 165, 'Reggae', '2023-05-25', 922, 'https://picsum.photos/id/252/200/200');
INSERT INTO SONGS (song_id, album_id, title, duration, genre, release_date, popularity_rank, image) VALUES (260, 111, 'Song yzFfo4DTnW', 428, 'Electronic', '2023-05-08', 950, 'https://picsum.photos/id/254/200/200');
INSERT INTO SONGS (song_id, album_id, title, duration, genre, release_date, popularity_rank, image) VALUES (261, 91, 'Song NIsp84ciWE', 122, 'Alternative', '2009-08-30', 762, 'https://picsum.photos/id/214/200/200');
INSERT INTO SONGS (song_id, album_id, title, duration, genre, release_date, popularity_rank, image) VALUES (262, 78, 'Song 05chIWPeZl', 381, 'Hip Hop', '2017-03-18', 208, 'https://picsum.photos/id/266/200/200');
INSERT INTO SONGS (song_id, album_id, title, duration, genre, release_date, popularity_rank, image) VALUES (263, 134, 'Song U08htzW7kH', 148, 'Alternative', '2020-05-05', 945, 'https://picsum.photos/id/257/200/200');
INSERT INTO SONGS (song_id, album_id, title, duration, genre, release_date, popularity_rank, image) VALUES (264, 150, 'Song puZ68yALzE', 428, 'Metal', '2018-08-10', 18, 'https://picsum.photos/id/300/200/200');
INSERT INTO SONGS (song_id, album_id, title, duration, genre, release_date, popularity_rank, image) VALUES (265, 79, 'Song i7AFU97a1K', 255, 'Reggae', '2023-12-14', 259, 'https://picsum.photos/id/286/200/200');
INSERT INTO SONGS (song_id, album_id, title, duration, genre, release_date, popularity_rank, image) VALUES (266, 48, 'Song nwPIGA8tIq', 376, 'Hip Hop', '2022-01-08', 566, 'https://picsum.photos/id/233/200/200');
INSERT INTO SONGS (song_id, album_id, title, duration, genre, release_date, popularity_rank, image) VALUES (267, 72, 'Song lV9JDTDrQL', 318, 'Country', '2017-06-16', 715, 'https://picsum.photos/id/253/200/200');
INSERT INTO SONGS (song_id, album_id, title, duration, genre, release_date, popularity_rank, image) VALUES (268, 26, 'Song xi7Ay0Aj1P', 200, 'Pop', '2021-05-29', 968, 'https://picsum.photos/id/222/200/200');
INSERT INTO SONGS (song_id, album_id, title, duration, genre, release_date, popularity_rank, image) VALUES (269, 176, 'Song RorrMChWPj', 464, 'Metal', '2015-06-27', 758, 'https://picsum.photos/id/296/200/200');
INSERT INTO SONGS (song_id, album_id, title, duration, genre, release_date, popularity_rank, image) VALUES (270, 183, 'Song JvNHP1O4UQ', 418, 'Blues', '2021-07-05', 357, 'https://picsum.photos/id/252/200/200');
INSERT INTO SONGS (song_id, album_id, title, duration, genre, release_date, popularity_rank, image) VALUES (271, 89, 'Song Ix9yXmDMA7', 138, 'Hip Hop', '2014-01-29', 744, 'https://picsum.photos/id/203/200/200');
INSERT INTO SONGS (song_id, album_id, title, duration, genre, release_date, popularity_rank, image) VALUES (272, 151, 'Song B6VIEU4k4i', 340, 'Folk', '2019-07-06', 145, 'https://picsum.photos/id/247/200/200');
INSERT INTO SONGS (song_id, album_id, title, duration, genre, release_date, popularity_rank, image) VALUES (273, 2, 'Song nz9Pj5W12i', 369, 'Metal', '2020-06-21', 667, 'https://picsum.photos/id/268/200/200');
INSERT INTO SONGS (song_id, album_id, title, duration, genre, release_date, popularity_rank, image) VALUES (274, 36, 'Song zvJB7sPfWg', 224, 'Pop', '2016-09-06', 682, 'https://picsum.photos/id/223/200/200');
INSERT INTO SONGS (song_id, album_id, title, duration, genre, release_date, popularity_rank, image) VALUES (275, 188, 'Song DhSCH091Rs', 129, 'R&B', '2018-11-29', 29, 'https://picsum.photos/id/235/200/200');
INSERT INTO SONGS (song_id, album_id, title, duration, genre, release_date, popularity_rank, image) VALUES (276, 181, 'Song 5i0KDWYKtK', 195, 'Electronic', '2009-07-13', 588, 'https://picsum.photos/id/290/200/200');
INSERT INTO SONGS (song_id, album_id, title, duration, genre, release_date, popularity_rank, image) VALUES (277, 135, 'Song MujmZIy5jK', 125, 'Pop', '2023-07-17', 453, 'https://picsum.photos/id/268/200/200');
INSERT INTO SONGS (song_id, album_id, title, duration, genre, release_date, popularity_rank, image) VALUES (278, 70, 'Song noTZlxU3Hm', 453, 'Folk', '2017-12-27', 848, 'https://picsum.photos/id/272/200/200');
INSERT INTO SONGS (song_id, album_id, title, duration, genre, release_date, popularity_rank, image) VALUES (279, 145, 'Song 6NPEHqhghZ', 122, 'Dance', '2014-11-10', 625, 'https://picsum.photos/id/279/200/200');
INSERT INTO SONGS (song_id, album_id, title, duration, genre, release_date, popularity_rank, image) VALUES (280, 51, 'Song DcXov4YZ5e', 234, 'Reggae', '2017-06-20', 310, 'https://picsum.photos/id/203/200/200');
INSERT INTO SONGS (song_id, album_id, title, duration, genre, release_date, popularity_rank, image) VALUES (281, 23, 'Song O5RoPZDpo1', 136, 'Indie', '2021-02-08', 320, 'https://picsum.photos/id/242/200/200');
INSERT INTO SONGS (song_id, album_id, title, duration, genre, release_date, popularity_rank, image) VALUES (282, 169, 'Song RtYJCXJWRP', 315, 'Hip Hop', '2009-12-28', 211, 'https://picsum.photos/id/252/200/200');
INSERT INTO SONGS (song_id, album_id, title, duration, genre, release_date, popularity_rank, image) VALUES (283, 50, 'Song QxCLVhQe5e', 124, 'Reggae', '2013-07-08', 64, 'https://picsum.photos/id/243/200/200');
INSERT INTO SONGS (song_id, album_id, title, duration, genre, release_date, popularity_rank, image) VALUES (284, 195, 'Song rCE00KrrIy', 343, 'Hip Hop', '2014-11-12', 366, 'https://picsum.photos/id/282/200/200');
INSERT INTO SONGS (song_id, album_id, title, duration, genre, release_date, popularity_rank, image) VALUES (285, 162, 'Song CTBet1EZzT', 368, 'Alternative', '2020-03-15', 614, 'https://picsum.photos/id/203/200/200');
INSERT INTO SONGS (song_id, album_id, title, duration, genre, release_date, popularity_rank, image) VALUES (286, 34, 'Song t7OkMSTnzs', 237, 'Indie', '2015-10-26', 445, 'https://picsum.photos/id/239/200/200');
INSERT INTO SONGS (song_id, album_id, title, duration, genre, release_date, popularity_rank, image) VALUES (287, 188, 'Song jFrpwttkFg', 182, 'Jazz', '2008-04-21', 797, 'https://picsum.photos/id/228/200/200');
INSERT INTO SONGS (song_id, album_id, title, duration, genre, release_date, popularity_rank, image) VALUES (288, 76, 'Song Jo0ubH4gCB', 386, 'Rock', '2019-03-26', 473, 'https://picsum.photos/id/212/200/200');
INSERT INTO SONGS (song_id, album_id, title, duration, genre, release_date, popularity_rank, image) VALUES (289, 69, 'Song IE6QOH5sFp', 156, 'Alternative', '2019-06-05', 947, 'https://picsum.photos/id/243/200/200');
INSERT INTO SONGS (song_id, album_id, title, duration, genre, release_date, popularity_rank, image) VALUES (290, 162, 'Song KgHwDGSTmE', 146, 'Metal', '2012-05-12', 360, 'https://picsum.photos/id/255/200/200');
INSERT INTO SONGS (song_id, album_id, title, duration, genre, release_date, popularity_rank, image) VALUES (291, 93, 'Song r6ppDulCCK', 130, 'Pop', '2013-04-02', 734, 'https://picsum.photos/id/216/200/200');
INSERT INTO SONGS (song_id, album_id, title, duration, genre, release_date, popularity_rank, image) VALUES (292, 64, 'Song oeys0pyOjY', 382, 'Country', '2010-05-02', 558, 'https://picsum.photos/id/253/200/200');
INSERT INTO SONGS (song_id, album_id, title, duration, genre, release_date, popularity_rank, image) VALUES (293, 200, 'Song UMq5SnQxiW', 450, 'Hip Hop', '2008-11-24', 675, 'https://picsum.photos/id/231/200/200');
INSERT INTO SONGS (song_id, album_id, title, duration, genre, release_date, popularity_rank, image) VALUES (294, 160, 'Song JXMHJrVYeY', 202, 'Electronic', '2014-06-01', 286, 'https://picsum.photos/id/230/200/200');
INSERT INTO SONGS (song_id, album_id, title, duration, genre, release_date, popularity_rank, image) VALUES (295, 84, 'Song 0ZvJ5Bjr5b', 472, 'Reggae', '2016-02-17', 496, 'https://picsum.photos/id/216/200/200');
INSERT INTO SONGS (song_id, album_id, title, duration, genre, release_date, popularity_rank, image) VALUES (296, 79, 'Song ocVJC9dfoO', 233, 'Pop', '2012-10-23', 717, 'https://picsum.photos/id/290/200/200');
INSERT INTO SONGS (song_id, album_id, title, duration, genre, release_date, popularity_rank, image) VALUES (297, 125, 'Song bdNOndiVbY', 335, 'Pop', '2022-04-30', 781, 'https://picsum.photos/id/295/200/200');
INSERT INTO SONGS (song_id, album_id, title, duration, genre, release_date, popularity_rank, image) VALUES (298, 29, 'Song IYUKxzHwLn', 304, 'Folk', '2010-03-06', 390, 'https://picsum.photos/id/216/200/200');
INSERT INTO SONGS (song_id, album_id, title, duration, genre, release_date, popularity_rank, image) VALUES (299, 140, 'Song i6Ai570J7B', 263, 'Metal', '2018-06-29', 631, 'https://picsum.photos/id/213/200/200');
INSERT INTO SONGS (song_id, album_id, title, duration, genre, release_date, popularity_rank, image) VALUES (300, 156, 'Song QgfeFKTtKE', 144, 'Pop', '2018-08-20', 562, 'https://picsum.photos/id/247/200/200');
INSERT INTO SONGS (song_id, album_id, title, duration, genre, release_date, popularity_rank, image) VALUES (301, 6, 'Song b6Z01Qnkli', 291, 'Country', '2018-10-11', 512, 'https://picsum.photos/id/237/200/200');
INSERT INTO SONGS (song_id, album_id, title, duration, genre, release_date, popularity_rank, image) VALUES (302, 28, 'Song 1sNRWrfrme', 439, 'Alternative', '2013-09-25', 140, 'https://picsum.photos/id/278/200/200');
INSERT INTO SONGS (song_id, album_id, title, duration, genre, release_date, popularity_rank, image) VALUES (303, 142, 'Song Nxswsrri4c', 419, 'Dance', '2009-11-25', 700, 'https://picsum.photos/id/269/200/200');
INSERT INTO SONGS (song_id, album_id, title, duration, genre, release_date, popularity_rank, image) VALUES (304, 21, 'Song XZL8QJFubr', 237, 'Indie', '2022-05-13', 570, 'https://picsum.photos/id/290/200/200');
INSERT INTO SONGS (song_id, album_id, title, duration, genre, release_date, popularity_rank, image) VALUES (305, 36, 'Song JdG05MUkj5', 321, 'Pop', '2012-12-05', 990, 'https://picsum.photos/id/202/200/200');
INSERT INTO SONGS (song_id, album_id, title, duration, genre, release_date, popularity_rank, image) VALUES (306, 63, 'Song 3oqUCx7GO6', 241, 'Hip Hop', '2019-06-13', 810, 'https://picsum.photos/id/231/200/200');
INSERT INTO SONGS (song_id, album_id, title, duration, genre, release_date, popularity_rank, image) VALUES (307, 157, 'Song Ke5tl9pdLX', 462, 'Reggae', '2010-02-08', 165, 'https://picsum.photos/id/263/200/200');
INSERT INTO SONGS (song_id, album_id, title, duration, genre, release_date, popularity_rank, image) VALUES (308, 69, 'Song v8HfNeug9b', 449, 'Jazz', '2012-10-11', 980, 'https://picsum.photos/id/299/200/200');
INSERT INTO SONGS (song_id, album_id, title, duration, genre, release_date, popularity_rank, image) VALUES (309, 58, 'Song Q1mcEB2ON3', 362, 'Jazz', '2017-06-20', 554, 'https://picsum.photos/id/253/200/200');
INSERT INTO SONGS (song_id, album_id, title, duration, genre, release_date, popularity_rank, image) VALUES (310, 46, 'Song 0c8FQKev1m', 391, 'Blues', '2020-02-11', 827, 'https://picsum.photos/id/253/200/200');
INSERT INTO SONGS (song_id, album_id, title, duration, genre, release_date, popularity_rank, image) VALUES (311, 131, 'Song gecQhj9RZa', 374, 'Rock', '2018-03-03', 76, 'https://picsum.photos/id/214/200/200');
INSERT INTO SONGS (song_id, album_id, title, duration, genre, release_date, popularity_rank, image) VALUES (312, 83, 'Song DarhwhBq7c', 148, 'Hip Hop', '2014-01-08', 253, 'https://picsum.photos/id/262/200/200');
INSERT INTO SONGS (song_id, album_id, title, duration, genre, release_date, popularity_rank, image) VALUES (313, 162, 'Song Hc35U59bZ8', 294, 'R&B', '2014-03-09', 528, 'https://picsum.photos/id/296/200/200');
INSERT INTO SONGS (song_id, album_id, title, duration, genre, release_date, popularity_rank, image) VALUES (314, 71, 'Song KGzQCGflv1', 427, 'R&B', '2014-04-22', 491, 'https://picsum.photos/id/246/200/200');
INSERT INTO SONGS (song_id, album_id, title, duration, genre, release_date, popularity_rank, image) VALUES (315, 129, 'Song qIpnwwJ5yj', 261, 'Electronic', '2011-09-19', 949, 'https://picsum.photos/id/295/200/200');
INSERT INTO SONGS (song_id, album_id, title, duration, genre, release_date, popularity_rank, image) VALUES (316, 91, 'Song VmPYbkWCr2', 357, 'Electronic', '2014-02-02', 373, 'https://picsum.photos/id/228/200/200');
INSERT INTO SONGS (song_id, album_id, title, duration, genre, release_date, popularity_rank, image) VALUES (317, 80, 'Song K9FoVTCBON', 399, 'Jazz', '2020-06-12', 946, 'https://picsum.photos/id/237/200/200');
INSERT INTO SONGS (song_id, album_id, title, duration, genre, release_date, popularity_rank, image) VALUES (318, 30, 'Song Q2KBkx3hqV', 446, 'Jazz', '2014-07-27', 428, 'https://picsum.photos/id/286/200/200');
INSERT INTO SONGS (song_id, album_id, title, duration, genre, release_date, popularity_rank, image) VALUES (319, 63, 'Song quqT8JsFZ1', 300, 'Hip Hop', '2014-02-03', 289, 'https://picsum.photos/id/271/200/200');
INSERT INTO SONGS (song_id, album_id, title, duration, genre, release_date, popularity_rank, image) VALUES (320, 143, 'Song qGyPBePETr', 140, 'Alternative', '2022-06-24', 68, 'https://picsum.photos/id/272/200/200');
INSERT INTO SONGS (song_id, album_id, title, duration, genre, release_date, popularity_rank, image) VALUES (321, 164, 'Song fqrCltgUKK', 190, 'Dance', '2012-11-21', 860, 'https://picsum.photos/id/272/200/200');
INSERT INTO SONGS (song_id, album_id, title, duration, genre, release_date, popularity_rank, image) VALUES (322, 36, 'Song 4YFMRlw26q', 213, 'Country', '2008-07-21', 732, 'https://picsum.photos/id/252/200/200');
INSERT INTO SONGS (song_id, album_id, title, duration, genre, release_date, popularity_rank, image) VALUES (323, 136, 'Song XNUie4tt8y', 203, 'Hip Hop', '2020-08-23', 61, 'https://picsum.photos/id/259/200/200');
INSERT INTO SONGS (song_id, album_id, title, duration, genre, release_date, popularity_rank, image) VALUES (324, 95, 'Song qijs40X9l7', 164, 'Hip Hop', '2011-10-19', 536, 'https://picsum.photos/id/293/200/200');
INSERT INTO SONGS (song_id, album_id, title, duration, genre, release_date, popularity_rank, image) VALUES (325, 49, 'Song WRrwPiQIUJ', 134, 'Indie', '2024-04-03', 863, 'https://picsum.photos/id/237/200/200');
INSERT INTO SONGS (song_id, album_id, title, duration, genre, release_date, popularity_rank, image) VALUES (326, 123, 'Song pcMLqrgBvU', 412, 'R&B', '2017-11-01', 828, 'https://picsum.photos/id/225/200/200');
INSERT INTO SONGS (song_id, album_id, title, duration, genre, release_date, popularity_rank, image) VALUES (327, 108, 'Song lAj48v8IW7', 455, 'Dance', '2010-03-16', 445, 'https://picsum.photos/id/271/200/200');
INSERT INTO SONGS (song_id, album_id, title, duration, genre, release_date, popularity_rank, image) VALUES (328, 72, 'Song jsbFfXzoV8', 475, 'Folk', '2011-05-13', 147, 'https://picsum.photos/id/256/200/200');
INSERT INTO SONGS (song_id, album_id, title, duration, genre, release_date, popularity_rank, image) VALUES (329, 141, 'Song h6CN055hoL', 452, 'Hip Hop', '2017-05-06', 477, 'https://picsum.photos/id/221/200/200');
INSERT INTO SONGS (song_id, album_id, title, duration, genre, release_date, popularity_rank, image) VALUES (330, 130, 'Song TyyYytSy5m', 311, 'Hip Hop', '2021-05-10', 370, 'https://picsum.photos/id/294/200/200');
INSERT INTO SONGS (song_id, album_id, title, duration, genre, release_date, popularity_rank, image) VALUES (331, 79, 'Song 0K6qTGbDUK', 479, 'Dance', '2015-06-11', 8, 'https://picsum.photos/id/225/200/200');
INSERT INTO SONGS (song_id, album_id, title, duration, genre, release_date, popularity_rank, image) VALUES (332, 66, 'Song MgNqiAbVY1', 304, 'Electronic', '2015-09-05', 193, 'https://picsum.photos/id/240/200/200');
INSERT INTO SONGS (song_id, album_id, title, duration, genre, release_date, popularity_rank, image) VALUES (333, 145, 'Song ldAhjVLSSK', 399, 'Jazz', '2017-12-18', 342, 'https://picsum.photos/id/248/200/200');
INSERT INTO SONGS (song_id, album_id, title, duration, genre, release_date, popularity_rank, image) VALUES (334, 122, 'Song PjkGhXt2QF', 294, 'Classical', '2015-04-03', 622, 'https://picsum.photos/id/204/200/200');
INSERT INTO SONGS (song_id, album_id, title, duration, genre, release_date, popularity_rank, image) VALUES (335, 94, 'Song vpomWoDFQF', 235, 'Jazz', '2016-07-30', 961, 'https://picsum.photos/id/232/200/200');
INSERT INTO SONGS (song_id, album_id, title, duration, genre, release_date, popularity_rank, image) VALUES (336, 63, 'Song 8kPweuwMTg', 416, 'R&B', '2024-02-26', 484, 'https://picsum.photos/id/289/200/200');
INSERT INTO SONGS (song_id, album_id, title, duration, genre, release_date, popularity_rank, image) VALUES (337, 185, 'Song 5EtEEz50PE', 279, 'Alternative', '2013-05-01', 901, 'https://picsum.photos/id/288/200/200');
INSERT INTO SONGS (song_id, album_id, title, duration, genre, release_date, popularity_rank, image) VALUES (338, 5, 'Song oCerf3U2Aw', 378, 'Metal', '2022-05-01', 508, 'https://picsum.photos/id/286/200/200');
INSERT INTO SONGS (song_id, album_id, title, duration, genre, release_date, popularity_rank, image) VALUES (339, 183, 'Song 1fHKIIwunx', 148, 'Pop', '2008-01-16', 392, 'https://picsum.photos/id/265/200/200');
INSERT INTO SONGS (song_id, album_id, title, duration, genre, release_date, popularity_rank, image) VALUES (340, 188, 'Song GBQNcWEZtV', 403, 'Indie', '2018-02-18', 367, 'https://picsum.photos/id/269/200/200');
INSERT INTO SONGS (song_id, album_id, title, duration, genre, release_date, popularity_rank, image) VALUES (341, 146, 'Song SY9lFrXyhF', 307, 'Hip Hop', '2015-08-28', 826, 'https://picsum.photos/id/207/200/200');
INSERT INTO SONGS (song_id, album_id, title, duration, genre, release_date, popularity_rank, image) VALUES (342, 128, 'Song rhtjq5eIq3', 427, 'Folk', '2024-03-27', 244, 'https://picsum.photos/id/286/200/200');
INSERT INTO SONGS (song_id, album_id, title, duration, genre, release_date, popularity_rank, image) VALUES (343, 141, 'Song euQwuPkAmt', 354, 'Electronic', '2017-08-10', 748, 'https://picsum.photos/id/276/200/200');
INSERT INTO SONGS (song_id, album_id, title, duration, genre, release_date, popularity_rank, image) VALUES (344, 74, 'Song oG5MuZowZv', 205, 'Country', '2009-05-22', 862, 'https://picsum.photos/id/203/200/200');
INSERT INTO SONGS (song_id, album_id, title, duration, genre, release_date, popularity_rank, image) VALUES (345, 188, 'Song Myg8zUOt8P', 156, 'Blues', '2013-05-03', 417, 'https://picsum.photos/id/213/200/200');
INSERT INTO SONGS (song_id, album_id, title, duration, genre, release_date, popularity_rank, image) VALUES (346, 109, 'Song mLrHkn6tvY', 448, 'Rock', '2017-03-12', 581, 'https://picsum.photos/id/218/200/200');
INSERT INTO SONGS (song_id, album_id, title, duration, genre, release_date, popularity_rank, image) VALUES (347, 71, 'Song 9FSQtEX2SM', 121, 'Classical', '2022-05-04', 613, 'https://picsum.photos/id/254/200/200');
INSERT INTO SONGS (song_id, album_id, title, duration, genre, release_date, popularity_rank, image) VALUES (348, 5, 'Song r5iWkfZw84', 261, 'Reggae', '2018-11-29', 923, 'https://picsum.photos/id/250/200/200');
INSERT INTO SONGS (song_id, album_id, title, duration, genre, release_date, popularity_rank, image) VALUES (349, 119, 'Song wceoHlXCJt', 290, 'Jazz', '2014-01-01', 904, 'https://picsum.photos/id/272/200/200');
INSERT INTO SONGS (song_id, album_id, title, duration, genre, release_date, popularity_rank, image) VALUES (350, 127, 'Song kgKAAn6tGl', 203, 'Alternative', '2018-08-25', 633, 'https://picsum.photos/id/214/200/200');
INSERT INTO SONGS (song_id, album_id, title, duration, genre, release_date, popularity_rank, image) VALUES (351, 179, 'Song LZFBHVpT6T', 358, 'Pop', '2016-04-06', 725, 'https://picsum.photos/id/256/200/200');
INSERT INTO SONGS (song_id, album_id, title, duration, genre, release_date, popularity_rank, image) VALUES (352, 106, 'Song vl9ZuwE1bV', 254, 'Rock', '2021-11-06', 53, 'https://picsum.photos/id/248/200/200');
INSERT INTO SONGS (song_id, album_id, title, duration, genre, release_date, popularity_rank, image) VALUES (353, 59, 'Song 2vTGrwaFtT', 289, 'Pop', '2011-09-15', 460, 'https://picsum.photos/id/205/200/200');
INSERT INTO SONGS (song_id, album_id, title, duration, genre, release_date, popularity_rank, image) VALUES (354, 97, 'Song 8lf0yC7WZD', 318, 'Classical', '2013-12-17', 916, 'https://picsum.photos/id/201/200/200');
INSERT INTO SONGS (song_id, album_id, title, duration, genre, release_date, popularity_rank, image) VALUES (355, 147, 'Song NHgMX94Etu', 445, 'Jazz', '2023-01-17', 885, 'https://picsum.photos/id/230/200/200');
INSERT INTO SONGS (song_id, album_id, title, duration, genre, release_date, popularity_rank, image) VALUES (356, 97, 'Song 4fQ19rjhZ4', 197, 'Blues', '2008-08-21', 967, 'https://picsum.photos/id/272/200/200');
INSERT INTO SONGS (song_id, album_id, title, duration, genre, release_date, popularity_rank, image) VALUES (357, 9, 'Song qwfBScWZ8G', 425, 'Rock', '2017-03-24', 59, 'https://picsum.photos/id/291/200/200');
INSERT INTO SONGS (song_id, album_id, title, duration, genre, release_date, popularity_rank, image) VALUES (358, 157, 'Song RX5i0cwjzB', 218, 'Alternative', '2011-09-25', 163, 'https://picsum.photos/id/273/200/200');
INSERT INTO SONGS (song_id, album_id, title, duration, genre, release_date, popularity_rank, image) VALUES (359, 57, 'Song qB6v216ymy', 392, 'Folk', '2014-08-31', 639, 'https://picsum.photos/id/282/200/200');
INSERT INTO SONGS (song_id, album_id, title, duration, genre, release_date, popularity_rank, image) VALUES (360, 166, 'Song z4fOPgrR47', 387, 'Dance', '2014-07-13', 785, 'https://picsum.photos/id/254/200/200');
INSERT INTO SONGS (song_id, album_id, title, duration, genre, release_date, popularity_rank, image) VALUES (361, 99, 'Song MDwoDSsWDr', 208, 'Hip Hop', '2022-09-25', 961, 'https://picsum.photos/id/223/200/200');
INSERT INTO SONGS (song_id, album_id, title, duration, genre, release_date, popularity_rank, image) VALUES (362, 113, 'Song oHsdCrEhEH', 133, 'Rock', '2016-11-23', 628, 'https://picsum.photos/id/265/200/200');
INSERT INTO SONGS (song_id, album_id, title, duration, genre, release_date, popularity_rank, image) VALUES (363, 166, 'Song ao4F3cbt7X', 160, 'Rock', '2012-08-20', 829, 'https://picsum.photos/id/215/200/200');
INSERT INTO SONGS (song_id, album_id, title, duration, genre, release_date, popularity_rank, image) VALUES (364, 164, 'Song Tx1X0YOoWC', 360, 'Hip Hop', '2019-01-13', 333, 'https://picsum.photos/id/289/200/200');
INSERT INTO SONGS (song_id, album_id, title, duration, genre, release_date, popularity_rank, image) VALUES (365, 87, 'Song 1VL88BNBbI', 127, 'Reggae', '2018-06-25', 247, 'https://picsum.photos/id/226/200/200');
INSERT INTO SONGS (song_id, album_id, title, duration, genre, release_date, popularity_rank, image) VALUES (366, 71, 'Song 7AJ1is8xEP', 308, 'Folk', '2012-02-13', 308, 'https://picsum.photos/id/225/200/200');
INSERT INTO SONGS (song_id, album_id, title, duration, genre, release_date, popularity_rank, image) VALUES (367, 155, 'Song IhaVSd4ibZ', 223, 'Metal', '2017-03-29', 170, 'https://picsum.photos/id/226/200/200');
INSERT INTO SONGS (song_id, album_id, title, duration, genre, release_date, popularity_rank, image) VALUES (368, 136, 'Song AikEf2NnpH', 185, 'Dance', '2020-09-15', 420, 'https://picsum.photos/id/220/200/200');
INSERT INTO SONGS (song_id, album_id, title, duration, genre, release_date, popularity_rank, image) VALUES (369, 187, 'Song DN1bSCTvp3', 478, 'Folk', '2014-09-30', 129, 'https://picsum.photos/id/293/200/200');
INSERT INTO SONGS (song_id, album_id, title, duration, genre, release_date, popularity_rank, image) VALUES (370, 3, 'Song ophkWMUXWG', 324, 'Alternative', '2022-12-10', 176, 'https://picsum.photos/id/204/200/200');
INSERT INTO SONGS (song_id, album_id, title, duration, genre, release_date, popularity_rank, image) VALUES (371, 132, 'Song ooA19dAzp4', 409, 'R&B', '2023-08-18', 998, 'https://picsum.photos/id/239/200/200');
INSERT INTO SONGS (song_id, album_id, title, duration, genre, release_date, popularity_rank, image) VALUES (372, 134, 'Song HGpSPmTU22', 333, 'Pop', '2017-03-08', 770, 'https://picsum.photos/id/269/200/200');
INSERT INTO SONGS (song_id, album_id, title, duration, genre, release_date, popularity_rank, image) VALUES (373, 198, 'Song ClDPCsn78f', 293, 'Rock', '2008-10-16', 503, 'https://picsum.photos/id/251/200/200');
INSERT INTO SONGS (song_id, album_id, title, duration, genre, release_date, popularity_rank, image) VALUES (374, 26, 'Song KAkDMwzqhl', 125, 'Dance', '2009-08-16', 552, 'https://picsum.photos/id/277/200/200');
INSERT INTO SONGS (song_id, album_id, title, duration, genre, release_date, popularity_rank, image) VALUES (375, 116, 'Song RDsZtOmBM3', 121, 'Reggae', '2017-01-18', 189, 'https://picsum.photos/id/251/200/200');
INSERT INTO SONGS (song_id, album_id, title, duration, genre, release_date, popularity_rank, image) VALUES (376, 143, 'Song 7CJWAOw18Y', 336, 'Pop', '2008-01-22', 420, 'https://picsum.photos/id/251/200/200');
INSERT INTO SONGS (song_id, album_id, title, duration, genre, release_date, popularity_rank, image) VALUES (377, 103, 'Song OTQ49IWbi0', 281, 'Blues', '2018-03-09', 224, 'https://picsum.photos/id/281/200/200');
INSERT INTO SONGS (song_id, album_id, title, duration, genre, release_date, popularity_rank, image) VALUES (378, 174, 'Song Uxr0YmuU4G', 303, 'Reggae', '2021-06-09', 24, 'https://picsum.photos/id/258/200/200');
INSERT INTO SONGS (song_id, album_id, title, duration, genre, release_date, popularity_rank, image) VALUES (379, 108, 'Song tox9q2MS2b', 279, 'Dance', '2016-08-04', 360, 'https://picsum.photos/id/267/200/200');
INSERT INTO SONGS (song_id, album_id, title, duration, genre, release_date, popularity_rank, image) VALUES (380, 68, 'Song SAYwt4uNYB', 382, 'Folk', '2009-10-08', 485, 'https://picsum.photos/id/213/200/200');
INSERT INTO SONGS (song_id, album_id, title, duration, genre, release_date, popularity_rank, image) VALUES (381, 88, 'Song UItgLkF2i6', 185, 'Blues', '2017-08-27', 99, 'https://picsum.photos/id/298/200/200');
INSERT INTO SONGS (song_id, album_id, title, duration, genre, release_date, popularity_rank, image) VALUES (382, 126, 'Song UQTzt4SAPl', 363, 'Metal', '2012-03-02', 58, 'https://picsum.photos/id/251/200/200');
INSERT INTO SONGS (song_id, album_id, title, duration, genre, release_date, popularity_rank, image) VALUES (383, 182, 'Song ibM5bG1VIj', 343, 'Electronic', '2014-01-06', 384, 'https://picsum.photos/id/252/200/200');
INSERT INTO SONGS (song_id, album_id, title, duration, genre, release_date, popularity_rank, image) VALUES (384, 70, 'Song m98AEw6616', 158, 'Dance', '2023-05-01', 422, 'https://picsum.photos/id/289/200/200');
INSERT INTO SONGS (song_id, album_id, title, duration, genre, release_date, popularity_rank, image) VALUES (385, 80, 'Song OmP61ALL1L', 440, 'Country', '2023-10-24', 38, 'https://picsum.photos/id/214/200/200');
INSERT INTO SONGS (song_id, album_id, title, duration, genre, release_date, popularity_rank, image) VALUES (386, 141, 'Song NnU4X0e5xp', 471, 'Rock', '2008-02-13', 785, 'https://picsum.photos/id/279/200/200');
INSERT INTO SONGS (song_id, album_id, title, duration, genre, release_date, popularity_rank, image) VALUES (387, 4, 'Song PUWgrgTbpm', 232, 'Blues', '2013-04-10', 136, 'https://picsum.photos/id/297/200/200');
INSERT INTO SONGS (song_id, album_id, title, duration, genre, release_date, popularity_rank, image) VALUES (388, 169, 'Song zlayJItMXR', 205, 'Metal', '2020-05-31', 151, 'https://picsum.photos/id/238/200/200');
INSERT INTO SONGS (song_id, album_id, title, duration, genre, release_date, popularity_rank, image) VALUES (389, 50, 'Song dZ4GOW1Kgp', 158, 'Hip Hop', '2008-05-06', 962, 'https://picsum.photos/id/234/200/200');
INSERT INTO SONGS (song_id, album_id, title, duration, genre, release_date, popularity_rank, image) VALUES (390, 106, 'Song HhC4ewr4tj', 151, 'Rock', '2011-04-08', 252, 'https://picsum.photos/id/298/200/200');
INSERT INTO SONGS (song_id, album_id, title, duration, genre, release_date, popularity_rank, image) VALUES (391, 140, 'Song RkbH6eh1AY', 345, 'Folk', '2019-02-27', 717, 'https://picsum.photos/id/223/200/200');
INSERT INTO SONGS (song_id, album_id, title, duration, genre, release_date, popularity_rank, image) VALUES (392, 168, 'Song 9d7QPPqyBe', 471, 'Reggae', '2021-07-27', 485, 'https://picsum.photos/id/276/200/200');
INSERT INTO SONGS (song_id, album_id, title, duration, genre, release_date, popularity_rank, image) VALUES (393, 13, 'Song Cy3OE7Q5vj', 356, 'Country', '2008-01-08', 242, 'https://picsum.photos/id/260/200/200');
INSERT INTO SONGS (song_id, album_id, title, duration, genre, release_date, popularity_rank, image) VALUES (394, 88, 'Song RtZ3tUwkD3', 312, 'Country', '2019-06-21', 27, 'https://picsum.photos/id/263/200/200');
INSERT INTO SONGS (song_id, album_id, title, duration, genre, release_date, popularity_rank, image) VALUES (395, 40, 'Song rbfIlVH7FV', 416, 'Reggae', '2016-05-22', 439, 'https://picsum.photos/id/273/200/200');
INSERT INTO SONGS (song_id, album_id, title, duration, genre, release_date, popularity_rank, image) VALUES (396, 24, 'Song g5JHFgUD42', 472, 'Rock', '2022-12-12', 26, 'https://picsum.photos/id/273/200/200');
INSERT INTO SONGS (song_id, album_id, title, duration, genre, release_date, popularity_rank, image) VALUES (397, 12, 'Song xVyAOrwCS0', 182, 'R&B', '2012-05-25', 571, 'https://picsum.photos/id/250/200/200');
INSERT INTO SONGS (song_id, album_id, title, duration, genre, release_date, popularity_rank, image) VALUES (398, 125, 'Song coywFhxUV7', 166, 'R&B', '2011-01-24', 910, 'https://picsum.photos/id/223/200/200');
INSERT INTO SONGS (song_id, album_id, title, duration, genre, release_date, popularity_rank, image) VALUES (399, 1, 'Song M0JtNvQdtr', 145, 'Reggae', '2011-06-07', 455, 'https://picsum.photos/id/264/200/200');
INSERT INTO SONGS (song_id, album_id, title, duration, genre, release_date, popularity_rank, image) VALUES (400, 198, 'Song UIIbwGqn9H', 379, 'Classical', '2015-02-15', 530, 'https://picsum.photos/id/248/200/200');
INSERT INTO SONGS (song_id, album_id, title, duration, genre, release_date, popularity_rank, image) VALUES (401, 180, 'Song HRDOdbl72p', 185, 'Metal', '2017-06-28', 181, 'https://picsum.photos/id/282/200/200');
INSERT INTO SONGS (song_id, album_id, title, duration, genre, release_date, popularity_rank, image) VALUES (402, 190, 'Song mTVeShSdtH', 227, 'Alternative', '2018-06-29', 311, 'https://picsum.photos/id/284/200/200');
INSERT INTO SONGS (song_id, album_id, title, duration, genre, release_date, popularity_rank, image) VALUES (403, 162, 'Song OY07yfq07L', 369, 'Folk', '2023-03-06', 626, 'https://picsum.photos/id/271/200/200');
INSERT INTO SONGS (song_id, album_id, title, duration, genre, release_date, popularity_rank, image) VALUES (404, 94, 'Song ugjDIlQedK', 260, 'Jazz', '2021-03-31', 872, 'https://picsum.photos/id/282/200/200');
INSERT INTO SONGS (song_id, album_id, title, duration, genre, release_date, popularity_rank, image) VALUES (405, 53, 'Song JVV21xQpLc', 339, 'Hip Hop', '2013-08-05', 952, 'https://picsum.photos/id/271/200/200');
INSERT INTO SONGS (song_id, album_id, title, duration, genre, release_date, popularity_rank, image) VALUES (406, 102, 'Song 3EKSP2wGUR', 345, 'Electronic', '2019-10-21', 164, 'https://picsum.photos/id/224/200/200');
INSERT INTO SONGS (song_id, album_id, title, duration, genre, release_date, popularity_rank, image) VALUES (407, 107, 'Song MR2F7OgrGH', 386, 'Folk', '2009-06-11', 273, 'https://picsum.photos/id/226/200/200');
INSERT INTO SONGS (song_id, album_id, title, duration, genre, release_date, popularity_rank, image) VALUES (408, 139, 'Song tb5M9hNQpY', 166, 'Blues', '2009-04-10', 132, 'https://picsum.photos/id/278/200/200');
INSERT INTO SONGS (song_id, album_id, title, duration, genre, release_date, popularity_rank, image) VALUES (409, 102, 'Song vBHcgy4U5c', 152, 'Pop', '2012-04-11', 420, 'https://picsum.photos/id/234/200/200');
INSERT INTO SONGS (song_id, album_id, title, duration, genre, release_date, popularity_rank, image) VALUES (410, 5, 'Song I6GONpGcgU', 464, 'Pop', '2017-07-08', 601, 'https://picsum.photos/id/254/200/200');
INSERT INTO SONGS (song_id, album_id, title, duration, genre, release_date, popularity_rank, image) VALUES (411, 180, 'Song m6fLkEwLmu', 315, 'Hip Hop', '2022-08-16', 33, 'https://picsum.photos/id/232/200/200');
INSERT INTO SONGS (song_id, album_id, title, duration, genre, release_date, popularity_rank, image) VALUES (412, 69, 'Song 66wc251BJ8', 144, 'Indie', '2023-10-06', 519, 'https://picsum.photos/id/258/200/200');
INSERT INTO SONGS (song_id, album_id, title, duration, genre, release_date, popularity_rank, image) VALUES (413, 14, 'Song kNPgpLfStv', 322, 'Country', '2015-12-06', 441, 'https://picsum.photos/id/261/200/200');
INSERT INTO SONGS (song_id, album_id, title, duration, genre, release_date, popularity_rank, image) VALUES (414, 155, 'Song SyfANqu2ma', 430, 'Metal', '2022-10-06', 259, 'https://picsum.photos/id/256/200/200');
INSERT INTO SONGS (song_id, album_id, title, duration, genre, release_date, popularity_rank, image) VALUES (415, 143, 'Song g1CnBXg0zU', 296, 'Dance', '2017-01-18', 171, 'https://picsum.photos/id/201/200/200');
INSERT INTO SONGS (song_id, album_id, title, duration, genre, release_date, popularity_rank, image) VALUES (416, 56, 'Song PFMDYUV56u', 412, 'Dance', '2013-09-25', 123, 'https://picsum.photos/id/287/200/200');
INSERT INTO SONGS (song_id, album_id, title, duration, genre, release_date, popularity_rank, image) VALUES (417, 130, 'Song DLxcxw5uDX', 277, 'Folk', '2021-12-28', 239, 'https://picsum.photos/id/221/200/200');
INSERT INTO SONGS (song_id, album_id, title, duration, genre, release_date, popularity_rank, image) VALUES (418, 68, 'Song tS1IT8SQmb', 236, 'Rock', '2016-11-09', 568, 'https://picsum.photos/id/271/200/200');
INSERT INTO SONGS (song_id, album_id, title, duration, genre, release_date, popularity_rank, image) VALUES (419, 111, 'Song aLPIzCpgp8', 155, 'Alternative', '2013-01-03', 465, 'https://picsum.photos/id/284/200/200');
INSERT INTO SONGS (song_id, album_id, title, duration, genre, release_date, popularity_rank, image) VALUES (420, 165, 'Song egs5HLZOIp', 367, 'Jazz', '2019-06-12', 388, 'https://picsum.photos/id/244/200/200');
INSERT INTO SONGS (song_id, album_id, title, duration, genre, release_date, popularity_rank, image) VALUES (421, 60, 'Song bviforaaVE', 266, 'Hip Hop', '2023-04-25', 495, 'https://picsum.photos/id/271/200/200');
INSERT INTO SONGS (song_id, album_id, title, duration, genre, release_date, popularity_rank, image) VALUES (422, 50, 'Song xx0TpISXOh', 477, 'Blues', '2019-08-23', 546, 'https://picsum.photos/id/233/200/200');
INSERT INTO SONGS (song_id, album_id, title, duration, genre, release_date, popularity_rank, image) VALUES (423, 121, 'Song fpMZwqNCRe', 262, 'Dance', '2010-07-02', 451, 'https://picsum.photos/id/202/200/200');
INSERT INTO SONGS (song_id, album_id, title, duration, genre, release_date, popularity_rank, image) VALUES (424, 187, 'Song 2vMtI9OaX5', 219, 'Reggae', '2020-04-25', 124, 'https://picsum.photos/id/240/200/200');
INSERT INTO SONGS (song_id, album_id, title, duration, genre, release_date, popularity_rank, image) VALUES (425, 57, 'Song JUqkmaLavj', 401, 'Classical', '2009-10-04', 918, 'https://picsum.photos/id/265/200/200');
INSERT INTO SONGS (song_id, album_id, title, duration, genre, release_date, popularity_rank, image) VALUES (426, 196, 'Song OMqEwK78KH', 453, 'Metal', '2018-02-18', 759, 'https://picsum.photos/id/207/200/200');
INSERT INTO SONGS (song_id, album_id, title, duration, genre, release_date, popularity_rank, image) VALUES (427, 76, 'Song F3aUKka31M', 131, 'Hip Hop', '2020-02-07', 216, 'https://picsum.photos/id/292/200/200');
INSERT INTO SONGS (song_id, album_id, title, duration, genre, release_date, popularity_rank, image) VALUES (428, 145, 'Song ipTpTkmMfd', 433, 'Indie', '2017-05-28', 350, 'https://picsum.photos/id/292/200/200');
INSERT INTO SONGS (song_id, album_id, title, duration, genre, release_date, popularity_rank, image) VALUES (429, 143, 'Song OwzP8c846o', 399, 'Classical', '2012-07-25', 758, 'https://picsum.photos/id/284/200/200');
INSERT INTO SONGS (song_id, album_id, title, duration, genre, release_date, popularity_rank, image) VALUES (430, 119, 'Song 6i5BArIJey', 399, 'Reggae', '2009-08-26', 577, 'https://picsum.photos/id/274/200/200');
INSERT INTO SONGS (song_id, album_id, title, duration, genre, release_date, popularity_rank, image) VALUES (431, 187, 'Song l5UZ1GCdrP', 373, 'Blues', '2010-09-07', 356, 'https://picsum.photos/id/227/200/200');
INSERT INTO SONGS (song_id, album_id, title, duration, genre, release_date, popularity_rank, image) VALUES (432, 33, 'Song 7jRLZ1nTj3', 369, 'Dance', '2022-11-22', 886, 'https://picsum.photos/id/209/200/200');
INSERT INTO SONGS (song_id, album_id, title, duration, genre, release_date, popularity_rank, image) VALUES (433, 198, 'Song k6n0xmfMrM', 395, 'Jazz', '2014-09-01', 339, 'https://picsum.photos/id/235/200/200');
INSERT INTO SONGS (song_id, album_id, title, duration, genre, release_date, popularity_rank, image) VALUES (434, 152, 'Song rQTrXK784D', 160, 'Country', '2008-11-15', 899, 'https://picsum.photos/id/205/200/200');
INSERT INTO SONGS (song_id, album_id, title, duration, genre, release_date, popularity_rank, image) VALUES (435, 9, 'Song SwdbTh2D91', 197, 'R&B', '2021-09-04', 37, 'https://picsum.photos/id/225/200/200');
INSERT INTO SONGS (song_id, album_id, title, duration, genre, release_date, popularity_rank, image) VALUES (436, 66, 'Song CIg5xSEK2w', 329, 'Pop', '2017-04-21', 719, 'https://picsum.photos/id/295/200/200');
INSERT INTO SONGS (song_id, album_id, title, duration, genre, release_date, popularity_rank, image) VALUES (437, 156, 'Song YPGWMUJHBc', 386, 'Blues', '2013-07-01', 794, 'https://picsum.photos/id/275/200/200');
INSERT INTO SONGS (song_id, album_id, title, duration, genre, release_date, popularity_rank, image) VALUES (438, 92, 'Song u1gqpu7NPR', 373, 'Electronic', '2015-01-07', 321, 'https://picsum.photos/id/282/200/200');
INSERT INTO SONGS (song_id, album_id, title, duration, genre, release_date, popularity_rank, image) VALUES (439, 185, 'Song djIRyy6dcj', 177, 'Hip Hop', '2021-09-23', 623, 'https://picsum.photos/id/230/200/200');
INSERT INTO SONGS (song_id, album_id, title, duration, genre, release_date, popularity_rank, image) VALUES (440, 158, 'Song lSOmnq8UxL', 450, 'R&B', '2013-09-04', 428, 'https://picsum.photos/id/251/200/200');
INSERT INTO SONGS (song_id, album_id, title, duration, genre, release_date, popularity_rank, image) VALUES (441, 94, 'Song Y9VxaxalvL', 204, 'Hip Hop', '2020-10-21', 398, 'https://picsum.photos/id/226/200/200');
INSERT INTO SONGS (song_id, album_id, title, duration, genre, release_date, popularity_rank, image) VALUES (442, 198, 'Song yDCbbmZUxt', 267, 'Classical', '2018-03-12', 232, 'https://picsum.photos/id/274/200/200');
INSERT INTO SONGS (song_id, album_id, title, duration, genre, release_date, popularity_rank, image) VALUES (443, 98, 'Song mclkEzwcVC', 182, 'Electronic', '2014-03-16', 850, 'https://picsum.photos/id/237/200/200');
INSERT INTO SONGS (song_id, album_id, title, duration, genre, release_date, popularity_rank, image) VALUES (444, 121, 'Song 3uyvZXu7eZ', 123, 'Hip Hop', '2021-04-03', 700, 'https://picsum.photos/id/265/200/200');
INSERT INTO SONGS (song_id, album_id, title, duration, genre, release_date, popularity_rank, image) VALUES (445, 191, 'Song HWRonMq9vE', 144, 'Classical', '2009-09-18', 281, 'https://picsum.photos/id/282/200/200');
INSERT INTO SONGS (song_id, album_id, title, duration, genre, release_date, popularity_rank, image) VALUES (446, 31, 'Song D34YNdMxnh', 131, 'Rock', '2017-03-19', 524, 'https://picsum.photos/id/279/200/200');
INSERT INTO SONGS (song_id, album_id, title, duration, genre, release_date, popularity_rank, image) VALUES (447, 163, 'Song YcSCS5Z10p', 454, 'Electronic', '2019-10-01', 39, 'https://picsum.photos/id/275/200/200');
INSERT INTO SONGS (song_id, album_id, title, duration, genre, release_date, popularity_rank, image) VALUES (448, 131, 'Song jNof85UYer', 252, 'Classical', '2011-06-07', 321, 'https://picsum.photos/id/289/200/200');
INSERT INTO SONGS (song_id, album_id, title, duration, genre, release_date, popularity_rank, image) VALUES (449, 29, 'Song 569GM9ldZG', 367, 'Dance', '2010-10-19', 848, 'https://picsum.photos/id/212/200/200');
INSERT INTO SONGS (song_id, album_id, title, duration, genre, release_date, popularity_rank, image) VALUES (450, 43, 'Song MfzLKnO0c3', 372, 'Country', '2024-03-30', 384, 'https://picsum.photos/id/283/200/200');
INSERT INTO SONGS (song_id, album_id, title, duration, genre, release_date, popularity_rank, image) VALUES (451, 192, 'Song WBQ81FWLe9', 219, 'Electronic', '2023-11-22', 950, 'https://picsum.photos/id/257/200/200');
INSERT INTO SONGS (song_id, album_id, title, duration, genre, release_date, popularity_rank, image) VALUES (452, 81, 'Song A1n5Cj7OKa', 374, 'Jazz', '2013-12-13', 719, 'https://picsum.photos/id/211/200/200');
INSERT INTO SONGS (song_id, album_id, title, duration, genre, release_date, popularity_rank, image) VALUES (453, 76, 'Song WJwZMKpbYg', 284, 'Country', '2020-03-10', 477, 'https://picsum.photos/id/213/200/200');
INSERT INTO SONGS (song_id, album_id, title, duration, genre, release_date, popularity_rank, image) VALUES (454, 183, 'Song wiFzbjLp1m', 444, 'Country', '2019-12-17', 40, 'https://picsum.photos/id/259/200/200');
INSERT INTO SONGS (song_id, album_id, title, duration, genre, release_date, popularity_rank, image) VALUES (455, 59, 'Song tOkZV7m3sX', 321, 'Dance', '2014-01-07', 557, 'https://picsum.photos/id/216/200/200');
INSERT INTO SONGS (song_id, album_id, title, duration, genre, release_date, popularity_rank, image) VALUES (456, 66, 'Song qBU1bIgAR0', 302, 'Electronic', '2013-05-31', 379, 'https://picsum.photos/id/209/200/200');
INSERT INTO SONGS (song_id, album_id, title, duration, genre, release_date, popularity_rank, image) VALUES (457, 28, 'Song TwDCkXNgVa', 479, 'Blues', '2008-03-20', 425, 'https://picsum.photos/id/245/200/200');
INSERT INTO SONGS (song_id, album_id, title, duration, genre, release_date, popularity_rank, image) VALUES (458, 73, 'Song ycaNkKui2a', 230, 'Pop', '2011-10-25', 4, 'https://picsum.photos/id/207/200/200');
INSERT INTO SONGS (song_id, album_id, title, duration, genre, release_date, popularity_rank, image) VALUES (459, 149, 'Song dszacku3gc', 371, 'Blues', '2010-06-10', 740, 'https://picsum.photos/id/251/200/200');
INSERT INTO SONGS (song_id, album_id, title, duration, genre, release_date, popularity_rank, image) VALUES (460, 76, 'Song 37RdJZ5v5G', 251, 'Jazz', '2011-01-24', 125, 'https://picsum.photos/id/249/200/200');
INSERT INTO SONGS (song_id, album_id, title, duration, genre, release_date, popularity_rank, image) VALUES (461, 173, 'Song TO59HB5vLF', 318, 'Folk', '2016-01-05', 886, 'https://picsum.photos/id/203/200/200');
INSERT INTO SONGS (song_id, album_id, title, duration, genre, release_date, popularity_rank, image) VALUES (462, 61, 'Song uStOyIVz1f', 311, 'Metal', '2012-04-17', 654, 'https://picsum.photos/id/251/200/200');
INSERT INTO SONGS (song_id, album_id, title, duration, genre, release_date, popularity_rank, image) VALUES (463, 117, 'Song QuRhwryoow', 268, 'Alternative', '2017-05-16', 192, 'https://picsum.photos/id/294/200/200');
INSERT INTO SONGS (song_id, album_id, title, duration, genre, release_date, popularity_rank, image) VALUES (464, 10, 'Song aAwVvpsA7w', 302, 'R&B', '2023-06-15', 977, 'https://picsum.photos/id/273/200/200');
INSERT INTO SONGS (song_id, album_id, title, duration, genre, release_date, popularity_rank, image) VALUES (465, 66, 'Song UpNqsxGbAp', 349, 'Dance', '2021-12-14', 202, 'https://picsum.photos/id/251/200/200');
INSERT INTO SONGS (song_id, album_id, title, duration, genre, release_date, popularity_rank, image) VALUES (466, 158, 'Song QF4I6gNMR9', 286, 'Electronic', '2010-01-11', 235, 'https://picsum.photos/id/298/200/200');
INSERT INTO SONGS (song_id, album_id, title, duration, genre, release_date, popularity_rank, image) VALUES (467, 123, 'Song rbErasH3iP', 456, 'Dance', '2011-10-08', 946, 'https://picsum.photos/id/266/200/200');
INSERT INTO SONGS (song_id, album_id, title, duration, genre, release_date, popularity_rank, image) VALUES (468, 19, 'Song aYYY4wONVn', 173, 'Hip Hop', '2018-12-13', 842, 'https://picsum.photos/id/273/200/200');
INSERT INTO SONGS (song_id, album_id, title, duration, genre, release_date, popularity_rank, image) VALUES (469, 108, 'Song dCk30LrSfi', 446, 'R&B', '2022-01-06', 871, 'https://picsum.photos/id/228/200/200');
INSERT INTO SONGS (song_id, album_id, title, duration, genre, release_date, popularity_rank, image) VALUES (470, 170, 'Song fZXpkcGrXy', 270, 'Pop', '2012-12-28', 121, 'https://picsum.photos/id/269/200/200');
INSERT INTO SONGS (song_id, album_id, title, duration, genre, release_date, popularity_rank, image) VALUES (471, 89, 'Song 4pwe2SV5YZ', 463, 'Blues', '2015-07-11', 575, 'https://picsum.photos/id/245/200/200');
INSERT INTO SONGS (song_id, album_id, title, duration, genre, release_date, popularity_rank, image) VALUES (472, 199, 'Song jOAhZDwnzp', 381, 'Hip Hop', '2021-09-23', 102, 'https://picsum.photos/id/225/200/200');
INSERT INTO SONGS (song_id, album_id, title, duration, genre, release_date, popularity_rank, image) VALUES (473, 101, 'Song i8N1Q83vs5', 297, 'Dance', '2022-06-24', 512, 'https://picsum.photos/id/239/200/200');
INSERT INTO SONGS (song_id, album_id, title, duration, genre, release_date, popularity_rank, image) VALUES (474, 7, 'Song e470gSlPRz', 277, 'Metal', '2015-04-17', 331, 'https://picsum.photos/id/215/200/200');
INSERT INTO SONGS (song_id, album_id, title, duration, genre, release_date, popularity_rank, image) VALUES (475, 4, 'Song Z1X8hedTuR', 312, 'R&B', '2010-04-23', 516, 'https://picsum.photos/id/209/200/200');
INSERT INTO SONGS (song_id, album_id, title, duration, genre, release_date, popularity_rank, image) VALUES (476, 164, 'Song otxeHzeXeH', 309, 'Classical', '2022-08-30', 794, 'https://picsum.photos/id/284/200/200');
INSERT INTO SONGS (song_id, album_id, title, duration, genre, release_date, popularity_rank, image) VALUES (477, 167, 'Song FDH8NJ7H46', 221, 'Alternative', '2020-04-23', 310, 'https://picsum.photos/id/291/200/200');
INSERT INTO SONGS (song_id, album_id, title, duration, genre, release_date, popularity_rank, image) VALUES (478, 166, 'Song RDtDKQ1YE6', 171, 'Blues', '2012-07-03', 733, 'https://picsum.photos/id/280/200/200');
INSERT INTO SONGS (song_id, album_id, title, duration, genre, release_date, popularity_rank, image) VALUES (479, 44, 'Song d8dNF7q0Vi', 373, 'Alternative', '2018-08-12', 747, 'https://picsum.photos/id/241/200/200');
INSERT INTO SONGS (song_id, album_id, title, duration, genre, release_date, popularity_rank, image) VALUES (480, 35, 'Song Fpsz2Mfkky', 286, 'Electronic', '2016-09-09', 906, 'https://picsum.photos/id/250/200/200');
INSERT INTO SONGS (song_id, album_id, title, duration, genre, release_date, popularity_rank, image) VALUES (481, 96, 'Song vEQxlnuFh2', 392, 'R&B', '2014-09-05', 611, 'https://picsum.photos/id/240/200/200');
INSERT INTO SONGS (song_id, album_id, title, duration, genre, release_date, popularity_rank, image) VALUES (482, 36, 'Song PLmzA06GlN', 370, 'Hip Hop', '2012-03-08', 850, 'https://picsum.photos/id/262/200/200');
INSERT INTO SONGS (song_id, album_id, title, duration, genre, release_date, popularity_rank, image) VALUES (483, 181, 'Song 0ZtP7ePe5J', 171, 'Blues', '2014-05-11', 69, 'https://picsum.photos/id/271/200/200');
INSERT INTO SONGS (song_id, album_id, title, duration, genre, release_date, popularity_rank, image) VALUES (484, 200, 'Song 8EUXaqgqAt', 158, 'Electronic', '2022-03-24', 383, 'https://picsum.photos/id/233/200/200');
INSERT INTO SONGS (song_id, album_id, title, duration, genre, release_date, popularity_rank, image) VALUES (485, 15, 'Song VcRrtO1Xj3', 468, 'Folk', '2016-08-23', 646, 'https://picsum.photos/id/272/200/200');
INSERT INTO SONGS (song_id, album_id, title, duration, genre, release_date, popularity_rank, image) VALUES (486, 199, 'Song zilcmVJxuB', 379, 'Metal', '2017-05-21', 517, 'https://picsum.photos/id/278/200/200');
INSERT INTO SONGS (song_id, album_id, title, duration, genre, release_date, popularity_rank, image) VALUES (487, 153, 'Song cthak9n8dA', 431, 'Jazz', '2014-07-28', 568, 'https://picsum.photos/id/206/200/200');
INSERT INTO SONGS (song_id, album_id, title, duration, genre, release_date, popularity_rank, image) VALUES (488, 65, 'Song 3OvP2OSwB5', 400, 'Indie', '2010-03-31', 640, 'https://picsum.photos/id/253/200/200');
INSERT INTO SONGS (song_id, album_id, title, duration, genre, release_date, popularity_rank, image) VALUES (489, 184, 'Song Tci35eyc1V', 235, 'Pop', '2024-04-04', 726, 'https://picsum.photos/id/263/200/200');
INSERT INTO SONGS (song_id, album_id, title, duration, genre, release_date, popularity_rank, image) VALUES (490, 166, 'Song wHaoZyjEgT', 226, 'Country', '2017-03-11', 349, 'https://picsum.photos/id/224/200/200');
INSERT INTO SONGS (song_id, album_id, title, duration, genre, release_date, popularity_rank, image) VALUES (491, 140, 'Song BCYxvWg4iA', 411, 'Alternative', '2015-11-19', 196, 'https://picsum.photos/id/277/200/200');
INSERT INTO SONGS (song_id, album_id, title, duration, genre, release_date, popularity_rank, image) VALUES (492, 181, 'Song Iyh7xCPuzS', 121, 'Country', '2023-06-03', 856, 'https://picsum.photos/id/237/200/200');
INSERT INTO SONGS (song_id, album_id, title, duration, genre, release_date, popularity_rank, image) VALUES (493, 47, 'Song kSNP2uoqBw', 423, 'Reggae', '2022-07-05', 528, 'https://picsum.photos/id/259/200/200');
INSERT INTO SONGS (song_id, album_id, title, duration, genre, release_date, popularity_rank, image) VALUES (494, 52, 'Song b0x1KUMKeH', 472, 'R&B', '2016-12-08', 879, 'https://picsum.photos/id/270/200/200');
INSERT INTO SONGS (song_id, album_id, title, duration, genre, release_date, popularity_rank, image) VALUES (495, 190, 'Song uusaGvseGy', 289, 'Hip Hop', '2016-01-14', 663, 'https://picsum.photos/id/230/200/200');
INSERT INTO SONGS (song_id, album_id, title, duration, genre, release_date, popularity_rank, image) VALUES (496, 161, 'Song oNt2ovjGFR', 273, 'Electronic', '2009-12-11', 500, 'https://picsum.photos/id/294/200/200');
INSERT INTO SONGS (song_id, album_id, title, duration, genre, release_date, popularity_rank, image) VALUES (497, 69, 'Song Lo2KIVrrxt', 438, 'Metal', '2019-08-02', 412, 'https://picsum.photos/id/249/200/200');
INSERT INTO SONGS (song_id, album_id, title, duration, genre, release_date, popularity_rank, image) VALUES (498, 147, 'Song kB2XnT5Ptn', 440, 'R&B', '2019-11-16', 650, 'https://picsum.photos/id/251/200/200');
INSERT INTO SONGS (song_id, album_id, title, duration, genre, release_date, popularity_rank, image) VALUES (499, 10, 'Song pGiMfgT3sm', 404, 'Rock', '2018-09-04', 180, 'https://picsum.photos/id/259/200/200');
INSERT INTO SONGS (song_id, album_id, title, duration, genre, release_date, popularity_rank, image) VALUES (500, 83, 'Song WqBirk8rJy', 177, 'Metal', '2017-12-16', 313, 'https://picsum.photos/id/237/200/200');
INSERT INTO SONGS (song_id, album_id, title, duration, genre, release_date, popularity_rank, image) VALUES (501, 165, 'Song fD5AR8vnHf', 337, 'Metal', '2023-09-11', 110, 'https://picsum.photos/id/252/200/200');
INSERT INTO SONGS (song_id, album_id, title, duration, genre, release_date, popularity_rank, image) VALUES (502, 44, 'Song UoxnroOxmK', 429, 'R&B', '2022-07-27', 299, 'https://picsum.photos/id/284/200/200');
INSERT INTO SONGS (song_id, album_id, title, duration, genre, release_date, popularity_rank, image) VALUES (503, 111, 'Song 5PKiWzVMPD', 420, 'Metal', '2014-03-11', 819, 'https://picsum.photos/id/279/200/200');
INSERT INTO SONGS (song_id, album_id, title, duration, genre, release_date, popularity_rank, image) VALUES (504, 165, 'Song Cfjmd5udbd', 222, 'Hip Hop', '2014-10-28', 536, 'https://picsum.photos/id/298/200/200');
INSERT INTO SONGS (song_id, album_id, title, duration, genre, release_date, popularity_rank, image) VALUES (505, 195, 'Song HyN1L5JtJq', 287, 'Pop', '2021-04-30', 406, 'https://picsum.photos/id/270/200/200');
INSERT INTO SONGS (song_id, album_id, title, duration, genre, release_date, popularity_rank, image) VALUES (506, 192, 'Song vqqNznwWBu', 387, 'Blues', '2018-10-12', 886, 'https://picsum.photos/id/280/200/200');
INSERT INTO SONGS (song_id, album_id, title, duration, genre, release_date, popularity_rank, image) VALUES (507, 172, 'Song zHQlMgH2tr', 394, 'Electronic', '2017-08-19', 601, 'https://picsum.photos/id/255/200/200');
INSERT INTO SONGS (song_id, album_id, title, duration, genre, release_date, popularity_rank, image) VALUES (508, 107, 'Song mz05Su9xvc', 379, 'Metal', '2018-09-29', 83, 'https://picsum.photos/id/222/200/200');
INSERT INTO SONGS (song_id, album_id, title, duration, genre, release_date, popularity_rank, image) VALUES (509, 24, 'Song L7t2kpKkw8', 267, 'Folk', '2010-05-09', 424, 'https://picsum.photos/id/252/200/200');
INSERT INTO SONGS (song_id, album_id, title, duration, genre, release_date, popularity_rank, image) VALUES (510, 120, 'Song XZqeVGNGih', 220, 'Alternative', '2013-12-09', 374, 'https://picsum.photos/id/237/200/200');
INSERT INTO SONGS (song_id, album_id, title, duration, genre, release_date, popularity_rank, image) VALUES (511, 124, 'Song ABE5qtMQtN', 374, 'R&B', '2014-09-11', 52, 'https://picsum.photos/id/285/200/200');
INSERT INTO SONGS (song_id, album_id, title, duration, genre, release_date, popularity_rank, image) VALUES (512, 70, 'Song kroGwT19gi', 178, 'Country', '2012-07-19', 523, 'https://picsum.photos/id/291/200/200');
INSERT INTO SONGS (song_id, album_id, title, duration, genre, release_date, popularity_rank, image) VALUES (513, 64, 'Song O1oPrtBEr9', 127, 'Blues', '2012-02-22', 949, 'https://picsum.photos/id/203/200/200');
INSERT INTO SONGS (song_id, album_id, title, duration, genre, release_date, popularity_rank, image) VALUES (514, 62, 'Song 2Wx8y1xBZy', 324, 'R&B', '2019-01-04', 460, 'https://picsum.photos/id/258/200/200');
INSERT INTO SONGS (song_id, album_id, title, duration, genre, release_date, popularity_rank, image) VALUES (515, 33, 'Song HQtxOm3fSI', 168, 'Indie', '2018-08-28', 841, 'https://picsum.photos/id/232/200/200');
INSERT INTO SONGS (song_id, album_id, title, duration, genre, release_date, popularity_rank, image) VALUES (516, 176, 'Song BImDn4eKC7', 181, 'Indie', '2023-08-07', 457, 'https://picsum.photos/id/220/200/200');
INSERT INTO SONGS (song_id, album_id, title, duration, genre, release_date, popularity_rank, image) VALUES (517, 36, 'Song fC24O2lwxm', 204, 'Blues', '2022-12-19', 353, 'https://picsum.photos/id/264/200/200');
INSERT INTO SONGS (song_id, album_id, title, duration, genre, release_date, popularity_rank, image) VALUES (518, 26, 'Song rZh4u42G5i', 436, 'Rock', '2019-08-06', 469, 'https://picsum.photos/id/238/200/200');
INSERT INTO SONGS (song_id, album_id, title, duration, genre, release_date, popularity_rank, image) VALUES (519, 117, 'Song EQQeZuw8ON', 229, 'Reggae', '2017-02-15', 842, 'https://picsum.photos/id/222/200/200');
INSERT INTO SONGS (song_id, album_id, title, duration, genre, release_date, popularity_rank, image) VALUES (520, 163, 'Song HJnkCfhmkN', 456, 'Blues', '2019-08-04', 893, 'https://picsum.photos/id/220/200/200');
INSERT INTO SONGS (song_id, album_id, title, duration, genre, release_date, popularity_rank, image) VALUES (521, 175, 'Song xSzfdqr5oe', 275, 'Alternative', '2020-07-15', 3, 'https://picsum.photos/id/281/200/200');
INSERT INTO SONGS (song_id, album_id, title, duration, genre, release_date, popularity_rank, image) VALUES (522, 123, 'Song 38rbNE1qfw', 415, 'Classical', '2020-07-22', 108, 'https://picsum.photos/id/245/200/200');
INSERT INTO SONGS (song_id, album_id, title, duration, genre, release_date, popularity_rank, image) VALUES (523, 115, 'Song 9FgzAmLucV', 457, 'Classical', '2008-01-08', 427, 'https://picsum.photos/id/265/200/200');
INSERT INTO SONGS (song_id, album_id, title, duration, genre, release_date, popularity_rank, image) VALUES (524, 73, 'Song D1DLCIhRnx', 469, 'Folk', '2018-11-27', 128, 'https://picsum.photos/id/264/200/200');
INSERT INTO SONGS (song_id, album_id, title, duration, genre, release_date, popularity_rank, image) VALUES (525, 146, 'Song WLndQP6DiH', 331, 'Dance', '2011-04-29', 460, 'https://picsum.photos/id/249/200/200');
INSERT INTO SONGS (song_id, album_id, title, duration, genre, release_date, popularity_rank, image) VALUES (526, 190, 'Song D4ZMLQ6oiw', 141, 'Dance', '2008-08-16', 938, 'https://picsum.photos/id/224/200/200');
INSERT INTO SONGS (song_id, album_id, title, duration, genre, release_date, popularity_rank, image) VALUES (527, 97, 'Song O50spaDSkz', 376, 'Classical', '2009-05-13', 902, 'https://picsum.photos/id/292/200/200');
INSERT INTO SONGS (song_id, album_id, title, duration, genre, release_date, popularity_rank, image) VALUES (528, 191, 'Song 6FXY8bZ6hz', 287, 'Jazz', '2021-10-07', 201, 'https://picsum.photos/id/225/200/200');
INSERT INTO SONGS (song_id, album_id, title, duration, genre, release_date, popularity_rank, image) VALUES (529, 14, 'Song cofLFjDmnW', 360, 'Pop', '2020-08-28', 967, 'https://picsum.photos/id/242/200/200');
INSERT INTO SONGS (song_id, album_id, title, duration, genre, release_date, popularity_rank, image) VALUES (530, 38, 'Song 50d4mvPIPi', 468, 'R&B', '2010-04-04', 881, 'https://picsum.photos/id/264/200/200');
INSERT INTO SONGS (song_id, album_id, title, duration, genre, release_date, popularity_rank, image) VALUES (531, 190, 'Song TjwRKO5iDL', 453, 'R&B', '2018-10-27', 173, 'https://picsum.photos/id/253/200/200');
INSERT INTO SONGS (song_id, album_id, title, duration, genre, release_date, popularity_rank, image) VALUES (532, 43, 'Song hvUG0mlGpv', 356, 'Indie', '2008-04-06', 28, 'https://picsum.photos/id/211/200/200');
INSERT INTO SONGS (song_id, album_id, title, duration, genre, release_date, popularity_rank, image) VALUES (533, 53, 'Song z5TC8qPUtI', 254, 'Folk', '2011-05-25', 940, 'https://picsum.photos/id/234/200/200');
INSERT INTO SONGS (song_id, album_id, title, duration, genre, release_date, popularity_rank, image) VALUES (534, 129, 'Song qCJITGAzi5', 407, 'Electronic', '2012-05-06', 596, 'https://picsum.photos/id/264/200/200');
INSERT INTO SONGS (song_id, album_id, title, duration, genre, release_date, popularity_rank, image) VALUES (535, 67, 'Song seSdGyAIBI', 151, 'Classical', '2020-03-11', 883, 'https://picsum.photos/id/255/200/200');
INSERT INTO SONGS (song_id, album_id, title, duration, genre, release_date, popularity_rank, image) VALUES (536, 161, 'Song h8o4RNO0PR', 265, 'Hip Hop', '2022-01-21', 575, 'https://picsum.photos/id/209/200/200');
INSERT INTO SONGS (song_id, album_id, title, duration, genre, release_date, popularity_rank, image) VALUES (537, 126, 'Song JsWPtXZoAi', 404, 'Rock', '2012-09-02', 314, 'https://picsum.photos/id/283/200/200');
INSERT INTO SONGS (song_id, album_id, title, duration, genre, release_date, popularity_rank, image) VALUES (538, 191, 'Song DOmJlCMjSr', 153, 'Country', '2016-11-26', 431, 'https://picsum.photos/id/231/200/200');
INSERT INTO SONGS (song_id, album_id, title, duration, genre, release_date, popularity_rank, image) VALUES (539, 86, 'Song 984mpBHTJ2', 403, 'Metal', '2024-01-01', 215, 'https://picsum.photos/id/215/200/200');
INSERT INTO SONGS (song_id, album_id, title, duration, genre, release_date, popularity_rank, image) VALUES (540, 10, 'Song 1kF8nDBjjk', 451, 'Jazz', '2016-10-03', 136, 'https://picsum.photos/id/278/200/200');
INSERT INTO SONGS (song_id, album_id, title, duration, genre, release_date, popularity_rank, image) VALUES (541, 129, 'Song 0FkjwyC1uf', 378, 'Electronic', '2013-11-22', 216, 'https://picsum.photos/id/261/200/200');
INSERT INTO SONGS (song_id, album_id, title, duration, genre, release_date, popularity_rank, image) VALUES (542, 27, 'Song XzyoXh1R7P', 129, 'Dance', '2008-01-01', 666, 'https://picsum.photos/id/263/200/200');
INSERT INTO SONGS (song_id, album_id, title, duration, genre, release_date, popularity_rank, image) VALUES (543, 157, 'Song NAbTjcTUrm', 458, 'Blues', '2018-07-14', 311, 'https://picsum.photos/id/222/200/200');
INSERT INTO SONGS (song_id, album_id, title, duration, genre, release_date, popularity_rank, image) VALUES (544, 185, 'Song Y1T3nHra6u', 402, 'R&B', '2008-04-19', 89, 'https://picsum.photos/id/279/200/200');
INSERT INTO SONGS (song_id, album_id, title, duration, genre, release_date, popularity_rank, image) VALUES (545, 190, 'Song 3kVQIJlLEL', 144, 'Country', '2013-12-09', 73, 'https://picsum.photos/id/236/200/200');
INSERT INTO SONGS (song_id, album_id, title, duration, genre, release_date, popularity_rank, image) VALUES (546, 128, 'Song gn9dqIGA5K', 259, 'Metal', '2020-10-20', 519, 'https://picsum.photos/id/276/200/200');
INSERT INTO SONGS (song_id, album_id, title, duration, genre, release_date, popularity_rank, image) VALUES (547, 69, 'Song oOhM3GsLtl', 120, 'Indie', '2010-10-04', 325, 'https://picsum.photos/id/289/200/200');
INSERT INTO SONGS (song_id, album_id, title, duration, genre, release_date, popularity_rank, image) VALUES (548, 113, 'Song 8OBNkGG2sl', 232, 'Reggae', '2013-06-18', 529, 'https://picsum.photos/id/230/200/200');
INSERT INTO SONGS (song_id, album_id, title, duration, genre, release_date, popularity_rank, image) VALUES (549, 14, 'Song BNzGV7Sklp', 233, 'Dance', '2008-11-30', 623, 'https://picsum.photos/id/253/200/200');
INSERT INTO SONGS (song_id, album_id, title, duration, genre, release_date, popularity_rank, image) VALUES (550, 146, 'Song 7SbJ6UtwlM', 245, 'Electronic', '2011-08-17', 217, 'https://picsum.photos/id/253/200/200');
INSERT INTO SONGS (song_id, album_id, title, duration, genre, release_date, popularity_rank, image) VALUES (551, 186, 'Song BtjTV3skT1', 260, 'Metal', '2018-10-12', 183, 'https://picsum.photos/id/294/200/200');
INSERT INTO SONGS (song_id, album_id, title, duration, genre, release_date, popularity_rank, image) VALUES (552, 158, 'Song 6Yx7ZSriNF', 328, 'Hip Hop', '2014-07-31', 738, 'https://picsum.photos/id/245/200/200');
INSERT INTO SONGS (song_id, album_id, title, duration, genre, release_date, popularity_rank, image) VALUES (553, 167, 'Song eqD7ZVp4Na', 428, 'Jazz', '2012-06-02', 932, 'https://picsum.photos/id/277/200/200');
INSERT INTO SONGS (song_id, album_id, title, duration, genre, release_date, popularity_rank, image) VALUES (554, 22, 'Song DN5DRd5D8O', 379, 'Reggae', '2012-08-04', 748, 'https://picsum.photos/id/229/200/200');
INSERT INTO SONGS (song_id, album_id, title, duration, genre, release_date, popularity_rank, image) VALUES (555, 183, 'Song mtyaZ4dzJi', 346, 'Classical', '2020-07-06', 457, 'https://picsum.photos/id/218/200/200');
INSERT INTO SONGS (song_id, album_id, title, duration, genre, release_date, popularity_rank, image) VALUES (556, 14, 'Song 4OSGjfFuom', 413, 'Indie', '2011-02-10', 46, 'https://picsum.photos/id/228/200/200');
INSERT INTO SONGS (song_id, album_id, title, duration, genre, release_date, popularity_rank, image) VALUES (557, 40, 'Song YKusNRuzwo', 427, 'Electronic', '2014-06-18', 608, 'https://picsum.photos/id/296/200/200');
INSERT INTO SONGS (song_id, album_id, title, duration, genre, release_date, popularity_rank, image) VALUES (558, 10, 'Song dDj1z7lHMW', 452, 'Reggae', '2017-05-01', 725, 'https://picsum.photos/id/221/200/200');
INSERT INTO SONGS (song_id, album_id, title, duration, genre, release_date, popularity_rank, image) VALUES (559, 63, 'Song c7uZTZDPHE', 318, 'Hip Hop', '2019-12-18', 801, 'https://picsum.photos/id/227/200/200');
INSERT INTO SONGS (song_id, album_id, title, duration, genre, release_date, popularity_rank, image) VALUES (560, 160, 'Song Gm7LpgM5TU', 129, 'Indie', '2020-12-23', 43, 'https://picsum.photos/id/297/200/200');
INSERT INTO SONGS (song_id, album_id, title, duration, genre, release_date, popularity_rank, image) VALUES (561, 84, 'Song PaXaWajleu', 422, 'Classical', '2009-10-17', 590, 'https://picsum.photos/id/272/200/200');
INSERT INTO SONGS (song_id, album_id, title, duration, genre, release_date, popularity_rank, image) VALUES (562, 185, 'Song AopdDY2hDI', 416, 'Electronic', '2021-07-25', 9, 'https://picsum.photos/id/246/200/200');
INSERT INTO SONGS (song_id, album_id, title, duration, genre, release_date, popularity_rank, image) VALUES (563, 79, 'Song F41TzQk8ay', 420, 'Electronic', '2021-11-10', 36, 'https://picsum.photos/id/236/200/200');
INSERT INTO SONGS (song_id, album_id, title, duration, genre, release_date, popularity_rank, image) VALUES (564, 46, 'Song 1AQAJsfSCO', 466, 'Metal', '2017-03-31', 979, 'https://picsum.photos/id/268/200/200');
INSERT INTO SONGS (song_id, album_id, title, duration, genre, release_date, popularity_rank, image) VALUES (565, 18, 'Song 3ETjpD9djZ', 244, 'R&B', '2012-02-03', 691, 'https://picsum.photos/id/277/200/200');
INSERT INTO SONGS (song_id, album_id, title, duration, genre, release_date, popularity_rank, image) VALUES (566, 87, 'Song ZJxHKys6Rq', 295, 'Rock', '2012-04-16', 8, 'https://picsum.photos/id/272/200/200');
INSERT INTO SONGS (song_id, album_id, title, duration, genre, release_date, popularity_rank, image) VALUES (567, 170, 'Song ShqwMJ9W7y', 209, 'Hip Hop', '2024-01-13', 36, 'https://picsum.photos/id/208/200/200');
INSERT INTO SONGS (song_id, album_id, title, duration, genre, release_date, popularity_rank, image) VALUES (568, 195, 'Song ZYgYhkZZ3A', 315, 'Alternative', '2008-09-01', 664, 'https://picsum.photos/id/268/200/200');
INSERT INTO SONGS (song_id, album_id, title, duration, genre, release_date, popularity_rank, image) VALUES (569, 74, 'Song 7lCN429nsW', 480, 'Country', '2018-05-07', 733, 'https://picsum.photos/id/269/200/200');
INSERT INTO SONGS (song_id, album_id, title, duration, genre, release_date, popularity_rank, image) VALUES (570, 183, 'Song crjwDm9ego', 268, 'Pop', '2013-06-08', 512, 'https://picsum.photos/id/236/200/200');
INSERT INTO SONGS (song_id, album_id, title, duration, genre, release_date, popularity_rank, image) VALUES (571, 30, 'Song doJZQEAkZr', 312, 'Pop', '2018-07-15', 556, 'https://picsum.photos/id/300/200/200');
INSERT INTO SONGS (song_id, album_id, title, duration, genre, release_date, popularity_rank, image) VALUES (572, 44, 'Song q479WURGAc', 174, 'Rock', '2023-06-24', 387, 'https://picsum.photos/id/270/200/200');
INSERT INTO SONGS (song_id, album_id, title, duration, genre, release_date, popularity_rank, image) VALUES (573, 71, 'Song qESj3gdMlJ', 123, 'Alternative', '2013-11-08', 321, 'https://picsum.photos/id/203/200/200');
INSERT INTO SONGS (song_id, album_id, title, duration, genre, release_date, popularity_rank, image) VALUES (574, 71, 'Song 8Fm0z3nnZF', 301, 'Classical', '2016-07-08', 923, 'https://picsum.photos/id/215/200/200');
INSERT INTO SONGS (song_id, album_id, title, duration, genre, release_date, popularity_rank, image) VALUES (575, 136, 'Song u4Fg0e0AFH', 336, 'Electronic', '2012-07-04', 370, 'https://picsum.photos/id/266/200/200');
INSERT INTO SONGS (song_id, album_id, title, duration, genre, release_date, popularity_rank, image) VALUES (576, 98, 'Song 9eoNQs0xNM', 289, 'Jazz', '2017-01-09', 178, 'https://picsum.photos/id/279/200/200');
INSERT INTO SONGS (song_id, album_id, title, duration, genre, release_date, popularity_rank, image) VALUES (577, 20, 'Song c5QXYvlzxp', 201, 'Blues', '2017-07-09', 32, 'https://picsum.photos/id/279/200/200');
INSERT INTO SONGS (song_id, album_id, title, duration, genre, release_date, popularity_rank, image) VALUES (578, 193, 'Song LfKhPa1MSQ', 187, 'Folk', '2020-07-09', 846, 'https://picsum.photos/id/254/200/200');
INSERT INTO SONGS (song_id, album_id, title, duration, genre, release_date, popularity_rank, image) VALUES (579, 88, 'Song 83P1yP1MvR', 220, 'Country', '2017-01-26', 870, 'https://picsum.photos/id/289/200/200');
INSERT INTO SONGS (song_id, album_id, title, duration, genre, release_date, popularity_rank, image) VALUES (580, 172, 'Song 4GMU6bNwtV', 234, 'Dance', '2020-06-28', 379, 'https://picsum.photos/id/261/200/200');
INSERT INTO SONGS (song_id, album_id, title, duration, genre, release_date, popularity_rank, image) VALUES (581, 21, 'Song 2KvV01Rsim', 399, 'Metal', '2014-07-15', 336, 'https://picsum.photos/id/288/200/200');
INSERT INTO SONGS (song_id, album_id, title, duration, genre, release_date, popularity_rank, image) VALUES (582, 49, 'Song 7okDZt2v6r', 254, 'Alternative', '2022-01-15', 660, 'https://picsum.photos/id/274/200/200');
INSERT INTO SONGS (song_id, album_id, title, duration, genre, release_date, popularity_rank, image) VALUES (583, 180, 'Song bZd87fQXut', 303, 'Hip Hop', '2020-10-18', 806, 'https://picsum.photos/id/237/200/200');
INSERT INTO SONGS (song_id, album_id, title, duration, genre, release_date, popularity_rank, image) VALUES (584, 81, 'Song uPycXY0qMI', 141, 'Blues', '2019-11-15', 556, 'https://picsum.photos/id/276/200/200');
INSERT INTO SONGS (song_id, album_id, title, duration, genre, release_date, popularity_rank, image) VALUES (585, 196, 'Song PO783TeEg0', 158, 'Country', '2018-07-12', 189, 'https://picsum.photos/id/299/200/200');
INSERT INTO SONGS (song_id, album_id, title, duration, genre, release_date, popularity_rank, image) VALUES (586, 161, 'Song LAVxfQBu8k', 154, 'Hip Hop', '2020-02-17', 777, 'https://picsum.photos/id/264/200/200');
INSERT INTO SONGS (song_id, album_id, title, duration, genre, release_date, popularity_rank, image) VALUES (587, 135, 'Song E1jTj96snJ', 328, 'Indie', '2013-04-30', 34, 'https://picsum.photos/id/297/200/200');
INSERT INTO SONGS (song_id, album_id, title, duration, genre, release_date, popularity_rank, image) VALUES (588, 125, 'Song JUdxx0Xb7R', 144, 'Classical', '2014-07-12', 584, 'https://picsum.photos/id/220/200/200');
INSERT INTO SONGS (song_id, album_id, title, duration, genre, release_date, popularity_rank, image) VALUES (589, 33, 'Song SlE4OPY1e5', 146, 'Hip Hop', '2009-09-18', 870, 'https://picsum.photos/id/220/200/200');
INSERT INTO SONGS (song_id, album_id, title, duration, genre, release_date, popularity_rank, image) VALUES (590, 169, 'Song QKYdHA977G', 318, 'Reggae', '2013-04-04', 332, 'https://picsum.photos/id/236/200/200');
INSERT INTO SONGS (song_id, album_id, title, duration, genre, release_date, popularity_rank, image) VALUES (591, 91, 'Song blqVLWHcLc', 402, 'Electronic', '2022-10-05', 893, 'https://picsum.photos/id/295/200/200');
INSERT INTO SONGS (song_id, album_id, title, duration, genre, release_date, popularity_rank, image) VALUES (592, 193, 'Song Fd5fIQ7Mvj', 159, 'Indie', '2013-11-12', 98, 'https://picsum.photos/id/229/200/200');
INSERT INTO SONGS (song_id, album_id, title, duration, genre, release_date, popularity_rank, image) VALUES (593, 63, 'Song ZsRVbRP1X5', 304, 'Blues', '2020-12-05', 61, 'https://picsum.photos/id/290/200/200');
INSERT INTO SONGS (song_id, album_id, title, duration, genre, release_date, popularity_rank, image) VALUES (594, 152, 'Song QlTYqZkd8V', 204, 'Folk', '2018-04-27', 781, 'https://picsum.photos/id/289/200/200');
INSERT INTO SONGS (song_id, album_id, title, duration, genre, release_date, popularity_rank, image) VALUES (595, 16, 'Song PLSDvVbQan', 414, 'Pop', '2009-10-05', 196, 'https://picsum.photos/id/296/200/200');
INSERT INTO SONGS (song_id, album_id, title, duration, genre, release_date, popularity_rank, image) VALUES (596, 39, 'Song Gw79jx4NBr', 150, 'R&B', '2009-12-19', 634, 'https://picsum.photos/id/251/200/200');
INSERT INTO SONGS (song_id, album_id, title, duration, genre, release_date, popularity_rank, image) VALUES (597, 147, 'Song NMw2RIYv9E', 300, 'Folk', '2017-09-01', 667, 'https://picsum.photos/id/234/200/200');
INSERT INTO SONGS (song_id, album_id, title, duration, genre, release_date, popularity_rank, image) VALUES (598, 22, 'Song d1EIb1lGgF', 205, 'Classical', '2011-12-12', 47, 'https://picsum.photos/id/221/200/200');
INSERT INTO SONGS (song_id, album_id, title, duration, genre, release_date, popularity_rank, image) VALUES (599, 151, 'Song jdvQE2FH0q', 166, 'Jazz', '2013-08-18', 351, 'https://picsum.photos/id/297/200/200');
INSERT INTO SONGS (song_id, album_id, title, duration, genre, release_date, popularity_rank, image) VALUES (600, 184, 'Song LME65negNu', 193, 'Pop', '2008-01-13', 405, 'https://picsum.photos/id/277/200/200');
INSERT INTO SONGS (song_id, album_id, title, duration, genre, release_date, popularity_rank, image) VALUES (601, 199, 'Song 6Ll5Py1qYu', 229, 'Reggae', '2023-05-30', 899, 'https://picsum.photos/id/276/200/200');
INSERT INTO SONGS (song_id, album_id, title, duration, genre, release_date, popularity_rank, image) VALUES (602, 50, 'Song 7cGpPbz1L1', 248, 'Jazz', '2016-09-16', 959, 'https://picsum.photos/id/216/200/200');
INSERT INTO SONGS (song_id, album_id, title, duration, genre, release_date, popularity_rank, image) VALUES (603, 126, 'Song HfjzkA6X2V', 310, 'Reggae', '2023-04-05', 675, 'https://picsum.photos/id/276/200/200');
INSERT INTO SONGS (song_id, album_id, title, duration, genre, release_date, popularity_rank, image) VALUES (604, 139, 'Song t83WXLFOY9', 409, 'Alternative', '2010-01-10', 152, 'https://picsum.photos/id/258/200/200');
INSERT INTO SONGS (song_id, album_id, title, duration, genre, release_date, popularity_rank, image) VALUES (605, 84, 'Song WlzAlyt14M', 231, 'Folk', '2022-06-07', 841, 'https://picsum.photos/id/224/200/200');
INSERT INTO SONGS (song_id, album_id, title, duration, genre, release_date, popularity_rank, image) VALUES (606, 153, 'Song ZLd576EzAS', 133, 'Jazz', '2014-02-12', 147, 'https://picsum.photos/id/249/200/200');
INSERT INTO SONGS (song_id, album_id, title, duration, genre, release_date, popularity_rank, image) VALUES (607, 21, 'Song MKQUdrWfcZ', 209, 'Jazz', '2015-02-20', 549, 'https://picsum.photos/id/258/200/200');
INSERT INTO SONGS (song_id, album_id, title, duration, genre, release_date, popularity_rank, image) VALUES (608, 169, 'Song 86WIkCd0dz', 383, 'Hip Hop', '2023-07-18', 523, 'https://picsum.photos/id/210/200/200');
INSERT INTO SONGS (song_id, album_id, title, duration, genre, release_date, popularity_rank, image) VALUES (609, 172, 'Song bMgD42eBpC', 395, 'R&B', '2011-11-10', 989, 'https://picsum.photos/id/227/200/200');
INSERT INTO SONGS (song_id, album_id, title, duration, genre, release_date, popularity_rank, image) VALUES (610, 67, 'Song lJ47eQLLTA', 187, 'Rock', '2008-09-26', 967, 'https://picsum.photos/id/266/200/200');
INSERT INTO SONGS (song_id, album_id, title, duration, genre, release_date, popularity_rank, image) VALUES (611, 192, 'Song 4IqnKreqXp', 430, 'Folk', '2008-04-24', 651, 'https://picsum.photos/id/236/200/200');
INSERT INTO SONGS (song_id, album_id, title, duration, genre, release_date, popularity_rank, image) VALUES (612, 199, 'Song KgwlTc4upS', 478, 'Rock', '2016-10-22', 986, 'https://picsum.photos/id/282/200/200');
INSERT INTO SONGS (song_id, album_id, title, duration, genre, release_date, popularity_rank, image) VALUES (613, 72, 'Song UNkA937KhB', 412, 'Jazz', '2023-04-27', 254, 'https://picsum.photos/id/262/200/200');
INSERT INTO SONGS (song_id, album_id, title, duration, genre, release_date, popularity_rank, image) VALUES (614, 107, 'Song Y4gT9N9QKM', 171, 'Hip Hop', '2020-10-08', 155, 'https://picsum.photos/id/217/200/200');
INSERT INTO SONGS (song_id, album_id, title, duration, genre, release_date, popularity_rank, image) VALUES (615, 134, 'Song QNsDInWOfS', 150, 'Folk', '2014-02-24', 84, 'https://picsum.photos/id/212/200/200');
INSERT INTO SONGS (song_id, album_id, title, duration, genre, release_date, popularity_rank, image) VALUES (616, 90, 'Song DOKfW7R9Tw', 216, 'Blues', '2021-07-15', 622, 'https://picsum.photos/id/291/200/200');
INSERT INTO SONGS (song_id, album_id, title, duration, genre, release_date, popularity_rank, image) VALUES (617, 31, 'Song 5u7sI0aH8K', 294, 'Electronic', '2010-10-27', 540, 'https://picsum.photos/id/217/200/200');
INSERT INTO SONGS (song_id, album_id, title, duration, genre, release_date, popularity_rank, image) VALUES (618, 73, 'Song mIFiXj8DBw', 317, 'Electronic', '2021-03-28', 729, 'https://picsum.photos/id/244/200/200');
INSERT INTO SONGS (song_id, album_id, title, duration, genre, release_date, popularity_rank, image) VALUES (619, 199, 'Song v6sX0WOy3x', 428, 'Rock', '2019-04-04', 761, 'https://picsum.photos/id/213/200/200');
INSERT INTO SONGS (song_id, album_id, title, duration, genre, release_date, popularity_rank, image) VALUES (620, 101, 'Song I024zIejLq', 128, 'Jazz', '2018-10-15', 827, 'https://picsum.photos/id/236/200/200');
INSERT INTO SONGS (song_id, album_id, title, duration, genre, release_date, popularity_rank, image) VALUES (621, 133, 'Song Eb9dBX9t97', 297, 'Folk', '2015-11-29', 962, 'https://picsum.photos/id/215/200/200');
INSERT INTO SONGS (song_id, album_id, title, duration, genre, release_date, popularity_rank, image) VALUES (622, 172, 'Song Y8LI5QnV7U', 312, 'Dance', '2011-09-20', 636, 'https://picsum.photos/id/250/200/200');
INSERT INTO SONGS (song_id, album_id, title, duration, genre, release_date, popularity_rank, image) VALUES (623, 49, 'Song LHeIfcZozj', 250, 'Reggae', '2011-07-10', 113, 'https://picsum.photos/id/230/200/200');
INSERT INTO SONGS (song_id, album_id, title, duration, genre, release_date, popularity_rank, image) VALUES (624, 74, 'Song 8y9kGpXGYp', 406, 'Dance', '2015-10-15', 845, 'https://picsum.photos/id/267/200/200');
INSERT INTO SONGS (song_id, album_id, title, duration, genre, release_date, popularity_rank, image) VALUES (625, 156, 'Song CtvC0eGE6M', 478, 'Pop', '2022-09-21', 471, 'https://picsum.photos/id/291/200/200');
INSERT INTO SONGS (song_id, album_id, title, duration, genre, release_date, popularity_rank, image) VALUES (626, 185, 'Song rsyLdoJbD1', 217, 'Dance', '2016-02-08', 279, 'https://picsum.photos/id/284/200/200');
INSERT INTO SONGS (song_id, album_id, title, duration, genre, release_date, popularity_rank, image) VALUES (627, 179, 'Song lAJGB1wNgI', 277, 'Jazz', '2022-06-07', 889, 'https://picsum.photos/id/258/200/200');
INSERT INTO SONGS (song_id, album_id, title, duration, genre, release_date, popularity_rank, image) VALUES (628, 87, 'Song EbpGFlozOH', 129, 'Country', '2018-07-29', 524, 'https://picsum.photos/id/280/200/200');
INSERT INTO SONGS (song_id, album_id, title, duration, genre, release_date, popularity_rank, image) VALUES (629, 142, 'Song CIhzrQYhGY', 398, 'Alternative', '2009-01-28', 144, 'https://picsum.photos/id/222/200/200');
INSERT INTO SONGS (song_id, album_id, title, duration, genre, release_date, popularity_rank, image) VALUES (630, 43, 'Song Lh3XeKRptV', 458, 'Alternative', '2023-07-28', 60, 'https://picsum.photos/id/235/200/200');
INSERT INTO SONGS (song_id, album_id, title, duration, genre, release_date, popularity_rank, image) VALUES (631, 72, 'Song J2dT8D0iRd', 192, 'Blues', '2008-01-18', 703, 'https://picsum.photos/id/231/200/200');
INSERT INTO SONGS (song_id, album_id, title, duration, genre, release_date, popularity_rank, image) VALUES (632, 116, 'Song RibY5Dth5r', 274, 'Electronic', '2008-09-14', 371, 'https://picsum.photos/id/276/200/200');
INSERT INTO SONGS (song_id, album_id, title, duration, genre, release_date, popularity_rank, image) VALUES (633, 60, 'Song qchxm96md5', 249, 'Metal', '2023-07-30', 737, 'https://picsum.photos/id/213/200/200');
INSERT INTO SONGS (song_id, album_id, title, duration, genre, release_date, popularity_rank, image) VALUES (634, 163, 'Song PfhBh93KB0', 132, 'R&B', '2014-12-28', 779, 'https://picsum.photos/id/203/200/200');
INSERT INTO SONGS (song_id, album_id, title, duration, genre, release_date, popularity_rank, image) VALUES (635, 5, 'Song FNKITqJ6sC', 153, 'Country', '2012-05-15', 232, 'https://picsum.photos/id/254/200/200');
INSERT INTO SONGS (song_id, album_id, title, duration, genre, release_date, popularity_rank, image) VALUES (636, 181, 'Song jZaX3uV4PT', 435, 'Classical', '2018-07-28', 976, 'https://picsum.photos/id/204/200/200');
INSERT INTO SONGS (song_id, album_id, title, duration, genre, release_date, popularity_rank, image) VALUES (637, 103, 'Song 4GQFlkX9Ad', 268, 'Country', '2018-11-09', 539, 'https://picsum.photos/id/284/200/200');
INSERT INTO SONGS (song_id, album_id, title, duration, genre, release_date, popularity_rank, image) VALUES (638, 155, 'Song DQjmpKbAyL', 171, 'Alternative', '2018-05-28', 360, 'https://picsum.photos/id/216/200/200');
INSERT INTO SONGS (song_id, album_id, title, duration, genre, release_date, popularity_rank, image) VALUES (639, 14, 'Song 8gqhncJDZJ', 369, 'Metal', '2011-07-28', 655, 'https://picsum.photos/id/278/200/200');
INSERT INTO SONGS (song_id, album_id, title, duration, genre, release_date, popularity_rank, image) VALUES (640, 117, 'Song SrYxApEjhw', 468, 'Alternative', '2012-06-20', 909, 'https://picsum.photos/id/247/200/200');
INSERT INTO SONGS (song_id, album_id, title, duration, genre, release_date, popularity_rank, image) VALUES (641, 81, 'Song djUXx1LYMA', 366, 'Blues', '2021-05-17', 62, 'https://picsum.photos/id/284/200/200');
INSERT INTO SONGS (song_id, album_id, title, duration, genre, release_date, popularity_rank, image) VALUES (642, 23, 'Song XdrMzlPLnS', 436, 'Blues', '2013-03-15', 624, 'https://picsum.photos/id/289/200/200');
INSERT INTO SONGS (song_id, album_id, title, duration, genre, release_date, popularity_rank, image) VALUES (643, 165, 'Song HMJSzuH48l', 329, 'Rock', '2024-04-23', 259, 'https://picsum.photos/id/236/200/200');
INSERT INTO SONGS (song_id, album_id, title, duration, genre, release_date, popularity_rank, image) VALUES (644, 85, 'Song XKl89ubpD4', 229, 'Alternative', '2016-10-15', 347, 'https://picsum.photos/id/208/200/200');
INSERT INTO SONGS (song_id, album_id, title, duration, genre, release_date, popularity_rank, image) VALUES (645, 15, 'Song q2jBj5qOxt', 328, 'Electronic', '2022-01-19', 645, 'https://picsum.photos/id/247/200/200');
INSERT INTO SONGS (song_id, album_id, title, duration, genre, release_date, popularity_rank, image) VALUES (646, 33, 'Song N7BlAG4ByQ', 448, 'Blues', '2016-04-25', 435, 'https://picsum.photos/id/222/200/200');
INSERT INTO SONGS (song_id, album_id, title, duration, genre, release_date, popularity_rank, image) VALUES (647, 16, 'Song eJ7bqHXLBu', 353, 'Jazz', '2008-12-02', 583, 'https://picsum.photos/id/220/200/200');
INSERT INTO SONGS (song_id, album_id, title, duration, genre, release_date, popularity_rank, image) VALUES (648, 33, 'Song QIByNN3wjL', 387, 'Pop', '2009-10-02', 553, 'https://picsum.photos/id/220/200/200');
INSERT INTO SONGS (song_id, album_id, title, duration, genre, release_date, popularity_rank, image) VALUES (649, 118, 'Song Wu9Rskk4bO', 175, 'Hip Hop', '2021-04-21', 570, 'https://picsum.photos/id/291/200/200');
INSERT INTO SONGS (song_id, album_id, title, duration, genre, release_date, popularity_rank, image) VALUES (650, 88, 'Song YscW6ZTACO', 191, 'Blues', '2022-01-04', 545, 'https://picsum.photos/id/213/200/200');
INSERT INTO SONGS (song_id, album_id, title, duration, genre, release_date, popularity_rank, image) VALUES (651, 177, 'Song g2CZR6oa3x', 290, 'Blues', '2014-01-26', 459, 'https://picsum.photos/id/279/200/200');
INSERT INTO SONGS (song_id, album_id, title, duration, genre, release_date, popularity_rank, image) VALUES (652, 197, 'Song DGxKcjoVuw', 465, 'Blues', '2011-05-10', 114, 'https://picsum.photos/id/230/200/200');
INSERT INTO SONGS (song_id, album_id, title, duration, genre, release_date, popularity_rank, image) VALUES (653, 121, 'Song HpzpE6gl0c', 464, 'Hip Hop', '2011-01-26', 117, 'https://picsum.photos/id/252/200/200');
INSERT INTO SONGS (song_id, album_id, title, duration, genre, release_date, popularity_rank, image) VALUES (654, 9, 'Song SY50u6wn7j', 424, 'Metal', '2022-01-10', 83, 'https://picsum.photos/id/298/200/200');
INSERT INTO SONGS (song_id, album_id, title, duration, genre, release_date, popularity_rank, image) VALUES (655, 34, 'Song gk6ZUhsMlY', 249, 'Country', '2017-03-25', 872, 'https://picsum.photos/id/281/200/200');
INSERT INTO SONGS (song_id, album_id, title, duration, genre, release_date, popularity_rank, image) VALUES (656, 171, 'Song xidK4pRtcS', 390, 'Country', '2011-10-27', 57, 'https://picsum.photos/id/266/200/200');
INSERT INTO SONGS (song_id, album_id, title, duration, genre, release_date, popularity_rank, image) VALUES (657, 3, 'Song GoZINYkK7Y', 348, 'Dance', '2015-02-17', 616, 'https://picsum.photos/id/249/200/200');
INSERT INTO SONGS (song_id, album_id, title, duration, genre, release_date, popularity_rank, image) VALUES (658, 120, 'Song Ukc5DpbjDc', 406, 'Jazz', '2023-12-22', 980, 'https://picsum.photos/id/211/200/200');
INSERT INTO SONGS (song_id, album_id, title, duration, genre, release_date, popularity_rank, image) VALUES (659, 105, 'Song ReD12AXa3m', 356, 'Classical', '2008-11-18', 765, 'https://picsum.photos/id/244/200/200');
INSERT INTO SONGS (song_id, album_id, title, duration, genre, release_date, popularity_rank, image) VALUES (660, 85, 'Song LKcD3cfI3d', 309, 'Pop', '2023-07-23', 636, 'https://picsum.photos/id/252/200/200');
INSERT INTO SONGS (song_id, album_id, title, duration, genre, release_date, popularity_rank, image) VALUES (661, 70, 'Song MNlQKL9UYm', 277, 'Country', '2012-06-12', 778, 'https://picsum.photos/id/255/200/200');
INSERT INTO SONGS (song_id, album_id, title, duration, genre, release_date, popularity_rank, image) VALUES (662, 177, 'Song PaZVofvSDW', 163, 'Dance', '2019-05-20', 256, 'https://picsum.photos/id/212/200/200');
INSERT INTO SONGS (song_id, album_id, title, duration, genre, release_date, popularity_rank, image) VALUES (663, 95, 'Song v1erIjpJcW', 471, 'Country', '2019-09-10', 796, 'https://picsum.photos/id/232/200/200');
INSERT INTO SONGS (song_id, album_id, title, duration, genre, release_date, popularity_rank, image) VALUES (664, 67, 'Song kX4VDsk1Zg', 265, 'Pop', '2022-01-22', 37, 'https://picsum.photos/id/295/200/200');
INSERT INTO SONGS (song_id, album_id, title, duration, genre, release_date, popularity_rank, image) VALUES (665, 178, 'Song W13BhCTeQM', 176, 'Rock', '2021-03-09', 659, 'https://picsum.photos/id/241/200/200');
INSERT INTO SONGS (song_id, album_id, title, duration, genre, release_date, popularity_rank, image) VALUES (666, 193, 'Song w87QPB1eRw', 182, 'Blues', '2023-07-17', 471, 'https://picsum.photos/id/278/200/200');
INSERT INTO SONGS (song_id, album_id, title, duration, genre, release_date, popularity_rank, image) VALUES (667, 96, 'Song kpYrNA56BW', 257, 'Electronic', '2020-11-24', 665, 'https://picsum.photos/id/280/200/200');
INSERT INTO SONGS (song_id, album_id, title, duration, genre, release_date, popularity_rank, image) VALUES (668, 112, 'Song 0tkpfI8ui4', 290, 'Indie', '2017-03-01', 693, 'https://picsum.photos/id/271/200/200');
INSERT INTO SONGS (song_id, album_id, title, duration, genre, release_date, popularity_rank, image) VALUES (669, 126, 'Song ZstJgW6XV3', 478, 'Indie', '2015-10-12', 487, 'https://picsum.photos/id/295/200/200');
INSERT INTO SONGS (song_id, album_id, title, duration, genre, release_date, popularity_rank, image) VALUES (670, 93, 'Song Y24ZoBUHan', 160, 'Blues', '2010-10-02', 350, 'https://picsum.photos/id/280/200/200');
INSERT INTO SONGS (song_id, album_id, title, duration, genre, release_date, popularity_rank, image) VALUES (671, 170, 'Song d4Lcs7iqVp', 324, 'Dance', '2015-02-23', 15, 'https://picsum.photos/id/295/200/200');
INSERT INTO SONGS (song_id, album_id, title, duration, genre, release_date, popularity_rank, image) VALUES (672, 9, 'Song iYQBaaR2zC', 406, 'Dance', '2014-02-22', 431, 'https://picsum.photos/id/242/200/200');
INSERT INTO SONGS (song_id, album_id, title, duration, genre, release_date, popularity_rank, image) VALUES (673, 138, 'Song i9nRzmZkxt', 404, 'Blues', '2010-07-24', 41, 'https://picsum.photos/id/271/200/200');
INSERT INTO SONGS (song_id, album_id, title, duration, genre, release_date, popularity_rank, image) VALUES (674, 26, 'Song qi3pE2aDEh', 221, 'Blues', '2013-10-11', 286, 'https://picsum.photos/id/231/200/200');
INSERT INTO SONGS (song_id, album_id, title, duration, genre, release_date, popularity_rank, image) VALUES (675, 190, 'Song MmpxbENtDx', 146, 'Indie', '2024-03-18', 298, 'https://picsum.photos/id/291/200/200');
INSERT INTO SONGS (song_id, album_id, title, duration, genre, release_date, popularity_rank, image) VALUES (676, 64, 'Song CjoaKmDSPR', 322, 'Reggae', '2010-02-04', 115, 'https://picsum.photos/id/258/200/200');
INSERT INTO SONGS (song_id, album_id, title, duration, genre, release_date, popularity_rank, image) VALUES (677, 39, 'Song 13LTLiy8gr', 138, 'Hip Hop', '2018-10-22', 874, 'https://picsum.photos/id/279/200/200');
INSERT INTO SONGS (song_id, album_id, title, duration, genre, release_date, popularity_rank, image) VALUES (678, 171, 'Song Zorf4QrxyT', 257, 'Reggae', '2023-11-23', 204, 'https://picsum.photos/id/283/200/200');
INSERT INTO SONGS (song_id, album_id, title, duration, genre, release_date, popularity_rank, image) VALUES (679, 184, 'Song nTwQnjAaSi', 131, 'Jazz', '2022-09-12', 631, 'https://picsum.photos/id/263/200/200');
INSERT INTO SONGS (song_id, album_id, title, duration, genre, release_date, popularity_rank, image) VALUES (680, 174, 'Song Apa2ZnYShW', 460, 'Rock', '2019-04-18', 855, 'https://picsum.photos/id/202/200/200');
INSERT INTO SONGS (song_id, album_id, title, duration, genre, release_date, popularity_rank, image) VALUES (681, 76, 'Song cP07vFb03z', 284, 'Jazz', '2020-09-04', 1, 'https://picsum.photos/id/289/200/200');
INSERT INTO SONGS (song_id, album_id, title, duration, genre, release_date, popularity_rank, image) VALUES (682, 48, 'Song m8umZl1hy0', 453, 'Classical', '2018-11-06', 983, 'https://picsum.photos/id/228/200/200');
INSERT INTO SONGS (song_id, album_id, title, duration, genre, release_date, popularity_rank, image) VALUES (683, 144, 'Song HNTGPkA0Np', 328, 'Folk', '2016-04-07', 449, 'https://picsum.photos/id/203/200/200');
INSERT INTO SONGS (song_id, album_id, title, duration, genre, release_date, popularity_rank, image) VALUES (684, 145, 'Song ZgQqjKn7vE', 430, 'Hip Hop', '2015-06-13', 561, 'https://picsum.photos/id/296/200/200');
INSERT INTO SONGS (song_id, album_id, title, duration, genre, release_date, popularity_rank, image) VALUES (685, 179, 'Song 88GhW8SEus', 473, 'R&B', '2021-04-20', 727, 'https://picsum.photos/id/253/200/200');
INSERT INTO SONGS (song_id, album_id, title, duration, genre, release_date, popularity_rank, image) VALUES (686, 178, 'Song pcEtO6kD8E', 306, 'Rock', '2012-04-18', 722, 'https://picsum.photos/id/214/200/200');
INSERT INTO SONGS (song_id, album_id, title, duration, genre, release_date, popularity_rank, image) VALUES (687, 55, 'Song JHqtrubte8', 419, 'Electronic', '2022-08-15', 539, 'https://picsum.photos/id/221/200/200');
INSERT INTO SONGS (song_id, album_id, title, duration, genre, release_date, popularity_rank, image) VALUES (688, 187, 'Song k330FahnIF', 319, 'Rock', '2017-05-07', 549, 'https://picsum.photos/id/252/200/200');
INSERT INTO SONGS (song_id, album_id, title, duration, genre, release_date, popularity_rank, image) VALUES (689, 183, 'Song IbkxeMW1ww', 160, 'Dance', '2015-11-18', 888, 'https://picsum.photos/id/233/200/200');
INSERT INTO SONGS (song_id, album_id, title, duration, genre, release_date, popularity_rank, image) VALUES (690, 52, 'Song 0zWFZo0J37', 139, 'Rock', '2012-09-16', 487, 'https://picsum.photos/id/284/200/200');
INSERT INTO SONGS (song_id, album_id, title, duration, genre, release_date, popularity_rank, image) VALUES (691, 127, 'Song RWqigZw53T', 307, 'Metal', '2010-08-15', 32, 'https://picsum.photos/id/227/200/200');
INSERT INTO SONGS (song_id, album_id, title, duration, genre, release_date, popularity_rank, image) VALUES (692, 181, 'Song q406PLAHyq', 251, 'Pop', '2009-09-29', 562, 'https://picsum.photos/id/229/200/200');
INSERT INTO SONGS (song_id, album_id, title, duration, genre, release_date, popularity_rank, image) VALUES (693, 112, 'Song zJe9lAmm8p', 448, 'Dance', '2013-05-21', 336, 'https://picsum.photos/id/233/200/200');
INSERT INTO SONGS (song_id, album_id, title, duration, genre, release_date, popularity_rank, image) VALUES (694, 30, 'Song Fstr0EcQ7g', 256, 'Metal', '2023-01-17', 938, 'https://picsum.photos/id/284/200/200');
INSERT INTO SONGS (song_id, album_id, title, duration, genre, release_date, popularity_rank, image) VALUES (695, 175, 'Song slacPTVuGP', 326, 'Alternative', '2016-05-21', 428, 'https://picsum.photos/id/279/200/200');
INSERT INTO SONGS (song_id, album_id, title, duration, genre, release_date, popularity_rank, image) VALUES (696, 28, 'Song 8ENJ14m3Ja', 187, 'Indie', '2020-03-29', 350, 'https://picsum.photos/id/294/200/200');
INSERT INTO SONGS (song_id, album_id, title, duration, genre, release_date, popularity_rank, image) VALUES (697, 92, 'Song fnRR5t3w3v', 450, 'R&B', '2017-12-12', 871, 'https://picsum.photos/id/300/200/200');
INSERT INTO SONGS (song_id, album_id, title, duration, genre, release_date, popularity_rank, image) VALUES (698, 196, 'Song krqZVEOoBE', 273, 'Alternative', '2008-12-01', 135, 'https://picsum.photos/id/296/200/200');
INSERT INTO SONGS (song_id, album_id, title, duration, genre, release_date, popularity_rank, image) VALUES (699, 187, 'Song bKVga9zInE', 156, 'Electronic', '2016-06-08', 259, 'https://picsum.photos/id/256/200/200');
INSERT INTO SONGS (song_id, album_id, title, duration, genre, release_date, popularity_rank, image) VALUES (700, 200, 'Song GDuqTnxjrj', 447, 'Reggae', '2011-07-07', 731, 'https://picsum.photos/id/295/200/200');
INSERT INTO SONGS (song_id, album_id, title, duration, genre, release_date, popularity_rank, image) VALUES (701, 141, 'Song j2uZmzMzRO', 329, 'Country', '2016-12-11', 277, 'https://picsum.photos/id/225/200/200');
INSERT INTO SONGS (song_id, album_id, title, duration, genre, release_date, popularity_rank, image) VALUES (702, 115, 'Song JPs5wONzTy', 346, 'Jazz', '2015-03-27', 811, 'https://picsum.photos/id/288/200/200');
INSERT INTO SONGS (song_id, album_id, title, duration, genre, release_date, popularity_rank, image) VALUES (703, 113, 'Song QcozsEpDx5', 154, 'Classical', '2022-06-25', 697, 'https://picsum.photos/id/224/200/200');
INSERT INTO SONGS (song_id, album_id, title, duration, genre, release_date, popularity_rank, image) VALUES (704, 98, 'Song yLxLuWkLRj', 473, 'Folk', '2021-06-07', 870, 'https://picsum.photos/id/258/200/200');
INSERT INTO SONGS (song_id, album_id, title, duration, genre, release_date, popularity_rank, image) VALUES (705, 87, 'Song OggDB7oRIV', 335, 'Indie', '2023-05-16', 880, 'https://picsum.photos/id/280/200/200');
INSERT INTO SONGS (song_id, album_id, title, duration, genre, release_date, popularity_rank, image) VALUES (706, 66, 'Song QA8QXGC9yh', 477, 'Hip Hop', '2009-11-28', 625, 'https://picsum.photos/id/296/200/200');
INSERT INTO SONGS (song_id, album_id, title, duration, genre, release_date, popularity_rank, image) VALUES (707, 116, 'Song BETfYaVC80', 243, 'Electronic', '2010-10-16', 651, 'https://picsum.photos/id/246/200/200');
INSERT INTO SONGS (song_id, album_id, title, duration, genre, release_date, popularity_rank, image) VALUES (708, 58, 'Song beSPy6g4CI', 308, 'Classical', '2008-04-04', 146, 'https://picsum.photos/id/255/200/200');
INSERT INTO SONGS (song_id, album_id, title, duration, genre, release_date, popularity_rank, image) VALUES (709, 98, 'Song ekdfCWnKka', 198, 'Rock', '2010-01-24', 48, 'https://picsum.photos/id/270/200/200');
INSERT INTO SONGS (song_id, album_id, title, duration, genre, release_date, popularity_rank, image) VALUES (710, 86, 'Song dpdXD4AXpd', 265, 'Classical', '2017-11-19', 103, 'https://picsum.photos/id/221/200/200');
INSERT INTO SONGS (song_id, album_id, title, duration, genre, release_date, popularity_rank, image) VALUES (711, 90, 'Song UQxuVcmwa3', 243, 'Jazz', '2008-05-25', 767, 'https://picsum.photos/id/222/200/200');
INSERT INTO SONGS (song_id, album_id, title, duration, genre, release_date, popularity_rank, image) VALUES (712, 136, 'Song f2pmabFOA6', 238, 'Folk', '2018-06-27', 87, 'https://picsum.photos/id/225/200/200');
INSERT INTO SONGS (song_id, album_id, title, duration, genre, release_date, popularity_rank, image) VALUES (713, 199, 'Song cquv6oxWv4', 325, 'R&B', '2016-06-05', 25, 'https://picsum.photos/id/236/200/200');
INSERT INTO SONGS (song_id, album_id, title, duration, genre, release_date, popularity_rank, image) VALUES (714, 160, 'Song PJlralZ5lA', 135, 'Hip Hop', '2022-04-11', 820, 'https://picsum.photos/id/267/200/200');
INSERT INTO SONGS (song_id, album_id, title, duration, genre, release_date, popularity_rank, image) VALUES (715, 112, 'Song pVz9GkPbgM', 420, 'Folk', '2014-09-07', 638, 'https://picsum.photos/id/285/200/200');
INSERT INTO SONGS (song_id, album_id, title, duration, genre, release_date, popularity_rank, image) VALUES (716, 97, 'Song zFrWOJ5ql0', 473, 'Metal', '2018-09-30', 270, 'https://picsum.photos/id/292/200/200');
INSERT INTO SONGS (song_id, album_id, title, duration, genre, release_date, popularity_rank, image) VALUES (717, 56, 'Song 7NuJVUNXdX', 135, 'Hip Hop', '2013-05-01', 447, 'https://picsum.photos/id/293/200/200');
INSERT INTO SONGS (song_id, album_id, title, duration, genre, release_date, popularity_rank, image) VALUES (718, 129, 'Song 2TE01QDAAZ', 204, 'R&B', '2015-02-21', 536, 'https://picsum.photos/id/259/200/200');
INSERT INTO SONGS (song_id, album_id, title, duration, genre, release_date, popularity_rank, image) VALUES (719, 184, 'Song yefWIIMAx7', 435, 'Jazz', '2018-09-19', 368, 'https://picsum.photos/id/295/200/200');
INSERT INTO SONGS (song_id, album_id, title, duration, genre, release_date, popularity_rank, image) VALUES (720, 53, 'Song 2FMuL0bbkL', 237, 'Hip Hop', '2018-02-26', 121, 'https://picsum.photos/id/272/200/200');
INSERT INTO SONGS (song_id, album_id, title, duration, genre, release_date, popularity_rank, image) VALUES (721, 124, 'Song tqafSo7OJV', 286, 'Dance', '2015-05-27', 891, 'https://picsum.photos/id/284/200/200');
INSERT INTO SONGS (song_id, album_id, title, duration, genre, release_date, popularity_rank, image) VALUES (722, 24, 'Song sAg9ibaXDm', 478, 'Reggae', '2010-05-31', 876, 'https://picsum.photos/id/212/200/200');
INSERT INTO SONGS (song_id, album_id, title, duration, genre, release_date, popularity_rank, image) VALUES (723, 169, 'Song 9Zcm9b0q5l', 334, 'Pop', '2020-02-21', 64, 'https://picsum.photos/id/240/200/200');
INSERT INTO SONGS (song_id, album_id, title, duration, genre, release_date, popularity_rank, image) VALUES (724, 74, 'Song M1xVaJsw0n', 166, 'Folk', '2018-09-24', 76, 'https://picsum.photos/id/300/200/200');
INSERT INTO SONGS (song_id, album_id, title, duration, genre, release_date, popularity_rank, image) VALUES (725, 130, 'Song l6Awzap7tV', 397, 'Metal', '2008-11-05', 326, 'https://picsum.photos/id/285/200/200');
INSERT INTO SONGS (song_id, album_id, title, duration, genre, release_date, popularity_rank, image) VALUES (726, 160, 'Song BCMkglBv5d', 285, 'Alternative', '2023-01-16', 561, 'https://picsum.photos/id/226/200/200');
INSERT INTO SONGS (song_id, album_id, title, duration, genre, release_date, popularity_rank, image) VALUES (727, 112, 'Song k6nBFlTfln', 270, 'Pop', '2009-09-23', 293, 'https://picsum.photos/id/260/200/200');
INSERT INTO SONGS (song_id, album_id, title, duration, genre, release_date, popularity_rank, image) VALUES (728, 6, 'Song Vro1wyZCjw', 311, 'Classical', '2019-08-05', 540, 'https://picsum.photos/id/252/200/200');
INSERT INTO SONGS (song_id, album_id, title, duration, genre, release_date, popularity_rank, image) VALUES (729, 39, 'Song PKZy3aGxwr', 202, 'Folk', '2016-03-19', 33, 'https://picsum.photos/id/209/200/200');
INSERT INTO SONGS (song_id, album_id, title, duration, genre, release_date, popularity_rank, image) VALUES (730, 170, 'Song GfEzHapI5n', 424, 'Electronic', '2020-02-04', 320, 'https://picsum.photos/id/221/200/200');
INSERT INTO SONGS (song_id, album_id, title, duration, genre, release_date, popularity_rank, image) VALUES (731, 176, 'Song gdXMkvbW19', 471, 'Electronic', '2019-05-23', 858, 'https://picsum.photos/id/282/200/200');
INSERT INTO SONGS (song_id, album_id, title, duration, genre, release_date, popularity_rank, image) VALUES (732, 42, 'Song ESKaiXjG0v', 370, 'Dance', '2012-09-21', 393, 'https://picsum.photos/id/264/200/200');
INSERT INTO SONGS (song_id, album_id, title, duration, genre, release_date, popularity_rank, image) VALUES (733, 166, 'Song 3oX6D9DQOF', 297, 'R&B', '2024-02-22', 16, 'https://picsum.photos/id/295/200/200');
INSERT INTO SONGS (song_id, album_id, title, duration, genre, release_date, popularity_rank, image) VALUES (734, 1, 'Song DA9BUJtUIc', 399, 'Reggae', '2018-01-04', 613, 'https://picsum.photos/id/258/200/200');
INSERT INTO SONGS (song_id, album_id, title, duration, genre, release_date, popularity_rank, image) VALUES (735, 59, 'Song kHEpmOvDyI', 162, 'Blues', '2017-05-21', 632, 'https://picsum.photos/id/206/200/200');
INSERT INTO SONGS (song_id, album_id, title, duration, genre, release_date, popularity_rank, image) VALUES (736, 102, 'Song xlHpaAopYz', 367, 'Reggae', '2015-02-08', 128, 'https://picsum.photos/id/272/200/200');
INSERT INTO SONGS (song_id, album_id, title, duration, genre, release_date, popularity_rank, image) VALUES (737, 60, 'Song TrT42ADQXS', 228, 'Jazz', '2019-01-26', 746, 'https://picsum.photos/id/213/200/200');
INSERT INTO SONGS (song_id, album_id, title, duration, genre, release_date, popularity_rank, image) VALUES (738, 21, 'Song CZt7BcF24w', 462, 'Classical', '2017-03-01', 434, 'https://picsum.photos/id/234/200/200');
INSERT INTO SONGS (song_id, album_id, title, duration, genre, release_date, popularity_rank, image) VALUES (739, 17, 'Song SvnwMucSTg', 352, 'R&B', '2015-12-02', 103, 'https://picsum.photos/id/266/200/200');
INSERT INTO SONGS (song_id, album_id, title, duration, genre, release_date, popularity_rank, image) VALUES (740, 186, 'Song IbOAkkZT7t', 388, 'Electronic', '2016-02-21', 176, 'https://picsum.photos/id/273/200/200');
INSERT INTO SONGS (song_id, album_id, title, duration, genre, release_date, popularity_rank, image) VALUES (741, 30, 'Song 8QcsLJWyEy', 121, 'Indie', '2010-09-26', 544, 'https://picsum.photos/id/204/200/200');
INSERT INTO SONGS (song_id, album_id, title, duration, genre, release_date, popularity_rank, image) VALUES (742, 79, 'Song HdyIjt7BxG', 415, 'Electronic', '2021-02-12', 186, 'https://picsum.photos/id/250/200/200');
INSERT INTO SONGS (song_id, album_id, title, duration, genre, release_date, popularity_rank, image) VALUES (743, 113, 'Song fJMHEaghHs', 295, 'Country', '2014-02-22', 693, 'https://picsum.photos/id/290/200/200');
INSERT INTO SONGS (song_id, album_id, title, duration, genre, release_date, popularity_rank, image) VALUES (744, 51, 'Song FZKEGm8l4q', 445, 'Dance', '2010-10-22', 182, 'https://picsum.photos/id/242/200/200');
INSERT INTO SONGS (song_id, album_id, title, duration, genre, release_date, popularity_rank, image) VALUES (745, 176, 'Song WDsAPuvMZG', 418, 'Folk', '2017-12-14', 470, 'https://picsum.photos/id/226/200/200');
INSERT INTO SONGS (song_id, album_id, title, duration, genre, release_date, popularity_rank, image) VALUES (746, 70, 'Song VkbeD7hKUc', 402, 'Reggae', '2017-09-16', 35, 'https://picsum.photos/id/223/200/200');
INSERT INTO SONGS (song_id, album_id, title, duration, genre, release_date, popularity_rank, image) VALUES (747, 196, 'Song sJjL5NyPYy', 124, 'Hip Hop', '2016-05-20', 207, 'https://picsum.photos/id/234/200/200');
INSERT INTO SONGS (song_id, album_id, title, duration, genre, release_date, popularity_rank, image) VALUES (748, 141, 'Song 5vWoKnZz5j', 234, 'Rock', '2018-02-17', 290, 'https://picsum.photos/id/280/200/200');
INSERT INTO SONGS (song_id, album_id, title, duration, genre, release_date, popularity_rank, image) VALUES (749, 54, 'Song jLiBuBBzEg', 209, 'Blues', '2010-01-11', 711, 'https://picsum.photos/id/240/200/200');
INSERT INTO SONGS (song_id, album_id, title, duration, genre, release_date, popularity_rank, image) VALUES (750, 120, 'Song IEJwAi87Py', 297, 'Folk', '2009-12-07', 899, 'https://picsum.photos/id/300/200/200');
INSERT INTO SONGS (song_id, album_id, title, duration, genre, release_date, popularity_rank, image) VALUES (751, 200, 'Song Nzay5sZGfq', 356, 'Metal', '2009-07-17', 660, 'https://picsum.photos/id/241/200/200');
INSERT INTO SONGS (song_id, album_id, title, duration, genre, release_date, popularity_rank, image) VALUES (752, 22, 'Song qibO6VDYx6', 170, 'Reggae', '2023-07-18', 762, 'https://picsum.photos/id/240/200/200');
INSERT INTO SONGS (song_id, album_id, title, duration, genre, release_date, popularity_rank, image) VALUES (753, 92, 'Song z3wjM5nxXl', 222, 'Indie', '2016-01-27', 325, 'https://picsum.photos/id/253/200/200');
INSERT INTO SONGS (song_id, album_id, title, duration, genre, release_date, popularity_rank, image) VALUES (754, 157, 'Song nEl2qKmt7q', 270, 'Blues', '2013-08-22', 236, 'https://picsum.photos/id/283/200/200');
INSERT INTO SONGS (song_id, album_id, title, duration, genre, release_date, popularity_rank, image) VALUES (755, 113, 'Song jGPiyBd93Y', 356, 'Metal', '2022-08-10', 641, 'https://picsum.photos/id/227/200/200');
INSERT INTO SONGS (song_id, album_id, title, duration, genre, release_date, popularity_rank, image) VALUES (756, 21, 'Song oYwYhK0Co6', 296, 'Dance', '2018-01-25', 422, 'https://picsum.photos/id/250/200/200');
INSERT INTO SONGS (song_id, album_id, title, duration, genre, release_date, popularity_rank, image) VALUES (757, 127, 'Song O5vNwMP1WW', 377, 'Electronic', '2010-08-04', 331, 'https://picsum.photos/id/249/200/200');
INSERT INTO SONGS (song_id, album_id, title, duration, genre, release_date, popularity_rank, image) VALUES (758, 195, 'Song PVUH0K2wse', 312, 'Reggae', '2015-09-03', 82, 'https://picsum.photos/id/221/200/200');
INSERT INTO SONGS (song_id, album_id, title, duration, genre, release_date, popularity_rank, image) VALUES (759, 22, 'Song rzPriAq0bz', 215, 'Dance', '2022-10-22', 388, 'https://picsum.photos/id/221/200/200');
INSERT INTO SONGS (song_id, album_id, title, duration, genre, release_date, popularity_rank, image) VALUES (760, 7, 'Song hk3qAe0hpB', 363, 'Folk', '2008-06-07', 329, 'https://picsum.photos/id/236/200/200');
INSERT INTO SONGS (song_id, album_id, title, duration, genre, release_date, popularity_rank, image) VALUES (761, 90, 'Song kJlmdOUtDw', 422, 'Classical', '2015-08-06', 422, 'https://picsum.photos/id/237/200/200');
INSERT INTO SONGS (song_id, album_id, title, duration, genre, release_date, popularity_rank, image) VALUES (762, 70, 'Song iCpap31WjS', 396, 'Rock', '2008-06-21', 114, 'https://picsum.photos/id/236/200/200');
INSERT INTO SONGS (song_id, album_id, title, duration, genre, release_date, popularity_rank, image) VALUES (763, 44, 'Song rCmyhRPBBc', 189, 'Reggae', '2017-12-29', 370, 'https://picsum.photos/id/287/200/200');
INSERT INTO SONGS (song_id, album_id, title, duration, genre, release_date, popularity_rank, image) VALUES (764, 71, 'Song Fgh9cSFzkm', 268, 'Hip Hop', '2008-06-13', 84, 'https://picsum.photos/id/222/200/200');
INSERT INTO SONGS (song_id, album_id, title, duration, genre, release_date, popularity_rank, image) VALUES (765, 78, 'Song SM6gmu6YZ5', 167, 'Rock', '2013-05-26', 37, 'https://picsum.photos/id/292/200/200');
INSERT INTO SONGS (song_id, album_id, title, duration, genre, release_date, popularity_rank, image) VALUES (766, 181, 'Song vkKXXkADDd', 306, 'Metal', '2020-10-09', 711, 'https://picsum.photos/id/213/200/200');
INSERT INTO SONGS (song_id, album_id, title, duration, genre, release_date, popularity_rank, image) VALUES (767, 34, 'Song nKfvoRevfn', 437, 'Folk', '2022-05-27', 745, 'https://picsum.photos/id/258/200/200');
INSERT INTO SONGS (song_id, album_id, title, duration, genre, release_date, popularity_rank, image) VALUES (768, 34, 'Song wpKb4gMqJc', 363, 'Country', '2023-10-15', 857, 'https://picsum.photos/id/238/200/200');
INSERT INTO SONGS (song_id, album_id, title, duration, genre, release_date, popularity_rank, image) VALUES (769, 34, 'Song AMMsHnIgh6', 393, 'Electronic', '2011-01-04', 584, 'https://picsum.photos/id/219/200/200');
INSERT INTO SONGS (song_id, album_id, title, duration, genre, release_date, popularity_rank, image) VALUES (770, 128, 'Song ZvxrFXan1q', 133, 'Dance', '2013-02-23', 109, 'https://picsum.photos/id/288/200/200');
INSERT INTO SONGS (song_id, album_id, title, duration, genre, release_date, popularity_rank, image) VALUES (771, 140, 'Song TqGiwYPAkB', 302, 'Dance', '2016-12-06', 96, 'https://picsum.photos/id/273/200/200');
INSERT INTO SONGS (song_id, album_id, title, duration, genre, release_date, popularity_rank, image) VALUES (772, 145, 'Song u26BhLjLDz', 292, 'Rock', '2020-09-09', 893, 'https://picsum.photos/id/269/200/200');
INSERT INTO SONGS (song_id, album_id, title, duration, genre, release_date, popularity_rank, image) VALUES (773, 163, 'Song XdWF076b2r', 204, 'Country', '2009-10-04', 678, 'https://picsum.photos/id/223/200/200');
INSERT INTO SONGS (song_id, album_id, title, duration, genre, release_date, popularity_rank, image) VALUES (774, 66, 'Song V5Ys6HidwN', 237, 'Indie', '2012-12-26', 18, 'https://picsum.photos/id/256/200/200');
INSERT INTO SONGS (song_id, album_id, title, duration, genre, release_date, popularity_rank, image) VALUES (775, 68, 'Song heGh8Pibqf', 421, 'R&B', '2014-10-11', 577, 'https://picsum.photos/id/241/200/200');
INSERT INTO SONGS (song_id, album_id, title, duration, genre, release_date, popularity_rank, image) VALUES (776, 33, 'Song fYNvFbAYs0', 202, 'Indie', '2008-11-27', 380, 'https://picsum.photos/id/290/200/200');
INSERT INTO SONGS (song_id, album_id, title, duration, genre, release_date, popularity_rank, image) VALUES (777, 58, 'Song FCLer00SjV', 473, 'Electronic', '2012-08-27', 958, 'https://picsum.photos/id/300/200/200');
INSERT INTO SONGS (song_id, album_id, title, duration, genre, release_date, popularity_rank, image) VALUES (778, 87, 'Song LNVV7LpFva', 437, 'Folk', '2012-04-16', 692, 'https://picsum.photos/id/245/200/200');
INSERT INTO SONGS (song_id, album_id, title, duration, genre, release_date, popularity_rank, image) VALUES (779, 21, 'Song Noj0an9oLt', 312, 'Rock', '2017-08-02', 696, 'https://picsum.photos/id/264/200/200');
INSERT INTO SONGS (song_id, album_id, title, duration, genre, release_date, popularity_rank, image) VALUES (780, 141, 'Song M945dx4Gcr', 152, 'Electronic', '2011-01-11', 828, 'https://picsum.photos/id/214/200/200');
INSERT INTO SONGS (song_id, album_id, title, duration, genre, release_date, popularity_rank, image) VALUES (781, 147, 'Song jdUsolSz0n', 192, 'Jazz', '2014-03-08', 963, 'https://picsum.photos/id/245/200/200');
INSERT INTO SONGS (song_id, album_id, title, duration, genre, release_date, popularity_rank, image) VALUES (782, 67, 'Song ah0lFRQrKj', 317, 'Metal', '2016-02-27', 149, 'https://picsum.photos/id/252/200/200');
INSERT INTO SONGS (song_id, album_id, title, duration, genre, release_date, popularity_rank, image) VALUES (783, 128, 'Song 7OFln6EDR7', 178, 'Metal', '2021-02-17', 306, 'https://picsum.photos/id/288/200/200');
INSERT INTO SONGS (song_id, album_id, title, duration, genre, release_date, popularity_rank, image) VALUES (784, 85, 'Song ihJsLt1zpB', 458, 'Dance', '2022-11-01', 308, 'https://picsum.photos/id/289/200/200');
INSERT INTO SONGS (song_id, album_id, title, duration, genre, release_date, popularity_rank, image) VALUES (785, 135, 'Song 0E74Dk657C', 210, 'Blues', '2017-07-08', 103, 'https://picsum.photos/id/282/200/200');
INSERT INTO SONGS (song_id, album_id, title, duration, genre, release_date, popularity_rank, image) VALUES (786, 150, 'Song kwfa7gSaZJ', 304, 'Classical', '2022-01-30', 462, 'https://picsum.photos/id/275/200/200');
INSERT INTO SONGS (song_id, album_id, title, duration, genre, release_date, popularity_rank, image) VALUES (787, 93, 'Song LuY8wLLAdF', 181, 'Classical', '2009-11-17', 929, 'https://picsum.photos/id/260/200/200');
INSERT INTO SONGS (song_id, album_id, title, duration, genre, release_date, popularity_rank, image) VALUES (788, 188, 'Song Qb6DKB6MqT', 399, 'Electronic', '2009-03-14', 385, 'https://picsum.photos/id/231/200/200');
INSERT INTO SONGS (song_id, album_id, title, duration, genre, release_date, popularity_rank, image) VALUES (789, 124, 'Song HlMt1WPG4q', 149, 'Blues', '2010-01-29', 908, 'https://picsum.photos/id/206/200/200');
INSERT INTO SONGS (song_id, album_id, title, duration, genre, release_date, popularity_rank, image) VALUES (790, 193, 'Song YeW6QRkgXz', 407, 'Blues', '2019-06-08', 424, 'https://picsum.photos/id/204/200/200');
INSERT INTO SONGS (song_id, album_id, title, duration, genre, release_date, popularity_rank, image) VALUES (791, 28, 'Song d8a3AshugH', 188, 'Country', '2023-10-15', 204, 'https://picsum.photos/id/297/200/200');
INSERT INTO SONGS (song_id, album_id, title, duration, genre, release_date, popularity_rank, image) VALUES (792, 69, 'Song Lp7v2sML2i', 389, 'Country', '2014-02-10', 904, 'https://picsum.photos/id/228/200/200');
INSERT INTO SONGS (song_id, album_id, title, duration, genre, release_date, popularity_rank, image) VALUES (793, 139, 'Song GVxWWVTo32', 400, 'R&B', '2019-12-22', 838, 'https://picsum.photos/id/278/200/200');
INSERT INTO SONGS (song_id, album_id, title, duration, genre, release_date, popularity_rank, image) VALUES (794, 123, 'Song kTxUjbPBCX', 131, 'Dance', '2009-01-31', 930, 'https://picsum.photos/id/251/200/200');
INSERT INTO SONGS (song_id, album_id, title, duration, genre, release_date, popularity_rank, image) VALUES (795, 66, 'Song qf9NzZTA7m', 289, 'R&B', '2013-07-18', 43, 'https://picsum.photos/id/293/200/200');
INSERT INTO SONGS (song_id, album_id, title, duration, genre, release_date, popularity_rank, image) VALUES (796, 169, 'Song 4AMd60ZewE', 357, 'Blues', '2021-07-17', 600, 'https://picsum.photos/id/261/200/200');
INSERT INTO SONGS (song_id, album_id, title, duration, genre, release_date, popularity_rank, image) VALUES (797, 32, 'Song aJFnnEGkYW', 197, 'Blues', '2016-01-10', 318, 'https://picsum.photos/id/265/200/200');
INSERT INTO SONGS (song_id, album_id, title, duration, genre, release_date, popularity_rank, image) VALUES (798, 55, 'Song Cpj6sWEAVo', 459, 'Rock', '2020-11-18', 977, 'https://picsum.photos/id/201/200/200');
INSERT INTO SONGS (song_id, album_id, title, duration, genre, release_date, popularity_rank, image) VALUES (799, 188, 'Song YdxcW7hYT9', 222, 'R&B', '2012-01-07', 189, 'https://picsum.photos/id/221/200/200');
INSERT INTO SONGS (song_id, album_id, title, duration, genre, release_date, popularity_rank, image) VALUES (800, 31, 'Song mrqeU57anI', 464, 'Country', '2013-08-04', 958, 'https://picsum.photos/id/223/200/200');
INSERT INTO SONGS (song_id, album_id, title, duration, genre, release_date, popularity_rank, image) VALUES (801, 12, 'Song lyYj6a2vyf', 408, 'Jazz', '2021-08-23', 889, 'https://picsum.photos/id/271/200/200');
INSERT INTO SONGS (song_id, album_id, title, duration, genre, release_date, popularity_rank, image) VALUES (802, 181, 'Song zV874wjtgo', 294, 'Hip Hop', '2010-01-14', 727, 'https://picsum.photos/id/217/200/200');
INSERT INTO SONGS (song_id, album_id, title, duration, genre, release_date, popularity_rank, image) VALUES (803, 188, 'Song YayxMWulKC', 266, 'Jazz', '2022-04-05', 790, 'https://picsum.photos/id/279/200/200');
INSERT INTO SONGS (song_id, album_id, title, duration, genre, release_date, popularity_rank, image) VALUES (804, 182, 'Song KrffkcMCt8', 402, 'R&B', '2012-10-07', 500, 'https://picsum.photos/id/287/200/200');
INSERT INTO SONGS (song_id, album_id, title, duration, genre, release_date, popularity_rank, image) VALUES (805, 1, 'Song f4A5zwcsST', 363, 'Dance', '2013-03-19', 214, 'https://picsum.photos/id/242/200/200');
INSERT INTO SONGS (song_id, album_id, title, duration, genre, release_date, popularity_rank, image) VALUES (806, 101, 'Song kNf5OCFljM', 456, 'Alternative', '2011-10-16', 876, 'https://picsum.photos/id/204/200/200');
INSERT INTO SONGS (song_id, album_id, title, duration, genre, release_date, popularity_rank, image) VALUES (807, 145, 'Song e0eW4LHVsx', 265, 'Metal', '2016-02-11', 600, 'https://picsum.photos/id/272/200/200');
INSERT INTO SONGS (song_id, album_id, title, duration, genre, release_date, popularity_rank, image) VALUES (808, 190, 'Song 2UOmLcso0O', 147, 'Electronic', '2014-09-29', 100, 'https://picsum.photos/id/224/200/200');
INSERT INTO SONGS (song_id, album_id, title, duration, genre, release_date, popularity_rank, image) VALUES (809, 23, 'Song GB7IJkC4sO', 200, 'Electronic', '2010-03-09', 884, 'https://picsum.photos/id/281/200/200');
INSERT INTO SONGS (song_id, album_id, title, duration, genre, release_date, popularity_rank, image) VALUES (810, 127, 'Song 9fVKnvFpUN', 459, 'Rock', '2024-03-24', 597, 'https://picsum.photos/id/300/200/200');
INSERT INTO SONGS (song_id, album_id, title, duration, genre, release_date, popularity_rank, image) VALUES (811, 95, 'Song 2xLjfSWZdG', 457, 'Indie', '2023-11-07', 201, 'https://picsum.photos/id/279/200/200');
INSERT INTO SONGS (song_id, album_id, title, duration, genre, release_date, popularity_rank, image) VALUES (812, 86, 'Song 6tSCkT1GKo', 226, 'Dance', '2010-11-12', 712, 'https://picsum.photos/id/281/200/200');
INSERT INTO SONGS (song_id, album_id, title, duration, genre, release_date, popularity_rank, image) VALUES (813, 83, 'Song bS9Lko6Ocv', 211, 'Blues', '2009-06-18', 952, 'https://picsum.photos/id/227/200/200');
INSERT INTO SONGS (song_id, album_id, title, duration, genre, release_date, popularity_rank, image) VALUES (814, 4, 'Song WTwUdvGKUk', 142, 'Electronic', '2023-10-23', 247, 'https://picsum.photos/id/224/200/200');
INSERT INTO SONGS (song_id, album_id, title, duration, genre, release_date, popularity_rank, image) VALUES (815, 107, 'Song vwW6SuVy1v', 399, 'Pop', '2016-02-29', 502, 'https://picsum.photos/id/265/200/200');
INSERT INTO SONGS (song_id, album_id, title, duration, genre, release_date, popularity_rank, image) VALUES (816, 161, 'Song lFpheiR3C2', 304, 'Metal', '2019-05-22', 365, 'https://picsum.photos/id/250/200/200');
INSERT INTO SONGS (song_id, album_id, title, duration, genre, release_date, popularity_rank, image) VALUES (817, 103, 'Song Tl2W0VwdO3', 317, 'Rock', '2020-08-24', 16, 'https://picsum.photos/id/245/200/200');
INSERT INTO SONGS (song_id, album_id, title, duration, genre, release_date, popularity_rank, image) VALUES (818, 124, 'Song y8F8DN8CjO', 313, 'Classical', '2012-12-22', 842, 'https://picsum.photos/id/216/200/200');
INSERT INTO SONGS (song_id, album_id, title, duration, genre, release_date, popularity_rank, image) VALUES (819, 199, 'Song R4zqAG9XSS', 298, 'Folk', '2019-02-02', 433, 'https://picsum.photos/id/273/200/200');
INSERT INTO SONGS (song_id, album_id, title, duration, genre, release_date, popularity_rank, image) VALUES (820, 136, 'Song h0AwEmy8MI', 416, 'Jazz', '2014-07-30', 846, 'https://picsum.photos/id/251/200/200');
INSERT INTO SONGS (song_id, album_id, title, duration, genre, release_date, popularity_rank, image) VALUES (821, 110, 'Song JcrtpbzKF3', 280, 'Alternative', '2008-10-01', 789, 'https://picsum.photos/id/296/200/200');
INSERT INTO SONGS (song_id, album_id, title, duration, genre, release_date, popularity_rank, image) VALUES (822, 118, 'Song wGMxH8YLsd', 389, 'Rock', '2008-10-02', 107, 'https://picsum.photos/id/274/200/200');
INSERT INTO SONGS (song_id, album_id, title, duration, genre, release_date, popularity_rank, image) VALUES (823, 62, 'Song ItAAJe04nj', 301, 'Blues', '2016-09-19', 939, 'https://picsum.photos/id/247/200/200');
INSERT INTO SONGS (song_id, album_id, title, duration, genre, release_date, popularity_rank, image) VALUES (824, 175, 'Song 7euzzg9goQ', 324, 'Indie', '2013-12-25', 902, 'https://picsum.photos/id/263/200/200');
INSERT INTO SONGS (song_id, album_id, title, duration, genre, release_date, popularity_rank, image) VALUES (825, 23, 'Song secaDk7Vg3', 203, 'Hip Hop', '2016-04-18', 854, 'https://picsum.photos/id/256/200/200');
INSERT INTO SONGS (song_id, album_id, title, duration, genre, release_date, popularity_rank, image) VALUES (826, 138, 'Song ir510iJa5N', 157, 'Indie', '2008-08-30', 323, 'https://picsum.photos/id/210/200/200');
INSERT INTO SONGS (song_id, album_id, title, duration, genre, release_date, popularity_rank, image) VALUES (827, 101, 'Song bAMOeD7DMw', 354, 'Jazz', '2010-01-16', 93, 'https://picsum.photos/id/249/200/200');
INSERT INTO SONGS (song_id, album_id, title, duration, genre, release_date, popularity_rank, image) VALUES (828, 132, 'Song r65qcGlWdA', 180, 'Dance', '2008-05-20', 613, 'https://picsum.photos/id/217/200/200');
INSERT INTO SONGS (song_id, album_id, title, duration, genre, release_date, popularity_rank, image) VALUES (829, 61, 'Song O4skRQfDNu', 200, 'Folk', '2008-12-27', 9, 'https://picsum.photos/id/226/200/200');
INSERT INTO SONGS (song_id, album_id, title, duration, genre, release_date, popularity_rank, image) VALUES (830, 4, 'Song 19g91RqY8I', 328, 'Hip Hop', '2018-07-27', 290, 'https://picsum.photos/id/211/200/200');
INSERT INTO SONGS (song_id, album_id, title, duration, genre, release_date, popularity_rank, image) VALUES (831, 161, 'Song Gq7FsQbyZO', 325, 'Hip Hop', '2017-03-15', 150, 'https://picsum.photos/id/208/200/200');
INSERT INTO SONGS (song_id, album_id, title, duration, genre, release_date, popularity_rank, image) VALUES (832, 50, 'Song InR6tedhsY', 456, 'R&B', '2022-02-27', 904, 'https://picsum.photos/id/297/200/200');
INSERT INTO SONGS (song_id, album_id, title, duration, genre, release_date, popularity_rank, image) VALUES (833, 164, 'Song o7Q6IjcGC3', 464, 'Classical', '2009-03-04', 658, 'https://picsum.photos/id/248/200/200');
INSERT INTO SONGS (song_id, album_id, title, duration, genre, release_date, popularity_rank, image) VALUES (834, 106, 'Song sLH1imCOct', 256, 'Classical', '2014-12-10', 820, 'https://picsum.photos/id/285/200/200');
INSERT INTO SONGS (song_id, album_id, title, duration, genre, release_date, popularity_rank, image) VALUES (835, 156, 'Song 25znyj8daM', 420, 'Blues', '2014-07-21', 928, 'https://picsum.photos/id/285/200/200');
INSERT INTO SONGS (song_id, album_id, title, duration, genre, release_date, popularity_rank, image) VALUES (836, 80, 'Song rihzKIZQve', 163, 'Metal', '2012-09-25', 668, 'https://picsum.photos/id/216/200/200');
INSERT INTO SONGS (song_id, album_id, title, duration, genre, release_date, popularity_rank, image) VALUES (837, 31, 'Song GWrB3v3OWQ', 213, 'Pop', '2008-11-06', 940, 'https://picsum.photos/id/211/200/200');
INSERT INTO SONGS (song_id, album_id, title, duration, genre, release_date, popularity_rank, image) VALUES (838, 183, 'Song 7pXGF4KqHi', 463, 'Alternative', '2016-08-30', 114, 'https://picsum.photos/id/233/200/200');
INSERT INTO SONGS (song_id, album_id, title, duration, genre, release_date, popularity_rank, image) VALUES (839, 167, 'Song ZCx6ZHqND6', 475, 'Metal', '2024-02-04', 112, 'https://picsum.photos/id/292/200/200');
INSERT INTO SONGS (song_id, album_id, title, duration, genre, release_date, popularity_rank, image) VALUES (840, 98, 'Song mMswU6Tr38', 120, 'Jazz', '2011-03-14', 113, 'https://picsum.photos/id/204/200/200');
INSERT INTO SONGS (song_id, album_id, title, duration, genre, release_date, popularity_rank, image) VALUES (841, 200, 'Song pGPsm37lOI', 280, 'Classical', '2008-04-27', 442, 'https://picsum.photos/id/275/200/200');
INSERT INTO SONGS (song_id, album_id, title, duration, genre, release_date, popularity_rank, image) VALUES (842, 162, 'Song D2gFYDUtuX', 186, 'Country', '2014-07-21', 462, 'https://picsum.photos/id/265/200/200');
INSERT INTO SONGS (song_id, album_id, title, duration, genre, release_date, popularity_rank, image) VALUES (843, 73, 'Song FoAf1zv6Rd', 389, 'Dance', '2011-03-24', 568, 'https://picsum.photos/id/224/200/200');
INSERT INTO SONGS (song_id, album_id, title, duration, genre, release_date, popularity_rank, image) VALUES (844, 2, 'Song fLt9DqcyP3', 410, 'Classical', '2009-07-30', 119, 'https://picsum.photos/id/243/200/200');
INSERT INTO SONGS (song_id, album_id, title, duration, genre, release_date, popularity_rank, image) VALUES (845, 135, 'Song GIjSJVYy9e', 227, 'R&B', '2010-05-19', 145, 'https://picsum.photos/id/209/200/200');
INSERT INTO SONGS (song_id, album_id, title, duration, genre, release_date, popularity_rank, image) VALUES (846, 71, 'Song fMjiIsj24a', 429, 'Folk', '2012-06-19', 509, 'https://picsum.photos/id/237/200/200');
INSERT INTO SONGS (song_id, album_id, title, duration, genre, release_date, popularity_rank, image) VALUES (847, 130, 'Song FslCW49niV', 149, 'Electronic', '2014-12-30', 71, 'https://picsum.photos/id/271/200/200');
INSERT INTO SONGS (song_id, album_id, title, duration, genre, release_date, popularity_rank, image) VALUES (848, 54, 'Song xODox6B8RU', 432, 'Reggae', '2016-10-26', 240, 'https://picsum.photos/id/258/200/200');
INSERT INTO SONGS (song_id, album_id, title, duration, genre, release_date, popularity_rank, image) VALUES (849, 174, 'Song tMgwdYGF3f', 358, 'Rock', '2022-03-11', 77, 'https://picsum.photos/id/231/200/200');
INSERT INTO SONGS (song_id, album_id, title, duration, genre, release_date, popularity_rank, image) VALUES (850, 101, 'Song 8h6y68kC05', 415, 'R&B', '2022-10-18', 629, 'https://picsum.photos/id/300/200/200');
INSERT INTO SONGS (song_id, album_id, title, duration, genre, release_date, popularity_rank, image) VALUES (851, 28, 'Song V4BYnVn7Tb', 180, 'Jazz', '2009-09-19', 957, 'https://picsum.photos/id/278/200/200');
INSERT INTO SONGS (song_id, album_id, title, duration, genre, release_date, popularity_rank, image) VALUES (852, 122, 'Song HiZjiLtgCT', 215, 'Electronic', '2010-04-10', 45, 'https://picsum.photos/id/257/200/200');
INSERT INTO SONGS (song_id, album_id, title, duration, genre, release_date, popularity_rank, image) VALUES (853, 137, 'Song 69A1em6pkm', 229, 'Rock', '2024-01-17', 995, 'https://picsum.photos/id/290/200/200');
INSERT INTO SONGS (song_id, album_id, title, duration, genre, release_date, popularity_rank, image) VALUES (854, 177, 'Song 4lrVuDRBZS', 292, 'Jazz', '2020-12-25', 875, 'https://picsum.photos/id/274/200/200');
INSERT INTO SONGS (song_id, album_id, title, duration, genre, release_date, popularity_rank, image) VALUES (855, 2, 'Song s2mfLcp7ey', 260, 'Reggae', '2013-05-18', 975, 'https://picsum.photos/id/270/200/200');
INSERT INTO SONGS (song_id, album_id, title, duration, genre, release_date, popularity_rank, image) VALUES (856, 183, 'Song ysGgZ1LCSF', 210, 'Folk', '2018-05-21', 633, 'https://picsum.photos/id/294/200/200');
INSERT INTO SONGS (song_id, album_id, title, duration, genre, release_date, popularity_rank, image) VALUES (857, 132, 'Song wJTqIPy714', 278, 'Country', '2013-12-01', 384, 'https://picsum.photos/id/264/200/200');
INSERT INTO SONGS (song_id, album_id, title, duration, genre, release_date, popularity_rank, image) VALUES (858, 8, 'Song wwXa7Qno5P', 389, 'Pop', '2014-09-19', 568, 'https://picsum.photos/id/210/200/200');
INSERT INTO SONGS (song_id, album_id, title, duration, genre, release_date, popularity_rank, image) VALUES (859, 60, 'Song DurxCu7Imo', 182, 'Pop', '2014-04-18', 238, 'https://picsum.photos/id/214/200/200');
INSERT INTO SONGS (song_id, album_id, title, duration, genre, release_date, popularity_rank, image) VALUES (860, 103, 'Song xdAOFL3mTQ', 404, 'Electronic', '2017-06-21', 250, 'https://picsum.photos/id/287/200/200');
INSERT INTO SONGS (song_id, album_id, title, duration, genre, release_date, popularity_rank, image) VALUES (861, 38, 'Song t1i96SBt6h', 137, 'Dance', '2015-08-01', 289, 'https://picsum.photos/id/212/200/200');
INSERT INTO SONGS (song_id, album_id, title, duration, genre, release_date, popularity_rank, image) VALUES (862, 186, 'Song Bss1ntQNYs', 132, 'Rock', '2015-04-08', 886, 'https://picsum.photos/id/258/200/200');
INSERT INTO SONGS (song_id, album_id, title, duration, genre, release_date, popularity_rank, image) VALUES (863, 7, 'Song pUkdqcCuq8', 392, 'Rock', '2008-08-18', 225, 'https://picsum.photos/id/231/200/200');
INSERT INTO SONGS (song_id, album_id, title, duration, genre, release_date, popularity_rank, image) VALUES (864, 122, 'Song JTXBvIu2J9', 327, 'Electronic', '2014-10-30', 842, 'https://picsum.photos/id/279/200/200');
INSERT INTO SONGS (song_id, album_id, title, duration, genre, release_date, popularity_rank, image) VALUES (865, 79, 'Song ik5Za3D7jW', 147, 'Blues', '2016-12-30', 339, 'https://picsum.photos/id/203/200/200');
INSERT INTO SONGS (song_id, album_id, title, duration, genre, release_date, popularity_rank, image) VALUES (866, 60, 'Song jeq8LW3isO', 173, 'Jazz', '2016-01-31', 676, 'https://picsum.photos/id/271/200/200');
INSERT INTO SONGS (song_id, album_id, title, duration, genre, release_date, popularity_rank, image) VALUES (867, 21, 'Song EqpbN4gREQ', 210, 'Country', '2022-09-11', 399, 'https://picsum.photos/id/210/200/200');
INSERT INTO SONGS (song_id, album_id, title, duration, genre, release_date, popularity_rank, image) VALUES (868, 188, 'Song 2lJyh7Id2d', 319, 'Classical', '2009-05-14', 696, 'https://picsum.photos/id/240/200/200');
INSERT INTO SONGS (song_id, album_id, title, duration, genre, release_date, popularity_rank, image) VALUES (869, 15, 'Song EwUHdXuZY4', 437, 'Blues', '2013-03-20', 48, 'https://picsum.photos/id/253/200/200');
INSERT INTO SONGS (song_id, album_id, title, duration, genre, release_date, popularity_rank, image) VALUES (870, 182, 'Song t9PRJunysM', 350, 'Electronic', '2019-05-13', 29, 'https://picsum.photos/id/203/200/200');
INSERT INTO SONGS (song_id, album_id, title, duration, genre, release_date, popularity_rank, image) VALUES (871, 100, 'Song njtGteHVeF', 211, 'Classical', '2021-02-21', 315, 'https://picsum.photos/id/246/200/200');
INSERT INTO SONGS (song_id, album_id, title, duration, genre, release_date, popularity_rank, image) VALUES (872, 131, 'Song WS7S3UstzI', 469, 'Dance', '2024-03-22', 975, 'https://picsum.photos/id/290/200/200');
INSERT INTO SONGS (song_id, album_id, title, duration, genre, release_date, popularity_rank, image) VALUES (873, 178, 'Song iA98SKQstA', 290, 'Classical', '2011-02-07', 44, 'https://picsum.photos/id/217/200/200');
INSERT INTO SONGS (song_id, album_id, title, duration, genre, release_date, popularity_rank, image) VALUES (874, 70, 'Song qWiByrcf80', 169, 'Blues', '2018-05-22', 815, 'https://picsum.photos/id/286/200/200');
INSERT INTO SONGS (song_id, album_id, title, duration, genre, release_date, popularity_rank, image) VALUES (875, 137, 'Song E7RkxhxXFq', 379, 'Metal', '2022-06-24', 548, 'https://picsum.photos/id/218/200/200');
INSERT INTO SONGS (song_id, album_id, title, duration, genre, release_date, popularity_rank, image) VALUES (876, 59, 'Song ffpn5IvA39', 332, 'Blues', '2022-12-23', 419, 'https://picsum.photos/id/246/200/200');
INSERT INTO SONGS (song_id, album_id, title, duration, genre, release_date, popularity_rank, image) VALUES (877, 6, 'Song a0UFa5rMMy', 443, 'Country', '2023-02-03', 602, 'https://picsum.photos/id/243/200/200');
INSERT INTO SONGS (song_id, album_id, title, duration, genre, release_date, popularity_rank, image) VALUES (878, 183, 'Song e2uJ1GWL1D', 209, 'Country', '2020-05-17', 167, 'https://picsum.photos/id/292/200/200');
INSERT INTO SONGS (song_id, album_id, title, duration, genre, release_date, popularity_rank, image) VALUES (879, 162, 'Song Mt0daVDFPh', 372, 'Hip Hop', '2022-09-08', 108, 'https://picsum.photos/id/255/200/200');
INSERT INTO SONGS (song_id, album_id, title, duration, genre, release_date, popularity_rank, image) VALUES (880, 150, 'Song 0LYo6uxIf2', 170, 'Metal', '2014-11-02', 606, 'https://picsum.photos/id/224/200/200');
INSERT INTO SONGS (song_id, album_id, title, duration, genre, release_date, popularity_rank, image) VALUES (881, 34, 'Song 9PvC53BBx6', 320, 'Alternative', '2020-04-16', 983, 'https://picsum.photos/id/228/200/200');
INSERT INTO SONGS (song_id, album_id, title, duration, genre, release_date, popularity_rank, image) VALUES (882, 63, 'Song kETPYguPJT', 227, 'Electronic', '2011-06-24', 327, 'https://picsum.photos/id/300/200/200');
INSERT INTO SONGS (song_id, album_id, title, duration, genre, release_date, popularity_rank, image) VALUES (883, 107, 'Song i15PDaYyBe', 412, 'Country', '2009-09-12', 6, 'https://picsum.photos/id/235/200/200');
INSERT INTO SONGS (song_id, album_id, title, duration, genre, release_date, popularity_rank, image) VALUES (884, 20, 'Song 1rjvsx8nMI', 197, 'Alternative', '2013-06-07', 156, 'https://picsum.photos/id/234/200/200');
INSERT INTO SONGS (song_id, album_id, title, duration, genre, release_date, popularity_rank, image) VALUES (885, 140, 'Song Ax5lGySYig', 323, 'Reggae', '2022-03-24', 861, 'https://picsum.photos/id/266/200/200');
INSERT INTO SONGS (song_id, album_id, title, duration, genre, release_date, popularity_rank, image) VALUES (886, 45, 'Song fkfVXKXRyR', 234, 'Country', '2009-08-26', 495, 'https://picsum.photos/id/215/200/200');
INSERT INTO SONGS (song_id, album_id, title, duration, genre, release_date, popularity_rank, image) VALUES (887, 138, 'Song PqaKUbDJ9z', 325, 'Folk', '2020-07-18', 690, 'https://picsum.photos/id/226/200/200');
INSERT INTO SONGS (song_id, album_id, title, duration, genre, release_date, popularity_rank, image) VALUES (888, 84, 'Song Ho1pHhlrFB', 160, 'Jazz', '2012-04-10', 865, 'https://picsum.photos/id/226/200/200');
INSERT INTO SONGS (song_id, album_id, title, duration, genre, release_date, popularity_rank, image) VALUES (889, 31, 'Song bMcDq6BG9X', 225, 'Metal', '2023-09-11', 187, 'https://picsum.photos/id/252/200/200');
INSERT INTO SONGS (song_id, album_id, title, duration, genre, release_date, popularity_rank, image) VALUES (890, 24, 'Song Ptv4LUbNQp', 286, 'Blues', '2022-07-25', 759, 'https://picsum.photos/id/225/200/200');
INSERT INTO SONGS (song_id, album_id, title, duration, genre, release_date, popularity_rank, image) VALUES (891, 57, 'Song rkoWyjtOLb', 419, 'Classical', '2022-07-30', 328, 'https://picsum.photos/id/207/200/200');
INSERT INTO SONGS (song_id, album_id, title, duration, genre, release_date, popularity_rank, image) VALUES (892, 158, 'Song I3GByzay73', 329, 'R&B', '2013-04-23', 642, 'https://picsum.photos/id/243/200/200');
INSERT INTO SONGS (song_id, album_id, title, duration, genre, release_date, popularity_rank, image) VALUES (893, 26, 'Song KW9MQCAtZx', 187, 'Classical', '2015-02-24', 318, 'https://picsum.photos/id/271/200/200');
INSERT INTO SONGS (song_id, album_id, title, duration, genre, release_date, popularity_rank, image) VALUES (894, 192, 'Song XK3PN0jH3M', 177, 'Electronic', '2015-08-21', 974, 'https://picsum.photos/id/235/200/200');
INSERT INTO SONGS (song_id, album_id, title, duration, genre, release_date, popularity_rank, image) VALUES (895, 31, 'Song Z5LU1P3X6P', 257, 'Country', '2021-08-15', 582, 'https://picsum.photos/id/208/200/200');
INSERT INTO SONGS (song_id, album_id, title, duration, genre, release_date, popularity_rank, image) VALUES (896, 66, 'Song 2P7RNdAser', 447, 'Pop', '2014-12-02', 620, 'https://picsum.photos/id/287/200/200');
INSERT INTO SONGS (song_id, album_id, title, duration, genre, release_date, popularity_rank, image) VALUES (897, 76, 'Song 5Of01X0mnV', 354, 'Reggae', '2012-09-17', 107, 'https://picsum.photos/id/255/200/200');
INSERT INTO SONGS (song_id, album_id, title, duration, genre, release_date, popularity_rank, image) VALUES (898, 15, 'Song m9Qj4EVOMI', 244, 'Hip Hop', '2020-10-11', 101, 'https://picsum.photos/id/277/200/200');
INSERT INTO SONGS (song_id, album_id, title, duration, genre, release_date, popularity_rank, image) VALUES (899, 140, 'Song nV4AhzZtgR', 363, 'Hip Hop', '2009-07-07', 641, 'https://picsum.photos/id/255/200/200');
INSERT INTO SONGS (song_id, album_id, title, duration, genre, release_date, popularity_rank, image) VALUES (900, 59, 'Song nG1VvLOqR9', 197, 'Folk', '2017-03-23', 38, 'https://picsum.photos/id/249/200/200');
INSERT INTO SONGS (song_id, album_id, title, duration, genre, release_date, popularity_rank, image) VALUES (901, 37, 'Song Odn9yxg1xI', 196, 'Hip Hop', '2024-02-26', 81, 'https://picsum.photos/id/278/200/200');
INSERT INTO SONGS (song_id, album_id, title, duration, genre, release_date, popularity_rank, image) VALUES (902, 189, 'Song wuNlb7P0Ra', 286, 'Country', '2008-04-16', 56, 'https://picsum.photos/id/277/200/200');
INSERT INTO SONGS (song_id, album_id, title, duration, genre, release_date, popularity_rank, image) VALUES (903, 171, 'Song GiQ6uVMMHo', 256, 'Dance', '2020-04-04', 317, 'https://picsum.photos/id/258/200/200');
INSERT INTO SONGS (song_id, album_id, title, duration, genre, release_date, popularity_rank, image) VALUES (904, 138, 'Song 2yqv8V5kLM', 252, 'Dance', '2012-08-26', 953, 'https://picsum.photos/id/291/200/200');
INSERT INTO SONGS (song_id, album_id, title, duration, genre, release_date, popularity_rank, image) VALUES (905, 26, 'Song dULDRGidmZ', 126, 'Pop', '2019-12-15', 325, 'https://picsum.photos/id/206/200/200');
INSERT INTO SONGS (song_id, album_id, title, duration, genre, release_date, popularity_rank, image) VALUES (906, 6, 'Song bBXzSk3dsS', 149, 'Metal', '2015-03-12', 36, 'https://picsum.photos/id/266/200/200');
INSERT INTO SONGS (song_id, album_id, title, duration, genre, release_date, popularity_rank, image) VALUES (907, 71, 'Song rJkqDmZH5A', 327, 'Reggae', '2019-03-26', 546, 'https://picsum.photos/id/262/200/200');
INSERT INTO SONGS (song_id, album_id, title, duration, genre, release_date, popularity_rank, image) VALUES (908, 160, 'Song pckK303mSq', 234, 'Hip Hop', '2009-07-23', 709, 'https://picsum.photos/id/292/200/200');
INSERT INTO SONGS (song_id, album_id, title, duration, genre, release_date, popularity_rank, image) VALUES (909, 17, 'Song tbf5MrDvF9', 432, 'R&B', '2009-05-20', 308, 'https://picsum.photos/id/274/200/200');
INSERT INTO SONGS (song_id, album_id, title, duration, genre, release_date, popularity_rank, image) VALUES (910, 85, 'Song 6gO6tNYByq', 286, 'R&B', '2013-07-09', 544, 'https://picsum.photos/id/214/200/200');
INSERT INTO SONGS (song_id, album_id, title, duration, genre, release_date, popularity_rank, image) VALUES (911, 187, 'Song jWxAQqOCzs', 408, 'Alternative', '2023-10-29', 55, 'https://picsum.photos/id/275/200/200');
INSERT INTO SONGS (song_id, album_id, title, duration, genre, release_date, popularity_rank, image) VALUES (912, 43, 'Song 9vzsRynHkj', 424, 'Metal', '2020-04-25', 851, 'https://picsum.photos/id/278/200/200');
INSERT INTO SONGS (song_id, album_id, title, duration, genre, release_date, popularity_rank, image) VALUES (913, 45, 'Song A8P74TvlVR', 471, 'Folk', '2017-06-14', 273, 'https://picsum.photos/id/276/200/200');
INSERT INTO SONGS (song_id, album_id, title, duration, genre, release_date, popularity_rank, image) VALUES (914, 92, 'Song ND77y9f7lo', 143, 'Indie', '2016-02-09', 181, 'https://picsum.photos/id/276/200/200');
INSERT INTO SONGS (song_id, album_id, title, duration, genre, release_date, popularity_rank, image) VALUES (915, 153, 'Song pbjDfUPub2', 473, 'Hip Hop', '2017-08-24', 687, 'https://picsum.photos/id/239/200/200');
INSERT INTO SONGS (song_id, album_id, title, duration, genre, release_date, popularity_rank, image) VALUES (916, 64, 'Song 3wi6XyakAX', 175, 'Dance', '2014-03-02', 349, 'https://picsum.photos/id/232/200/200');
INSERT INTO SONGS (song_id, album_id, title, duration, genre, release_date, popularity_rank, image) VALUES (917, 68, 'Song notJq7gXyI', 234, 'Pop', '2015-06-20', 739, 'https://picsum.photos/id/244/200/200');
INSERT INTO SONGS (song_id, album_id, title, duration, genre, release_date, popularity_rank, image) VALUES (918, 60, 'Song FJuzfixClb', 150, 'Classical', '2019-01-03', 263, 'https://picsum.photos/id/278/200/200');
INSERT INTO SONGS (song_id, album_id, title, duration, genre, release_date, popularity_rank, image) VALUES (919, 144, 'Song UvAMEzvWMH', 368, 'Dance', '2008-06-02', 812, 'https://picsum.photos/id/207/200/200');
INSERT INTO SONGS (song_id, album_id, title, duration, genre, release_date, popularity_rank, image) VALUES (920, 177, 'Song OJNETYLROh', 444, 'Country', '2020-03-08', 928, 'https://picsum.photos/id/210/200/200');
INSERT INTO SONGS (song_id, album_id, title, duration, genre, release_date, popularity_rank, image) VALUES (921, 91, 'Song ck1Vif5SXr', 450, 'Country', '2016-12-07', 776, 'https://picsum.photos/id/212/200/200');
INSERT INTO SONGS (song_id, album_id, title, duration, genre, release_date, popularity_rank, image) VALUES (922, 51, 'Song JwY6IBA7bC', 470, 'Indie', '2009-04-09', 107, 'https://picsum.photos/id/227/200/200');
INSERT INTO SONGS (song_id, album_id, title, duration, genre, release_date, popularity_rank, image) VALUES (923, 108, 'Song WWPfOzeJY9', 238, 'R&B', '2017-04-18', 704, 'https://picsum.photos/id/206/200/200');
INSERT INTO SONGS (song_id, album_id, title, duration, genre, release_date, popularity_rank, image) VALUES (924, 57, 'Song yT6bQ22Hwx', 249, 'Hip Hop', '2021-09-16', 819, 'https://picsum.photos/id/263/200/200');
INSERT INTO SONGS (song_id, album_id, title, duration, genre, release_date, popularity_rank, image) VALUES (925, 60, 'Song 91rxMWgVB0', 411, 'Electronic', '2014-08-23', 857, 'https://picsum.photos/id/249/200/200');
INSERT INTO SONGS (song_id, album_id, title, duration, genre, release_date, popularity_rank, image) VALUES (926, 160, 'Song 8SGHacmEPC', 353, 'Blues', '2018-12-02', 309, 'https://picsum.photos/id/233/200/200');
INSERT INTO SONGS (song_id, album_id, title, duration, genre, release_date, popularity_rank, image) VALUES (927, 197, 'Song YgzhhXXVYj', 181, 'Indie', '2023-12-06', 304, 'https://picsum.photos/id/292/200/200');
INSERT INTO SONGS (song_id, album_id, title, duration, genre, release_date, popularity_rank, image) VALUES (928, 45, 'Song eEtuwC6a1W', 223, 'R&B', '2019-08-08', 824, 'https://picsum.photos/id/224/200/200');
INSERT INTO SONGS (song_id, album_id, title, duration, genre, release_date, popularity_rank, image) VALUES (929, 22, 'Song rUitkf8bBW', 439, 'Alternative', '2019-12-15', 852, 'https://picsum.photos/id/269/200/200');
INSERT INTO SONGS (song_id, album_id, title, duration, genre, release_date, popularity_rank, image) VALUES (930, 75, 'Song hMv3TlW82O', 469, 'Country', '2008-08-31', 466, 'https://picsum.photos/id/289/200/200');
INSERT INTO SONGS (song_id, album_id, title, duration, genre, release_date, popularity_rank, image) VALUES (931, 96, 'Song Lx5CaNB2HH', 241, 'Alternative', '2008-06-26', 567, 'https://picsum.photos/id/208/200/200');
INSERT INTO SONGS (song_id, album_id, title, duration, genre, release_date, popularity_rank, image) VALUES (932, 173, 'Song Xxl34l4FzC', 248, 'Country', '2009-02-21', 789, 'https://picsum.photos/id/280/200/200');
INSERT INTO SONGS (song_id, album_id, title, duration, genre, release_date, popularity_rank, image) VALUES (933, 142, 'Song scY7P9qYL3', 471, 'Pop', '2009-09-25', 560, 'https://picsum.photos/id/260/200/200');
INSERT INTO SONGS (song_id, album_id, title, duration, genre, release_date, popularity_rank, image) VALUES (934, 112, 'Song HYn6lKbb0d', 207, 'Hip Hop', '2008-05-16', 48, 'https://picsum.photos/id/272/200/200');
INSERT INTO SONGS (song_id, album_id, title, duration, genre, release_date, popularity_rank, image) VALUES (935, 131, 'Song sKhrTCtKbP', 393, 'Rock', '2015-01-10', 887, 'https://picsum.photos/id/271/200/200');
INSERT INTO SONGS (song_id, album_id, title, duration, genre, release_date, popularity_rank, image) VALUES (936, 142, 'Song 0c9aNb3s6l', 233, 'Classical', '2016-01-17', 790, 'https://picsum.photos/id/243/200/200');
INSERT INTO SONGS (song_id, album_id, title, duration, genre, release_date, popularity_rank, image) VALUES (937, 145, 'Song TUyzyiDBhe', 375, 'Jazz', '2009-12-01', 942, 'https://picsum.photos/id/285/200/200');
INSERT INTO SONGS (song_id, album_id, title, duration, genre, release_date, popularity_rank, image) VALUES (938, 111, 'Song ZoO86PANHV', 159, 'Alternative', '2019-08-19', 741, 'https://picsum.photos/id/209/200/200');
INSERT INTO SONGS (song_id, album_id, title, duration, genre, release_date, popularity_rank, image) VALUES (939, 156, 'Song pUWRDMbuqX', 475, 'Indie', '2019-07-01', 893, 'https://picsum.photos/id/228/200/200');
INSERT INTO SONGS (song_id, album_id, title, duration, genre, release_date, popularity_rank, image) VALUES (940, 49, 'Song uDiingxmap', 455, 'Metal', '2020-10-26', 729, 'https://picsum.photos/id/243/200/200');
INSERT INTO SONGS (song_id, album_id, title, duration, genre, release_date, popularity_rank, image) VALUES (941, 80, 'Song fS73NqMWkh', 423, 'R&B', '2011-07-11', 339, 'https://picsum.photos/id/232/200/200');
INSERT INTO SONGS (song_id, album_id, title, duration, genre, release_date, popularity_rank, image) VALUES (942, 131, 'Song prmY7d5f3z', 124, 'Reggae', '2018-09-15', 586, 'https://picsum.photos/id/288/200/200');
INSERT INTO SONGS (song_id, album_id, title, duration, genre, release_date, popularity_rank, image) VALUES (943, 117, 'Song 2Uav3jtYEE', 410, 'Electronic', '2022-10-03', 806, 'https://picsum.photos/id/290/200/200');
INSERT INTO SONGS (song_id, album_id, title, duration, genre, release_date, popularity_rank, image) VALUES (944, 152, 'Song npuESX3LH3', 173, 'Hip Hop', '2013-08-30', 913, 'https://picsum.photos/id/253/200/200');
INSERT INTO SONGS (song_id, album_id, title, duration, genre, release_date, popularity_rank, image) VALUES (945, 67, 'Song dBFDDbdOik', 452, 'Alternative', '2016-10-19', 905, 'https://picsum.photos/id/218/200/200');
INSERT INTO SONGS (song_id, album_id, title, duration, genre, release_date, popularity_rank, image) VALUES (946, 130, 'Song mzQvAmbDRX', 351, 'Indie', '2021-01-03', 507, 'https://picsum.photos/id/208/200/200');
INSERT INTO SONGS (song_id, album_id, title, duration, genre, release_date, popularity_rank, image) VALUES (947, 104, 'Song 5op7s9Qv9G', 334, 'Dance', '2019-03-02', 259, 'https://picsum.photos/id/224/200/200');
INSERT INTO SONGS (song_id, album_id, title, duration, genre, release_date, popularity_rank, image) VALUES (948, 28, 'Song pPIMRWZgF6', 147, 'Indie', '2021-05-25', 83, 'https://picsum.photos/id/252/200/200');
INSERT INTO SONGS (song_id, album_id, title, duration, genre, release_date, popularity_rank, image) VALUES (949, 109, 'Song tw5Ven0S94', 189, 'Hip Hop', '2014-09-10', 483, 'https://picsum.photos/id/246/200/200');
INSERT INTO SONGS (song_id, album_id, title, duration, genre, release_date, popularity_rank, image) VALUES (950, 46, 'Song KKWoFEoLAP', 394, 'Reggae', '2012-05-09', 9, 'https://picsum.photos/id/291/200/200');
INSERT INTO SONGS (song_id, album_id, title, duration, genre, release_date, popularity_rank, image) VALUES (951, 164, 'Song Yz7K09oqTY', 243, 'Hip Hop', '2019-07-13', 669, 'https://picsum.photos/id/300/200/200');
INSERT INTO SONGS (song_id, album_id, title, duration, genre, release_date, popularity_rank, image) VALUES (952, 177, 'Song uf4qTr8yVg', 196, 'R&B', '2023-10-31', 859, 'https://picsum.photos/id/227/200/200');
INSERT INTO SONGS (song_id, album_id, title, duration, genre, release_date, popularity_rank, image) VALUES (953, 122, 'Song kRCenGpULi', 474, 'Folk', '2022-12-20', 932, 'https://picsum.photos/id/213/200/200');
INSERT INTO SONGS (song_id, album_id, title, duration, genre, release_date, popularity_rank, image) VALUES (954, 72, 'Song 0dOwDTxJ2s', 428, 'Alternative', '2009-05-10', 851, 'https://picsum.photos/id/237/200/200');
INSERT INTO SONGS (song_id, album_id, title, duration, genre, release_date, popularity_rank, image) VALUES (955, 29, 'Song LPaWFIguhv', 339, 'Blues', '2009-01-18', 43, 'https://picsum.photos/id/251/200/200');
INSERT INTO SONGS (song_id, album_id, title, duration, genre, release_date, popularity_rank, image) VALUES (956, 20, 'Song rniRv5L6lu', 347, 'R&B', '2009-05-28', 953, 'https://picsum.photos/id/239/200/200');
INSERT INTO SONGS (song_id, album_id, title, duration, genre, release_date, popularity_rank, image) VALUES (957, 110, 'Song vODsNykrxx', 434, 'Indie', '2009-05-11', 699, 'https://picsum.photos/id/274/200/200');
INSERT INTO SONGS (song_id, album_id, title, duration, genre, release_date, popularity_rank, image) VALUES (958, 167, 'Song AedUg6Whsl', 222, 'Reggae', '2011-12-02', 512, 'https://picsum.photos/id/217/200/200');
INSERT INTO SONGS (song_id, album_id, title, duration, genre, release_date, popularity_rank, image) VALUES (959, 4, 'Song e4wORhWKVR', 147, 'Jazz', '2023-07-20', 157, 'https://picsum.photos/id/280/200/200');
INSERT INTO SONGS (song_id, album_id, title, duration, genre, release_date, popularity_rank, image) VALUES (960, 43, 'Song wHg2BjQiNN', 165, 'Rock', '2016-09-12', 26, 'https://picsum.photos/id/252/200/200');
INSERT INTO SONGS (song_id, album_id, title, duration, genre, release_date, popularity_rank, image) VALUES (961, 23, 'Song rxSZckCcuj', 243, 'Hip Hop', '2013-11-11', 236, 'https://picsum.photos/id/211/200/200');
INSERT INTO SONGS (song_id, album_id, title, duration, genre, release_date, popularity_rank, image) VALUES (962, 174, 'Song aoruVh7fi8', 280, 'Metal', '2014-05-18', 535, 'https://picsum.photos/id/269/200/200');
INSERT INTO SONGS (song_id, album_id, title, duration, genre, release_date, popularity_rank, image) VALUES (963, 153, 'Song 1BjbPiTlba', 273, 'Folk', '2021-06-18', 133, 'https://picsum.photos/id/230/200/200');
INSERT INTO SONGS (song_id, album_id, title, duration, genre, release_date, popularity_rank, image) VALUES (964, 141, 'Song 26cQAkdQfU', 472, 'Blues', '2015-10-08', 861, 'https://picsum.photos/id/293/200/200');
INSERT INTO SONGS (song_id, album_id, title, duration, genre, release_date, popularity_rank, image) VALUES (965, 164, 'Song RxRS3JiQN7', 452, 'Blues', '2017-12-07', 835, 'https://picsum.photos/id/270/200/200');
INSERT INTO SONGS (song_id, album_id, title, duration, genre, release_date, popularity_rank, image) VALUES (966, 135, 'Song APHYqgboae', 306, 'Rock', '2012-12-29', 40, 'https://picsum.photos/id/275/200/200');
INSERT INTO SONGS (song_id, album_id, title, duration, genre, release_date, popularity_rank, image) VALUES (967, 81, 'Song BZo59jCYJZ', 241, 'Metal', '2008-10-28', 544, 'https://picsum.photos/id/253/200/200');
INSERT INTO SONGS (song_id, album_id, title, duration, genre, release_date, popularity_rank, image) VALUES (968, 131, 'Song f037F8SL3v', 238, 'Metal', '2022-01-07', 248, 'https://picsum.photos/id/218/200/200');
INSERT INTO SONGS (song_id, album_id, title, duration, genre, release_date, popularity_rank, image) VALUES (969, 46, 'Song 5zNz7QwFDe', 174, 'Folk', '2019-06-01', 468, 'https://picsum.photos/id/271/200/200');
INSERT INTO SONGS (song_id, album_id, title, duration, genre, release_date, popularity_rank, image) VALUES (970, 114, 'Song 4bFmloFNbF', 261, 'Pop', '2014-08-06', 417, 'https://picsum.photos/id/207/200/200');
INSERT INTO SONGS (song_id, album_id, title, duration, genre, release_date, popularity_rank, image) VALUES (971, 158, 'Song S1uAuMFTUS', 275, 'Blues', '2013-01-05', 528, 'https://picsum.photos/id/239/200/200');
INSERT INTO SONGS (song_id, album_id, title, duration, genre, release_date, popularity_rank, image) VALUES (972, 158, 'Song GF1JcpdrQQ', 365, 'Jazz', '2021-03-31', 737, 'https://picsum.photos/id/278/200/200');
INSERT INTO SONGS (song_id, album_id, title, duration, genre, release_date, popularity_rank, image) VALUES (973, 183, 'Song iBwsiNulMZ', 458, 'Reggae', '2013-02-09', 654, 'https://picsum.photos/id/287/200/200');
INSERT INTO SONGS (song_id, album_id, title, duration, genre, release_date, popularity_rank, image) VALUES (974, 185, 'Song 9c0fegTWqW', 386, 'Country', '2016-02-29', 789, 'https://picsum.photos/id/289/200/200');
INSERT INTO SONGS (song_id, album_id, title, duration, genre, release_date, popularity_rank, image) VALUES (975, 131, 'Song ChRat0iU4K', 396, 'Hip Hop', '2017-08-11', 543, 'https://picsum.photos/id/223/200/200');
INSERT INTO SONGS (song_id, album_id, title, duration, genre, release_date, popularity_rank, image) VALUES (976, 79, 'Song isaLiPcpt5', 137, 'Pop', '2009-05-28', 535, 'https://picsum.photos/id/295/200/200');
INSERT INTO SONGS (song_id, album_id, title, duration, genre, release_date, popularity_rank, image) VALUES (977, 33, 'Song kXAuSGrLh6', 269, 'Folk', '2009-01-05', 527, 'https://picsum.photos/id/256/200/200');
INSERT INTO SONGS (song_id, album_id, title, duration, genre, release_date, popularity_rank, image) VALUES (978, 106, 'Song XXeck9w7jg', 449, 'Blues', '2010-11-24', 400, 'https://picsum.photos/id/297/200/200');
INSERT INTO SONGS (song_id, album_id, title, duration, genre, release_date, popularity_rank, image) VALUES (979, 15, 'Song niAmyPyAwS', 231, 'Alternative', '2022-01-28', 389, 'https://picsum.photos/id/243/200/200');
INSERT INTO SONGS (song_id, album_id, title, duration, genre, release_date, popularity_rank, image) VALUES (980, 135, 'Song 4fDoHeaula', 398, 'Jazz', '2020-05-28', 91, 'https://picsum.photos/id/235/200/200');
INSERT INTO SONGS (song_id, album_id, title, duration, genre, release_date, popularity_rank, image) VALUES (981, 183, 'Song cnZBMOeTWm', 198, 'Alternative', '2016-07-30', 216, 'https://picsum.photos/id/290/200/200');
INSERT INTO SONGS (song_id, album_id, title, duration, genre, release_date, popularity_rank, image) VALUES (982, 197, 'Song LSn5xJmABz', 290, 'Metal', '2022-10-02', 396, 'https://picsum.photos/id/240/200/200');
INSERT INTO SONGS (song_id, album_id, title, duration, genre, release_date, popularity_rank, image) VALUES (983, 34, 'Song SQ8LpZ0dNR', 171, 'Metal', '2023-08-10', 337, 'https://picsum.photos/id/262/200/200');
INSERT INTO SONGS (song_id, album_id, title, duration, genre, release_date, popularity_rank, image) VALUES (984, 8, 'Song cUfqcAHZY1', 413, 'Electronic', '2015-05-06', 761, 'https://picsum.photos/id/229/200/200');
INSERT INTO SONGS (song_id, album_id, title, duration, genre, release_date, popularity_rank, image) VALUES (985, 69, 'Song mhiVUO1cXw', 260, 'Metal', '2011-07-02', 219, 'https://picsum.photos/id/280/200/200');
INSERT INTO SONGS (song_id, album_id, title, duration, genre, release_date, popularity_rank, image) VALUES (986, 200, 'Song LARvZPwZsu', 176, 'Electronic', '2011-06-16', 685, 'https://picsum.photos/id/291/200/200');
INSERT INTO SONGS (song_id, album_id, title, duration, genre, release_date, popularity_rank, image) VALUES (987, 177, 'Song tIdWuMvVYo', 216, 'Classical', '2009-03-15', 834, 'https://picsum.photos/id/225/200/200');
INSERT INTO SONGS (song_id, album_id, title, duration, genre, release_date, popularity_rank, image) VALUES (988, 66, 'Song 9X1JaQ60xM', 339, 'Metal', '2018-05-11', 518, 'https://picsum.photos/id/220/200/200');
INSERT INTO SONGS (song_id, album_id, title, duration, genre, release_date, popularity_rank, image) VALUES (989, 22, 'Song HGeUmBUVk9', 389, 'R&B', '2010-01-30', 124, 'https://picsum.photos/id/278/200/200');
INSERT INTO SONGS (song_id, album_id, title, duration, genre, release_date, popularity_rank, image) VALUES (990, 151, 'Song AfYWpXvOCy', 176, 'Metal', '2010-03-13', 555, 'https://picsum.photos/id/277/200/200');
INSERT INTO SONGS (song_id, album_id, title, duration, genre, release_date, popularity_rank, image) VALUES (991, 197, 'Song 5KuJhtGFN8', 243, 'Metal', '2017-03-16', 64, 'https://picsum.photos/id/286/200/200');
INSERT INTO SONGS (song_id, album_id, title, duration, genre, release_date, popularity_rank, image) VALUES (992, 9, 'Song zjnqi0IV5l', 230, 'Metal', '2014-04-25', 553, 'https://picsum.photos/id/240/200/200');
INSERT INTO SONGS (song_id, album_id, title, duration, genre, release_date, popularity_rank, image) VALUES (993, 42, 'Song eULrgdKi7Y', 426, 'R&B', '2008-09-29', 558, 'https://picsum.photos/id/261/200/200');
INSERT INTO SONGS (song_id, album_id, title, duration, genre, release_date, popularity_rank, image) VALUES (994, 23, 'Song I8nQ9eTH0u', 462, 'Country', '2015-10-25', 135, 'https://picsum.photos/id/242/200/200');
INSERT INTO SONGS (song_id, album_id, title, duration, genre, release_date, popularity_rank, image) VALUES (995, 147, 'Song 8cJkJpUGBT', 159, 'Jazz', '2012-07-20', 813, 'https://picsum.photos/id/262/200/200');
INSERT INTO SONGS (song_id, album_id, title, duration, genre, release_date, popularity_rank, image) VALUES (996, 151, 'Song FUoNvJ1mQQ', 307, 'Electronic', '2014-12-19', 718, 'https://picsum.photos/id/236/200/200');
INSERT INTO SONGS (song_id, album_id, title, duration, genre, release_date, popularity_rank, image) VALUES (997, 66, 'Song cGU3hzply1', 147, 'Pop', '2009-03-20', 961, 'https://picsum.photos/id/278/200/200');
INSERT INTO SONGS (song_id, album_id, title, duration, genre, release_date, popularity_rank, image) VALUES (998, 191, 'Song 6bfDuW3Wfn', 144, 'Country', '2016-02-20', 642, 'https://picsum.photos/id/267/200/200');
INSERT INTO SONGS (song_id, album_id, title, duration, genre, release_date, popularity_rank, image) VALUES (999, 136, 'Song EcVWy9MGOO', 303, 'Pop', '2018-07-29', 637, 'https://picsum.photos/id/273/200/200');
INSERT INTO SONGS (song_id, album_id, title, duration, genre, release_date, popularity_rank, image) VALUES (1000, 180, 'Song KmXkmiz7Y6', 433, 'Reggae', '2021-05-23', 586, 'https://picsum.photos/id/242/200/200');

-- PLAYLISTS Data --
INSERT INTO PLAYLISTS (playlist_id, user_id, title, description, date_created, image) VALUES (1, 20, 'My Rock Playlist 56', 'A collection of Indie tunes.', '2023-11-08', 'https://picsum.photos/id/334/180/180');
INSERT INTO PLAYLISTS (playlist_id, user_id, title, description, date_created, image) VALUES (2, 39, 'My Blues Playlist 72', 'A collection of Dance tunes.', '2021-02-24', 'https://picsum.photos/id/324/180/180');
INSERT INTO PLAYLISTS (playlist_id, user_id, title, description, date_created, image) VALUES (3, 3, 'My Hip Hop Playlist 91', 'A collection of Dance tunes.', '2024-03-24', 'https://picsum.photos/id/317/180/180');
INSERT INTO PLAYLISTS (playlist_id, user_id, title, description, date_created, image) VALUES (4, 80, 'My Electronic Playlist 39', 'A collection of Electronic tunes.', '2021-06-24', 'https://picsum.photos/id/345/180/180');
INSERT INTO PLAYLISTS (playlist_id, user_id, title, description, date_created, image) VALUES (5, 33, 'My R&B Playlist 28', 'A collection of R&B tunes.', '2024-01-23', 'https://picsum.photos/id/322/180/180');
INSERT INTO PLAYLISTS (playlist_id, user_id, title, description, date_created, image) VALUES (6, 84, 'My Rock Playlist 24', 'A collection of Metal tunes.', '2022-11-25', 'https://picsum.photos/id/366/180/180');
INSERT INTO PLAYLISTS (playlist_id, user_id, title, description, date_created, image) VALUES (7, 46, 'My Indie Playlist 95', 'A collection of Indie tunes.', '2022-09-09', 'https://picsum.photos/id/348/180/180');
INSERT INTO PLAYLISTS (playlist_id, user_id, title, description, date_created, image) VALUES (8, 23, 'My Jazz Playlist 51', 'A collection of Folk tunes.', '2024-05-19', 'https://picsum.photos/id/308/180/180');
INSERT INTO PLAYLISTS (playlist_id, user_id, title, description, date_created, image) VALUES (9, 63, 'My R&B Playlist 99', 'A collection of Dance tunes.', '2024-01-14', 'https://picsum.photos/id/377/180/180');
INSERT INTO PLAYLISTS (playlist_id, user_id, title, description, date_created, image) VALUES (10, 72, 'My Blues Playlist 82', 'A collection of Metal tunes.', '2023-01-12', 'https://picsum.photos/id/310/180/180');
INSERT INTO PLAYLISTS (playlist_id, user_id, title, description, date_created, image) VALUES (11, 56, 'My Jazz Playlist 28', 'A collection of R&B tunes.', '2023-06-27', 'https://picsum.photos/id/319/180/180');
INSERT INTO PLAYLISTS (playlist_id, user_id, title, description, date_created, image) VALUES (12, 27, 'My Hip Hop Playlist 58', 'A collection of Jazz tunes.', '2023-03-21', 'https://picsum.photos/id/343/180/180');
INSERT INTO PLAYLISTS (playlist_id, user_id, title, description, date_created, image) VALUES (13, 88, 'My Classical Playlist 31', 'A collection of Hip Hop tunes.', '2021-05-04', 'https://picsum.photos/id/318/180/180');
INSERT INTO PLAYLISTS (playlist_id, user_id, title, description, date_created, image) VALUES (14, 2, 'My Classical Playlist 38', 'A collection of Classical tunes.', '2022-04-10', 'https://picsum.photos/id/305/180/180');
INSERT INTO PLAYLISTS (playlist_id, user_id, title, description, date_created, image) VALUES (15, 81, 'My Electronic Playlist 32', 'A collection of Electronic tunes.', '2022-02-15', 'https://picsum.photos/id/309/180/180');
INSERT INTO PLAYLISTS (playlist_id, user_id, title, description, date_created, image) VALUES (16, 8, 'My Pop Playlist 15', 'A collection of Rock tunes.', '2023-07-31', 'https://picsum.photos/id/309/180/180');
INSERT INTO PLAYLISTS (playlist_id, user_id, title, description, date_created, image) VALUES (17, 20, 'My Country Playlist 68', 'A collection of Rock tunes.', '2020-02-06', 'https://picsum.photos/id/387/180/180');
INSERT INTO PLAYLISTS (playlist_id, user_id, title, description, date_created, image) VALUES (18, 15, 'My Blues Playlist 22', 'A collection of Reggae tunes.', '2022-06-18', 'https://picsum.photos/id/330/180/180');
INSERT INTO PLAYLISTS (playlist_id, user_id, title, description, date_created, image) VALUES (19, 68, 'My Pop Playlist 88', 'A collection of Pop tunes.', '2021-11-27', 'https://picsum.photos/id/305/180/180');
INSERT INTO PLAYLISTS (playlist_id, user_id, title, description, date_created, image) VALUES (20, 93, 'My Hip Hop Playlist 51', 'A collection of Jazz tunes.', '2022-05-05', 'https://picsum.photos/id/312/180/180');
INSERT INTO PLAYLISTS (playlist_id, user_id, title, description, date_created, image) VALUES (21, 59, 'My Electronic Playlist 10', 'A collection of Dance tunes.', '2021-12-02', 'https://picsum.photos/id/320/180/180');
INSERT INTO PLAYLISTS (playlist_id, user_id, title, description, date_created, image) VALUES (22, 69, 'My Folk Playlist 47', 'A collection of Hip Hop tunes.', '2022-05-11', 'https://picsum.photos/id/349/180/180');
INSERT INTO PLAYLISTS (playlist_id, user_id, title, description, date_created, image) VALUES (23, 11, 'My Folk Playlist 46', 'A collection of Jazz tunes.', '2021-03-11', 'https://picsum.photos/id/382/180/180');
INSERT INTO PLAYLISTS (playlist_id, user_id, title, description, date_created, image) VALUES (24, 50, 'My Jazz Playlist 72', 'A collection of Hip Hop tunes.', '2022-04-05', 'https://picsum.photos/id/357/180/180');
INSERT INTO PLAYLISTS (playlist_id, user_id, title, description, date_created, image) VALUES (25, 61, 'My Pop Playlist 85', 'A collection of Hip Hop tunes.', '2021-06-28', 'https://picsum.photos/id/389/180/180');
INSERT INTO PLAYLISTS (playlist_id, user_id, title, description, date_created, image) VALUES (26, 7, 'My Metal Playlist 85', 'A collection of Rock tunes.', '2021-01-01', 'https://picsum.photos/id/390/180/180');
INSERT INTO PLAYLISTS (playlist_id, user_id, title, description, date_created, image) VALUES (27, 74, 'My Reggae Playlist 1', 'A collection of Metal tunes.', '2020-03-12', 'https://picsum.photos/id/350/180/180');
INSERT INTO PLAYLISTS (playlist_id, user_id, title, description, date_created, image) VALUES (28, 11, 'My Blues Playlist 96', 'A collection of Country tunes.', '2021-09-03', 'https://picsum.photos/id/320/180/180');
INSERT INTO PLAYLISTS (playlist_id, user_id, title, description, date_created, image) VALUES (29, 40, 'My Alternative Playlist 49', 'A collection of Rock tunes.', '2023-08-03', 'https://picsum.photos/id/386/180/180');
INSERT INTO PLAYLISTS (playlist_id, user_id, title, description, date_created, image) VALUES (30, 61, 'My Dance Playlist 67', 'A collection of Classical tunes.', '2023-09-13', 'https://picsum.photos/id/365/180/180');
INSERT INTO PLAYLISTS (playlist_id, user_id, title, description, date_created, image) VALUES (31, 27, 'My Blues Playlist 84', 'A collection of Indie tunes.', '2021-04-18', 'https://picsum.photos/id/400/180/180');
INSERT INTO PLAYLISTS (playlist_id, user_id, title, description, date_created, image) VALUES (32, 30, 'My Electronic Playlist 97', 'A collection of Hip Hop tunes.', '2022-07-01', 'https://picsum.photos/id/362/180/180');
INSERT INTO PLAYLISTS (playlist_id, user_id, title, description, date_created, image) VALUES (33, 87, 'My Alternative Playlist 19', 'A collection of Electronic tunes.', '2022-11-13', 'https://picsum.photos/id/308/180/180');
INSERT INTO PLAYLISTS (playlist_id, user_id, title, description, date_created, image) VALUES (34, 88, 'My Pop Playlist 28', 'A collection of Electronic tunes.', '2020-06-13', 'https://picsum.photos/id/380/180/180');
INSERT INTO PLAYLISTS (playlist_id, user_id, title, description, date_created, image) VALUES (35, 80, 'My Electronic Playlist 10', 'A collection of Dance tunes.', '2021-01-25', 'https://picsum.photos/id/305/180/180');
INSERT INTO PLAYLISTS (playlist_id, user_id, title, description, date_created, image) VALUES (36, 98, 'My Country Playlist 64', 'A collection of Classical tunes.', '2021-05-13', 'https://picsum.photos/id/396/180/180');
INSERT INTO PLAYLISTS (playlist_id, user_id, title, description, date_created, image) VALUES (37, 8, 'My Electronic Playlist 56', 'A collection of Indie tunes.', '2021-12-07', 'https://picsum.photos/id/371/180/180');
INSERT INTO PLAYLISTS (playlist_id, user_id, title, description, date_created, image) VALUES (38, 34, 'My Dance Playlist 41', 'A collection of R&B tunes.', '2024-03-06', 'https://picsum.photos/id/354/180/180');
INSERT INTO PLAYLISTS (playlist_id, user_id, title, description, date_created, image) VALUES (39, 67, 'My Classical Playlist 79', 'A collection of Pop tunes.', '2020-05-19', 'https://picsum.photos/id/343/180/180');
INSERT INTO PLAYLISTS (playlist_id, user_id, title, description, date_created, image) VALUES (40, 93, 'My Dance Playlist 51', 'A collection of Metal tunes.', '2020-10-08', 'https://picsum.photos/id/389/180/180');
INSERT INTO PLAYLISTS (playlist_id, user_id, title, description, date_created, image) VALUES (41, 81, 'My Classical Playlist 56', 'A collection of Reggae tunes.', '2023-01-22', 'https://picsum.photos/id/335/180/180');
INSERT INTO PLAYLISTS (playlist_id, user_id, title, description, date_created, image) VALUES (42, 58, 'My Hip Hop Playlist 77', 'A collection of Jazz tunes.', '2022-11-28', 'https://picsum.photos/id/306/180/180');
INSERT INTO PLAYLISTS (playlist_id, user_id, title, description, date_created, image) VALUES (43, 91, 'My Indie Playlist 9', 'A collection of Electronic tunes.', '2021-05-07', 'https://picsum.photos/id/307/180/180');
INSERT INTO PLAYLISTS (playlist_id, user_id, title, description, date_created, image) VALUES (44, 37, 'My Classical Playlist 55', 'A collection of Alternative tunes.', '2023-02-14', 'https://picsum.photos/id/342/180/180');
INSERT INTO PLAYLISTS (playlist_id, user_id, title, description, date_created, image) VALUES (45, 75, 'My Blues Playlist 27', 'A collection of Country tunes.', '2021-11-23', 'https://picsum.photos/id/384/180/180');
INSERT INTO PLAYLISTS (playlist_id, user_id, title, description, date_created, image) VALUES (46, 4, 'My Classical Playlist 70', 'A collection of Pop tunes.', '2023-06-28', 'https://picsum.photos/id/345/180/180');
INSERT INTO PLAYLISTS (playlist_id, user_id, title, description, date_created, image) VALUES (47, 45, 'My Indie Playlist 1', 'A collection of Blues tunes.', '2022-03-19', 'https://picsum.photos/id/311/180/180');
INSERT INTO PLAYLISTS (playlist_id, user_id, title, description, date_created, image) VALUES (48, 66, 'My Electronic Playlist 21', 'A collection of Country tunes.', '2021-11-24', 'https://picsum.photos/id/392/180/180');
INSERT INTO PLAYLISTS (playlist_id, user_id, title, description, date_created, image) VALUES (49, 4, 'My Rock Playlist 42', 'A collection of Country tunes.', '2020-03-01', 'https://picsum.photos/id/357/180/180');
INSERT INTO PLAYLISTS (playlist_id, user_id, title, description, date_created, image) VALUES (50, 26, 'My Folk Playlist 54', 'A collection of Dance tunes.', '2024-05-05', 'https://picsum.photos/id/308/180/180');
INSERT INTO PLAYLISTS (playlist_id, user_id, title, description, date_created, image) VALUES (51, 38, 'My Metal Playlist 96', 'A collection of Alternative tunes.', '2022-10-22', 'https://picsum.photos/id/388/180/180');
INSERT INTO PLAYLISTS (playlist_id, user_id, title, description, date_created, image) VALUES (52, 30, 'My R&B Playlist 82', 'A collection of Blues tunes.', '2020-12-12', 'https://picsum.photos/id/390/180/180');
INSERT INTO PLAYLISTS (playlist_id, user_id, title, description, date_created, image) VALUES (53, 88, 'My Blues Playlist 87', 'A collection of Hip Hop tunes.', '2020-07-05', 'https://picsum.photos/id/374/180/180');
INSERT INTO PLAYLISTS (playlist_id, user_id, title, description, date_created, image) VALUES (54, 84, 'My Indie Playlist 88', 'A collection of Metal tunes.', '2024-05-11', 'https://picsum.photos/id/381/180/180');
INSERT INTO PLAYLISTS (playlist_id, user_id, title, description, date_created, image) VALUES (55, 52, 'My Electronic Playlist 97', 'A collection of Hip Hop tunes.', '2023-06-15', 'https://picsum.photos/id/378/180/180');
INSERT INTO PLAYLISTS (playlist_id, user_id, title, description, date_created, image) VALUES (56, 57, 'My Pop Playlist 76', 'A collection of Hip Hop tunes.', '2020-04-05', 'https://picsum.photos/id/318/180/180');
INSERT INTO PLAYLISTS (playlist_id, user_id, title, description, date_created, image) VALUES (57, 84, 'My Blues Playlist 60', 'A collection of Folk tunes.', '2020-12-05', 'https://picsum.photos/id/374/180/180');
INSERT INTO PLAYLISTS (playlist_id, user_id, title, description, date_created, image) VALUES (58, 50, 'My Blues Playlist 89', 'A collection of Hip Hop tunes.', '2022-01-01', 'https://picsum.photos/id/398/180/180');
INSERT INTO PLAYLISTS (playlist_id, user_id, title, description, date_created, image) VALUES (59, 80, 'My Indie Playlist 45', 'A collection of Rock tunes.', '2020-01-24', 'https://picsum.photos/id/340/180/180');
INSERT INTO PLAYLISTS (playlist_id, user_id, title, description, date_created, image) VALUES (60, 41, 'My Metal Playlist 71', 'A collection of Country tunes.', '2022-04-24', 'https://picsum.photos/id/364/180/180');
INSERT INTO PLAYLISTS (playlist_id, user_id, title, description, date_created, image) VALUES (61, 20, 'My Hip Hop Playlist 22', 'A collection of Blues tunes.', '2022-12-05', 'https://picsum.photos/id/358/180/180');
INSERT INTO PLAYLISTS (playlist_id, user_id, title, description, date_created, image) VALUES (62, 66, 'My R&B Playlist 8', 'A collection of Metal tunes.', '2022-10-30', 'https://picsum.photos/id/373/180/180');
INSERT INTO PLAYLISTS (playlist_id, user_id, title, description, date_created, image) VALUES (63, 94, 'My Blues Playlist 44', 'A collection of Metal tunes.', '2023-04-26', 'https://picsum.photos/id/364/180/180');
INSERT INTO PLAYLISTS (playlist_id, user_id, title, description, date_created, image) VALUES (64, 87, 'My R&B Playlist 98', 'A collection of Indie tunes.', '2021-06-18', 'https://picsum.photos/id/360/180/180');
INSERT INTO PLAYLISTS (playlist_id, user_id, title, description, date_created, image) VALUES (65, 89, 'My Indie Playlist 8', 'A collection of Indie tunes.', '2021-09-08', 'https://picsum.photos/id/355/180/180');
INSERT INTO PLAYLISTS (playlist_id, user_id, title, description, date_created, image) VALUES (66, 3, 'My Rock Playlist 35', 'A collection of Rock tunes.', '2023-04-12', 'https://picsum.photos/id/324/180/180');
INSERT INTO PLAYLISTS (playlist_id, user_id, title, description, date_created, image) VALUES (67, 98, 'My Country Playlist 88', 'A collection of Alternative tunes.', '2020-10-13', 'https://picsum.photos/id/385/180/180');
INSERT INTO PLAYLISTS (playlist_id, user_id, title, description, date_created, image) VALUES (68, 96, 'My Blues Playlist 71', 'A collection of Dance tunes.', '2023-10-04', 'https://picsum.photos/id/345/180/180');
INSERT INTO PLAYLISTS (playlist_id, user_id, title, description, date_created, image) VALUES (69, 29, 'My Pop Playlist 38', 'A collection of Indie tunes.', '2021-05-16', 'https://picsum.photos/id/361/180/180');
INSERT INTO PLAYLISTS (playlist_id, user_id, title, description, date_created, image) VALUES (70, 5, 'My Indie Playlist 32', 'A collection of Jazz tunes.', '2021-04-03', 'https://picsum.photos/id/382/180/180');
INSERT INTO PLAYLISTS (playlist_id, user_id, title, description, date_created, image) VALUES (71, 70, 'My Hip Hop Playlist 97', 'A collection of Hip Hop tunes.', '2023-09-24', 'https://picsum.photos/id/351/180/180');
INSERT INTO PLAYLISTS (playlist_id, user_id, title, description, date_created, image) VALUES (72, 52, 'My Reggae Playlist 12', 'A collection of Hip Hop tunes.', '2021-05-15', 'https://picsum.photos/id/307/180/180');
INSERT INTO PLAYLISTS (playlist_id, user_id, title, description, date_created, image) VALUES (73, 49, 'My R&B Playlist 59', 'A collection of Indie tunes.', '2020-10-05', 'https://picsum.photos/id/391/180/180');
INSERT INTO PLAYLISTS (playlist_id, user_id, title, description, date_created, image) VALUES (74, 73, 'My Folk Playlist 23', 'A collection of Alternative tunes.', '2022-04-02', 'https://picsum.photos/id/347/180/180');
INSERT INTO PLAYLISTS (playlist_id, user_id, title, description, date_created, image) VALUES (75, 4, 'My Classical Playlist 30', 'A collection of Folk tunes.', '2021-09-01', 'https://picsum.photos/id/367/180/180');
INSERT INTO PLAYLISTS (playlist_id, user_id, title, description, date_created, image) VALUES (76, 39, 'My Reggae Playlist 70', 'A collection of Blues tunes.', '2021-05-24', 'https://picsum.photos/id/383/180/180');
INSERT INTO PLAYLISTS (playlist_id, user_id, title, description, date_created, image) VALUES (77, 38, 'My R&B Playlist 49', 'A collection of Folk tunes.', '2022-11-12', 'https://picsum.photos/id/301/180/180');
INSERT INTO PLAYLISTS (playlist_id, user_id, title, description, date_created, image) VALUES (78, 18, 'My Pop Playlist 88', 'A collection of Country tunes.', '2022-05-15', 'https://picsum.photos/id/392/180/180');
INSERT INTO PLAYLISTS (playlist_id, user_id, title, description, date_created, image) VALUES (79, 9, 'My Alternative Playlist 59', 'A collection of Folk tunes.', '2022-05-30', 'https://picsum.photos/id/372/180/180');
INSERT INTO PLAYLISTS (playlist_id, user_id, title, description, date_created, image) VALUES (80, 98, 'My Indie Playlist 58', 'A collection of Folk tunes.', '2024-01-21', 'https://picsum.photos/id/342/180/180');
INSERT INTO PLAYLISTS (playlist_id, user_id, title, description, date_created, image) VALUES (81, 18, 'My Country Playlist 49', 'A collection of Electronic tunes.', '2021-03-07', 'https://picsum.photos/id/311/180/180');
INSERT INTO PLAYLISTS (playlist_id, user_id, title, description, date_created, image) VALUES (82, 39, 'My Hip Hop Playlist 83', 'A collection of R&B tunes.', '2020-09-24', 'https://picsum.photos/id/357/180/180');
INSERT INTO PLAYLISTS (playlist_id, user_id, title, description, date_created, image) VALUES (83, 67, 'My Rock Playlist 14', 'A collection of R&B tunes.', '2022-10-04', 'https://picsum.photos/id/395/180/180');
INSERT INTO PLAYLISTS (playlist_id, user_id, title, description, date_created, image) VALUES (84, 25, 'My Electronic Playlist 79', 'A collection of Jazz tunes.', '2024-04-09', 'https://picsum.photos/id/349/180/180');
INSERT INTO PLAYLISTS (playlist_id, user_id, title, description, date_created, image) VALUES (85, 92, 'My Pop Playlist 5', 'A collection of Jazz tunes.', '2023-12-06', 'https://picsum.photos/id/332/180/180');
INSERT INTO PLAYLISTS (playlist_id, user_id, title, description, date_created, image) VALUES (86, 24, 'My Metal Playlist 5', 'A collection of Electronic tunes.', '2021-04-15', 'https://picsum.photos/id/346/180/180');
INSERT INTO PLAYLISTS (playlist_id, user_id, title, description, date_created, image) VALUES (87, 65, 'My Reggae Playlist 66', 'A collection of Dance tunes.', '2021-10-05', 'https://picsum.photos/id/390/180/180');
INSERT INTO PLAYLISTS (playlist_id, user_id, title, description, date_created, image) VALUES (88, 53, 'My Classical Playlist 72', 'A collection of Country tunes.', '2023-07-13', 'https://picsum.photos/id/353/180/180');
INSERT INTO PLAYLISTS (playlist_id, user_id, title, description, date_created, image) VALUES (89, 49, 'My Indie Playlist 75', 'A collection of R&B tunes.', '2022-08-12', 'https://picsum.photos/id/332/180/180');
INSERT INTO PLAYLISTS (playlist_id, user_id, title, description, date_created, image) VALUES (90, 54, 'My Blues Playlist 54', 'A collection of Jazz tunes.', '2022-03-25', 'https://picsum.photos/id/374/180/180');
INSERT INTO PLAYLISTS (playlist_id, user_id, title, description, date_created, image) VALUES (91, 94, 'My Classical Playlist 73', 'A collection of Alternative tunes.', '2023-03-11', 'https://picsum.photos/id/377/180/180');
INSERT INTO PLAYLISTS (playlist_id, user_id, title, description, date_created, image) VALUES (92, 33, 'My Blues Playlist 29', 'A collection of Blues tunes.', '2020-04-11', 'https://picsum.photos/id/387/180/180');
INSERT INTO PLAYLISTS (playlist_id, user_id, title, description, date_created, image) VALUES (93, 89, 'My Alternative Playlist 94', 'A collection of Alternative tunes.', '2022-03-26', 'https://picsum.photos/id/301/180/180');
INSERT INTO PLAYLISTS (playlist_id, user_id, title, description, date_created, image) VALUES (94, 28, 'My Rock Playlist 61', 'A collection of Reggae tunes.', '2022-11-12', 'https://picsum.photos/id/306/180/180');
INSERT INTO PLAYLISTS (playlist_id, user_id, title, description, date_created, image) VALUES (95, 8, 'My Blues Playlist 17', 'A collection of Dance tunes.', '2023-10-11', 'https://picsum.photos/id/329/180/180');
INSERT INTO PLAYLISTS (playlist_id, user_id, title, description, date_created, image) VALUES (96, 42, 'My Classical Playlist 38', 'A collection of R&B tunes.', '2024-02-18', 'https://picsum.photos/id/302/180/180');
INSERT INTO PLAYLISTS (playlist_id, user_id, title, description, date_created, image) VALUES (97, 11, 'My Electronic Playlist 50', 'A collection of Electronic tunes.', '2023-10-19', 'https://picsum.photos/id/385/180/180');
INSERT INTO PLAYLISTS (playlist_id, user_id, title, description, date_created, image) VALUES (98, 18, 'My Pop Playlist 17', 'A collection of Jazz tunes.', '2021-02-22', 'https://picsum.photos/id/391/180/180');
INSERT INTO PLAYLISTS (playlist_id, user_id, title, description, date_created, image) VALUES (99, 59, 'My Metal Playlist 95', 'A collection of Reggae tunes.', '2022-08-24', 'https://picsum.photos/id/384/180/180');
INSERT INTO PLAYLISTS (playlist_id, user_id, title, description, date_created, image) VALUES (100, 85, 'My Folk Playlist 21', 'A collection of Electronic tunes.', '2023-03-25', 'https://picsum.photos/id/335/180/180');
INSERT INTO PLAYLISTS (playlist_id, user_id, title, description, date_created, image) VALUES (101, 8, 'My Alternative Playlist 71', 'A collection of Jazz tunes.', '2024-04-17', 'https://picsum.photos/id/324/180/180');
INSERT INTO PLAYLISTS (playlist_id, user_id, title, description, date_created, image) VALUES (102, 98, 'My Jazz Playlist 38', 'A collection of Classical tunes.', '2022-11-24', 'https://picsum.photos/id/319/180/180');
INSERT INTO PLAYLISTS (playlist_id, user_id, title, description, date_created, image) VALUES (103, 4, 'My Pop Playlist 70', 'A collection of R&B tunes.', '2021-03-19', 'https://picsum.photos/id/360/180/180');
INSERT INTO PLAYLISTS (playlist_id, user_id, title, description, date_created, image) VALUES (104, 76, 'My Dance Playlist 42', 'A collection of Dance tunes.', '2021-05-26', 'https://picsum.photos/id/392/180/180');
INSERT INTO PLAYLISTS (playlist_id, user_id, title, description, date_created, image) VALUES (105, 32, 'My Classical Playlist 20', 'A collection of Electronic tunes.', '2023-12-15', 'https://picsum.photos/id/318/180/180');
INSERT INTO PLAYLISTS (playlist_id, user_id, title, description, date_created, image) VALUES (106, 67, 'My Reggae Playlist 10', 'A collection of Folk tunes.', '2020-01-16', 'https://picsum.photos/id/356/180/180');
INSERT INTO PLAYLISTS (playlist_id, user_id, title, description, date_created, image) VALUES (107, 56, 'My Blues Playlist 62', 'A collection of Hip Hop tunes.', '2022-03-14', 'https://picsum.photos/id/313/180/180');
INSERT INTO PLAYLISTS (playlist_id, user_id, title, description, date_created, image) VALUES (108, 92, 'My R&B Playlist 3', 'A collection of Pop tunes.', '2020-02-01', 'https://picsum.photos/id/360/180/180');
INSERT INTO PLAYLISTS (playlist_id, user_id, title, description, date_created, image) VALUES (109, 65, 'My Pop Playlist 88', 'A collection of Folk tunes.', '2021-02-16', 'https://picsum.photos/id/381/180/180');
INSERT INTO PLAYLISTS (playlist_id, user_id, title, description, date_created, image) VALUES (110, 37, 'My Classical Playlist 75', 'A collection of Blues tunes.', '2022-10-20', 'https://picsum.photos/id/360/180/180');
INSERT INTO PLAYLISTS (playlist_id, user_id, title, description, date_created, image) VALUES (111, 68, 'My Indie Playlist 65', 'A collection of Dance tunes.', '2023-03-26', 'https://picsum.photos/id/323/180/180');
INSERT INTO PLAYLISTS (playlist_id, user_id, title, description, date_created, image) VALUES (112, 98, 'My Indie Playlist 39', 'A collection of Rock tunes.', '2023-11-28', 'https://picsum.photos/id/390/180/180');
INSERT INTO PLAYLISTS (playlist_id, user_id, title, description, date_created, image) VALUES (113, 72, 'My Blues Playlist 11', 'A collection of R&B tunes.', '2023-01-24', 'https://picsum.photos/id/364/180/180');
INSERT INTO PLAYLISTS (playlist_id, user_id, title, description, date_created, image) VALUES (114, 93, 'My Hip Hop Playlist 73', 'A collection of Rock tunes.', '2023-04-08', 'https://picsum.photos/id/309/180/180');
INSERT INTO PLAYLISTS (playlist_id, user_id, title, description, date_created, image) VALUES (115, 36, 'My Alternative Playlist 60', 'A collection of Indie tunes.', '2021-09-04', 'https://picsum.photos/id/348/180/180');
INSERT INTO PLAYLISTS (playlist_id, user_id, title, description, date_created, image) VALUES (116, 17, 'My Alternative Playlist 17', 'A collection of Alternative tunes.', '2021-03-26', 'https://picsum.photos/id/317/180/180');
INSERT INTO PLAYLISTS (playlist_id, user_id, title, description, date_created, image) VALUES (117, 22, 'My Electronic Playlist 43', 'A collection of Dance tunes.', '2020-03-27', 'https://picsum.photos/id/389/180/180');
INSERT INTO PLAYLISTS (playlist_id, user_id, title, description, date_created, image) VALUES (118, 80, 'My Hip Hop Playlist 85', 'A collection of Blues tunes.', '2020-07-21', 'https://picsum.photos/id/310/180/180');
INSERT INTO PLAYLISTS (playlist_id, user_id, title, description, date_created, image) VALUES (119, 56, 'My Metal Playlist 19', 'A collection of Electronic tunes.', '2023-08-01', 'https://picsum.photos/id/325/180/180');
INSERT INTO PLAYLISTS (playlist_id, user_id, title, description, date_created, image) VALUES (120, 69, 'My Indie Playlist 54', 'A collection of Metal tunes.', '2023-04-16', 'https://picsum.photos/id/338/180/180');
INSERT INTO PLAYLISTS (playlist_id, user_id, title, description, date_created, image) VALUES (121, 26, 'My Jazz Playlist 19', 'A collection of Rock tunes.', '2024-05-17', 'https://picsum.photos/id/353/180/180');
INSERT INTO PLAYLISTS (playlist_id, user_id, title, description, date_created, image) VALUES (122, 34, 'My Country Playlist 41', 'A collection of R&B tunes.', '2022-07-17', 'https://picsum.photos/id/391/180/180');
INSERT INTO PLAYLISTS (playlist_id, user_id, title, description, date_created, image) VALUES (123, 59, 'My Pop Playlist 81', 'A collection of Electronic tunes.', '2023-07-22', 'https://picsum.photos/id/355/180/180');
INSERT INTO PLAYLISTS (playlist_id, user_id, title, description, date_created, image) VALUES (124, 6, 'My Rock Playlist 19', 'A collection of Classical tunes.', '2020-04-30', 'https://picsum.photos/id/373/180/180');
INSERT INTO PLAYLISTS (playlist_id, user_id, title, description, date_created, image) VALUES (125, 73, 'My Pop Playlist 73', 'A collection of Alternative tunes.', '2022-06-20', 'https://picsum.photos/id/379/180/180');
INSERT INTO PLAYLISTS (playlist_id, user_id, title, description, date_created, image) VALUES (126, 74, 'My Metal Playlist 16', 'A collection of R&B tunes.', '2022-12-02', 'https://picsum.photos/id/351/180/180');
INSERT INTO PLAYLISTS (playlist_id, user_id, title, description, date_created, image) VALUES (127, 62, 'My Classical Playlist 81', 'A collection of Alternative tunes.', '2020-03-25', 'https://picsum.photos/id/351/180/180');
INSERT INTO PLAYLISTS (playlist_id, user_id, title, description, date_created, image) VALUES (128, 76, 'My Electronic Playlist 62', 'A collection of Metal tunes.', '2024-02-27', 'https://picsum.photos/id/393/180/180');
INSERT INTO PLAYLISTS (playlist_id, user_id, title, description, date_created, image) VALUES (129, 65, 'My Reggae Playlist 48', 'A collection of Classical tunes.', '2022-06-12', 'https://picsum.photos/id/341/180/180');
INSERT INTO PLAYLISTS (playlist_id, user_id, title, description, date_created, image) VALUES (130, 99, 'My Country Playlist 59', 'A collection of Reggae tunes.', '2021-09-05', 'https://picsum.photos/id/323/180/180');
INSERT INTO PLAYLISTS (playlist_id, user_id, title, description, date_created, image) VALUES (131, 47, 'My Rock Playlist 87', 'A collection of Folk tunes.', '2022-07-12', 'https://picsum.photos/id/313/180/180');
INSERT INTO PLAYLISTS (playlist_id, user_id, title, description, date_created, image) VALUES (132, 94, 'My Indie Playlist 17', 'A collection of Blues tunes.', '2021-01-07', 'https://picsum.photos/id/359/180/180');
INSERT INTO PLAYLISTS (playlist_id, user_id, title, description, date_created, image) VALUES (133, 30, 'My Country Playlist 57', 'A collection of Classical tunes.', '2020-09-13', 'https://picsum.photos/id/346/180/180');
INSERT INTO PLAYLISTS (playlist_id, user_id, title, description, date_created, image) VALUES (134, 95, 'My Jazz Playlist 87', 'A collection of Reggae tunes.', '2023-01-01', 'https://picsum.photos/id/370/180/180');
INSERT INTO PLAYLISTS (playlist_id, user_id, title, description, date_created, image) VALUES (135, 90, 'My Metal Playlist 74', 'A collection of Metal tunes.', '2022-07-04', 'https://picsum.photos/id/334/180/180');
INSERT INTO PLAYLISTS (playlist_id, user_id, title, description, date_created, image) VALUES (136, 24, 'My Classical Playlist 37', 'A collection of Electronic tunes.', '2023-07-16', 'https://picsum.photos/id/361/180/180');
INSERT INTO PLAYLISTS (playlist_id, user_id, title, description, date_created, image) VALUES (137, 56, 'My Alternative Playlist 89', 'A collection of Metal tunes.', '2023-06-10', 'https://picsum.photos/id/342/180/180');
INSERT INTO PLAYLISTS (playlist_id, user_id, title, description, date_created, image) VALUES (138, 28, 'My Rock Playlist 88', 'A collection of Folk tunes.', '2021-11-29', 'https://picsum.photos/id/306/180/180');
INSERT INTO PLAYLISTS (playlist_id, user_id, title, description, date_created, image) VALUES (139, 44, 'My R&B Playlist 17', 'A collection of Classical tunes.', '2023-11-23', 'https://picsum.photos/id/343/180/180');
INSERT INTO PLAYLISTS (playlist_id, user_id, title, description, date_created, image) VALUES (140, 54, 'My R&B Playlist 88', 'A collection of Rock tunes.', '2022-02-03', 'https://picsum.photos/id/303/180/180');
INSERT INTO PLAYLISTS (playlist_id, user_id, title, description, date_created, image) VALUES (141, 28, 'My Alternative Playlist 46', 'A collection of Folk tunes.', '2023-02-12', 'https://picsum.photos/id/320/180/180');
INSERT INTO PLAYLISTS (playlist_id, user_id, title, description, date_created, image) VALUES (142, 45, 'My Classical Playlist 83', 'A collection of Country tunes.', '2022-11-09', 'https://picsum.photos/id/377/180/180');
INSERT INTO PLAYLISTS (playlist_id, user_id, title, description, date_created, image) VALUES (143, 11, 'My Rock Playlist 44', 'A collection of R&B tunes.', '2022-01-17', 'https://picsum.photos/id/370/180/180');
INSERT INTO PLAYLISTS (playlist_id, user_id, title, description, date_created, image) VALUES (144, 8, 'My Hip Hop Playlist 69', 'A collection of Alternative tunes.', '2021-03-04', 'https://picsum.photos/id/351/180/180');
INSERT INTO PLAYLISTS (playlist_id, user_id, title, description, date_created, image) VALUES (145, 63, 'My Pop Playlist 33', 'A collection of Electronic tunes.', '2022-03-12', 'https://picsum.photos/id/369/180/180');
INSERT INTO PLAYLISTS (playlist_id, user_id, title, description, date_created, image) VALUES (146, 75, 'My Reggae Playlist 34', 'A collection of Dance tunes.', '2021-12-18', 'https://picsum.photos/id/382/180/180');
INSERT INTO PLAYLISTS (playlist_id, user_id, title, description, date_created, image) VALUES (147, 3, 'My Rock Playlist 72', 'A collection of Blues tunes.', '2023-12-25', 'https://picsum.photos/id/361/180/180');
INSERT INTO PLAYLISTS (playlist_id, user_id, title, description, date_created, image) VALUES (148, 94, 'My Pop Playlist 37', 'A collection of Dance tunes.', '2022-09-24', 'https://picsum.photos/id/336/180/180');
INSERT INTO PLAYLISTS (playlist_id, user_id, title, description, date_created, image) VALUES (149, 96, 'My Blues Playlist 60', 'A collection of Hip Hop tunes.', '2023-01-09', 'https://picsum.photos/id/308/180/180');
INSERT INTO PLAYLISTS (playlist_id, user_id, title, description, date_created, image) VALUES (150, 17, 'My Country Playlist 50', 'A collection of Country tunes.', '2023-06-06', 'https://picsum.photos/id/367/180/180');
INSERT INTO PLAYLISTS (playlist_id, user_id, title, description, date_created, image) VALUES (151, 58, 'My Rock Playlist 23', 'A collection of Electronic tunes.', '2023-03-25', 'https://picsum.photos/id/349/180/180');
INSERT INTO PLAYLISTS (playlist_id, user_id, title, description, date_created, image) VALUES (152, 52, 'My R&B Playlist 7', 'A collection of Indie tunes.', '2023-04-23', 'https://picsum.photos/id/329/180/180');
INSERT INTO PLAYLISTS (playlist_id, user_id, title, description, date_created, image) VALUES (153, 65, 'My Classical Playlist 62', 'A collection of Reggae tunes.', '2020-08-22', 'https://picsum.photos/id/339/180/180');
INSERT INTO PLAYLISTS (playlist_id, user_id, title, description, date_created, image) VALUES (154, 3, 'My R&B Playlist 34', 'A collection of Electronic tunes.', '2022-06-19', 'https://picsum.photos/id/394/180/180');
INSERT INTO PLAYLISTS (playlist_id, user_id, title, description, date_created, image) VALUES (155, 62, 'My Country Playlist 50', 'A collection of Metal tunes.', '2020-02-05', 'https://picsum.photos/id/362/180/180');
INSERT INTO PLAYLISTS (playlist_id, user_id, title, description, date_created, image) VALUES (156, 53, 'My Dance Playlist 68', 'A collection of Dance tunes.', '2021-09-01', 'https://picsum.photos/id/321/180/180');
INSERT INTO PLAYLISTS (playlist_id, user_id, title, description, date_created, image) VALUES (157, 79, 'My Hip Hop Playlist 31', 'A collection of Electronic tunes.', '2022-12-08', 'https://picsum.photos/id/320/180/180');
INSERT INTO PLAYLISTS (playlist_id, user_id, title, description, date_created, image) VALUES (158, 85, 'My Pop Playlist 43', 'A collection of Jazz tunes.', '2020-02-01', 'https://picsum.photos/id/377/180/180');
INSERT INTO PLAYLISTS (playlist_id, user_id, title, description, date_created, image) VALUES (159, 76, 'My Country Playlist 100', 'A collection of Dance tunes.', '2022-03-31', 'https://picsum.photos/id/346/180/180');
INSERT INTO PLAYLISTS (playlist_id, user_id, title, description, date_created, image) VALUES (160, 29, 'My Classical Playlist 31', 'A collection of Blues tunes.', '2020-06-30', 'https://picsum.photos/id/317/180/180');
INSERT INTO PLAYLISTS (playlist_id, user_id, title, description, date_created, image) VALUES (161, 85, 'My R&B Playlist 63', 'A collection of Rock tunes.', '2024-03-03', 'https://picsum.photos/id/345/180/180');
INSERT INTO PLAYLISTS (playlist_id, user_id, title, description, date_created, image) VALUES (162, 99, 'My Electronic Playlist 20', 'A collection of Rock tunes.', '2021-02-07', 'https://picsum.photos/id/360/180/180');
INSERT INTO PLAYLISTS (playlist_id, user_id, title, description, date_created, image) VALUES (163, 59, 'My R&B Playlist 15', 'A collection of Folk tunes.', '2022-06-07', 'https://picsum.photos/id/322/180/180');
INSERT INTO PLAYLISTS (playlist_id, user_id, title, description, date_created, image) VALUES (164, 61, 'My Country Playlist 42', 'A collection of Country tunes.', '2021-03-26', 'https://picsum.photos/id/351/180/180');
INSERT INTO PLAYLISTS (playlist_id, user_id, title, description, date_created, image) VALUES (165, 14, 'My Alternative Playlist 29', 'A collection of Indie tunes.', '2021-07-18', 'https://picsum.photos/id/329/180/180');
INSERT INTO PLAYLISTS (playlist_id, user_id, title, description, date_created, image) VALUES (166, 19, 'My Classical Playlist 38', 'A collection of Dance tunes.', '2021-01-19', 'https://picsum.photos/id/399/180/180');
INSERT INTO PLAYLISTS (playlist_id, user_id, title, description, date_created, image) VALUES (167, 80, 'My Blues Playlist 83', 'A collection of Reggae tunes.', '2020-12-25', 'https://picsum.photos/id/379/180/180');
INSERT INTO PLAYLISTS (playlist_id, user_id, title, description, date_created, image) VALUES (168, 30, 'My Pop Playlist 66', 'A collection of Indie tunes.', '2021-06-10', 'https://picsum.photos/id/334/180/180');
INSERT INTO PLAYLISTS (playlist_id, user_id, title, description, date_created, image) VALUES (169, 73, 'My Indie Playlist 87', 'A collection of Hip Hop tunes.', '2020-03-05', 'https://picsum.photos/id/375/180/180');
INSERT INTO PLAYLISTS (playlist_id, user_id, title, description, date_created, image) VALUES (170, 17, 'My R&B Playlist 88', 'A collection of Metal tunes.', '2021-05-30', 'https://picsum.photos/id/334/180/180');
INSERT INTO PLAYLISTS (playlist_id, user_id, title, description, date_created, image) VALUES (171, 22, 'My Reggae Playlist 20', 'A collection of Blues tunes.', '2021-10-16', 'https://picsum.photos/id/373/180/180');
INSERT INTO PLAYLISTS (playlist_id, user_id, title, description, date_created, image) VALUES (172, 3, 'My Country Playlist 37', 'A collection of Electronic tunes.', '2020-06-19', 'https://picsum.photos/id/387/180/180');
INSERT INTO PLAYLISTS (playlist_id, user_id, title, description, date_created, image) VALUES (173, 54, 'My R&B Playlist 64', 'A collection of Indie tunes.', '2022-10-13', 'https://picsum.photos/id/377/180/180');
INSERT INTO PLAYLISTS (playlist_id, user_id, title, description, date_created, image) VALUES (174, 73, 'My Reggae Playlist 6', 'A collection of Reggae tunes.', '2021-12-02', 'https://picsum.photos/id/333/180/180');
INSERT INTO PLAYLISTS (playlist_id, user_id, title, description, date_created, image) VALUES (175, 12, 'My Hip Hop Playlist 19', 'A collection of Classical tunes.', '2020-12-20', 'https://picsum.photos/id/350/180/180');
INSERT INTO PLAYLISTS (playlist_id, user_id, title, description, date_created, image) VALUES (176, 82, 'My Electronic Playlist 24', 'A collection of Dance tunes.', '2023-01-17', 'https://picsum.photos/id/334/180/180');
INSERT INTO PLAYLISTS (playlist_id, user_id, title, description, date_created, image) VALUES (177, 35, 'My Reggae Playlist 18', 'A collection of Hip Hop tunes.', '2023-05-28', 'https://picsum.photos/id/324/180/180');
INSERT INTO PLAYLISTS (playlist_id, user_id, title, description, date_created, image) VALUES (178, 88, 'My Electronic Playlist 53', 'A collection of Hip Hop tunes.', '2023-03-13', 'https://picsum.photos/id/399/180/180');
INSERT INTO PLAYLISTS (playlist_id, user_id, title, description, date_created, image) VALUES (179, 88, 'My Hip Hop Playlist 65', 'A collection of Blues tunes.', '2022-08-17', 'https://picsum.photos/id/310/180/180');
INSERT INTO PLAYLISTS (playlist_id, user_id, title, description, date_created, image) VALUES (180, 6, 'My Alternative Playlist 3', 'A collection of R&B tunes.', '2020-06-05', 'https://picsum.photos/id/364/180/180');
INSERT INTO PLAYLISTS (playlist_id, user_id, title, description, date_created, image) VALUES (181, 79, 'My Classical Playlist 97', 'A collection of Country tunes.', '2021-11-09', 'https://picsum.photos/id/343/180/180');
INSERT INTO PLAYLISTS (playlist_id, user_id, title, description, date_created, image) VALUES (182, 40, 'My Dance Playlist 59', 'A collection of Hip Hop tunes.', '2020-08-27', 'https://picsum.photos/id/330/180/180');
INSERT INTO PLAYLISTS (playlist_id, user_id, title, description, date_created, image) VALUES (183, 54, 'My Indie Playlist 64', 'A collection of Blues tunes.', '2023-08-16', 'https://picsum.photos/id/304/180/180');
INSERT INTO PLAYLISTS (playlist_id, user_id, title, description, date_created, image) VALUES (184, 85, 'My Dance Playlist 89', 'A collection of Reggae tunes.', '2023-01-25', 'https://picsum.photos/id/322/180/180');
INSERT INTO PLAYLISTS (playlist_id, user_id, title, description, date_created, image) VALUES (185, 25, 'My Indie Playlist 46', 'A collection of Hip Hop tunes.', '2023-04-18', 'https://picsum.photos/id/352/180/180');
INSERT INTO PLAYLISTS (playlist_id, user_id, title, description, date_created, image) VALUES (186, 96, 'My Folk Playlist 15', 'A collection of Rock tunes.', '2020-04-15', 'https://picsum.photos/id/387/180/180');
INSERT INTO PLAYLISTS (playlist_id, user_id, title, description, date_created, image) VALUES (187, 35, 'My Reggae Playlist 11', 'A collection of Dance tunes.', '2022-10-16', 'https://picsum.photos/id/320/180/180');
INSERT INTO PLAYLISTS (playlist_id, user_id, title, description, date_created, image) VALUES (188, 31, 'My Reggae Playlist 31', 'A collection of Reggae tunes.', '2022-03-17', 'https://picsum.photos/id/338/180/180');
INSERT INTO PLAYLISTS (playlist_id, user_id, title, description, date_created, image) VALUES (189, 92, 'My Electronic Playlist 56', 'A collection of Hip Hop tunes.', '2023-01-07', 'https://picsum.photos/id/394/180/180');
INSERT INTO PLAYLISTS (playlist_id, user_id, title, description, date_created, image) VALUES (190, 66, 'My Blues Playlist 20', 'A collection of Alternative tunes.', '2024-03-07', 'https://picsum.photos/id/309/180/180');
INSERT INTO PLAYLISTS (playlist_id, user_id, title, description, date_created, image) VALUES (191, 7, 'My Reggae Playlist 57', 'A collection of Blues tunes.', '2022-01-28', 'https://picsum.photos/id/316/180/180');
INSERT INTO PLAYLISTS (playlist_id, user_id, title, description, date_created, image) VALUES (192, 56, 'My Pop Playlist 69', 'A collection of Pop tunes.', '2021-11-04', 'https://picsum.photos/id/360/180/180');
INSERT INTO PLAYLISTS (playlist_id, user_id, title, description, date_created, image) VALUES (193, 27, 'My Dance Playlist 73', 'A collection of Blues tunes.', '2023-05-03', 'https://picsum.photos/id/347/180/180');
INSERT INTO PLAYLISTS (playlist_id, user_id, title, description, date_created, image) VALUES (194, 51, 'My Dance Playlist 25', 'A collection of Pop tunes.', '2022-06-09', 'https://picsum.photos/id/352/180/180');
INSERT INTO PLAYLISTS (playlist_id, user_id, title, description, date_created, image) VALUES (195, 26, 'My Alternative Playlist 7', 'A collection of Country tunes.', '2022-06-27', 'https://picsum.photos/id/331/180/180');
INSERT INTO PLAYLISTS (playlist_id, user_id, title, description, date_created, image) VALUES (196, 42, 'My R&B Playlist 52', 'A collection of Country tunes.', '2021-04-26', 'https://picsum.photos/id/360/180/180');
INSERT INTO PLAYLISTS (playlist_id, user_id, title, description, date_created, image) VALUES (197, 81, 'My Country Playlist 55', 'A collection of R&B tunes.', '2020-11-03', 'https://picsum.photos/id/312/180/180');
INSERT INTO PLAYLISTS (playlist_id, user_id, title, description, date_created, image) VALUES (198, 30, 'My Rock Playlist 47', 'A collection of Blues tunes.', '2023-12-29', 'https://picsum.photos/id/325/180/180');
INSERT INTO PLAYLISTS (playlist_id, user_id, title, description, date_created, image) VALUES (199, 71, 'My Rock Playlist 92', 'A collection of Blues tunes.', '2024-03-18', 'https://picsum.photos/id/343/180/180');
INSERT INTO PLAYLISTS (playlist_id, user_id, title, description, date_created, image) VALUES (200, 6, 'My Metal Playlist 61', 'A collection of Blues tunes.', '2020-07-12', 'https://picsum.photos/id/399/180/180');
INSERT INTO PLAYLISTS (playlist_id, user_id, title, description, date_created, image) VALUES (201, 64, 'My Folk Playlist 13', 'A collection of Rock tunes.', '2022-07-16', 'https://picsum.photos/id/346/180/180');
INSERT INTO PLAYLISTS (playlist_id, user_id, title, description, date_created, image) VALUES (202, 100, 'My Rock Playlist 80', 'A collection of Reggae tunes.', '2022-08-27', 'https://picsum.photos/id/381/180/180');
INSERT INTO PLAYLISTS (playlist_id, user_id, title, description, date_created, image) VALUES (203, 36, 'My Metal Playlist 8', 'A collection of Hip Hop tunes.', '2020-08-18', 'https://picsum.photos/id/372/180/180');
INSERT INTO PLAYLISTS (playlist_id, user_id, title, description, date_created, image) VALUES (204, 90, 'My Hip Hop Playlist 57', 'A collection of Classical tunes.', '2023-10-18', 'https://picsum.photos/id/340/180/180');
INSERT INTO PLAYLISTS (playlist_id, user_id, title, description, date_created, image) VALUES (205, 45, 'My Alternative Playlist 64', 'A collection of Blues tunes.', '2022-07-08', 'https://picsum.photos/id/310/180/180');
INSERT INTO PLAYLISTS (playlist_id, user_id, title, description, date_created, image) VALUES (206, 96, 'My Folk Playlist 64', 'A collection of Blues tunes.', '2023-07-06', 'https://picsum.photos/id/318/180/180');
INSERT INTO PLAYLISTS (playlist_id, user_id, title, description, date_created, image) VALUES (207, 46, 'My Dance Playlist 6', 'A collection of Dance tunes.', '2021-08-30', 'https://picsum.photos/id/320/180/180');
INSERT INTO PLAYLISTS (playlist_id, user_id, title, description, date_created, image) VALUES (208, 43, 'My Indie Playlist 20', 'A collection of Pop tunes.', '2020-07-17', 'https://picsum.photos/id/368/180/180');
INSERT INTO PLAYLISTS (playlist_id, user_id, title, description, date_created, image) VALUES (209, 10, 'My Folk Playlist 96', 'A collection of Alternative tunes.', '2020-07-20', 'https://picsum.photos/id/340/180/180');
INSERT INTO PLAYLISTS (playlist_id, user_id, title, description, date_created, image) VALUES (210, 41, 'My Pop Playlist 92', 'A collection of Hip Hop tunes.', '2021-05-03', 'https://picsum.photos/id/301/180/180');
INSERT INTO PLAYLISTS (playlist_id, user_id, title, description, date_created, image) VALUES (211, 44, 'My Rock Playlist 40', 'A collection of Dance tunes.', '2022-09-18', 'https://picsum.photos/id/354/180/180');
INSERT INTO PLAYLISTS (playlist_id, user_id, title, description, date_created, image) VALUES (212, 84, 'My Hip Hop Playlist 17', 'A collection of Jazz tunes.', '2020-03-17', 'https://picsum.photos/id/321/180/180');
INSERT INTO PLAYLISTS (playlist_id, user_id, title, description, date_created, image) VALUES (213, 24, 'My Metal Playlist 17', 'A collection of Country tunes.', '2021-01-05', 'https://picsum.photos/id/315/180/180');
INSERT INTO PLAYLISTS (playlist_id, user_id, title, description, date_created, image) VALUES (214, 21, 'My Hip Hop Playlist 37', 'A collection of Alternative tunes.', '2023-07-26', 'https://picsum.photos/id/335/180/180');
INSERT INTO PLAYLISTS (playlist_id, user_id, title, description, date_created, image) VALUES (215, 63, 'My Hip Hop Playlist 64', 'A collection of Folk tunes.', '2020-09-27', 'https://picsum.photos/id/383/180/180');
INSERT INTO PLAYLISTS (playlist_id, user_id, title, description, date_created, image) VALUES (216, 22, 'My Pop Playlist 93', 'A collection of Pop tunes.', '2023-03-01', 'https://picsum.photos/id/375/180/180');
INSERT INTO PLAYLISTS (playlist_id, user_id, title, description, date_created, image) VALUES (217, 11, 'My Classical Playlist 20', 'A collection of Rock tunes.', '2021-12-19', 'https://picsum.photos/id/390/180/180');
INSERT INTO PLAYLISTS (playlist_id, user_id, title, description, date_created, image) VALUES (218, 5, 'My Classical Playlist 19', 'A collection of Hip Hop tunes.', '2023-06-14', 'https://picsum.photos/id/360/180/180');
INSERT INTO PLAYLISTS (playlist_id, user_id, title, description, date_created, image) VALUES (219, 28, 'My Jazz Playlist 77', 'A collection of Country tunes.', '2022-11-19', 'https://picsum.photos/id/356/180/180');
INSERT INTO PLAYLISTS (playlist_id, user_id, title, description, date_created, image) VALUES (220, 16, 'My Electronic Playlist 21', 'A collection of Blues tunes.', '2023-03-12', 'https://picsum.photos/id/363/180/180');
INSERT INTO PLAYLISTS (playlist_id, user_id, title, description, date_created, image) VALUES (221, 25, 'My Classical Playlist 35', 'A collection of Pop tunes.', '2021-10-12', 'https://picsum.photos/id/376/180/180');
INSERT INTO PLAYLISTS (playlist_id, user_id, title, description, date_created, image) VALUES (222, 36, 'My Metal Playlist 100', 'A collection of Hip Hop tunes.', '2022-06-05', 'https://picsum.photos/id/354/180/180');
INSERT INTO PLAYLISTS (playlist_id, user_id, title, description, date_created, image) VALUES (223, 32, 'My Hip Hop Playlist 100', 'A collection of Folk tunes.', '2022-04-20', 'https://picsum.photos/id/355/180/180');
INSERT INTO PLAYLISTS (playlist_id, user_id, title, description, date_created, image) VALUES (224, 48, 'My Metal Playlist 84', 'A collection of R&B tunes.', '2022-06-30', 'https://picsum.photos/id/376/180/180');
INSERT INTO PLAYLISTS (playlist_id, user_id, title, description, date_created, image) VALUES (225, 14, 'My Dance Playlist 55', 'A collection of Folk tunes.', '2023-12-17', 'https://picsum.photos/id/375/180/180');
INSERT INTO PLAYLISTS (playlist_id, user_id, title, description, date_created, image) VALUES (226, 7, 'My Reggae Playlist 43', 'A collection of R&B tunes.', '2020-12-20', 'https://picsum.photos/id/378/180/180');
INSERT INTO PLAYLISTS (playlist_id, user_id, title, description, date_created, image) VALUES (227, 20, 'My Electronic Playlist 40', 'A collection of Alternative tunes.', '2021-05-24', 'https://picsum.photos/id/351/180/180');
INSERT INTO PLAYLISTS (playlist_id, user_id, title, description, date_created, image) VALUES (228, 21, 'My Jazz Playlist 50', 'A collection of Rock tunes.', '2023-08-26', 'https://picsum.photos/id/370/180/180');
INSERT INTO PLAYLISTS (playlist_id, user_id, title, description, date_created, image) VALUES (229, 31, 'My Dance Playlist 15', 'A collection of Reggae tunes.', '2023-02-06', 'https://picsum.photos/id/324/180/180');
INSERT INTO PLAYLISTS (playlist_id, user_id, title, description, date_created, image) VALUES (230, 25, 'My Alternative Playlist 63', 'A collection of Reggae tunes.', '2022-01-08', 'https://picsum.photos/id/332/180/180');
INSERT INTO PLAYLISTS (playlist_id, user_id, title, description, date_created, image) VALUES (231, 54, 'My Rock Playlist 98', 'A collection of Blues tunes.', '2020-09-28', 'https://picsum.photos/id/317/180/180');
INSERT INTO PLAYLISTS (playlist_id, user_id, title, description, date_created, image) VALUES (232, 56, 'My Country Playlist 34', 'A collection of Rock tunes.', '2022-03-14', 'https://picsum.photos/id/360/180/180');
INSERT INTO PLAYLISTS (playlist_id, user_id, title, description, date_created, image) VALUES (233, 48, 'My Rock Playlist 60', 'A collection of R&B tunes.', '2022-01-07', 'https://picsum.photos/id/393/180/180');
INSERT INTO PLAYLISTS (playlist_id, user_id, title, description, date_created, image) VALUES (234, 23, 'My Hip Hop Playlist 74', 'A collection of Blues tunes.', '2020-07-22', 'https://picsum.photos/id/312/180/180');
INSERT INTO PLAYLISTS (playlist_id, user_id, title, description, date_created, image) VALUES (235, 73, 'My Blues Playlist 69', 'A collection of Indie tunes.', '2020-10-01', 'https://picsum.photos/id/322/180/180');
INSERT INTO PLAYLISTS (playlist_id, user_id, title, description, date_created, image) VALUES (236, 33, 'My Dance Playlist 1', 'A collection of Jazz tunes.', '2022-07-08', 'https://picsum.photos/id/313/180/180');
INSERT INTO PLAYLISTS (playlist_id, user_id, title, description, date_created, image) VALUES (237, 41, 'My Blues Playlist 24', 'A collection of Alternative tunes.', '2022-06-16', 'https://picsum.photos/id/367/180/180');
INSERT INTO PLAYLISTS (playlist_id, user_id, title, description, date_created, image) VALUES (238, 61, 'My Blues Playlist 15', 'A collection of Rock tunes.', '2024-05-12', 'https://picsum.photos/id/307/180/180');
INSERT INTO PLAYLISTS (playlist_id, user_id, title, description, date_created, image) VALUES (239, 61, 'My R&B Playlist 10', 'A collection of Dance tunes.', '2021-11-19', 'https://picsum.photos/id/375/180/180');
INSERT INTO PLAYLISTS (playlist_id, user_id, title, description, date_created, image) VALUES (240, 33, 'My Dance Playlist 53', 'A collection of Pop tunes.', '2022-09-18', 'https://picsum.photos/id/309/180/180');
INSERT INTO PLAYLISTS (playlist_id, user_id, title, description, date_created, image) VALUES (241, 37, 'My Pop Playlist 31', 'A collection of Alternative tunes.', '2023-01-17', 'https://picsum.photos/id/333/180/180');
INSERT INTO PLAYLISTS (playlist_id, user_id, title, description, date_created, image) VALUES (242, 75, 'My Metal Playlist 14', 'A collection of Rock tunes.', '2020-07-13', 'https://picsum.photos/id/310/180/180');
INSERT INTO PLAYLISTS (playlist_id, user_id, title, description, date_created, image) VALUES (243, 96, 'My Dance Playlist 2', 'A collection of Folk tunes.', '2021-12-23', 'https://picsum.photos/id/400/180/180');
INSERT INTO PLAYLISTS (playlist_id, user_id, title, description, date_created, image) VALUES (244, 32, 'My Hip Hop Playlist 12', 'A collection of Rock tunes.', '2022-04-07', 'https://picsum.photos/id/396/180/180');
INSERT INTO PLAYLISTS (playlist_id, user_id, title, description, date_created, image) VALUES (245, 78, 'My Blues Playlist 67', 'A collection of Indie tunes.', '2020-01-13', 'https://picsum.photos/id/303/180/180');
INSERT INTO PLAYLISTS (playlist_id, user_id, title, description, date_created, image) VALUES (246, 37, 'My R&B Playlist 26', 'A collection of Alternative tunes.', '2023-09-02', 'https://picsum.photos/id/335/180/180');
INSERT INTO PLAYLISTS (playlist_id, user_id, title, description, date_created, image) VALUES (247, 85, 'My Rock Playlist 17', 'A collection of Pop tunes.', '2020-07-12', 'https://picsum.photos/id/343/180/180');
INSERT INTO PLAYLISTS (playlist_id, user_id, title, description, date_created, image) VALUES (248, 31, 'My Metal Playlist 71', 'A collection of R&B tunes.', '2021-05-25', 'https://picsum.photos/id/330/180/180');
INSERT INTO PLAYLISTS (playlist_id, user_id, title, description, date_created, image) VALUES (249, 37, 'My Country Playlist 92', 'A collection of Electronic tunes.', '2022-11-07', 'https://picsum.photos/id/384/180/180');
INSERT INTO PLAYLISTS (playlist_id, user_id, title, description, date_created, image) VALUES (250, 76, 'My Alternative Playlist 27', 'A collection of Metal tunes.', '2021-10-25', 'https://picsum.photos/id/356/180/180');
INSERT INTO PLAYLISTS (playlist_id, user_id, title, description, date_created, image) VALUES (251, 55, 'My Dance Playlist 1', 'A collection of Rock tunes.', '2022-05-07', 'https://picsum.photos/id/374/180/180');
INSERT INTO PLAYLISTS (playlist_id, user_id, title, description, date_created, image) VALUES (252, 19, 'My Reggae Playlist 52', 'A collection of Metal tunes.', '2020-05-17', 'https://picsum.photos/id/316/180/180');
INSERT INTO PLAYLISTS (playlist_id, user_id, title, description, date_created, image) VALUES (253, 72, 'My Metal Playlist 83', 'A collection of Country tunes.', '2023-01-09', 'https://picsum.photos/id/389/180/180');
INSERT INTO PLAYLISTS (playlist_id, user_id, title, description, date_created, image) VALUES (254, 35, 'My Pop Playlist 40', 'A collection of Alternative tunes.', '2021-03-18', 'https://picsum.photos/id/362/180/180');
INSERT INTO PLAYLISTS (playlist_id, user_id, title, description, date_created, image) VALUES (255, 38, 'My Hip Hop Playlist 29', 'A collection of Indie tunes.', '2020-10-24', 'https://picsum.photos/id/366/180/180');
INSERT INTO PLAYLISTS (playlist_id, user_id, title, description, date_created, image) VALUES (256, 48, 'My Alternative Playlist 19', 'A collection of Metal tunes.', '2022-01-11', 'https://picsum.photos/id/326/180/180');
INSERT INTO PLAYLISTS (playlist_id, user_id, title, description, date_created, image) VALUES (257, 1, 'My Indie Playlist 50', 'A collection of R&B tunes.', '2021-06-10', 'https://picsum.photos/id/330/180/180');
INSERT INTO PLAYLISTS (playlist_id, user_id, title, description, date_created, image) VALUES (258, 38, 'My Electronic Playlist 24', 'A collection of Indie tunes.', '2021-04-16', 'https://picsum.photos/id/358/180/180');
INSERT INTO PLAYLISTS (playlist_id, user_id, title, description, date_created, image) VALUES (259, 61, 'My Alternative Playlist 73', 'A collection of Jazz tunes.', '2021-02-28', 'https://picsum.photos/id/326/180/180');
INSERT INTO PLAYLISTS (playlist_id, user_id, title, description, date_created, image) VALUES (260, 77, 'My Metal Playlist 71', 'A collection of Indie tunes.', '2023-02-01', 'https://picsum.photos/id/364/180/180');
INSERT INTO PLAYLISTS (playlist_id, user_id, title, description, date_created, image) VALUES (261, 44, 'My Dance Playlist 85', 'A collection of Metal tunes.', '2023-07-14', 'https://picsum.photos/id/396/180/180');
INSERT INTO PLAYLISTS (playlist_id, user_id, title, description, date_created, image) VALUES (262, 45, 'My Hip Hop Playlist 20', 'A collection of Dance tunes.', '2023-05-08', 'https://picsum.photos/id/384/180/180');
INSERT INTO PLAYLISTS (playlist_id, user_id, title, description, date_created, image) VALUES (263, 84, 'My Rock Playlist 83', 'A collection of Classical tunes.', '2023-01-15', 'https://picsum.photos/id/315/180/180');
INSERT INTO PLAYLISTS (playlist_id, user_id, title, description, date_created, image) VALUES (264, 41, 'My Jazz Playlist 11', 'A collection of Alternative tunes.', '2021-04-02', 'https://picsum.photos/id/385/180/180');
INSERT INTO PLAYLISTS (playlist_id, user_id, title, description, date_created, image) VALUES (265, 20, 'My Hip Hop Playlist 26', 'A collection of Dance tunes.', '2023-09-27', 'https://picsum.photos/id/397/180/180');
INSERT INTO PLAYLISTS (playlist_id, user_id, title, description, date_created, image) VALUES (266, 57, 'My Electronic Playlist 27', 'A collection of Metal tunes.', '2023-05-02', 'https://picsum.photos/id/374/180/180');
INSERT INTO PLAYLISTS (playlist_id, user_id, title, description, date_created, image) VALUES (267, 55, 'My Electronic Playlist 61', 'A collection of Classical tunes.', '2020-09-25', 'https://picsum.photos/id/396/180/180');
INSERT INTO PLAYLISTS (playlist_id, user_id, title, description, date_created, image) VALUES (268, 55, 'My Reggae Playlist 99', 'A collection of Electronic tunes.', '2020-04-10', 'https://picsum.photos/id/389/180/180');
INSERT INTO PLAYLISTS (playlist_id, user_id, title, description, date_created, image) VALUES (269, 11, 'My Classical Playlist 30', 'A collection of Pop tunes.', '2022-03-28', 'https://picsum.photos/id/305/180/180');
INSERT INTO PLAYLISTS (playlist_id, user_id, title, description, date_created, image) VALUES (270, 69, 'My Hip Hop Playlist 33', 'A collection of Hip Hop tunes.', '2020-11-21', 'https://picsum.photos/id/396/180/180');
INSERT INTO PLAYLISTS (playlist_id, user_id, title, description, date_created, image) VALUES (271, 99, 'My Dance Playlist 26', 'A collection of Hip Hop tunes.', '2024-04-23', 'https://picsum.photos/id/315/180/180');
INSERT INTO PLAYLISTS (playlist_id, user_id, title, description, date_created, image) VALUES (272, 4, 'My Dance Playlist 86', 'A collection of Country tunes.', '2021-04-08', 'https://picsum.photos/id/384/180/180');
INSERT INTO PLAYLISTS (playlist_id, user_id, title, description, date_created, image) VALUES (273, 63, 'My Classical Playlist 18', 'A collection of Hip Hop tunes.', '2022-04-11', 'https://picsum.photos/id/330/180/180');
INSERT INTO PLAYLISTS (playlist_id, user_id, title, description, date_created, image) VALUES (274, 27, 'My Hip Hop Playlist 88', 'A collection of Dance tunes.', '2021-08-01', 'https://picsum.photos/id/306/180/180');
INSERT INTO PLAYLISTS (playlist_id, user_id, title, description, date_created, image) VALUES (275, 34, 'My Hip Hop Playlist 99', 'A collection of Dance tunes.', '2022-09-03', 'https://picsum.photos/id/327/180/180');
INSERT INTO PLAYLISTS (playlist_id, user_id, title, description, date_created, image) VALUES (276, 27, 'My Electronic Playlist 44', 'A collection of R&B tunes.', '2021-10-14', 'https://picsum.photos/id/312/180/180');
INSERT INTO PLAYLISTS (playlist_id, user_id, title, description, date_created, image) VALUES (277, 12, 'My Electronic Playlist 14', 'A collection of Blues tunes.', '2024-03-05', 'https://picsum.photos/id/301/180/180');
INSERT INTO PLAYLISTS (playlist_id, user_id, title, description, date_created, image) VALUES (278, 29, 'My Reggae Playlist 4', 'A collection of Dance tunes.', '2022-08-17', 'https://picsum.photos/id/330/180/180');
INSERT INTO PLAYLISTS (playlist_id, user_id, title, description, date_created, image) VALUES (279, 94, 'My R&B Playlist 93', 'A collection of Metal tunes.', '2020-02-08', 'https://picsum.photos/id/377/180/180');
INSERT INTO PLAYLISTS (playlist_id, user_id, title, description, date_created, image) VALUES (280, 37, 'My Reggae Playlist 5', 'A collection of Folk tunes.', '2020-08-13', 'https://picsum.photos/id/347/180/180');
INSERT INTO PLAYLISTS (playlist_id, user_id, title, description, date_created, image) VALUES (281, 3, 'My Metal Playlist 92', 'A collection of Jazz tunes.', '2020-05-16', 'https://picsum.photos/id/376/180/180');
INSERT INTO PLAYLISTS (playlist_id, user_id, title, description, date_created, image) VALUES (282, 7, 'My Metal Playlist 70', 'A collection of Rock tunes.', '2022-10-22', 'https://picsum.photos/id/322/180/180');
INSERT INTO PLAYLISTS (playlist_id, user_id, title, description, date_created, image) VALUES (283, 24, 'My Blues Playlist 33', 'A collection of Jazz tunes.', '2023-02-03', 'https://picsum.photos/id/380/180/180');
INSERT INTO PLAYLISTS (playlist_id, user_id, title, description, date_created, image) VALUES (284, 52, 'My Country Playlist 63', 'A collection of Blues tunes.', '2024-01-05', 'https://picsum.photos/id/375/180/180');
INSERT INTO PLAYLISTS (playlist_id, user_id, title, description, date_created, image) VALUES (285, 63, 'My Indie Playlist 83', 'A collection of Blues tunes.', '2020-09-20', 'https://picsum.photos/id/333/180/180');
INSERT INTO PLAYLISTS (playlist_id, user_id, title, description, date_created, image) VALUES (286, 17, 'My Electronic Playlist 56', 'A collection of Metal tunes.', '2022-08-02', 'https://picsum.photos/id/359/180/180');
INSERT INTO PLAYLISTS (playlist_id, user_id, title, description, date_created, image) VALUES (287, 14, 'My Classical Playlist 60', 'A collection of Jazz tunes.', '2022-06-23', 'https://picsum.photos/id/395/180/180');
INSERT INTO PLAYLISTS (playlist_id, user_id, title, description, date_created, image) VALUES (288, 3, 'My Country Playlist 26', 'A collection of R&B tunes.', '2024-03-02', 'https://picsum.photos/id/343/180/180');
INSERT INTO PLAYLISTS (playlist_id, user_id, title, description, date_created, image) VALUES (289, 93, 'My Classical Playlist 68', 'A collection of Blues tunes.', '2021-08-19', 'https://picsum.photos/id/378/180/180');
INSERT INTO PLAYLISTS (playlist_id, user_id, title, description, date_created, image) VALUES (290, 74, 'My Dance Playlist 60', 'A collection of Hip Hop tunes.', '2021-11-08', 'https://picsum.photos/id/308/180/180');
INSERT INTO PLAYLISTS (playlist_id, user_id, title, description, date_created, image) VALUES (291, 29, 'My Reggae Playlist 11', 'A collection of Jazz tunes.', '2021-01-25', 'https://picsum.photos/id/396/180/180');
INSERT INTO PLAYLISTS (playlist_id, user_id, title, description, date_created, image) VALUES (292, 17, 'My Classical Playlist 11', 'A collection of R&B tunes.', '2023-04-22', 'https://picsum.photos/id/342/180/180');
INSERT INTO PLAYLISTS (playlist_id, user_id, title, description, date_created, image) VALUES (293, 8, 'My Rock Playlist 59', 'A collection of Blues tunes.', '2021-01-31', 'https://picsum.photos/id/328/180/180');
INSERT INTO PLAYLISTS (playlist_id, user_id, title, description, date_created, image) VALUES (294, 22, 'My Classical Playlist 64', 'A collection of Rock tunes.', '2020-02-01', 'https://picsum.photos/id/346/180/180');
INSERT INTO PLAYLISTS (playlist_id, user_id, title, description, date_created, image) VALUES (295, 81, 'My Electronic Playlist 10', 'A collection of Dance tunes.', '2022-09-16', 'https://picsum.photos/id/384/180/180');
INSERT INTO PLAYLISTS (playlist_id, user_id, title, description, date_created, image) VALUES (296, 15, 'My Blues Playlist 96', 'A collection of Folk tunes.', '2021-03-01', 'https://picsum.photos/id/307/180/180');
INSERT INTO PLAYLISTS (playlist_id, user_id, title, description, date_created, image) VALUES (297, 69, 'My Classical Playlist 72', 'A collection of Reggae tunes.', '2022-05-12', 'https://picsum.photos/id/338/180/180');
INSERT INTO PLAYLISTS (playlist_id, user_id, title, description, date_created, image) VALUES (298, 64, 'My Pop Playlist 7', 'A collection of Indie tunes.', '2021-03-06', 'https://picsum.photos/id/345/180/180');
INSERT INTO PLAYLISTS (playlist_id, user_id, title, description, date_created, image) VALUES (299, 36, 'My Classical Playlist 38', 'A collection of Folk tunes.', '2023-07-29', 'https://picsum.photos/id/360/180/180');
INSERT INTO PLAYLISTS (playlist_id, user_id, title, description, date_created, image) VALUES (300, 46, 'My Hip Hop Playlist 93', 'A collection of Jazz tunes.', '2021-07-19', 'https://picsum.photos/id/312/180/180');
INSERT INTO PLAYLISTS (playlist_id, user_id, title, description, date_created, image) VALUES (301, 91, 'My Country Playlist 21', 'A collection of Classical tunes.', '2023-04-27', 'https://picsum.photos/id/384/180/180');
INSERT INTO PLAYLISTS (playlist_id, user_id, title, description, date_created, image) VALUES (302, 48, 'My Electronic Playlist 43', 'A collection of Jazz tunes.', '2021-06-20', 'https://picsum.photos/id/355/180/180');
INSERT INTO PLAYLISTS (playlist_id, user_id, title, description, date_created, image) VALUES (303, 10, 'My Pop Playlist 13', 'A collection of Rock tunes.', '2020-11-20', 'https://picsum.photos/id/352/180/180');
INSERT INTO PLAYLISTS (playlist_id, user_id, title, description, date_created, image) VALUES (304, 91, 'My Classical Playlist 65', 'A collection of Indie tunes.', '2021-04-21', 'https://picsum.photos/id/355/180/180');
INSERT INTO PLAYLISTS (playlist_id, user_id, title, description, date_created, image) VALUES (305, 62, 'My Metal Playlist 95', 'A collection of Reggae tunes.', '2023-10-15', 'https://picsum.photos/id/335/180/180');
INSERT INTO PLAYLISTS (playlist_id, user_id, title, description, date_created, image) VALUES (306, 19, 'My Pop Playlist 72', 'A collection of Electronic tunes.', '2023-05-19', 'https://picsum.photos/id/345/180/180');
INSERT INTO PLAYLISTS (playlist_id, user_id, title, description, date_created, image) VALUES (307, 58, 'My Reggae Playlist 6', 'A collection of Reggae tunes.', '2023-12-28', 'https://picsum.photos/id/386/180/180');
INSERT INTO PLAYLISTS (playlist_id, user_id, title, description, date_created, image) VALUES (308, 52, 'My Jazz Playlist 82', 'A collection of Country tunes.', '2021-06-16', 'https://picsum.photos/id/339/180/180');
INSERT INTO PLAYLISTS (playlist_id, user_id, title, description, date_created, image) VALUES (309, 55, 'My Indie Playlist 2', 'A collection of Jazz tunes.', '2021-04-22', 'https://picsum.photos/id/366/180/180');
INSERT INTO PLAYLISTS (playlist_id, user_id, title, description, date_created, image) VALUES (310, 83, 'My Rock Playlist 13', 'A collection of Folk tunes.', '2021-01-23', 'https://picsum.photos/id/345/180/180');
INSERT INTO PLAYLISTS (playlist_id, user_id, title, description, date_created, image) VALUES (311, 3, 'My Dance Playlist 50', 'A collection of R&B tunes.', '2020-06-27', 'https://picsum.photos/id/363/180/180');
INSERT INTO PLAYLISTS (playlist_id, user_id, title, description, date_created, image) VALUES (312, 9, 'My Indie Playlist 41', 'A collection of Pop tunes.', '2023-12-03', 'https://picsum.photos/id/380/180/180');
INSERT INTO PLAYLISTS (playlist_id, user_id, title, description, date_created, image) VALUES (313, 64, 'My Classical Playlist 52', 'A collection of Pop tunes.', '2020-07-07', 'https://picsum.photos/id/349/180/180');
INSERT INTO PLAYLISTS (playlist_id, user_id, title, description, date_created, image) VALUES (314, 75, 'My Rock Playlist 80', 'A collection of Hip Hop tunes.', '2022-04-13', 'https://picsum.photos/id/307/180/180');
INSERT INTO PLAYLISTS (playlist_id, user_id, title, description, date_created, image) VALUES (315, 14, 'My R&B Playlist 91', 'A collection of Classical tunes.', '2024-04-03', 'https://picsum.photos/id/319/180/180');
INSERT INTO PLAYLISTS (playlist_id, user_id, title, description, date_created, image) VALUES (316, 67, 'My Country Playlist 50', 'A collection of Pop tunes.', '2023-07-14', 'https://picsum.photos/id/356/180/180');
INSERT INTO PLAYLISTS (playlist_id, user_id, title, description, date_created, image) VALUES (317, 11, 'My Electronic Playlist 29', 'A collection of Folk tunes.', '2023-07-07', 'https://picsum.photos/id/359/180/180');
INSERT INTO PLAYLISTS (playlist_id, user_id, title, description, date_created, image) VALUES (318, 63, 'My Electronic Playlist 45', 'A collection of Folk tunes.', '2021-12-30', 'https://picsum.photos/id/377/180/180');
INSERT INTO PLAYLISTS (playlist_id, user_id, title, description, date_created, image) VALUES (319, 52, 'My Pop Playlist 32', 'A collection of Rock tunes.', '2021-07-20', 'https://picsum.photos/id/325/180/180');
INSERT INTO PLAYLISTS (playlist_id, user_id, title, description, date_created, image) VALUES (320, 64, 'My Electronic Playlist 36', 'A collection of R&B tunes.', '2022-12-27', 'https://picsum.photos/id/326/180/180');
INSERT INTO PLAYLISTS (playlist_id, user_id, title, description, date_created, image) VALUES (321, 84, 'My Country Playlist 35', 'A collection of Electronic tunes.', '2023-11-10', 'https://picsum.photos/id/325/180/180');
INSERT INTO PLAYLISTS (playlist_id, user_id, title, description, date_created, image) VALUES (322, 85, 'My Hip Hop Playlist 38', 'A collection of Jazz tunes.', '2023-02-20', 'https://picsum.photos/id/393/180/180');
INSERT INTO PLAYLISTS (playlist_id, user_id, title, description, date_created, image) VALUES (323, 60, 'My Dance Playlist 94', 'A collection of Hip Hop tunes.', '2024-04-25', 'https://picsum.photos/id/373/180/180');
INSERT INTO PLAYLISTS (playlist_id, user_id, title, description, date_created, image) VALUES (324, 90, 'My Jazz Playlist 6', 'A collection of R&B tunes.', '2023-05-05', 'https://picsum.photos/id/325/180/180');
INSERT INTO PLAYLISTS (playlist_id, user_id, title, description, date_created, image) VALUES (325, 84, 'My Metal Playlist 74', 'A collection of Jazz tunes.', '2020-03-12', 'https://picsum.photos/id/391/180/180');
INSERT INTO PLAYLISTS (playlist_id, user_id, title, description, date_created, image) VALUES (326, 43, 'My Indie Playlist 75', 'A collection of Blues tunes.', '2024-03-25', 'https://picsum.photos/id/351/180/180');
INSERT INTO PLAYLISTS (playlist_id, user_id, title, description, date_created, image) VALUES (327, 41, 'My Rock Playlist 37', 'A collection of Rock tunes.', '2020-02-27', 'https://picsum.photos/id/357/180/180');
INSERT INTO PLAYLISTS (playlist_id, user_id, title, description, date_created, image) VALUES (328, 15, 'My Folk Playlist 62', 'A collection of Jazz tunes.', '2022-01-22', 'https://picsum.photos/id/355/180/180');
INSERT INTO PLAYLISTS (playlist_id, user_id, title, description, date_created, image) VALUES (329, 2, 'My Dance Playlist 29', 'A collection of Classical tunes.', '2022-05-15', 'https://picsum.photos/id/362/180/180');
INSERT INTO PLAYLISTS (playlist_id, user_id, title, description, date_created, image) VALUES (330, 26, 'My Folk Playlist 62', 'A collection of Alternative tunes.', '2023-03-25', 'https://picsum.photos/id/358/180/180');
INSERT INTO PLAYLISTS (playlist_id, user_id, title, description, date_created, image) VALUES (331, 7, 'My Electronic Playlist 63', 'A collection of Reggae tunes.', '2021-08-20', 'https://picsum.photos/id/393/180/180');
INSERT INTO PLAYLISTS (playlist_id, user_id, title, description, date_created, image) VALUES (332, 38, 'My Electronic Playlist 8', 'A collection of Classical tunes.', '2024-01-07', 'https://picsum.photos/id/375/180/180');
INSERT INTO PLAYLISTS (playlist_id, user_id, title, description, date_created, image) VALUES (333, 44, 'My Alternative Playlist 25', 'A collection of Country tunes.', '2023-02-04', 'https://picsum.photos/id/388/180/180');
INSERT INTO PLAYLISTS (playlist_id, user_id, title, description, date_created, image) VALUES (334, 81, 'My Electronic Playlist 42', 'A collection of Classical tunes.', '2021-08-18', 'https://picsum.photos/id/382/180/180');
INSERT INTO PLAYLISTS (playlist_id, user_id, title, description, date_created, image) VALUES (335, 81, 'My Dance Playlist 32', 'A collection of Country tunes.', '2023-09-25', 'https://picsum.photos/id/356/180/180');
INSERT INTO PLAYLISTS (playlist_id, user_id, title, description, date_created, image) VALUES (336, 93, 'My R&B Playlist 88', 'A collection of Jazz tunes.', '2021-06-26', 'https://picsum.photos/id/356/180/180');
INSERT INTO PLAYLISTS (playlist_id, user_id, title, description, date_created, image) VALUES (337, 57, 'My Blues Playlist 8', 'A collection of Jazz tunes.', '2020-10-09', 'https://picsum.photos/id/323/180/180');
INSERT INTO PLAYLISTS (playlist_id, user_id, title, description, date_created, image) VALUES (338, 65, 'My Reggae Playlist 55', 'A collection of Country tunes.', '2023-04-13', 'https://picsum.photos/id/387/180/180');
INSERT INTO PLAYLISTS (playlist_id, user_id, title, description, date_created, image) VALUES (339, 55, 'My R&B Playlist 46', 'A collection of Alternative tunes.', '2023-12-13', 'https://picsum.photos/id/391/180/180');
INSERT INTO PLAYLISTS (playlist_id, user_id, title, description, date_created, image) VALUES (340, 8, 'My Alternative Playlist 84', 'A collection of Dance tunes.', '2023-07-29', 'https://picsum.photos/id/376/180/180');
INSERT INTO PLAYLISTS (playlist_id, user_id, title, description, date_created, image) VALUES (341, 48, 'My Rock Playlist 22', 'A collection of Blues tunes.', '2021-05-12', 'https://picsum.photos/id/338/180/180');
INSERT INTO PLAYLISTS (playlist_id, user_id, title, description, date_created, image) VALUES (342, 27, 'My Dance Playlist 18', 'A collection of Blues tunes.', '2021-07-08', 'https://picsum.photos/id/370/180/180');
INSERT INTO PLAYLISTS (playlist_id, user_id, title, description, date_created, image) VALUES (343, 74, 'My Hip Hop Playlist 48', 'A collection of Folk tunes.', '2022-08-15', 'https://picsum.photos/id/308/180/180');
INSERT INTO PLAYLISTS (playlist_id, user_id, title, description, date_created, image) VALUES (344, 32, 'My Electronic Playlist 54', 'A collection of Country tunes.', '2023-09-13', 'https://picsum.photos/id/303/180/180');
INSERT INTO PLAYLISTS (playlist_id, user_id, title, description, date_created, image) VALUES (345, 49, 'My Metal Playlist 9', 'A collection of Folk tunes.', '2021-03-20', 'https://picsum.photos/id/350/180/180');
INSERT INTO PLAYLISTS (playlist_id, user_id, title, description, date_created, image) VALUES (346, 31, 'My Classical Playlist 47', 'A collection of Rock tunes.', '2023-06-25', 'https://picsum.photos/id/389/180/180');
INSERT INTO PLAYLISTS (playlist_id, user_id, title, description, date_created, image) VALUES (347, 13, 'My Metal Playlist 89', 'A collection of Pop tunes.', '2022-09-22', 'https://picsum.photos/id/384/180/180');
INSERT INTO PLAYLISTS (playlist_id, user_id, title, description, date_created, image) VALUES (348, 100, 'My Pop Playlist 89', 'A collection of Hip Hop tunes.', '2021-12-31', 'https://picsum.photos/id/301/180/180');
INSERT INTO PLAYLISTS (playlist_id, user_id, title, description, date_created, image) VALUES (349, 6, 'My Blues Playlist 70', 'A collection of Pop tunes.', '2022-10-24', 'https://picsum.photos/id/354/180/180');
INSERT INTO PLAYLISTS (playlist_id, user_id, title, description, date_created, image) VALUES (350, 71, 'My Metal Playlist 91', 'A collection of Folk tunes.', '2020-05-27', 'https://picsum.photos/id/376/180/180');
INSERT INTO PLAYLISTS (playlist_id, user_id, title, description, date_created, image) VALUES (351, 30, 'My Jazz Playlist 41', 'A collection of Pop tunes.', '2024-05-10', 'https://picsum.photos/id/360/180/180');
INSERT INTO PLAYLISTS (playlist_id, user_id, title, description, date_created, image) VALUES (352, 93, 'My Folk Playlist 97', 'A collection of Jazz tunes.', '2023-11-14', 'https://picsum.photos/id/395/180/180');
INSERT INTO PLAYLISTS (playlist_id, user_id, title, description, date_created, image) VALUES (353, 17, 'My Alternative Playlist 83', 'A collection of Rock tunes.', '2022-11-03', 'https://picsum.photos/id/320/180/180');
INSERT INTO PLAYLISTS (playlist_id, user_id, title, description, date_created, image) VALUES (354, 33, 'My Reggae Playlist 48', 'A collection of Indie tunes.', '2020-05-24', 'https://picsum.photos/id/304/180/180');
INSERT INTO PLAYLISTS (playlist_id, user_id, title, description, date_created, image) VALUES (355, 32, 'My Rock Playlist 11', 'A collection of Dance tunes.', '2021-07-08', 'https://picsum.photos/id/326/180/180');
INSERT INTO PLAYLISTS (playlist_id, user_id, title, description, date_created, image) VALUES (356, 24, 'My Pop Playlist 98', 'A collection of Country tunes.', '2020-08-25', 'https://picsum.photos/id/326/180/180');
INSERT INTO PLAYLISTS (playlist_id, user_id, title, description, date_created, image) VALUES (357, 40, 'My Classical Playlist 62', 'A collection of Country tunes.', '2022-09-04', 'https://picsum.photos/id/390/180/180');
INSERT INTO PLAYLISTS (playlist_id, user_id, title, description, date_created, image) VALUES (358, 93, 'My Rock Playlist 98', 'A collection of R&B tunes.', '2023-05-13', 'https://picsum.photos/id/316/180/180');
INSERT INTO PLAYLISTS (playlist_id, user_id, title, description, date_created, image) VALUES (359, 54, 'My Country Playlist 72', 'A collection of Reggae tunes.', '2022-11-05', 'https://picsum.photos/id/389/180/180');
INSERT INTO PLAYLISTS (playlist_id, user_id, title, description, date_created, image) VALUES (360, 78, 'My Pop Playlist 22', 'A collection of R&B tunes.', '2022-07-30', 'https://picsum.photos/id/398/180/180');
INSERT INTO PLAYLISTS (playlist_id, user_id, title, description, date_created, image) VALUES (361, 14, 'My Classical Playlist 19', 'A collection of Country tunes.', '2021-05-17', 'https://picsum.photos/id/321/180/180');
INSERT INTO PLAYLISTS (playlist_id, user_id, title, description, date_created, image) VALUES (362, 81, 'My Pop Playlist 66', 'A collection of Dance tunes.', '2020-11-13', 'https://picsum.photos/id/311/180/180');
INSERT INTO PLAYLISTS (playlist_id, user_id, title, description, date_created, image) VALUES (363, 18, 'My Hip Hop Playlist 13', 'A collection of Pop tunes.', '2023-10-23', 'https://picsum.photos/id/378/180/180');
INSERT INTO PLAYLISTS (playlist_id, user_id, title, description, date_created, image) VALUES (364, 43, 'My Hip Hop Playlist 50', 'A collection of Electronic tunes.', '2022-11-23', 'https://picsum.photos/id/377/180/180');
INSERT INTO PLAYLISTS (playlist_id, user_id, title, description, date_created, image) VALUES (365, 54, 'My Indie Playlist 73', 'A collection of R&B tunes.', '2024-03-17', 'https://picsum.photos/id/330/180/180');
INSERT INTO PLAYLISTS (playlist_id, user_id, title, description, date_created, image) VALUES (366, 18, 'My Pop Playlist 4', 'A collection of Dance tunes.', '2020-09-27', 'https://picsum.photos/id/380/180/180');
INSERT INTO PLAYLISTS (playlist_id, user_id, title, description, date_created, image) VALUES (367, 81, 'My Indie Playlist 26', 'A collection of Rock tunes.', '2023-11-22', 'https://picsum.photos/id/308/180/180');
INSERT INTO PLAYLISTS (playlist_id, user_id, title, description, date_created, image) VALUES (368, 25, 'My Blues Playlist 7', 'A collection of Rock tunes.', '2022-01-08', 'https://picsum.photos/id/387/180/180');
INSERT INTO PLAYLISTS (playlist_id, user_id, title, description, date_created, image) VALUES (369, 74, 'My Electronic Playlist 94', 'A collection of Rock tunes.', '2022-03-22', 'https://picsum.photos/id/372/180/180');
INSERT INTO PLAYLISTS (playlist_id, user_id, title, description, date_created, image) VALUES (370, 97, 'My Folk Playlist 78', 'A collection of Pop tunes.', '2022-03-07', 'https://picsum.photos/id/390/180/180');
INSERT INTO PLAYLISTS (playlist_id, user_id, title, description, date_created, image) VALUES (371, 41, 'My Country Playlist 47', 'A collection of Rock tunes.', '2020-12-24', 'https://picsum.photos/id/388/180/180');
INSERT INTO PLAYLISTS (playlist_id, user_id, title, description, date_created, image) VALUES (372, 47, 'My Indie Playlist 77', 'A collection of Folk tunes.', '2023-06-15', 'https://picsum.photos/id/365/180/180');
INSERT INTO PLAYLISTS (playlist_id, user_id, title, description, date_created, image) VALUES (373, 44, 'My Blues Playlist 1', 'A collection of Folk tunes.', '2022-10-10', 'https://picsum.photos/id/366/180/180');
INSERT INTO PLAYLISTS (playlist_id, user_id, title, description, date_created, image) VALUES (374, 87, 'My Alternative Playlist 59', 'A collection of R&B tunes.', '2024-02-28', 'https://picsum.photos/id/382/180/180');
INSERT INTO PLAYLISTS (playlist_id, user_id, title, description, date_created, image) VALUES (375, 15, 'My Reggae Playlist 11', 'A collection of Rock tunes.', '2022-09-17', 'https://picsum.photos/id/378/180/180');
INSERT INTO PLAYLISTS (playlist_id, user_id, title, description, date_created, image) VALUES (376, 75, 'My R&B Playlist 13', 'A collection of Pop tunes.', '2021-07-18', 'https://picsum.photos/id/307/180/180');
INSERT INTO PLAYLISTS (playlist_id, user_id, title, description, date_created, image) VALUES (377, 21, 'My Dance Playlist 88', 'A collection of Dance tunes.', '2021-06-15', 'https://picsum.photos/id/360/180/180');
INSERT INTO PLAYLISTS (playlist_id, user_id, title, description, date_created, image) VALUES (378, 99, 'My Classical Playlist 37', 'A collection of Country tunes.', '2020-04-14', 'https://picsum.photos/id/367/180/180');
INSERT INTO PLAYLISTS (playlist_id, user_id, title, description, date_created, image) VALUES (379, 53, 'My Alternative Playlist 47', 'A collection of Metal tunes.', '2023-06-24', 'https://picsum.photos/id/327/180/180');
INSERT INTO PLAYLISTS (playlist_id, user_id, title, description, date_created, image) VALUES (380, 77, 'My Jazz Playlist 37', 'A collection of Indie tunes.', '2021-08-20', 'https://picsum.photos/id/347/180/180');
INSERT INTO PLAYLISTS (playlist_id, user_id, title, description, date_created, image) VALUES (381, 95, 'My Electronic Playlist 40', 'A collection of Classical tunes.', '2020-09-16', 'https://picsum.photos/id/392/180/180');
INSERT INTO PLAYLISTS (playlist_id, user_id, title, description, date_created, image) VALUES (382, 3, 'My Pop Playlist 94', 'A collection of Hip Hop tunes.', '2021-12-30', 'https://picsum.photos/id/367/180/180');
INSERT INTO PLAYLISTS (playlist_id, user_id, title, description, date_created, image) VALUES (383, 10, 'My Indie Playlist 22', 'A collection of Electronic tunes.', '2021-12-14', 'https://picsum.photos/id/301/180/180');
INSERT INTO PLAYLISTS (playlist_id, user_id, title, description, date_created, image) VALUES (384, 58, 'My Classical Playlist 41', 'A collection of Electronic tunes.', '2021-12-03', 'https://picsum.photos/id/382/180/180');
INSERT INTO PLAYLISTS (playlist_id, user_id, title, description, date_created, image) VALUES (385, 26, 'My Reggae Playlist 93', 'A collection of Country tunes.', '2021-12-10', 'https://picsum.photos/id/311/180/180');
INSERT INTO PLAYLISTS (playlist_id, user_id, title, description, date_created, image) VALUES (386, 17, 'My Metal Playlist 37', 'A collection of Electronic tunes.', '2024-05-16', 'https://picsum.photos/id/353/180/180');
INSERT INTO PLAYLISTS (playlist_id, user_id, title, description, date_created, image) VALUES (387, 54, 'My Alternative Playlist 48', 'A collection of Pop tunes.', '2023-05-18', 'https://picsum.photos/id/357/180/180');
INSERT INTO PLAYLISTS (playlist_id, user_id, title, description, date_created, image) VALUES (388, 69, 'My Country Playlist 30', 'A collection of Hip Hop tunes.', '2023-05-12', 'https://picsum.photos/id/370/180/180');
INSERT INTO PLAYLISTS (playlist_id, user_id, title, description, date_created, image) VALUES (389, 9, 'My Country Playlist 17', 'A collection of Country tunes.', '2021-08-12', 'https://picsum.photos/id/386/180/180');
INSERT INTO PLAYLISTS (playlist_id, user_id, title, description, date_created, image) VALUES (390, 10, 'My Reggae Playlist 59', 'A collection of Indie tunes.', '2023-07-05', 'https://picsum.photos/id/301/180/180');
INSERT INTO PLAYLISTS (playlist_id, user_id, title, description, date_created, image) VALUES (391, 13, 'My Rock Playlist 13', 'A collection of Rock tunes.', '2022-03-30', 'https://picsum.photos/id/370/180/180');
INSERT INTO PLAYLISTS (playlist_id, user_id, title, description, date_created, image) VALUES (392, 95, 'My Alternative Playlist 22', 'A collection of Country tunes.', '2023-02-25', 'https://picsum.photos/id/338/180/180');
INSERT INTO PLAYLISTS (playlist_id, user_id, title, description, date_created, image) VALUES (393, 5, 'My Folk Playlist 47', 'A collection of Reggae tunes.', '2023-10-28', 'https://picsum.photos/id/362/180/180');
INSERT INTO PLAYLISTS (playlist_id, user_id, title, description, date_created, image) VALUES (394, 7, 'My Hip Hop Playlist 34', 'A collection of Country tunes.', '2023-08-13', 'https://picsum.photos/id/362/180/180');
INSERT INTO PLAYLISTS (playlist_id, user_id, title, description, date_created, image) VALUES (395, 100, 'My Alternative Playlist 15', 'A collection of R&B tunes.', '2021-08-15', 'https://picsum.photos/id/357/180/180');
INSERT INTO PLAYLISTS (playlist_id, user_id, title, description, date_created, image) VALUES (396, 10, 'My Dance Playlist 73', 'A collection of Indie tunes.', '2023-06-24', 'https://picsum.photos/id/349/180/180');
INSERT INTO PLAYLISTS (playlist_id, user_id, title, description, date_created, image) VALUES (397, 24, 'My Rock Playlist 78', 'A collection of Electronic tunes.', '2022-11-29', 'https://picsum.photos/id/377/180/180');
INSERT INTO PLAYLISTS (playlist_id, user_id, title, description, date_created, image) VALUES (398, 80, 'My Metal Playlist 50', 'A collection of Classical tunes.', '2022-04-02', 'https://picsum.photos/id/399/180/180');
INSERT INTO PLAYLISTS (playlist_id, user_id, title, description, date_created, image) VALUES (399, 12, 'My R&B Playlist 46', 'A collection of Pop tunes.', '2020-07-09', 'https://picsum.photos/id/362/180/180');
INSERT INTO PLAYLISTS (playlist_id, user_id, title, description, date_created, image) VALUES (400, 64, 'My Hip Hop Playlist 2', 'A collection of Indie tunes.', '2023-04-13', 'https://picsum.photos/id/390/180/180');
INSERT INTO PLAYLISTS (playlist_id, user_id, title, description, date_created, image) VALUES (401, 74, 'My Dance Playlist 8', 'A collection of Folk tunes.', '2023-01-24', 'https://picsum.photos/id/365/180/180');
INSERT INTO PLAYLISTS (playlist_id, user_id, title, description, date_created, image) VALUES (402, 12, 'My Blues Playlist 48', 'A collection of Alternative tunes.', '2023-07-08', 'https://picsum.photos/id/360/180/180');
INSERT INTO PLAYLISTS (playlist_id, user_id, title, description, date_created, image) VALUES (403, 56, 'My Folk Playlist 26', 'A collection of Jazz tunes.', '2022-10-17', 'https://picsum.photos/id/370/180/180');
INSERT INTO PLAYLISTS (playlist_id, user_id, title, description, date_created, image) VALUES (404, 94, 'My Blues Playlist 77', 'A collection of Rock tunes.', '2022-08-19', 'https://picsum.photos/id/330/180/180');
INSERT INTO PLAYLISTS (playlist_id, user_id, title, description, date_created, image) VALUES (405, 67, 'My Indie Playlist 14', 'A collection of Dance tunes.', '2023-02-21', 'https://picsum.photos/id/377/180/180');
INSERT INTO PLAYLISTS (playlist_id, user_id, title, description, date_created, image) VALUES (406, 100, 'My Jazz Playlist 59', 'A collection of Country tunes.', '2022-05-11', 'https://picsum.photos/id/371/180/180');
INSERT INTO PLAYLISTS (playlist_id, user_id, title, description, date_created, image) VALUES (407, 96, 'My Alternative Playlist 25', 'A collection of Blues tunes.', '2024-02-09', 'https://picsum.photos/id/400/180/180');
INSERT INTO PLAYLISTS (playlist_id, user_id, title, description, date_created, image) VALUES (408, 98, 'My Hip Hop Playlist 85', 'A collection of Jazz tunes.', '2021-01-18', 'https://picsum.photos/id/381/180/180');
INSERT INTO PLAYLISTS (playlist_id, user_id, title, description, date_created, image) VALUES (409, 66, 'My Jazz Playlist 6', 'A collection of Metal tunes.', '2022-08-31', 'https://picsum.photos/id/357/180/180');
INSERT INTO PLAYLISTS (playlist_id, user_id, title, description, date_created, image) VALUES (410, 69, 'My Reggae Playlist 98', 'A collection of Alternative tunes.', '2020-02-17', 'https://picsum.photos/id/333/180/180');
INSERT INTO PLAYLISTS (playlist_id, user_id, title, description, date_created, image) VALUES (411, 40, 'My Metal Playlist 10', 'A collection of R&B tunes.', '2021-07-24', 'https://picsum.photos/id/331/180/180');
INSERT INTO PLAYLISTS (playlist_id, user_id, title, description, date_created, image) VALUES (412, 87, 'My Hip Hop Playlist 70', 'A collection of Dance tunes.', '2022-12-06', 'https://picsum.photos/id/384/180/180');
INSERT INTO PLAYLISTS (playlist_id, user_id, title, description, date_created, image) VALUES (413, 23, 'My Blues Playlist 81', 'A collection of Alternative tunes.', '2023-09-02', 'https://picsum.photos/id/365/180/180');
INSERT INTO PLAYLISTS (playlist_id, user_id, title, description, date_created, image) VALUES (414, 72, 'My Electronic Playlist 33', 'A collection of Classical tunes.', '2024-05-01', 'https://picsum.photos/id/344/180/180');
INSERT INTO PLAYLISTS (playlist_id, user_id, title, description, date_created, image) VALUES (415, 36, 'My Metal Playlist 58', 'A collection of Folk tunes.', '2023-11-03', 'https://picsum.photos/id/392/180/180');
INSERT INTO PLAYLISTS (playlist_id, user_id, title, description, date_created, image) VALUES (416, 24, 'My Classical Playlist 72', 'A collection of Country tunes.', '2020-03-28', 'https://picsum.photos/id/370/180/180');
INSERT INTO PLAYLISTS (playlist_id, user_id, title, description, date_created, image) VALUES (417, 52, 'My Hip Hop Playlist 93', 'A collection of Metal tunes.', '2021-01-09', 'https://picsum.photos/id/383/180/180');
INSERT INTO PLAYLISTS (playlist_id, user_id, title, description, date_created, image) VALUES (418, 77, 'My Alternative Playlist 50', 'A collection of Classical tunes.', '2023-11-29', 'https://picsum.photos/id/379/180/180');
INSERT INTO PLAYLISTS (playlist_id, user_id, title, description, date_created, image) VALUES (419, 45, 'My Electronic Playlist 30', 'A collection of Country tunes.', '2020-08-23', 'https://picsum.photos/id/327/180/180');
INSERT INTO PLAYLISTS (playlist_id, user_id, title, description, date_created, image) VALUES (420, 4, 'My Folk Playlist 24', 'A collection of Alternative tunes.', '2023-05-01', 'https://picsum.photos/id/400/180/180');
INSERT INTO PLAYLISTS (playlist_id, user_id, title, description, date_created, image) VALUES (421, 39, 'My Hip Hop Playlist 56', 'A collection of Reggae tunes.', '2021-08-23', 'https://picsum.photos/id/354/180/180');
INSERT INTO PLAYLISTS (playlist_id, user_id, title, description, date_created, image) VALUES (422, 100, 'My Alternative Playlist 42', 'A collection of Blues tunes.', '2020-11-05', 'https://picsum.photos/id/301/180/180');
INSERT INTO PLAYLISTS (playlist_id, user_id, title, description, date_created, image) VALUES (423, 85, 'My Electronic Playlist 85', 'A collection of Blues tunes.', '2020-03-26', 'https://picsum.photos/id/311/180/180');
INSERT INTO PLAYLISTS (playlist_id, user_id, title, description, date_created, image) VALUES (424, 93, 'My Country Playlist 50', 'A collection of Blues tunes.', '2022-04-26', 'https://picsum.photos/id/329/180/180');
INSERT INTO PLAYLISTS (playlist_id, user_id, title, description, date_created, image) VALUES (425, 18, 'My Blues Playlist 73', 'A collection of Blues tunes.', '2021-11-08', 'https://picsum.photos/id/312/180/180');
INSERT INTO PLAYLISTS (playlist_id, user_id, title, description, date_created, image) VALUES (426, 81, 'My Hip Hop Playlist 40', 'A collection of Dance tunes.', '2023-06-17', 'https://picsum.photos/id/379/180/180');
INSERT INTO PLAYLISTS (playlist_id, user_id, title, description, date_created, image) VALUES (427, 84, 'My Rock Playlist 80', 'A collection of R&B tunes.', '2022-02-26', 'https://picsum.photos/id/350/180/180');
INSERT INTO PLAYLISTS (playlist_id, user_id, title, description, date_created, image) VALUES (428, 74, 'My Classical Playlist 29', 'A collection of Dance tunes.', '2020-04-16', 'https://picsum.photos/id/313/180/180');
INSERT INTO PLAYLISTS (playlist_id, user_id, title, description, date_created, image) VALUES (429, 42, 'My Jazz Playlist 26', 'A collection of Dance tunes.', '2020-07-08', 'https://picsum.photos/id/350/180/180');
INSERT INTO PLAYLISTS (playlist_id, user_id, title, description, date_created, image) VALUES (430, 60, 'My Rock Playlist 56', 'A collection of Alternative tunes.', '2020-03-07', 'https://picsum.photos/id/308/180/180');
INSERT INTO PLAYLISTS (playlist_id, user_id, title, description, date_created, image) VALUES (431, 69, 'My Reggae Playlist 75', 'A collection of Country tunes.', '2021-12-08', 'https://picsum.photos/id/399/180/180');
INSERT INTO PLAYLISTS (playlist_id, user_id, title, description, date_created, image) VALUES (432, 79, 'My Electronic Playlist 74', 'A collection of Rock tunes.', '2020-04-04', 'https://picsum.photos/id/395/180/180');
INSERT INTO PLAYLISTS (playlist_id, user_id, title, description, date_created, image) VALUES (433, 28, 'My Hip Hop Playlist 61', 'A collection of Dance tunes.', '2022-09-01', 'https://picsum.photos/id/336/180/180');
INSERT INTO PLAYLISTS (playlist_id, user_id, title, description, date_created, image) VALUES (434, 99, 'My Blues Playlist 58', 'A collection of Alternative tunes.', '2023-06-27', 'https://picsum.photos/id/309/180/180');
INSERT INTO PLAYLISTS (playlist_id, user_id, title, description, date_created, image) VALUES (435, 69, 'My Hip Hop Playlist 43', 'A collection of Folk tunes.', '2021-05-14', 'https://picsum.photos/id/325/180/180');
INSERT INTO PLAYLISTS (playlist_id, user_id, title, description, date_created, image) VALUES (436, 56, 'My Classical Playlist 25', 'A collection of Jazz tunes.', '2021-11-03', 'https://picsum.photos/id/357/180/180');
INSERT INTO PLAYLISTS (playlist_id, user_id, title, description, date_created, image) VALUES (437, 24, 'My Classical Playlist 43', 'A collection of Reggae tunes.', '2022-12-07', 'https://picsum.photos/id/347/180/180');
INSERT INTO PLAYLISTS (playlist_id, user_id, title, description, date_created, image) VALUES (438, 5, 'My Country Playlist 81', 'A collection of R&B tunes.', '2023-01-23', 'https://picsum.photos/id/390/180/180');
INSERT INTO PLAYLISTS (playlist_id, user_id, title, description, date_created, image) VALUES (439, 23, 'My Hip Hop Playlist 21', 'A collection of Country tunes.', '2023-10-02', 'https://picsum.photos/id/374/180/180');
INSERT INTO PLAYLISTS (playlist_id, user_id, title, description, date_created, image) VALUES (440, 40, 'My Reggae Playlist 36', 'A collection of Alternative tunes.', '2021-05-07', 'https://picsum.photos/id/385/180/180');
INSERT INTO PLAYLISTS (playlist_id, user_id, title, description, date_created, image) VALUES (441, 59, 'My Metal Playlist 76', 'A collection of Alternative tunes.', '2020-07-12', 'https://picsum.photos/id/337/180/180');
INSERT INTO PLAYLISTS (playlist_id, user_id, title, description, date_created, image) VALUES (442, 18, 'My Rock Playlist 77', 'A collection of R&B tunes.', '2021-11-02', 'https://picsum.photos/id/308/180/180');
INSERT INTO PLAYLISTS (playlist_id, user_id, title, description, date_created, image) VALUES (443, 31, 'My Electronic Playlist 99', 'A collection of R&B tunes.', '2023-11-26', 'https://picsum.photos/id/385/180/180');
INSERT INTO PLAYLISTS (playlist_id, user_id, title, description, date_created, image) VALUES (444, 38, 'My Alternative Playlist 27', 'A collection of Metal tunes.', '2022-06-23', 'https://picsum.photos/id/349/180/180');
INSERT INTO PLAYLISTS (playlist_id, user_id, title, description, date_created, image) VALUES (445, 67, 'My Country Playlist 21', 'A collection of Rock tunes.', '2020-03-31', 'https://picsum.photos/id/319/180/180');
INSERT INTO PLAYLISTS (playlist_id, user_id, title, description, date_created, image) VALUES (446, 61, 'My Pop Playlist 17', 'A collection of Alternative tunes.', '2020-06-12', 'https://picsum.photos/id/369/180/180');
INSERT INTO PLAYLISTS (playlist_id, user_id, title, description, date_created, image) VALUES (447, 28, 'My Jazz Playlist 8', 'A collection of Classical tunes.', '2024-01-21', 'https://picsum.photos/id/324/180/180');
INSERT INTO PLAYLISTS (playlist_id, user_id, title, description, date_created, image) VALUES (448, 99, 'My Electronic Playlist 1', 'A collection of Metal tunes.', '2023-01-23', 'https://picsum.photos/id/379/180/180');
INSERT INTO PLAYLISTS (playlist_id, user_id, title, description, date_created, image) VALUES (449, 62, 'My Reggae Playlist 56', 'A collection of Hip Hop tunes.', '2020-08-18', 'https://picsum.photos/id/334/180/180');
INSERT INTO PLAYLISTS (playlist_id, user_id, title, description, date_created, image) VALUES (450, 85, 'My Rock Playlist 72', 'A collection of Electronic tunes.', '2022-04-16', 'https://picsum.photos/id/304/180/180');
INSERT INTO PLAYLISTS (playlist_id, user_id, title, description, date_created, image) VALUES (451, 39, 'My Metal Playlist 65', 'A collection of Rock tunes.', '2020-07-13', 'https://picsum.photos/id/384/180/180');
INSERT INTO PLAYLISTS (playlist_id, user_id, title, description, date_created, image) VALUES (452, 54, 'My Classical Playlist 94', 'A collection of Metal tunes.', '2020-08-16', 'https://picsum.photos/id/378/180/180');
INSERT INTO PLAYLISTS (playlist_id, user_id, title, description, date_created, image) VALUES (453, 22, 'My Reggae Playlist 38', 'A collection of Reggae tunes.', '2022-03-25', 'https://picsum.photos/id/315/180/180');
INSERT INTO PLAYLISTS (playlist_id, user_id, title, description, date_created, image) VALUES (454, 14, 'My Hip Hop Playlist 86', 'A collection of Jazz tunes.', '2020-06-06', 'https://picsum.photos/id/355/180/180');
INSERT INTO PLAYLISTS (playlist_id, user_id, title, description, date_created, image) VALUES (455, 52, 'My Pop Playlist 39', 'A collection of Reggae tunes.', '2023-01-01', 'https://picsum.photos/id/387/180/180');
INSERT INTO PLAYLISTS (playlist_id, user_id, title, description, date_created, image) VALUES (456, 82, 'My Country Playlist 11', 'A collection of Metal tunes.', '2022-11-29', 'https://picsum.photos/id/312/180/180');
INSERT INTO PLAYLISTS (playlist_id, user_id, title, description, date_created, image) VALUES (457, 15, 'My Pop Playlist 74', 'A collection of Country tunes.', '2021-05-31', 'https://picsum.photos/id/384/180/180');
INSERT INTO PLAYLISTS (playlist_id, user_id, title, description, date_created, image) VALUES (458, 73, 'My Jazz Playlist 15', 'A collection of Dance tunes.', '2020-12-24', 'https://picsum.photos/id/382/180/180');
INSERT INTO PLAYLISTS (playlist_id, user_id, title, description, date_created, image) VALUES (459, 78, 'My R&B Playlist 72', 'A collection of Metal tunes.', '2024-03-28', 'https://picsum.photos/id/350/180/180');
INSERT INTO PLAYLISTS (playlist_id, user_id, title, description, date_created, image) VALUES (460, 4, 'My Jazz Playlist 23', 'A collection of Alternative tunes.', '2020-12-16', 'https://picsum.photos/id/337/180/180');
INSERT INTO PLAYLISTS (playlist_id, user_id, title, description, date_created, image) VALUES (461, 77, 'My Pop Playlist 71', 'A collection of Pop tunes.', '2022-10-17', 'https://picsum.photos/id/364/180/180');
INSERT INTO PLAYLISTS (playlist_id, user_id, title, description, date_created, image) VALUES (462, 80, 'My Rock Playlist 28', 'A collection of Electronic tunes.', '2020-08-18', 'https://picsum.photos/id/308/180/180');
INSERT INTO PLAYLISTS (playlist_id, user_id, title, description, date_created, image) VALUES (463, 9, 'My Indie Playlist 3', 'A collection of Jazz tunes.', '2021-10-29', 'https://picsum.photos/id/308/180/180');
INSERT INTO PLAYLISTS (playlist_id, user_id, title, description, date_created, image) VALUES (464, 56, 'My Jazz Playlist 1', 'A collection of Rock tunes.', '2023-01-20', 'https://picsum.photos/id/383/180/180');
INSERT INTO PLAYLISTS (playlist_id, user_id, title, description, date_created, image) VALUES (465, 7, 'My Metal Playlist 82', 'A collection of Hip Hop tunes.', '2020-05-05', 'https://picsum.photos/id/348/180/180');
INSERT INTO PLAYLISTS (playlist_id, user_id, title, description, date_created, image) VALUES (466, 96, 'My Blues Playlist 36', 'A collection of Dance tunes.', '2021-08-14', 'https://picsum.photos/id/304/180/180');
INSERT INTO PLAYLISTS (playlist_id, user_id, title, description, date_created, image) VALUES (467, 33, 'My Classical Playlist 6', 'A collection of Classical tunes.', '2023-06-13', 'https://picsum.photos/id/377/180/180');
INSERT INTO PLAYLISTS (playlist_id, user_id, title, description, date_created, image) VALUES (468, 6, 'My Metal Playlist 37', 'A collection of Alternative tunes.', '2023-10-23', 'https://picsum.photos/id/395/180/180');
INSERT INTO PLAYLISTS (playlist_id, user_id, title, description, date_created, image) VALUES (469, 60, 'My Jazz Playlist 95', 'A collection of R&B tunes.', '2022-03-09', 'https://picsum.photos/id/319/180/180');
INSERT INTO PLAYLISTS (playlist_id, user_id, title, description, date_created, image) VALUES (470, 100, 'My Jazz Playlist 25', 'A collection of Blues tunes.', '2020-06-18', 'https://picsum.photos/id/395/180/180');
INSERT INTO PLAYLISTS (playlist_id, user_id, title, description, date_created, image) VALUES (471, 10, 'My Rock Playlist 21', 'A collection of Country tunes.', '2020-12-15', 'https://picsum.photos/id/327/180/180');
INSERT INTO PLAYLISTS (playlist_id, user_id, title, description, date_created, image) VALUES (472, 82, 'My Folk Playlist 29', 'A collection of Dance tunes.', '2023-09-13', 'https://picsum.photos/id/334/180/180');
INSERT INTO PLAYLISTS (playlist_id, user_id, title, description, date_created, image) VALUES (473, 60, 'My Hip Hop Playlist 90', 'A collection of Folk tunes.', '2021-06-06', 'https://picsum.photos/id/393/180/180');
INSERT INTO PLAYLISTS (playlist_id, user_id, title, description, date_created, image) VALUES (474, 17, 'My Folk Playlist 39', 'A collection of Rock tunes.', '2020-05-19', 'https://picsum.photos/id/396/180/180');
INSERT INTO PLAYLISTS (playlist_id, user_id, title, description, date_created, image) VALUES (475, 4, 'My Dance Playlist 51', 'A collection of Electronic tunes.', '2020-05-21', 'https://picsum.photos/id/369/180/180');
INSERT INTO PLAYLISTS (playlist_id, user_id, title, description, date_created, image) VALUES (476, 45, 'My R&B Playlist 42', 'A collection of Jazz tunes.', '2024-03-13', 'https://picsum.photos/id/340/180/180');
INSERT INTO PLAYLISTS (playlist_id, user_id, title, description, date_created, image) VALUES (477, 87, 'My Hip Hop Playlist 6', 'A collection of Alternative tunes.', '2021-10-31', 'https://picsum.photos/id/333/180/180');
INSERT INTO PLAYLISTS (playlist_id, user_id, title, description, date_created, image) VALUES (478, 27, 'My Dance Playlist 57', 'A collection of R&B tunes.', '2021-10-02', 'https://picsum.photos/id/394/180/180');
INSERT INTO PLAYLISTS (playlist_id, user_id, title, description, date_created, image) VALUES (479, 9, 'My Folk Playlist 28', 'A collection of Jazz tunes.', '2020-11-28', 'https://picsum.photos/id/398/180/180');
INSERT INTO PLAYLISTS (playlist_id, user_id, title, description, date_created, image) VALUES (480, 66, 'My Folk Playlist 31', 'A collection of Metal tunes.', '2020-07-20', 'https://picsum.photos/id/311/180/180');
INSERT INTO PLAYLISTS (playlist_id, user_id, title, description, date_created, image) VALUES (481, 59, 'My Indie Playlist 47', 'A collection of Classical tunes.', '2020-09-20', 'https://picsum.photos/id/335/180/180');
INSERT INTO PLAYLISTS (playlist_id, user_id, title, description, date_created, image) VALUES (482, 21, 'My Dance Playlist 79', 'A collection of Folk tunes.', '2020-05-05', 'https://picsum.photos/id/382/180/180');
INSERT INTO PLAYLISTS (playlist_id, user_id, title, description, date_created, image) VALUES (483, 18, 'My R&B Playlist 17', 'A collection of Blues tunes.', '2022-03-18', 'https://picsum.photos/id/336/180/180');
INSERT INTO PLAYLISTS (playlist_id, user_id, title, description, date_created, image) VALUES (484, 62, 'My Jazz Playlist 10', 'A collection of Country tunes.', '2023-12-08', 'https://picsum.photos/id/349/180/180');
INSERT INTO PLAYLISTS (playlist_id, user_id, title, description, date_created, image) VALUES (485, 30, 'My Country Playlist 36', 'A collection of Folk tunes.', '2022-07-24', 'https://picsum.photos/id/385/180/180');
INSERT INTO PLAYLISTS (playlist_id, user_id, title, description, date_created, image) VALUES (486, 14, 'My Jazz Playlist 87', 'A collection of Classical tunes.', '2021-06-18', 'https://picsum.photos/id/314/180/180');
INSERT INTO PLAYLISTS (playlist_id, user_id, title, description, date_created, image) VALUES (487, 65, 'My Blues Playlist 87', 'A collection of R&B tunes.', '2023-02-16', 'https://picsum.photos/id/373/180/180');
INSERT INTO PLAYLISTS (playlist_id, user_id, title, description, date_created, image) VALUES (488, 52, 'My Dance Playlist 42', 'A collection of Alternative tunes.', '2024-04-14', 'https://picsum.photos/id/305/180/180');
INSERT INTO PLAYLISTS (playlist_id, user_id, title, description, date_created, image) VALUES (489, 44, 'My Pop Playlist 43', 'A collection of Hip Hop tunes.', '2020-01-28', 'https://picsum.photos/id/306/180/180');
INSERT INTO PLAYLISTS (playlist_id, user_id, title, description, date_created, image) VALUES (490, 73, 'My Alternative Playlist 57', 'A collection of Metal tunes.', '2020-03-27', 'https://picsum.photos/id/358/180/180');
INSERT INTO PLAYLISTS (playlist_id, user_id, title, description, date_created, image) VALUES (491, 58, 'My Reggae Playlist 22', 'A collection of Jazz tunes.', '2023-03-08', 'https://picsum.photos/id/400/180/180');
INSERT INTO PLAYLISTS (playlist_id, user_id, title, description, date_created, image) VALUES (492, 20, 'My Electronic Playlist 60', 'A collection of Hip Hop tunes.', '2021-12-12', 'https://picsum.photos/id/315/180/180');
INSERT INTO PLAYLISTS (playlist_id, user_id, title, description, date_created, image) VALUES (493, 71, 'My Metal Playlist 72', 'A collection of Electronic tunes.', '2021-12-20', 'https://picsum.photos/id/365/180/180');
INSERT INTO PLAYLISTS (playlist_id, user_id, title, description, date_created, image) VALUES (494, 47, 'My R&B Playlist 92', 'A collection of Dance tunes.', '2021-01-03', 'https://picsum.photos/id/384/180/180');
INSERT INTO PLAYLISTS (playlist_id, user_id, title, description, date_created, image) VALUES (495, 42, 'My Electronic Playlist 55', 'A collection of R&B tunes.', '2021-06-04', 'https://picsum.photos/id/312/180/180');
INSERT INTO PLAYLISTS (playlist_id, user_id, title, description, date_created, image) VALUES (496, 29, 'My Indie Playlist 71', 'A collection of Dance tunes.', '2020-10-18', 'https://picsum.photos/id/400/180/180');
INSERT INTO PLAYLISTS (playlist_id, user_id, title, description, date_created, image) VALUES (497, 36, 'My Pop Playlist 95', 'A collection of Blues tunes.', '2023-05-06', 'https://picsum.photos/id/332/180/180');
INSERT INTO PLAYLISTS (playlist_id, user_id, title, description, date_created, image) VALUES (498, 71, 'My Rock Playlist 73', 'A collection of Alternative tunes.', '2024-03-16', 'https://picsum.photos/id/380/180/180');
INSERT INTO PLAYLISTS (playlist_id, user_id, title, description, date_created, image) VALUES (499, 43, 'My Classical Playlist 71', 'A collection of Rock tunes.', '2020-11-22', 'https://picsum.photos/id/341/180/180');
INSERT INTO PLAYLISTS (playlist_id, user_id, title, description, date_created, image) VALUES (500, 99, 'My Indie Playlist 39', 'A collection of Hip Hop tunes.', '2023-03-22', 'https://picsum.photos/id/349/180/180');

-- PLAYLIST_SONGS Data --
INSERT INTO PLAYLIST_SONGS (playlistsong_id, playlist_id, song_id, date_added) VALUES (1, 9, 630, '2023-10-25');
INSERT INTO PLAYLIST_SONGS (playlistsong_id, playlist_id, song_id, date_added) VALUES (2, 204, 301, '2023-04-12');
INSERT INTO PLAYLIST_SONGS (playlistsong_id, playlist_id, song_id, date_added) VALUES (3, 482, 618, '2023-04-20');
INSERT INTO PLAYLIST_SONGS (playlistsong_id, playlist_id, song_id, date_added) VALUES (4, 31, 56, '2023-05-27');
INSERT INTO PLAYLIST_SONGS (playlistsong_id, playlist_id, song_id, date_added) VALUES (5, 494, 963, '2024-01-10');
INSERT INTO PLAYLIST_SONGS (playlistsong_id, playlist_id, song_id, date_added) VALUES (6, 83, 430, '2023-09-27');
INSERT INTO PLAYLIST_SONGS (playlistsong_id, playlist_id, song_id, date_added) VALUES (7, 389, 535, '2023-09-18');
INSERT INTO PLAYLIST_SONGS (playlistsong_id, playlist_id, song_id, date_added) VALUES (8, 439, 27, '2023-07-13');
INSERT INTO PLAYLIST_SONGS (playlistsong_id, playlist_id, song_id, date_added) VALUES (9, 133, 34, '2023-12-26');
INSERT INTO PLAYLIST_SONGS (playlistsong_id, playlist_id, song_id, date_added) VALUES (10, 384, 392, '2023-08-29');
INSERT INTO PLAYLIST_SONGS (playlistsong_id, playlist_id, song_id, date_added) VALUES (11, 449, 478, '2024-04-15');
INSERT INTO PLAYLIST_SONGS (playlistsong_id, playlist_id, song_id, date_added) VALUES (12, 473, 155, '2023-03-24');
INSERT INTO PLAYLIST_SONGS (playlistsong_id, playlist_id, song_id, date_added) VALUES (13, 373, 239, '2023-04-07');
INSERT INTO PLAYLIST_SONGS (playlistsong_id, playlist_id, song_id, date_added) VALUES (14, 253, 770, '2023-07-04');
INSERT INTO PLAYLIST_SONGS (playlistsong_id, playlist_id, song_id, date_added) VALUES (15, 476, 420, '2024-02-28');
INSERT INTO PLAYLIST_SONGS (playlistsong_id, playlist_id, song_id, date_added) VALUES (16, 167, 513, '2023-01-10');
INSERT INTO PLAYLIST_SONGS (playlistsong_id, playlist_id, song_id, date_added) VALUES (17, 173, 507, '2023-04-25');
INSERT INTO PLAYLIST_SONGS (playlistsong_id, playlist_id, song_id, date_added) VALUES (18, 286, 484, '2023-04-26');
INSERT INTO PLAYLIST_SONGS (playlistsong_id, playlist_id, song_id, date_added) VALUES (19, 461, 262, '2023-04-08');
INSERT INTO PLAYLIST_SONGS (playlistsong_id, playlist_id, song_id, date_added) VALUES (20, 454, 768, '2024-03-21');
INSERT INTO PLAYLIST_SONGS (playlistsong_id, playlist_id, song_id, date_added) VALUES (21, 137, 323, '2024-02-29');
INSERT INTO PLAYLIST_SONGS (playlistsong_id, playlist_id, song_id, date_added) VALUES (22, 492, 148, '2023-12-21');
INSERT INTO PLAYLIST_SONGS (playlistsong_id, playlist_id, song_id, date_added) VALUES (23, 204, 620, '2023-04-20');
INSERT INTO PLAYLIST_SONGS (playlistsong_id, playlist_id, song_id, date_added) VALUES (24, 174, 738, '2023-07-25');
INSERT INTO PLAYLIST_SONGS (playlistsong_id, playlist_id, song_id, date_added) VALUES (25, 259, 584, '2023-11-23');
INSERT INTO PLAYLIST_SONGS (playlistsong_id, playlist_id, song_id, date_added) VALUES (26, 431, 700, '2023-10-19');
INSERT INTO PLAYLIST_SONGS (playlistsong_id, playlist_id, song_id, date_added) VALUES (27, 69, 665, '2023-04-02');
INSERT INTO PLAYLIST_SONGS (playlistsong_id, playlist_id, song_id, date_added) VALUES (28, 480, 543, '2023-10-19');
INSERT INTO PLAYLIST_SONGS (playlistsong_id, playlist_id, song_id, date_added) VALUES (29, 272, 278, '2024-02-03');
INSERT INTO PLAYLIST_SONGS (playlistsong_id, playlist_id, song_id, date_added) VALUES (30, 491, 863, '2023-04-09');
INSERT INTO PLAYLIST_SONGS (playlistsong_id, playlist_id, song_id, date_added) VALUES (31, 144, 781, '2024-04-17');
INSERT INTO PLAYLIST_SONGS (playlistsong_id, playlist_id, song_id, date_added) VALUES (32, 461, 635, '2024-03-18');
INSERT INTO PLAYLIST_SONGS (playlistsong_id, playlist_id, song_id, date_added) VALUES (33, 256, 108, '2024-01-17');
INSERT INTO PLAYLIST_SONGS (playlistsong_id, playlist_id, song_id, date_added) VALUES (34, 283, 510, '2023-08-03');
INSERT INTO PLAYLIST_SONGS (playlistsong_id, playlist_id, song_id, date_added) VALUES (35, 420, 107, '2023-11-18');
INSERT INTO PLAYLIST_SONGS (playlistsong_id, playlist_id, song_id, date_added) VALUES (36, 160, 83, '2023-05-24');
INSERT INTO PLAYLIST_SONGS (playlistsong_id, playlist_id, song_id, date_added) VALUES (37, 317, 101, '2023-04-03');
INSERT INTO PLAYLIST_SONGS (playlistsong_id, playlist_id, song_id, date_added) VALUES (38, 76, 102, '2023-12-02');
INSERT INTO PLAYLIST_SONGS (playlistsong_id, playlist_id, song_id, date_added) VALUES (39, 469, 467, '2023-01-09');
INSERT INTO PLAYLIST_SONGS (playlistsong_id, playlist_id, song_id, date_added) VALUES (40, 428, 63, '2023-01-01');
INSERT INTO PLAYLIST_SONGS (playlistsong_id, playlist_id, song_id, date_added) VALUES (41, 441, 449, '2023-07-18');
INSERT INTO PLAYLIST_SONGS (playlistsong_id, playlist_id, song_id, date_added) VALUES (42, 218, 959, '2023-07-28');
INSERT INTO PLAYLIST_SONGS (playlistsong_id, playlist_id, song_id, date_added) VALUES (43, 360, 813, '2024-02-27');
INSERT INTO PLAYLIST_SONGS (playlistsong_id, playlist_id, song_id, date_added) VALUES (44, 268, 363, '2024-04-22');
INSERT INTO PLAYLIST_SONGS (playlistsong_id, playlist_id, song_id, date_added) VALUES (45, 397, 257, '2023-05-03');
INSERT INTO PLAYLIST_SONGS (playlistsong_id, playlist_id, song_id, date_added) VALUES (46, 439, 909, '2023-11-15');
INSERT INTO PLAYLIST_SONGS (playlistsong_id, playlist_id, song_id, date_added) VALUES (47, 360, 654, '2023-03-07');
INSERT INTO PLAYLIST_SONGS (playlistsong_id, playlist_id, song_id, date_added) VALUES (48, 461, 246, '2023-10-12');
INSERT INTO PLAYLIST_SONGS (playlistsong_id, playlist_id, song_id, date_added) VALUES (49, 391, 33, '2024-04-04');
INSERT INTO PLAYLIST_SONGS (playlistsong_id, playlist_id, song_id, date_added) VALUES (50, 386, 194, '2024-02-02');
INSERT INTO PLAYLIST_SONGS (playlistsong_id, playlist_id, song_id, date_added) VALUES (51, 370, 79, '2024-02-20');
INSERT INTO PLAYLIST_SONGS (playlistsong_id, playlist_id, song_id, date_added) VALUES (52, 157, 342, '2023-10-02');
INSERT INTO PLAYLIST_SONGS (playlistsong_id, playlist_id, song_id, date_added) VALUES (53, 304, 202, '2024-02-26');
INSERT INTO PLAYLIST_SONGS (playlistsong_id, playlist_id, song_id, date_added) VALUES (54, 113, 616, '2023-12-07');
INSERT INTO PLAYLIST_SONGS (playlistsong_id, playlist_id, song_id, date_added) VALUES (55, 289, 680, '2023-09-26');
INSERT INTO PLAYLIST_SONGS (playlistsong_id, playlist_id, song_id, date_added) VALUES (56, 65, 936, '2023-09-23');
INSERT INTO PLAYLIST_SONGS (playlistsong_id, playlist_id, song_id, date_added) VALUES (57, 23, 259, '2023-02-16');
INSERT INTO PLAYLIST_SONGS (playlistsong_id, playlist_id, song_id, date_added) VALUES (58, 430, 923, '2023-06-20');
INSERT INTO PLAYLIST_SONGS (playlistsong_id, playlist_id, song_id, date_added) VALUES (59, 320, 685, '2023-09-30');
INSERT INTO PLAYLIST_SONGS (playlistsong_id, playlist_id, song_id, date_added) VALUES (60, 251, 638, '2023-09-23');
INSERT INTO PLAYLIST_SONGS (playlistsong_id, playlist_id, song_id, date_added) VALUES (61, 169, 929, '2024-02-28');
INSERT INTO PLAYLIST_SONGS (playlistsong_id, playlist_id, song_id, date_added) VALUES (62, 237, 423, '2023-11-21');
INSERT INTO PLAYLIST_SONGS (playlistsong_id, playlist_id, song_id, date_added) VALUES (63, 386, 747, '2023-02-02');
INSERT INTO PLAYLIST_SONGS (playlistsong_id, playlist_id, song_id, date_added) VALUES (64, 350, 995, '2023-11-07');
INSERT INTO PLAYLIST_SONGS (playlistsong_id, playlist_id, song_id, date_added) VALUES (65, 419, 478, '2023-08-10');
INSERT INTO PLAYLIST_SONGS (playlistsong_id, playlist_id, song_id, date_added) VALUES (66, 164, 829, '2023-06-10');
INSERT INTO PLAYLIST_SONGS (playlistsong_id, playlist_id, song_id, date_added) VALUES (67, 452, 745, '2024-02-11');
INSERT INTO PLAYLIST_SONGS (playlistsong_id, playlist_id, song_id, date_added) VALUES (68, 380, 748, '2024-01-14');
INSERT INTO PLAYLIST_SONGS (playlistsong_id, playlist_id, song_id, date_added) VALUES (69, 208, 407, '2023-11-02');
INSERT INTO PLAYLIST_SONGS (playlistsong_id, playlist_id, song_id, date_added) VALUES (70, 131, 210, '2023-04-28');
INSERT INTO PLAYLIST_SONGS (playlistsong_id, playlist_id, song_id, date_added) VALUES (71, 214, 769, '2023-12-13');
INSERT INTO PLAYLIST_SONGS (playlistsong_id, playlist_id, song_id, date_added) VALUES (72, 45, 503, '2023-08-15');
INSERT INTO PLAYLIST_SONGS (playlistsong_id, playlist_id, song_id, date_added) VALUES (73, 325, 688, '2023-02-15');
INSERT INTO PLAYLIST_SONGS (playlistsong_id, playlist_id, song_id, date_added) VALUES (74, 277, 324, '2023-05-02');
INSERT INTO PLAYLIST_SONGS (playlistsong_id, playlist_id, song_id, date_added) VALUES (75, 252, 166, '2023-10-13');
INSERT INTO PLAYLIST_SONGS (playlistsong_id, playlist_id, song_id, date_added) VALUES (76, 14, 634, '2023-03-17');
INSERT INTO PLAYLIST_SONGS (playlistsong_id, playlist_id, song_id, date_added) VALUES (77, 262, 994, '2023-02-11');
INSERT INTO PLAYLIST_SONGS (playlistsong_id, playlist_id, song_id, date_added) VALUES (78, 294, 498, '2023-09-20');
INSERT INTO PLAYLIST_SONGS (playlistsong_id, playlist_id, song_id, date_added) VALUES (79, 130, 831, '2024-03-26');
INSERT INTO PLAYLIST_SONGS (playlistsong_id, playlist_id, song_id, date_added) VALUES (80, 101, 720, '2023-04-30');
INSERT INTO PLAYLIST_SONGS (playlistsong_id, playlist_id, song_id, date_added) VALUES (81, 270, 827, '2023-11-25');
INSERT INTO PLAYLIST_SONGS (playlistsong_id, playlist_id, song_id, date_added) VALUES (82, 35, 41, '2023-02-22');
INSERT INTO PLAYLIST_SONGS (playlistsong_id, playlist_id, song_id, date_added) VALUES (83, 362, 40, '2023-08-18');
INSERT INTO PLAYLIST_SONGS (playlistsong_id, playlist_id, song_id, date_added) VALUES (84, 410, 492, '2024-01-14');
INSERT INTO PLAYLIST_SONGS (playlistsong_id, playlist_id, song_id, date_added) VALUES (85, 6, 601, '2023-01-03');
INSERT INTO PLAYLIST_SONGS (playlistsong_id, playlist_id, song_id, date_added) VALUES (86, 334, 620, '2023-11-27');
INSERT INTO PLAYLIST_SONGS (playlistsong_id, playlist_id, song_id, date_added) VALUES (87, 200, 831, '2024-05-02');
INSERT INTO PLAYLIST_SONGS (playlistsong_id, playlist_id, song_id, date_added) VALUES (88, 413, 763, '2023-03-19');
INSERT INTO PLAYLIST_SONGS (playlistsong_id, playlist_id, song_id, date_added) VALUES (89, 319, 207, '2024-03-23');
INSERT INTO PLAYLIST_SONGS (playlistsong_id, playlist_id, song_id, date_added) VALUES (90, 96, 795, '2023-11-06');
INSERT INTO PLAYLIST_SONGS (playlistsong_id, playlist_id, song_id, date_added) VALUES (91, 77, 758, '2023-03-11');
INSERT INTO PLAYLIST_SONGS (playlistsong_id, playlist_id, song_id, date_added) VALUES (92, 417, 293, '2023-09-16');
INSERT INTO PLAYLIST_SONGS (playlistsong_id, playlist_id, song_id, date_added) VALUES (93, 269, 936, '2023-07-15');
INSERT INTO PLAYLIST_SONGS (playlistsong_id, playlist_id, song_id, date_added) VALUES (94, 347, 355, '2023-10-07');
INSERT INTO PLAYLIST_SONGS (playlistsong_id, playlist_id, song_id, date_added) VALUES (95, 341, 412, '2023-09-06');
INSERT INTO PLAYLIST_SONGS (playlistsong_id, playlist_id, song_id, date_added) VALUES (96, 212, 874, '2024-05-04');
INSERT INTO PLAYLIST_SONGS (playlistsong_id, playlist_id, song_id, date_added) VALUES (97, 47, 216, '2023-02-05');
INSERT INTO PLAYLIST_SONGS (playlistsong_id, playlist_id, song_id, date_added) VALUES (98, 32, 141, '2023-04-28');
INSERT INTO PLAYLIST_SONGS (playlistsong_id, playlist_id, song_id, date_added) VALUES (99, 354, 21, '2023-05-14');
INSERT INTO PLAYLIST_SONGS (playlistsong_id, playlist_id, song_id, date_added) VALUES (100, 215, 979, '2023-11-05');
INSERT INTO PLAYLIST_SONGS (playlistsong_id, playlist_id, song_id, date_added) VALUES (101, 264, 140, '2023-11-30');
INSERT INTO PLAYLIST_SONGS (playlistsong_id, playlist_id, song_id, date_added) VALUES (102, 337, 161, '2023-01-06');
INSERT INTO PLAYLIST_SONGS (playlistsong_id, playlist_id, song_id, date_added) VALUES (103, 34, 264, '2023-01-29');
INSERT INTO PLAYLIST_SONGS (playlistsong_id, playlist_id, song_id, date_added) VALUES (104, 411, 182, '2024-04-22');
INSERT INTO PLAYLIST_SONGS (playlistsong_id, playlist_id, song_id, date_added) VALUES (105, 58, 746, '2023-03-24');
INSERT INTO PLAYLIST_SONGS (playlistsong_id, playlist_id, song_id, date_added) VALUES (106, 379, 988, '2024-04-26');
INSERT INTO PLAYLIST_SONGS (playlistsong_id, playlist_id, song_id, date_added) VALUES (107, 458, 626, '2023-10-12');
INSERT INTO PLAYLIST_SONGS (playlistsong_id, playlist_id, song_id, date_added) VALUES (108, 480, 844, '2023-12-09');
INSERT INTO PLAYLIST_SONGS (playlistsong_id, playlist_id, song_id, date_added) VALUES (109, 426, 368, '2023-01-10');
INSERT INTO PLAYLIST_SONGS (playlistsong_id, playlist_id, song_id, date_added) VALUES (110, 218, 419, '2024-04-07');
INSERT INTO PLAYLIST_SONGS (playlistsong_id, playlist_id, song_id, date_added) VALUES (111, 193, 637, '2024-04-29');
INSERT INTO PLAYLIST_SONGS (playlistsong_id, playlist_id, song_id, date_added) VALUES (112, 39, 679, '2024-04-15');
INSERT INTO PLAYLIST_SONGS (playlistsong_id, playlist_id, song_id, date_added) VALUES (113, 282, 646, '2023-02-16');
INSERT INTO PLAYLIST_SONGS (playlistsong_id, playlist_id, song_id, date_added) VALUES (114, 174, 820, '2024-02-04');
INSERT INTO PLAYLIST_SONGS (playlistsong_id, playlist_id, song_id, date_added) VALUES (115, 360, 659, '2023-04-19');
INSERT INTO PLAYLIST_SONGS (playlistsong_id, playlist_id, song_id, date_added) VALUES (116, 239, 487, '2023-12-23');
INSERT INTO PLAYLIST_SONGS (playlistsong_id, playlist_id, song_id, date_added) VALUES (117, 252, 159, '2023-10-14');
INSERT INTO PLAYLIST_SONGS (playlistsong_id, playlist_id, song_id, date_added) VALUES (118, 407, 279, '2024-03-16');
INSERT INTO PLAYLIST_SONGS (playlistsong_id, playlist_id, song_id, date_added) VALUES (119, 123, 144, '2023-11-22');
INSERT INTO PLAYLIST_SONGS (playlistsong_id, playlist_id, song_id, date_added) VALUES (120, 262, 29, '2024-01-14');
INSERT INTO PLAYLIST_SONGS (playlistsong_id, playlist_id, song_id, date_added) VALUES (121, 97, 613, '2023-11-29');
INSERT INTO PLAYLIST_SONGS (playlistsong_id, playlist_id, song_id, date_added) VALUES (122, 8, 148, '2023-10-21');
INSERT INTO PLAYLIST_SONGS (playlistsong_id, playlist_id, song_id, date_added) VALUES (123, 388, 655, '2023-01-23');
INSERT INTO PLAYLIST_SONGS (playlistsong_id, playlist_id, song_id, date_added) VALUES (124, 220, 906, '2023-08-30');
INSERT INTO PLAYLIST_SONGS (playlistsong_id, playlist_id, song_id, date_added) VALUES (125, 491, 294, '2024-03-21');
INSERT INTO PLAYLIST_SONGS (playlistsong_id, playlist_id, song_id, date_added) VALUES (126, 126, 564, '2023-06-30');
INSERT INTO PLAYLIST_SONGS (playlistsong_id, playlist_id, song_id, date_added) VALUES (127, 441, 457, '2023-07-17');
INSERT INTO PLAYLIST_SONGS (playlistsong_id, playlist_id, song_id, date_added) VALUES (128, 387, 107, '2023-04-24');
INSERT INTO PLAYLIST_SONGS (playlistsong_id, playlist_id, song_id, date_added) VALUES (129, 52, 195, '2023-03-13');
INSERT INTO PLAYLIST_SONGS (playlistsong_id, playlist_id, song_id, date_added) VALUES (130, 340, 70, '2024-05-16');
INSERT INTO PLAYLIST_SONGS (playlistsong_id, playlist_id, song_id, date_added) VALUES (131, 344, 948, '2023-11-05');
INSERT INTO PLAYLIST_SONGS (playlistsong_id, playlist_id, song_id, date_added) VALUES (132, 247, 192, '2023-08-19');
INSERT INTO PLAYLIST_SONGS (playlistsong_id, playlist_id, song_id, date_added) VALUES (133, 145, 523, '2023-07-05');
INSERT INTO PLAYLIST_SONGS (playlistsong_id, playlist_id, song_id, date_added) VALUES (134, 82, 351, '2023-12-18');
INSERT INTO PLAYLIST_SONGS (playlistsong_id, playlist_id, song_id, date_added) VALUES (135, 380, 498, '2024-03-02');
INSERT INTO PLAYLIST_SONGS (playlistsong_id, playlist_id, song_id, date_added) VALUES (136, 288, 381, '2023-11-15');
INSERT INTO PLAYLIST_SONGS (playlistsong_id, playlist_id, song_id, date_added) VALUES (137, 172, 587, '2023-10-06');
INSERT INTO PLAYLIST_SONGS (playlistsong_id, playlist_id, song_id, date_added) VALUES (138, 414, 567, '2024-02-16');
INSERT INTO PLAYLIST_SONGS (playlistsong_id, playlist_id, song_id, date_added) VALUES (139, 175, 835, '2023-01-03');
INSERT INTO PLAYLIST_SONGS (playlistsong_id, playlist_id, song_id, date_added) VALUES (140, 11, 327, '2024-02-01');
INSERT INTO PLAYLIST_SONGS (playlistsong_id, playlist_id, song_id, date_added) VALUES (141, 312, 243, '2023-03-22');
INSERT INTO PLAYLIST_SONGS (playlistsong_id, playlist_id, song_id, date_added) VALUES (142, 204, 946, '2023-12-28');
INSERT INTO PLAYLIST_SONGS (playlistsong_id, playlist_id, song_id, date_added) VALUES (143, 434, 206, '2024-02-11');
INSERT INTO PLAYLIST_SONGS (playlistsong_id, playlist_id, song_id, date_added) VALUES (144, 202, 637, '2023-01-11');
INSERT INTO PLAYLIST_SONGS (playlistsong_id, playlist_id, song_id, date_added) VALUES (145, 436, 379, '2023-10-15');
INSERT INTO PLAYLIST_SONGS (playlistsong_id, playlist_id, song_id, date_added) VALUES (146, 343, 420, '2023-11-02');
INSERT INTO PLAYLIST_SONGS (playlistsong_id, playlist_id, song_id, date_added) VALUES (147, 383, 423, '2023-11-16');
INSERT INTO PLAYLIST_SONGS (playlistsong_id, playlist_id, song_id, date_added) VALUES (148, 179, 200, '2023-06-04');
INSERT INTO PLAYLIST_SONGS (playlistsong_id, playlist_id, song_id, date_added) VALUES (149, 359, 325, '2023-09-22');
INSERT INTO PLAYLIST_SONGS (playlistsong_id, playlist_id, song_id, date_added) VALUES (150, 419, 488, '2023-04-12');
INSERT INTO PLAYLIST_SONGS (playlistsong_id, playlist_id, song_id, date_added) VALUES (151, 216, 305, '2023-09-29');
INSERT INTO PLAYLIST_SONGS (playlistsong_id, playlist_id, song_id, date_added) VALUES (152, 276, 304, '2024-05-08');
INSERT INTO PLAYLIST_SONGS (playlistsong_id, playlist_id, song_id, date_added) VALUES (153, 225, 570, '2023-12-08');
INSERT INTO PLAYLIST_SONGS (playlistsong_id, playlist_id, song_id, date_added) VALUES (154, 467, 833, '2023-05-14');
INSERT INTO PLAYLIST_SONGS (playlistsong_id, playlist_id, song_id, date_added) VALUES (155, 120, 339, '2023-05-28');
INSERT INTO PLAYLIST_SONGS (playlistsong_id, playlist_id, song_id, date_added) VALUES (156, 456, 431, '2023-01-18');
INSERT INTO PLAYLIST_SONGS (playlistsong_id, playlist_id, song_id, date_added) VALUES (157, 442, 658, '2023-05-27');
INSERT INTO PLAYLIST_SONGS (playlistsong_id, playlist_id, song_id, date_added) VALUES (158, 18, 165, '2023-10-07');
INSERT INTO PLAYLIST_SONGS (playlistsong_id, playlist_id, song_id, date_added) VALUES (159, 46, 480, '2023-09-13');
INSERT INTO PLAYLIST_SONGS (playlistsong_id, playlist_id, song_id, date_added) VALUES (160, 495, 114, '2023-06-19');
INSERT INTO PLAYLIST_SONGS (playlistsong_id, playlist_id, song_id, date_added) VALUES (161, 100, 356, '2023-02-09');
INSERT INTO PLAYLIST_SONGS (playlistsong_id, playlist_id, song_id, date_added) VALUES (162, 85, 535, '2023-06-27');
INSERT INTO PLAYLIST_SONGS (playlistsong_id, playlist_id, song_id, date_added) VALUES (163, 139, 805, '2023-03-14');
INSERT INTO PLAYLIST_SONGS (playlistsong_id, playlist_id, song_id, date_added) VALUES (164, 89, 976, '2023-08-11');
INSERT INTO PLAYLIST_SONGS (playlistsong_id, playlist_id, song_id, date_added) VALUES (165, 73, 198, '2023-03-14');
INSERT INTO PLAYLIST_SONGS (playlistsong_id, playlist_id, song_id, date_added) VALUES (166, 137, 745, '2023-08-31');
INSERT INTO PLAYLIST_SONGS (playlistsong_id, playlist_id, song_id, date_added) VALUES (167, 205, 789, '2023-05-05');
INSERT INTO PLAYLIST_SONGS (playlistsong_id, playlist_id, song_id, date_added) VALUES (168, 495, 251, '2023-01-10');
INSERT INTO PLAYLIST_SONGS (playlistsong_id, playlist_id, song_id, date_added) VALUES (169, 5, 655, '2023-12-06');
INSERT INTO PLAYLIST_SONGS (playlistsong_id, playlist_id, song_id, date_added) VALUES (170, 367, 260, '2023-06-25');
INSERT INTO PLAYLIST_SONGS (playlistsong_id, playlist_id, song_id, date_added) VALUES (171, 478, 664, '2023-05-16');
INSERT INTO PLAYLIST_SONGS (playlistsong_id, playlist_id, song_id, date_added) VALUES (172, 117, 516, '2023-07-03');
INSERT INTO PLAYLIST_SONGS (playlistsong_id, playlist_id, song_id, date_added) VALUES (173, 256, 52, '2024-02-11');
INSERT INTO PLAYLIST_SONGS (playlistsong_id, playlist_id, song_id, date_added) VALUES (174, 97, 970, '2024-05-05');
INSERT INTO PLAYLIST_SONGS (playlistsong_id, playlist_id, song_id, date_added) VALUES (175, 91, 723, '2023-11-08');
INSERT INTO PLAYLIST_SONGS (playlistsong_id, playlist_id, song_id, date_added) VALUES (176, 194, 926, '2024-05-03');
INSERT INTO PLAYLIST_SONGS (playlistsong_id, playlist_id, song_id, date_added) VALUES (177, 59, 921, '2023-05-20');
INSERT INTO PLAYLIST_SONGS (playlistsong_id, playlist_id, song_id, date_added) VALUES (178, 252, 692, '2023-07-27');
INSERT INTO PLAYLIST_SONGS (playlistsong_id, playlist_id, song_id, date_added) VALUES (179, 267, 249, '2023-02-26');
INSERT INTO PLAYLIST_SONGS (playlistsong_id, playlist_id, song_id, date_added) VALUES (180, 425, 250, '2024-02-17');
INSERT INTO PLAYLIST_SONGS (playlistsong_id, playlist_id, song_id, date_added) VALUES (181, 67, 432, '2024-03-01');
INSERT INTO PLAYLIST_SONGS (playlistsong_id, playlist_id, song_id, date_added) VALUES (182, 304, 9, '2023-06-19');
INSERT INTO PLAYLIST_SONGS (playlistsong_id, playlist_id, song_id, date_added) VALUES (183, 4, 52, '2024-04-26');
INSERT INTO PLAYLIST_SONGS (playlistsong_id, playlist_id, song_id, date_added) VALUES (184, 295, 272, '2024-04-02');
INSERT INTO PLAYLIST_SONGS (playlistsong_id, playlist_id, song_id, date_added) VALUES (185, 227, 42, '2023-04-13');
INSERT INTO PLAYLIST_SONGS (playlistsong_id, playlist_id, song_id, date_added) VALUES (186, 337, 227, '2023-09-30');
INSERT INTO PLAYLIST_SONGS (playlistsong_id, playlist_id, song_id, date_added) VALUES (187, 117, 990, '2023-03-31');
INSERT INTO PLAYLIST_SONGS (playlistsong_id, playlist_id, song_id, date_added) VALUES (188, 89, 450, '2023-12-19');
INSERT INTO PLAYLIST_SONGS (playlistsong_id, playlist_id, song_id, date_added) VALUES (189, 498, 765, '2024-03-17');
INSERT INTO PLAYLIST_SONGS (playlistsong_id, playlist_id, song_id, date_added) VALUES (190, 401, 275, '2023-09-28');
INSERT INTO PLAYLIST_SONGS (playlistsong_id, playlist_id, song_id, date_added) VALUES (191, 117, 414, '2023-12-04');
INSERT INTO PLAYLIST_SONGS (playlistsong_id, playlist_id, song_id, date_added) VALUES (192, 325, 560, '2023-04-28');
INSERT INTO PLAYLIST_SONGS (playlistsong_id, playlist_id, song_id, date_added) VALUES (193, 253, 681, '2023-11-18');
INSERT INTO PLAYLIST_SONGS (playlistsong_id, playlist_id, song_id, date_added) VALUES (194, 437, 902, '2023-11-06');
INSERT INTO PLAYLIST_SONGS (playlistsong_id, playlist_id, song_id, date_added) VALUES (195, 364, 896, '2024-04-16');
INSERT INTO PLAYLIST_SONGS (playlistsong_id, playlist_id, song_id, date_added) VALUES (196, 429, 911, '2023-02-20');
INSERT INTO PLAYLIST_SONGS (playlistsong_id, playlist_id, song_id, date_added) VALUES (197, 150, 40, '2024-04-14');
INSERT INTO PLAYLIST_SONGS (playlistsong_id, playlist_id, song_id, date_added) VALUES (198, 388, 31, '2023-10-20');
INSERT INTO PLAYLIST_SONGS (playlistsong_id, playlist_id, song_id, date_added) VALUES (199, 216, 623, '2023-11-23');
INSERT INTO PLAYLIST_SONGS (playlistsong_id, playlist_id, song_id, date_added) VALUES (200, 134, 825, '2024-02-09');
INSERT INTO PLAYLIST_SONGS (playlistsong_id, playlist_id, song_id, date_added) VALUES (201, 362, 230, '2023-10-16');
INSERT INTO PLAYLIST_SONGS (playlistsong_id, playlist_id, song_id, date_added) VALUES (202, 281, 865, '2024-02-01');
INSERT INTO PLAYLIST_SONGS (playlistsong_id, playlist_id, song_id, date_added) VALUES (203, 178, 774, '2023-10-07');
INSERT INTO PLAYLIST_SONGS (playlistsong_id, playlist_id, song_id, date_added) VALUES (204, 236, 543, '2023-06-28');
INSERT INTO PLAYLIST_SONGS (playlistsong_id, playlist_id, song_id, date_added) VALUES (205, 327, 829, '2023-07-27');
INSERT INTO PLAYLIST_SONGS (playlistsong_id, playlist_id, song_id, date_added) VALUES (206, 211, 510, '2023-09-08');
INSERT INTO PLAYLIST_SONGS (playlistsong_id, playlist_id, song_id, date_added) VALUES (207, 289, 855, '2023-02-11');
INSERT INTO PLAYLIST_SONGS (playlistsong_id, playlist_id, song_id, date_added) VALUES (208, 491, 533, '2023-02-19');
INSERT INTO PLAYLIST_SONGS (playlistsong_id, playlist_id, song_id, date_added) VALUES (209, 454, 550, '2023-11-28');
INSERT INTO PLAYLIST_SONGS (playlistsong_id, playlist_id, song_id, date_added) VALUES (210, 154, 241, '2024-05-17');
INSERT INTO PLAYLIST_SONGS (playlistsong_id, playlist_id, song_id, date_added) VALUES (211, 191, 896, '2023-06-23');
INSERT INTO PLAYLIST_SONGS (playlistsong_id, playlist_id, song_id, date_added) VALUES (212, 180, 999, '2023-11-02');
INSERT INTO PLAYLIST_SONGS (playlistsong_id, playlist_id, song_id, date_added) VALUES (213, 494, 601, '2023-08-13');
INSERT INTO PLAYLIST_SONGS (playlistsong_id, playlist_id, song_id, date_added) VALUES (214, 289, 675, '2023-09-22');
INSERT INTO PLAYLIST_SONGS (playlistsong_id, playlist_id, song_id, date_added) VALUES (215, 252, 422, '2023-05-15');
INSERT INTO PLAYLIST_SONGS (playlistsong_id, playlist_id, song_id, date_added) VALUES (216, 102, 226, '2024-05-04');
INSERT INTO PLAYLIST_SONGS (playlistsong_id, playlist_id, song_id, date_added) VALUES (217, 448, 464, '2024-03-28');
INSERT INTO PLAYLIST_SONGS (playlistsong_id, playlist_id, song_id, date_added) VALUES (218, 338, 321, '2023-08-12');
INSERT INTO PLAYLIST_SONGS (playlistsong_id, playlist_id, song_id, date_added) VALUES (219, 44, 654, '2024-04-20');
INSERT INTO PLAYLIST_SONGS (playlistsong_id, playlist_id, song_id, date_added) VALUES (220, 350, 959, '2023-12-30');
INSERT INTO PLAYLIST_SONGS (playlistsong_id, playlist_id, song_id, date_added) VALUES (221, 252, 174, '2023-03-21');
INSERT INTO PLAYLIST_SONGS (playlistsong_id, playlist_id, song_id, date_added) VALUES (222, 373, 877, '2023-05-07');
INSERT INTO PLAYLIST_SONGS (playlistsong_id, playlist_id, song_id, date_added) VALUES (223, 328, 300, '2023-10-14');
INSERT INTO PLAYLIST_SONGS (playlistsong_id, playlist_id, song_id, date_added) VALUES (224, 14, 955, '2023-05-26');
INSERT INTO PLAYLIST_SONGS (playlistsong_id, playlist_id, song_id, date_added) VALUES (225, 106, 811, '2023-08-05');
INSERT INTO PLAYLIST_SONGS (playlistsong_id, playlist_id, song_id, date_added) VALUES (226, 334, 989, '2023-01-11');
INSERT INTO PLAYLIST_SONGS (playlistsong_id, playlist_id, song_id, date_added) VALUES (227, 80, 245, '2023-10-26');
INSERT INTO PLAYLIST_SONGS (playlistsong_id, playlist_id, song_id, date_added) VALUES (228, 193, 612, '2024-01-23');
INSERT INTO PLAYLIST_SONGS (playlistsong_id, playlist_id, song_id, date_added) VALUES (229, 416, 778, '2023-04-19');
INSERT INTO PLAYLIST_SONGS (playlistsong_id, playlist_id, song_id, date_added) VALUES (230, 388, 346, '2023-10-01');
INSERT INTO PLAYLIST_SONGS (playlistsong_id, playlist_id, song_id, date_added) VALUES (231, 383, 314, '2023-07-13');
INSERT INTO PLAYLIST_SONGS (playlistsong_id, playlist_id, song_id, date_added) VALUES (232, 413, 522, '2024-03-07');
INSERT INTO PLAYLIST_SONGS (playlistsong_id, playlist_id, song_id, date_added) VALUES (233, 184, 439, '2024-04-06');
INSERT INTO PLAYLIST_SONGS (playlistsong_id, playlist_id, song_id, date_added) VALUES (234, 143, 84, '2024-01-30');
INSERT INTO PLAYLIST_SONGS (playlistsong_id, playlist_id, song_id, date_added) VALUES (235, 176, 23, '2023-01-21');
INSERT INTO PLAYLIST_SONGS (playlistsong_id, playlist_id, song_id, date_added) VALUES (236, 153, 420, '2023-09-09');
INSERT INTO PLAYLIST_SONGS (playlistsong_id, playlist_id, song_id, date_added) VALUES (237, 162, 639, '2024-01-18');
INSERT INTO PLAYLIST_SONGS (playlistsong_id, playlist_id, song_id, date_added) VALUES (238, 465, 829, '2023-01-31');
INSERT INTO PLAYLIST_SONGS (playlistsong_id, playlist_id, song_id, date_added) VALUES (239, 200, 453, '2024-02-08');
INSERT INTO PLAYLIST_SONGS (playlistsong_id, playlist_id, song_id, date_added) VALUES (240, 222, 576, '2023-09-01');
INSERT INTO PLAYLIST_SONGS (playlistsong_id, playlist_id, song_id, date_added) VALUES (241, 254, 530, '2023-05-12');
INSERT INTO PLAYLIST_SONGS (playlistsong_id, playlist_id, song_id, date_added) VALUES (242, 398, 423, '2023-02-06');
INSERT INTO PLAYLIST_SONGS (playlistsong_id, playlist_id, song_id, date_added) VALUES (243, 137, 502, '2023-05-13');
INSERT INTO PLAYLIST_SONGS (playlistsong_id, playlist_id, song_id, date_added) VALUES (244, 354, 262, '2023-12-19');
INSERT INTO PLAYLIST_SONGS (playlistsong_id, playlist_id, song_id, date_added) VALUES (245, 384, 122, '2023-12-13');
INSERT INTO PLAYLIST_SONGS (playlistsong_id, playlist_id, song_id, date_added) VALUES (246, 319, 343, '2023-03-17');
INSERT INTO PLAYLIST_SONGS (playlistsong_id, playlist_id, song_id, date_added) VALUES (247, 346, 941, '2023-09-02');
INSERT INTO PLAYLIST_SONGS (playlistsong_id, playlist_id, song_id, date_added) VALUES (248, 304, 932, '2024-05-17');
INSERT INTO PLAYLIST_SONGS (playlistsong_id, playlist_id, song_id, date_added) VALUES (249, 151, 795, '2023-05-08');
INSERT INTO PLAYLIST_SONGS (playlistsong_id, playlist_id, song_id, date_added) VALUES (250, 142, 865, '2024-04-11');
INSERT INTO PLAYLIST_SONGS (playlistsong_id, playlist_id, song_id, date_added) VALUES (251, 103, 772, '2023-09-10');
INSERT INTO PLAYLIST_SONGS (playlistsong_id, playlist_id, song_id, date_added) VALUES (252, 307, 794, '2023-06-05');
INSERT INTO PLAYLIST_SONGS (playlistsong_id, playlist_id, song_id, date_added) VALUES (253, 415, 982, '2024-03-08');
INSERT INTO PLAYLIST_SONGS (playlistsong_id, playlist_id, song_id, date_added) VALUES (254, 269, 292, '2024-02-14');
INSERT INTO PLAYLIST_SONGS (playlistsong_id, playlist_id, song_id, date_added) VALUES (255, 470, 227, '2024-04-04');
INSERT INTO PLAYLIST_SONGS (playlistsong_id, playlist_id, song_id, date_added) VALUES (256, 74, 621, '2023-05-06');
INSERT INTO PLAYLIST_SONGS (playlistsong_id, playlist_id, song_id, date_added) VALUES (257, 397, 103, '2024-01-06');
INSERT INTO PLAYLIST_SONGS (playlistsong_id, playlist_id, song_id, date_added) VALUES (258, 313, 506, '2023-02-26');
INSERT INTO PLAYLIST_SONGS (playlistsong_id, playlist_id, song_id, date_added) VALUES (259, 359, 132, '2023-09-21');
INSERT INTO PLAYLIST_SONGS (playlistsong_id, playlist_id, song_id, date_added) VALUES (260, 77, 669, '2024-04-28');
INSERT INTO PLAYLIST_SONGS (playlistsong_id, playlist_id, song_id, date_added) VALUES (261, 175, 365, '2023-09-01');
INSERT INTO PLAYLIST_SONGS (playlistsong_id, playlist_id, song_id, date_added) VALUES (262, 410, 505, '2023-05-22');
INSERT INTO PLAYLIST_SONGS (playlistsong_id, playlist_id, song_id, date_added) VALUES (263, 426, 648, '2023-01-17');
INSERT INTO PLAYLIST_SONGS (playlistsong_id, playlist_id, song_id, date_added) VALUES (264, 264, 810, '2024-01-31');
INSERT INTO PLAYLIST_SONGS (playlistsong_id, playlist_id, song_id, date_added) VALUES (265, 454, 385, '2023-11-20');
INSERT INTO PLAYLIST_SONGS (playlistsong_id, playlist_id, song_id, date_added) VALUES (266, 75, 994, '2023-01-26');
INSERT INTO PLAYLIST_SONGS (playlistsong_id, playlist_id, song_id, date_added) VALUES (267, 457, 662, '2023-09-20');
INSERT INTO PLAYLIST_SONGS (playlistsong_id, playlist_id, song_id, date_added) VALUES (268, 310, 243, '2023-02-13');
INSERT INTO PLAYLIST_SONGS (playlistsong_id, playlist_id, song_id, date_added) VALUES (269, 499, 979, '2023-11-30');
INSERT INTO PLAYLIST_SONGS (playlistsong_id, playlist_id, song_id, date_added) VALUES (270, 128, 735, '2023-07-30');
INSERT INTO PLAYLIST_SONGS (playlistsong_id, playlist_id, song_id, date_added) VALUES (271, 402, 251, '2024-03-20');
INSERT INTO PLAYLIST_SONGS (playlistsong_id, playlist_id, song_id, date_added) VALUES (272, 340, 539, '2023-07-10');
INSERT INTO PLAYLIST_SONGS (playlistsong_id, playlist_id, song_id, date_added) VALUES (273, 30, 337, '2023-01-20');
INSERT INTO PLAYLIST_SONGS (playlistsong_id, playlist_id, song_id, date_added) VALUES (274, 313, 166, '2023-07-01');
INSERT INTO PLAYLIST_SONGS (playlistsong_id, playlist_id, song_id, date_added) VALUES (275, 338, 548, '2024-02-24');
INSERT INTO PLAYLIST_SONGS (playlistsong_id, playlist_id, song_id, date_added) VALUES (276, 483, 900, '2023-12-20');
INSERT INTO PLAYLIST_SONGS (playlistsong_id, playlist_id, song_id, date_added) VALUES (277, 63, 142, '2023-02-25');
INSERT INTO PLAYLIST_SONGS (playlistsong_id, playlist_id, song_id, date_added) VALUES (278, 464, 525, '2024-04-23');
INSERT INTO PLAYLIST_SONGS (playlistsong_id, playlist_id, song_id, date_added) VALUES (279, 396, 363, '2023-09-15');
INSERT INTO PLAYLIST_SONGS (playlistsong_id, playlist_id, song_id, date_added) VALUES (280, 118, 724, '2023-12-24');
INSERT INTO PLAYLIST_SONGS (playlistsong_id, playlist_id, song_id, date_added) VALUES (281, 171, 525, '2023-09-10');
INSERT INTO PLAYLIST_SONGS (playlistsong_id, playlist_id, song_id, date_added) VALUES (282, 44, 261, '2024-05-12');
INSERT INTO PLAYLIST_SONGS (playlistsong_id, playlist_id, song_id, date_added) VALUES (283, 369, 65, '2023-07-16');
INSERT INTO PLAYLIST_SONGS (playlistsong_id, playlist_id, song_id, date_added) VALUES (284, 378, 597, '2023-07-28');
INSERT INTO PLAYLIST_SONGS (playlistsong_id, playlist_id, song_id, date_added) VALUES (285, 76, 410, '2023-01-02');
INSERT INTO PLAYLIST_SONGS (playlistsong_id, playlist_id, song_id, date_added) VALUES (286, 323, 77, '2023-11-28');
INSERT INTO PLAYLIST_SONGS (playlistsong_id, playlist_id, song_id, date_added) VALUES (287, 404, 550, '2023-01-22');
INSERT INTO PLAYLIST_SONGS (playlistsong_id, playlist_id, song_id, date_added) VALUES (288, 4, 291, '2023-10-12');
INSERT INTO PLAYLIST_SONGS (playlistsong_id, playlist_id, song_id, date_added) VALUES (289, 243, 861, '2023-03-20');
INSERT INTO PLAYLIST_SONGS (playlistsong_id, playlist_id, song_id, date_added) VALUES (290, 37, 435, '2024-01-10');
INSERT INTO PLAYLIST_SONGS (playlistsong_id, playlist_id, song_id, date_added) VALUES (291, 325, 802, '2024-02-10');
INSERT INTO PLAYLIST_SONGS (playlistsong_id, playlist_id, song_id, date_added) VALUES (292, 284, 474, '2023-09-09');
INSERT INTO PLAYLIST_SONGS (playlistsong_id, playlist_id, song_id, date_added) VALUES (293, 180, 194, '2024-01-31');
INSERT INTO PLAYLIST_SONGS (playlistsong_id, playlist_id, song_id, date_added) VALUES (294, 457, 437, '2024-01-27');
INSERT INTO PLAYLIST_SONGS (playlistsong_id, playlist_id, song_id, date_added) VALUES (295, 134, 221, '2023-01-07');
INSERT INTO PLAYLIST_SONGS (playlistsong_id, playlist_id, song_id, date_added) VALUES (296, 235, 970, '2023-08-05');
INSERT INTO PLAYLIST_SONGS (playlistsong_id, playlist_id, song_id, date_added) VALUES (297, 189, 372, '2023-09-02');
INSERT INTO PLAYLIST_SONGS (playlistsong_id, playlist_id, song_id, date_added) VALUES (298, 391, 888, '2023-05-06');
INSERT INTO PLAYLIST_SONGS (playlistsong_id, playlist_id, song_id, date_added) VALUES (299, 437, 837, '2024-03-30');
INSERT INTO PLAYLIST_SONGS (playlistsong_id, playlist_id, song_id, date_added) VALUES (300, 3, 922, '2023-12-28');
INSERT INTO PLAYLIST_SONGS (playlistsong_id, playlist_id, song_id, date_added) VALUES (301, 271, 519, '2023-12-07');
INSERT INTO PLAYLIST_SONGS (playlistsong_id, playlist_id, song_id, date_added) VALUES (302, 60, 899, '2023-09-10');
INSERT INTO PLAYLIST_SONGS (playlistsong_id, playlist_id, song_id, date_added) VALUES (303, 154, 823, '2023-04-13');
INSERT INTO PLAYLIST_SONGS (playlistsong_id, playlist_id, song_id, date_added) VALUES (304, 135, 554, '2024-01-22');
INSERT INTO PLAYLIST_SONGS (playlistsong_id, playlist_id, song_id, date_added) VALUES (305, 364, 204, '2023-07-14');
INSERT INTO PLAYLIST_SONGS (playlistsong_id, playlist_id, song_id, date_added) VALUES (306, 258, 755, '2023-10-30');
INSERT INTO PLAYLIST_SONGS (playlistsong_id, playlist_id, song_id, date_added) VALUES (307, 387, 498, '2023-03-06');
INSERT INTO PLAYLIST_SONGS (playlistsong_id, playlist_id, song_id, date_added) VALUES (308, 109, 977, '2023-09-17');
INSERT INTO PLAYLIST_SONGS (playlistsong_id, playlist_id, song_id, date_added) VALUES (309, 114, 481, '2023-11-10');
INSERT INTO PLAYLIST_SONGS (playlistsong_id, playlist_id, song_id, date_added) VALUES (310, 234, 318, '2023-06-21');
INSERT INTO PLAYLIST_SONGS (playlistsong_id, playlist_id, song_id, date_added) VALUES (311, 213, 680, '2023-11-04');
INSERT INTO PLAYLIST_SONGS (playlistsong_id, playlist_id, song_id, date_added) VALUES (312, 443, 987, '2024-02-20');
INSERT INTO PLAYLIST_SONGS (playlistsong_id, playlist_id, song_id, date_added) VALUES (313, 111, 271, '2023-01-21');
INSERT INTO PLAYLIST_SONGS (playlistsong_id, playlist_id, song_id, date_added) VALUES (314, 2, 195, '2023-02-14');
INSERT INTO PLAYLIST_SONGS (playlistsong_id, playlist_id, song_id, date_added) VALUES (315, 270, 376, '2024-02-12');
INSERT INTO PLAYLIST_SONGS (playlistsong_id, playlist_id, song_id, date_added) VALUES (316, 13, 878, '2023-10-23');
INSERT INTO PLAYLIST_SONGS (playlistsong_id, playlist_id, song_id, date_added) VALUES (317, 475, 114, '2023-09-18');
INSERT INTO PLAYLIST_SONGS (playlistsong_id, playlist_id, song_id, date_added) VALUES (318, 282, 411, '2024-04-08');
INSERT INTO PLAYLIST_SONGS (playlistsong_id, playlist_id, song_id, date_added) VALUES (319, 33, 29, '2024-03-17');
INSERT INTO PLAYLIST_SONGS (playlistsong_id, playlist_id, song_id, date_added) VALUES (320, 345, 136, '2023-03-09');
INSERT INTO PLAYLIST_SONGS (playlistsong_id, playlist_id, song_id, date_added) VALUES (321, 460, 631, '2023-04-30');
INSERT INTO PLAYLIST_SONGS (playlistsong_id, playlist_id, song_id, date_added) VALUES (322, 22, 591, '2023-10-23');
INSERT INTO PLAYLIST_SONGS (playlistsong_id, playlist_id, song_id, date_added) VALUES (323, 34, 797, '2023-03-23');
INSERT INTO PLAYLIST_SONGS (playlistsong_id, playlist_id, song_id, date_added) VALUES (324, 497, 801, '2023-06-20');
INSERT INTO PLAYLIST_SONGS (playlistsong_id, playlist_id, song_id, date_added) VALUES (325, 320, 621, '2023-02-23');
INSERT INTO PLAYLIST_SONGS (playlistsong_id, playlist_id, song_id, date_added) VALUES (326, 249, 670, '2024-01-10');
INSERT INTO PLAYLIST_SONGS (playlistsong_id, playlist_id, song_id, date_added) VALUES (327, 165, 12, '2024-03-15');
INSERT INTO PLAYLIST_SONGS (playlistsong_id, playlist_id, song_id, date_added) VALUES (328, 293, 990, '2023-11-25');
INSERT INTO PLAYLIST_SONGS (playlistsong_id, playlist_id, song_id, date_added) VALUES (329, 2, 339, '2023-03-13');
INSERT INTO PLAYLIST_SONGS (playlistsong_id, playlist_id, song_id, date_added) VALUES (330, 232, 611, '2023-07-06');
INSERT INTO PLAYLIST_SONGS (playlistsong_id, playlist_id, song_id, date_added) VALUES (331, 177, 22, '2023-09-16');
INSERT INTO PLAYLIST_SONGS (playlistsong_id, playlist_id, song_id, date_added) VALUES (332, 219, 631, '2023-02-17');
INSERT INTO PLAYLIST_SONGS (playlistsong_id, playlist_id, song_id, date_added) VALUES (333, 296, 501, '2023-04-14');
INSERT INTO PLAYLIST_SONGS (playlistsong_id, playlist_id, song_id, date_added) VALUES (334, 283, 595, '2023-12-26');
INSERT INTO PLAYLIST_SONGS (playlistsong_id, playlist_id, song_id, date_added) VALUES (335, 430, 216, '2023-09-21');
INSERT INTO PLAYLIST_SONGS (playlistsong_id, playlist_id, song_id, date_added) VALUES (336, 79, 176, '2023-12-04');
INSERT INTO PLAYLIST_SONGS (playlistsong_id, playlist_id, song_id, date_added) VALUES (337, 83, 708, '2023-04-27');
INSERT INTO PLAYLIST_SONGS (playlistsong_id, playlist_id, song_id, date_added) VALUES (338, 186, 269, '2023-10-12');
INSERT INTO PLAYLIST_SONGS (playlistsong_id, playlist_id, song_id, date_added) VALUES (339, 301, 820, '2023-04-01');
INSERT INTO PLAYLIST_SONGS (playlistsong_id, playlist_id, song_id, date_added) VALUES (340, 237, 852, '2024-02-05');
INSERT INTO PLAYLIST_SONGS (playlistsong_id, playlist_id, song_id, date_added) VALUES (341, 359, 478, '2023-02-04');
INSERT INTO PLAYLIST_SONGS (playlistsong_id, playlist_id, song_id, date_added) VALUES (342, 184, 559, '2023-08-26');
INSERT INTO PLAYLIST_SONGS (playlistsong_id, playlist_id, song_id, date_added) VALUES (343, 334, 719, '2024-02-11');
INSERT INTO PLAYLIST_SONGS (playlistsong_id, playlist_id, song_id, date_added) VALUES (344, 235, 311, '2023-05-29');
INSERT INTO PLAYLIST_SONGS (playlistsong_id, playlist_id, song_id, date_added) VALUES (345, 292, 834, '2023-11-10');
INSERT INTO PLAYLIST_SONGS (playlistsong_id, playlist_id, song_id, date_added) VALUES (346, 286, 54, '2024-01-20');
INSERT INTO PLAYLIST_SONGS (playlistsong_id, playlist_id, song_id, date_added) VALUES (347, 139, 33, '2023-02-08');
INSERT INTO PLAYLIST_SONGS (playlistsong_id, playlist_id, song_id, date_added) VALUES (348, 397, 631, '2023-09-19');
INSERT INTO PLAYLIST_SONGS (playlistsong_id, playlist_id, song_id, date_added) VALUES (349, 43, 215, '2023-11-27');
INSERT INTO PLAYLIST_SONGS (playlistsong_id, playlist_id, song_id, date_added) VALUES (350, 338, 545, '2023-05-06');
INSERT INTO PLAYLIST_SONGS (playlistsong_id, playlist_id, song_id, date_added) VALUES (351, 120, 911, '2023-07-26');
INSERT INTO PLAYLIST_SONGS (playlistsong_id, playlist_id, song_id, date_added) VALUES (352, 69, 119, '2023-02-28');
INSERT INTO PLAYLIST_SONGS (playlistsong_id, playlist_id, song_id, date_added) VALUES (353, 338, 890, '2023-02-13');
INSERT INTO PLAYLIST_SONGS (playlistsong_id, playlist_id, song_id, date_added) VALUES (354, 497, 617, '2023-05-20');
INSERT INTO PLAYLIST_SONGS (playlistsong_id, playlist_id, song_id, date_added) VALUES (355, 26, 772, '2023-09-27');
INSERT INTO PLAYLIST_SONGS (playlistsong_id, playlist_id, song_id, date_added) VALUES (356, 287, 717, '2023-08-01');
INSERT INTO PLAYLIST_SONGS (playlistsong_id, playlist_id, song_id, date_added) VALUES (357, 202, 831, '2023-12-20');
INSERT INTO PLAYLIST_SONGS (playlistsong_id, playlist_id, song_id, date_added) VALUES (358, 419, 780, '2023-04-12');
INSERT INTO PLAYLIST_SONGS (playlistsong_id, playlist_id, song_id, date_added) VALUES (359, 427, 658, '2023-05-19');
INSERT INTO PLAYLIST_SONGS (playlistsong_id, playlist_id, song_id, date_added) VALUES (360, 472, 143, '2023-08-22');
INSERT INTO PLAYLIST_SONGS (playlistsong_id, playlist_id, song_id, date_added) VALUES (361, 121, 500, '2023-11-02');
INSERT INTO PLAYLIST_SONGS (playlistsong_id, playlist_id, song_id, date_added) VALUES (362, 344, 132, '2023-08-20');
INSERT INTO PLAYLIST_SONGS (playlistsong_id, playlist_id, song_id, date_added) VALUES (363, 108, 341, '2024-03-19');
INSERT INTO PLAYLIST_SONGS (playlistsong_id, playlist_id, song_id, date_added) VALUES (364, 284, 916, '2023-04-14');
INSERT INTO PLAYLIST_SONGS (playlistsong_id, playlist_id, song_id, date_added) VALUES (365, 337, 163, '2023-02-23');
INSERT INTO PLAYLIST_SONGS (playlistsong_id, playlist_id, song_id, date_added) VALUES (366, 378, 602, '2023-02-18');
INSERT INTO PLAYLIST_SONGS (playlistsong_id, playlist_id, song_id, date_added) VALUES (367, 23, 481, '2023-10-02');
INSERT INTO PLAYLIST_SONGS (playlistsong_id, playlist_id, song_id, date_added) VALUES (368, 489, 932, '2023-06-05');
INSERT INTO PLAYLIST_SONGS (playlistsong_id, playlist_id, song_id, date_added) VALUES (369, 320, 610, '2024-05-12');
INSERT INTO PLAYLIST_SONGS (playlistsong_id, playlist_id, song_id, date_added) VALUES (370, 217, 291, '2023-02-09');
INSERT INTO PLAYLIST_SONGS (playlistsong_id, playlist_id, song_id, date_added) VALUES (371, 449, 314, '2024-02-01');
INSERT INTO PLAYLIST_SONGS (playlistsong_id, playlist_id, song_id, date_added) VALUES (372, 371, 149, '2023-06-23');
INSERT INTO PLAYLIST_SONGS (playlistsong_id, playlist_id, song_id, date_added) VALUES (373, 33, 586, '2023-05-14');
INSERT INTO PLAYLIST_SONGS (playlistsong_id, playlist_id, song_id, date_added) VALUES (374, 371, 291, '2023-12-16');
INSERT INTO PLAYLIST_SONGS (playlistsong_id, playlist_id, song_id, date_added) VALUES (375, 113, 807, '2023-10-22');
INSERT INTO PLAYLIST_SONGS (playlistsong_id, playlist_id, song_id, date_added) VALUES (376, 461, 91, '2024-05-08');
INSERT INTO PLAYLIST_SONGS (playlistsong_id, playlist_id, song_id, date_added) VALUES (377, 229, 627, '2023-02-17');
INSERT INTO PLAYLIST_SONGS (playlistsong_id, playlist_id, song_id, date_added) VALUES (378, 481, 618, '2024-02-28');
INSERT INTO PLAYLIST_SONGS (playlistsong_id, playlist_id, song_id, date_added) VALUES (379, 195, 803, '2023-09-03');
INSERT INTO PLAYLIST_SONGS (playlistsong_id, playlist_id, song_id, date_added) VALUES (380, 144, 272, '2023-10-15');
INSERT INTO PLAYLIST_SONGS (playlistsong_id, playlist_id, song_id, date_added) VALUES (381, 78, 931, '2024-05-18');
INSERT INTO PLAYLIST_SONGS (playlistsong_id, playlist_id, song_id, date_added) VALUES (382, 383, 632, '2023-08-08');
INSERT INTO PLAYLIST_SONGS (playlistsong_id, playlist_id, song_id, date_added) VALUES (383, 245, 238, '2024-03-11');
INSERT INTO PLAYLIST_SONGS (playlistsong_id, playlist_id, song_id, date_added) VALUES (384, 356, 115, '2023-05-20');
INSERT INTO PLAYLIST_SONGS (playlistsong_id, playlist_id, song_id, date_added) VALUES (385, 202, 461, '2023-01-07');
INSERT INTO PLAYLIST_SONGS (playlistsong_id, playlist_id, song_id, date_added) VALUES (386, 445, 447, '2023-01-29');
INSERT INTO PLAYLIST_SONGS (playlistsong_id, playlist_id, song_id, date_added) VALUES (387, 456, 347, '2023-04-26');
INSERT INTO PLAYLIST_SONGS (playlistsong_id, playlist_id, song_id, date_added) VALUES (388, 117, 316, '2023-08-04');
INSERT INTO PLAYLIST_SONGS (playlistsong_id, playlist_id, song_id, date_added) VALUES (389, 356, 987, '2023-02-15');
INSERT INTO PLAYLIST_SONGS (playlistsong_id, playlist_id, song_id, date_added) VALUES (390, 457, 718, '2023-08-07');
INSERT INTO PLAYLIST_SONGS (playlistsong_id, playlist_id, song_id, date_added) VALUES (391, 108, 261, '2023-05-09');
INSERT INTO PLAYLIST_SONGS (playlistsong_id, playlist_id, song_id, date_added) VALUES (392, 111, 755, '2023-08-31');
INSERT INTO PLAYLIST_SONGS (playlistsong_id, playlist_id, song_id, date_added) VALUES (393, 145, 180, '2023-07-23');
INSERT INTO PLAYLIST_SONGS (playlistsong_id, playlist_id, song_id, date_added) VALUES (394, 425, 627, '2023-06-24');
INSERT INTO PLAYLIST_SONGS (playlistsong_id, playlist_id, song_id, date_added) VALUES (395, 78, 702, '2023-12-24');
INSERT INTO PLAYLIST_SONGS (playlistsong_id, playlist_id, song_id, date_added) VALUES (396, 404, 970, '2023-03-19');
INSERT INTO PLAYLIST_SONGS (playlistsong_id, playlist_id, song_id, date_added) VALUES (397, 246, 209, '2023-01-23');
INSERT INTO PLAYLIST_SONGS (playlistsong_id, playlist_id, song_id, date_added) VALUES (398, 34, 502, '2024-04-12');
INSERT INTO PLAYLIST_SONGS (playlistsong_id, playlist_id, song_id, date_added) VALUES (399, 184, 822, '2023-09-05');
INSERT INTO PLAYLIST_SONGS (playlistsong_id, playlist_id, song_id, date_added) VALUES (400, 382, 793, '2024-01-27');
INSERT INTO PLAYLIST_SONGS (playlistsong_id, playlist_id, song_id, date_added) VALUES (401, 457, 959, '2024-04-06');
INSERT INTO PLAYLIST_SONGS (playlistsong_id, playlist_id, song_id, date_added) VALUES (402, 305, 499, '2024-05-05');
INSERT INTO PLAYLIST_SONGS (playlistsong_id, playlist_id, song_id, date_added) VALUES (403, 377, 891, '2024-04-17');
INSERT INTO PLAYLIST_SONGS (playlistsong_id, playlist_id, song_id, date_added) VALUES (404, 190, 561, '2023-06-22');
INSERT INTO PLAYLIST_SONGS (playlistsong_id, playlist_id, song_id, date_added) VALUES (405, 332, 161, '2024-03-13');
INSERT INTO PLAYLIST_SONGS (playlistsong_id, playlist_id, song_id, date_added) VALUES (406, 148, 360, '2023-05-16');
INSERT INTO PLAYLIST_SONGS (playlistsong_id, playlist_id, song_id, date_added) VALUES (407, 59, 737, '2024-03-28');
INSERT INTO PLAYLIST_SONGS (playlistsong_id, playlist_id, song_id, date_added) VALUES (408, 423, 340, '2023-12-07');
INSERT INTO PLAYLIST_SONGS (playlistsong_id, playlist_id, song_id, date_added) VALUES (409, 174, 943, '2024-02-01');
INSERT INTO PLAYLIST_SONGS (playlistsong_id, playlist_id, song_id, date_added) VALUES (410, 194, 975, '2023-09-01');
INSERT INTO PLAYLIST_SONGS (playlistsong_id, playlist_id, song_id, date_added) VALUES (411, 147, 839, '2023-03-26');
INSERT INTO PLAYLIST_SONGS (playlistsong_id, playlist_id, song_id, date_added) VALUES (412, 388, 672, '2023-03-29');
INSERT INTO PLAYLIST_SONGS (playlistsong_id, playlist_id, song_id, date_added) VALUES (413, 372, 239, '2023-01-30');
INSERT INTO PLAYLIST_SONGS (playlistsong_id, playlist_id, song_id, date_added) VALUES (414, 444, 243, '2023-06-10');
INSERT INTO PLAYLIST_SONGS (playlistsong_id, playlist_id, song_id, date_added) VALUES (415, 410, 212, '2024-01-21');
INSERT INTO PLAYLIST_SONGS (playlistsong_id, playlist_id, song_id, date_added) VALUES (416, 157, 255, '2023-12-28');
INSERT INTO PLAYLIST_SONGS (playlistsong_id, playlist_id, song_id, date_added) VALUES (417, 190, 912, '2024-02-05');
INSERT INTO PLAYLIST_SONGS (playlistsong_id, playlist_id, song_id, date_added) VALUES (418, 270, 548, '2024-02-19');
INSERT INTO PLAYLIST_SONGS (playlistsong_id, playlist_id, song_id, date_added) VALUES (419, 59, 842, '2023-11-20');
INSERT INTO PLAYLIST_SONGS (playlistsong_id, playlist_id, song_id, date_added) VALUES (420, 13, 650, '2023-12-15');
INSERT INTO PLAYLIST_SONGS (playlistsong_id, playlist_id, song_id, date_added) VALUES (421, 286, 410, '2023-09-27');
INSERT INTO PLAYLIST_SONGS (playlistsong_id, playlist_id, song_id, date_added) VALUES (422, 475, 929, '2023-01-03');
INSERT INTO PLAYLIST_SONGS (playlistsong_id, playlist_id, song_id, date_added) VALUES (423, 430, 672, '2023-07-28');
INSERT INTO PLAYLIST_SONGS (playlistsong_id, playlist_id, song_id, date_added) VALUES (424, 236, 974, '2023-07-24');
INSERT INTO PLAYLIST_SONGS (playlistsong_id, playlist_id, song_id, date_added) VALUES (425, 424, 461, '2023-05-25');
INSERT INTO PLAYLIST_SONGS (playlistsong_id, playlist_id, song_id, date_added) VALUES (426, 28, 239, '2023-08-09');
INSERT INTO PLAYLIST_SONGS (playlistsong_id, playlist_id, song_id, date_added) VALUES (427, 312, 504, '2023-04-21');
INSERT INTO PLAYLIST_SONGS (playlistsong_id, playlist_id, song_id, date_added) VALUES (428, 59, 18, '2023-08-22');
INSERT INTO PLAYLIST_SONGS (playlistsong_id, playlist_id, song_id, date_added) VALUES (429, 155, 475, '2024-01-28');
INSERT INTO PLAYLIST_SONGS (playlistsong_id, playlist_id, song_id, date_added) VALUES (430, 488, 754, '2023-09-24');
INSERT INTO PLAYLIST_SONGS (playlistsong_id, playlist_id, song_id, date_added) VALUES (431, 255, 334, '2023-02-17');
INSERT INTO PLAYLIST_SONGS (playlistsong_id, playlist_id, song_id, date_added) VALUES (432, 47, 354, '2024-03-11');
INSERT INTO PLAYLIST_SONGS (playlistsong_id, playlist_id, song_id, date_added) VALUES (433, 50, 911, '2024-05-08');
INSERT INTO PLAYLIST_SONGS (playlistsong_id, playlist_id, song_id, date_added) VALUES (434, 287, 259, '2024-04-21');
INSERT INTO PLAYLIST_SONGS (playlistsong_id, playlist_id, song_id, date_added) VALUES (435, 368, 361, '2023-12-17');
INSERT INTO PLAYLIST_SONGS (playlistsong_id, playlist_id, song_id, date_added) VALUES (436, 343, 261, '2023-06-13');
INSERT INTO PLAYLIST_SONGS (playlistsong_id, playlist_id, song_id, date_added) VALUES (437, 256, 594, '2023-05-25');
INSERT INTO PLAYLIST_SONGS (playlistsong_id, playlist_id, song_id, date_added) VALUES (438, 433, 922, '2023-10-21');
INSERT INTO PLAYLIST_SONGS (playlistsong_id, playlist_id, song_id, date_added) VALUES (439, 418, 171, '2023-07-08');
INSERT INTO PLAYLIST_SONGS (playlistsong_id, playlist_id, song_id, date_added) VALUES (440, 79, 774, '2023-12-10');
INSERT INTO PLAYLIST_SONGS (playlistsong_id, playlist_id, song_id, date_added) VALUES (441, 90, 911, '2023-02-27');
INSERT INTO PLAYLIST_SONGS (playlistsong_id, playlist_id, song_id, date_added) VALUES (442, 399, 931, '2023-10-15');
INSERT INTO PLAYLIST_SONGS (playlistsong_id, playlist_id, song_id, date_added) VALUES (443, 241, 800, '2023-04-01');
INSERT INTO PLAYLIST_SONGS (playlistsong_id, playlist_id, song_id, date_added) VALUES (444, 192, 946, '2024-01-27');
INSERT INTO PLAYLIST_SONGS (playlistsong_id, playlist_id, song_id, date_added) VALUES (445, 230, 391, '2024-01-03');
INSERT INTO PLAYLIST_SONGS (playlistsong_id, playlist_id, song_id, date_added) VALUES (446, 499, 61, '2024-01-15');
INSERT INTO PLAYLIST_SONGS (playlistsong_id, playlist_id, song_id, date_added) VALUES (447, 27, 399, '2023-09-10');
INSERT INTO PLAYLIST_SONGS (playlistsong_id, playlist_id, song_id, date_added) VALUES (448, 27, 556, '2024-02-22');
INSERT INTO PLAYLIST_SONGS (playlistsong_id, playlist_id, song_id, date_added) VALUES (449, 125, 428, '2024-04-01');
INSERT INTO PLAYLIST_SONGS (playlistsong_id, playlist_id, song_id, date_added) VALUES (450, 261, 478, '2023-08-13');
INSERT INTO PLAYLIST_SONGS (playlistsong_id, playlist_id, song_id, date_added) VALUES (451, 500, 790, '2023-10-17');
INSERT INTO PLAYLIST_SONGS (playlistsong_id, playlist_id, song_id, date_added) VALUES (452, 244, 442, '2023-04-28');
INSERT INTO PLAYLIST_SONGS (playlistsong_id, playlist_id, song_id, date_added) VALUES (453, 125, 614, '2023-03-14');
INSERT INTO PLAYLIST_SONGS (playlistsong_id, playlist_id, song_id, date_added) VALUES (454, 208, 788, '2023-08-14');
INSERT INTO PLAYLIST_SONGS (playlistsong_id, playlist_id, song_id, date_added) VALUES (455, 150, 208, '2023-06-27');
INSERT INTO PLAYLIST_SONGS (playlistsong_id, playlist_id, song_id, date_added) VALUES (456, 477, 611, '2023-02-11');
INSERT INTO PLAYLIST_SONGS (playlistsong_id, playlist_id, song_id, date_added) VALUES (457, 322, 626, '2023-10-20');
INSERT INTO PLAYLIST_SONGS (playlistsong_id, playlist_id, song_id, date_added) VALUES (458, 145, 806, '2023-01-04');
INSERT INTO PLAYLIST_SONGS (playlistsong_id, playlist_id, song_id, date_added) VALUES (459, 89, 688, '2023-01-04');
INSERT INTO PLAYLIST_SONGS (playlistsong_id, playlist_id, song_id, date_added) VALUES (460, 497, 924, '2024-02-12');
INSERT INTO PLAYLIST_SONGS (playlistsong_id, playlist_id, song_id, date_added) VALUES (461, 200, 416, '2023-09-06');
INSERT INTO PLAYLIST_SONGS (playlistsong_id, playlist_id, song_id, date_added) VALUES (462, 17, 172, '2023-02-22');
INSERT INTO PLAYLIST_SONGS (playlistsong_id, playlist_id, song_id, date_added) VALUES (463, 29, 958, '2023-09-16');
INSERT INTO PLAYLIST_SONGS (playlistsong_id, playlist_id, song_id, date_added) VALUES (464, 287, 138, '2023-07-16');
INSERT INTO PLAYLIST_SONGS (playlistsong_id, playlist_id, song_id, date_added) VALUES (465, 103, 715, '2023-10-15');
INSERT INTO PLAYLIST_SONGS (playlistsong_id, playlist_id, song_id, date_added) VALUES (466, 82, 658, '2023-06-10');
INSERT INTO PLAYLIST_SONGS (playlistsong_id, playlist_id, song_id, date_added) VALUES (467, 114, 341, '2023-12-04');
INSERT INTO PLAYLIST_SONGS (playlistsong_id, playlist_id, song_id, date_added) VALUES (468, 338, 496, '2023-05-26');
INSERT INTO PLAYLIST_SONGS (playlistsong_id, playlist_id, song_id, date_added) VALUES (469, 227, 302, '2023-04-22');
INSERT INTO PLAYLIST_SONGS (playlistsong_id, playlist_id, song_id, date_added) VALUES (470, 293, 704, '2023-12-22');
INSERT INTO PLAYLIST_SONGS (playlistsong_id, playlist_id, song_id, date_added) VALUES (471, 484, 198, '2023-02-20');
INSERT INTO PLAYLIST_SONGS (playlistsong_id, playlist_id, song_id, date_added) VALUES (472, 93, 768, '2023-07-13');
INSERT INTO PLAYLIST_SONGS (playlistsong_id, playlist_id, song_id, date_added) VALUES (473, 183, 74, '2023-09-03');
INSERT INTO PLAYLIST_SONGS (playlistsong_id, playlist_id, song_id, date_added) VALUES (474, 210, 659, '2024-02-04');
INSERT INTO PLAYLIST_SONGS (playlistsong_id, playlist_id, song_id, date_added) VALUES (475, 324, 171, '2023-08-03');
INSERT INTO PLAYLIST_SONGS (playlistsong_id, playlist_id, song_id, date_added) VALUES (476, 423, 952, '2023-12-02');
INSERT INTO PLAYLIST_SONGS (playlistsong_id, playlist_id, song_id, date_added) VALUES (477, 131, 992, '2023-05-27');
INSERT INTO PLAYLIST_SONGS (playlistsong_id, playlist_id, song_id, date_added) VALUES (478, 13, 64, '2024-02-26');
INSERT INTO PLAYLIST_SONGS (playlistsong_id, playlist_id, song_id, date_added) VALUES (479, 168, 914, '2023-09-23');
INSERT INTO PLAYLIST_SONGS (playlistsong_id, playlist_id, song_id, date_added) VALUES (480, 61, 1000, '2023-02-17');
INSERT INTO PLAYLIST_SONGS (playlistsong_id, playlist_id, song_id, date_added) VALUES (481, 182, 172, '2023-08-29');
INSERT INTO PLAYLIST_SONGS (playlistsong_id, playlist_id, song_id, date_added) VALUES (482, 48, 154, '2023-02-01');
INSERT INTO PLAYLIST_SONGS (playlistsong_id, playlist_id, song_id, date_added) VALUES (483, 89, 756, '2024-02-19');
INSERT INTO PLAYLIST_SONGS (playlistsong_id, playlist_id, song_id, date_added) VALUES (484, 108, 500, '2023-10-15');
INSERT INTO PLAYLIST_SONGS (playlistsong_id, playlist_id, song_id, date_added) VALUES (485, 26, 84, '2023-09-14');
INSERT INTO PLAYLIST_SONGS (playlistsong_id, playlist_id, song_id, date_added) VALUES (486, 127, 960, '2024-03-06');
INSERT INTO PLAYLIST_SONGS (playlistsong_id, playlist_id, song_id, date_added) VALUES (487, 112, 84, '2023-11-04');
INSERT INTO PLAYLIST_SONGS (playlistsong_id, playlist_id, song_id, date_added) VALUES (488, 99, 83, '2024-02-03');
INSERT INTO PLAYLIST_SONGS (playlistsong_id, playlist_id, song_id, date_added) VALUES (489, 191, 830, '2024-04-18');
INSERT INTO PLAYLIST_SONGS (playlistsong_id, playlist_id, song_id, date_added) VALUES (490, 337, 319, '2023-08-14');
INSERT INTO PLAYLIST_SONGS (playlistsong_id, playlist_id, song_id, date_added) VALUES (491, 65, 36, '2023-09-18');
INSERT INTO PLAYLIST_SONGS (playlistsong_id, playlist_id, song_id, date_added) VALUES (492, 180, 959, '2023-03-26');
INSERT INTO PLAYLIST_SONGS (playlistsong_id, playlist_id, song_id, date_added) VALUES (493, 278, 121, '2024-04-29');
INSERT INTO PLAYLIST_SONGS (playlistsong_id, playlist_id, song_id, date_added) VALUES (494, 188, 938, '2023-02-08');
INSERT INTO PLAYLIST_SONGS (playlistsong_id, playlist_id, song_id, date_added) VALUES (495, 321, 98, '2023-01-22');
INSERT INTO PLAYLIST_SONGS (playlistsong_id, playlist_id, song_id, date_added) VALUES (496, 167, 305, '2024-04-01');
INSERT INTO PLAYLIST_SONGS (playlistsong_id, playlist_id, song_id, date_added) VALUES (497, 459, 820, '2023-01-18');
INSERT INTO PLAYLIST_SONGS (playlistsong_id, playlist_id, song_id, date_added) VALUES (498, 48, 862, '2023-07-07');
INSERT INTO PLAYLIST_SONGS (playlistsong_id, playlist_id, song_id, date_added) VALUES (499, 305, 503, '2024-02-16');
INSERT INTO PLAYLIST_SONGS (playlistsong_id, playlist_id, song_id, date_added) VALUES (500, 317, 925, '2023-02-17');

-- PLAY_HISTORY Data --
INSERT INTO PLAY_HISTORY (play_id, user_id, song_id, playtime) VALUES (1, 96, 53, '2024-03-28 10:05:29');
INSERT INTO PLAY_HISTORY (play_id, user_id, song_id, playtime) VALUES (2, 92, 355, '2024-01-04 10:11:40');
INSERT INTO PLAY_HISTORY (play_id, user_id, song_id, playtime) VALUES (3, 12, 842, '2024-03-14 05:16:56');
INSERT INTO PLAY_HISTORY (play_id, user_id, song_id, playtime) VALUES (4, 26, 432, '2024-05-10 21:20:39');
INSERT INTO PLAY_HISTORY (play_id, user_id, song_id, playtime) VALUES (5, 8, 89, '2024-05-15 14:49:12');
INSERT INTO PLAY_HISTORY (play_id, user_id, song_id, playtime) VALUES (6, 19, 258, '2024-03-16 22:50:09');
INSERT INTO PLAY_HISTORY (play_id, user_id, song_id, playtime) VALUES (7, 93, 741, '2024-01-20 14:18:19');
INSERT INTO PLAY_HISTORY (play_id, user_id, song_id, playtime) VALUES (8, 59, 884, '2024-01-14 09:24:38');
INSERT INTO PLAY_HISTORY (play_id, user_id, song_id, playtime) VALUES (9, 26, 823, '2024-01-01 17:43:03');
INSERT INTO PLAY_HISTORY (play_id, user_id, song_id, playtime) VALUES (10, 3, 275, '2024-05-17 20:03:42');
INSERT INTO PLAY_HISTORY (play_id, user_id, song_id, playtime) VALUES (11, 87, 512, '2024-01-27 15:42:02');
INSERT INTO PLAY_HISTORY (play_id, user_id, song_id, playtime) VALUES (12, 3, 965, '2024-01-22 13:10:21');
INSERT INTO PLAY_HISTORY (play_id, user_id, song_id, playtime) VALUES (13, 8, 405, '2024-03-23 12:50:28');
INSERT INTO PLAY_HISTORY (play_id, user_id, song_id, playtime) VALUES (14, 96, 730, '2024-04-16 02:04:48');
INSERT INTO PLAY_HISTORY (play_id, user_id, song_id, playtime) VALUES (15, 79, 156, '2024-02-02 00:27:18');
INSERT INTO PLAY_HISTORY (play_id, user_id, song_id, playtime) VALUES (16, 60, 817, '2024-02-06 12:48:14');
INSERT INTO PLAY_HISTORY (play_id, user_id, song_id, playtime) VALUES (17, 65, 975, '2024-04-30 04:39:04');
INSERT INTO PLAY_HISTORY (play_id, user_id, song_id, playtime) VALUES (18, 44, 623, '2024-02-28 11:38:02');
INSERT INTO PLAY_HISTORY (play_id, user_id, song_id, playtime) VALUES (19, 96, 858, '2024-05-16 02:24:44');
INSERT INTO PLAY_HISTORY (play_id, user_id, song_id, playtime) VALUES (20, 99, 206, '2024-03-08 06:08:09');
INSERT INTO PLAY_HISTORY (play_id, user_id, song_id, playtime) VALUES (21, 58, 789, '2024-02-15 05:59:52');
INSERT INTO PLAY_HISTORY (play_id, user_id, song_id, playtime) VALUES (22, 13, 228, '2024-05-10 06:55:13');
INSERT INTO PLAY_HISTORY (play_id, user_id, song_id, playtime) VALUES (23, 81, 179, '2024-05-09 16:21:29');
INSERT INTO PLAY_HISTORY (play_id, user_id, song_id, playtime) VALUES (24, 80, 267, '2024-04-06 09:44:34');
INSERT INTO PLAY_HISTORY (play_id, user_id, song_id, playtime) VALUES (25, 53, 686, '2024-03-31 18:21:06');
INSERT INTO PLAY_HISTORY (play_id, user_id, song_id, playtime) VALUES (26, 47, 8, '2024-01-16 15:44:27');
INSERT INTO PLAY_HISTORY (play_id, user_id, song_id, playtime) VALUES (27, 81, 950, '2024-02-10 16:11:38');
INSERT INTO PLAY_HISTORY (play_id, user_id, song_id, playtime) VALUES (28, 28, 540, '2024-04-06 08:28:26');
INSERT INTO PLAY_HISTORY (play_id, user_id, song_id, playtime) VALUES (29, 49, 419, '2024-05-15 09:21:20');
INSERT INTO PLAY_HISTORY (play_id, user_id, song_id, playtime) VALUES (30, 81, 981, '2024-04-05 17:13:36');
INSERT INTO PLAY_HISTORY (play_id, user_id, song_id, playtime) VALUES (31, 22, 685, '2024-02-28 03:28:10');
INSERT INTO PLAY_HISTORY (play_id, user_id, song_id, playtime) VALUES (32, 47, 302, '2024-02-21 10:57:41');
INSERT INTO PLAY_HISTORY (play_id, user_id, song_id, playtime) VALUES (33, 12, 771, '2024-02-16 12:25:33');
INSERT INTO PLAY_HISTORY (play_id, user_id, song_id, playtime) VALUES (34, 34, 130, '2024-01-10 17:34:35');
INSERT INTO PLAY_HISTORY (play_id, user_id, song_id, playtime) VALUES (35, 24, 432, '2024-03-04 09:17:04');
INSERT INTO PLAY_HISTORY (play_id, user_id, song_id, playtime) VALUES (36, 29, 32, '2024-02-01 15:01:41');
INSERT INTO PLAY_HISTORY (play_id, user_id, song_id, playtime) VALUES (37, 32, 819, '2024-02-02 21:07:36');
INSERT INTO PLAY_HISTORY (play_id, user_id, song_id, playtime) VALUES (38, 39, 207, '2024-02-08 20:49:00');
INSERT INTO PLAY_HISTORY (play_id, user_id, song_id, playtime) VALUES (39, 83, 627, '2024-05-06 00:13:15');
INSERT INTO PLAY_HISTORY (play_id, user_id, song_id, playtime) VALUES (40, 68, 742, '2024-03-05 14:50:04');
INSERT INTO PLAY_HISTORY (play_id, user_id, song_id, playtime) VALUES (41, 20, 596, '2024-04-11 04:52:28');
INSERT INTO PLAY_HISTORY (play_id, user_id, song_id, playtime) VALUES (42, 1, 452, '2024-04-26 07:46:57');
INSERT INTO PLAY_HISTORY (play_id, user_id, song_id, playtime) VALUES (43, 45, 643, '2024-02-06 21:43:59');
INSERT INTO PLAY_HISTORY (play_id, user_id, song_id, playtime) VALUES (44, 16, 694, '2024-01-31 16:44:37');
INSERT INTO PLAY_HISTORY (play_id, user_id, song_id, playtime) VALUES (45, 21, 561, '2024-02-25 12:37:48');
INSERT INTO PLAY_HISTORY (play_id, user_id, song_id, playtime) VALUES (46, 94, 663, '2024-04-22 01:24:31');
INSERT INTO PLAY_HISTORY (play_id, user_id, song_id, playtime) VALUES (47, 64, 258, '2024-04-28 19:27:58');
INSERT INTO PLAY_HISTORY (play_id, user_id, song_id, playtime) VALUES (48, 11, 961, '2024-02-06 04:14:58');
INSERT INTO PLAY_HISTORY (play_id, user_id, song_id, playtime) VALUES (49, 82, 605, '2024-03-07 01:45:17');
INSERT INTO PLAY_HISTORY (play_id, user_id, song_id, playtime) VALUES (50, 92, 506, '2024-02-04 18:34:56');
INSERT INTO PLAY_HISTORY (play_id, user_id, song_id, playtime) VALUES (51, 36, 987, '2024-04-19 14:49:48');
INSERT INTO PLAY_HISTORY (play_id, user_id, song_id, playtime) VALUES (52, 73, 762, '2024-01-13 12:59:09');
INSERT INTO PLAY_HISTORY (play_id, user_id, song_id, playtime) VALUES (53, 84, 593, '2024-03-05 01:16:06');
INSERT INTO PLAY_HISTORY (play_id, user_id, song_id, playtime) VALUES (54, 45, 904, '2024-02-15 03:23:09');
INSERT INTO PLAY_HISTORY (play_id, user_id, song_id, playtime) VALUES (55, 70, 930, '2024-01-29 17:43:30');
INSERT INTO PLAY_HISTORY (play_id, user_id, song_id, playtime) VALUES (56, 84, 29, '2024-03-20 07:35:12');
INSERT INTO PLAY_HISTORY (play_id, user_id, song_id, playtime) VALUES (57, 86, 146, '2024-05-12 14:19:39');
INSERT INTO PLAY_HISTORY (play_id, user_id, song_id, playtime) VALUES (58, 17, 840, '2024-05-10 15:04:56');
INSERT INTO PLAY_HISTORY (play_id, user_id, song_id, playtime) VALUES (59, 47, 646, '2024-02-06 13:10:46');
INSERT INTO PLAY_HISTORY (play_id, user_id, song_id, playtime) VALUES (60, 67, 785, '2024-03-12 06:31:47');
INSERT INTO PLAY_HISTORY (play_id, user_id, song_id, playtime) VALUES (61, 59, 413, '2024-02-08 06:31:23');
INSERT INTO PLAY_HISTORY (play_id, user_id, song_id, playtime) VALUES (62, 33, 351, '2024-01-04 06:43:26');
INSERT INTO PLAY_HISTORY (play_id, user_id, song_id, playtime) VALUES (63, 80, 810, '2024-04-25 18:22:01');
INSERT INTO PLAY_HISTORY (play_id, user_id, song_id, playtime) VALUES (64, 22, 234, '2024-01-05 10:13:39');
INSERT INTO PLAY_HISTORY (play_id, user_id, song_id, playtime) VALUES (65, 44, 473, '2024-04-30 19:11:28');
INSERT INTO PLAY_HISTORY (play_id, user_id, song_id, playtime) VALUES (66, 86, 91, '2024-05-07 16:00:59');
INSERT INTO PLAY_HISTORY (play_id, user_id, song_id, playtime) VALUES (67, 91, 155, '2024-01-03 03:16:22');
INSERT INTO PLAY_HISTORY (play_id, user_id, song_id, playtime) VALUES (68, 100, 406, '2024-03-16 15:27:32');
INSERT INTO PLAY_HISTORY (play_id, user_id, song_id, playtime) VALUES (69, 31, 428, '2024-04-07 08:04:38');
INSERT INTO PLAY_HISTORY (play_id, user_id, song_id, playtime) VALUES (70, 86, 741, '2024-04-15 17:05:20');
INSERT INTO PLAY_HISTORY (play_id, user_id, song_id, playtime) VALUES (71, 52, 456, '2024-03-12 14:06:26');
INSERT INTO PLAY_HISTORY (play_id, user_id, song_id, playtime) VALUES (72, 90, 627, '2024-02-28 21:07:57');
INSERT INTO PLAY_HISTORY (play_id, user_id, song_id, playtime) VALUES (73, 90, 719, '2024-02-09 18:08:50');
INSERT INTO PLAY_HISTORY (play_id, user_id, song_id, playtime) VALUES (74, 19, 914, '2024-01-05 06:02:08');
INSERT INTO PLAY_HISTORY (play_id, user_id, song_id, playtime) VALUES (75, 81, 885, '2024-03-22 04:40:05');
INSERT INTO PLAY_HISTORY (play_id, user_id, song_id, playtime) VALUES (76, 59, 958, '2024-05-11 14:12:42');
INSERT INTO PLAY_HISTORY (play_id, user_id, song_id, playtime) VALUES (77, 7, 337, '2024-04-29 20:34:01');
INSERT INTO PLAY_HISTORY (play_id, user_id, song_id, playtime) VALUES (78, 26, 670, '2024-05-07 10:41:10');
INSERT INTO PLAY_HISTORY (play_id, user_id, song_id, playtime) VALUES (79, 77, 744, '2024-05-01 19:12:31');
INSERT INTO PLAY_HISTORY (play_id, user_id, song_id, playtime) VALUES (80, 69, 876, '2024-04-04 16:01:28');
INSERT INTO PLAY_HISTORY (play_id, user_id, song_id, playtime) VALUES (81, 97, 20, '2024-04-17 01:59:26');
INSERT INTO PLAY_HISTORY (play_id, user_id, song_id, playtime) VALUES (82, 61, 311, '2024-03-10 16:48:40');
INSERT INTO PLAY_HISTORY (play_id, user_id, song_id, playtime) VALUES (83, 45, 999, '2024-05-08 14:31:14');
INSERT INTO PLAY_HISTORY (play_id, user_id, song_id, playtime) VALUES (84, 93, 728, '2024-05-03 21:16:36');
INSERT INTO PLAY_HISTORY (play_id, user_id, song_id, playtime) VALUES (85, 2, 152, '2024-05-09 12:57:29');
INSERT INTO PLAY_HISTORY (play_id, user_id, song_id, playtime) VALUES (86, 98, 437, '2024-04-24 19:27:15');
INSERT INTO PLAY_HISTORY (play_id, user_id, song_id, playtime) VALUES (87, 54, 104, '2024-03-31 23:50:00');
INSERT INTO PLAY_HISTORY (play_id, user_id, song_id, playtime) VALUES (88, 8, 454, '2024-03-11 03:08:56');
INSERT INTO PLAY_HISTORY (play_id, user_id, song_id, playtime) VALUES (89, 70, 75, '2024-03-24 06:08:12');
INSERT INTO PLAY_HISTORY (play_id, user_id, song_id, playtime) VALUES (90, 72, 243, '2024-01-03 19:32:01');
INSERT INTO PLAY_HISTORY (play_id, user_id, song_id, playtime) VALUES (91, 89, 901, '2024-04-28 11:48:31');
INSERT INTO PLAY_HISTORY (play_id, user_id, song_id, playtime) VALUES (92, 76, 315, '2024-04-27 22:47:26');
INSERT INTO PLAY_HISTORY (play_id, user_id, song_id, playtime) VALUES (93, 44, 364, '2024-02-18 22:46:30');
INSERT INTO PLAY_HISTORY (play_id, user_id, song_id, playtime) VALUES (94, 70, 607, '2024-05-16 08:58:41');
INSERT INTO PLAY_HISTORY (play_id, user_id, song_id, playtime) VALUES (95, 5, 560, '2024-03-23 16:40:43');
INSERT INTO PLAY_HISTORY (play_id, user_id, song_id, playtime) VALUES (96, 16, 537, '2024-02-11 22:37:41');
INSERT INTO PLAY_HISTORY (play_id, user_id, song_id, playtime) VALUES (97, 87, 664, '2024-01-02 13:52:11');
INSERT INTO PLAY_HISTORY (play_id, user_id, song_id, playtime) VALUES (98, 40, 248, '2024-03-31 03:07:46');
INSERT INTO PLAY_HISTORY (play_id, user_id, song_id, playtime) VALUES (99, 9, 909, '2024-02-09 10:27:34');
INSERT INTO PLAY_HISTORY (play_id, user_id, song_id, playtime) VALUES (100, 10, 145, '2024-05-15 07:23:50');

SET FOREIGN_KEY_CHECKS = 1;
