-- SQL INSERT statements for Music Player Database
-- Generated by generate_data.php
-- Student Name: [Eren Can Akyüz]
-- Student ID: [20220702128]

SET FOREIGN_KEY_CHECKS = 0;
TRUNCATE TABLE PLAY_HISTORY;
TRUNCATE TABLE PLAYLIST_SONGS;
TRUNCATE TABLE PLAYLISTS;
TRUNCATE TABLE SONGS;
TRUNCATE TABLE ALBUMS;
TRUNCATE TABLE ARTISTS;
TRUNCATE TABLE USERS;
TRUNCATE TABLE COUNTRY;
SET FOREIGN_KEY_CHECKS = 1;


-- COUNTRY Data --
INSERT INTO COUNTRY (country_id, country_name, country_code) VALUES (1, 'Türkiye', 'TR');
INSERT INTO COUNTRY (country_id, country_name, country_code) VALUES (2, 'Japonya', 'JA');
INSERT INTO COUNTRY (country_id, country_name, country_code) VALUES (3, 'South Korea', 'SO');
INSERT INTO COUNTRY (country_id, country_name, country_code) VALUES (4, 'Malaysia', 'MA');
INSERT INTO COUNTRY (country_id, country_name, country_code) VALUES (5, 'Philippines', 'PH');
INSERT INTO COUNTRY (country_id, country_name, country_code) VALUES (6, 'Thailand', 'TH');
INSERT INTO COUNTRY (country_id, country_name, country_code) VALUES (7, 'Vietnam', 'VI');
INSERT INTO COUNTRY (country_id, country_name, country_code) VALUES (8, 'Singapore', 'SI');
INSERT INTO COUNTRY (country_id, country_name, country_code) VALUES (9, 'Australia', 'AU');
INSERT INTO COUNTRY (country_id, country_name, country_code) VALUES (10, 'Urras', 'UR');
INSERT INTO COUNTRY (country_id, country_name, country_code) VALUES (11, 'India', 'IN');
INSERT INTO COUNTRY (country_id, country_name, country_code) VALUES (12, 'Bangladesh', 'BA');
INSERT INTO COUNTRY (country_id, country_name, country_code) VALUES (13, 'Kazakhstan', 'KA');
INSERT INTO COUNTRY (country_id, country_name, country_code) VALUES (14, 'Uzbekistan', 'UZ');
INSERT INTO COUNTRY (country_id, country_name, country_code) VALUES (15, 'Nepal', 'NE');
INSERT INTO COUNTRY (country_id, country_name, country_code) VALUES (16, 'Palestine', 'PA');
INSERT INTO COUNTRY (country_id, country_name, country_code) VALUES (17, 'Argentina', 'AR');
INSERT INTO COUNTRY (country_id, country_name, country_code) VALUES (18, 'Egypt', 'EG');
INSERT INTO COUNTRY (country_id, country_name, country_code) VALUES (19, 'China', 'CH');
INSERT INTO COUNTRY (country_id, country_name, country_code) VALUES (20, 'Russia', 'RU');

-- USERS Data --
INSERT INTO USERS (user_id, country_id, age, name, username, email, password, date_joined, last_login, follower_num, subscription_type, top_genre, num_songs_liked, most_played_artist, image) VALUES (1, 5, 67, 'Ebru Kerem', 'ebru', 'bruerem1@example.com', '$2y$10$Cr.xtPpck027xrTt260m/.FaWUht1pWTtN2PABjO6qTHg5dON.Hwe', '2015-12-21', '2022-09-24', 326, 'Free', 'Rock', 108, 'Nisa Okan', 'https://picsum.photos/id/89/100/100');
INSERT INTO USERS (user_id, country_id, age, name, username, email, password, date_joined, last_login, follower_num, subscription_type, top_genre, num_songs_liked, most_played_artist, image) VALUES (2, 19, 58, 'Murat Emircan', 'murat', 'uratmircan2@example.com', '$2y$10$xZebzI29Ej2Zn0tQ.f2Im./za0Drn7P3AosMFejqanBFW59WTkxzq', '2011-12-20', '2015-12-09', 8, 'Free', 'Indie', 58, 'Pelin Elif', 'https://picsum.photos/id/35/100/100');
INSERT INTO USERS (user_id, country_id, age, name, username, email, password, date_joined, last_login, follower_num, subscription_type, top_genre, num_songs_liked, most_played_artist, image) VALUES (3, 4, 34, 'Sefa Pelin', 'sefa', 'efaelin3@example.com', '$2y$10$wNu5Px.c1H2yUZgxMMMo3OFrcYM.dqgoly7yZ0dZtpVG4q2PwF7vK', '2020-12-03', '2022-10-28', 529, 'Premium', 'Black Metal', 67, 'Mert Sefa', 'https://picsum.photos/id/99/100/100');
INSERT INTO USERS (user_id, country_id, age, name, username, email, password, date_joined, last_login, follower_num, subscription_type, top_genre, num_songs_liked, most_played_artist, image) VALUES (4, 20, 64, 'Yasin Koray', 'yasin', 'asinoray4@example.com', '$2y$10$VYjJgzZQeEkl8i3k4E.gyuDoM9jPKhmMizvuNTUZ9wq4LRQwSb56.', '2018-12-01', '2020-08-24', 303, 'Free', 'Folk', 55, 'Onur Zeynep', 'https://picsum.photos/id/99/100/100');
INSERT INTO USERS (user_id, country_id, age, name, username, email, password, date_joined, last_login, follower_num, subscription_type, top_genre, num_songs_liked, most_played_artist, image) VALUES (5, 15, 41, 'Elif Koray', 'elif', 'liforay5@example.com', '$2y$10$jIkNxRBCfwae04sJKFqho.GKYcejMOLy2ddEkav.FpJGNp0EnCkeW', '2022-04-21', '2023-01-17', 873, 'Premium', 'Rock', 437, 'Pinar Onur', 'https://picsum.photos/id/43/100/100');
INSERT INTO USERS (user_id, country_id, age, name, username, email, password, date_joined, last_login, follower_num, subscription_type, top_genre, num_songs_liked, most_played_artist, image) VALUES (6, 1, 25, 'Arina Okan', 'arina', 'rinakan6@example.com', '$2y$10$u6KbR.JG9gzWJMsWQIQ31ez07vw2UOfeYtch9QvbG.HtKc92gnrdW', '2020-08-31', '2021-05-23', 604, 'Free', 'Folk', 328, 'Tugçe Okan', 'https://picsum.photos/id/62/100/100');
INSERT INTO USERS (user_id, country_id, age, name, username, email, password, date_joined, last_login, follower_num, subscription_type, top_genre, num_songs_liked, most_played_artist, image) VALUES (7, 16, 65, 'Resul Kaan', 'resul', 'esulaan7@example.com', '$2y$10$en3TXRVnSgY8Fy9hseUadOkkFfag3G7bcnE5u6dE6CkFYgoUvvqpO', '2021-06-17', '2021-09-20', 16, 'Free', 'Barok', 48, 'Pinar Sefa', 'https://picsum.photos/id/77/100/100');
INSERT INTO USERS (user_id, country_id, age, name, username, email, password, date_joined, last_login, follower_num, subscription_type, top_genre, num_songs_liked, most_played_artist, image) VALUES (8, 18, 66, 'Doruk Kaan', 'doruk', 'orukaan8@example.com', '$2y$10$HKI2.1j//p/5b54odQ5h9OsuqoG5OljJ8gz2ZsFIBiBv8QGwvkYJ.', '2021-06-28', '2022-03-02', 370, 'Premium', 'Barok', 419, 'Elif Nisa', 'https://picsum.photos/id/60/100/100');
INSERT INTO USERS (user_id, country_id, age, name, username, email, password, date_joined, last_login, follower_num, subscription_type, top_genre, num_songs_liked, most_played_artist, image) VALUES (9, 12, 57, 'Zeynep Can', 'zeynep', 'eynepan9@example.com', '$2y$10$QjXzhW7LNmMh67V5WcWMOOT9v6aG0.sZCe.ia4qwr9CikuxDWV8tW', '2023-03-05', '2023-09-08', 430, 'Premium', 'Pop', 402, 'Elif Tugçe', 'https://picsum.photos/id/15/100/100');
INSERT INTO USERS (user_id, country_id, age, name, username, email, password, date_joined, last_login, follower_num, subscription_type, top_genre, num_songs_liked, most_played_artist, image) VALUES (10, 8, 25, 'Koray Kaan', 'koray', 'orayaan10@example.com', '$2y$10$MJUVXwv3Go/IQGwmvFhpa.gr60Ymv.Dw3sfFVQ8hKyoBtWEx24/9O', '2020-04-17', '2023-04-18', 571, 'Free', 'Gangsta Rap', 317, 'Sefa Sefa', 'https://picsum.photos/id/79/100/100');
INSERT INTO USERS (user_id, country_id, age, name, username, email, password, date_joined, last_login, follower_num, subscription_type, top_genre, num_songs_liked, most_played_artist, image) VALUES (11, 8, 59, 'Resul Resul', 'resul1', 'esulesul11@example.com', '$2y$10$gqp3M3NZc.17ZL3q0lh7d.MVheWWJFW4NeWmqGWjgIrxKkquMahU.', '2023-08-03', '2024-01-06', 365, 'Free', 'Reggae', 471, 'Nisa Pelin', 'https://picsum.photos/id/22/100/100');
INSERT INTO USERS (user_id, country_id, age, name, username, email, password, date_joined, last_login, follower_num, subscription_type, top_genre, num_songs_liked, most_played_artist, image) VALUES (12, 2, 35, 'Yağmur Kerem', 'yağmur', 'amurerem12@example.com', '$2y$10$CSVuCvAR1g19GgaxEFcfFOArK0cLMRMf5caCv7guEU1mlCf9RMYKG', '2021-04-04', '2022-06-16', 106, 'Premium', 'Folk', 6, 'Yağmur Koray', 'https://picsum.photos/id/92/100/100');
INSERT INTO USERS (user_id, country_id, age, name, username, email, password, date_joined, last_login, follower_num, subscription_type, top_genre, num_songs_liked, most_played_artist, image) VALUES (13, 12, 46, 'Salih Lale', 'salih', 'alihale13@example.com', '$2y$10$PjSNFybIb3zgu6xDK3854OLSjQ7y.N2Q7UFLTzV3zEGLQT2LjsYlC', '2022-01-13', '2023-11-01', 395, 'Free', 'Black Metal', 279, 'Gizem Okan', 'https://picsum.photos/id/68/100/100');
INSERT INTO USERS (user_id, country_id, age, name, username, email, password, date_joined, last_login, follower_num, subscription_type, top_genre, num_songs_liked, most_played_artist, image) VALUES (14, 4, 34, 'Doruk Zeynep', 'doruk1', 'orukeynep14@example.com', '$2y$10$3KxLVm8xvcycBQs5/gF/Z.cgIcXzaP/WIHLkaWce1a4c5WSk1nMQG', '2021-01-25', '2023-10-01', 399, 'Premium', 'Turkish Rock', 475, 'Arina Nisa', 'https://picsum.photos/id/94/100/100');
INSERT INTO USERS (user_id, country_id, age, name, username, email, password, date_joined, last_login, follower_num, subscription_type, top_genre, num_songs_liked, most_played_artist, image) VALUES (15, 7, 37, 'Murat Arina', 'murat1', 'uratrina15@example.com', '$2y$10$FsAvSQujVgLZxUqClv2JH.dZXbKkHmDH7DYrm/009OEDPHCRvhctW', '2019-02-20', '2020-01-02', 468, 'Free', 'Turkish Rock', 75, 'Kerem Elif', 'https://picsum.photos/id/18/100/100');
INSERT INTO USERS (user_id, country_id, age, name, username, email, password, date_joined, last_login, follower_num, subscription_type, top_genre, num_songs_liked, most_played_artist, image) VALUES (16, 4, 59, 'Gizem Murat', 'gizem', 'izemurat16@example.com', '$2y$10$YFxIilfgmZPPRpZHVgaxaeC/aYW9x/IMbZTgFUx2b4hN/n1wRzb9y', '2016-05-26', '2023-12-29', 556, 'Free', 'Turkish Folk', 205, 'Volkan Resul', 'https://picsum.photos/id/84/100/100');
INSERT INTO USERS (user_id, country_id, age, name, username, email, password, date_joined, last_login, follower_num, subscription_type, top_genre, num_songs_liked, most_played_artist, image) VALUES (17, 1, 60, 'Tugçe Onur', 'tugçe', 'ugenur17@example.com', '$2y$10$3ujn6GrSQ8Wzy/rWr4CYXe.8AlvLMcAPozFT6bAjkGftgWAJWz0qu', '2015-02-27', '2024-02-20', 32, 'Premium', 'Turkish Rock', 71, 'Arina Resul', 'https://picsum.photos/id/93/100/100');
INSERT INTO USERS (user_id, country_id, age, name, username, email, password, date_joined, last_login, follower_num, subscription_type, top_genre, num_songs_liked, most_played_artist, image) VALUES (18, 11, 33, 'Burak Emircan', 'burak', 'urakmircan18@example.com', '$2y$10$WJbOyM/0p6.N7H6ACv8IduTcLswvZaJfSmWS6tfJa/ub.J0GEmUYi', '2016-08-24', '2017-05-21', 838, 'Premium', 'Folk', 499, 'Utku Utku', 'https://picsum.photos/id/95/100/100');
INSERT INTO USERS (user_id, country_id, age, name, username, email, password, date_joined, last_login, follower_num, subscription_type, top_genre, num_songs_liked, most_played_artist, image) VALUES (19, 1, 18, 'Vildan Salih', 'vildan', 'ildanalih19@example.com', '$2y$10$saNVF/es0GBsLvg8X6pGL.jO7vlUrUl9bchLXmke7p0IUMymaDQpq', '2022-03-19', '2022-12-03', 300, 'Premium', 'Jazz', 374, 'Kaan Bilge', 'https://picsum.photos/id/99/100/100');
INSERT INTO USERS (user_id, country_id, age, name, username, email, password, date_joined, last_login, follower_num, subscription_type, top_genre, num_songs_liked, most_played_artist, image) VALUES (20, 10, 19, 'Arina Resul', 'arina1', 'rinaesul20@example.com', '$2y$10$yhjdEEzfvwN4Ylq1IRr/kuw/lYU4C5ejhtAZJn9M6mixSeUdgwFUG', '2023-12-16', '2024-05-04', 62, 'Free', 'Alternative', 188, 'Tuba Okan', 'https://picsum.photos/id/70/100/100');
INSERT INTO USERS (user_id, country_id, age, name, username, email, password, date_joined, last_login, follower_num, subscription_type, top_genre, num_songs_liked, most_played_artist, image) VALUES (21, 14, 32, 'Murat Yağmur', 'murat2', 'uratamur21@example.com', '$2y$10$D0LNgO5UVcZEIkXeZcPB7OfpcDA6p8VaQ3pdSCdMazzLTvA70Rcy.', '2018-09-21', '2024-04-25', 429, 'Free', 'Black Metal', 305, 'Salih Doruk', 'https://picsum.photos/id/71/100/100');
INSERT INTO USERS (user_id, country_id, age, name, username, email, password, date_joined, last_login, follower_num, subscription_type, top_genre, num_songs_liked, most_played_artist, image) VALUES (22, 15, 66, 'Yeliz Volkan', 'yeliz', 'elizolkan22@example.com', '$2y$10$jjVS1P2UNvvYTZQqdNLMZex0Zn4TZ6Yp0qkLxldzPwy2fqXzoUBoW', '2015-11-02', '2017-07-16', 894, 'Free', 'Turkish Psychedelic', 65, 'Utku Utku', 'https://picsum.photos/id/12/100/100');
INSERT INTO USERS (user_id, country_id, age, name, username, email, password, date_joined, last_login, follower_num, subscription_type, top_genre, num_songs_liked, most_played_artist, image) VALUES (23, 17, 20, 'Onur Murat', 'onur', 'nururat23@example.com', '$2y$10$gFGTTqCm5n7h55191Hffu.2oo1lR4EZyWbdFO.lEaHUdiMICyYjU2', '2015-12-07', '2017-02-19', 552, 'Free', 'Indie', 13, 'Emircan Lale', 'https://picsum.photos/id/27/100/100');
INSERT INTO USERS (user_id, country_id, age, name, username, email, password, date_joined, last_login, follower_num, subscription_type, top_genre, num_songs_liked, most_played_artist, image) VALUES (24, 12, 47, 'Elif Koray', 'elif1', 'liforay24@example.com', '$2y$10$9lK2RMu3dTLYbMFjPtDqfOm0XdpAsQKm7.9DmM18kt03tPfp0LSrq', '2021-11-25', '2023-09-12', 125, 'Premium', 'Turkish Folk', 300, 'Doruk Yağmur', 'https://picsum.photos/id/70/100/100');
INSERT INTO USERS (user_id, country_id, age, name, username, email, password, date_joined, last_login, follower_num, subscription_type, top_genre, num_songs_liked, most_played_artist, image) VALUES (25, 18, 33, 'Umut Yeliz', 'umut', 'muteliz25@example.com', '$2y$10$cGzjYFmKXJ/BLSQIpyIA1u9sUQ80g5.YSrVI3Yd14HjL7y2ECOgoe', '2011-10-16', '2014-09-07', 206, 'Free', 'Barok', 83, 'Serkan Lale', 'https://picsum.photos/id/56/100/100');
INSERT INTO USERS (user_id, country_id, age, name, username, email, password, date_joined, last_login, follower_num, subscription_type, top_genre, num_songs_liked, most_played_artist, image) VALUES (26, 9, 55, 'Tugçe Yağmur', 'tugçe1', 'ugeamur26@example.com', '$2y$10$AfEJQQKn9rvVdM7IEy8.I.DtmLwUZx/5MDWd/svb7AFCt3vKIkcnm', '2023-11-06', '2024-02-09', 831, 'Premium', 'Blues', 411, 'Okan Arina', 'https://picsum.photos/id/77/100/100');
INSERT INTO USERS (user_id, country_id, age, name, username, email, password, date_joined, last_login, follower_num, subscription_type, top_genre, num_songs_liked, most_played_artist, image) VALUES (27, 13, 54, 'Koray Doruk', 'koray1', 'orayoruk27@example.com', '$2y$10$S.G7hk673IGzio2FlV0V7OEyirAst04A0praU3C0tFBQw9mcZv0Fy', '2017-09-19', '2022-02-20', 705, 'Free', 'Pop', 7, 'Sefa Emircan', 'https://picsum.photos/id/68/100/100');
INSERT INTO USERS (user_id, country_id, age, name, username, email, password, date_joined, last_login, follower_num, subscription_type, top_genre, num_songs_liked, most_played_artist, image) VALUES (28, 13, 60, 'Bilge Ebru', 'bilge', 'ilgebru28@example.com', '$2y$10$xluQvRQhCxSBz0NBF/iFVeAAGpHXXQnXBMnKDiKtwuVxifMszOtkm', '2022-04-18', '2022-08-27', 658, 'Free', 'Turkish Psychedelic', 98, 'Can Serkan', 'https://picsum.photos/id/36/100/100');
INSERT INTO USERS (user_id, country_id, age, name, username, email, password, date_joined, last_login, follower_num, subscription_type, top_genre, num_songs_liked, most_played_artist, image) VALUES (29, 5, 18, 'Yasin Bilge', 'yasin1', 'asinilge29@example.com', '$2y$10$u9tYV2pEX/ORELQLtUums.D3dmS1W/5i2ruoqoHrcjphz5IwQDVWO', '2010-10-27', '2013-05-15', 552, 'Premium', 'Alternative', 12, 'Serkan Lale', 'https://picsum.photos/id/19/100/100');
INSERT INTO USERS (user_id, country_id, age, name, username, email, password, date_joined, last_login, follower_num, subscription_type, top_genre, num_songs_liked, most_played_artist, image) VALUES (30, 11, 34, 'Utku Ata', 'utku', 'tkuta30@example.com', '$2y$10$rydnQvh/3aJoPPn.gyszeedMP6alvrIXknXnt0NtP1U39IX3xNp4C', '2018-09-21', '2019-08-15', 666, 'Free', 'Barok', 218, 'Elif Nisa', 'https://picsum.photos/id/58/100/100');
INSERT INTO USERS (user_id, country_id, age, name, username, email, password, date_joined, last_login, follower_num, subscription_type, top_genre, num_songs_liked, most_played_artist, image) VALUES (31, 15, 48, 'Can Elif', 'can', 'anlif31@example.com', '$2y$10$.9iparB67.zX.8iT0qSwZOVm5Gtq3ZVLnMlU8v7SeiqlB1RcgP7lK', '2015-07-29', '2017-07-18', 256, 'Premium', 'Rock', 312, 'Onur Merve', 'https://picsum.photos/id/38/100/100');
INSERT INTO USERS (user_id, country_id, age, name, username, email, password, date_joined, last_login, follower_num, subscription_type, top_genre, num_songs_liked, most_played_artist, image) VALUES (32, 5, 20, 'Volkan Kaan', 'volkan', 'olkanaan32@example.com', '$2y$10$DyLpw3K5a4HDI3j5PenR/OkUpfJapgF5W78GVmgwfPWRj5.B7xMEi', '2017-04-01', '2017-12-24', 266, 'Free', 'Blues', 178, 'Sefa Sefa', 'https://picsum.photos/id/51/100/100');
INSERT INTO USERS (user_id, country_id, age, name, username, email, password, date_joined, last_login, follower_num, subscription_type, top_genre, num_songs_liked, most_played_artist, image) VALUES (33, 8, 23, 'Yeliz Salih', 'yeliz1', 'elizalih33@example.com', '$2y$10$.KSQ3lrYiZEVpBgzGASvQewu2BfmaaAPQ3GPHNop0LDT/RdlODPPi', '2013-12-28', '2016-06-23', 914, 'Premium', 'Barok', 325, 'Gizem Vildan', 'https://picsum.photos/id/72/100/100');
INSERT INTO USERS (user_id, country_id, age, name, username, email, password, date_joined, last_login, follower_num, subscription_type, top_genre, num_songs_liked, most_played_artist, image) VALUES (34, 9, 48, 'Ebru Nisa', 'ebru1', 'bruisa34@example.com', '$2y$10$PiNYjubC3TdkvoSaL8kDeOqkCQ8UPYrzfaHOD2.KohJrv0mZyrhRy', '2017-11-14', '2022-06-05', 689, 'Free', 'Turkish Psychedelic', 232, 'Onur Merve', 'https://picsum.photos/id/16/100/100');
INSERT INTO USERS (user_id, country_id, age, name, username, email, password, date_joined, last_login, follower_num, subscription_type, top_genre, num_songs_liked, most_played_artist, image) VALUES (35, 9, 32, 'Rüya Kerem', 'rüya', 'yaerem35@example.com', '$2y$10$pBTHEAnegawc43mqFLzIbOolPZWn1U5nnk/t2YKNQ1bIHXMfMyMBO', '2015-08-16', '2021-06-05', 972, 'Free', 'Rock', 264, 'Tuba Okan', 'https://picsum.photos/id/83/100/100');
INSERT INTO USERS (user_id, country_id, age, name, username, email, password, date_joined, last_login, follower_num, subscription_type, top_genre, num_songs_liked, most_played_artist, image) VALUES (36, 17, 66, 'Volkan Pelin', 'volkan1', 'olkanelin36@example.com', '$2y$10$Q6xmSVgNdqnYBhaO41cUfOgafyXQ.mr9iRi4T8aOT4NSiJJfF.B.6', '2017-11-28', '2018-08-16', 543, 'Premium', 'Black Metal', 461, 'Koray Ebru', 'https://picsum.photos/id/8/100/100');
INSERT INTO USERS (user_id, country_id, age, name, username, email, password, date_joined, last_login, follower_num, subscription_type, top_genre, num_songs_liked, most_played_artist, image) VALUES (37, 8, 19, 'Okan Ebru', 'okan', 'kanbru37@example.com', '$2y$10$KDHdIGe4Jz.ScO4cp/czvuX8AtzfPb3oClFgz4KGMUMPr2Mn088r.', '2011-02-07', '2014-05-25', 934, 'Free', 'Jazz', 128, 'Emircan Lale', 'https://picsum.photos/id/43/100/100');
INSERT INTO USERS (user_id, country_id, age, name, username, email, password, date_joined, last_login, follower_num, subscription_type, top_genre, num_songs_liked, most_played_artist, image) VALUES (38, 8, 62, 'Yağmur Safa', 'yağmur1', 'amurafa38@example.com', '$2y$10$HNowrKxSW9YNTkBO13QYv.tsIZZIj0kKcSSwqvSvUlJ.hrldLscD2', '2016-01-04', '2019-08-25', 199, 'Free', 'Black Metal', 62, 'Sefa Ebru', 'https://picsum.photos/id/43/100/100');
INSERT INTO USERS (user_id, country_id, age, name, username, email, password, date_joined, last_login, follower_num, subscription_type, top_genre, num_songs_liked, most_played_artist, image) VALUES (39, 19, 33, 'Yeliz Serkan', 'yeliz2', 'elizerkan39@example.com', '$2y$10$i1zw0rwrCni.TDi2kWCzfOSNboc8w0WMmpa4QSg5x6uV/NNDNa5xG', '2011-09-25', '2014-03-30', 642, 'Free', 'Barok', 4, 'Koray Rüya', 'https://picsum.photos/id/78/100/100');
INSERT INTO USERS (user_id, country_id, age, name, username, email, password, date_joined, last_login, follower_num, subscription_type, top_genre, num_songs_liked, most_played_artist, image) VALUES (40, 11, 51, 'Pinar Mert', 'pinar', 'inarert40@example.com', '$2y$10$49ONwDbdr3DH7yqaalUCb.jmB7PDv4HiO.h6GaFKwOKe.L1V/QBke', '2011-08-04', '2012-06-16', 689, 'Premium', 'Pop', 229, 'Vildan Yasin', 'https://picsum.photos/id/64/100/100');
INSERT INTO USERS (user_id, country_id, age, name, username, email, password, date_joined, last_login, follower_num, subscription_type, top_genre, num_songs_liked, most_played_artist, image) VALUES (41, 13, 38, 'Volkan Emircan', 'volkan2', 'olkanmircan41@example.com', '$2y$10$sJ6RjoLjVqZ3C5Y1ZrqMaeFSyaRm6DPK/Lo878XmID4Zx/DTZ9tAu', '2020-08-26', '2024-05-14', 900, 'Free', 'Turkish Psychedelic', 75, 'Sefa Ebru', 'https://picsum.photos/id/57/100/100');
INSERT INTO USERS (user_id, country_id, age, name, username, email, password, date_joined, last_login, follower_num, subscription_type, top_genre, num_songs_liked, most_played_artist, image) VALUES (42, 13, 56, 'Kerem Yeliz', 'kerem', 'eremeliz42@example.com', '$2y$10$1K5/.tobVWXI4wt.5YwPNOXyLXyFYnteKYfri1mTgp7rfhhp9WtYG', '2010-03-26', '2012-05-22', 634, 'Premium', 'Reggae', 125, 'Mert Okan', 'https://picsum.photos/id/26/100/100');
INSERT INTO USERS (user_id, country_id, age, name, username, email, password, date_joined, last_login, follower_num, subscription_type, top_genre, num_songs_liked, most_played_artist, image) VALUES (43, 2, 25, 'Safa Safa', 'safa', 'afaafa43@example.com', '$2y$10$sKGR9LuYK7tS/g7OFI76POdl2qYwOYZ5wj59CeNjj9EgZMNgq7uwa', '2016-09-14', '2019-10-09', 910, 'Premium', 'Reggae', 177, 'Murat Burak', 'https://picsum.photos/id/52/100/100');
INSERT INTO USERS (user_id, country_id, age, name, username, email, password, date_joined, last_login, follower_num, subscription_type, top_genre, num_songs_liked, most_played_artist, image) VALUES (44, 13, 66, 'Kerem Murat', 'kerem1', 'eremurat44@example.com', '$2y$10$qet0tVyWNZUU8q2my/RX1eKEDiCfeHsnFcaK2ai4UFkc5dCymj3Re', '2012-07-07', '2014-05-05', 243, 'Premium', 'Turkish Folk', 465, 'Serkan Zeynep', 'https://picsum.photos/id/32/100/100');
INSERT INTO USERS (user_id, country_id, age, name, username, email, password, date_joined, last_login, follower_num, subscription_type, top_genre, num_songs_liked, most_played_artist, image) VALUES (45, 1, 21, 'Pelin Emircan', 'pelin', 'elinmircan45@example.com', '$2y$10$immDlpvAQbCTb2Hoaev6fOMdnEEWDIDDGEQfzq7bIEi/P.fH194N.', '2018-09-29', '2019-08-29', 768, 'Free', 'Barok', 354, 'Serkan Lale', 'https://picsum.photos/id/87/100/100');
INSERT INTO USERS (user_id, country_id, age, name, username, email, password, date_joined, last_login, follower_num, subscription_type, top_genre, num_songs_liked, most_played_artist, image) VALUES (46, 5, 28, 'Vildan Tuba', 'vildan1', 'ildanuba46@example.com', '$2y$10$Ubcjuu5Uib3BdLcpqZ1kduFpbkhgLpKQfZVxxW7dXqQGWtHtMG8w6', '2011-07-31', '2020-11-24', 12, 'Free', 'Indie', 376, 'Zeynep Onur', 'https://picsum.photos/id/53/100/100');
INSERT INTO USERS (user_id, country_id, age, name, username, email, password, date_joined, last_login, follower_num, subscription_type, top_genre, num_songs_liked, most_played_artist, image) VALUES (47, 3, 45, 'Arina Burak', 'arina2', 'rinaurak47@example.com', '$2y$10$prM6Fc0Law2lSsGnxxmtsOSg51lXufGM.OnV2zkZOXi0CPqqWubk2', '2013-05-26', '2021-11-12', 321, 'Free', 'Gangsta Rap', 40, 'Elif Tugçe', 'https://picsum.photos/id/93/100/100');
INSERT INTO USERS (user_id, country_id, age, name, username, email, password, date_joined, last_login, follower_num, subscription_type, top_genre, num_songs_liked, most_played_artist, image) VALUES (48, 19, 59, 'Pinar Doruk', 'pinar1', 'inaroruk48@example.com', '$2y$10$s4gEV.1lsg49AY/TCPpy7eFGkXXNDZpWZt1iXsLy2N/txleSrm7Lq', '2016-11-13', '2022-10-10', 448, 'Premium', 'Black Metal', 267, 'Salih Doruk', 'https://picsum.photos/id/94/100/100');
INSERT INTO USERS (user_id, country_id, age, name, username, email, password, date_joined, last_login, follower_num, subscription_type, top_genre, num_songs_liked, most_played_artist, image) VALUES (49, 8, 63, 'Serkan Nisa', 'serkan', 'erkanisa49@example.com', '$2y$10$duVdBtFSMs5K52xoPkRRNuL.fSfXJp4XDJlEWqQNiiSoPIs0JdGSq', '2020-10-06', '2023-05-30', 740, 'Premium', 'Barok', 336, 'Mert Utku', 'https://picsum.photos/id/76/100/100');
INSERT INTO USERS (user_id, country_id, age, name, username, email, password, date_joined, last_login, follower_num, subscription_type, top_genre, num_songs_liked, most_played_artist, image) VALUES (50, 1, 39, 'Rüya Can', 'rüya1', 'yaan50@example.com', '$2y$10$Q5v9wBDvnazkEVcPBfbhD.iHiIUr87v.aUEjlFO1HxEBy5dCBkrlC', '2018-12-25', '2020-06-06', 387, 'Premium', 'Rock', 363, 'Pelin Gizem', 'https://picsum.photos/id/2/100/100');
INSERT INTO USERS (user_id, country_id, age, name, username, email, password, date_joined, last_login, follower_num, subscription_type, top_genre, num_songs_liked, most_played_artist, image) VALUES (51, 16, 50, 'Onur Sefa', 'onur1', 'nurefa51@example.com', '$2y$10$.AeKLARzF7B8YUZ2dbLqPeEp3pJ1zxxKJUdPjKrciqmJEyvSE9b.W', '2023-05-16', '2023-09-05', 282, 'Premium', 'Turkish Rock', 198, 'Yasin Pelin', 'https://picsum.photos/id/85/100/100');
INSERT INTO USERS (user_id, country_id, age, name, username, email, password, date_joined, last_login, follower_num, subscription_type, top_genre, num_songs_liked, most_played_artist, image) VALUES (52, 17, 21, 'Arina Doruk', 'arina3', 'rinaoruk52@example.com', '$2y$10$HF3w5bDjhuRNJQfNurZwP.DKgdAE3arnp5hji0vK8PNzLWykD8zw6', '2017-07-31', '2024-03-30', 866, 'Free', 'Black Metal', 294, 'Can Kerem', 'https://picsum.photos/id/65/100/100');
INSERT INTO USERS (user_id, country_id, age, name, username, email, password, date_joined, last_login, follower_num, subscription_type, top_genre, num_songs_liked, most_played_artist, image) VALUES (53, 13, 23, 'Burak Elif', 'burak1', 'uraklif53@example.com', '$2y$10$RCwsMETPz7EsUTxJD9qjSuNXngLhfSpOXtwqY8qoWW/NI/Eoe9Pt6', '2019-01-07', '2021-02-12', 38, 'Free', 'Turkish Folk', 175, 'Serkan Zeynep', 'https://picsum.photos/id/29/100/100');
INSERT INTO USERS (user_id, country_id, age, name, username, email, password, date_joined, last_login, follower_num, subscription_type, top_genre, num_songs_liked, most_played_artist, image) VALUES (54, 12, 62, 'Kaan Lale', 'kaan', 'aanale54@example.com', '$2y$10$v80ueW67aIXpIfeuHeH3HuZxgFvMXJxGevS/kl8R/DMx5bmTHzUrK', '2023-03-13', '2023-09-26', 622, 'Free', 'Gangsta Rap', 213, 'Kaan Safa', 'https://picsum.photos/id/31/100/100');
INSERT INTO USERS (user_id, country_id, age, name, username, email, password, date_joined, last_login, follower_num, subscription_type, top_genre, num_songs_liked, most_played_artist, image) VALUES (55, 20, 36, 'Volkan Can', 'volkan3', 'olkanan55@example.com', '$2y$10$25VznEzZJ.fiKkjaIc1z7up5v1TYFNOdGqEgifVDzIvD6jhZC8B2q', '2013-06-06', '2016-08-29', 147, 'Premium', 'Turkish Folk', 80, 'Zeynep Umut', 'https://picsum.photos/id/70/100/100');
INSERT INTO USERS (user_id, country_id, age, name, username, email, password, date_joined, last_login, follower_num, subscription_type, top_genre, num_songs_liked, most_played_artist, image) VALUES (56, 6, 32, 'Elif Serkan', 'elif2', 'liferkan56@example.com', '$2y$10$Lu11LVkh0uxVxHFdc3OpJuQibwQLaDmdbeFCPFcZIDlRZKaH.7dou', '2023-05-28', '2023-09-30', 643, 'Free', 'Folk', 315, 'Okan Emir', 'https://picsum.photos/id/15/100/100');
INSERT INTO USERS (user_id, country_id, age, name, username, email, password, date_joined, last_login, follower_num, subscription_type, top_genre, num_songs_liked, most_played_artist, image) VALUES (57, 17, 54, 'Tuba Nisa', 'tuba', 'ubaisa57@example.com', '$2y$10$XUkf.THboO5maOSbgSR1PuOE6Ym.lfAKGy8LRiLWugCO.m2cjoqOO', '2015-10-20', '2016-08-29', 113, 'Free', 'Country', 203, 'Okan Emir', 'https://picsum.photos/id/22/100/100');
INSERT INTO USERS (user_id, country_id, age, name, username, email, password, date_joined, last_login, follower_num, subscription_type, top_genre, num_songs_liked, most_played_artist, image) VALUES (58, 14, 33, 'Sefa Vildan', 'sefa1', 'efaildan58@example.com', '$2y$10$cUXPz0xyWEeUY8bWECWWJesLVIOHs7OmdizCw8KNFuxpqWxDyYjG2', '2012-04-28', '2024-01-23', 307, 'Free', 'Reggae', 147, 'Nisa Rüya', 'https://picsum.photos/id/56/100/100');
INSERT INTO USERS (user_id, country_id, age, name, username, email, password, date_joined, last_login, follower_num, subscription_type, top_genre, num_songs_liked, most_played_artist, image) VALUES (59, 10, 29, 'Arina Murat', 'arina4', 'rinaurat59@example.com', '$2y$10$c1B1dvMKxwKn3iQjyJRWDe48sasRaeh2pRxnzydTdPHgnELt2mgm.', '2012-11-08', '2022-12-06', 935, 'Free', 'Alternative', 52, 'Mert Utku', 'https://picsum.photos/id/6/100/100');
INSERT INTO USERS (user_id, country_id, age, name, username, email, password, date_joined, last_login, follower_num, subscription_type, top_genre, num_songs_liked, most_played_artist, image) VALUES (60, 16, 67, 'Sefa Vildan', 'sefa2', 'efaildan60@example.com', '$2y$10$am8WMO0E/u69psGKd6UsVuKgFxk7fl4.EgoosX/1rgJAfTzXUzf56', '2011-04-30', '2018-04-08', 912, 'Premium', 'Reggae', 262, 'Emir Zeynep', 'https://picsum.photos/id/59/100/100');
INSERT INTO USERS (user_id, country_id, age, name, username, email, password, date_joined, last_login, follower_num, subscription_type, top_genre, num_songs_liked, most_played_artist, image) VALUES (61, 14, 25, 'Arina Onur', 'arina5', 'rinanur61@example.com', '$2y$10$2OlHkzqsIu31b7Xo/xIFPOw3FV/lNKAGWvFmw8h.nq6el1ode6lOO', '2014-05-25', '2019-02-24', 21, 'Free', 'Jazz', 101, 'Salih Onur', 'https://picsum.photos/id/4/100/100');
INSERT INTO USERS (user_id, country_id, age, name, username, email, password, date_joined, last_login, follower_num, subscription_type, top_genre, num_songs_liked, most_played_artist, image) VALUES (62, 20, 34, 'Mert Umut', 'mert', 'ertmut62@example.com', '$2y$10$0RvjjOsSAKpnbxOYMHw5yO2OpNNdjIOicwReZHwTNBlVXfkZD8IKW', '2016-09-03', '2017-09-19', 212, 'Premium', 'Jazz', 269, 'Okan Emir', 'https://picsum.photos/id/79/100/100');
INSERT INTO USERS (user_id, country_id, age, name, username, email, password, date_joined, last_login, follower_num, subscription_type, top_genre, num_songs_liked, most_played_artist, image) VALUES (63, 13, 58, 'Burak Can', 'burak2', 'urakan63@example.com', '$2y$10$l2ExrYf2VMsZCA2szEjNbuShxqBBbl7uy62Q.FnU4Z0LQn74zafUS', '2012-10-27', '2013-12-22', 281, 'Free', 'Reggae', 246, 'Kaan Onur', 'https://picsum.photos/id/38/100/100');
INSERT INTO USERS (user_id, country_id, age, name, username, email, password, date_joined, last_login, follower_num, subscription_type, top_genre, num_songs_liked, most_played_artist, image) VALUES (64, 6, 63, 'Pinar Tugçe', 'pinar2', 'inaruge64@example.com', '$2y$10$lKeLispgIPb.mvR8hinYguHeuRJRLPLmKCjHEqV7AzhhsVGmwgWsK', '2019-07-17', '2022-03-22', 617, 'Free', 'Turkish Rock', 463, 'Pinar Onur', 'https://picsum.photos/id/93/100/100');
INSERT INTO USERS (user_id, country_id, age, name, username, email, password, date_joined, last_login, follower_num, subscription_type, top_genre, num_songs_liked, most_played_artist, image) VALUES (65, 12, 20, 'Pelin Okan', 'pelin1', 'elinkan65@example.com', '$2y$10$wiEn/WcWgowZ/hgChpHTD.UmNRYMCuKpzaWh9PZnJGgNERHkA2xAy', '2023-06-28', '2024-01-31', 253, 'Premium', 'Turkish Folk', 317, 'Gizem Tugçe', 'https://picsum.photos/id/45/100/100');
INSERT INTO USERS (user_id, country_id, age, name, username, email, password, date_joined, last_login, follower_num, subscription_type, top_genre, num_songs_liked, most_played_artist, image) VALUES (66, 8, 34, 'Bilge Kerem', 'bilge1', 'ilgeerem66@example.com', '$2y$10$VdEZyXJ4qAkPALU1xJEagupwMfiHf3TNRrJecA6jy9fpkGMnPhMBS', '2014-06-28', '2023-04-01', 496, 'Premium', 'Alternative', 412, 'Volkan Burak', 'https://picsum.photos/id/100/100/100');
INSERT INTO USERS (user_id, country_id, age, name, username, email, password, date_joined, last_login, follower_num, subscription_type, top_genre, num_songs_liked, most_played_artist, image) VALUES (67, 8, 53, 'Merve Vildan', 'merve', 'erveildan67@example.com', '$2y$10$y3rPIs47JSl3JO/aVAn1R./QCwNYhPEFsa2yyaH3EMCUOmxGMybDa', '2013-03-30', '2022-11-21', 716, 'Free', 'Reggae', 27, 'Umut Onur', 'https://picsum.photos/id/24/100/100');
INSERT INTO USERS (user_id, country_id, age, name, username, email, password, date_joined, last_login, follower_num, subscription_type, top_genre, num_songs_liked, most_played_artist, image) VALUES (68, 16, 39, 'Yağmur Salih', 'yağmur2', 'amuralih68@example.com', '$2y$10$MQSmt8PBCpm9ozczY3DCiOHh4.nyAcMWcqhFDbdjh7YYgf1UEC2Pi', '2016-01-09', '2022-05-29', 443, 'Free', 'Turkish Psychedelic', 259, 'Gizem Okan', 'https://picsum.photos/id/65/100/100');
INSERT INTO USERS (user_id, country_id, age, name, username, email, password, date_joined, last_login, follower_num, subscription_type, top_genre, num_songs_liked, most_played_artist, image) VALUES (69, 15, 66, 'Murat Kerem', 'murat3', 'uraterem69@example.com', '$2y$10$zwJOpw7NkLUsgfzwM3fzPeqaYANxw/8fpItqgQzbP7qy26Q8cUJK6', '2023-05-05', '2023-09-20', 237, 'Premium', 'Turkish Rock', 218, 'Gizem Tugçe', 'https://picsum.photos/id/21/100/100');
INSERT INTO USERS (user_id, country_id, age, name, username, email, password, date_joined, last_login, follower_num, subscription_type, top_genre, num_songs_liked, most_played_artist, image) VALUES (70, 18, 53, 'Yeliz Yasin', 'yeliz3', 'elizasin70@example.com', '$2y$10$38akA1GJ5xD6a.kqpTLaMeMN7o/zHSahI4ajkIEwuVodmnUNKVh0a', '2023-09-17', '2023-09-17', 157, 'Premium', 'Folk', 204, 'Safa Mert', 'https://picsum.photos/id/52/100/100');
INSERT INTO USERS (user_id, country_id, age, name, username, email, password, date_joined, last_login, follower_num, subscription_type, top_genre, num_songs_liked, most_played_artist, image) VALUES (71, 6, 69, 'Utku Zeynep', 'utku1', 'tkueynep71@example.com', '$2y$10$rL1Q/nVOqAhjsDpuOTHN3uHQNthLNSoWvlFA90FgmEyyzStyZKWD6', '2021-08-13', '2024-01-24', 813, 'Premium', 'Gangsta Rap', 9, 'Sefa Merve', 'https://picsum.photos/id/68/100/100');
INSERT INTO USERS (user_id, country_id, age, name, username, email, password, date_joined, last_login, follower_num, subscription_type, top_genre, num_songs_liked, most_played_artist, image) VALUES (72, 9, 34, 'Volkan Pinar', 'volkan4', 'olkaninar72@example.com', '$2y$10$CCUDUqAJvYnRpUcb8naccOh3pQhCYIVP4dxvk4NRVOrDouG/ZhVva', '2010-06-13', '2018-04-30', 977, 'Premium', 'Turkish Psychedelic', 188, 'Murat Burak', 'https://picsum.photos/id/10/100/100');
INSERT INTO USERS (user_id, country_id, age, name, username, email, password, date_joined, last_login, follower_num, subscription_type, top_genre, num_songs_liked, most_played_artist, image) VALUES (73, 9, 70, 'Utku Pelin', 'utku2', 'tkuelin73@example.com', '$2y$10$2N9/bE5QDmAfJideqL5N1.bDrNbNuVXOKbdUTwJ.vStYqtuTnO6X2', '2012-11-22', '2019-01-21', 384, 'Free', 'Alternative', 178, 'Bilge Utku', 'https://picsum.photos/id/42/100/100');
INSERT INTO USERS (user_id, country_id, age, name, username, email, password, date_joined, last_login, follower_num, subscription_type, top_genre, num_songs_liked, most_played_artist, image) VALUES (74, 4, 66, 'Salih Rüya', 'salih1', 'alihya74@example.com', '$2y$10$QhxifkCmqKJIt8JCwGwYI.mrdhaPeimjaLjbMVDh9tI6/Aio/cBsG', '2016-05-06', '2018-01-19', 223, 'Premium', 'Gangsta Rap', 52, 'Salih Onur', 'https://picsum.photos/id/39/100/100');
INSERT INTO USERS (user_id, country_id, age, name, username, email, password, date_joined, last_login, follower_num, subscription_type, top_genre, num_songs_liked, most_played_artist, image) VALUES (75, 18, 25, 'Pelin Pelin', 'pelin2', 'elinelin75@example.com', '$2y$10$VIigj8LdbhAMzaJ6G6oB6.5u0eZTaO7ihhjF1QIfBnQQB6SxGPhly', '2022-08-30', '2022-10-29', 911, 'Free', 'Barok', 366, 'Arina Nisa', 'https://picsum.photos/id/47/100/100');
INSERT INTO USERS (user_id, country_id, age, name, username, email, password, date_joined, last_login, follower_num, subscription_type, top_genre, num_songs_liked, most_played_artist, image) VALUES (76, 11, 49, 'Tuba Burak', 'tuba1', 'ubaurak76@example.com', '$2y$10$xLDPpOsx0d0H402yhnfPkedWOOvPGMkQva6PEq/NC2hzRO/UD.Mr6', '2022-11-13', '2023-07-12', 139, 'Free', 'Turkish Psychedelic', 81, 'Utku Utku', 'https://picsum.photos/id/53/100/100');
INSERT INTO USERS (user_id, country_id, age, name, username, email, password, date_joined, last_login, follower_num, subscription_type, top_genre, num_songs_liked, most_played_artist, image) VALUES (77, 14, 51, 'Pelin Mert', 'pelin3', 'elinert77@example.com', '$2y$10$2SidrosqcnGKhFRUUJH4xeA367Z4YsD4eRsD98lrsUypqdPAe4abW', '2021-10-21', '2023-02-18', 734, 'Free', 'Reggae', 250, 'Onur Zeynep', 'https://picsum.photos/id/94/100/100');
INSERT INTO USERS (user_id, country_id, age, name, username, email, password, date_joined, last_login, follower_num, subscription_type, top_genre, num_songs_liked, most_played_artist, image) VALUES (78, 17, 44, 'Okan Elif', 'okan1', 'kanlif78@example.com', '$2y$10$nwOdeyKwEiTub7cvqsXshu.1H.2r5.9VKEF.D054/RNRYDc1gcaxq', '2019-07-06', '2021-08-25', 174, 'Premium', 'Indie', 285, 'Mert Sefa', 'https://picsum.photos/id/5/100/100');
INSERT INTO USERS (user_id, country_id, age, name, username, email, password, date_joined, last_login, follower_num, subscription_type, top_genre, num_songs_liked, most_played_artist, image) VALUES (79, 4, 27, 'Rüya Can', 'rüya2', 'yaan79@example.com', '$2y$10$jfJd9lptlhXh6U9TqBzz.u2D2IvCdxbD.1FxIBz2rBXYmmWyRR5Oe', '2013-01-06', '2022-06-10', 605, 'Premium', 'Turkish Rock', 35, 'Burak Emircan', 'https://picsum.photos/id/57/100/100');
INSERT INTO USERS (user_id, country_id, age, name, username, email, password, date_joined, last_login, follower_num, subscription_type, top_genre, num_songs_liked, most_played_artist, image) VALUES (80, 3, 35, 'Kaan Yağmur', 'kaan1', 'aanamur80@example.com', '$2y$10$zHSUbxEYNkwCWAcjhXuyT.KkarMLAFOS1Tk3r2XHZSBbRmOYI4tyq', '2014-05-09', '2022-07-10', 551, 'Premium', 'Black Metal', 4, 'Utku Utku', 'https://picsum.photos/id/44/100/100');
INSERT INTO USERS (user_id, country_id, age, name, username, email, password, date_joined, last_login, follower_num, subscription_type, top_genre, num_songs_liked, most_played_artist, image) VALUES (81, 12, 41, 'Gizem Yasin', 'gizem1', 'izemasin81@example.com', '$2y$10$xjaex3G6qbiBaebnGaMubOB1J3RGp5SFkwlVlEQsLvhMPQx0RUS2W', '2022-12-28', '2023-02-03', 174, 'Free', 'Black Metal', 305, 'Koray Rüya', 'https://picsum.photos/id/73/100/100');
INSERT INTO USERS (user_id, country_id, age, name, username, email, password, date_joined, last_login, follower_num, subscription_type, top_genre, num_songs_liked, most_played_artist, image) VALUES (82, 14, 67, 'Salih Gizem', 'salih2', 'alihizem82@example.com', '$2y$10$CneV8dHRYxqBNA.OkDluaOKSOzaX0/Geceokyki2vojm.UNTqdGzm', '2014-01-18', '2016-07-04', 820, 'Premium', 'Jazz', 298, 'Onur Vildan', 'https://picsum.photos/id/1/100/100');
INSERT INTO USERS (user_id, country_id, age, name, username, email, password, date_joined, last_login, follower_num, subscription_type, top_genre, num_songs_liked, most_played_artist, image) VALUES (83, 6, 38, 'Vildan Mert', 'vildan2', 'ildanert83@example.com', '$2y$10$06EsgJXEVO6LTcWlOQI3fuB6/GcrovSo9/7pYCKsWpfIWREmVyVNy', '2022-05-25', '2023-02-19', 547, 'Premium', 'Pop', 16, 'Safa Mert', 'https://picsum.photos/id/11/100/100');
INSERT INTO USERS (user_id, country_id, age, name, username, email, password, date_joined, last_login, follower_num, subscription_type, top_genre, num_songs_liked, most_played_artist, image) VALUES (84, 9, 69, 'Yeliz Vildan', 'yeliz4', 'elizildan84@example.com', '$2y$10$1A8Hrs2OX9/VJv/BPdPP1ezTq37JUBgMQo.w3i3uCd5LoaJdGuYou', '2012-12-01', '2021-06-29', 307, 'Free', 'Folk', 93, 'Salih Emircan', 'https://picsum.photos/id/93/100/100');
INSERT INTO USERS (user_id, country_id, age, name, username, email, password, date_joined, last_login, follower_num, subscription_type, top_genre, num_songs_liked, most_played_artist, image) VALUES (85, 15, 65, 'Sefa Emir', 'sefa3', 'efamir85@example.com', '$2y$10$fzAkXJvt8xMQmgdC86tnwOiveq9Jmi.U7xjpA2fCcGd02MwqNTYga', '2011-11-26', '2014-06-25', 501, 'Premium', 'Turkish Psychedelic', 301, 'Lale Tugçe', 'https://picsum.photos/id/31/100/100');
INSERT INTO USERS (user_id, country_id, age, name, username, email, password, date_joined, last_login, follower_num, subscription_type, top_genre, num_songs_liked, most_played_artist, image) VALUES (86, 20, 52, 'Resul Merve', 'resul2', 'esulerve86@example.com', '$2y$10$8diu7SzMaMCoCHUqcerkd.HxZWZ4P2hzUA9RB9t4ENDxUbSyeWXaO', '2020-05-04', '2023-07-08', 766, 'Premium', 'Black Metal', 344, 'Can Serkan', 'https://picsum.photos/id/72/100/100');
INSERT INTO USERS (user_id, country_id, age, name, username, email, password, date_joined, last_login, follower_num, subscription_type, top_genre, num_songs_liked, most_played_artist, image) VALUES (87, 4, 64, 'Volkan Vildan', 'volkan5', 'olkanildan87@example.com', '$2y$10$Tzh/9DG/FLOokUhtwmTGuuCZKo2d.o3vCy8KIB7EF4vFEGUlzJvgS', '2021-04-14', '2021-08-08', 854, 'Premium', 'Rock', 215, 'Can Kerem', 'https://picsum.photos/id/98/100/100');
INSERT INTO USERS (user_id, country_id, age, name, username, email, password, date_joined, last_login, follower_num, subscription_type, top_genre, num_songs_liked, most_played_artist, image) VALUES (88, 11, 20, 'Okan Bilge', 'okan2', 'kanilge88@example.com', '$2y$10$2Mnpp78Tlmojo6bPjE.Q3eH.vemfTTQWSSVi.pDpV2FbeAVuM/S0C', '2016-07-11', '2023-02-14', 767, 'Free', 'Turkish Rock', 166, 'Can Serkan', 'https://picsum.photos/id/19/100/100');
INSERT INTO USERS (user_id, country_id, age, name, username, email, password, date_joined, last_login, follower_num, subscription_type, top_genre, num_songs_liked, most_played_artist, image) VALUES (89, 17, 29, 'Doruk Merve', 'doruk2', 'orukerve89@example.com', '$2y$10$pWvkeYc1Clt9k5nuKEyAZ.7RmMGQoteJqtYZyOZfALC9XE8c9tBcG', '2012-09-15', '2013-07-30', 694, 'Free', 'Turkish Psychedelic', 88, 'Zeynep Umut', 'https://picsum.photos/id/40/100/100');
INSERT INTO USERS (user_id, country_id, age, name, username, email, password, date_joined, last_login, follower_num, subscription_type, top_genre, num_songs_liked, most_played_artist, image) VALUES (90, 7, 20, 'Okan Zeynep', 'okan3', 'kaneynep90@example.com', '$2y$10$0hYHQ4dYNcwheiB1E95zyO4yrDIbxpUngRsYRaTZtIJu7ZCu6CCbO', '2019-08-21', '2021-09-11', 584, 'Premium', 'Rock', 207, 'Tuba Mert', 'https://picsum.photos/id/19/100/100');
INSERT INTO USERS (user_id, country_id, age, name, username, email, password, date_joined, last_login, follower_num, subscription_type, top_genre, num_songs_liked, most_played_artist, image) VALUES (91, 5, 59, 'Can Elif', 'can1', 'anlif91@example.com', '$2y$10$ROu3YPKhz1wkdGJanRYuLOKhu9RQl/ng4UC8htHl3zamTiiu4ZkPC', '2015-08-07', '2020-05-17', 124, 'Premium', 'Folk', 293, 'Koray Rüya', 'https://picsum.photos/id/95/100/100');
INSERT INTO USERS (user_id, country_id, age, name, username, email, password, date_joined, last_login, follower_num, subscription_type, top_genre, num_songs_liked, most_played_artist, image) VALUES (92, 6, 61, 'Tuba Zeynep', 'tuba2', 'ubaeynep92@example.com', '$2y$10$hhrR6ucVJz5km3v/oxWLn.b5wNtsOSExJi/FNZtDD6Vpy6ys5qNuy', '2011-02-18', '2023-03-29', 26, 'Free', 'Turkish Folk', 334, 'Pelin Serkan', 'https://picsum.photos/id/9/100/100');
INSERT INTO USERS (user_id, country_id, age, name, username, email, password, date_joined, last_login, follower_num, subscription_type, top_genre, num_songs_liked, most_played_artist, image) VALUES (93, 13, 24, 'Yağmur Ebru', 'yağmur3', 'amurbru93@example.com', '$2y$10$xjdq0tM7BUgk.IfX3oUeIeIejEbFK1nimwVJpPnCGJgIsqX2d7vIu', '2023-01-21', '2023-05-14', 335, 'Premium', 'Black Metal', 83, 'Okan Okan', 'https://picsum.photos/id/89/100/100');
INSERT INTO USERS (user_id, country_id, age, name, username, email, password, date_joined, last_login, follower_num, subscription_type, top_genre, num_songs_liked, most_played_artist, image) VALUES (94, 7, 23, 'Safa Doruk', 'safa1', 'afaoruk94@example.com', '$2y$10$HhhCgxSigtQi34hurSFu1.JgLx/PJecyu2yU7P3D43wvWaoJHFNVK', '2018-04-20', '2018-06-02', 333, 'Free', 'Folk', 463, 'Emircan Burak', 'https://picsum.photos/id/45/100/100');
INSERT INTO USERS (user_id, country_id, age, name, username, email, password, date_joined, last_login, follower_num, subscription_type, top_genre, num_songs_liked, most_played_artist, image) VALUES (95, 15, 24, 'Safa Umut', 'safa2', 'afamut95@example.com', '$2y$10$29V0Q683fBn8drwLqol7rudHaofd6C659clz2HhQFbnX/6jGrMsZi', '2011-06-23', '2020-11-26', 757, 'Premium', 'Country', 113, 'Sefa Sefa', 'https://picsum.photos/id/83/100/100');
INSERT INTO USERS (user_id, country_id, age, name, username, email, password, date_joined, last_login, follower_num, subscription_type, top_genre, num_songs_liked, most_played_artist, image) VALUES (96, 16, 59, 'Murat Koray', 'murat4', 'uratoray96@example.com', '$2y$10$36sqr1LYVAROPPEM1nrnGOJlPow3lVc1x5JTXGB0DmpBBrmV0nYgO', '2016-11-19', '2019-11-01', 321, 'Premium', 'Blues', 410, 'Safa Mert', 'https://picsum.photos/id/28/100/100');
INSERT INTO USERS (user_id, country_id, age, name, username, email, password, date_joined, last_login, follower_num, subscription_type, top_genre, num_songs_liked, most_played_artist, image) VALUES (97, 7, 57, 'Tuba Emir', 'tuba3', 'ubamir97@example.com', '$2y$10$mTbwLWK0tz.GRto7TL6pX.xv.S5xSxzoW2C0G9tSU9ZARBGhDAPVq', '2011-11-01', '2019-07-31', 617, 'Free', 'Rock', 498, 'Okan Utku', 'https://picsum.photos/id/2/100/100');
INSERT INTO USERS (user_id, country_id, age, name, username, email, password, date_joined, last_login, follower_num, subscription_type, top_genre, num_songs_liked, most_played_artist, image) VALUES (98, 16, 56, 'Volkan Can', 'volkan6', 'olkanan98@example.com', '$2y$10$nQ2BZcFiaCgGBa6QuzOCceOBLYdGKXGAj/PZ0shjvRyrfzBZRpv4q', '2014-08-09', '2020-08-10', 876, 'Premium', 'Country', 199, 'Can Kerem', 'https://picsum.photos/id/24/100/100');
INSERT INTO USERS (user_id, country_id, age, name, username, email, password, date_joined, last_login, follower_num, subscription_type, top_genre, num_songs_liked, most_played_artist, image) VALUES (99, 16, 24, 'Elif Nisa', 'elif3', 'lifisa99@example.com', '$2y$10$faeLgdQjnbngKGr26Ol6L.gXFnECmide7Qequu6CRi69YxfMgoYY2', '2016-10-18', '2022-04-01', 905, 'Free', 'Pop', 83, 'Okan Okan', 'https://picsum.photos/id/36/100/100');
INSERT INTO USERS (user_id, country_id, age, name, username, email, password, date_joined, last_login, follower_num, subscription_type, top_genre, num_songs_liked, most_played_artist, image) VALUES (100, 14, 54, 'Safa Emir', 'safa3', 'afamir100@example.com', '$2y$10$r470WXn7Jcnf.oSMKYb4AeeEeNShbWn2GUdpWxKV2.BXr1Sjxjggi', '2011-11-29', '2019-01-30', 149, 'Free', 'Indie', 345, 'Vildan Merve', 'https://picsum.photos/id/46/100/100');

-- ARTISTS Data --
INSERT INTO ARTISTS (artist_id, name, genre, date_joined, total_num_music, total_albums, listeners, bio, country_id, image) VALUES (1, 'Onur Vildan', 'Pop', '2010-07-14', 159, 8, 7580152, 'A passionate artist creating Pop music.', 4, 'https://picsum.photos/id/147/150/150');
INSERT INTO ARTISTS (artist_id, name, genre, date_joined, total_num_music, total_albums, listeners, bio, country_id, image) VALUES (2, 'Vildan Merve', 'Pop', '2019-08-15', 76, 2, 6965518, 'A passionate artist creating Pop music.', 1, 'https://picsum.photos/id/164/150/150');
INSERT INTO ARTISTS (artist_id, name, genre, date_joined, total_num_music, total_albums, listeners, bio, country_id, image) VALUES (3, 'Arina Resul', 'Alternative', '2011-10-03', 48, 6, 4812456, 'A passionate artist creating Alternative music.', 5, 'https://picsum.photos/id/133/150/150');
INSERT INTO ARTISTS (artist_id, name, genre, date_joined, total_num_music, total_albums, listeners, bio, country_id, image) VALUES (4, 'Zeynep Onur', 'Rock', '2013-11-28', 56, 14, 3509799, 'A passionate artist creating Rock music.', 3, 'https://picsum.photos/id/143/150/150');
INSERT INTO ARTISTS (artist_id, name, genre, date_joined, total_num_music, total_albums, listeners, bio, country_id, image) VALUES (5, 'Kaan Onur', 'Gangsta Rap', '2017-06-12', 174, 14, 6456991, 'A passionate artist creating Gangsta Rap music.', 6, 'https://picsum.photos/id/159/150/150');
INSERT INTO ARTISTS (artist_id, name, genre, date_joined, total_num_music, total_albums, listeners, bio, country_id, image) VALUES (6, 'Koray Ebru', 'Black Metal', '2016-07-14', 91, 6, 6895110, 'A passionate artist creating Black Metal music.', 2, 'https://picsum.photos/id/126/150/150');
INSERT INTO ARTISTS (artist_id, name, genre, date_joined, total_num_music, total_albums, listeners, bio, country_id, image) VALUES (7, 'Onur Zeynep', 'Barok', '2008-11-06', 64, 12, 6004637, 'A passionate artist creating Barok music.', 11, 'https://picsum.photos/id/141/150/150');
INSERT INTO ARTISTS (artist_id, name, genre, date_joined, total_num_music, total_albums, listeners, bio, country_id, image) VALUES (8, 'Nisa Rüya', 'Gangsta Rap', '2007-06-12', 34, 14, 6706523, 'A passionate artist creating Gangsta Rap music.', 17, 'https://picsum.photos/id/161/150/150');
INSERT INTO ARTISTS (artist_id, name, genre, date_joined, total_num_music, total_albums, listeners, bio, country_id, image) VALUES (9, 'Kerem Tuba', 'Reggae', '2015-11-19', 149, 7, 2114757, 'A passionate artist creating Reggae music.', 12, 'https://picsum.photos/id/183/150/150');
INSERT INTO ARTISTS (artist_id, name, genre, date_joined, total_num_music, total_albums, listeners, bio, country_id, image) VALUES (10, 'Gizem Rüya', 'Black Metal', '2014-07-27', 60, 8, 5655669, 'A passionate artist creating Black Metal music.', 12, 'https://picsum.photos/id/125/150/150');
INSERT INTO ARTISTS (artist_id, name, genre, date_joined, total_num_music, total_albums, listeners, bio, country_id, image) VALUES (11, 'Kerem Tuba 1', 'Jazz', '2019-08-08', 36, 10, 8554714, 'A passionate artist creating Jazz music.', 20, 'https://picsum.photos/id/131/150/150');
INSERT INTO ARTISTS (artist_id, name, genre, date_joined, total_num_music, total_albums, listeners, bio, country_id, image) VALUES (12, 'Ata Burak', 'Black Metal', '2019-06-22', 80, 9, 6381537, 'A passionate artist creating Black Metal music.', 16, 'https://picsum.photos/id/126/150/150');
INSERT INTO ARTISTS (artist_id, name, genre, date_joined, total_num_music, total_albums, listeners, bio, country_id, image) VALUES (13, 'Arina Resul 1', 'Blues', '2011-01-16', 161, 13, 2983291, 'A passionate artist creating Blues music.', 7, 'https://picsum.photos/id/192/150/150');
INSERT INTO ARTISTS (artist_id, name, genre, date_joined, total_num_music, total_albums, listeners, bio, country_id, image) VALUES (14, 'Emircan Lale', 'Folk', '2010-06-16', 150, 3, 8687188, 'A passionate artist creating Folk music.', 2, 'https://picsum.photos/id/129/150/150');
INSERT INTO ARTISTS (artist_id, name, genre, date_joined, total_num_music, total_albums, listeners, bio, country_id, image) VALUES (15, 'Yasin Pelin', 'Rock', '2018-03-16', 193, 3, 9301634, 'A passionate artist creating Rock music.', 9, 'https://picsum.photos/id/194/150/150');
INSERT INTO ARTISTS (artist_id, name, genre, date_joined, total_num_music, total_albums, listeners, bio, country_id, image) VALUES (16, 'Yağmur Koray', 'Turkish Psychedelic', '2020-05-11', 159, 13, 7808611, 'A passionate artist creating Turkish Psychedelic music.', 20, 'https://picsum.photos/id/169/150/150');
INSERT INTO ARTISTS (artist_id, name, genre, date_joined, total_num_music, total_albums, listeners, bio, country_id, image) VALUES (17, 'Murat Burak', 'Rock', '2013-11-26', 74, 8, 9651552, 'A passionate artist creating Rock music.', 17, 'https://picsum.photos/id/174/150/150');
INSERT INTO ARTISTS (artist_id, name, genre, date_joined, total_num_music, total_albums, listeners, bio, country_id, image) VALUES (18, 'Vildan Merve 1', 'Gangsta Rap', '2014-05-05', 191, 13, 4659793, 'A passionate artist creating Gangsta Rap music.', 16, 'https://picsum.photos/id/134/150/150');
INSERT INTO ARTISTS (artist_id, name, genre, date_joined, total_num_music, total_albums, listeners, bio, country_id, image) VALUES (19, 'Rüya Merve', 'Black Metal', '2007-05-04', 89, 9, 8456456, 'A passionate artist creating Black Metal music.', 16, 'https://picsum.photos/id/130/150/150');
INSERT INTO ARTISTS (artist_id, name, genre, date_joined, total_num_music, total_albums, listeners, bio, country_id, image) VALUES (20, 'Volkan Resul', 'Black Metal', '2018-07-04', 82, 10, 8276448, 'A passionate artist creating Black Metal music.', 17, 'https://picsum.photos/id/163/150/150');
INSERT INTO ARTISTS (artist_id, name, genre, date_joined, total_num_music, total_albums, listeners, bio, country_id, image) VALUES (21, 'Mert Utku', 'Jazz', '2006-09-08', 188, 1, 1653701, 'A passionate artist creating Jazz music.', 2, 'https://picsum.photos/id/103/150/150');
INSERT INTO ARTISTS (artist_id, name, genre, date_joined, total_num_music, total_albums, listeners, bio, country_id, image) VALUES (22, 'Gizem Tugçe', 'Gangsta Rap', '2017-04-22', 150, 2, 6316791, 'A passionate artist creating Gangsta Rap music.', 20, 'https://picsum.photos/id/134/150/150');
INSERT INTO ARTISTS (artist_id, name, genre, date_joined, total_num_music, total_albums, listeners, bio, country_id, image) VALUES (23, 'Sefa Sefa', 'Pop', '2008-03-17', 75, 8, 2622107, 'A passionate artist creating Pop music.', 17, 'https://picsum.photos/id/165/150/150');
INSERT INTO ARTISTS (artist_id, name, genre, date_joined, total_num_music, total_albums, listeners, bio, country_id, image) VALUES (24, 'Salih Doruk', 'Barok', '2020-10-18', 105, 9, 8778130, 'A passionate artist creating Barok music.', 15, 'https://picsum.photos/id/126/150/150');
INSERT INTO ARTISTS (artist_id, name, genre, date_joined, total_num_music, total_albums, listeners, bio, country_id, image) VALUES (25, 'Vildan Merve 2', 'Turkish Psychedelic', '2016-04-05', 109, 9, 5673246, 'A passionate artist creating Turkish Psychedelic music.', 14, 'https://picsum.photos/id/189/150/150');
INSERT INTO ARTISTS (artist_id, name, genre, date_joined, total_num_music, total_albums, listeners, bio, country_id, image) VALUES (26, 'Mert Sefa', 'Turkish Folk', '2015-12-31', 36, 2, 1725062, 'A passionate artist creating Turkish Folk music.', 11, 'https://picsum.photos/id/173/150/150');
INSERT INTO ARTISTS (artist_id, name, genre, date_joined, total_num_music, total_albums, listeners, bio, country_id, image) VALUES (27, 'Can Serkan', 'Jazz', '2019-03-25', 54, 2, 5548928, 'A passionate artist creating Jazz music.', 11, 'https://picsum.photos/id/109/150/150');
INSERT INTO ARTISTS (artist_id, name, genre, date_joined, total_num_music, total_albums, listeners, bio, country_id, image) VALUES (28, 'Onur Kerem', 'Folk', '2006-03-28', 180, 15, 3098215, 'A passionate artist creating Folk music.', 3, 'https://picsum.photos/id/140/150/150');
INSERT INTO ARTISTS (artist_id, name, genre, date_joined, total_num_music, total_albums, listeners, bio, country_id, image) VALUES (29, 'Doruk Tugçe', 'Barok', '2005-08-16', 95, 12, 682602, 'A passionate artist creating Barok music.', 6, 'https://picsum.photos/id/143/150/150');
INSERT INTO ARTISTS (artist_id, name, genre, date_joined, total_num_music, total_albums, listeners, bio, country_id, image) VALUES (30, 'Mert Sefa 1', 'Folk', '2016-12-01', 159, 6, 7918159, 'A passionate artist creating Folk music.', 15, 'https://picsum.photos/id/106/150/150');
INSERT INTO ARTISTS (artist_id, name, genre, date_joined, total_num_music, total_albums, listeners, bio, country_id, image) VALUES (31, 'Volkan Resul 1', 'Alternative', '2022-07-13', 25, 9, 5096428, 'A passionate artist creating Alternative music.', 12, 'https://picsum.photos/id/156/150/150');
INSERT INTO ARTISTS (artist_id, name, genre, date_joined, total_num_music, total_albums, listeners, bio, country_id, image) VALUES (32, 'Sefa Merve', 'Reggae', '2022-06-13', 99, 11, 8504316, 'A passionate artist creating Reggae music.', 20, 'https://picsum.photos/id/159/150/150');
INSERT INTO ARTISTS (artist_id, name, genre, date_joined, total_num_music, total_albums, listeners, bio, country_id, image) VALUES (33, 'Safa Okan', 'Pop', '2015-03-22', 53, 8, 5870681, 'A passionate artist creating Pop music.', 7, 'https://picsum.photos/id/194/150/150');
INSERT INTO ARTISTS (artist_id, name, genre, date_joined, total_num_music, total_albums, listeners, bio, country_id, image) VALUES (34, 'Yasin Pelin 1', 'Black Metal', '2009-05-06', 28, 8, 6928649, 'A passionate artist creating Black Metal music.', 1, 'https://picsum.photos/id/137/150/150');
INSERT INTO ARTISTS (artist_id, name, genre, date_joined, total_num_music, total_albums, listeners, bio, country_id, image) VALUES (35, 'Bilge Utku', 'Rock', '2018-03-05', 65, 5, 4732965, 'A passionate artist creating Rock music.', 8, 'https://picsum.photos/id/190/150/150');
INSERT INTO ARTISTS (artist_id, name, genre, date_joined, total_num_music, total_albums, listeners, bio, country_id, image) VALUES (36, 'Arina Emircan', 'Country', '2021-02-02', 166, 11, 428447, 'A passionate artist creating Country music.', 4, 'https://picsum.photos/id/125/150/150');
INSERT INTO ARTISTS (artist_id, name, genre, date_joined, total_num_music, total_albums, listeners, bio, country_id, image) VALUES (37, 'Rüya Merve 1', 'Turkish Folk', '2007-12-27', 155, 4, 2959460, 'A passionate artist creating Turkish Folk music.', 1, 'https://picsum.photos/id/185/150/150');
INSERT INTO ARTISTS (artist_id, name, genre, date_joined, total_num_music, total_albums, listeners, bio, country_id, image) VALUES (38, 'Safa Okan 1', 'Turkish Psychedelic', '2021-10-18', 96, 6, 115416, 'A passionate artist creating Turkish Psychedelic music.', 7, 'https://picsum.photos/id/184/150/150');
INSERT INTO ARTISTS (artist_id, name, genre, date_joined, total_num_music, total_albums, listeners, bio, country_id, image) VALUES (39, 'Sefa Emircan', 'Country', '2016-02-08', 9, 7, 9368079, 'A passionate artist creating Country music.', 12, 'https://picsum.photos/id/190/150/150');
INSERT INTO ARTISTS (artist_id, name, genre, date_joined, total_num_music, total_albums, listeners, bio, country_id, image) VALUES (40, 'Ata Burak 1', 'Jazz', '2005-10-11', 8, 5, 8277139, 'A passionate artist creating Jazz music.', 11, 'https://picsum.photos/id/106/150/150');
INSERT INTO ARTISTS (artist_id, name, genre, date_joined, total_num_music, total_albums, listeners, bio, country_id, image) VALUES (41, 'Vildan Yasin', 'Reggae', '2015-05-09', 136, 5, 2450419, 'A passionate artist creating Reggae music.', 2, 'https://picsum.photos/id/112/150/150');
INSERT INTO ARTISTS (artist_id, name, genre, date_joined, total_num_music, total_albums, listeners, bio, country_id, image) VALUES (42, 'Safa Okan 2', 'Reggae', '2014-11-21', 104, 9, 4120325, 'A passionate artist creating Reggae music.', 12, 'https://picsum.photos/id/121/150/150');
INSERT INTO ARTISTS (artist_id, name, genre, date_joined, total_num_music, total_albums, listeners, bio, country_id, image) VALUES (43, 'Volkan Burak', 'Pop', '2015-10-08', 110, 14, 7591568, 'A passionate artist creating Pop music.', 11, 'https://picsum.photos/id/124/150/150');
INSERT INTO ARTISTS (artist_id, name, genre, date_joined, total_num_music, total_albums, listeners, bio, country_id, image) VALUES (44, 'Mert Can', 'Barok', '2021-12-12', 191, 15, 4752910, 'A passionate artist creating Barok music.', 14, 'https://picsum.photos/id/111/150/150');
INSERT INTO ARTISTS (artist_id, name, genre, date_joined, total_num_music, total_albums, listeners, bio, country_id, image) VALUES (45, 'Kerem Yağmur', 'Pop', '2009-11-22', 17, 7, 9259775, 'A passionate artist creating Pop music.', 1, 'https://picsum.photos/id/149/150/150');
INSERT INTO ARTISTS (artist_id, name, genre, date_joined, total_num_music, total_albums, listeners, bio, country_id, image) VALUES (46, 'Resul Okan', 'Rock', '2016-07-13', 168, 4, 8638419, 'A passionate artist creating Rock music.', 13, 'https://picsum.photos/id/102/150/150');
INSERT INTO ARTISTS (artist_id, name, genre, date_joined, total_num_music, total_albums, listeners, bio, country_id, image) VALUES (47, 'Tuba Okan', 'Barok', '2005-04-28', 43, 15, 8219726, 'A passionate artist creating Barok music.', 8, 'https://picsum.photos/id/147/150/150');
INSERT INTO ARTISTS (artist_id, name, genre, date_joined, total_num_music, total_albums, listeners, bio, country_id, image) VALUES (48, 'Gizem Vildan', 'Pop', '2016-01-18', 37, 8, 3371815, 'A passionate artist creating Pop music.', 11, 'https://picsum.photos/id/131/150/150');
INSERT INTO ARTISTS (artist_id, name, genre, date_joined, total_num_music, total_albums, listeners, bio, country_id, image) VALUES (49, 'Salih Emircan', 'Alternative', '2005-01-05', 158, 9, 2841072, 'A passionate artist creating Alternative music.', 6, 'https://picsum.photos/id/125/150/150');
INSERT INTO ARTISTS (artist_id, name, genre, date_joined, total_num_music, total_albums, listeners, bio, country_id, image) VALUES (50, 'Volkan Resul 2', 'Alternative', '2016-07-22', 189, 5, 607240, 'A passionate artist creating Alternative music.', 13, 'https://picsum.photos/id/119/150/150');
INSERT INTO ARTISTS (artist_id, name, genre, date_joined, total_num_music, total_albums, listeners, bio, country_id, image) VALUES (51, 'Umut Onur', 'Folk', '2018-09-10', 137, 2, 391953, 'A passionate artist creating Folk music.', 12, 'https://picsum.photos/id/132/150/150');
INSERT INTO ARTISTS (artist_id, name, genre, date_joined, total_num_music, total_albums, listeners, bio, country_id, image) VALUES (52, 'Elif Tugçe', 'Turkish Psychedelic', '2006-03-03', 71, 3, 9258513, 'A passionate artist creating Turkish Psychedelic music.', 13, 'https://picsum.photos/id/181/150/150');
INSERT INTO ARTISTS (artist_id, name, genre, date_joined, total_num_music, total_albums, listeners, bio, country_id, image) VALUES (53, 'Elif Nisa', 'Country', '2020-09-30', 123, 12, 7682681, 'A passionate artist creating Country music.', 5, 'https://picsum.photos/id/118/150/150');
INSERT INTO ARTISTS (artist_id, name, genre, date_joined, total_num_music, total_albums, listeners, bio, country_id, image) VALUES (54, 'Utku Utku', 'Pop', '2017-11-29', 188, 12, 6956775, 'A passionate artist creating Pop music.', 9, 'https://picsum.photos/id/182/150/150');
INSERT INTO ARTISTS (artist_id, name, genre, date_joined, total_num_music, total_albums, listeners, bio, country_id, image) VALUES (55, 'Okan Resul', 'Turkish Rock', '2018-06-02', 112, 6, 3869805, 'A passionate artist creating Turkish Rock music.', 1, 'https://picsum.photos/id/166/150/150');
INSERT INTO ARTISTS (artist_id, name, genre, date_joined, total_num_music, total_albums, listeners, bio, country_id, image) VALUES (56, 'Doruk Tugçe 1', 'Turkish Rock', '2011-08-15', 85, 9, 4401833, 'A passionate artist creating Turkish Rock music.', 11, 'https://picsum.photos/id/167/150/150');
INSERT INTO ARTISTS (artist_id, name, genre, date_joined, total_num_music, total_albums, listeners, bio, country_id, image) VALUES (57, 'Nisa Rüya 1', 'Barok', '2022-10-07', 67, 2, 2129163, 'A passionate artist creating Barok music.', 1, 'https://picsum.photos/id/159/150/150');
INSERT INTO ARTISTS (artist_id, name, genre, date_joined, total_num_music, total_albums, listeners, bio, country_id, image) VALUES (58, 'Pelin Serkan', 'Turkish Rock', '2019-12-29', 47, 11, 3541020, 'A passionate artist creating Turkish Rock music.', 20, 'https://picsum.photos/id/191/150/150');
INSERT INTO ARTISTS (artist_id, name, genre, date_joined, total_num_music, total_albums, listeners, bio, country_id, image) VALUES (59, 'Ata Burak 2', 'Alternative', '2008-09-04', 198, 11, 2450673, 'A passionate artist creating Alternative music.', 20, 'https://picsum.photos/id/162/150/150');
INSERT INTO ARTISTS (artist_id, name, genre, date_joined, total_num_music, total_albums, listeners, bio, country_id, image) VALUES (60, 'Salih Doruk 1', 'Reggae', '2011-08-04', 56, 8, 1336035, 'A passionate artist creating Reggae music.', 8, 'https://picsum.photos/id/104/150/150');
INSERT INTO ARTISTS (artist_id, name, genre, date_joined, total_num_music, total_albums, listeners, bio, country_id, image) VALUES (61, 'Onur Zeynep 1', 'Jazz', '2007-09-23', 27, 15, 5914968, 'A passionate artist creating Jazz music.', 2, 'https://picsum.photos/id/180/150/150');
INSERT INTO ARTISTS (artist_id, name, genre, date_joined, total_num_music, total_albums, listeners, bio, country_id, image) VALUES (62, 'Mert Can 1', 'Turkish Psychedelic', '2021-09-14', 139, 13, 7924164, 'A passionate artist creating Turkish Psychedelic music.', 19, 'https://picsum.photos/id/200/150/150');
INSERT INTO ARTISTS (artist_id, name, genre, date_joined, total_num_music, total_albums, listeners, bio, country_id, image) VALUES (63, 'Kaan Onur 1', 'Country', '2019-05-11', 37, 5, 1053276, 'A passionate artist creating Country music.', 16, 'https://picsum.photos/id/171/150/150');
INSERT INTO ARTISTS (artist_id, name, genre, date_joined, total_num_music, total_albums, listeners, bio, country_id, image) VALUES (64, 'Doruk Tugçe 2', 'Country', '2008-09-29', 35, 2, 4148264, 'A passionate artist creating Country music.', 2, 'https://picsum.photos/id/156/150/150');
INSERT INTO ARTISTS (artist_id, name, genre, date_joined, total_num_music, total_albums, listeners, bio, country_id, image) VALUES (65, 'Doruk Yağmur', 'Turkish Psychedelic', '2010-08-11', 29, 5, 1582593, 'A passionate artist creating Turkish Psychedelic music.', 8, 'https://picsum.photos/id/149/150/150');
INSERT INTO ARTISTS (artist_id, name, genre, date_joined, total_num_music, total_albums, listeners, bio, country_id, image) VALUES (66, 'Salih Emircan 1', 'Turkish Folk', '2016-02-06', 30, 6, 5135135, 'A passionate artist creating Turkish Folk music.', 16, 'https://picsum.photos/id/179/150/150');
INSERT INTO ARTISTS (artist_id, name, genre, date_joined, total_num_music, total_albums, listeners, bio, country_id, image) VALUES (67, 'Volkan Merve', 'Rock', '2008-11-10', 19, 14, 6645663, 'A passionate artist creating Rock music.', 6, 'https://picsum.photos/id/167/150/150');
INSERT INTO ARTISTS (artist_id, name, genre, date_joined, total_num_music, total_albums, listeners, bio, country_id, image) VALUES (68, 'Emir Emir', 'Turkish Rock', '2018-12-21', 131, 6, 1697762, 'A passionate artist creating Turkish Rock music.', 11, 'https://picsum.photos/id/188/150/150');
INSERT INTO ARTISTS (artist_id, name, genre, date_joined, total_num_music, total_albums, listeners, bio, country_id, image) VALUES (69, 'Rüya Koray', 'Turkish Rock', '2010-03-30', 124, 1, 1805971, 'A passionate artist creating Turkish Rock music.', 4, 'https://picsum.photos/id/169/150/150');
INSERT INTO ARTISTS (artist_id, name, genre, date_joined, total_num_music, total_albums, listeners, bio, country_id, image) VALUES (70, 'Onur Kerem 1', 'Indie', '2019-07-12', 110, 6, 2937590, 'A passionate artist creating Indie music.', 20, 'https://picsum.photos/id/184/150/150');
INSERT INTO ARTISTS (artist_id, name, genre, date_joined, total_num_music, total_albums, listeners, bio, country_id, image) VALUES (71, 'Tugçe Okan', 'Indie', '2019-11-02', 93, 1, 3434470, 'A passionate artist creating Indie music.', 6, 'https://picsum.photos/id/124/150/150');
INSERT INTO ARTISTS (artist_id, name, genre, date_joined, total_num_music, total_albums, listeners, bio, country_id, image) VALUES (72, 'Tuba Okan 1', 'Turkish Rock', '2021-12-02', 119, 11, 5106241, 'A passionate artist creating Turkish Rock music.', 9, 'https://picsum.photos/id/189/150/150');
INSERT INTO ARTISTS (artist_id, name, genre, date_joined, total_num_music, total_albums, listeners, bio, country_id, image) VALUES (73, 'Serkan Bilge', 'Turkish Folk', '2011-03-17', 97, 12, 9561458, 'A passionate artist creating Turkish Folk music.', 19, 'https://picsum.photos/id/116/150/150');
INSERT INTO ARTISTS (artist_id, name, genre, date_joined, total_num_music, total_albums, listeners, bio, country_id, image) VALUES (74, 'Elif Yasin', 'Blues', '2021-10-19', 145, 4, 4088943, 'A passionate artist creating Blues music.', 17, 'https://picsum.photos/id/104/150/150');
INSERT INTO ARTISTS (artist_id, name, genre, date_joined, total_num_music, total_albums, listeners, bio, country_id, image) VALUES (75, 'Okan Okan', 'Folk', '2022-02-11', 99, 11, 7962110, 'A passionate artist creating Folk music.', 14, 'https://picsum.photos/id/117/150/150');
INSERT INTO ARTISTS (artist_id, name, genre, date_joined, total_num_music, total_albums, listeners, bio, country_id, image) VALUES (76, 'Murat Burak 1', 'Indie', '2008-11-18', 74, 14, 1521180, 'A passionate artist creating Indie music.', 19, 'https://picsum.photos/id/140/150/150');
INSERT INTO ARTISTS (artist_id, name, genre, date_joined, total_num_music, total_albums, listeners, bio, country_id, image) VALUES (77, 'Salih Onur', 'Rock', '2020-07-29', 90, 1, 5819406, 'A passionate artist creating Rock music.', 14, 'https://picsum.photos/id/144/150/150');
INSERT INTO ARTISTS (artist_id, name, genre, date_joined, total_num_music, total_albums, listeners, bio, country_id, image) VALUES (78, 'Kaan Lale', 'Jazz', '2021-02-09', 40, 12, 9407622, 'A passionate artist creating Jazz music.', 8, 'https://picsum.photos/id/200/150/150');
INSERT INTO ARTISTS (artist_id, name, genre, date_joined, total_num_music, total_albums, listeners, bio, country_id, image) VALUES (79, 'Okan Arina', 'Pop', '2015-01-12', 126, 4, 4081632, 'A passionate artist creating Pop music.', 3, 'https://picsum.photos/id/166/150/150');
INSERT INTO ARTISTS (artist_id, name, genre, date_joined, total_num_music, total_albums, listeners, bio, country_id, image) VALUES (80, 'Bilge Utku 1', 'Jazz', '2009-03-11', 51, 13, 4808225, 'A passionate artist creating Jazz music.', 9, 'https://picsum.photos/id/191/150/150');
INSERT INTO ARTISTS (artist_id, name, genre, date_joined, total_num_music, total_albums, listeners, bio, country_id, image) VALUES (81, 'Kerem Tuba 2', 'Turkish Folk', '2009-07-26', 104, 11, 4260865, 'A passionate artist creating Turkish Folk music.', 12, 'https://picsum.photos/id/129/150/150');
INSERT INTO ARTISTS (artist_id, name, genre, date_joined, total_num_music, total_albums, listeners, bio, country_id, image) VALUES (82, 'Kaan Lale 1', 'Alternative', '2008-08-09', 156, 15, 8187811, 'A passionate artist creating Alternative music.', 12, 'https://picsum.photos/id/193/150/150');
INSERT INTO ARTISTS (artist_id, name, genre, date_joined, total_num_music, total_albums, listeners, bio, country_id, image) VALUES (83, 'Okan Emir', 'Jazz', '2013-05-12', 180, 1, 6740075, 'A passionate artist creating Jazz music.', 3, 'https://picsum.photos/id/112/150/150');
INSERT INTO ARTISTS (artist_id, name, genre, date_joined, total_num_music, total_albums, listeners, bio, country_id, image) VALUES (84, 'Gizem Okan', 'Barok', '2014-05-01', 169, 12, 8487853, 'A passionate artist creating Barok music.', 6, 'https://picsum.photos/id/103/150/150');
INSERT INTO ARTISTS (artist_id, name, genre, date_joined, total_num_music, total_albums, listeners, bio, country_id, image) VALUES (85, 'Doruk Tugçe 3', 'Turkish Folk', '2008-03-11', 153, 9, 1440379, 'A passionate artist creating Turkish Folk music.', 19, 'https://picsum.photos/id/177/150/150');
INSERT INTO ARTISTS (artist_id, name, genre, date_joined, total_num_music, total_albums, listeners, bio, country_id, image) VALUES (86, 'Utku Onur', 'Folk', '2007-10-16', 105, 8, 2897568, 'A passionate artist creating Folk music.', 20, 'https://picsum.photos/id/173/150/150');
INSERT INTO ARTISTS (artist_id, name, genre, date_joined, total_num_music, total_albums, listeners, bio, country_id, image) VALUES (87, 'Safa Mert', 'Pop', '2011-02-14', 142, 7, 5131519, 'A passionate artist creating Pop music.', 2, 'https://picsum.photos/id/172/150/150');
INSERT INTO ARTISTS (artist_id, name, genre, date_joined, total_num_music, total_albums, listeners, bio, country_id, image) VALUES (88, 'Yasin Pelin 2', 'Turkish Rock', '2021-11-16', 45, 3, 5116955, 'A passionate artist creating Turkish Rock music.', 17, 'https://picsum.photos/id/182/150/150');
INSERT INTO ARTISTS (artist_id, name, genre, date_joined, total_num_music, total_albums, listeners, bio, country_id, image) VALUES (89, 'Resul Okan 1', 'Black Metal', '2014-03-08', 127, 13, 9857338, 'A passionate artist creating Black Metal music.', 3, 'https://picsum.photos/id/106/150/150');
INSERT INTO ARTISTS (artist_id, name, genre, date_joined, total_num_music, total_albums, listeners, bio, country_id, image) VALUES (90, 'Nisa Okan', 'Alternative', '2006-10-14', 31, 6, 5303334, 'A passionate artist creating Alternative music.', 7, 'https://picsum.photos/id/169/150/150');
INSERT INTO ARTISTS (artist_id, name, genre, date_joined, total_num_music, total_albums, listeners, bio, country_id, image) VALUES (91, 'Nisa Pelin', 'Alternative', '2016-09-05', 160, 11, 8902171, 'A passionate artist creating Alternative music.', 7, 'https://picsum.photos/id/177/150/150');
INSERT INTO ARTISTS (artist_id, name, genre, date_joined, total_num_music, total_albums, listeners, bio, country_id, image) VALUES (92, 'Nisa Rüya 2', 'Blues', '2012-02-02', 161, 4, 8085100, 'A passionate artist creating Blues music.', 8, 'https://picsum.photos/id/171/150/150');
INSERT INTO ARTISTS (artist_id, name, genre, date_joined, total_num_music, total_albums, listeners, bio, country_id, image) VALUES (93, 'Elif Tugçe 1', 'Reggae', '2020-09-28', 42, 7, 6672425, 'A passionate artist creating Reggae music.', 12, 'https://picsum.photos/id/170/150/150');
INSERT INTO ARTISTS (artist_id, name, genre, date_joined, total_num_music, total_albums, listeners, bio, country_id, image) VALUES (94, 'Ata Burak 3', 'Alternative', '2018-03-07', 90, 2, 6947414, 'A passionate artist creating Alternative music.', 7, 'https://picsum.photos/id/108/150/150');
INSERT INTO ARTISTS (artist_id, name, genre, date_joined, total_num_music, total_albums, listeners, bio, country_id, image) VALUES (95, 'Rüya Koray 1', 'Turkish Psychedelic', '2011-08-21', 190, 2, 3863772, 'A passionate artist creating Turkish Psychedelic music.', 18, 'https://picsum.photos/id/150/150/150');
INSERT INTO ARTISTS (artist_id, name, genre, date_joined, total_num_music, total_albums, listeners, bio, country_id, image) VALUES (96, 'Volkan Burak 1', 'Rock', '2022-01-25', 97, 5, 7504431, 'A passionate artist creating Rock music.', 14, 'https://picsum.photos/id/105/150/150');
INSERT INTO ARTISTS (artist_id, name, genre, date_joined, total_num_music, total_albums, listeners, bio, country_id, image) VALUES (97, 'Salih Emircan 2', 'Turkish Psychedelic', '2009-07-03', 6, 2, 6949137, 'A passionate artist creating Turkish Psychedelic music.', 8, 'https://picsum.photos/id/119/150/150');
INSERT INTO ARTISTS (artist_id, name, genre, date_joined, total_num_music, total_albums, listeners, bio, country_id, image) VALUES (98, 'Tuba Okan 2', 'Barok', '2013-02-23', 170, 9, 6305922, 'A passionate artist creating Barok music.', 20, 'https://picsum.photos/id/179/150/150');
INSERT INTO ARTISTS (artist_id, name, genre, date_joined, total_num_music, total_albums, listeners, bio, country_id, image) VALUES (99, 'Can Serkan 1', 'Black Metal', '2007-11-07', 185, 13, 3652681, 'A passionate artist creating Black Metal music.', 16, 'https://picsum.photos/id/148/150/150');
INSERT INTO ARTISTS (artist_id, name, genre, date_joined, total_num_music, total_albums, listeners, bio, country_id, image) VALUES (100, 'Yasin Pelin 3', 'Turkish Rock', '2017-02-28', 182, 7, 9063273, 'A passionate artist creating Turkish Rock music.', 7, 'https://picsum.photos/id/154/150/150');

-- ALBUMS Data --
INSERT INTO ALBUMS (album_id, artist_id, name, release_date, genre, music_number, image) VALUES (1, 36, 'Album 29lm5FDc', '2014-11-11', 'Jazz', 18, 'https://picsum.photos/id/245/200/200');
INSERT INTO ALBUMS (album_id, artist_id, name, release_date, genre, music_number, image) VALUES (2, 1, 'Album OPJs27GR', '2008-06-12', 'Alternative', 17, 'https://picsum.photos/id/265/200/200');
INSERT INTO ALBUMS (album_id, artist_id, name, release_date, genre, music_number, image) VALUES (3, 39, 'Album tY76PCDb', '2021-02-28', 'Reggae', 16, 'https://picsum.photos/id/246/200/200');
INSERT INTO ALBUMS (album_id, artist_id, name, release_date, genre, music_number, image) VALUES (4, 96, 'Album mRIyRcT5', '2009-05-12', 'Turkish Folk', 8, 'https://picsum.photos/id/228/200/200');
INSERT INTO ALBUMS (album_id, artist_id, name, release_date, genre, music_number, image) VALUES (5, 87, 'Album cfsBkTbk', '2015-08-14', 'Barok', 12, 'https://picsum.photos/id/203/200/200');
INSERT INTO ALBUMS (album_id, artist_id, name, release_date, genre, music_number, image) VALUES (6, 97, 'Album 5863oAs0', '2022-01-19', 'Turkish Folk', 12, 'https://picsum.photos/id/291/200/200');
INSERT INTO ALBUMS (album_id, artist_id, name, release_date, genre, music_number, image) VALUES (7, 20, 'Album hChhxmtA', '2013-01-03', 'Indie', 5, 'https://picsum.photos/id/266/200/200');
INSERT INTO ALBUMS (album_id, artist_id, name, release_date, genre, music_number, image) VALUES (8, 3, 'Album pllJOUsM', '2023-03-28', 'Black Metal', 13, 'https://picsum.photos/id/260/200/200');
INSERT INTO ALBUMS (album_id, artist_id, name, release_date, genre, music_number, image) VALUES (9, 29, 'Album inEGE51n', '2022-02-08', 'Country', 10, 'https://picsum.photos/id/284/200/200');
INSERT INTO ALBUMS (album_id, artist_id, name, release_date, genre, music_number, image) VALUES (10, 11, 'Album BiAmk7l9', '2012-08-17', 'Black Metal', 9, 'https://picsum.photos/id/274/200/200');
INSERT INTO ALBUMS (album_id, artist_id, name, release_date, genre, music_number, image) VALUES (11, 46, 'Album WopULQcZ', '2009-02-02', 'Jazz', 8, 'https://picsum.photos/id/291/200/200');
INSERT INTO ALBUMS (album_id, artist_id, name, release_date, genre, music_number, image) VALUES (12, 3, 'Album CoMfKkZZ', '2009-02-12', 'Turkish Folk', 14, 'https://picsum.photos/id/240/200/200');
INSERT INTO ALBUMS (album_id, artist_id, name, release_date, genre, music_number, image) VALUES (13, 21, 'Album FFj3Km5f', '2020-06-12', 'Black Metal', 18, 'https://picsum.photos/id/274/200/200');
INSERT INTO ALBUMS (album_id, artist_id, name, release_date, genre, music_number, image) VALUES (14, 55, 'Album J7y3b1PI', '2015-07-11', 'Alternative', 6, 'https://picsum.photos/id/290/200/200');
INSERT INTO ALBUMS (album_id, artist_id, name, release_date, genre, music_number, image) VALUES (15, 46, 'Album FGG4ZQRF', '2009-10-28', 'Blues', 13, 'https://picsum.photos/id/290/200/200');
INSERT INTO ALBUMS (album_id, artist_id, name, release_date, genre, music_number, image) VALUES (16, 4, 'Album 04lsMzW4', '2015-01-08', 'Rock', 10, 'https://picsum.photos/id/202/200/200');
INSERT INTO ALBUMS (album_id, artist_id, name, release_date, genre, music_number, image) VALUES (17, 50, 'Album QY8ZV0rP', '2013-07-31', 'Pop', 13, 'https://picsum.photos/id/264/200/200');
INSERT INTO ALBUMS (album_id, artist_id, name, release_date, genre, music_number, image) VALUES (18, 98, 'Album j2myWbPb', '2012-09-13', 'Country', 17, 'https://picsum.photos/id/281/200/200');
INSERT INTO ALBUMS (album_id, artist_id, name, release_date, genre, music_number, image) VALUES (19, 93, 'Album nDvf0XLW', '2023-09-16', 'Indie', 15, 'https://picsum.photos/id/237/200/200');
INSERT INTO ALBUMS (album_id, artist_id, name, release_date, genre, music_number, image) VALUES (20, 3, 'Album YKPLb1Y3', '2014-06-05', 'Jazz', 14, 'https://picsum.photos/id/219/200/200');
INSERT INTO ALBUMS (album_id, artist_id, name, release_date, genre, music_number, image) VALUES (21, 41, 'Album bXKKkZNn', '2014-05-07', 'Turkish Psychedelic', 5, 'https://picsum.photos/id/268/200/200');
INSERT INTO ALBUMS (album_id, artist_id, name, release_date, genre, music_number, image) VALUES (22, 89, 'Album ZaKM6Vch', '2010-03-30', 'Turkish Rock', 15, 'https://picsum.photos/id/294/200/200');
INSERT INTO ALBUMS (album_id, artist_id, name, release_date, genre, music_number, image) VALUES (23, 16, 'Album aUxA8iCU', '2022-01-25', 'Turkish Rock', 18, 'https://picsum.photos/id/297/200/200');
INSERT INTO ALBUMS (album_id, artist_id, name, release_date, genre, music_number, image) VALUES (24, 22, 'Album N4JiDRQn', '2023-12-23', 'Gangsta Rap', 7, 'https://picsum.photos/id/241/200/200');
INSERT INTO ALBUMS (album_id, artist_id, name, release_date, genre, music_number, image) VALUES (25, 36, 'Album KzSG5C0l', '2008-10-10', 'Country', 19, 'https://picsum.photos/id/254/200/200');
INSERT INTO ALBUMS (album_id, artist_id, name, release_date, genre, music_number, image) VALUES (26, 71, 'Album Yd6Q2LHu', '2012-06-05', 'Turkish Folk', 5, 'https://picsum.photos/id/292/200/200');
INSERT INTO ALBUMS (album_id, artist_id, name, release_date, genre, music_number, image) VALUES (27, 48, 'Album AAatF85D', '2023-11-01', 'Folk', 17, 'https://picsum.photos/id/233/200/200');
INSERT INTO ALBUMS (album_id, artist_id, name, release_date, genre, music_number, image) VALUES (28, 54, 'Album Ig9mn1dQ', '2023-04-07', 'Gangsta Rap', 7, 'https://picsum.photos/id/207/200/200');
INSERT INTO ALBUMS (album_id, artist_id, name, release_date, genre, music_number, image) VALUES (29, 96, 'Album koDxCBHR', '2013-11-20', 'Jazz', 5, 'https://picsum.photos/id/237/200/200');
INSERT INTO ALBUMS (album_id, artist_id, name, release_date, genre, music_number, image) VALUES (30, 61, 'Album u6jiTSyu', '2008-04-19', 'Blues', 8, 'https://picsum.photos/id/202/200/200');
INSERT INTO ALBUMS (album_id, artist_id, name, release_date, genre, music_number, image) VALUES (31, 63, 'Album xryB7iZ5', '2009-03-30', 'Indie', 13, 'https://picsum.photos/id/276/200/200');
INSERT INTO ALBUMS (album_id, artist_id, name, release_date, genre, music_number, image) VALUES (32, 7, 'Album h8t0vb7y', '2018-09-06', 'Rock', 5, 'https://picsum.photos/id/289/200/200');
INSERT INTO ALBUMS (album_id, artist_id, name, release_date, genre, music_number, image) VALUES (33, 23, 'Album aTHcMOrB', '2008-04-18', 'Barok', 16, 'https://picsum.photos/id/246/200/200');
INSERT INTO ALBUMS (album_id, artist_id, name, release_date, genre, music_number, image) VALUES (34, 43, 'Album 2QfQMkJy', '2016-04-04', 'Black Metal', 18, 'https://picsum.photos/id/234/200/200');
INSERT INTO ALBUMS (album_id, artist_id, name, release_date, genre, music_number, image) VALUES (35, 95, 'Album n1i5Cbs7', '2014-03-01', 'Barok', 12, 'https://picsum.photos/id/277/200/200');
INSERT INTO ALBUMS (album_id, artist_id, name, release_date, genre, music_number, image) VALUES (36, 10, 'Album YD9ei1zj', '2016-06-17', 'Turkish Rock', 11, 'https://picsum.photos/id/272/200/200');
INSERT INTO ALBUMS (album_id, artist_id, name, release_date, genre, music_number, image) VALUES (37, 9, 'Album yFZRf6j3', '2014-07-30', 'Turkish Rock', 16, 'https://picsum.photos/id/208/200/200');
INSERT INTO ALBUMS (album_id, artist_id, name, release_date, genre, music_number, image) VALUES (38, 19, 'Album ylcZXgyn', '2016-01-01', 'Turkish Psychedelic', 20, 'https://picsum.photos/id/224/200/200');
INSERT INTO ALBUMS (album_id, artist_id, name, release_date, genre, music_number, image) VALUES (39, 79, 'Album XenkuEiI', '2014-08-14', 'Turkish Rock', 7, 'https://picsum.photos/id/259/200/200');
INSERT INTO ALBUMS (album_id, artist_id, name, release_date, genre, music_number, image) VALUES (40, 81, 'Album cWjed2KZ', '2013-11-29', 'Rock', 18, 'https://picsum.photos/id/207/200/200');
INSERT INTO ALBUMS (album_id, artist_id, name, release_date, genre, music_number, image) VALUES (41, 44, 'Album gzWDwkn0', '2008-02-27', 'Country', 16, 'https://picsum.photos/id/247/200/200');
INSERT INTO ALBUMS (album_id, artist_id, name, release_date, genre, music_number, image) VALUES (42, 48, 'Album 9iKhGnpD', '2014-01-31', 'Alternative', 10, 'https://picsum.photos/id/227/200/200');
INSERT INTO ALBUMS (album_id, artist_id, name, release_date, genre, music_number, image) VALUES (43, 27, 'Album tC6ae96n', '2012-07-31', 'Indie', 10, 'https://picsum.photos/id/263/200/200');
INSERT INTO ALBUMS (album_id, artist_id, name, release_date, genre, music_number, image) VALUES (44, 46, 'Album QQDgZcB4', '2008-05-24', 'Pop', 16, 'https://picsum.photos/id/296/200/200');
INSERT INTO ALBUMS (album_id, artist_id, name, release_date, genre, music_number, image) VALUES (45, 10, 'Album 4VgCDRPE', '2018-12-12', 'Barok', 9, 'https://picsum.photos/id/293/200/200');
INSERT INTO ALBUMS (album_id, artist_id, name, release_date, genre, music_number, image) VALUES (46, 35, 'Album 87K124Ie', '2012-02-23', 'Blues', 16, 'https://picsum.photos/id/203/200/200');
INSERT INTO ALBUMS (album_id, artist_id, name, release_date, genre, music_number, image) VALUES (47, 91, 'Album ZdOxytGW', '2022-06-21', 'Blues', 18, 'https://picsum.photos/id/207/200/200');
INSERT INTO ALBUMS (album_id, artist_id, name, release_date, genre, music_number, image) VALUES (48, 34, 'Album IGnUadk4', '2008-09-25', 'Alternative', 16, 'https://picsum.photos/id/294/200/200');
INSERT INTO ALBUMS (album_id, artist_id, name, release_date, genre, music_number, image) VALUES (49, 82, 'Album 3DZvcJoK', '2016-06-25', 'Blues', 15, 'https://picsum.photos/id/294/200/200');
INSERT INTO ALBUMS (album_id, artist_id, name, release_date, genre, music_number, image) VALUES (50, 63, 'Album d0YzHyEv', '2014-05-04', 'Barok', 18, 'https://picsum.photos/id/281/200/200');
INSERT INTO ALBUMS (album_id, artist_id, name, release_date, genre, music_number, image) VALUES (51, 52, 'Album wTXuT72X', '2019-04-18', 'Black Metal', 10, 'https://picsum.photos/id/266/200/200');
INSERT INTO ALBUMS (album_id, artist_id, name, release_date, genre, music_number, image) VALUES (52, 3, 'Album trbLLddM', '2018-04-14', 'Folk', 17, 'https://picsum.photos/id/245/200/200');
INSERT INTO ALBUMS (album_id, artist_id, name, release_date, genre, music_number, image) VALUES (53, 23, 'Album yA3RR8rO', '2023-01-03', 'Gangsta Rap', 12, 'https://picsum.photos/id/256/200/200');
INSERT INTO ALBUMS (album_id, artist_id, name, release_date, genre, music_number, image) VALUES (54, 9, 'Album B4hHQ6XW', '2014-03-30', 'Gangsta Rap', 8, 'https://picsum.photos/id/249/200/200');
INSERT INTO ALBUMS (album_id, artist_id, name, release_date, genre, music_number, image) VALUES (55, 9, 'Album sQPqvrfp', '2016-08-25', 'Rock', 8, 'https://picsum.photos/id/299/200/200');
INSERT INTO ALBUMS (album_id, artist_id, name, release_date, genre, music_number, image) VALUES (56, 38, 'Album EkiOHsAP', '2019-10-17', 'Pop', 6, 'https://picsum.photos/id/289/200/200');
INSERT INTO ALBUMS (album_id, artist_id, name, release_date, genre, music_number, image) VALUES (57, 45, 'Album rT8SubU5', '2012-12-26', 'Indie', 16, 'https://picsum.photos/id/250/200/200');
INSERT INTO ALBUMS (album_id, artist_id, name, release_date, genre, music_number, image) VALUES (58, 34, 'Album 5KV1GNEC', '2021-05-09', 'Reggae', 16, 'https://picsum.photos/id/249/200/200');
INSERT INTO ALBUMS (album_id, artist_id, name, release_date, genre, music_number, image) VALUES (59, 41, 'Album gjWFLE0u', '2012-06-20', 'Pop', 10, 'https://picsum.photos/id/274/200/200');
INSERT INTO ALBUMS (album_id, artist_id, name, release_date, genre, music_number, image) VALUES (60, 18, 'Album IgMaZlSL', '2023-11-03', 'Gangsta Rap', 13, 'https://picsum.photos/id/217/200/200');
INSERT INTO ALBUMS (album_id, artist_id, name, release_date, genre, music_number, image) VALUES (61, 82, 'Album DljL6un0', '2008-02-28', 'Pop', 15, 'https://picsum.photos/id/272/200/200');
INSERT INTO ALBUMS (album_id, artist_id, name, release_date, genre, music_number, image) VALUES (62, 22, 'Album B4XuFeli', '2011-10-16', 'Blues', 7, 'https://picsum.photos/id/221/200/200');
INSERT INTO ALBUMS (album_id, artist_id, name, release_date, genre, music_number, image) VALUES (63, 21, 'Album 05JuNtz9', '2022-12-08', 'Country', 6, 'https://picsum.photos/id/235/200/200');
INSERT INTO ALBUMS (album_id, artist_id, name, release_date, genre, music_number, image) VALUES (64, 54, 'Album 6DfQXC7v', '2015-03-02', 'Rock', 13, 'https://picsum.photos/id/226/200/200');
INSERT INTO ALBUMS (album_id, artist_id, name, release_date, genre, music_number, image) VALUES (65, 45, 'Album wO0qP8J8', '2017-03-23', 'Turkish Folk', 13, 'https://picsum.photos/id/269/200/200');
INSERT INTO ALBUMS (album_id, artist_id, name, release_date, genre, music_number, image) VALUES (66, 53, 'Album LSOqulSE', '2021-04-16', 'Country', 6, 'https://picsum.photos/id/282/200/200');
INSERT INTO ALBUMS (album_id, artist_id, name, release_date, genre, music_number, image) VALUES (67, 43, 'Album Hr25BuEf', '2020-08-06', 'Alternative', 11, 'https://picsum.photos/id/249/200/200');
INSERT INTO ALBUMS (album_id, artist_id, name, release_date, genre, music_number, image) VALUES (68, 36, 'Album bEpwmClJ', '2024-03-14', 'Rock', 15, 'https://picsum.photos/id/287/200/200');
INSERT INTO ALBUMS (album_id, artist_id, name, release_date, genre, music_number, image) VALUES (69, 48, 'Album 752ysco5', '2013-07-02', 'Alternative', 18, 'https://picsum.photos/id/254/200/200');
INSERT INTO ALBUMS (album_id, artist_id, name, release_date, genre, music_number, image) VALUES (70, 98, 'Album EdEc49tp', '2017-05-25', 'Barok', 15, 'https://picsum.photos/id/265/200/200');
INSERT INTO ALBUMS (album_id, artist_id, name, release_date, genre, music_number, image) VALUES (71, 93, 'Album vdIx0aeL', '2009-03-07', 'Barok', 16, 'https://picsum.photos/id/273/200/200');
INSERT INTO ALBUMS (album_id, artist_id, name, release_date, genre, music_number, image) VALUES (72, 46, 'Album e7uevUGo', '2022-09-01', 'Indie', 16, 'https://picsum.photos/id/218/200/200');
INSERT INTO ALBUMS (album_id, artist_id, name, release_date, genre, music_number, image) VALUES (73, 8, 'Album 3dusvCLL', '2018-08-18', 'Jazz', 15, 'https://picsum.photos/id/282/200/200');
INSERT INTO ALBUMS (album_id, artist_id, name, release_date, genre, music_number, image) VALUES (74, 41, 'Album gCwASKhK', '2009-01-09', 'Country', 10, 'https://picsum.photos/id/237/200/200');
INSERT INTO ALBUMS (album_id, artist_id, name, release_date, genre, music_number, image) VALUES (75, 36, 'Album E3aLaXlN', '2013-07-03', 'Folk', 13, 'https://picsum.photos/id/223/200/200');
INSERT INTO ALBUMS (album_id, artist_id, name, release_date, genre, music_number, image) VALUES (76, 35, 'Album 5t899OzG', '2011-12-19', 'Country', 15, 'https://picsum.photos/id/254/200/200');
INSERT INTO ALBUMS (album_id, artist_id, name, release_date, genre, music_number, image) VALUES (77, 31, 'Album MygagfgO', '2012-02-02', 'Folk', 5, 'https://picsum.photos/id/203/200/200');
INSERT INTO ALBUMS (album_id, artist_id, name, release_date, genre, music_number, image) VALUES (78, 24, 'Album 6h6UhFal', '2014-01-10', 'Barok', 20, 'https://picsum.photos/id/298/200/200');
INSERT INTO ALBUMS (album_id, artist_id, name, release_date, genre, music_number, image) VALUES (79, 61, 'Album fbl5moqk', '2009-04-30', 'Turkish Psychedelic', 18, 'https://picsum.photos/id/231/200/200');
INSERT INTO ALBUMS (album_id, artist_id, name, release_date, genre, music_number, image) VALUES (80, 98, 'Album 26U5Q9CA', '2009-04-18', 'Pop', 14, 'https://picsum.photos/id/201/200/200');
INSERT INTO ALBUMS (album_id, artist_id, name, release_date, genre, music_number, image) VALUES (81, 65, 'Album wEJbHcdj', '2016-06-01', 'Rock', 11, 'https://picsum.photos/id/216/200/200');
INSERT INTO ALBUMS (album_id, artist_id, name, release_date, genre, music_number, image) VALUES (82, 15, 'Album IjlIL0wR', '2012-12-02', 'Country', 11, 'https://picsum.photos/id/218/200/200');
INSERT INTO ALBUMS (album_id, artist_id, name, release_date, genre, music_number, image) VALUES (83, 57, 'Album REmJC0iT', '2023-03-12', 'Blues', 7, 'https://picsum.photos/id/226/200/200');
INSERT INTO ALBUMS (album_id, artist_id, name, release_date, genre, music_number, image) VALUES (84, 75, 'Album oqEawyyO', '2018-11-18', 'Reggae', 20, 'https://picsum.photos/id/269/200/200');
INSERT INTO ALBUMS (album_id, artist_id, name, release_date, genre, music_number, image) VALUES (85, 5, 'Album fPvMyaUX', '2009-04-23', 'Pop', 10, 'https://picsum.photos/id/234/200/200');
INSERT INTO ALBUMS (album_id, artist_id, name, release_date, genre, music_number, image) VALUES (86, 84, 'Album 5MRRVIsA', '2017-11-29', 'Jazz', 12, 'https://picsum.photos/id/292/200/200');
INSERT INTO ALBUMS (album_id, artist_id, name, release_date, genre, music_number, image) VALUES (87, 51, 'Album 42FhBjzf', '2011-07-06', 'Black Metal', 7, 'https://picsum.photos/id/267/200/200');
INSERT INTO ALBUMS (album_id, artist_id, name, release_date, genre, music_number, image) VALUES (88, 41, 'Album 44URPw0x', '2010-02-24', 'Alternative', 16, 'https://picsum.photos/id/201/200/200');
INSERT INTO ALBUMS (album_id, artist_id, name, release_date, genre, music_number, image) VALUES (89, 95, 'Album XIdBgVb0', '2020-06-06', 'Blues', 19, 'https://picsum.photos/id/251/200/200');
INSERT INTO ALBUMS (album_id, artist_id, name, release_date, genre, music_number, image) VALUES (90, 98, 'Album Gf9wIoUf', '2013-03-10', 'Pop', 18, 'https://picsum.photos/id/241/200/200');
INSERT INTO ALBUMS (album_id, artist_id, name, release_date, genre, music_number, image) VALUES (91, 36, 'Album 8ntGiw9n', '2010-02-01', 'Country', 8, 'https://picsum.photos/id/280/200/200');
INSERT INTO ALBUMS (album_id, artist_id, name, release_date, genre, music_number, image) VALUES (92, 53, 'Album PvmURV6m', '2013-09-09', 'Indie', 17, 'https://picsum.photos/id/273/200/200');
INSERT INTO ALBUMS (album_id, artist_id, name, release_date, genre, music_number, image) VALUES (93, 67, 'Album H5NKGtIy', '2019-01-21', 'Alternative', 6, 'https://picsum.photos/id/296/200/200');
INSERT INTO ALBUMS (album_id, artist_id, name, release_date, genre, music_number, image) VALUES (94, 55, 'Album qF3PDKRk', '2023-08-04', 'Jazz', 15, 'https://picsum.photos/id/205/200/200');
INSERT INTO ALBUMS (album_id, artist_id, name, release_date, genre, music_number, image) VALUES (95, 43, 'Album QRYa3pDp', '2010-12-13', 'Country', 12, 'https://picsum.photos/id/273/200/200');
INSERT INTO ALBUMS (album_id, artist_id, name, release_date, genre, music_number, image) VALUES (96, 39, 'Album lNOGbP9g', '2020-09-28', 'Country', 13, 'https://picsum.photos/id/285/200/200');
INSERT INTO ALBUMS (album_id, artist_id, name, release_date, genre, music_number, image) VALUES (97, 54, 'Album z9RB3m1U', '2017-10-02', 'Pop', 13, 'https://picsum.photos/id/294/200/200');
INSERT INTO ALBUMS (album_id, artist_id, name, release_date, genre, music_number, image) VALUES (98, 26, 'Album rgugohQ5', '2023-03-08', 'Rock', 20, 'https://picsum.photos/id/284/200/200');
INSERT INTO ALBUMS (album_id, artist_id, name, release_date, genre, music_number, image) VALUES (99, 6, 'Album bFayGSq7', '2008-12-26', 'Jazz', 13, 'https://picsum.photos/id/244/200/200');
INSERT INTO ALBUMS (album_id, artist_id, name, release_date, genre, music_number, image) VALUES (100, 18, 'Album 09VlEX6V', '2021-08-15', 'Folk', 17, 'https://picsum.photos/id/255/200/200');
INSERT INTO ALBUMS (album_id, artist_id, name, release_date, genre, music_number, image) VALUES (101, 53, 'Album ThNYLrhB', '2014-07-19', 'Alternative', 20, 'https://picsum.photos/id/221/200/200');
INSERT INTO ALBUMS (album_id, artist_id, name, release_date, genre, music_number, image) VALUES (102, 24, 'Album xoyYzjNP', '2023-10-31', 'Reggae', 17, 'https://picsum.photos/id/262/200/200');
INSERT INTO ALBUMS (album_id, artist_id, name, release_date, genre, music_number, image) VALUES (103, 71, 'Album ZeStKQZD', '2018-06-11', 'Reggae', 14, 'https://picsum.photos/id/278/200/200');
INSERT INTO ALBUMS (album_id, artist_id, name, release_date, genre, music_number, image) VALUES (104, 80, 'Album 7lwvu3mE', '2010-10-29', 'Turkish Folk', 17, 'https://picsum.photos/id/283/200/200');
INSERT INTO ALBUMS (album_id, artist_id, name, release_date, genre, music_number, image) VALUES (105, 47, 'Album FBhOrfj5', '2018-04-26', 'Folk', 20, 'https://picsum.photos/id/213/200/200');
INSERT INTO ALBUMS (album_id, artist_id, name, release_date, genre, music_number, image) VALUES (106, 89, 'Album 9ccbkHTo', '2023-02-23', 'Black Metal', 7, 'https://picsum.photos/id/202/200/200');
INSERT INTO ALBUMS (album_id, artist_id, name, release_date, genre, music_number, image) VALUES (107, 53, 'Album GZckhGAp', '2019-09-16', 'Country', 20, 'https://picsum.photos/id/228/200/200');
INSERT INTO ALBUMS (album_id, artist_id, name, release_date, genre, music_number, image) VALUES (108, 39, 'Album osvVDp7D', '2015-12-19', 'Indie', 14, 'https://picsum.photos/id/244/200/200');
INSERT INTO ALBUMS (album_id, artist_id, name, release_date, genre, music_number, image) VALUES (109, 3, 'Album V5R0sbeQ', '2022-05-27', 'Black Metal', 7, 'https://picsum.photos/id/258/200/200');
INSERT INTO ALBUMS (album_id, artist_id, name, release_date, genre, music_number, image) VALUES (110, 6, 'Album UKfNXZuE', '2020-01-12', 'Turkish Rock', 12, 'https://picsum.photos/id/211/200/200');
INSERT INTO ALBUMS (album_id, artist_id, name, release_date, genre, music_number, image) VALUES (111, 27, 'Album lV0Wk3Ln', '2015-09-18', 'Turkish Rock', 12, 'https://picsum.photos/id/229/200/200');
INSERT INTO ALBUMS (album_id, artist_id, name, release_date, genre, music_number, image) VALUES (112, 42, 'Album CEL3euZ9', '2021-03-17', 'Turkish Rock', 10, 'https://picsum.photos/id/276/200/200');
INSERT INTO ALBUMS (album_id, artist_id, name, release_date, genre, music_number, image) VALUES (113, 17, 'Album IqhTHeeG', '2016-06-22', 'Alternative', 14, 'https://picsum.photos/id/238/200/200');
INSERT INTO ALBUMS (album_id, artist_id, name, release_date, genre, music_number, image) VALUES (114, 46, 'Album ZoOzBoFn', '2014-12-26', 'Indie', 16, 'https://picsum.photos/id/220/200/200');
INSERT INTO ALBUMS (album_id, artist_id, name, release_date, genre, music_number, image) VALUES (115, 73, 'Album pvFqyKgD', '2020-05-09', 'Jazz', 13, 'https://picsum.photos/id/273/200/200');
INSERT INTO ALBUMS (album_id, artist_id, name, release_date, genre, music_number, image) VALUES (116, 14, 'Album UnUlHOwo', '2011-11-26', 'Indie', 8, 'https://picsum.photos/id/258/200/200');
INSERT INTO ALBUMS (album_id, artist_id, name, release_date, genre, music_number, image) VALUES (117, 37, 'Album nKyQFnhA', '2011-03-17', 'Barok', 10, 'https://picsum.photos/id/300/200/200');
INSERT INTO ALBUMS (album_id, artist_id, name, release_date, genre, music_number, image) VALUES (118, 66, 'Album XLjOcFIT', '2008-01-18', 'Jazz', 8, 'https://picsum.photos/id/276/200/200');
INSERT INTO ALBUMS (album_id, artist_id, name, release_date, genre, music_number, image) VALUES (119, 98, 'Album EppkGzIV', '2014-09-24', 'Turkish Folk', 12, 'https://picsum.photos/id/244/200/200');
INSERT INTO ALBUMS (album_id, artist_id, name, release_date, genre, music_number, image) VALUES (120, 43, 'Album bwMDpnF6', '2014-05-29', 'Turkish Psychedelic', 14, 'https://picsum.photos/id/225/200/200');
INSERT INTO ALBUMS (album_id, artist_id, name, release_date, genre, music_number, image) VALUES (121, 38, 'Album jDrKXBKd', '2010-04-12', 'Turkish Rock', 12, 'https://picsum.photos/id/254/200/200');
INSERT INTO ALBUMS (album_id, artist_id, name, release_date, genre, music_number, image) VALUES (122, 18, 'Album n4JfSPl6', '2020-11-05', 'Jazz', 11, 'https://picsum.photos/id/219/200/200');
INSERT INTO ALBUMS (album_id, artist_id, name, release_date, genre, music_number, image) VALUES (123, 40, 'Album Xna0lp9q', '2021-02-15', 'Indie', 19, 'https://picsum.photos/id/223/200/200');
INSERT INTO ALBUMS (album_id, artist_id, name, release_date, genre, music_number, image) VALUES (124, 1, 'Album 3FKYZdBR', '2018-11-04', 'Country', 7, 'https://picsum.photos/id/211/200/200');
INSERT INTO ALBUMS (album_id, artist_id, name, release_date, genre, music_number, image) VALUES (125, 50, 'Album W6bBTt7p', '2014-07-25', 'Turkish Folk', 9, 'https://picsum.photos/id/247/200/200');
INSERT INTO ALBUMS (album_id, artist_id, name, release_date, genre, music_number, image) VALUES (126, 3, 'Album Yh46w9oj', '2014-04-25', 'Folk', 13, 'https://picsum.photos/id/265/200/200');
INSERT INTO ALBUMS (album_id, artist_id, name, release_date, genre, music_number, image) VALUES (127, 2, 'Album oVPuZ6Dr', '2009-01-31', 'Reggae', 16, 'https://picsum.photos/id/241/200/200');
INSERT INTO ALBUMS (album_id, artist_id, name, release_date, genre, music_number, image) VALUES (128, 4, 'Album Kprpm9zh', '2013-12-19', 'Black Metal', 20, 'https://picsum.photos/id/243/200/200');
INSERT INTO ALBUMS (album_id, artist_id, name, release_date, genre, music_number, image) VALUES (129, 15, 'Album 2lTQgPk3', '2019-12-22', 'Reggae', 10, 'https://picsum.photos/id/226/200/200');
INSERT INTO ALBUMS (album_id, artist_id, name, release_date, genre, music_number, image) VALUES (130, 78, 'Album 76wbtt7g', '2017-04-08', 'Rock', 10, 'https://picsum.photos/id/273/200/200');
INSERT INTO ALBUMS (album_id, artist_id, name, release_date, genre, music_number, image) VALUES (131, 50, 'Album jM1xt9jZ', '2013-06-17', 'Gangsta Rap', 18, 'https://picsum.photos/id/283/200/200');
INSERT INTO ALBUMS (album_id, artist_id, name, release_date, genre, music_number, image) VALUES (132, 38, 'Album PlZIqgBC', '2017-01-15', 'Pop', 15, 'https://picsum.photos/id/221/200/200');
INSERT INTO ALBUMS (album_id, artist_id, name, release_date, genre, music_number, image) VALUES (133, 90, 'Album 4AnV6vDL', '2020-01-07', 'Turkish Folk', 15, 'https://picsum.photos/id/262/200/200');
INSERT INTO ALBUMS (album_id, artist_id, name, release_date, genre, music_number, image) VALUES (134, 79, 'Album 2YTvr2vg', '2023-12-18', 'Indie', 14, 'https://picsum.photos/id/238/200/200');
INSERT INTO ALBUMS (album_id, artist_id, name, release_date, genre, music_number, image) VALUES (135, 20, 'Album e6Ile1Oo', '2010-07-21', 'Pop', 17, 'https://picsum.photos/id/228/200/200');
INSERT INTO ALBUMS (album_id, artist_id, name, release_date, genre, music_number, image) VALUES (136, 16, 'Album eeFi1kzN', '2019-07-14', 'Reggae', 19, 'https://picsum.photos/id/279/200/200');
INSERT INTO ALBUMS (album_id, artist_id, name, release_date, genre, music_number, image) VALUES (137, 93, 'Album irLFAdvj', '2013-01-22', 'Country', 13, 'https://picsum.photos/id/204/200/200');
INSERT INTO ALBUMS (album_id, artist_id, name, release_date, genre, music_number, image) VALUES (138, 1, 'Album mXIJ14wK', '2021-08-08', 'Folk', 10, 'https://picsum.photos/id/224/200/200');
INSERT INTO ALBUMS (album_id, artist_id, name, release_date, genre, music_number, image) VALUES (139, 33, 'Album bVcfuU9P', '2009-11-21', 'Black Metal', 18, 'https://picsum.photos/id/270/200/200');
INSERT INTO ALBUMS (album_id, artist_id, name, release_date, genre, music_number, image) VALUES (140, 90, 'Album F1e9bKcX', '2021-08-07', 'Gangsta Rap', 10, 'https://picsum.photos/id/226/200/200');
INSERT INTO ALBUMS (album_id, artist_id, name, release_date, genre, music_number, image) VALUES (141, 43, 'Album 6nBQdUY6', '2023-04-08', 'Turkish Folk', 19, 'https://picsum.photos/id/265/200/200');
INSERT INTO ALBUMS (album_id, artist_id, name, release_date, genre, music_number, image) VALUES (142, 78, 'Album r3vpWeno', '2015-08-27', 'Blues', 8, 'https://picsum.photos/id/207/200/200');
INSERT INTO ALBUMS (album_id, artist_id, name, release_date, genre, music_number, image) VALUES (143, 74, 'Album 7Ar3svWG', '2022-10-01', 'Black Metal', 17, 'https://picsum.photos/id/287/200/200');
INSERT INTO ALBUMS (album_id, artist_id, name, release_date, genre, music_number, image) VALUES (144, 84, 'Album 3Bu2fnsl', '2018-12-14', 'Turkish Psychedelic', 19, 'https://picsum.photos/id/239/200/200');
INSERT INTO ALBUMS (album_id, artist_id, name, release_date, genre, music_number, image) VALUES (145, 26, 'Album 2ByYKsnI', '2015-11-16', 'Folk', 14, 'https://picsum.photos/id/296/200/200');
INSERT INTO ALBUMS (album_id, artist_id, name, release_date, genre, music_number, image) VALUES (146, 69, 'Album SVt85Irg', '2018-07-09', 'Rock', 12, 'https://picsum.photos/id/266/200/200');
INSERT INTO ALBUMS (album_id, artist_id, name, release_date, genre, music_number, image) VALUES (147, 99, 'Album CPF6o8Qt', '2017-10-11', 'Blues', 5, 'https://picsum.photos/id/255/200/200');
INSERT INTO ALBUMS (album_id, artist_id, name, release_date, genre, music_number, image) VALUES (148, 2, 'Album i7gWw0ii', '2017-10-15', 'Folk', 19, 'https://picsum.photos/id/218/200/200');
INSERT INTO ALBUMS (album_id, artist_id, name, release_date, genre, music_number, image) VALUES (149, 66, 'Album 8XlBhgLm', '2023-05-02', 'Alternative', 19, 'https://picsum.photos/id/225/200/200');
INSERT INTO ALBUMS (album_id, artist_id, name, release_date, genre, music_number, image) VALUES (150, 67, 'Album wEIyX1AX', '2013-07-22', 'Turkish Folk', 7, 'https://picsum.photos/id/238/200/200');
INSERT INTO ALBUMS (album_id, artist_id, name, release_date, genre, music_number, image) VALUES (151, 10, 'Album bSHuJGdk', '2010-01-30', 'Alternative', 18, 'https://picsum.photos/id/223/200/200');
INSERT INTO ALBUMS (album_id, artist_id, name, release_date, genre, music_number, image) VALUES (152, 4, 'Album NDJaQTJr', '2014-07-04', 'Turkish Folk', 20, 'https://picsum.photos/id/224/200/200');
INSERT INTO ALBUMS (album_id, artist_id, name, release_date, genre, music_number, image) VALUES (153, 31, 'Album vNVserof', '2012-12-08', 'Rock', 17, 'https://picsum.photos/id/240/200/200');
INSERT INTO ALBUMS (album_id, artist_id, name, release_date, genre, music_number, image) VALUES (154, 97, 'Album YymsvL6J', '2020-07-30', 'Alternative', 5, 'https://picsum.photos/id/293/200/200');
INSERT INTO ALBUMS (album_id, artist_id, name, release_date, genre, music_number, image) VALUES (155, 53, 'Album waP3blv3', '2015-05-30', 'Turkish Folk', 9, 'https://picsum.photos/id/250/200/200');
INSERT INTO ALBUMS (album_id, artist_id, name, release_date, genre, music_number, image) VALUES (156, 11, 'Album zcAmZdss', '2011-07-11', 'Barok', 5, 'https://picsum.photos/id/217/200/200');
INSERT INTO ALBUMS (album_id, artist_id, name, release_date, genre, music_number, image) VALUES (157, 52, 'Album XIHOH3hJ', '2017-08-04', 'Turkish Rock', 15, 'https://picsum.photos/id/272/200/200');
INSERT INTO ALBUMS (album_id, artist_id, name, release_date, genre, music_number, image) VALUES (158, 60, 'Album SurimnGe', '2023-09-24', 'Blues', 13, 'https://picsum.photos/id/268/200/200');
INSERT INTO ALBUMS (album_id, artist_id, name, release_date, genre, music_number, image) VALUES (159, 47, 'Album fsOacwkw', '2017-05-25', 'Blues', 13, 'https://picsum.photos/id/299/200/200');
INSERT INTO ALBUMS (album_id, artist_id, name, release_date, genre, music_number, image) VALUES (160, 49, 'Album xAj6gAvV', '2018-07-14', 'Turkish Folk', 10, 'https://picsum.photos/id/284/200/200');
INSERT INTO ALBUMS (album_id, artist_id, name, release_date, genre, music_number, image) VALUES (161, 24, 'Album ekt4aETX', '2008-08-12', 'Jazz', 12, 'https://picsum.photos/id/206/200/200');
INSERT INTO ALBUMS (album_id, artist_id, name, release_date, genre, music_number, image) VALUES (162, 6, 'Album cjzC9AkE', '2014-07-24', 'Folk', 10, 'https://picsum.photos/id/232/200/200');
INSERT INTO ALBUMS (album_id, artist_id, name, release_date, genre, music_number, image) VALUES (163, 10, 'Album wfaiETYW', '2023-08-05', 'Jazz', 11, 'https://picsum.photos/id/201/200/200');
INSERT INTO ALBUMS (album_id, artist_id, name, release_date, genre, music_number, image) VALUES (164, 36, 'Album AsjvNvr9', '2015-01-30', 'Reggae', 6, 'https://picsum.photos/id/213/200/200');
INSERT INTO ALBUMS (album_id, artist_id, name, release_date, genre, music_number, image) VALUES (165, 36, 'Album 8DEOnfu3', '2014-08-24', 'Pop', 9, 'https://picsum.photos/id/266/200/200');
INSERT INTO ALBUMS (album_id, artist_id, name, release_date, genre, music_number, image) VALUES (166, 97, 'Album LAxkioZu', '2017-09-05', 'Turkish Folk', 11, 'https://picsum.photos/id/230/200/200');
INSERT INTO ALBUMS (album_id, artist_id, name, release_date, genre, music_number, image) VALUES (167, 58, 'Album ejkt4cy7', '2011-11-10', 'Folk', 6, 'https://picsum.photos/id/265/200/200');
INSERT INTO ALBUMS (album_id, artist_id, name, release_date, genre, music_number, image) VALUES (168, 2, 'Album PxpnkgCG', '2008-02-19', 'Barok', 16, 'https://picsum.photos/id/263/200/200');
INSERT INTO ALBUMS (album_id, artist_id, name, release_date, genre, music_number, image) VALUES (169, 87, 'Album KVYY6a1v', '2018-01-28', 'Rock', 9, 'https://picsum.photos/id/280/200/200');
INSERT INTO ALBUMS (album_id, artist_id, name, release_date, genre, music_number, image) VALUES (170, 37, 'Album bzTzB4Kd', '2012-06-21', 'Alternative', 10, 'https://picsum.photos/id/274/200/200');
INSERT INTO ALBUMS (album_id, artist_id, name, release_date, genre, music_number, image) VALUES (171, 22, 'Album C4fhjcQf', '2016-12-27', 'Blues', 12, 'https://picsum.photos/id/244/200/200');
INSERT INTO ALBUMS (album_id, artist_id, name, release_date, genre, music_number, image) VALUES (172, 41, 'Album q6GN6waY', '2018-05-18', 'Reggae', 12, 'https://picsum.photos/id/293/200/200');
INSERT INTO ALBUMS (album_id, artist_id, name, release_date, genre, music_number, image) VALUES (173, 61, 'Album yQg9eqC1', '2008-05-01', 'Rock', 10, 'https://picsum.photos/id/240/200/200');
INSERT INTO ALBUMS (album_id, artist_id, name, release_date, genre, music_number, image) VALUES (174, 62, 'Album sybUQHHD', '2014-11-20', 'Folk', 11, 'https://picsum.photos/id/274/200/200');
INSERT INTO ALBUMS (album_id, artist_id, name, release_date, genre, music_number, image) VALUES (175, 39, 'Album 1YrKzosC', '2015-09-29', 'Indie', 20, 'https://picsum.photos/id/217/200/200');
INSERT INTO ALBUMS (album_id, artist_id, name, release_date, genre, music_number, image) VALUES (176, 39, 'Album AXQaWtdM', '2018-07-11', 'Jazz', 8, 'https://picsum.photos/id/252/200/200');
INSERT INTO ALBUMS (album_id, artist_id, name, release_date, genre, music_number, image) VALUES (177, 12, 'Album ql1KDCvR', '2015-04-09', 'Black Metal', 19, 'https://picsum.photos/id/292/200/200');
INSERT INTO ALBUMS (album_id, artist_id, name, release_date, genre, music_number, image) VALUES (178, 59, 'Album aRMPInNz', '2020-06-07', 'Rock', 18, 'https://picsum.photos/id/205/200/200');
INSERT INTO ALBUMS (album_id, artist_id, name, release_date, genre, music_number, image) VALUES (179, 89, 'Album 6NO1v9Mx', '2015-10-11', 'Gangsta Rap', 13, 'https://picsum.photos/id/227/200/200');
INSERT INTO ALBUMS (album_id, artist_id, name, release_date, genre, music_number, image) VALUES (180, 27, 'Album NQ5JIGKb', '2019-01-17', 'Folk', 6, 'https://picsum.photos/id/262/200/200');
INSERT INTO ALBUMS (album_id, artist_id, name, release_date, genre, music_number, image) VALUES (181, 37, 'Album BiJ1mww2', '2009-09-12', 'Jazz', 6, 'https://picsum.photos/id/226/200/200');
INSERT INTO ALBUMS (album_id, artist_id, name, release_date, genre, music_number, image) VALUES (182, 65, 'Album PdsmShT8', '2019-06-26', 'Gangsta Rap', 11, 'https://picsum.photos/id/277/200/200');
INSERT INTO ALBUMS (album_id, artist_id, name, release_date, genre, music_number, image) VALUES (183, 75, 'Album AIGirXZY', '2018-10-13', 'Rock', 6, 'https://picsum.photos/id/281/200/200');
INSERT INTO ALBUMS (album_id, artist_id, name, release_date, genre, music_number, image) VALUES (184, 74, 'Album l6E7poDv', '2023-07-07', 'Indie', 20, 'https://picsum.photos/id/233/200/200');
INSERT INTO ALBUMS (album_id, artist_id, name, release_date, genre, music_number, image) VALUES (185, 98, 'Album ydNYHQvR', '2011-12-10', 'Alternative', 7, 'https://picsum.photos/id/280/200/200');
INSERT INTO ALBUMS (album_id, artist_id, name, release_date, genre, music_number, image) VALUES (186, 27, 'Album xwOrP8kK', '2023-02-19', 'Black Metal', 16, 'https://picsum.photos/id/225/200/200');
INSERT INTO ALBUMS (album_id, artist_id, name, release_date, genre, music_number, image) VALUES (187, 76, 'Album 51mflrSj', '2022-12-28', 'Folk', 13, 'https://picsum.photos/id/202/200/200');
INSERT INTO ALBUMS (album_id, artist_id, name, release_date, genre, music_number, image) VALUES (188, 86, 'Album Ehq5bkFZ', '2019-11-13', 'Turkish Folk', 8, 'https://picsum.photos/id/263/200/200');
INSERT INTO ALBUMS (album_id, artist_id, name, release_date, genre, music_number, image) VALUES (189, 51, 'Album OdzVQht3', '2014-11-20', 'Barok', 10, 'https://picsum.photos/id/293/200/200');
INSERT INTO ALBUMS (album_id, artist_id, name, release_date, genre, music_number, image) VALUES (190, 98, 'Album m0zn2fJU', '2013-12-23', 'Turkish Psychedelic', 10, 'https://picsum.photos/id/295/200/200');
INSERT INTO ALBUMS (album_id, artist_id, name, release_date, genre, music_number, image) VALUES (191, 58, 'Album lIMGaJ42', '2019-11-17', 'Barok', 18, 'https://picsum.photos/id/263/200/200');
INSERT INTO ALBUMS (album_id, artist_id, name, release_date, genre, music_number, image) VALUES (192, 53, 'Album M8pyypv0', '2011-08-19', 'Gangsta Rap', 14, 'https://picsum.photos/id/263/200/200');
INSERT INTO ALBUMS (album_id, artist_id, name, release_date, genre, music_number, image) VALUES (193, 18, 'Album H295lFCd', '2023-12-19', 'Blues', 13, 'https://picsum.photos/id/239/200/200');
INSERT INTO ALBUMS (album_id, artist_id, name, release_date, genre, music_number, image) VALUES (194, 11, 'Album 5J7clLnq', '2017-11-01', 'Turkish Rock', 20, 'https://picsum.photos/id/241/200/200');
INSERT INTO ALBUMS (album_id, artist_id, name, release_date, genre, music_number, image) VALUES (195, 61, 'Album cyP6PQLW', '2018-04-07', 'Folk', 19, 'https://picsum.photos/id/261/200/200');
INSERT INTO ALBUMS (album_id, artist_id, name, release_date, genre, music_number, image) VALUES (196, 5, 'Album CAiDnrEI', '2009-12-23', 'Blues', 20, 'https://picsum.photos/id/284/200/200');
INSERT INTO ALBUMS (album_id, artist_id, name, release_date, genre, music_number, image) VALUES (197, 95, 'Album AwstwU1e', '2015-07-25', 'Reggae', 5, 'https://picsum.photos/id/221/200/200');
INSERT INTO ALBUMS (album_id, artist_id, name, release_date, genre, music_number, image) VALUES (198, 19, 'Album 6LNWJt20', '2023-11-17', 'Alternative', 6, 'https://picsum.photos/id/239/200/200');
INSERT INTO ALBUMS (album_id, artist_id, name, release_date, genre, music_number, image) VALUES (199, 87, 'Album A08bCDaQ', '2020-08-09', 'Alternative', 20, 'https://picsum.photos/id/271/200/200');
INSERT INTO ALBUMS (album_id, artist_id, name, release_date, genre, music_number, image) VALUES (200, 50, 'Album 0VYPWknF', '2017-11-10', 'Pop', 18, 'https://picsum.photos/id/258/200/200');

-- SONGS Data --
INSERT INTO SONGS (song_id, album_id, title, duration, genre, release_date, `rank`, image) VALUES (1, 200, 'Song VSsTcHwYUC', 276, 'Indie', '2021-12-04', 362, 'https://picsum.photos/id/258/200/200');
INSERT INTO SONGS (song_id, album_id, title, duration, genre, release_date, `rank`, image) VALUES (2, 122, 'Song mmTr9fxvRq', 395, 'Folk', '2009-11-22', 523, 'https://picsum.photos/id/219/200/200');
INSERT INTO SONGS (song_id, album_id, title, duration, genre, release_date, `rank`, image) VALUES (3, 115, 'Song SUx72HEiTL', 289, 'Reggae', '2019-11-02', 161, 'https://picsum.photos/id/273/200/200');
INSERT INTO SONGS (song_id, album_id, title, duration, genre, release_date, `rank`, image) VALUES (4, 112, 'Song vpE3ATutor', 300, 'Pop', '2011-11-29', 398, 'https://picsum.photos/id/276/200/200');
INSERT INTO SONGS (song_id, album_id, title, duration, genre, release_date, `rank`, image) VALUES (5, 70, 'Song 33tXfjQFKI', 267, 'Turkish Folk', '2014-07-01', 69, 'https://picsum.photos/id/265/200/200');
INSERT INTO SONGS (song_id, album_id, title, duration, genre, release_date, `rank`, image) VALUES (6, 169, 'Song EwntqSTZ4z', 442, 'Pop', '2013-06-30', 724, 'https://picsum.photos/id/280/200/200');
INSERT INTO SONGS (song_id, album_id, title, duration, genre, release_date, `rank`, image) VALUES (7, 30, 'Song L0km4kf1Kn', 184, 'Turkish Folk', '2009-02-04', 630, 'https://picsum.photos/id/202/200/200');
INSERT INTO SONGS (song_id, album_id, title, duration, genre, release_date, `rank`, image) VALUES (8, 1, 'Song Zu1UdOuuMC', 362, 'Reggae', '2016-06-27', 288, 'https://picsum.photos/id/245/200/200');
INSERT INTO SONGS (song_id, album_id, title, duration, genre, release_date, `rank`, image) VALUES (9, 112, 'Song yntNF9wSv9', 136, 'Turkish Psychedelic', '2015-10-01', 802, 'https://picsum.photos/id/276/200/200');
INSERT INTO SONGS (song_id, album_id, title, duration, genre, release_date, `rank`, image) VALUES (10, 174, 'Song mPs6zNmXX2', 145, 'Jazz', '2020-03-03', 478, 'https://picsum.photos/id/274/200/200');
INSERT INTO SONGS (song_id, album_id, title, duration, genre, release_date, `rank`, image) VALUES (11, 195, 'Song nA27vFtG63', 127, 'Black Metal', '2015-02-04', 176, 'https://picsum.photos/id/261/200/200');
INSERT INTO SONGS (song_id, album_id, title, duration, genre, release_date, `rank`, image) VALUES (12, 66, 'Song lZMuyB7gEh', 386, 'Blues', '2021-04-27', 50, 'https://picsum.photos/id/282/200/200');
INSERT INTO SONGS (song_id, album_id, title, duration, genre, release_date, `rank`, image) VALUES (13, 199, 'Song 2InPeJtarA', 375, 'Barok', '2010-07-17', 693, 'https://picsum.photos/id/271/200/200');
INSERT INTO SONGS (song_id, album_id, title, duration, genre, release_date, `rank`, image) VALUES (14, 96, 'Song fv3kroics1', 259, 'Reggae', '2013-05-23', 585, 'https://picsum.photos/id/285/200/200');
INSERT INTO SONGS (song_id, album_id, title, duration, genre, release_date, `rank`, image) VALUES (15, 41, 'Song KWQOqIW1D7', 149, 'Black Metal', '2010-05-11', 431, 'https://picsum.photos/id/247/200/200');
INSERT INTO SONGS (song_id, album_id, title, duration, genre, release_date, `rank`, image) VALUES (16, 184, 'Song PckcKCJDli', 170, 'Rock', '2017-06-12', 199, 'https://picsum.photos/id/233/200/200');
INSERT INTO SONGS (song_id, album_id, title, duration, genre, release_date, `rank`, image) VALUES (17, 176, 'Song DOrvkKjEZo', 458, 'Indie', '2009-05-21', 702, 'https://picsum.photos/id/252/200/200');
INSERT INTO SONGS (song_id, album_id, title, duration, genre, release_date, `rank`, image) VALUES (18, 72, 'Song Xc39l6B1Xv', 351, 'Turkish Psychedelic', '2016-11-22', 937, 'https://picsum.photos/id/218/200/200');
INSERT INTO SONGS (song_id, album_id, title, duration, genre, release_date, `rank`, image) VALUES (19, 133, 'Song GXq5ffNPzS', 171, 'Indie', '2008-05-02', 105, 'https://picsum.photos/id/262/200/200');
INSERT INTO SONGS (song_id, album_id, title, duration, genre, release_date, `rank`, image) VALUES (20, 98, 'Song i8LJSOXK4c', 226, 'Jazz', '2013-03-05', 967, 'https://picsum.photos/id/284/200/200');
INSERT INTO SONGS (song_id, album_id, title, duration, genre, release_date, `rank`, image) VALUES (21, 115, 'Song sO7JI0CzeL', 174, 'Country', '2009-07-10', 624, 'https://picsum.photos/id/273/200/200');
INSERT INTO SONGS (song_id, album_id, title, duration, genre, release_date, `rank`, image) VALUES (22, 178, 'Song RbgH8QxkwO', 348, 'Pop', '2014-08-13', 210, 'https://picsum.photos/id/205/200/200');
INSERT INTO SONGS (song_id, album_id, title, duration, genre, release_date, `rank`, image) VALUES (23, 11, 'Song uum0dbVfSD', 303, 'Reggae', '2023-01-20', 375, 'https://picsum.photos/id/291/200/200');
INSERT INTO SONGS (song_id, album_id, title, duration, genre, release_date, `rank`, image) VALUES (24, 23, 'Song KUFI8AG6X0', 437, 'Gangsta Rap', '2022-08-17', 300, 'https://picsum.photos/id/297/200/200');
INSERT INTO SONGS (song_id, album_id, title, duration, genre, release_date, `rank`, image) VALUES (25, 168, 'Song 9ESMotOy2K', 364, 'Folk', '2014-02-18', 267, 'https://picsum.photos/id/263/200/200');
INSERT INTO SONGS (song_id, album_id, title, duration, genre, release_date, `rank`, image) VALUES (26, 100, 'Song PS36nMLK0S', 229, 'Barok', '2022-03-07', 420, 'https://picsum.photos/id/255/200/200');
INSERT INTO SONGS (song_id, album_id, title, duration, genre, release_date, `rank`, image) VALUES (27, 88, 'Song yjq0jLjmkH', 200, 'Barok', '2012-11-18', 437, 'https://picsum.photos/id/201/200/200');
INSERT INTO SONGS (song_id, album_id, title, duration, genre, release_date, `rank`, image) VALUES (28, 74, 'Song FDqE0EMUx8', 284, 'Turkish Rock', '2010-08-24', 437, 'https://picsum.photos/id/237/200/200');
INSERT INTO SONGS (song_id, album_id, title, duration, genre, release_date, `rank`, image) VALUES (29, 199, 'Song hznA3tNRTE', 437, 'Country', '2011-06-03', 693, 'https://picsum.photos/id/271/200/200');
INSERT INTO SONGS (song_id, album_id, title, duration, genre, release_date, `rank`, image) VALUES (30, 69, 'Song LiYCNk0gJS', 390, 'Gangsta Rap', '2017-06-13', 884, 'https://picsum.photos/id/254/200/200');
INSERT INTO SONGS (song_id, album_id, title, duration, genre, release_date, `rank`, image) VALUES (31, 129, 'Song 83ulBqgjqn', 257, 'Turkish Rock', '2015-10-03', 40, 'https://picsum.photos/id/226/200/200');
INSERT INTO SONGS (song_id, album_id, title, duration, genre, release_date, `rank`, image) VALUES (32, 169, 'Song 5yO1Dw26qK', 202, 'Gangsta Rap', '2016-12-14', 294, 'https://picsum.photos/id/280/200/200');
INSERT INTO SONGS (song_id, album_id, title, duration, genre, release_date, `rank`, image) VALUES (33, 192, 'Song NkAduUr72O', 331, 'Jazz', '2013-12-24', 581, 'https://picsum.photos/id/263/200/200');
INSERT INTO SONGS (song_id, album_id, title, duration, genre, release_date, `rank`, image) VALUES (34, 61, 'Song WqjfvaakJT', 158, 'Gangsta Rap', '2008-08-24', 508, 'https://picsum.photos/id/272/200/200');
INSERT INTO SONGS (song_id, album_id, title, duration, genre, release_date, `rank`, image) VALUES (35, 125, 'Song 5BmRgjTAxW', 264, 'Jazz', '2013-07-26', 550, 'https://picsum.photos/id/247/200/200');
INSERT INTO SONGS (song_id, album_id, title, duration, genre, release_date, `rank`, image) VALUES (36, 108, 'Song y2mtIL6JzE', 175, 'Indie', '2020-10-21', 259, 'https://picsum.photos/id/244/200/200');
INSERT INTO SONGS (song_id, album_id, title, duration, genre, release_date, `rank`, image) VALUES (37, 9, 'Song nmdpWEPgMU', 384, 'Indie', '2008-07-31', 76, 'https://picsum.photos/id/284/200/200');
INSERT INTO SONGS (song_id, album_id, title, duration, genre, release_date, `rank`, image) VALUES (38, 188, 'Song 9jFhrNALCN', 302, 'Black Metal', '2008-06-27', 279, 'https://picsum.photos/id/263/200/200');
INSERT INTO SONGS (song_id, album_id, title, duration, genre, release_date, `rank`, image) VALUES (39, 181, 'Song q1GUVEIHXd', 221, 'Folk', '2019-05-19', 546, 'https://picsum.photos/id/226/200/200');
INSERT INTO SONGS (song_id, album_id, title, duration, genre, release_date, `rank`, image) VALUES (40, 149, 'Song QiCZONzlR2', 411, 'Country', '2008-08-07', 769, 'https://picsum.photos/id/225/200/200');
INSERT INTO SONGS (song_id, album_id, title, duration, genre, release_date, `rank`, image) VALUES (41, 198, 'Song 68CLgrzHHR', 123, 'Indie', '2022-04-27', 193, 'https://picsum.photos/id/239/200/200');
INSERT INTO SONGS (song_id, album_id, title, duration, genre, release_date, `rank`, image) VALUES (42, 82, 'Song v9mvPxfxq0', 203, 'Country', '2010-03-09', 264, 'https://picsum.photos/id/218/200/200');
INSERT INTO SONGS (song_id, album_id, title, duration, genre, release_date, `rank`, image) VALUES (43, 97, 'Song BFoynmhmd0', 167, 'Jazz', '2018-11-20', 369, 'https://picsum.photos/id/294/200/200');
INSERT INTO SONGS (song_id, album_id, title, duration, genre, release_date, `rank`, image) VALUES (44, 167, 'Song kz6nFMyllF', 137, 'Black Metal', '2013-11-03', 52, 'https://picsum.photos/id/265/200/200');
INSERT INTO SONGS (song_id, album_id, title, duration, genre, release_date, `rank`, image) VALUES (45, 133, 'Song GxCnrI0lbN', 319, 'Pop', '2022-03-27', 241, 'https://picsum.photos/id/262/200/200');
INSERT INTO SONGS (song_id, album_id, title, duration, genre, release_date, `rank`, image) VALUES (46, 95, 'Song itqRqlIFUf', 224, 'Indie', '2008-06-03', 317, 'https://picsum.photos/id/273/200/200');
INSERT INTO SONGS (song_id, album_id, title, duration, genre, release_date, `rank`, image) VALUES (47, 20, 'Song IQKG3FPu6i', 419, 'Indie', '2018-10-16', 404, 'https://picsum.photos/id/219/200/200');
INSERT INTO SONGS (song_id, album_id, title, duration, genre, release_date, `rank`, image) VALUES (48, 74, 'Song CTrZx8tJsr', 173, 'Folk', '2015-08-19', 307, 'https://picsum.photos/id/237/200/200');
INSERT INTO SONGS (song_id, album_id, title, duration, genre, release_date, `rank`, image) VALUES (49, 17, 'Song y6NyZDZp26', 435, 'Barok', '2017-09-17', 433, 'https://picsum.photos/id/264/200/200');
INSERT INTO SONGS (song_id, album_id, title, duration, genre, release_date, `rank`, image) VALUES (50, 138, 'Song LnFtRbIesO', 220, 'Black Metal', '2013-07-03', 424, 'https://picsum.photos/id/224/200/200');
INSERT INTO SONGS (song_id, album_id, title, duration, genre, release_date, `rank`, image) VALUES (51, 131, 'Song oxh9M5KQgt', 444, 'Turkish Psychedelic', '2020-05-27', 79, 'https://picsum.photos/id/283/200/200');
INSERT INTO SONGS (song_id, album_id, title, duration, genre, release_date, `rank`, image) VALUES (52, 89, 'Song Q9KjCfDEiX', 350, 'Jazz', '2016-03-09', 117, 'https://picsum.photos/id/251/200/200');
INSERT INTO SONGS (song_id, album_id, title, duration, genre, release_date, `rank`, image) VALUES (53, 37, 'Song 8dAcYcLVgk', 320, 'Country', '2018-10-20', 753, 'https://picsum.photos/id/208/200/200');
INSERT INTO SONGS (song_id, album_id, title, duration, genre, release_date, `rank`, image) VALUES (54, 182, 'Song xUcRVTwODL', 411, 'Turkish Rock', '2009-07-14', 612, 'https://picsum.photos/id/277/200/200');
INSERT INTO SONGS (song_id, album_id, title, duration, genre, release_date, `rank`, image) VALUES (55, 96, 'Song p91YIJs7zP', 279, 'Barok', '2017-03-28', 427, 'https://picsum.photos/id/285/200/200');
INSERT INTO SONGS (song_id, album_id, title, duration, genre, release_date, `rank`, image) VALUES (56, 59, 'Song Kba5EAqtqs', 129, 'Turkish Folk', '2020-01-19', 438, 'https://picsum.photos/id/274/200/200');
INSERT INTO SONGS (song_id, album_id, title, duration, genre, release_date, `rank`, image) VALUES (57, 190, 'Song F2oA8XsUC1', 266, 'Folk', '2021-09-13', 536, 'https://picsum.photos/id/295/200/200');
INSERT INTO SONGS (song_id, album_id, title, duration, genre, release_date, `rank`, image) VALUES (58, 48, 'Song CaT1awYulx', 370, 'Turkish Folk', '2016-08-28', 394, 'https://picsum.photos/id/294/200/200');
INSERT INTO SONGS (song_id, album_id, title, duration, genre, release_date, `rank`, image) VALUES (59, 166, 'Song nN7DEtY8QB', 253, 'Gangsta Rap', '2011-10-05', 623, 'https://picsum.photos/id/230/200/200');
INSERT INTO SONGS (song_id, album_id, title, duration, genre, release_date, `rank`, image) VALUES (60, 194, 'Song OmGOmtcv0t', 178, 'Turkish Folk', '2019-08-22', 540, 'https://picsum.photos/id/241/200/200');
INSERT INTO SONGS (song_id, album_id, title, duration, genre, release_date, `rank`, image) VALUES (61, 17, 'Song q7JcXpF3PJ', 121, 'Blues', '2023-12-15', 322, 'https://picsum.photos/id/264/200/200');
INSERT INTO SONGS (song_id, album_id, title, duration, genre, release_date, `rank`, image) VALUES (62, 126, 'Song 03bN53nva7', 377, 'Turkish Rock', '2016-10-26', 606, 'https://picsum.photos/id/265/200/200');
INSERT INTO SONGS (song_id, album_id, title, duration, genre, release_date, `rank`, image) VALUES (63, 101, 'Song q9SNUUd56W', 345, 'Indie', '2020-01-31', 696, 'https://picsum.photos/id/221/200/200');
INSERT INTO SONGS (song_id, album_id, title, duration, genre, release_date, `rank`, image) VALUES (64, 39, 'Song smtFPoYzhy', 184, 'Rock', '2017-12-02', 504, 'https://picsum.photos/id/259/200/200');
INSERT INTO SONGS (song_id, album_id, title, duration, genre, release_date, `rank`, image) VALUES (65, 64, 'Song rj8eCbFBIq', 379, 'Gangsta Rap', '2020-08-12', 969, 'https://picsum.photos/id/226/200/200');
INSERT INTO SONGS (song_id, album_id, title, duration, genre, release_date, `rank`, image) VALUES (66, 12, 'Song jrdK3vGnG5', 279, 'Country', '2010-10-13', 162, 'https://picsum.photos/id/240/200/200');
INSERT INTO SONGS (song_id, album_id, title, duration, genre, release_date, `rank`, image) VALUES (67, 6, 'Song fedDyHpGAz', 258, 'Barok', '2022-10-10', 539, 'https://picsum.photos/id/291/200/200');
INSERT INTO SONGS (song_id, album_id, title, duration, genre, release_date, `rank`, image) VALUES (68, 181, 'Song llBuRyp4N9', 389, 'Reggae', '2019-03-12', 214, 'https://picsum.photos/id/226/200/200');
INSERT INTO SONGS (song_id, album_id, title, duration, genre, release_date, `rank`, image) VALUES (69, 150, 'Song ZyKJ1Qo1Gc', 348, 'Reggae', '2019-04-14', 183, 'https://picsum.photos/id/238/200/200');
INSERT INTO SONGS (song_id, album_id, title, duration, genre, release_date, `rank`, image) VALUES (70, 13, 'Song H2HGrv4XOQ', 280, 'Indie', '2011-08-21', 881, 'https://picsum.photos/id/274/200/200');
INSERT INTO SONGS (song_id, album_id, title, duration, genre, release_date, `rank`, image) VALUES (71, 22, 'Song FMUXqdFcSD', 154, 'Folk', '2016-05-02', 694, 'https://picsum.photos/id/294/200/200');
INSERT INTO SONGS (song_id, album_id, title, duration, genre, release_date, `rank`, image) VALUES (72, 4, 'Song CZO6aUKosn', 403, 'Reggae', '2016-07-21', 96, 'https://picsum.photos/id/228/200/200');
INSERT INTO SONGS (song_id, album_id, title, duration, genre, release_date, `rank`, image) VALUES (73, 139, 'Song 0W41QkXClq', 316, 'Indie', '2021-10-18', 432, 'https://picsum.photos/id/270/200/200');
INSERT INTO SONGS (song_id, album_id, title, duration, genre, release_date, `rank`, image) VALUES (74, 74, 'Song 9AcfwoD2xx', 220, 'Turkish Rock', '2012-09-03', 939, 'https://picsum.photos/id/237/200/200');
INSERT INTO SONGS (song_id, album_id, title, duration, genre, release_date, `rank`, image) VALUES (75, 192, 'Song lvtnnKC0tu', 325, 'Barok', '2013-02-20', 796, 'https://picsum.photos/id/263/200/200');
INSERT INTO SONGS (song_id, album_id, title, duration, genre, release_date, `rank`, image) VALUES (76, 57, 'Song fJD9GdnVe5', 464, 'Folk', '2008-09-26', 270, 'https://picsum.photos/id/250/200/200');
INSERT INTO SONGS (song_id, album_id, title, duration, genre, release_date, `rank`, image) VALUES (77, 48, 'Song rTMWU2pbxO', 314, 'Jazz', '2017-12-07', 614, 'https://picsum.photos/id/294/200/200');
INSERT INTO SONGS (song_id, album_id, title, duration, genre, release_date, `rank`, image) VALUES (78, 75, 'Song ENUuF73wKo', 314, 'Reggae', '2010-09-29', 296, 'https://picsum.photos/id/223/200/200');
INSERT INTO SONGS (song_id, album_id, title, duration, genre, release_date, `rank`, image) VALUES (79, 126, 'Song sOVtt2UAPb', 415, 'Turkish Psychedelic', '2014-01-07', 829, 'https://picsum.photos/id/265/200/200');
INSERT INTO SONGS (song_id, album_id, title, duration, genre, release_date, `rank`, image) VALUES (80, 146, 'Song wvynHFg1gu', 254, 'Folk', '2012-12-08', 796, 'https://picsum.photos/id/266/200/200');
INSERT INTO SONGS (song_id, album_id, title, duration, genre, release_date, `rank`, image) VALUES (81, 87, 'Song AGvLjvUuaU', 349, 'Rock', '2021-09-05', 263, 'https://picsum.photos/id/267/200/200');
INSERT INTO SONGS (song_id, album_id, title, duration, genre, release_date, `rank`, image) VALUES (82, 79, 'Song XGLVbpOHUX', 462, 'Folk', '2008-06-29', 2, 'https://picsum.photos/id/231/200/200');
INSERT INTO SONGS (song_id, album_id, title, duration, genre, release_date, `rank`, image) VALUES (83, 15, 'Song OYlxx0wLrp', 452, 'Alternative', '2012-12-06', 963, 'https://picsum.photos/id/290/200/200');
INSERT INTO SONGS (song_id, album_id, title, duration, genre, release_date, `rank`, image) VALUES (84, 23, 'Song hlyBmm6KwL', 258, 'Gangsta Rap', '2019-04-22', 779, 'https://picsum.photos/id/297/200/200');
INSERT INTO SONGS (song_id, album_id, title, duration, genre, release_date, `rank`, image) VALUES (85, 65, 'Song qBIEfJ3jKM', 372, 'Country', '2020-09-22', 345, 'https://picsum.photos/id/269/200/200');
INSERT INTO SONGS (song_id, album_id, title, duration, genre, release_date, `rank`, image) VALUES (86, 102, 'Song 2bfZDPN3yx', 180, 'Blues', '2018-01-13', 229, 'https://picsum.photos/id/262/200/200');
INSERT INTO SONGS (song_id, album_id, title, duration, genre, release_date, `rank`, image) VALUES (87, 89, 'Song diVD7PHSIa', 129, 'Turkish Folk', '2018-10-07', 712, 'https://picsum.photos/id/251/200/200');
INSERT INTO SONGS (song_id, album_id, title, duration, genre, release_date, `rank`, image) VALUES (88, 124, 'Song 3WVfeFdYS7', 462, 'Rock', '2008-01-31', 721, 'https://picsum.photos/id/211/200/200');
INSERT INTO SONGS (song_id, album_id, title, duration, genre, release_date, `rank`, image) VALUES (89, 166, 'Song wXaUtes5SB', 320, 'Gangsta Rap', '2024-03-21', 345, 'https://picsum.photos/id/230/200/200');
INSERT INTO SONGS (song_id, album_id, title, duration, genre, release_date, `rank`, image) VALUES (90, 82, 'Song NfxYKdzmxh', 326, 'Gangsta Rap', '2022-10-08', 34, 'https://picsum.photos/id/218/200/200');
INSERT INTO SONGS (song_id, album_id, title, duration, genre, release_date, `rank`, image) VALUES (91, 126, 'Song xY2Jk1J5Sz', 235, 'Rock', '2023-04-16', 369, 'https://picsum.photos/id/265/200/200');
INSERT INTO SONGS (song_id, album_id, title, duration, genre, release_date, `rank`, image) VALUES (92, 90, 'Song cItVfncx9S', 438, 'Alternative', '2019-01-31', 223, 'https://picsum.photos/id/241/200/200');
INSERT INTO SONGS (song_id, album_id, title, duration, genre, release_date, `rank`, image) VALUES (93, 162, 'Song d91lB03Lik', 343, 'Reggae', '2009-03-05', 91, 'https://picsum.photos/id/232/200/200');
INSERT INTO SONGS (song_id, album_id, title, duration, genre, release_date, `rank`, image) VALUES (94, 163, 'Song RAEzstTDX2', 271, 'Gangsta Rap', '2008-02-17', 45, 'https://picsum.photos/id/201/200/200');
INSERT INTO SONGS (song_id, album_id, title, duration, genre, release_date, `rank`, image) VALUES (95, 171, 'Song k9j47Trjph', 373, 'Barok', '2013-06-03', 994, 'https://picsum.photos/id/244/200/200');
INSERT INTO SONGS (song_id, album_id, title, duration, genre, release_date, `rank`, image) VALUES (96, 153, 'Song rKdBwdTfLx', 227, 'Reggae', '2015-04-03', 906, 'https://picsum.photos/id/240/200/200');
INSERT INTO SONGS (song_id, album_id, title, duration, genre, release_date, `rank`, image) VALUES (97, 185, 'Song jOKq76Tcr8', 227, 'Country', '2020-03-12', 689, 'https://picsum.photos/id/280/200/200');
INSERT INTO SONGS (song_id, album_id, title, duration, genre, release_date, `rank`, image) VALUES (98, 13, 'Song WsDv8T2yFq', 126, 'Gangsta Rap', '2009-03-01', 360, 'https://picsum.photos/id/274/200/200');
INSERT INTO SONGS (song_id, album_id, title, duration, genre, release_date, `rank`, image) VALUES (99, 113, 'Song gG699UPDmL', 412, 'Indie', '2012-07-31', 156, 'https://picsum.photos/id/238/200/200');
INSERT INTO SONGS (song_id, album_id, title, duration, genre, release_date, `rank`, image) VALUES (100, 22, 'Song TFMX27o1lh', 229, 'Barok', '2011-01-05', 247, 'https://picsum.photos/id/294/200/200');
INSERT INTO SONGS (song_id, album_id, title, duration, genre, release_date, `rank`, image) VALUES (101, 188, 'Song uEQ2rzqkRe', 432, 'Blues', '2010-10-17', 19, 'https://picsum.photos/id/263/200/200');
INSERT INTO SONGS (song_id, album_id, title, duration, genre, release_date, `rank`, image) VALUES (102, 75, 'Song YBCK8YnEaq', 256, 'Country', '2018-06-23', 638, 'https://picsum.photos/id/223/200/200');
INSERT INTO SONGS (song_id, album_id, title, duration, genre, release_date, `rank`, image) VALUES (103, 22, 'Song OqpBAqlGiY', 311, 'Jazz', '2017-02-12', 493, 'https://picsum.photos/id/294/200/200');
INSERT INTO SONGS (song_id, album_id, title, duration, genre, release_date, `rank`, image) VALUES (104, 20, 'Song 7zVvGtzL1j', 398, 'Pop', '2020-01-11', 580, 'https://picsum.photos/id/219/200/200');
INSERT INTO SONGS (song_id, album_id, title, duration, genre, release_date, `rank`, image) VALUES (105, 7, 'Song hf8hixVZtD', 379, 'Black Metal', '2015-08-23', 90, 'https://picsum.photos/id/266/200/200');
INSERT INTO SONGS (song_id, album_id, title, duration, genre, release_date, `rank`, image) VALUES (106, 185, 'Song xZ8WYwmIXU', 151, 'Gangsta Rap', '2015-12-04', 109, 'https://picsum.photos/id/280/200/200');
INSERT INTO SONGS (song_id, album_id, title, duration, genre, release_date, `rank`, image) VALUES (107, 91, 'Song wsfsAkK6aV', 170, 'Alternative', '2011-04-27', 164, 'https://picsum.photos/id/280/200/200');
INSERT INTO SONGS (song_id, album_id, title, duration, genre, release_date, `rank`, image) VALUES (108, 93, 'Song ljNd9ND7Kt', 348, 'Turkish Folk', '2013-11-22', 661, 'https://picsum.photos/id/296/200/200');
INSERT INTO SONGS (song_id, album_id, title, duration, genre, release_date, `rank`, image) VALUES (109, 86, 'Song librh4pom0', 369, 'Rock', '2016-04-06', 125, 'https://picsum.photos/id/292/200/200');
INSERT INTO SONGS (song_id, album_id, title, duration, genre, release_date, `rank`, image) VALUES (110, 50, 'Song 6xhugurycT', 382, 'Alternative', '2021-07-03', 759, 'https://picsum.photos/id/281/200/200');
INSERT INTO SONGS (song_id, album_id, title, duration, genre, release_date, `rank`, image) VALUES (111, 56, 'Song VaSyW74vGl', 205, 'Jazz', '2012-05-17', 183, 'https://picsum.photos/id/289/200/200');
INSERT INTO SONGS (song_id, album_id, title, duration, genre, release_date, `rank`, image) VALUES (112, 184, 'Song aewbkrgkkT', 350, 'Turkish Folk', '2012-04-25', 236, 'https://picsum.photos/id/233/200/200');
INSERT INTO SONGS (song_id, album_id, title, duration, genre, release_date, `rank`, image) VALUES (113, 32, 'Song UC3xfRmhsr', 334, 'Blues', '2010-04-27', 541, 'https://picsum.photos/id/289/200/200');
INSERT INTO SONGS (song_id, album_id, title, duration, genre, release_date, `rank`, image) VALUES (114, 67, 'Song GrmHSLjeO2', 429, 'Folk', '2019-12-17', 4, 'https://picsum.photos/id/249/200/200');
INSERT INTO SONGS (song_id, album_id, title, duration, genre, release_date, `rank`, image) VALUES (115, 186, 'Song AvFtsoeQnB', 155, 'Barok', '2009-09-14', 548, 'https://picsum.photos/id/225/200/200');
INSERT INTO SONGS (song_id, album_id, title, duration, genre, release_date, `rank`, image) VALUES (116, 49, 'Song 3Hf8r7c7HS', 306, 'Pop', '2015-02-16', 887, 'https://picsum.photos/id/294/200/200');
INSERT INTO SONGS (song_id, album_id, title, duration, genre, release_date, `rank`, image) VALUES (117, 28, 'Song Rsbukm5iFY', 454, 'Folk', '2022-09-23', 131, 'https://picsum.photos/id/207/200/200');
INSERT INTO SONGS (song_id, album_id, title, duration, genre, release_date, `rank`, image) VALUES (118, 84, 'Song 6quc6w5yZS', 426, 'Black Metal', '2024-02-03', 838, 'https://picsum.photos/id/269/200/200');
INSERT INTO SONGS (song_id, album_id, title, duration, genre, release_date, `rank`, image) VALUES (119, 9, 'Song 7Mrwgo5wY1', 325, 'Turkish Folk', '2018-08-01', 488, 'https://picsum.photos/id/284/200/200');
INSERT INTO SONGS (song_id, album_id, title, duration, genre, release_date, `rank`, image) VALUES (120, 142, 'Song rvbaJkCqXB', 318, 'Alternative', '2008-09-07', 604, 'https://picsum.photos/id/207/200/200');
INSERT INTO SONGS (song_id, album_id, title, duration, genre, release_date, `rank`, image) VALUES (121, 182, 'Song kQfXVly76o', 414, 'Turkish Folk', '2023-08-06', 89, 'https://picsum.photos/id/277/200/200');
INSERT INTO SONGS (song_id, album_id, title, duration, genre, release_date, `rank`, image) VALUES (122, 172, 'Song RfjPUfrGqU', 376, 'Gangsta Rap', '2022-08-29', 419, 'https://picsum.photos/id/293/200/200');
INSERT INTO SONGS (song_id, album_id, title, duration, genre, release_date, `rank`, image) VALUES (123, 76, 'Song 1D74xJVy9E', 409, 'Reggae', '2022-04-18', 30, 'https://picsum.photos/id/254/200/200');
INSERT INTO SONGS (song_id, album_id, title, duration, genre, release_date, `rank`, image) VALUES (124, 14, 'Song isIzuXZPjq', 343, 'Jazz', '2023-06-14', 87, 'https://picsum.photos/id/290/200/200');
INSERT INTO SONGS (song_id, album_id, title, duration, genre, release_date, `rank`, image) VALUES (125, 146, 'Song VJ8rFBFQzV', 201, 'Alternative', '2016-02-12', 537, 'https://picsum.photos/id/266/200/200');
INSERT INTO SONGS (song_id, album_id, title, duration, genre, release_date, `rank`, image) VALUES (126, 165, 'Song F0YneViOfo', 266, 'Blues', '2012-10-28', 285, 'https://picsum.photos/id/266/200/200');
INSERT INTO SONGS (song_id, album_id, title, duration, genre, release_date, `rank`, image) VALUES (127, 45, 'Song 0K6zm6XLMV', 143, 'Indie', '2020-09-30', 800, 'https://picsum.photos/id/293/200/200');
INSERT INTO SONGS (song_id, album_id, title, duration, genre, release_date, `rank`, image) VALUES (128, 132, 'Song g0CFpHuVgV', 426, 'Country', '2015-07-02', 686, 'https://picsum.photos/id/221/200/200');
INSERT INTO SONGS (song_id, album_id, title, duration, genre, release_date, `rank`, image) VALUES (129, 61, 'Song GUgwEPh7xN', 179, 'Rock', '2016-03-02', 910, 'https://picsum.photos/id/272/200/200');
INSERT INTO SONGS (song_id, album_id, title, duration, genre, release_date, `rank`, image) VALUES (130, 143, 'Song 8S1UgwyJrO', 391, 'Indie', '2012-03-22', 266, 'https://picsum.photos/id/287/200/200');
INSERT INTO SONGS (song_id, album_id, title, duration, genre, release_date, `rank`, image) VALUES (131, 17, 'Song MOMvQanX7Y', 139, 'Pop', '2009-12-20', 818, 'https://picsum.photos/id/264/200/200');
INSERT INTO SONGS (song_id, album_id, title, duration, genre, release_date, `rank`, image) VALUES (132, 24, 'Song StCahgfxAS', 190, 'Turkish Psychedelic', '2010-09-30', 494, 'https://picsum.photos/id/241/200/200');
INSERT INTO SONGS (song_id, album_id, title, duration, genre, release_date, `rank`, image) VALUES (133, 157, 'Song vtg3IxGFdW', 192, 'Reggae', '2012-11-06', 385, 'https://picsum.photos/id/272/200/200');
INSERT INTO SONGS (song_id, album_id, title, duration, genre, release_date, `rank`, image) VALUES (134, 39, 'Song uzScEsplQY', 458, 'Rock', '2017-12-09', 195, 'https://picsum.photos/id/259/200/200');
INSERT INTO SONGS (song_id, album_id, title, duration, genre, release_date, `rank`, image) VALUES (135, 22, 'Song En5DSYaHRU', 412, 'Folk', '2021-08-20', 183, 'https://picsum.photos/id/294/200/200');
INSERT INTO SONGS (song_id, album_id, title, duration, genre, release_date, `rank`, image) VALUES (136, 74, 'Song 5u020rc61P', 426, 'Black Metal', '2012-10-04', 417, 'https://picsum.photos/id/237/200/200');
INSERT INTO SONGS (song_id, album_id, title, duration, genre, release_date, `rank`, image) VALUES (137, 26, 'Song OOytGZvodp', 472, 'Turkish Rock', '2018-11-01', 96, 'https://picsum.photos/id/292/200/200');
INSERT INTO SONGS (song_id, album_id, title, duration, genre, release_date, `rank`, image) VALUES (138, 123, 'Song b7ut4ivpzB', 475, 'Alternative', '2009-09-16', 562, 'https://picsum.photos/id/223/200/200');
INSERT INTO SONGS (song_id, album_id, title, duration, genre, release_date, `rank`, image) VALUES (139, 51, 'Song OSWbhKN0uH', 192, 'Barok', '2010-03-02', 957, 'https://picsum.photos/id/266/200/200');
INSERT INTO SONGS (song_id, album_id, title, duration, genre, release_date, `rank`, image) VALUES (140, 101, 'Song FhxvajrJQv', 294, 'Turkish Folk', '2013-02-19', 95, 'https://picsum.photos/id/221/200/200');
INSERT INTO SONGS (song_id, album_id, title, duration, genre, release_date, `rank`, image) VALUES (141, 154, 'Song XkIkH8HCsx', 330, 'Reggae', '2020-12-01', 954, 'https://picsum.photos/id/293/200/200');
INSERT INTO SONGS (song_id, album_id, title, duration, genre, release_date, `rank`, image) VALUES (142, 164, 'Song q5b6MtJF8l', 274, 'Turkish Rock', '2017-01-31', 899, 'https://picsum.photos/id/213/200/200');
INSERT INTO SONGS (song_id, album_id, title, duration, genre, release_date, `rank`, image) VALUES (143, 60, 'Song AJ7B0IR7NU', 142, 'Indie', '2015-04-02', 119, 'https://picsum.photos/id/217/200/200');
INSERT INTO SONGS (song_id, album_id, title, duration, genre, release_date, `rank`, image) VALUES (144, 159, 'Song TveJxv9Rbu', 174, 'Country', '2013-12-19', 33, 'https://picsum.photos/id/299/200/200');
INSERT INTO SONGS (song_id, album_id, title, duration, genre, release_date, `rank`, image) VALUES (145, 15, 'Song JuZ6BMvuSH', 395, 'Turkish Psychedelic', '2022-09-20', 658, 'https://picsum.photos/id/290/200/200');
INSERT INTO SONGS (song_id, album_id, title, duration, genre, release_date, `rank`, image) VALUES (146, 104, 'Song zYqJtGWkEA', 130, 'Country', '2021-02-14', 427, 'https://picsum.photos/id/283/200/200');
INSERT INTO SONGS (song_id, album_id, title, duration, genre, release_date, `rank`, image) VALUES (147, 86, 'Song u0JsVq7dzq', 473, 'Turkish Rock', '2021-06-16', 562, 'https://picsum.photos/id/292/200/200');
INSERT INTO SONGS (song_id, album_id, title, duration, genre, release_date, `rank`, image) VALUES (148, 43, 'Song 38q0tpzGfb', 392, 'Jazz', '2023-12-29', 153, 'https://picsum.photos/id/263/200/200');
INSERT INTO SONGS (song_id, album_id, title, duration, genre, release_date, `rank`, image) VALUES (149, 144, 'Song V695qjjANo', 273, 'Indie', '2014-04-14', 980, 'https://picsum.photos/id/239/200/200');
INSERT INTO SONGS (song_id, album_id, title, duration, genre, release_date, `rank`, image) VALUES (150, 25, 'Song 9dsnQCKoHg', 407, 'Blues', '2016-08-19', 74, 'https://picsum.photos/id/254/200/200');
INSERT INTO SONGS (song_id, album_id, title, duration, genre, release_date, `rank`, image) VALUES (151, 97, 'Song Z42ZCkpLV1', 379, 'Turkish Rock', '2010-06-04', 718, 'https://picsum.photos/id/294/200/200');
INSERT INTO SONGS (song_id, album_id, title, duration, genre, release_date, `rank`, image) VALUES (152, 79, 'Song bgrcGFsj78', 430, 'Turkish Folk', '2011-10-07', 103, 'https://picsum.photos/id/231/200/200');
INSERT INTO SONGS (song_id, album_id, title, duration, genre, release_date, `rank`, image) VALUES (153, 36, 'Song vJVULXfWJB', 385, 'Turkish Rock', '2011-02-01', 496, 'https://picsum.photos/id/272/200/200');
INSERT INTO SONGS (song_id, album_id, title, duration, genre, release_date, `rank`, image) VALUES (154, 69, 'Song LydqP9I706', 387, 'Folk', '2018-10-20', 999, 'https://picsum.photos/id/254/200/200');
INSERT INTO SONGS (song_id, album_id, title, duration, genre, release_date, `rank`, image) VALUES (155, 28, 'Song JPV4bhaNl2', 266, 'Alternative', '2011-03-27', 932, 'https://picsum.photos/id/207/200/200');
INSERT INTO SONGS (song_id, album_id, title, duration, genre, release_date, `rank`, image) VALUES (156, 46, 'Song Kjxef2QNSD', 147, 'Blues', '2019-04-06', 966, 'https://picsum.photos/id/203/200/200');
INSERT INTO SONGS (song_id, album_id, title, duration, genre, release_date, `rank`, image) VALUES (157, 143, 'Song KWtNukBjFv', 439, 'Gangsta Rap', '2017-05-06', 923, 'https://picsum.photos/id/287/200/200');
INSERT INTO SONGS (song_id, album_id, title, duration, genre, release_date, `rank`, image) VALUES (158, 99, 'Song aziA5V4Vwt', 246, 'Reggae', '2009-08-28', 127, 'https://picsum.photos/id/244/200/200');
INSERT INTO SONGS (song_id, album_id, title, duration, genre, release_date, `rank`, image) VALUES (159, 88, 'Song vgo2ThuXCy', 427, 'Reggae', '2020-07-02', 404, 'https://picsum.photos/id/201/200/200');
INSERT INTO SONGS (song_id, album_id, title, duration, genre, release_date, `rank`, image) VALUES (160, 13, 'Song xIcdmixTdN', 218, 'Blues', '2020-04-20', 112, 'https://picsum.photos/id/274/200/200');
INSERT INTO SONGS (song_id, album_id, title, duration, genre, release_date, `rank`, image) VALUES (161, 38, 'Song cXjfGc4ZAe', 257, 'Turkish Rock', '2022-06-03', 689, 'https://picsum.photos/id/224/200/200');
INSERT INTO SONGS (song_id, album_id, title, duration, genre, release_date, `rank`, image) VALUES (162, 41, 'Song aZ4VgD148R', 167, 'Reggae', '2015-10-24', 139, 'https://picsum.photos/id/247/200/200');
INSERT INTO SONGS (song_id, album_id, title, duration, genre, release_date, `rank`, image) VALUES (163, 61, 'Song 2aTBVqmAVs', 126, 'Alternative', '2023-01-03', 497, 'https://picsum.photos/id/272/200/200');
INSERT INTO SONGS (song_id, album_id, title, duration, genre, release_date, `rank`, image) VALUES (164, 9, 'Song LmeZmHcQiz', 148, 'Rock', '2022-07-26', 359, 'https://picsum.photos/id/284/200/200');
INSERT INTO SONGS (song_id, album_id, title, duration, genre, release_date, `rank`, image) VALUES (165, 5, 'Song 3FyEzit65j', 311, 'Turkish Folk', '2012-01-27', 740, 'https://picsum.photos/id/203/200/200');
INSERT INTO SONGS (song_id, album_id, title, duration, genre, release_date, `rank`, image) VALUES (166, 52, 'Song OmyC829rMa', 187, 'Country', '2015-10-03', 726, 'https://picsum.photos/id/245/200/200');
INSERT INTO SONGS (song_id, album_id, title, duration, genre, release_date, `rank`, image) VALUES (167, 187, 'Song wU3swCScqm', 131, 'Country', '2020-02-05', 557, 'https://picsum.photos/id/202/200/200');
INSERT INTO SONGS (song_id, album_id, title, duration, genre, release_date, `rank`, image) VALUES (168, 115, 'Song RZckMV7wUZ', 421, 'Jazz', '2022-05-13', 85, 'https://picsum.photos/id/273/200/200');
INSERT INTO SONGS (song_id, album_id, title, duration, genre, release_date, `rank`, image) VALUES (169, 4, 'Song G5ylWpUSzd', 430, 'Black Metal', '2010-08-07', 494, 'https://picsum.photos/id/228/200/200');
INSERT INTO SONGS (song_id, album_id, title, duration, genre, release_date, `rank`, image) VALUES (170, 86, 'Song bDSFuHmlhV', 318, 'Barok', '2018-10-30', 514, 'https://picsum.photos/id/292/200/200');
INSERT INTO SONGS (song_id, album_id, title, duration, genre, release_date, `rank`, image) VALUES (171, 158, 'Song vdgVsq19U3', 241, 'Turkish Psychedelic', '2008-10-11', 66, 'https://picsum.photos/id/268/200/200');
INSERT INTO SONGS (song_id, album_id, title, duration, genre, release_date, `rank`, image) VALUES (172, 22, 'Song AOQGwFcgtw', 370, 'Rock', '2023-03-10', 872, 'https://picsum.photos/id/294/200/200');
INSERT INTO SONGS (song_id, album_id, title, duration, genre, release_date, `rank`, image) VALUES (173, 48, 'Song T3MWnoZDAs', 160, 'Folk', '2008-09-21', 457, 'https://picsum.photos/id/294/200/200');
INSERT INTO SONGS (song_id, album_id, title, duration, genre, release_date, `rank`, image) VALUES (174, 113, 'Song BrwR4g3f43', 223, 'Jazz', '2022-05-24', 193, 'https://picsum.photos/id/238/200/200');
INSERT INTO SONGS (song_id, album_id, title, duration, genre, release_date, `rank`, image) VALUES (175, 166, 'Song eeB9lnynHx', 249, 'Indie', '2008-02-11', 766, 'https://picsum.photos/id/230/200/200');
INSERT INTO SONGS (song_id, album_id, title, duration, genre, release_date, `rank`, image) VALUES (176, 58, 'Song kF1xcrwGft', 128, 'Gangsta Rap', '2022-12-03', 900, 'https://picsum.photos/id/249/200/200');
INSERT INTO SONGS (song_id, album_id, title, duration, genre, release_date, `rank`, image) VALUES (177, 61, 'Song 1rJk7E5k6J', 278, 'Jazz', '2021-06-01', 81, 'https://picsum.photos/id/272/200/200');
INSERT INTO SONGS (song_id, album_id, title, duration, genre, release_date, `rank`, image) VALUES (178, 181, 'Song W5TeCJnYDE', 307, 'Turkish Psychedelic', '2018-01-07', 796, 'https://picsum.photos/id/226/200/200');
INSERT INTO SONGS (song_id, album_id, title, duration, genre, release_date, `rank`, image) VALUES (179, 4, 'Song OSJaBAAcIh', 276, 'Black Metal', '2014-01-11', 272, 'https://picsum.photos/id/228/200/200');
INSERT INTO SONGS (song_id, album_id, title, duration, genre, release_date, `rank`, image) VALUES (180, 94, 'Song 0PON8IunsW', 376, 'Alternative', '2019-11-04', 13, 'https://picsum.photos/id/205/200/200');
INSERT INTO SONGS (song_id, album_id, title, duration, genre, release_date, `rank`, image) VALUES (181, 173, 'Song apsc5IvxUa', 160, 'Pop', '2023-01-06', 427, 'https://picsum.photos/id/240/200/200');
INSERT INTO SONGS (song_id, album_id, title, duration, genre, release_date, `rank`, image) VALUES (182, 145, 'Song 0HNpPiRCZY', 254, 'Indie', '2021-12-03', 435, 'https://picsum.photos/id/296/200/200');
INSERT INTO SONGS (song_id, album_id, title, duration, genre, release_date, `rank`, image) VALUES (183, 110, 'Song 83JWV6D0Jl', 448, 'Gangsta Rap', '2019-05-05', 384, 'https://picsum.photos/id/211/200/200');
INSERT INTO SONGS (song_id, album_id, title, duration, genre, release_date, `rank`, image) VALUES (184, 10, 'Song oxw721D0J8', 246, 'Turkish Folk', '2009-06-08', 619, 'https://picsum.photos/id/274/200/200');
INSERT INTO SONGS (song_id, album_id, title, duration, genre, release_date, `rank`, image) VALUES (185, 64, 'Song KiyxyxZSVf', 377, 'Rock', '2009-05-16', 747, 'https://picsum.photos/id/226/200/200');
INSERT INTO SONGS (song_id, album_id, title, duration, genre, release_date, `rank`, image) VALUES (186, 113, 'Song 1j8WOUylUN', 397, 'Blues', '2024-01-06', 591, 'https://picsum.photos/id/238/200/200');
INSERT INTO SONGS (song_id, album_id, title, duration, genre, release_date, `rank`, image) VALUES (187, 127, 'Song CmZdyhh4A7', 196, 'Blues', '2010-04-28', 298, 'https://picsum.photos/id/241/200/200');
INSERT INTO SONGS (song_id, album_id, title, duration, genre, release_date, `rank`, image) VALUES (188, 77, 'Song STgbNLCukb', 234, 'Gangsta Rap', '2017-04-21', 487, 'https://picsum.photos/id/203/200/200');
INSERT INTO SONGS (song_id, album_id, title, duration, genre, release_date, `rank`, image) VALUES (189, 78, 'Song 7hvUIOB9At', 320, 'Country', '2022-04-25', 873, 'https://picsum.photos/id/298/200/200');
INSERT INTO SONGS (song_id, album_id, title, duration, genre, release_date, `rank`, image) VALUES (190, 159, 'Song sATYmEs6MS', 374, 'Black Metal', '2023-09-29', 720, 'https://picsum.photos/id/299/200/200');
INSERT INTO SONGS (song_id, album_id, title, duration, genre, release_date, `rank`, image) VALUES (191, 38, 'Song ugRXaTTR3D', 221, 'Indie', '2016-11-09', 611, 'https://picsum.photos/id/224/200/200');
INSERT INTO SONGS (song_id, album_id, title, duration, genre, release_date, `rank`, image) VALUES (192, 45, 'Song aJ4b7LeYDP', 336, 'Folk', '2019-11-18', 376, 'https://picsum.photos/id/293/200/200');
INSERT INTO SONGS (song_id, album_id, title, duration, genre, release_date, `rank`, image) VALUES (193, 177, 'Song B2M0eyF4nf', 271, 'Barok', '2015-07-17', 719, 'https://picsum.photos/id/292/200/200');
INSERT INTO SONGS (song_id, album_id, title, duration, genre, release_date, `rank`, image) VALUES (194, 16, 'Song 8JFJfcLiob', 303, 'Turkish Rock', '2012-06-15', 193, 'https://picsum.photos/id/202/200/200');
INSERT INTO SONGS (song_id, album_id, title, duration, genre, release_date, `rank`, image) VALUES (195, 14, 'Song UhC1lsK3q0', 216, 'Turkish Psychedelic', '2019-08-02', 119, 'https://picsum.photos/id/290/200/200');
INSERT INTO SONGS (song_id, album_id, title, duration, genre, release_date, `rank`, image) VALUES (196, 45, 'Song XTgOxYHWkX', 452, 'Turkish Folk', '2008-11-12', 505, 'https://picsum.photos/id/293/200/200');
INSERT INTO SONGS (song_id, album_id, title, duration, genre, release_date, `rank`, image) VALUES (197, 154, 'Song Gz1EFWDMhS', 409, 'Folk', '2010-01-13', 764, 'https://picsum.photos/id/293/200/200');
INSERT INTO SONGS (song_id, album_id, title, duration, genre, release_date, `rank`, image) VALUES (198, 67, 'Song byJEZmA13y', 241, 'Pop', '2017-01-19', 461, 'https://picsum.photos/id/249/200/200');
INSERT INTO SONGS (song_id, album_id, title, duration, genre, release_date, `rank`, image) VALUES (199, 26, 'Song 0EIeUKdDVB', 124, 'Turkish Psychedelic', '2016-02-03', 955, 'https://picsum.photos/id/292/200/200');
INSERT INTO SONGS (song_id, album_id, title, duration, genre, release_date, `rank`, image) VALUES (200, 86, 'Song m69Sgk9mcR', 312, 'Alternative', '2018-06-23', 926, 'https://picsum.photos/id/292/200/200');
INSERT INTO SONGS (song_id, album_id, title, duration, genre, release_date, `rank`, image) VALUES (201, 119, 'Song yjZnWNiOBU', 253, 'Pop', '2015-08-11', 577, 'https://picsum.photos/id/244/200/200');
INSERT INTO SONGS (song_id, album_id, title, duration, genre, release_date, `rank`, image) VALUES (202, 33, 'Song WReYAzZQCc', 317, 'Jazz', '2010-07-01', 267, 'https://picsum.photos/id/246/200/200');
INSERT INTO SONGS (song_id, album_id, title, duration, genre, release_date, `rank`, image) VALUES (203, 89, 'Song gSaDTiBu7s', 367, 'Rock', '2021-03-14', 513, 'https://picsum.photos/id/251/200/200');
INSERT INTO SONGS (song_id, album_id, title, duration, genre, release_date, `rank`, image) VALUES (204, 83, 'Song QjEhv36DfM', 122, 'Gangsta Rap', '2014-07-23', 450, 'https://picsum.photos/id/226/200/200');
INSERT INTO SONGS (song_id, album_id, title, duration, genre, release_date, `rank`, image) VALUES (205, 136, 'Song 5vqBP9S1ln', 454, 'Turkish Rock', '2011-08-08', 848, 'https://picsum.photos/id/279/200/200');
INSERT INTO SONGS (song_id, album_id, title, duration, genre, release_date, `rank`, image) VALUES (206, 84, 'Song 3Xx1tn0o7T', 412, 'Jazz', '2016-01-26', 935, 'https://picsum.photos/id/269/200/200');
INSERT INTO SONGS (song_id, album_id, title, duration, genre, release_date, `rank`, image) VALUES (207, 150, 'Song MoHxt5CKqK', 152, 'Turkish Rock', '2014-01-02', 366, 'https://picsum.photos/id/238/200/200');
INSERT INTO SONGS (song_id, album_id, title, duration, genre, release_date, `rank`, image) VALUES (208, 18, 'Song FMaS46tTqs', 438, 'Folk', '2018-11-28', 185, 'https://picsum.photos/id/281/200/200');
INSERT INTO SONGS (song_id, album_id, title, duration, genre, release_date, `rank`, image) VALUES (209, 99, 'Song 4NT9CLaoNM', 123, 'Gangsta Rap', '2017-12-30', 108, 'https://picsum.photos/id/244/200/200');
INSERT INTO SONGS (song_id, album_id, title, duration, genre, release_date, `rank`, image) VALUES (210, 109, 'Song Rwo0ZAO8u7', 122, 'Turkish Rock', '2019-07-23', 728, 'https://picsum.photos/id/258/200/200');
INSERT INTO SONGS (song_id, album_id, title, duration, genre, release_date, `rank`, image) VALUES (211, 5, 'Song HDfobyulf9', 133, 'Folk', '2012-08-09', 312, 'https://picsum.photos/id/203/200/200');
INSERT INTO SONGS (song_id, album_id, title, duration, genre, release_date, `rank`, image) VALUES (212, 51, 'Song W9Rk8QKG34', 281, 'Alternative', '2010-02-07', 583, 'https://picsum.photos/id/266/200/200');
INSERT INTO SONGS (song_id, album_id, title, duration, genre, release_date, `rank`, image) VALUES (213, 70, 'Song tMCAN5gGl0', 356, 'Turkish Folk', '2022-08-07', 38, 'https://picsum.photos/id/265/200/200');
INSERT INTO SONGS (song_id, album_id, title, duration, genre, release_date, `rank`, image) VALUES (214, 23, 'Song azAw23esMq', 389, 'Jazz', '2009-01-28', 612, 'https://picsum.photos/id/297/200/200');
INSERT INTO SONGS (song_id, album_id, title, duration, genre, release_date, `rank`, image) VALUES (215, 134, 'Song qpu9aic2qQ', 426, 'Country', '2014-05-05', 124, 'https://picsum.photos/id/238/200/200');
INSERT INTO SONGS (song_id, album_id, title, duration, genre, release_date, `rank`, image) VALUES (216, 110, 'Song LRnWsA4jKq', 268, 'Country', '2022-04-26', 668, 'https://picsum.photos/id/211/200/200');
INSERT INTO SONGS (song_id, album_id, title, duration, genre, release_date, `rank`, image) VALUES (217, 93, 'Song WCHeAF0d0J', 337, 'Rock', '2020-07-06', 287, 'https://picsum.photos/id/296/200/200');
INSERT INTO SONGS (song_id, album_id, title, duration, genre, release_date, `rank`, image) VALUES (218, 29, 'Song E38dR9PWnB', 320, 'Jazz', '2013-03-30', 614, 'https://picsum.photos/id/237/200/200');
INSERT INTO SONGS (song_id, album_id, title, duration, genre, release_date, `rank`, image) VALUES (219, 124, 'Song WWzLxX5CNF', 181, 'Pop', '2020-10-29', 451, 'https://picsum.photos/id/211/200/200');
INSERT INTO SONGS (song_id, album_id, title, duration, genre, release_date, `rank`, image) VALUES (220, 124, 'Song 1yPI7hb7Sx', 227, 'Reggae', '2021-02-01', 552, 'https://picsum.photos/id/211/200/200');
INSERT INTO SONGS (song_id, album_id, title, duration, genre, release_date, `rank`, image) VALUES (221, 59, 'Song PlriEHMmIe', 190, 'Country', '2019-08-16', 134, 'https://picsum.photos/id/274/200/200');
INSERT INTO SONGS (song_id, album_id, title, duration, genre, release_date, `rank`, image) VALUES (222, 37, 'Song vIjNGR8O2l', 249, 'Pop', '2008-03-09', 247, 'https://picsum.photos/id/208/200/200');
INSERT INTO SONGS (song_id, album_id, title, duration, genre, release_date, `rank`, image) VALUES (223, 60, 'Song aeULwMSJam', 249, 'Turkish Psychedelic', '2019-07-02', 515, 'https://picsum.photos/id/217/200/200');
INSERT INTO SONGS (song_id, album_id, title, duration, genre, release_date, `rank`, image) VALUES (224, 157, 'Song 0D7XhUZRfB', 150, 'Turkish Folk', '2021-11-15', 394, 'https://picsum.photos/id/272/200/200');
INSERT INTO SONGS (song_id, album_id, title, duration, genre, release_date, `rank`, image) VALUES (225, 144, 'Song AtvZanuHid', 480, 'Jazz', '2015-08-09', 739, 'https://picsum.photos/id/239/200/200');
INSERT INTO SONGS (song_id, album_id, title, duration, genre, release_date, `rank`, image) VALUES (226, 190, 'Song eFqTHFTXlG', 269, 'Rock', '2009-10-01', 863, 'https://picsum.photos/id/295/200/200');
INSERT INTO SONGS (song_id, album_id, title, duration, genre, release_date, `rank`, image) VALUES (227, 76, 'Song qewtnYaFoh', 220, 'Folk', '2022-08-29', 664, 'https://picsum.photos/id/254/200/200');
INSERT INTO SONGS (song_id, album_id, title, duration, genre, release_date, `rank`, image) VALUES (228, 168, 'Song EFMnTYZFIy', 358, 'Barok', '2012-04-09', 238, 'https://picsum.photos/id/263/200/200');
INSERT INTO SONGS (song_id, album_id, title, duration, genre, release_date, `rank`, image) VALUES (229, 122, 'Song o07QgYrMqA', 245, 'Pop', '2017-01-25', 799, 'https://picsum.photos/id/219/200/200');
INSERT INTO SONGS (song_id, album_id, title, duration, genre, release_date, `rank`, image) VALUES (230, 26, 'Song 8EhPV7WEki', 188, 'Alternative', '2022-02-02', 241, 'https://picsum.photos/id/292/200/200');
INSERT INTO SONGS (song_id, album_id, title, duration, genre, release_date, `rank`, image) VALUES (231, 42, 'Song ZBVIBlRBLG', 195, 'Indie', '2022-04-12', 777, 'https://picsum.photos/id/227/200/200');
INSERT INTO SONGS (song_id, album_id, title, duration, genre, release_date, `rank`, image) VALUES (232, 32, 'Song tKt4WkYZYW', 301, 'Folk', '2020-12-06', 276, 'https://picsum.photos/id/289/200/200');
INSERT INTO SONGS (song_id, album_id, title, duration, genre, release_date, `rank`, image) VALUES (233, 49, 'Song BWYcNfZ4ju', 206, 'Reggae', '2020-06-19', 215, 'https://picsum.photos/id/294/200/200');
INSERT INTO SONGS (song_id, album_id, title, duration, genre, release_date, `rank`, image) VALUES (234, 54, 'Song 5EHp2EQyOj', 187, 'Gangsta Rap', '2024-02-07', 273, 'https://picsum.photos/id/249/200/200');
INSERT INTO SONGS (song_id, album_id, title, duration, genre, release_date, `rank`, image) VALUES (235, 24, 'Song 2KufevV7uF', 404, 'Turkish Rock', '2018-10-12', 606, 'https://picsum.photos/id/241/200/200');
INSERT INTO SONGS (song_id, album_id, title, duration, genre, release_date, `rank`, image) VALUES (236, 31, 'Song rNOm868zJB', 473, 'Reggae', '2015-02-10', 808, 'https://picsum.photos/id/276/200/200');
INSERT INTO SONGS (song_id, album_id, title, duration, genre, release_date, `rank`, image) VALUES (237, 122, 'Song hfOVRqve7w', 462, 'Folk', '2013-12-25', 334, 'https://picsum.photos/id/219/200/200');
INSERT INTO SONGS (song_id, album_id, title, duration, genre, release_date, `rank`, image) VALUES (238, 19, 'Song yhwtmgK9cP', 125, 'Reggae', '2017-02-10', 987, 'https://picsum.photos/id/237/200/200');
INSERT INTO SONGS (song_id, album_id, title, duration, genre, release_date, `rank`, image) VALUES (239, 52, 'Song YoDxVXUhk8', 307, 'Indie', '2009-05-27', 812, 'https://picsum.photos/id/245/200/200');
INSERT INTO SONGS (song_id, album_id, title, duration, genre, release_date, `rank`, image) VALUES (240, 15, 'Song lDfgqmZqcC', 359, 'Folk', '2019-11-13', 457, 'https://picsum.photos/id/290/200/200');
INSERT INTO SONGS (song_id, album_id, title, duration, genre, release_date, `rank`, image) VALUES (241, 162, 'Song hnYoirIyn1', 378, 'Barok', '2020-10-02', 150, 'https://picsum.photos/id/232/200/200');
INSERT INTO SONGS (song_id, album_id, title, duration, genre, release_date, `rank`, image) VALUES (242, 23, 'Song nCx4qHqRN6', 256, 'Indie', '2024-02-01', 42, 'https://picsum.photos/id/297/200/200');
INSERT INTO SONGS (song_id, album_id, title, duration, genre, release_date, `rank`, image) VALUES (243, 125, 'Song sASEQxJgaD', 219, 'Blues', '2011-12-05', 850, 'https://picsum.photos/id/247/200/200');
INSERT INTO SONGS (song_id, album_id, title, duration, genre, release_date, `rank`, image) VALUES (244, 48, 'Song C15mSYjPu6', 451, 'Reggae', '2019-08-29', 676, 'https://picsum.photos/id/294/200/200');
INSERT INTO SONGS (song_id, album_id, title, duration, genre, release_date, `rank`, image) VALUES (245, 197, 'Song rQvtAgJgIA', 243, 'Rock', '2019-01-04', 989, 'https://picsum.photos/id/221/200/200');
INSERT INTO SONGS (song_id, album_id, title, duration, genre, release_date, `rank`, image) VALUES (246, 132, 'Song WVm36J3lDo', 459, 'Turkish Psychedelic', '2017-11-20', 861, 'https://picsum.photos/id/221/200/200');
INSERT INTO SONGS (song_id, album_id, title, duration, genre, release_date, `rank`, image) VALUES (247, 83, 'Song zH7YIeFbSq', 168, 'Gangsta Rap', '2017-01-23', 295, 'https://picsum.photos/id/226/200/200');
INSERT INTO SONGS (song_id, album_id, title, duration, genre, release_date, `rank`, image) VALUES (248, 20, 'Song R6VCivCUKK', 133, 'Turkish Rock', '2023-08-16', 290, 'https://picsum.photos/id/219/200/200');
INSERT INTO SONGS (song_id, album_id, title, duration, genre, release_date, `rank`, image) VALUES (249, 98, 'Song PMDMCQl1Jo', 354, 'Pop', '2011-05-27', 947, 'https://picsum.photos/id/284/200/200');
INSERT INTO SONGS (song_id, album_id, title, duration, genre, release_date, `rank`, image) VALUES (250, 34, 'Song 32NpYPSCdG', 296, 'Country', '2020-09-25', 825, 'https://picsum.photos/id/234/200/200');
INSERT INTO SONGS (song_id, album_id, title, duration, genre, release_date, `rank`, image) VALUES (251, 176, 'Song lHgFGXQ85N', 292, 'Turkish Rock', '2014-11-28', 44, 'https://picsum.photos/id/252/200/200');
INSERT INTO SONGS (song_id, album_id, title, duration, genre, release_date, `rank`, image) VALUES (252, 90, 'Song DbpiASd9av', 207, 'Blues', '2011-03-27', 655, 'https://picsum.photos/id/241/200/200');
INSERT INTO SONGS (song_id, album_id, title, duration, genre, release_date, `rank`, image) VALUES (253, 62, 'Song QbiYJmbbvN', 432, 'Indie', '2013-05-29', 138, 'https://picsum.photos/id/221/200/200');
INSERT INTO SONGS (song_id, album_id, title, duration, genre, release_date, `rank`, image) VALUES (254, 117, 'Song 837soibK1w', 478, 'Folk', '2021-08-03', 741, 'https://picsum.photos/id/300/200/200');
INSERT INTO SONGS (song_id, album_id, title, duration, genre, release_date, `rank`, image) VALUES (255, 11, 'Song oEhi8GtXJG', 136, 'Turkish Folk', '2015-04-08', 268, 'https://picsum.photos/id/291/200/200');
INSERT INTO SONGS (song_id, album_id, title, duration, genre, release_date, `rank`, image) VALUES (256, 185, 'Song iucrbs5tMU', 368, 'Gangsta Rap', '2022-02-08', 560, 'https://picsum.photos/id/280/200/200');
INSERT INTO SONGS (song_id, album_id, title, duration, genre, release_date, `rank`, image) VALUES (257, 155, 'Song xnv8xq9lXq', 216, 'Barok', '2009-08-20', 741, 'https://picsum.photos/id/250/200/200');
INSERT INTO SONGS (song_id, album_id, title, duration, genre, release_date, `rank`, image) VALUES (258, 21, 'Song W1XWtGnnS6', 240, 'Indie', '2009-02-01', 144, 'https://picsum.photos/id/268/200/200');
INSERT INTO SONGS (song_id, album_id, title, duration, genre, release_date, `rank`, image) VALUES (259, 4, 'Song OxYZjo3A9C', 421, 'Folk', '2020-12-27', 176, 'https://picsum.photos/id/228/200/200');
INSERT INTO SONGS (song_id, album_id, title, duration, genre, release_date, `rank`, image) VALUES (260, 8, 'Song 8Z9nAVKyQD', 391, 'Folk', '2013-09-24', 848, 'https://picsum.photos/id/260/200/200');
INSERT INTO SONGS (song_id, album_id, title, duration, genre, release_date, `rank`, image) VALUES (261, 171, 'Song KdGiDR2fda', 330, 'Gangsta Rap', '2014-02-20', 481, 'https://picsum.photos/id/244/200/200');
INSERT INTO SONGS (song_id, album_id, title, duration, genre, release_date, `rank`, image) VALUES (262, 69, 'Song fKoPXF25cq', 166, 'Alternative', '2008-05-16', 753, 'https://picsum.photos/id/254/200/200');
INSERT INTO SONGS (song_id, album_id, title, duration, genre, release_date, `rank`, image) VALUES (263, 190, 'Song siiIaCrR75', 145, 'Turkish Psychedelic', '2020-07-06', 174, 'https://picsum.photos/id/295/200/200');
INSERT INTO SONGS (song_id, album_id, title, duration, genre, release_date, `rank`, image) VALUES (264, 184, 'Song kb5x0P1r3z', 282, 'Gangsta Rap', '2011-03-12', 73, 'https://picsum.photos/id/233/200/200');
INSERT INTO SONGS (song_id, album_id, title, duration, genre, release_date, `rank`, image) VALUES (265, 31, 'Song Si0XjdBTpn', 254, 'Rock', '2011-07-24', 625, 'https://picsum.photos/id/276/200/200');
INSERT INTO SONGS (song_id, album_id, title, duration, genre, release_date, `rank`, image) VALUES (266, 35, 'Song 2MxgQfWPbt', 351, 'Folk', '2014-05-19', 760, 'https://picsum.photos/id/277/200/200');
INSERT INTO SONGS (song_id, album_id, title, duration, genre, release_date, `rank`, image) VALUES (267, 3, 'Song gMBvTk638E', 194, 'Country', '2013-07-22', 563, 'https://picsum.photos/id/246/200/200');
INSERT INTO SONGS (song_id, album_id, title, duration, genre, release_date, `rank`, image) VALUES (268, 147, 'Song 8pVEU5hEMV', 181, 'Reggae', '2013-02-13', 968, 'https://picsum.photos/id/255/200/200');
INSERT INTO SONGS (song_id, album_id, title, duration, genre, release_date, `rank`, image) VALUES (269, 60, 'Song mByIdExto4', 140, 'Black Metal', '2009-01-15', 370, 'https://picsum.photos/id/217/200/200');
INSERT INTO SONGS (song_id, album_id, title, duration, genre, release_date, `rank`, image) VALUES (270, 55, 'Song RtYl98FBQZ', 403, 'Alternative', '2014-04-05', 260, 'https://picsum.photos/id/299/200/200');
INSERT INTO SONGS (song_id, album_id, title, duration, genre, release_date, `rank`, image) VALUES (271, 34, 'Song SuaKwN4hOx', 260, 'Country', '2012-09-14', 713, 'https://picsum.photos/id/234/200/200');
INSERT INTO SONGS (song_id, album_id, title, duration, genre, release_date, `rank`, image) VALUES (272, 5, 'Song aHrLChtyTW', 231, 'Barok', '2018-01-24', 371, 'https://picsum.photos/id/203/200/200');
INSERT INTO SONGS (song_id, album_id, title, duration, genre, release_date, `rank`, image) VALUES (273, 81, 'Song eP3OuMNLXK', 295, 'Blues', '2023-02-21', 757, 'https://picsum.photos/id/216/200/200');
INSERT INTO SONGS (song_id, album_id, title, duration, genre, release_date, `rank`, image) VALUES (274, 79, 'Song owj57h5zBT', 342, 'Pop', '2023-06-09', 809, 'https://picsum.photos/id/231/200/200');
INSERT INTO SONGS (song_id, album_id, title, duration, genre, release_date, `rank`, image) VALUES (275, 47, 'Song NnF4yKfh1D', 467, 'Reggae', '2021-02-07', 98, 'https://picsum.photos/id/207/200/200');
INSERT INTO SONGS (song_id, album_id, title, duration, genre, release_date, `rank`, image) VALUES (276, 146, 'Song z5PzZvAB5P', 259, 'Turkish Folk', '2014-07-11', 686, 'https://picsum.photos/id/266/200/200');
INSERT INTO SONGS (song_id, album_id, title, duration, genre, release_date, `rank`, image) VALUES (277, 189, 'Song 3fSv8iSvq8', 187, 'Turkish Psychedelic', '2017-10-09', 754, 'https://picsum.photos/id/293/200/200');
INSERT INTO SONGS (song_id, album_id, title, duration, genre, release_date, `rank`, image) VALUES (278, 103, 'Song 7kOWjqGIXf', 419, 'Reggae', '2010-12-29', 283, 'https://picsum.photos/id/278/200/200');
INSERT INTO SONGS (song_id, album_id, title, duration, genre, release_date, `rank`, image) VALUES (279, 151, 'Song PFTsEusiKY', 236, 'Folk', '2022-04-15', 259, 'https://picsum.photos/id/223/200/200');
INSERT INTO SONGS (song_id, album_id, title, duration, genre, release_date, `rank`, image) VALUES (280, 40, 'Song x13piN4A6r', 380, 'Turkish Rock', '2015-08-13', 950, 'https://picsum.photos/id/207/200/200');
INSERT INTO SONGS (song_id, album_id, title, duration, genre, release_date, `rank`, image) VALUES (281, 162, 'Song J4HOEKOfQP', 296, 'Country', '2014-08-21', 451, 'https://picsum.photos/id/232/200/200');
INSERT INTO SONGS (song_id, album_id, title, duration, genre, release_date, `rank`, image) VALUES (282, 189, 'Song jv5ZGHgFq3', 193, 'Indie', '2023-05-26', 640, 'https://picsum.photos/id/293/200/200');
INSERT INTO SONGS (song_id, album_id, title, duration, genre, release_date, `rank`, image) VALUES (283, 23, 'Song 2EzMSHRq4U', 198, 'Black Metal', '2019-02-22', 306, 'https://picsum.photos/id/297/200/200');
INSERT INTO SONGS (song_id, album_id, title, duration, genre, release_date, `rank`, image) VALUES (284, 122, 'Song YvQW7maeJJ', 374, 'Indie', '2019-11-30', 450, 'https://picsum.photos/id/219/200/200');
INSERT INTO SONGS (song_id, album_id, title, duration, genre, release_date, `rank`, image) VALUES (285, 14, 'Song 5BTz0F2zpT', 264, 'Turkish Folk', '2015-09-14', 166, 'https://picsum.photos/id/290/200/200');
INSERT INTO SONGS (song_id, album_id, title, duration, genre, release_date, `rank`, image) VALUES (286, 107, 'Song svMy7uqKrm', 336, 'Jazz', '2017-01-16', 436, 'https://picsum.photos/id/228/200/200');
INSERT INTO SONGS (song_id, album_id, title, duration, genre, release_date, `rank`, image) VALUES (287, 36, 'Song IbE1DksJJR', 462, 'Reggae', '2010-07-02', 318, 'https://picsum.photos/id/272/200/200');
INSERT INTO SONGS (song_id, album_id, title, duration, genre, release_date, `rank`, image) VALUES (288, 65, 'Song jVQJjI6Zyh', 123, 'Alternative', '2024-02-13', 958, 'https://picsum.photos/id/269/200/200');
INSERT INTO SONGS (song_id, album_id, title, duration, genre, release_date, `rank`, image) VALUES (289, 29, 'Song crkKyUvkWv', 190, 'Barok', '2023-03-08', 718, 'https://picsum.photos/id/237/200/200');
INSERT INTO SONGS (song_id, album_id, title, duration, genre, release_date, `rank`, image) VALUES (290, 131, 'Song TIQFE1Bjw3', 158, 'Turkish Rock', '2019-02-13', 442, 'https://picsum.photos/id/283/200/200');
INSERT INTO SONGS (song_id, album_id, title, duration, genre, release_date, `rank`, image) VALUES (291, 14, 'Song O3ZaHOh7AV', 252, 'Reggae', '2009-03-05', 842, 'https://picsum.photos/id/290/200/200');
INSERT INTO SONGS (song_id, album_id, title, duration, genre, release_date, `rank`, image) VALUES (292, 178, 'Song sUckYWtJkT', 229, 'Country', '2013-05-15', 953, 'https://picsum.photos/id/205/200/200');
INSERT INTO SONGS (song_id, album_id, title, duration, genre, release_date, `rank`, image) VALUES (293, 88, 'Song IfsBJ13dbK', 259, 'Turkish Rock', '2022-02-13', 347, 'https://picsum.photos/id/201/200/200');
INSERT INTO SONGS (song_id, album_id, title, duration, genre, release_date, `rank`, image) VALUES (294, 107, 'Song C9weP7lw65', 474, 'Folk', '2014-03-02', 606, 'https://picsum.photos/id/228/200/200');
INSERT INTO SONGS (song_id, album_id, title, duration, genre, release_date, `rank`, image) VALUES (295, 50, 'Song 1wWE8mMF7s', 274, 'Black Metal', '2010-09-10', 379, 'https://picsum.photos/id/281/200/200');
INSERT INTO SONGS (song_id, album_id, title, duration, genre, release_date, `rank`, image) VALUES (296, 20, 'Song 6IiC5ErDjp', 232, 'Turkish Psychedelic', '2022-09-08', 479, 'https://picsum.photos/id/219/200/200');
INSERT INTO SONGS (song_id, album_id, title, duration, genre, release_date, `rank`, image) VALUES (297, 31, 'Song SXVlWxWq3G', 190, 'Black Metal', '2015-05-31', 155, 'https://picsum.photos/id/276/200/200');
INSERT INTO SONGS (song_id, album_id, title, duration, genre, release_date, `rank`, image) VALUES (298, 38, 'Song 0jRXj9r10w', 388, 'Pop', '2017-04-22', 374, 'https://picsum.photos/id/224/200/200');
INSERT INTO SONGS (song_id, album_id, title, duration, genre, release_date, `rank`, image) VALUES (299, 14, 'Song JTieiqrImf', 446, 'Jazz', '2009-06-03', 667, 'https://picsum.photos/id/290/200/200');
INSERT INTO SONGS (song_id, album_id, title, duration, genre, release_date, `rank`, image) VALUES (300, 11, 'Song t4nZeDcg4p', 397, 'Turkish Rock', '2008-10-26', 935, 'https://picsum.photos/id/291/200/200');
INSERT INTO SONGS (song_id, album_id, title, duration, genre, release_date, `rank`, image) VALUES (301, 135, 'Song soZY6npOPG', 282, 'Turkish Folk', '2015-08-09', 505, 'https://picsum.photos/id/228/200/200');
INSERT INTO SONGS (song_id, album_id, title, duration, genre, release_date, `rank`, image) VALUES (302, 95, 'Song mAaO6P5ckG', 168, 'Black Metal', '2020-04-05', 313, 'https://picsum.photos/id/273/200/200');
INSERT INTO SONGS (song_id, album_id, title, duration, genre, release_date, `rank`, image) VALUES (303, 70, 'Song jKFVqX362s', 163, 'Turkish Folk', '2017-01-24', 79, 'https://picsum.photos/id/265/200/200');
INSERT INTO SONGS (song_id, album_id, title, duration, genre, release_date, `rank`, image) VALUES (304, 129, 'Song HJhAVdNx1k', 369, 'Folk', '2019-02-03', 679, 'https://picsum.photos/id/226/200/200');
INSERT INTO SONGS (song_id, album_id, title, duration, genre, release_date, `rank`, image) VALUES (305, 188, 'Song 2ucpmxZIwe', 204, 'Reggae', '2022-06-18', 684, 'https://picsum.photos/id/263/200/200');
INSERT INTO SONGS (song_id, album_id, title, duration, genre, release_date, `rank`, image) VALUES (306, 125, 'Song cB9yEkkq5B', 233, 'Jazz', '2010-04-18', 28, 'https://picsum.photos/id/247/200/200');
INSERT INTO SONGS (song_id, album_id, title, duration, genre, release_date, `rank`, image) VALUES (307, 58, 'Song pWF7MdvEX8', 421, 'Indie', '2017-09-14', 356, 'https://picsum.photos/id/249/200/200');
INSERT INTO SONGS (song_id, album_id, title, duration, genre, release_date, `rank`, image) VALUES (308, 9, 'Song SuV9NomvDs', 299, 'Jazz', '2022-05-12', 824, 'https://picsum.photos/id/284/200/200');
INSERT INTO SONGS (song_id, album_id, title, duration, genre, release_date, `rank`, image) VALUES (309, 161, 'Song gVhRGLGFFO', 369, 'Black Metal', '2008-07-06', 628, 'https://picsum.photos/id/206/200/200');
INSERT INTO SONGS (song_id, album_id, title, duration, genre, release_date, `rank`, image) VALUES (310, 20, 'Song Bzk8FVSQlS', 398, 'Blues', '2008-06-13', 146, 'https://picsum.photos/id/219/200/200');
INSERT INTO SONGS (song_id, album_id, title, duration, genre, release_date, `rank`, image) VALUES (311, 39, 'Song Jw63n4B3eF', 160, 'Gangsta Rap', '2016-11-26', 189, 'https://picsum.photos/id/259/200/200');
INSERT INTO SONGS (song_id, album_id, title, duration, genre, release_date, `rank`, image) VALUES (312, 49, 'Song 31bMFKqbgM', 276, 'Indie', '2022-10-12', 41, 'https://picsum.photos/id/294/200/200');
INSERT INTO SONGS (song_id, album_id, title, duration, genre, release_date, `rank`, image) VALUES (313, 68, 'Song GVheb90AOj', 301, 'Pop', '2015-11-05', 50, 'https://picsum.photos/id/287/200/200');
INSERT INTO SONGS (song_id, album_id, title, duration, genre, release_date, `rank`, image) VALUES (314, 29, 'Song 43DCPdgPOi', 383, 'Alternative', '2020-05-01', 445, 'https://picsum.photos/id/237/200/200');
INSERT INTO SONGS (song_id, album_id, title, duration, genre, release_date, `rank`, image) VALUES (315, 154, 'Song kSW1CISG5u', 168, 'Rock', '2010-10-14', 870, 'https://picsum.photos/id/293/200/200');
INSERT INTO SONGS (song_id, album_id, title, duration, genre, release_date, `rank`, image) VALUES (316, 195, 'Song ClwglTPdaf', 389, 'Reggae', '2022-09-02', 393, 'https://picsum.photos/id/261/200/200');
INSERT INTO SONGS (song_id, album_id, title, duration, genre, release_date, `rank`, image) VALUES (317, 154, 'Song OVKeymxnbp', 326, 'Indie', '2010-03-18', 88, 'https://picsum.photos/id/293/200/200');
INSERT INTO SONGS (song_id, album_id, title, duration, genre, release_date, `rank`, image) VALUES (318, 91, 'Song sSqbUJwytE', 402, 'Alternative', '2017-09-21', 748, 'https://picsum.photos/id/280/200/200');
INSERT INTO SONGS (song_id, album_id, title, duration, genre, release_date, `rank`, image) VALUES (319, 62, 'Song VwpnQN3bj0', 358, 'Black Metal', '2009-09-22', 472, 'https://picsum.photos/id/221/200/200');
INSERT INTO SONGS (song_id, album_id, title, duration, genre, release_date, `rank`, image) VALUES (320, 49, 'Song uSYTBTK8BI', 140, 'Pop', '2013-01-24', 965, 'https://picsum.photos/id/294/200/200');
INSERT INTO SONGS (song_id, album_id, title, duration, genre, release_date, `rank`, image) VALUES (321, 30, 'Song pvOXfJLTyi', 430, 'Turkish Rock', '2013-07-24', 18, 'https://picsum.photos/id/202/200/200');
INSERT INTO SONGS (song_id, album_id, title, duration, genre, release_date, `rank`, image) VALUES (322, 65, 'Song 3P2Hg7aIxg', 157, 'Turkish Folk', '2009-03-14', 982, 'https://picsum.photos/id/269/200/200');
INSERT INTO SONGS (song_id, album_id, title, duration, genre, release_date, `rank`, image) VALUES (323, 6, 'Song b3Zh9snQDe', 206, 'Gangsta Rap', '2011-05-24', 74, 'https://picsum.photos/id/291/200/200');
INSERT INTO SONGS (song_id, album_id, title, duration, genre, release_date, `rank`, image) VALUES (324, 82, 'Song 5aSROA0LQI', 320, 'Indie', '2022-06-21', 945, 'https://picsum.photos/id/218/200/200');
INSERT INTO SONGS (song_id, album_id, title, duration, genre, release_date, `rank`, image) VALUES (325, 33, 'Song o1Icxormih', 366, 'Blues', '2024-02-13', 155, 'https://picsum.photos/id/246/200/200');
INSERT INTO SONGS (song_id, album_id, title, duration, genre, release_date, `rank`, image) VALUES (326, 129, 'Song fSntp9ROJt', 370, 'Indie', '2023-07-29', 683, 'https://picsum.photos/id/226/200/200');
INSERT INTO SONGS (song_id, album_id, title, duration, genre, release_date, `rank`, image) VALUES (327, 77, 'Song n3ICqUTTIR', 342, 'Country', '2013-02-15', 784, 'https://picsum.photos/id/203/200/200');
INSERT INTO SONGS (song_id, album_id, title, duration, genre, release_date, `rank`, image) VALUES (328, 129, 'Song JrGVnNbMxH', 414, 'Alternative', '2020-11-07', 608, 'https://picsum.photos/id/226/200/200');
INSERT INTO SONGS (song_id, album_id, title, duration, genre, release_date, `rank`, image) VALUES (329, 153, 'Song MFraBww8KR', 419, 'Blues', '2014-06-29', 305, 'https://picsum.photos/id/240/200/200');
INSERT INTO SONGS (song_id, album_id, title, duration, genre, release_date, `rank`, image) VALUES (330, 45, 'Song Hd7sx1aFnJ', 218, 'Black Metal', '2008-02-11', 713, 'https://picsum.photos/id/293/200/200');
INSERT INTO SONGS (song_id, album_id, title, duration, genre, release_date, `rank`, image) VALUES (331, 35, 'Song HPpVwiGIa7', 418, 'Indie', '2016-02-22', 983, 'https://picsum.photos/id/277/200/200');
INSERT INTO SONGS (song_id, album_id, title, duration, genre, release_date, `rank`, image) VALUES (332, 23, 'Song LzTWp1vyxi', 311, 'Black Metal', '2020-07-27', 406, 'https://picsum.photos/id/297/200/200');
INSERT INTO SONGS (song_id, album_id, title, duration, genre, release_date, `rank`, image) VALUES (333, 56, 'Song ckytG8fs9J', 323, 'Gangsta Rap', '2008-08-07', 855, 'https://picsum.photos/id/289/200/200');
INSERT INTO SONGS (song_id, album_id, title, duration, genre, release_date, `rank`, image) VALUES (334, 42, 'Song karFr1AWbh', 428, 'Country', '2020-09-08', 446, 'https://picsum.photos/id/227/200/200');
INSERT INTO SONGS (song_id, album_id, title, duration, genre, release_date, `rank`, image) VALUES (335, 152, 'Song JP4wTYYwwE', 253, 'Reggae', '2016-08-26', 608, 'https://picsum.photos/id/224/200/200');
INSERT INTO SONGS (song_id, album_id, title, duration, genre, release_date, `rank`, image) VALUES (336, 87, 'Song v2zeZYvdXJ', 458, 'Turkish Folk', '2022-04-30', 874, 'https://picsum.photos/id/267/200/200');
INSERT INTO SONGS (song_id, album_id, title, duration, genre, release_date, `rank`, image) VALUES (337, 185, 'Song Ehz2pUTbwb', 255, 'Turkish Psychedelic', '2024-02-29', 108, 'https://picsum.photos/id/280/200/200');
INSERT INTO SONGS (song_id, album_id, title, duration, genre, release_date, `rank`, image) VALUES (338, 103, 'Song c8w7f1mVMe', 194, 'Black Metal', '2018-02-14', 25, 'https://picsum.photos/id/278/200/200');
INSERT INTO SONGS (song_id, album_id, title, duration, genre, release_date, `rank`, image) VALUES (339, 36, 'Song uSS0FzkXAi', 349, 'Turkish Rock', '2021-01-11', 507, 'https://picsum.photos/id/272/200/200');
INSERT INTO SONGS (song_id, album_id, title, duration, genre, release_date, `rank`, image) VALUES (340, 86, 'Song JYZkDdyesA', 462, 'Country', '2009-05-14', 771, 'https://picsum.photos/id/292/200/200');
INSERT INTO SONGS (song_id, album_id, title, duration, genre, release_date, `rank`, image) VALUES (341, 130, 'Song o3ElAJrzIS', 210, 'Blues', '2011-03-26', 305, 'https://picsum.photos/id/273/200/200');
INSERT INTO SONGS (song_id, album_id, title, duration, genre, release_date, `rank`, image) VALUES (342, 60, 'Song JM7SomjlDD', 249, 'Jazz', '2021-02-08', 279, 'https://picsum.photos/id/217/200/200');
INSERT INTO SONGS (song_id, album_id, title, duration, genre, release_date, `rank`, image) VALUES (343, 66, 'Song iMyexSPuoP', 406, 'Reggae', '2013-06-06', 462, 'https://picsum.photos/id/282/200/200');
INSERT INTO SONGS (song_id, album_id, title, duration, genre, release_date, `rank`, image) VALUES (344, 1, 'Song LoaGfU3WIW', 473, 'Rock', '2017-09-21', 588, 'https://picsum.photos/id/245/200/200');
INSERT INTO SONGS (song_id, album_id, title, duration, genre, release_date, `rank`, image) VALUES (345, 172, 'Song ReUV8ZGbfd', 164, 'Alternative', '2014-01-01', 76, 'https://picsum.photos/id/293/200/200');
INSERT INTO SONGS (song_id, album_id, title, duration, genre, release_date, `rank`, image) VALUES (346, 184, 'Song XIsstTn5Rx', 411, 'Alternative', '2024-03-21', 106, 'https://picsum.photos/id/233/200/200');
INSERT INTO SONGS (song_id, album_id, title, duration, genre, release_date, `rank`, image) VALUES (347, 43, 'Song TwOI60e52E', 403, 'Pop', '2023-03-21', 269, 'https://picsum.photos/id/263/200/200');
INSERT INTO SONGS (song_id, album_id, title, duration, genre, release_date, `rank`, image) VALUES (348, 15, 'Song w55fyU1fz1', 319, 'Turkish Folk', '2015-03-21', 963, 'https://picsum.photos/id/290/200/200');
INSERT INTO SONGS (song_id, album_id, title, duration, genre, release_date, `rank`, image) VALUES (349, 199, 'Song PrKSvC0c4d', 192, 'Turkish Folk', '2023-11-02', 34, 'https://picsum.photos/id/271/200/200');
INSERT INTO SONGS (song_id, album_id, title, duration, genre, release_date, `rank`, image) VALUES (350, 157, 'Song WL0sIpZEsB', 446, 'Turkish Rock', '2017-09-01', 415, 'https://picsum.photos/id/272/200/200');
INSERT INTO SONGS (song_id, album_id, title, duration, genre, release_date, `rank`, image) VALUES (351, 10, 'Song AJEsv03LzI', 221, 'Blues', '2019-04-10', 982, 'https://picsum.photos/id/274/200/200');
INSERT INTO SONGS (song_id, album_id, title, duration, genre, release_date, `rank`, image) VALUES (352, 189, 'Song qH31TPyE10', 305, 'Jazz', '2009-10-05', 11, 'https://picsum.photos/id/293/200/200');
INSERT INTO SONGS (song_id, album_id, title, duration, genre, release_date, `rank`, image) VALUES (353, 180, 'Song tVIpCrCmiL', 377, 'Jazz', '2017-04-26', 211, 'https://picsum.photos/id/262/200/200');
INSERT INTO SONGS (song_id, album_id, title, duration, genre, release_date, `rank`, image) VALUES (354, 104, 'Song TKKb49Pg8q', 166, 'Barok', '2019-05-08', 421, 'https://picsum.photos/id/283/200/200');
INSERT INTO SONGS (song_id, album_id, title, duration, genre, release_date, `rank`, image) VALUES (355, 5, 'Song OahL6nzjLP', 148, 'Indie', '2010-02-20', 291, 'https://picsum.photos/id/203/200/200');
INSERT INTO SONGS (song_id, album_id, title, duration, genre, release_date, `rank`, image) VALUES (356, 7, 'Song Zh8EWw6JM1', 405, 'Turkish Folk', '2017-10-16', 679, 'https://picsum.photos/id/266/200/200');
INSERT INTO SONGS (song_id, album_id, title, duration, genre, release_date, `rank`, image) VALUES (357, 87, 'Song 7S7HW7eLoj', 138, 'Turkish Folk', '2021-05-19', 323, 'https://picsum.photos/id/267/200/200');
INSERT INTO SONGS (song_id, album_id, title, duration, genre, release_date, `rank`, image) VALUES (358, 116, 'Song lm6vtF57sE', 247, 'Country', '2014-04-17', 584, 'https://picsum.photos/id/258/200/200');
INSERT INTO SONGS (song_id, album_id, title, duration, genre, release_date, `rank`, image) VALUES (359, 193, 'Song UDnTEb8jBS', 426, 'Turkish Rock', '2009-03-17', 335, 'https://picsum.photos/id/239/200/200');
INSERT INTO SONGS (song_id, album_id, title, duration, genre, release_date, `rank`, image) VALUES (360, 166, 'Song NSGKrOrrJi', 448, 'Turkish Psychedelic', '2024-04-03', 508, 'https://picsum.photos/id/230/200/200');
INSERT INTO SONGS (song_id, album_id, title, duration, genre, release_date, `rank`, image) VALUES (361, 182, 'Song TZctmLoGZt', 467, 'Gangsta Rap', '2018-05-21', 368, 'https://picsum.photos/id/277/200/200');
INSERT INTO SONGS (song_id, album_id, title, duration, genre, release_date, `rank`, image) VALUES (362, 139, 'Song E3EmorBs3R', 158, 'Indie', '2021-07-11', 232, 'https://picsum.photos/id/270/200/200');
INSERT INTO SONGS (song_id, album_id, title, duration, genre, release_date, `rank`, image) VALUES (363, 24, 'Song BAbXgSWD1G', 194, 'Reggae', '2015-12-05', 177, 'https://picsum.photos/id/241/200/200');
INSERT INTO SONGS (song_id, album_id, title, duration, genre, release_date, `rank`, image) VALUES (364, 156, 'Song k9zPe7wqdc', 384, 'Country', '2013-04-09', 496, 'https://picsum.photos/id/217/200/200');
INSERT INTO SONGS (song_id, album_id, title, duration, genre, release_date, `rank`, image) VALUES (365, 171, 'Song 6pzN80bJoo', 188, 'Rock', '2018-08-08', 752, 'https://picsum.photos/id/244/200/200');
INSERT INTO SONGS (song_id, album_id, title, duration, genre, release_date, `rank`, image) VALUES (366, 88, 'Song P2GR1nXsZZ', 130, 'Reggae', '2020-12-06', 260, 'https://picsum.photos/id/201/200/200');
INSERT INTO SONGS (song_id, album_id, title, duration, genre, release_date, `rank`, image) VALUES (367, 147, 'Song NY5d5iZbju', 217, 'Alternative', '2009-07-25', 238, 'https://picsum.photos/id/255/200/200');
INSERT INTO SONGS (song_id, album_id, title, duration, genre, release_date, `rank`, image) VALUES (368, 15, 'Song cj69FrPVQ0', 437, 'Indie', '2020-02-10', 385, 'https://picsum.photos/id/290/200/200');
INSERT INTO SONGS (song_id, album_id, title, duration, genre, release_date, `rank`, image) VALUES (369, 60, 'Song 8lblRiuiSq', 170, 'Folk', '2014-06-12', 563, 'https://picsum.photos/id/217/200/200');
INSERT INTO SONGS (song_id, album_id, title, duration, genre, release_date, `rank`, image) VALUES (370, 61, 'Song bIuczIxFqJ', 265, 'Jazz', '2023-07-31', 319, 'https://picsum.photos/id/272/200/200');
INSERT INTO SONGS (song_id, album_id, title, duration, genre, release_date, `rank`, image) VALUES (371, 22, 'Song u3oaqbJmrl', 217, 'Gangsta Rap', '2022-03-10', 403, 'https://picsum.photos/id/294/200/200');
INSERT INTO SONGS (song_id, album_id, title, duration, genre, release_date, `rank`, image) VALUES (372, 76, 'Song FKIA8TYtGB', 190, 'Black Metal', '2023-01-20', 511, 'https://picsum.photos/id/254/200/200');
INSERT INTO SONGS (song_id, album_id, title, duration, genre, release_date, `rank`, image) VALUES (373, 107, 'Song 8taEQVJpje', 274, 'Turkish Psychedelic', '2016-04-06', 985, 'https://picsum.photos/id/228/200/200');
INSERT INTO SONGS (song_id, album_id, title, duration, genre, release_date, `rank`, image) VALUES (374, 171, 'Song 585fQfRJN6', 317, 'Turkish Rock', '2011-03-25', 808, 'https://picsum.photos/id/244/200/200');
INSERT INTO SONGS (song_id, album_id, title, duration, genre, release_date, `rank`, image) VALUES (375, 139, 'Song RfYt78SxZq', 322, 'Country', '2009-01-24', 30, 'https://picsum.photos/id/270/200/200');
INSERT INTO SONGS (song_id, album_id, title, duration, genre, release_date, `rank`, image) VALUES (376, 114, 'Song J284Gr6mYH', 475, 'Jazz', '2010-03-26', 379, 'https://picsum.photos/id/220/200/200');
INSERT INTO SONGS (song_id, album_id, title, duration, genre, release_date, `rank`, image) VALUES (377, 169, 'Song PoqWABVzIp', 417, 'Indie', '2016-04-02', 701, 'https://picsum.photos/id/280/200/200');
INSERT INTO SONGS (song_id, album_id, title, duration, genre, release_date, `rank`, image) VALUES (378, 200, 'Song cy7rE9MLUE', 318, 'Reggae', '2010-08-23', 43, 'https://picsum.photos/id/258/200/200');
INSERT INTO SONGS (song_id, album_id, title, duration, genre, release_date, `rank`, image) VALUES (379, 134, 'Song qDyMnQRnMx', 312, 'Alternative', '2016-03-14', 18, 'https://picsum.photos/id/238/200/200');
INSERT INTO SONGS (song_id, album_id, title, duration, genre, release_date, `rank`, image) VALUES (380, 155, 'Song k6thoORvqC', 392, 'Gangsta Rap', '2012-08-27', 821, 'https://picsum.photos/id/250/200/200');
INSERT INTO SONGS (song_id, album_id, title, duration, genre, release_date, `rank`, image) VALUES (381, 108, 'Song eE0wpluIBN', 300, 'Reggae', '2023-05-29', 620, 'https://picsum.photos/id/244/200/200');
INSERT INTO SONGS (song_id, album_id, title, duration, genre, release_date, `rank`, image) VALUES (382, 45, 'Song 5H6l1VABhK', 231, 'Turkish Folk', '2011-05-09', 316, 'https://picsum.photos/id/293/200/200');
INSERT INTO SONGS (song_id, album_id, title, duration, genre, release_date, `rank`, image) VALUES (383, 158, 'Song ciZwLIknwX', 179, 'Country', '2016-04-24', 74, 'https://picsum.photos/id/268/200/200');
INSERT INTO SONGS (song_id, album_id, title, duration, genre, release_date, `rank`, image) VALUES (384, 127, 'Song m50htLDTxV', 441, 'Folk', '2022-10-22', 615, 'https://picsum.photos/id/241/200/200');
INSERT INTO SONGS (song_id, album_id, title, duration, genre, release_date, `rank`, image) VALUES (385, 97, 'Song RmP3M7quoq', 333, 'Turkish Psychedelic', '2018-12-12', 53, 'https://picsum.photos/id/294/200/200');
INSERT INTO SONGS (song_id, album_id, title, duration, genre, release_date, `rank`, image) VALUES (386, 3, 'Song l66mGLmkbt', 437, 'Turkish Psychedelic', '2023-12-02', 151, 'https://picsum.photos/id/246/200/200');
INSERT INTO SONGS (song_id, album_id, title, duration, genre, release_date, `rank`, image) VALUES (387, 140, 'Song 5MdLi3LZb5', 406, 'Gangsta Rap', '2019-01-28', 296, 'https://picsum.photos/id/226/200/200');
INSERT INTO SONGS (song_id, album_id, title, duration, genre, release_date, `rank`, image) VALUES (388, 95, 'Song mUu0EdAY3i', 355, 'Country', '2021-07-24', 513, 'https://picsum.photos/id/273/200/200');
INSERT INTO SONGS (song_id, album_id, title, duration, genre, release_date, `rank`, image) VALUES (389, 103, 'Song xLj32ol9VX', 252, 'Reggae', '2011-01-10', 733, 'https://picsum.photos/id/278/200/200');
INSERT INTO SONGS (song_id, album_id, title, duration, genre, release_date, `rank`, image) VALUES (390, 177, 'Song x68b5ElYW2', 442, 'Indie', '2015-09-18', 909, 'https://picsum.photos/id/292/200/200');
INSERT INTO SONGS (song_id, album_id, title, duration, genre, release_date, `rank`, image) VALUES (391, 106, 'Song 1wtnpPhhel', 161, 'Pop', '2021-03-26', 584, 'https://picsum.photos/id/202/200/200');
INSERT INTO SONGS (song_id, album_id, title, duration, genre, release_date, `rank`, image) VALUES (392, 24, 'Song O4KVQnLJ1I', 212, 'Country', '2008-05-03', 60, 'https://picsum.photos/id/241/200/200');
INSERT INTO SONGS (song_id, album_id, title, duration, genre, release_date, `rank`, image) VALUES (393, 190, 'Song LBRYqIBoKZ', 190, 'Gangsta Rap', '2008-12-07', 953, 'https://picsum.photos/id/295/200/200');
INSERT INTO SONGS (song_id, album_id, title, duration, genre, release_date, `rank`, image) VALUES (394, 91, 'Song yKAcYpjSHp', 285, 'Reggae', '2012-07-20', 835, 'https://picsum.photos/id/280/200/200');
INSERT INTO SONGS (song_id, album_id, title, duration, genre, release_date, `rank`, image) VALUES (395, 177, 'Song jGdY2BydSh', 196, 'Rock', '2019-10-06', 195, 'https://picsum.photos/id/292/200/200');
INSERT INTO SONGS (song_id, album_id, title, duration, genre, release_date, `rank`, image) VALUES (396, 33, 'Song 8D7nvRRsu7', 199, 'Barok', '2018-05-08', 608, 'https://picsum.photos/id/246/200/200');
INSERT INTO SONGS (song_id, album_id, title, duration, genre, release_date, `rank`, image) VALUES (397, 162, 'Song 9gHP4v65Vc', 442, 'Gangsta Rap', '2024-02-27', 239, 'https://picsum.photos/id/232/200/200');
INSERT INTO SONGS (song_id, album_id, title, duration, genre, release_date, `rank`, image) VALUES (398, 66, 'Song Tr2wuoDlcy', 323, 'Barok', '2024-03-12', 874, 'https://picsum.photos/id/282/200/200');
INSERT INTO SONGS (song_id, album_id, title, duration, genre, release_date, `rank`, image) VALUES (399, 91, 'Song eQK3DYF0Ut', 213, 'Black Metal', '2013-02-26', 100, 'https://picsum.photos/id/280/200/200');
INSERT INTO SONGS (song_id, album_id, title, duration, genre, release_date, `rank`, image) VALUES (400, 191, 'Song xE5iUaCU9D', 178, 'Rock', '2020-02-23', 581, 'https://picsum.photos/id/263/200/200');
INSERT INTO SONGS (song_id, album_id, title, duration, genre, release_date, `rank`, image) VALUES (401, 145, 'Song r1nf6LM9hh', 445, 'Turkish Folk', '2020-12-12', 34, 'https://picsum.photos/id/296/200/200');
INSERT INTO SONGS (song_id, album_id, title, duration, genre, release_date, `rank`, image) VALUES (402, 60, 'Song 9d7es6JUUp', 126, 'Blues', '2013-10-05', 313, 'https://picsum.photos/id/217/200/200');
INSERT INTO SONGS (song_id, album_id, title, duration, genre, release_date, `rank`, image) VALUES (403, 28, 'Song wqflEkt4rV', 273, 'Black Metal', '2021-06-28', 242, 'https://picsum.photos/id/207/200/200');
INSERT INTO SONGS (song_id, album_id, title, duration, genre, release_date, `rank`, image) VALUES (404, 120, 'Song K8L77hZTCF', 331, 'Jazz', '2015-03-04', 364, 'https://picsum.photos/id/225/200/200');
INSERT INTO SONGS (song_id, album_id, title, duration, genre, release_date, `rank`, image) VALUES (405, 178, 'Song Ii4FWsKLzn', 286, 'Country', '2011-11-17', 246, 'https://picsum.photos/id/205/200/200');
INSERT INTO SONGS (song_id, album_id, title, duration, genre, release_date, `rank`, image) VALUES (406, 86, 'Song zOOuPTg3EX', 434, 'Barok', '2010-04-10', 512, 'https://picsum.photos/id/292/200/200');
INSERT INTO SONGS (song_id, album_id, title, duration, genre, release_date, `rank`, image) VALUES (407, 84, 'Song apargSwUNQ', 153, 'Gangsta Rap', '2010-02-07', 159, 'https://picsum.photos/id/269/200/200');
INSERT INTO SONGS (song_id, album_id, title, duration, genre, release_date, `rank`, image) VALUES (408, 112, 'Song TBI6USkjbk', 170, 'Black Metal', '2017-07-17', 804, 'https://picsum.photos/id/276/200/200');
INSERT INTO SONGS (song_id, album_id, title, duration, genre, release_date, `rank`, image) VALUES (409, 136, 'Song 2zZcaajUpt', 435, 'Turkish Folk', '2008-05-02', 12, 'https://picsum.photos/id/279/200/200');
INSERT INTO SONGS (song_id, album_id, title, duration, genre, release_date, `rank`, image) VALUES (410, 199, 'Song g2PH43rjJt', 415, 'Gangsta Rap', '2020-12-15', 973, 'https://picsum.photos/id/271/200/200');
INSERT INTO SONGS (song_id, album_id, title, duration, genre, release_date, `rank`, image) VALUES (411, 105, 'Song ZnQqN0pO62', 362, 'Jazz', '2008-04-04', 29, 'https://picsum.photos/id/213/200/200');
INSERT INTO SONGS (song_id, album_id, title, duration, genre, release_date, `rank`, image) VALUES (412, 178, 'Song BlMAYY7DPz', 252, 'Country', '2008-04-29', 897, 'https://picsum.photos/id/205/200/200');
INSERT INTO SONGS (song_id, album_id, title, duration, genre, release_date, `rank`, image) VALUES (413, 78, 'Song 25cV60IB19', 224, 'Turkish Rock', '2013-11-13', 177, 'https://picsum.photos/id/298/200/200');
INSERT INTO SONGS (song_id, album_id, title, duration, genre, release_date, `rank`, image) VALUES (414, 13, 'Song fBVJEP2hsE', 150, 'Barok', '2013-12-06', 665, 'https://picsum.photos/id/274/200/200');
INSERT INTO SONGS (song_id, album_id, title, duration, genre, release_date, `rank`, image) VALUES (415, 17, 'Song MHOAALy0CZ', 452, 'Alternative', '2016-02-05', 75, 'https://picsum.photos/id/264/200/200');
INSERT INTO SONGS (song_id, album_id, title, duration, genre, release_date, `rank`, image) VALUES (416, 119, 'Song eAk1QHzRGA', 151, 'Jazz', '2019-01-20', 30, 'https://picsum.photos/id/244/200/200');
INSERT INTO SONGS (song_id, album_id, title, duration, genre, release_date, `rank`, image) VALUES (417, 174, 'Song HsvwZeaS8Y', 285, 'Rock', '2023-07-08', 501, 'https://picsum.photos/id/274/200/200');
INSERT INTO SONGS (song_id, album_id, title, duration, genre, release_date, `rank`, image) VALUES (418, 169, 'Song p3FGSzfZrM', 277, 'Turkish Psychedelic', '2015-12-18', 573, 'https://picsum.photos/id/280/200/200');
INSERT INTO SONGS (song_id, album_id, title, duration, genre, release_date, `rank`, image) VALUES (419, 26, 'Song rl8UVR9Tyc', 402, 'Barok', '2022-08-18', 530, 'https://picsum.photos/id/292/200/200');
INSERT INTO SONGS (song_id, album_id, title, duration, genre, release_date, `rank`, image) VALUES (420, 54, 'Song kJ3rvFUhfG', 121, 'Black Metal', '2014-06-22', 516, 'https://picsum.photos/id/249/200/200');
INSERT INTO SONGS (song_id, album_id, title, duration, genre, release_date, `rank`, image) VALUES (421, 66, 'Song vUoxZ0s4j1', 317, 'Alternative', '2013-04-12', 902, 'https://picsum.photos/id/282/200/200');
INSERT INTO SONGS (song_id, album_id, title, duration, genre, release_date, `rank`, image) VALUES (422, 151, 'Song wPbgBvUtYt', 433, 'Indie', '2022-11-30', 887, 'https://picsum.photos/id/223/200/200');
INSERT INTO SONGS (song_id, album_id, title, duration, genre, release_date, `rank`, image) VALUES (423, 178, 'Song 77nJHcWUhu', 217, 'Country', '2011-01-12', 514, 'https://picsum.photos/id/205/200/200');
INSERT INTO SONGS (song_id, album_id, title, duration, genre, release_date, `rank`, image) VALUES (424, 191, 'Song wAnZF7fspN', 464, 'Alternative', '2009-11-11', 274, 'https://picsum.photos/id/263/200/200');
INSERT INTO SONGS (song_id, album_id, title, duration, genre, release_date, `rank`, image) VALUES (425, 5, 'Song HtBHFFckm4', 278, 'Rock', '2017-10-05', 786, 'https://picsum.photos/id/203/200/200');
INSERT INTO SONGS (song_id, album_id, title, duration, genre, release_date, `rank`, image) VALUES (426, 82, 'Song G528oaQJPP', 323, 'Folk', '2017-09-25', 910, 'https://picsum.photos/id/218/200/200');
INSERT INTO SONGS (song_id, album_id, title, duration, genre, release_date, `rank`, image) VALUES (427, 142, 'Song 1Lno2IGOXE', 345, 'Turkish Psychedelic', '2020-10-10', 778, 'https://picsum.photos/id/207/200/200');
INSERT INTO SONGS (song_id, album_id, title, duration, genre, release_date, `rank`, image) VALUES (428, 177, 'Song vKkVwG9wiR', 403, 'Gangsta Rap', '2016-05-26', 692, 'https://picsum.photos/id/292/200/200');
INSERT INTO SONGS (song_id, album_id, title, duration, genre, release_date, `rank`, image) VALUES (429, 115, 'Song uh9uh7wdy6', 174, 'Country', '2015-03-21', 441, 'https://picsum.photos/id/273/200/200');
INSERT INTO SONGS (song_id, album_id, title, duration, genre, release_date, `rank`, image) VALUES (430, 189, 'Song AqxrKTnP8K', 240, 'Barok', '2009-07-22', 107, 'https://picsum.photos/id/293/200/200');
INSERT INTO SONGS (song_id, album_id, title, duration, genre, release_date, `rank`, image) VALUES (431, 135, 'Song Dxb4wXvktZ', 332, 'Rock', '2020-04-14', 250, 'https://picsum.photos/id/228/200/200');
INSERT INTO SONGS (song_id, album_id, title, duration, genre, release_date, `rank`, image) VALUES (432, 175, 'Song xgTND1uSll', 357, 'Rock', '2010-01-20', 757, 'https://picsum.photos/id/217/200/200');
INSERT INTO SONGS (song_id, album_id, title, duration, genre, release_date, `rank`, image) VALUES (433, 92, 'Song mFMtbRNTe8', 405, 'Turkish Rock', '2009-06-02', 500, 'https://picsum.photos/id/273/200/200');
INSERT INTO SONGS (song_id, album_id, title, duration, genre, release_date, `rank`, image) VALUES (434, 81, 'Song hqvPLXJ2KY', 228, 'Rock', '2013-11-03', 238, 'https://picsum.photos/id/216/200/200');
INSERT INTO SONGS (song_id, album_id, title, duration, genre, release_date, `rank`, image) VALUES (435, 109, 'Song ru4MBIeBtK', 230, 'Country', '2015-10-26', 175, 'https://picsum.photos/id/258/200/200');
INSERT INTO SONGS (song_id, album_id, title, duration, genre, release_date, `rank`, image) VALUES (436, 62, 'Song GVCOLt1SnU', 351, 'Alternative', '2022-07-06', 931, 'https://picsum.photos/id/221/200/200');
INSERT INTO SONGS (song_id, album_id, title, duration, genre, release_date, `rank`, image) VALUES (437, 38, 'Song 7fzdwXOm4l', 441, 'Turkish Folk', '2017-12-03', 705, 'https://picsum.photos/id/224/200/200');
INSERT INTO SONGS (song_id, album_id, title, duration, genre, release_date, `rank`, image) VALUES (438, 156, 'Song Gs2vTABOEW', 262, 'Turkish Rock', '2013-03-13', 540, 'https://picsum.photos/id/217/200/200');
INSERT INTO SONGS (song_id, album_id, title, duration, genre, release_date, `rank`, image) VALUES (439, 114, 'Song xA3Tx5J0Wv', 468, 'Jazz', '2020-07-18', 982, 'https://picsum.photos/id/220/200/200');
INSERT INTO SONGS (song_id, album_id, title, duration, genre, release_date, `rank`, image) VALUES (440, 30, 'Song Zp4egyOISc', 463, 'Jazz', '2023-03-13', 454, 'https://picsum.photos/id/202/200/200');
INSERT INTO SONGS (song_id, album_id, title, duration, genre, release_date, `rank`, image) VALUES (441, 87, 'Song rVWBYDS796', 430, 'Gangsta Rap', '2009-05-23', 150, 'https://picsum.photos/id/267/200/200');
INSERT INTO SONGS (song_id, album_id, title, duration, genre, release_date, `rank`, image) VALUES (442, 156, 'Song dwQhJsycZ5', 273, 'Black Metal', '2008-08-04', 971, 'https://picsum.photos/id/217/200/200');
INSERT INTO SONGS (song_id, album_id, title, duration, genre, release_date, `rank`, image) VALUES (443, 1, 'Song 47MtVYrsWN', 163, 'Gangsta Rap', '2020-09-14', 629, 'https://picsum.photos/id/245/200/200');
INSERT INTO SONGS (song_id, album_id, title, duration, genre, release_date, `rank`, image) VALUES (444, 106, 'Song JlQ8pvZOya', 368, 'Gangsta Rap', '2020-03-30', 818, 'https://picsum.photos/id/202/200/200');
INSERT INTO SONGS (song_id, album_id, title, duration, genre, release_date, `rank`, image) VALUES (445, 101, 'Song w7qcAY58ZJ', 413, 'Gangsta Rap', '2019-05-30', 695, 'https://picsum.photos/id/221/200/200');
INSERT INTO SONGS (song_id, album_id, title, duration, genre, release_date, `rank`, image) VALUES (446, 161, 'Song Ejk6ubEpPC', 464, 'Turkish Rock', '2014-05-15', 960, 'https://picsum.photos/id/206/200/200');
INSERT INTO SONGS (song_id, album_id, title, duration, genre, release_date, `rank`, image) VALUES (447, 122, 'Song ywiGaY97Iw', 306, 'Indie', '2015-03-21', 985, 'https://picsum.photos/id/219/200/200');
INSERT INTO SONGS (song_id, album_id, title, duration, genre, release_date, `rank`, image) VALUES (448, 47, 'Song chAP4lt3Qw', 255, 'Turkish Psychedelic', '2011-11-17', 42, 'https://picsum.photos/id/207/200/200');
INSERT INTO SONGS (song_id, album_id, title, duration, genre, release_date, `rank`, image) VALUES (449, 6, 'Song jfbV4Ywuo5', 435, 'Turkish Psychedelic', '2019-10-28', 586, 'https://picsum.photos/id/291/200/200');
INSERT INTO SONGS (song_id, album_id, title, duration, genre, release_date, `rank`, image) VALUES (450, 42, 'Song HyKunuNp1e', 262, 'Blues', '2020-11-26', 132, 'https://picsum.photos/id/227/200/200');
INSERT INTO SONGS (song_id, album_id, title, duration, genre, release_date, `rank`, image) VALUES (451, 99, 'Song uaxQj0bdpU', 294, 'Blues', '2018-01-17', 684, 'https://picsum.photos/id/244/200/200');
INSERT INTO SONGS (song_id, album_id, title, duration, genre, release_date, `rank`, image) VALUES (452, 124, 'Song VgIJ5uTXdy', 235, 'Reggae', '2013-09-22', 930, 'https://picsum.photos/id/211/200/200');
INSERT INTO SONGS (song_id, album_id, title, duration, genre, release_date, `rank`, image) VALUES (453, 58, 'Song qhVMh8O4yw', 245, 'Turkish Psychedelic', '2015-12-26', 744, 'https://picsum.photos/id/249/200/200');
INSERT INTO SONGS (song_id, album_id, title, duration, genre, release_date, `rank`, image) VALUES (454, 23, 'Song kG9xLmV6Q9', 269, 'Pop', '2013-01-10', 243, 'https://picsum.photos/id/297/200/200');
INSERT INTO SONGS (song_id, album_id, title, duration, genre, release_date, `rank`, image) VALUES (455, 162, 'Song tIry3aLnvt', 473, 'Folk', '2011-03-07', 707, 'https://picsum.photos/id/232/200/200');
INSERT INTO SONGS (song_id, album_id, title, duration, genre, release_date, `rank`, image) VALUES (456, 39, 'Song 80H3NZRrwg', 471, 'Gangsta Rap', '2022-06-03', 58, 'https://picsum.photos/id/259/200/200');
INSERT INTO SONGS (song_id, album_id, title, duration, genre, release_date, `rank`, image) VALUES (457, 108, 'Song LxDVIY5bqR', 258, 'Turkish Folk', '2017-02-23', 540, 'https://picsum.photos/id/244/200/200');
INSERT INTO SONGS (song_id, album_id, title, duration, genre, release_date, `rank`, image) VALUES (458, 106, 'Song X1ZxXRCQAw', 391, 'Rock', '2011-01-16', 792, 'https://picsum.photos/id/202/200/200');
INSERT INTO SONGS (song_id, album_id, title, duration, genre, release_date, `rank`, image) VALUES (459, 173, 'Song H0kGhfeLiS', 120, 'Alternative', '2009-12-15', 955, 'https://picsum.photos/id/240/200/200');
INSERT INTO SONGS (song_id, album_id, title, duration, genre, release_date, `rank`, image) VALUES (460, 198, 'Song 1WNTQQuKEg', 358, 'Indie', '2019-04-12', 224, 'https://picsum.photos/id/239/200/200');
INSERT INTO SONGS (song_id, album_id, title, duration, genre, release_date, `rank`, image) VALUES (461, 140, 'Song C7ZCmPFZdF', 259, 'Rock', '2020-06-05', 286, 'https://picsum.photos/id/226/200/200');
INSERT INTO SONGS (song_id, album_id, title, duration, genre, release_date, `rank`, image) VALUES (462, 102, 'Song iMwfLGMrYh', 276, 'Folk', '2015-01-26', 166, 'https://picsum.photos/id/262/200/200');
INSERT INTO SONGS (song_id, album_id, title, duration, genre, release_date, `rank`, image) VALUES (463, 18, 'Song 8HyaiwH8Gi', 365, 'Indie', '2014-04-23', 28, 'https://picsum.photos/id/281/200/200');
INSERT INTO SONGS (song_id, album_id, title, duration, genre, release_date, `rank`, image) VALUES (464, 164, 'Song pRGKz9sRb0', 471, 'Black Metal', '2022-08-26', 653, 'https://picsum.photos/id/213/200/200');
INSERT INTO SONGS (song_id, album_id, title, duration, genre, release_date, `rank`, image) VALUES (465, 112, 'Song GMpmVKsRMG', 242, 'Turkish Folk', '2008-05-21', 198, 'https://picsum.photos/id/276/200/200');
INSERT INTO SONGS (song_id, album_id, title, duration, genre, release_date, `rank`, image) VALUES (466, 13, 'Song JWSZqiH4fu', 289, 'Reggae', '2018-03-31', 244, 'https://picsum.photos/id/274/200/200');
INSERT INTO SONGS (song_id, album_id, title, duration, genre, release_date, `rank`, image) VALUES (467, 103, 'Song ZAUGmnQcsz', 347, 'Turkish Psychedelic', '2017-06-09', 821, 'https://picsum.photos/id/278/200/200');
INSERT INTO SONGS (song_id, album_id, title, duration, genre, release_date, `rank`, image) VALUES (468, 93, 'Song A1vJaC5v5C', 478, 'Jazz', '2011-06-22', 460, 'https://picsum.photos/id/296/200/200');
INSERT INTO SONGS (song_id, album_id, title, duration, genre, release_date, `rank`, image) VALUES (469, 112, 'Song wehqB70tzo', 462, 'Indie', '2022-08-07', 16, 'https://picsum.photos/id/276/200/200');
INSERT INTO SONGS (song_id, album_id, title, duration, genre, release_date, `rank`, image) VALUES (470, 128, 'Song djNNaZ39YV', 457, 'Pop', '2015-01-25', 955, 'https://picsum.photos/id/243/200/200');
INSERT INTO SONGS (song_id, album_id, title, duration, genre, release_date, `rank`, image) VALUES (471, 41, 'Song u3HBIpcjbH', 215, 'Jazz', '2021-01-21', 84, 'https://picsum.photos/id/247/200/200');
INSERT INTO SONGS (song_id, album_id, title, duration, genre, release_date, `rank`, image) VALUES (472, 180, 'Song vD4FWxQWQG', 212, 'Jazz', '2019-05-24', 404, 'https://picsum.photos/id/262/200/200');
INSERT INTO SONGS (song_id, album_id, title, duration, genre, release_date, `rank`, image) VALUES (473, 103, 'Song QWWf4Fa2t9', 440, 'Alternative', '2018-06-04', 626, 'https://picsum.photos/id/278/200/200');
INSERT INTO SONGS (song_id, album_id, title, duration, genre, release_date, `rank`, image) VALUES (474, 57, 'Song 5Y6Mn6S0XY', 353, 'Indie', '2008-11-10', 144, 'https://picsum.photos/id/250/200/200');
INSERT INTO SONGS (song_id, album_id, title, duration, genre, release_date, `rank`, image) VALUES (475, 186, 'Song zm0jyE0w4h', 257, 'Blues', '2011-05-23', 14, 'https://picsum.photos/id/225/200/200');
INSERT INTO SONGS (song_id, album_id, title, duration, genre, release_date, `rank`, image) VALUES (476, 196, 'Song E223KmPYX4', 339, 'Folk', '2015-06-05', 158, 'https://picsum.photos/id/284/200/200');
INSERT INTO SONGS (song_id, album_id, title, duration, genre, release_date, `rank`, image) VALUES (477, 49, 'Song CrysskIDT3', 307, 'Country', '2013-06-18', 451, 'https://picsum.photos/id/294/200/200');
INSERT INTO SONGS (song_id, album_id, title, duration, genre, release_date, `rank`, image) VALUES (478, 10, 'Song AxLHDHVQBE', 417, 'Folk', '2017-03-20', 326, 'https://picsum.photos/id/274/200/200');
INSERT INTO SONGS (song_id, album_id, title, duration, genre, release_date, `rank`, image) VALUES (479, 55, 'Song MQTBfjwaGX', 230, 'Alternative', '2011-04-27', 133, 'https://picsum.photos/id/299/200/200');
INSERT INTO SONGS (song_id, album_id, title, duration, genre, release_date, `rank`, image) VALUES (480, 118, 'Song jj1vbGqwSC', 272, 'Gangsta Rap', '2022-11-30', 150, 'https://picsum.photos/id/276/200/200');
INSERT INTO SONGS (song_id, album_id, title, duration, genre, release_date, `rank`, image) VALUES (481, 139, 'Song 5jsFVlxJ38', 244, 'Folk', '2018-05-01', 147, 'https://picsum.photos/id/270/200/200');
INSERT INTO SONGS (song_id, album_id, title, duration, genre, release_date, `rank`, image) VALUES (482, 66, 'Song BicHE4AcnO', 414, 'Folk', '2020-11-03', 290, 'https://picsum.photos/id/282/200/200');
INSERT INTO SONGS (song_id, album_id, title, duration, genre, release_date, `rank`, image) VALUES (483, 152, 'Song UP4OnlvcbS', 382, 'Jazz', '2010-02-28', 570, 'https://picsum.photos/id/224/200/200');
INSERT INTO SONGS (song_id, album_id, title, duration, genre, release_date, `rank`, image) VALUES (484, 58, 'Song usWaYfxbWs', 166, 'Indie', '2008-09-16', 840, 'https://picsum.photos/id/249/200/200');
INSERT INTO SONGS (song_id, album_id, title, duration, genre, release_date, `rank`, image) VALUES (485, 66, 'Song butNN83qnS', 302, 'Black Metal', '2019-01-02', 427, 'https://picsum.photos/id/282/200/200');
INSERT INTO SONGS (song_id, album_id, title, duration, genre, release_date, `rank`, image) VALUES (486, 81, 'Song JeyrAC7JhE', 421, 'Alternative', '2015-11-06', 804, 'https://picsum.photos/id/216/200/200');
INSERT INTO SONGS (song_id, album_id, title, duration, genre, release_date, `rank`, image) VALUES (487, 84, 'Song ofKkU4MOya', 399, 'Indie', '2014-03-01', 20, 'https://picsum.photos/id/269/200/200');
INSERT INTO SONGS (song_id, album_id, title, duration, genre, release_date, `rank`, image) VALUES (488, 74, 'Song cXDPrrjetY', 307, 'Turkish Psychedelic', '2011-09-30', 197, 'https://picsum.photos/id/237/200/200');
INSERT INTO SONGS (song_id, album_id, title, duration, genre, release_date, `rank`, image) VALUES (489, 154, 'Song G0brbrCUHX', 215, 'Turkish Psychedelic', '2018-10-28', 477, 'https://picsum.photos/id/293/200/200');
INSERT INTO SONGS (song_id, album_id, title, duration, genre, release_date, `rank`, image) VALUES (490, 88, 'Song ylvybXyRFU', 179, 'Turkish Psychedelic', '2012-06-25', 754, 'https://picsum.photos/id/201/200/200');
INSERT INTO SONGS (song_id, album_id, title, duration, genre, release_date, `rank`, image) VALUES (491, 141, 'Song SoStcg7qbB', 156, 'Turkish Rock', '2023-08-13', 21, 'https://picsum.photos/id/265/200/200');
INSERT INTO SONGS (song_id, album_id, title, duration, genre, release_date, `rank`, image) VALUES (492, 85, 'Song 3WlGRwG3So', 336, 'Turkish Psychedelic', '2010-05-31', 849, 'https://picsum.photos/id/234/200/200');
INSERT INTO SONGS (song_id, album_id, title, duration, genre, release_date, `rank`, image) VALUES (493, 45, 'Song RPg68JynR1', 470, 'Indie', '2021-03-08', 821, 'https://picsum.photos/id/293/200/200');
INSERT INTO SONGS (song_id, album_id, title, duration, genre, release_date, `rank`, image) VALUES (494, 171, 'Song XFUgKNinuR', 146, 'Indie', '2009-01-07', 874, 'https://picsum.photos/id/244/200/200');
INSERT INTO SONGS (song_id, album_id, title, duration, genre, release_date, `rank`, image) VALUES (495, 84, 'Song s8X2ZPyupV', 472, 'Turkish Psychedelic', '2017-04-24', 989, 'https://picsum.photos/id/269/200/200');
INSERT INTO SONGS (song_id, album_id, title, duration, genre, release_date, `rank`, image) VALUES (496, 124, 'Song LqVlLn7xNk', 269, 'Reggae', '2023-08-01', 110, 'https://picsum.photos/id/211/200/200');
INSERT INTO SONGS (song_id, album_id, title, duration, genre, release_date, `rank`, image) VALUES (497, 128, 'Song 7XjStOXjzr', 472, 'Indie', '2014-05-12', 63, 'https://picsum.photos/id/243/200/200');
INSERT INTO SONGS (song_id, album_id, title, duration, genre, release_date, `rank`, image) VALUES (498, 49, 'Song p9KYjxKE4V', 273, 'Folk', '2012-08-24', 467, 'https://picsum.photos/id/294/200/200');
INSERT INTO SONGS (song_id, album_id, title, duration, genre, release_date, `rank`, image) VALUES (499, 192, 'Song 3a351fzmDK', 193, 'Turkish Folk', '2011-09-25', 236, 'https://picsum.photos/id/263/200/200');
INSERT INTO SONGS (song_id, album_id, title, duration, genre, release_date, `rank`, image) VALUES (500, 150, 'Song DV0hMNTHry', 235, 'Reggae', '2011-07-16', 842, 'https://picsum.photos/id/238/200/200');
INSERT INTO SONGS (song_id, album_id, title, duration, genre, release_date, `rank`, image) VALUES (501, 149, 'Song lBYSWG3BzF', 428, 'Black Metal', '2013-11-15', 795, 'https://picsum.photos/id/225/200/200');
INSERT INTO SONGS (song_id, album_id, title, duration, genre, release_date, `rank`, image) VALUES (502, 123, 'Song zJGopt7i8v', 349, 'Blues', '2014-10-30', 939, 'https://picsum.photos/id/223/200/200');
INSERT INTO SONGS (song_id, album_id, title, duration, genre, release_date, `rank`, image) VALUES (503, 60, 'Song qWmA44euxg', 153, 'Barok', '2011-08-09', 16, 'https://picsum.photos/id/217/200/200');
INSERT INTO SONGS (song_id, album_id, title, duration, genre, release_date, `rank`, image) VALUES (504, 163, 'Song 2ygMer3Bnq', 435, 'Black Metal', '2012-11-06', 697, 'https://picsum.photos/id/201/200/200');
INSERT INTO SONGS (song_id, album_id, title, duration, genre, release_date, `rank`, image) VALUES (505, 169, 'Song c5fj9RsdHD', 258, 'Alternative', '2021-02-06', 969, 'https://picsum.photos/id/280/200/200');
INSERT INTO SONGS (song_id, album_id, title, duration, genre, release_date, `rank`, image) VALUES (506, 4, 'Song 9DfMpVyfWP', 235, 'Pop', '2022-12-27', 568, 'https://picsum.photos/id/228/200/200');
INSERT INTO SONGS (song_id, album_id, title, duration, genre, release_date, `rank`, image) VALUES (507, 142, 'Song UYzIF0cFtX', 346, 'Jazz', '2024-03-08', 711, 'https://picsum.photos/id/207/200/200');
INSERT INTO SONGS (song_id, album_id, title, duration, genre, release_date, `rank`, image) VALUES (508, 67, 'Song mrbNiOPIto', 297, 'Gangsta Rap', '2014-06-20', 462, 'https://picsum.photos/id/249/200/200');
INSERT INTO SONGS (song_id, album_id, title, duration, genre, release_date, `rank`, image) VALUES (509, 62, 'Song mMz8jGzOdH', 183, 'Turkish Psychedelic', '2021-07-18', 84, 'https://picsum.photos/id/221/200/200');
INSERT INTO SONGS (song_id, album_id, title, duration, genre, release_date, `rank`, image) VALUES (510, 26, 'Song tv0IK4VlEQ', 147, 'Barok', '2013-05-29', 347, 'https://picsum.photos/id/292/200/200');
INSERT INTO SONGS (song_id, album_id, title, duration, genre, release_date, `rank`, image) VALUES (511, 82, 'Song 8RucnDtffk', 420, 'Black Metal', '2021-10-18', 499, 'https://picsum.photos/id/218/200/200');
INSERT INTO SONGS (song_id, album_id, title, duration, genre, release_date, `rank`, image) VALUES (512, 166, 'Song oe0Zj9D2QM', 240, 'Folk', '2022-11-12', 467, 'https://picsum.photos/id/230/200/200');
INSERT INTO SONGS (song_id, album_id, title, duration, genre, release_date, `rank`, image) VALUES (513, 127, 'Song HzeN2cByz9', 305, 'Barok', '2010-09-18', 957, 'https://picsum.photos/id/241/200/200');
INSERT INTO SONGS (song_id, album_id, title, duration, genre, release_date, `rank`, image) VALUES (514, 76, 'Song Mg4mIUBhoz', 328, 'Turkish Rock', '2012-04-03', 178, 'https://picsum.photos/id/254/200/200');
INSERT INTO SONGS (song_id, album_id, title, duration, genre, release_date, `rank`, image) VALUES (515, 44, 'Song b1HbaVRFbe', 434, 'Blues', '2017-10-16', 788, 'https://picsum.photos/id/296/200/200');
INSERT INTO SONGS (song_id, album_id, title, duration, genre, release_date, `rank`, image) VALUES (516, 49, 'Song D8QQQwAVPJ', 477, 'Gangsta Rap', '2012-04-15', 598, 'https://picsum.photos/id/294/200/200');
INSERT INTO SONGS (song_id, album_id, title, duration, genre, release_date, `rank`, image) VALUES (517, 190, 'Song tbMpH5guPH', 212, 'Turkish Folk', '2016-07-28', 780, 'https://picsum.photos/id/295/200/200');
INSERT INTO SONGS (song_id, album_id, title, duration, genre, release_date, `rank`, image) VALUES (518, 199, 'Song PfLdwLRaQB', 407, 'Turkish Rock', '2011-03-02', 593, 'https://picsum.photos/id/271/200/200');
INSERT INTO SONGS (song_id, album_id, title, duration, genre, release_date, `rank`, image) VALUES (519, 183, 'Song ImwZIobyxi', 366, 'Country', '2008-02-09', 345, 'https://picsum.photos/id/281/200/200');
INSERT INTO SONGS (song_id, album_id, title, duration, genre, release_date, `rank`, image) VALUES (520, 187, 'Song mtRzh3cptW', 251, 'Reggae', '2011-11-15', 843, 'https://picsum.photos/id/202/200/200');
INSERT INTO SONGS (song_id, album_id, title, duration, genre, release_date, `rank`, image) VALUES (521, 139, 'Song LpnFy1LekO', 191, 'Turkish Rock', '2010-11-08', 694, 'https://picsum.photos/id/270/200/200');
INSERT INTO SONGS (song_id, album_id, title, duration, genre, release_date, `rank`, image) VALUES (522, 125, 'Song tYb3npnXvJ', 231, 'Folk', '2015-12-19', 935, 'https://picsum.photos/id/247/200/200');
INSERT INTO SONGS (song_id, album_id, title, duration, genre, release_date, `rank`, image) VALUES (523, 24, 'Song 6YJtnNdYbb', 126, 'Folk', '2021-12-08', 367, 'https://picsum.photos/id/241/200/200');
INSERT INTO SONGS (song_id, album_id, title, duration, genre, release_date, `rank`, image) VALUES (524, 20, 'Song Nzxt9ZQLiR', 183, 'Jazz', '2019-08-13', 638, 'https://picsum.photos/id/219/200/200');
INSERT INTO SONGS (song_id, album_id, title, duration, genre, release_date, `rank`, image) VALUES (525, 196, 'Song 9sdYwXp07u', 193, 'Reggae', '2017-11-01', 439, 'https://picsum.photos/id/284/200/200');
INSERT INTO SONGS (song_id, album_id, title, duration, genre, release_date, `rank`, image) VALUES (526, 62, 'Song O6pqxQhFyE', 458, 'Folk', '2022-10-18', 995, 'https://picsum.photos/id/221/200/200');
INSERT INTO SONGS (song_id, album_id, title, duration, genre, release_date, `rank`, image) VALUES (527, 67, 'Song 5HirJcJ8aE', 240, 'Gangsta Rap', '2014-03-06', 967, 'https://picsum.photos/id/249/200/200');
INSERT INTO SONGS (song_id, album_id, title, duration, genre, release_date, `rank`, image) VALUES (528, 185, 'Song dw8laPpcg2', 166, 'Folk', '2012-02-25', 151, 'https://picsum.photos/id/280/200/200');
INSERT INTO SONGS (song_id, album_id, title, duration, genre, release_date, `rank`, image) VALUES (529, 25, 'Song FCgMpCI8Zl', 393, 'Rock', '2008-01-13', 292, 'https://picsum.photos/id/254/200/200');
INSERT INTO SONGS (song_id, album_id, title, duration, genre, release_date, `rank`, image) VALUES (530, 66, 'Song APjyF6h2iq', 357, 'Country', '2020-04-28', 713, 'https://picsum.photos/id/282/200/200');
INSERT INTO SONGS (song_id, album_id, title, duration, genre, release_date, `rank`, image) VALUES (531, 116, 'Song 8W92P0Mscj', 144, 'Turkish Folk', '2009-02-07', 273, 'https://picsum.photos/id/258/200/200');
INSERT INTO SONGS (song_id, album_id, title, duration, genre, release_date, `rank`, image) VALUES (532, 117, 'Song nvDsF6dNnF', 191, 'Rock', '2011-07-04', 415, 'https://picsum.photos/id/300/200/200');
INSERT INTO SONGS (song_id, album_id, title, duration, genre, release_date, `rank`, image) VALUES (533, 72, 'Song DubJtNKkVd', 388, 'Country', '2017-04-18', 785, 'https://picsum.photos/id/218/200/200');
INSERT INTO SONGS (song_id, album_id, title, duration, genre, release_date, `rank`, image) VALUES (534, 126, 'Song fcHeAACXXi', 177, 'Jazz', '2016-03-30', 332, 'https://picsum.photos/id/265/200/200');
INSERT INTO SONGS (song_id, album_id, title, duration, genre, release_date, `rank`, image) VALUES (535, 58, 'Song OuIWcTlkcz', 361, 'Rock', '2014-11-17', 940, 'https://picsum.photos/id/249/200/200');
INSERT INTO SONGS (song_id, album_id, title, duration, genre, release_date, `rank`, image) VALUES (536, 70, 'Song D3XvYTbWO5', 201, 'Pop', '2014-03-06', 9, 'https://picsum.photos/id/265/200/200');
INSERT INTO SONGS (song_id, album_id, title, duration, genre, release_date, `rank`, image) VALUES (537, 67, 'Song oUNsZBgCDM', 337, 'Turkish Folk', '2017-07-23', 846, 'https://picsum.photos/id/249/200/200');
INSERT INTO SONGS (song_id, album_id, title, duration, genre, release_date, `rank`, image) VALUES (538, 57, 'Song OZGnekogKU', 221, 'Gangsta Rap', '2008-02-12', 129, 'https://picsum.photos/id/250/200/200');
INSERT INTO SONGS (song_id, album_id, title, duration, genre, release_date, `rank`, image) VALUES (539, 78, 'Song AB4jweJPy7', 324, 'Turkish Psychedelic', '2008-03-22', 397, 'https://picsum.photos/id/298/200/200');
INSERT INTO SONGS (song_id, album_id, title, duration, genre, release_date, `rank`, image) VALUES (540, 146, 'Song ePFUqTajIf', 339, 'Blues', '2018-02-14', 150, 'https://picsum.photos/id/266/200/200');
INSERT INTO SONGS (song_id, album_id, title, duration, genre, release_date, `rank`, image) VALUES (541, 1, 'Song Whmb4gxTyC', 218, 'Alternative', '2023-06-26', 611, 'https://picsum.photos/id/245/200/200');
INSERT INTO SONGS (song_id, album_id, title, duration, genre, release_date, `rank`, image) VALUES (542, 40, 'Song YD4XZU9U1i', 295, 'Turkish Psychedelic', '2020-06-23', 307, 'https://picsum.photos/id/207/200/200');
INSERT INTO SONGS (song_id, album_id, title, duration, genre, release_date, `rank`, image) VALUES (543, 4, 'Song ZaFRb4hh0O', 242, 'Alternative', '2010-10-19', 559, 'https://picsum.photos/id/228/200/200');
INSERT INTO SONGS (song_id, album_id, title, duration, genre, release_date, `rank`, image) VALUES (544, 136, 'Song ARiJWZiBRl', 415, 'Country', '2011-10-08', 193, 'https://picsum.photos/id/279/200/200');
INSERT INTO SONGS (song_id, album_id, title, duration, genre, release_date, `rank`, image) VALUES (545, 144, 'Song mHRG2d6Q6K', 282, 'Folk', '2018-07-06', 954, 'https://picsum.photos/id/239/200/200');
INSERT INTO SONGS (song_id, album_id, title, duration, genre, release_date, `rank`, image) VALUES (546, 75, 'Song PSm7pUoGKc', 159, 'Reggae', '2009-08-01', 60, 'https://picsum.photos/id/223/200/200');
INSERT INTO SONGS (song_id, album_id, title, duration, genre, release_date, `rank`, image) VALUES (547, 124, 'Song 0H6d3heHs2', 404, 'Turkish Psychedelic', '2022-10-24', 64, 'https://picsum.photos/id/211/200/200');
INSERT INTO SONGS (song_id, album_id, title, duration, genre, release_date, `rank`, image) VALUES (548, 199, 'Song vFl5AXuEq2', 135, 'Pop', '2019-08-16', 612, 'https://picsum.photos/id/271/200/200');
INSERT INTO SONGS (song_id, album_id, title, duration, genre, release_date, `rank`, image) VALUES (549, 148, 'Song lvSLyoFexS', 315, 'Barok', '2012-04-25', 723, 'https://picsum.photos/id/218/200/200');
INSERT INTO SONGS (song_id, album_id, title, duration, genre, release_date, `rank`, image) VALUES (550, 154, 'Song Johtq1uwvV', 423, 'Turkish Rock', '2008-08-18', 654, 'https://picsum.photos/id/293/200/200');
INSERT INTO SONGS (song_id, album_id, title, duration, genre, release_date, `rank`, image) VALUES (551, 131, 'Song HOnYfyGUfG', 441, 'Alternative', '2014-01-17', 320, 'https://picsum.photos/id/283/200/200');
INSERT INTO SONGS (song_id, album_id, title, duration, genre, release_date, `rank`, image) VALUES (552, 136, 'Song L8BJLIti4u', 205, 'Turkish Rock', '2008-12-09', 893, 'https://picsum.photos/id/279/200/200');
INSERT INTO SONGS (song_id, album_id, title, duration, genre, release_date, `rank`, image) VALUES (553, 59, 'Song labaqHW8Gm', 267, 'Blues', '2014-05-11', 320, 'https://picsum.photos/id/274/200/200');
INSERT INTO SONGS (song_id, album_id, title, duration, genre, release_date, `rank`, image) VALUES (554, 56, 'Song ESnGOVEvOh', 227, 'Folk', '2021-02-06', 117, 'https://picsum.photos/id/289/200/200');
INSERT INTO SONGS (song_id, album_id, title, duration, genre, release_date, `rank`, image) VALUES (555, 113, 'Song 8BmevM2LtK', 194, 'Pop', '2019-03-17', 707, 'https://picsum.photos/id/238/200/200');
INSERT INTO SONGS (song_id, album_id, title, duration, genre, release_date, `rank`, image) VALUES (556, 98, 'Song Rf0WKQrvmN', 308, 'Reggae', '2008-07-20', 108, 'https://picsum.photos/id/284/200/200');
INSERT INTO SONGS (song_id, album_id, title, duration, genre, release_date, `rank`, image) VALUES (557, 57, 'Song LgCA97vtEG', 195, 'Black Metal', '2010-07-26', 36, 'https://picsum.photos/id/250/200/200');
INSERT INTO SONGS (song_id, album_id, title, duration, genre, release_date, `rank`, image) VALUES (558, 107, 'Song iKAesv3m7S', 367, 'Folk', '2008-06-11', 235, 'https://picsum.photos/id/228/200/200');
INSERT INTO SONGS (song_id, album_id, title, duration, genre, release_date, `rank`, image) VALUES (559, 113, 'Song QiBhx265FD', 301, 'Rock', '2022-08-05', 718, 'https://picsum.photos/id/238/200/200');
INSERT INTO SONGS (song_id, album_id, title, duration, genre, release_date, `rank`, image) VALUES (560, 136, 'Song 2Je6RAXwoD', 282, 'Black Metal', '2009-02-18', 25, 'https://picsum.photos/id/279/200/200');
INSERT INTO SONGS (song_id, album_id, title, duration, genre, release_date, `rank`, image) VALUES (561, 147, 'Song QPq0SVfldE', 322, 'Turkish Folk', '2012-10-13', 471, 'https://picsum.photos/id/255/200/200');
INSERT INTO SONGS (song_id, album_id, title, duration, genre, release_date, `rank`, image) VALUES (562, 147, 'Song kwhh1YNf7E', 269, 'Blues', '2016-01-13', 975, 'https://picsum.photos/id/255/200/200');
INSERT INTO SONGS (song_id, album_id, title, duration, genre, release_date, `rank`, image) VALUES (563, 63, 'Song OWI0YiWSDy', 477, 'Blues', '2011-09-25', 416, 'https://picsum.photos/id/235/200/200');
INSERT INTO SONGS (song_id, album_id, title, duration, genre, release_date, `rank`, image) VALUES (564, 107, 'Song Y8gIW6gIJh', 394, 'Country', '2009-05-31', 323, 'https://picsum.photos/id/228/200/200');
INSERT INTO SONGS (song_id, album_id, title, duration, genre, release_date, `rank`, image) VALUES (565, 71, 'Song GzyTVyuHdX', 182, 'Rock', '2017-10-06', 84, 'https://picsum.photos/id/273/200/200');
INSERT INTO SONGS (song_id, album_id, title, duration, genre, release_date, `rank`, image) VALUES (566, 186, 'Song l5eN5eOrTT', 133, 'Turkish Folk', '2011-05-14', 51, 'https://picsum.photos/id/225/200/200');
INSERT INTO SONGS (song_id, album_id, title, duration, genre, release_date, `rank`, image) VALUES (567, 68, 'Song sFb8ZEgJGU', 411, 'Gangsta Rap', '2009-11-09', 857, 'https://picsum.photos/id/287/200/200');
INSERT INTO SONGS (song_id, album_id, title, duration, genre, release_date, `rank`, image) VALUES (568, 183, 'Song wO5pK6XPYz', 324, 'Country', '2019-03-06', 435, 'https://picsum.photos/id/281/200/200');
INSERT INTO SONGS (song_id, album_id, title, duration, genre, release_date, `rank`, image) VALUES (569, 98, 'Song qITKqLgvaH', 244, 'Turkish Psychedelic', '2023-08-17', 981, 'https://picsum.photos/id/284/200/200');
INSERT INTO SONGS (song_id, album_id, title, duration, genre, release_date, `rank`, image) VALUES (570, 34, 'Song h3EweWS0PD', 152, 'Gangsta Rap', '2014-11-23', 738, 'https://picsum.photos/id/234/200/200');
INSERT INTO SONGS (song_id, album_id, title, duration, genre, release_date, `rank`, image) VALUES (571, 100, 'Song Sz3QKCr0J0', 230, 'Turkish Psychedelic', '2017-12-29', 233, 'https://picsum.photos/id/255/200/200');
INSERT INTO SONGS (song_id, album_id, title, duration, genre, release_date, `rank`, image) VALUES (572, 159, 'Song Qvoq5lTQhX', 190, 'Gangsta Rap', '2019-01-10', 368, 'https://picsum.photos/id/299/200/200');
INSERT INTO SONGS (song_id, album_id, title, duration, genre, release_date, `rank`, image) VALUES (573, 6, 'Song zgTupcJbz4', 245, 'Gangsta Rap', '2020-11-08', 222, 'https://picsum.photos/id/291/200/200');
INSERT INTO SONGS (song_id, album_id, title, duration, genre, release_date, `rank`, image) VALUES (574, 84, 'Song xdmeMP7q1a', 265, 'Pop', '2009-06-24', 242, 'https://picsum.photos/id/269/200/200');
INSERT INTO SONGS (song_id, album_id, title, duration, genre, release_date, `rank`, image) VALUES (575, 156, 'Song 33MJl1cyeD', 368, 'Turkish Psychedelic', '2015-10-01', 458, 'https://picsum.photos/id/217/200/200');
INSERT INTO SONGS (song_id, album_id, title, duration, genre, release_date, `rank`, image) VALUES (576, 172, 'Song ITewCYTmcd', 373, 'Alternative', '2010-08-12', 772, 'https://picsum.photos/id/293/200/200');
INSERT INTO SONGS (song_id, album_id, title, duration, genre, release_date, `rank`, image) VALUES (577, 150, 'Song xyhJWYn6XI', 257, 'Alternative', '2022-11-08', 881, 'https://picsum.photos/id/238/200/200');
INSERT INTO SONGS (song_id, album_id, title, duration, genre, release_date, `rank`, image) VALUES (578, 4, 'Song gBAJ32BWU9', 456, 'Turkish Psychedelic', '2009-08-04', 60, 'https://picsum.photos/id/228/200/200');
INSERT INTO SONGS (song_id, album_id, title, duration, genre, release_date, `rank`, image) VALUES (579, 134, 'Song xBbAxgSlhw', 225, 'Blues', '2012-10-05', 28, 'https://picsum.photos/id/238/200/200');
INSERT INTO SONGS (song_id, album_id, title, duration, genre, release_date, `rank`, image) VALUES (580, 188, 'Song TMamjP0Lf9', 194, 'Black Metal', '2020-10-23', 50, 'https://picsum.photos/id/263/200/200');
INSERT INTO SONGS (song_id, album_id, title, duration, genre, release_date, `rank`, image) VALUES (581, 183, 'Song 8CvF37TJQM', 367, 'Black Metal', '2018-09-20', 917, 'https://picsum.photos/id/281/200/200');
INSERT INTO SONGS (song_id, album_id, title, duration, genre, release_date, `rank`, image) VALUES (582, 123, 'Song g2viEKFYhF', 394, 'Pop', '2011-01-10', 995, 'https://picsum.photos/id/223/200/200');
INSERT INTO SONGS (song_id, album_id, title, duration, genre, release_date, `rank`, image) VALUES (583, 36, 'Song zq6bDOvutD', 445, 'Pop', '2024-02-27', 364, 'https://picsum.photos/id/272/200/200');
INSERT INTO SONGS (song_id, album_id, title, duration, genre, release_date, `rank`, image) VALUES (584, 178, 'Song mVqtjs54tl', 441, 'Black Metal', '2016-08-14', 879, 'https://picsum.photos/id/205/200/200');
INSERT INTO SONGS (song_id, album_id, title, duration, genre, release_date, `rank`, image) VALUES (585, 118, 'Song ssA4dBHrJ9', 366, 'Pop', '2016-04-05', 571, 'https://picsum.photos/id/276/200/200');
INSERT INTO SONGS (song_id, album_id, title, duration, genre, release_date, `rank`, image) VALUES (586, 140, 'Song koCbHVuL0l', 449, 'Blues', '2023-03-15', 72, 'https://picsum.photos/id/226/200/200');
INSERT INTO SONGS (song_id, album_id, title, duration, genre, release_date, `rank`, image) VALUES (587, 17, 'Song fHS97W5GZw', 476, 'Alternative', '2010-08-27', 883, 'https://picsum.photos/id/264/200/200');
INSERT INTO SONGS (song_id, album_id, title, duration, genre, release_date, `rank`, image) VALUES (588, 185, 'Song QYrvlBwxTM', 312, 'Turkish Psychedelic', '2008-04-01', 94, 'https://picsum.photos/id/280/200/200');
INSERT INTO SONGS (song_id, album_id, title, duration, genre, release_date, `rank`, image) VALUES (589, 180, 'Song F6AmCjNqpN', 462, 'Pop', '2011-04-23', 406, 'https://picsum.photos/id/262/200/200');
INSERT INTO SONGS (song_id, album_id, title, duration, genre, release_date, `rank`, image) VALUES (590, 77, 'Song K6MpdrqgFS', 204, 'Rock', '2019-04-26', 555, 'https://picsum.photos/id/203/200/200');
INSERT INTO SONGS (song_id, album_id, title, duration, genre, release_date, `rank`, image) VALUES (591, 108, 'Song nx5llvYlKF', 137, 'Indie', '2018-08-14', 290, 'https://picsum.photos/id/244/200/200');
INSERT INTO SONGS (song_id, album_id, title, duration, genre, release_date, `rank`, image) VALUES (592, 114, 'Song vbIPvun4Iw', 351, 'Turkish Folk', '2009-10-08', 278, 'https://picsum.photos/id/220/200/200');
INSERT INTO SONGS (song_id, album_id, title, duration, genre, release_date, `rank`, image) VALUES (593, 45, 'Song YKaqZRHrxR', 123, 'Indie', '2010-06-14', 365, 'https://picsum.photos/id/293/200/200');
INSERT INTO SONGS (song_id, album_id, title, duration, genre, release_date, `rank`, image) VALUES (594, 165, 'Song CIc2tV5LJx', 246, 'Pop', '2014-10-14', 255, 'https://picsum.photos/id/266/200/200');
INSERT INTO SONGS (song_id, album_id, title, duration, genre, release_date, `rank`, image) VALUES (595, 188, 'Song 7dl4D3NBFN', 235, 'Country', '2009-02-03', 110, 'https://picsum.photos/id/263/200/200');
INSERT INTO SONGS (song_id, album_id, title, duration, genre, release_date, `rank`, image) VALUES (596, 74, 'Song vlsDdVuTgN', 309, 'Rock', '2009-09-24', 731, 'https://picsum.photos/id/237/200/200');
INSERT INTO SONGS (song_id, album_id, title, duration, genre, release_date, `rank`, image) VALUES (597, 75, 'Song CQ2RGdP6mi', 139, 'Folk', '2014-10-01', 929, 'https://picsum.photos/id/223/200/200');
INSERT INTO SONGS (song_id, album_id, title, duration, genre, release_date, `rank`, image) VALUES (598, 111, 'Song 35RF2ENEpc', 192, 'Indie', '2009-11-26', 298, 'https://picsum.photos/id/229/200/200');
INSERT INTO SONGS (song_id, album_id, title, duration, genre, release_date, `rank`, image) VALUES (599, 22, 'Song 8l6MSXCo1b', 400, 'Turkish Folk', '2017-11-21', 302, 'https://picsum.photos/id/294/200/200');
INSERT INTO SONGS (song_id, album_id, title, duration, genre, release_date, `rank`, image) VALUES (600, 60, 'Song Xh3Xuy8BCU', 362, 'Rock', '2011-11-17', 601, 'https://picsum.photos/id/217/200/200');
INSERT INTO SONGS (song_id, album_id, title, duration, genre, release_date, `rank`, image) VALUES (601, 129, 'Song 7xBlTdIRfa', 358, 'Reggae', '2013-06-04', 301, 'https://picsum.photos/id/226/200/200');
INSERT INTO SONGS (song_id, album_id, title, duration, genre, release_date, `rank`, image) VALUES (602, 70, 'Song LSWn04tUJ3', 365, 'Black Metal', '2017-03-16', 305, 'https://picsum.photos/id/265/200/200');
INSERT INTO SONGS (song_id, album_id, title, duration, genre, release_date, `rank`, image) VALUES (603, 81, 'Song iXnXvjQP7a', 208, 'Rock', '2008-10-28', 203, 'https://picsum.photos/id/216/200/200');
INSERT INTO SONGS (song_id, album_id, title, duration, genre, release_date, `rank`, image) VALUES (604, 180, 'Song U63ELrdo6M', 329, 'Alternative', '2013-02-27', 284, 'https://picsum.photos/id/262/200/200');
INSERT INTO SONGS (song_id, album_id, title, duration, genre, release_date, `rank`, image) VALUES (605, 172, 'Song h6WKkLB3Cd', 349, 'Pop', '2013-09-16', 828, 'https://picsum.photos/id/293/200/200');
INSERT INTO SONGS (song_id, album_id, title, duration, genre, release_date, `rank`, image) VALUES (606, 152, 'Song SB4ADQmgJL', 428, 'Barok', '2010-09-03', 446, 'https://picsum.photos/id/224/200/200');
INSERT INTO SONGS (song_id, album_id, title, duration, genre, release_date, `rank`, image) VALUES (607, 27, 'Song AC4np6hIo0', 470, 'Rock', '2020-12-10', 784, 'https://picsum.photos/id/233/200/200');
INSERT INTO SONGS (song_id, album_id, title, duration, genre, release_date, `rank`, image) VALUES (608, 162, 'Song SDtsE1cE6l', 396, 'Turkish Rock', '2010-11-22', 607, 'https://picsum.photos/id/232/200/200');
INSERT INTO SONGS (song_id, album_id, title, duration, genre, release_date, `rank`, image) VALUES (609, 152, 'Song ryfdRieruY', 393, 'Alternative', '2016-09-05', 564, 'https://picsum.photos/id/224/200/200');
INSERT INTO SONGS (song_id, album_id, title, duration, genre, release_date, `rank`, image) VALUES (610, 130, 'Song NHg6gVOqPq', 169, 'Indie', '2021-11-14', 143, 'https://picsum.photos/id/273/200/200');
INSERT INTO SONGS (song_id, album_id, title, duration, genre, release_date, `rank`, image) VALUES (611, 14, 'Song eaW3J3sWbD', 470, 'Country', '2009-01-18', 235, 'https://picsum.photos/id/290/200/200');
INSERT INTO SONGS (song_id, album_id, title, duration, genre, release_date, `rank`, image) VALUES (612, 22, 'Song CGO4AyEm84', 230, 'Alternative', '2015-05-02', 884, 'https://picsum.photos/id/294/200/200');
INSERT INTO SONGS (song_id, album_id, title, duration, genre, release_date, `rank`, image) VALUES (613, 73, 'Song Kf5rKAEyij', 144, 'Turkish Folk', '2023-05-29', 259, 'https://picsum.photos/id/282/200/200');
INSERT INTO SONGS (song_id, album_id, title, duration, genre, release_date, `rank`, image) VALUES (614, 194, 'Song XtFsR6khep', 420, 'Turkish Rock', '2013-08-06', 9, 'https://picsum.photos/id/241/200/200');
INSERT INTO SONGS (song_id, album_id, title, duration, genre, release_date, `rank`, image) VALUES (615, 101, 'Song IdWi8l3Tyy', 228, 'Turkish Folk', '2023-12-22', 944, 'https://picsum.photos/id/221/200/200');
INSERT INTO SONGS (song_id, album_id, title, duration, genre, release_date, `rank`, image) VALUES (616, 78, 'Song mYKkOZitth', 330, 'Reggae', '2013-10-07', 897, 'https://picsum.photos/id/298/200/200');
INSERT INTO SONGS (song_id, album_id, title, duration, genre, release_date, `rank`, image) VALUES (617, 38, 'Song qzBbkyE8SD', 439, 'Turkish Psychedelic', '2009-08-20', 64, 'https://picsum.photos/id/224/200/200');
INSERT INTO SONGS (song_id, album_id, title, duration, genre, release_date, `rank`, image) VALUES (618, 123, 'Song FHpkjAlPUJ', 172, 'Indie', '2016-06-27', 199, 'https://picsum.photos/id/223/200/200');
INSERT INTO SONGS (song_id, album_id, title, duration, genre, release_date, `rank`, image) VALUES (619, 199, 'Song 9UhV4Ct3fg', 347, 'Turkish Folk', '2009-11-08', 885, 'https://picsum.photos/id/271/200/200');
INSERT INTO SONGS (song_id, album_id, title, duration, genre, release_date, `rank`, image) VALUES (620, 162, 'Song 6TfiSpg6RR', 430, 'Gangsta Rap', '2013-09-09', 500, 'https://picsum.photos/id/232/200/200');
INSERT INTO SONGS (song_id, album_id, title, duration, genre, release_date, `rank`, image) VALUES (621, 178, 'Song FLmqIiGaiD', 435, 'Country', '2017-06-01', 927, 'https://picsum.photos/id/205/200/200');
INSERT INTO SONGS (song_id, album_id, title, duration, genre, release_date, `rank`, image) VALUES (622, 33, 'Song 0on0vGAlxc', 209, 'Country', '2022-12-02', 861, 'https://picsum.photos/id/246/200/200');
INSERT INTO SONGS (song_id, album_id, title, duration, genre, release_date, `rank`, image) VALUES (623, 108, 'Song zu6a1lnYgr', 390, 'Indie', '2020-01-08', 867, 'https://picsum.photos/id/244/200/200');
INSERT INTO SONGS (song_id, album_id, title, duration, genre, release_date, `rank`, image) VALUES (624, 196, 'Song VMcGXRxndP', 344, 'Jazz', '2009-12-29', 428, 'https://picsum.photos/id/284/200/200');
INSERT INTO SONGS (song_id, album_id, title, duration, genre, release_date, `rank`, image) VALUES (625, 13, 'Song LlybLSLOAK', 253, 'Country', '2012-03-26', 519, 'https://picsum.photos/id/274/200/200');
INSERT INTO SONGS (song_id, album_id, title, duration, genre, release_date, `rank`, image) VALUES (626, 170, 'Song KpMfny9Ujj', 336, 'Blues', '2023-07-25', 338, 'https://picsum.photos/id/274/200/200');
INSERT INTO SONGS (song_id, album_id, title, duration, genre, release_date, `rank`, image) VALUES (627, 200, 'Song mltu47jtJZ', 420, 'Gangsta Rap', '2016-06-04', 228, 'https://picsum.photos/id/258/200/200');
INSERT INTO SONGS (song_id, album_id, title, duration, genre, release_date, `rank`, image) VALUES (628, 124, 'Song PyfiIYgUmM', 354, 'Turkish Rock', '2020-04-25', 394, 'https://picsum.photos/id/211/200/200');
INSERT INTO SONGS (song_id, album_id, title, duration, genre, release_date, `rank`, image) VALUES (629, 72, 'Song YLM7lvOzhE', 249, 'Rock', '2016-03-15', 844, 'https://picsum.photos/id/218/200/200');
INSERT INTO SONGS (song_id, album_id, title, duration, genre, release_date, `rank`, image) VALUES (630, 106, 'Song Z7Twx8geSg', 226, 'Pop', '2022-05-04', 396, 'https://picsum.photos/id/202/200/200');
INSERT INTO SONGS (song_id, album_id, title, duration, genre, release_date, `rank`, image) VALUES (631, 102, 'Song O4mbPYVOhr', 465, 'Barok', '2017-03-26', 731, 'https://picsum.photos/id/262/200/200');
INSERT INTO SONGS (song_id, album_id, title, duration, genre, release_date, `rank`, image) VALUES (632, 87, 'Song ZQWdAf8sbE', 165, 'Jazz', '2011-07-28', 816, 'https://picsum.photos/id/267/200/200');
INSERT INTO SONGS (song_id, album_id, title, duration, genre, release_date, `rank`, image) VALUES (633, 162, 'Song ztrkOUdcFJ', 179, 'Jazz', '2024-02-29', 716, 'https://picsum.photos/id/232/200/200');
INSERT INTO SONGS (song_id, album_id, title, duration, genre, release_date, `rank`, image) VALUES (634, 179, 'Song 1RNFZMnOSn', 454, 'Pop', '2022-05-10', 99, 'https://picsum.photos/id/227/200/200');
INSERT INTO SONGS (song_id, album_id, title, duration, genre, release_date, `rank`, image) VALUES (635, 36, 'Song GaQZBJr29I', 343, 'Jazz', '2019-06-05', 923, 'https://picsum.photos/id/272/200/200');
INSERT INTO SONGS (song_id, album_id, title, duration, genre, release_date, `rank`, image) VALUES (636, 159, 'Song HXzGXy3ycN', 403, 'Jazz', '2023-12-20', 847, 'https://picsum.photos/id/299/200/200');
INSERT INTO SONGS (song_id, album_id, title, duration, genre, release_date, `rank`, image) VALUES (637, 55, 'Song gIvk9WjdW9', 452, 'Jazz', '2023-04-05', 60, 'https://picsum.photos/id/299/200/200');
INSERT INTO SONGS (song_id, album_id, title, duration, genre, release_date, `rank`, image) VALUES (638, 30, 'Song IIgQHgueJn', 232, 'Jazz', '2018-07-12', 563, 'https://picsum.photos/id/202/200/200');
INSERT INTO SONGS (song_id, album_id, title, duration, genre, release_date, `rank`, image) VALUES (639, 9, 'Song q9dh0A0ITL', 408, 'Gangsta Rap', '2009-04-27', 640, 'https://picsum.photos/id/284/200/200');
INSERT INTO SONGS (song_id, album_id, title, duration, genre, release_date, `rank`, image) VALUES (640, 65, 'Song 1CyndR3veR', 281, 'Turkish Psychedelic', '2022-09-15', 968, 'https://picsum.photos/id/269/200/200');
INSERT INTO SONGS (song_id, album_id, title, duration, genre, release_date, `rank`, image) VALUES (641, 75, 'Song SqvM9GnY6E', 155, 'Rock', '2018-07-24', 640, 'https://picsum.photos/id/223/200/200');
INSERT INTO SONGS (song_id, album_id, title, duration, genre, release_date, `rank`, image) VALUES (642, 10, 'Song xPyOBUeKHB', 460, 'Reggae', '2010-09-09', 213, 'https://picsum.photos/id/274/200/200');
INSERT INTO SONGS (song_id, album_id, title, duration, genre, release_date, `rank`, image) VALUES (643, 61, 'Song fHh2lYVepA', 471, 'Alternative', '2010-12-09', 462, 'https://picsum.photos/id/272/200/200');
INSERT INTO SONGS (song_id, album_id, title, duration, genre, release_date, `rank`, image) VALUES (644, 173, 'Song feKyxVXJA8', 221, 'Folk', '2014-06-26', 970, 'https://picsum.photos/id/240/200/200');
INSERT INTO SONGS (song_id, album_id, title, duration, genre, release_date, `rank`, image) VALUES (645, 121, 'Song Wrx9yaBmHo', 247, 'Gangsta Rap', '2010-08-22', 847, 'https://picsum.photos/id/254/200/200');
INSERT INTO SONGS (song_id, album_id, title, duration, genre, release_date, `rank`, image) VALUES (646, 7, 'Song 6KuFvqi5AH', 207, 'Reggae', '2016-08-21', 965, 'https://picsum.photos/id/266/200/200');
INSERT INTO SONGS (song_id, album_id, title, duration, genre, release_date, `rank`, image) VALUES (647, 135, 'Song qrOXCgRfL6', 180, 'Black Metal', '2012-11-18', 404, 'https://picsum.photos/id/228/200/200');
INSERT INTO SONGS (song_id, album_id, title, duration, genre, release_date, `rank`, image) VALUES (648, 85, 'Song 6Yc4Y313V8', 376, 'Pop', '2017-09-17', 923, 'https://picsum.photos/id/234/200/200');
INSERT INTO SONGS (song_id, album_id, title, duration, genre, release_date, `rank`, image) VALUES (649, 77, 'Song tQPFwNpTz8', 275, 'Folk', '2012-10-22', 600, 'https://picsum.photos/id/203/200/200');
INSERT INTO SONGS (song_id, album_id, title, duration, genre, release_date, `rank`, image) VALUES (650, 176, 'Song BPAnAQKC6B', 248, 'Black Metal', '2021-09-23', 301, 'https://picsum.photos/id/252/200/200');
INSERT INTO SONGS (song_id, album_id, title, duration, genre, release_date, `rank`, image) VALUES (651, 36, 'Song qtrxMeJTJ4', 237, 'Pop', '2010-07-18', 691, 'https://picsum.photos/id/272/200/200');
INSERT INTO SONGS (song_id, album_id, title, duration, genre, release_date, `rank`, image) VALUES (652, 144, 'Song 9Yi9Avtg2V', 305, 'Jazz', '2012-12-06', 553, 'https://picsum.photos/id/239/200/200');
INSERT INTO SONGS (song_id, album_id, title, duration, genre, release_date, `rank`, image) VALUES (653, 8, 'Song JShAVJMV9r', 373, 'Pop', '2011-09-13', 375, 'https://picsum.photos/id/260/200/200');
INSERT INTO SONGS (song_id, album_id, title, duration, genre, release_date, `rank`, image) VALUES (654, 184, 'Song uaE5Sl2blJ', 145, 'Turkish Psychedelic', '2010-07-04', 349, 'https://picsum.photos/id/233/200/200');
INSERT INTO SONGS (song_id, album_id, title, duration, genre, release_date, `rank`, image) VALUES (655, 9, 'Song yuHLl9QGty', 232, 'Turkish Psychedelic', '2021-12-06', 505, 'https://picsum.photos/id/284/200/200');
INSERT INTO SONGS (song_id, album_id, title, duration, genre, release_date, `rank`, image) VALUES (656, 119, 'Song Qv9WxlrUYt', 313, 'Country', '2015-10-06', 63, 'https://picsum.photos/id/244/200/200');
INSERT INTO SONGS (song_id, album_id, title, duration, genre, release_date, `rank`, image) VALUES (657, 8, 'Song E8ktbECAsz', 187, 'Black Metal', '2012-11-09', 871, 'https://picsum.photos/id/260/200/200');
INSERT INTO SONGS (song_id, album_id, title, duration, genre, release_date, `rank`, image) VALUES (658, 42, 'Song RmcMm7lEdK', 323, 'Indie', '2009-06-19', 839, 'https://picsum.photos/id/227/200/200');
INSERT INTO SONGS (song_id, album_id, title, duration, genre, release_date, `rank`, image) VALUES (659, 120, 'Song hI60ytzK93', 286, 'Turkish Folk', '2020-05-24', 655, 'https://picsum.photos/id/225/200/200');
INSERT INTO SONGS (song_id, album_id, title, duration, genre, release_date, `rank`, image) VALUES (660, 141, 'Song CSS1Kz1S3F', 378, 'Reggae', '2021-06-17', 91, 'https://picsum.photos/id/265/200/200');
INSERT INTO SONGS (song_id, album_id, title, duration, genre, release_date, `rank`, image) VALUES (661, 135, 'Song X4oUrRZ3CO', 276, 'Barok', '2013-10-24', 61, 'https://picsum.photos/id/228/200/200');
INSERT INTO SONGS (song_id, album_id, title, duration, genre, release_date, `rank`, image) VALUES (662, 88, 'Song HtZs7vRP7m', 282, 'Gangsta Rap', '2020-12-29', 277, 'https://picsum.photos/id/201/200/200');
INSERT INTO SONGS (song_id, album_id, title, duration, genre, release_date, `rank`, image) VALUES (663, 9, 'Song 90BWV7V7PU', 140, 'Turkish Folk', '2018-12-02', 493, 'https://picsum.photos/id/284/200/200');
INSERT INTO SONGS (song_id, album_id, title, duration, genre, release_date, `rank`, image) VALUES (664, 85, 'Song oFDKG8DAhb', 442, 'Turkish Psychedelic', '2016-06-21', 233, 'https://picsum.photos/id/234/200/200');
INSERT INTO SONGS (song_id, album_id, title, duration, genre, release_date, `rank`, image) VALUES (665, 67, 'Song qL02pzclj3', 228, 'Alternative', '2017-09-21', 328, 'https://picsum.photos/id/249/200/200');
INSERT INTO SONGS (song_id, album_id, title, duration, genre, release_date, `rank`, image) VALUES (666, 77, 'Song i3aPGfDM2n', 471, 'Black Metal', '2013-11-08', 177, 'https://picsum.photos/id/203/200/200');
INSERT INTO SONGS (song_id, album_id, title, duration, genre, release_date, `rank`, image) VALUES (667, 33, 'Song QxJCurRHfa', 347, 'Jazz', '2017-01-15', 406, 'https://picsum.photos/id/246/200/200');
INSERT INTO SONGS (song_id, album_id, title, duration, genre, release_date, `rank`, image) VALUES (668, 198, 'Song ad9bsZbA8G', 399, 'Reggae', '2013-03-20', 712, 'https://picsum.photos/id/239/200/200');
INSERT INTO SONGS (song_id, album_id, title, duration, genre, release_date, `rank`, image) VALUES (669, 127, 'Song MPKxMZTscZ', 194, 'Reggae', '2023-07-30', 603, 'https://picsum.photos/id/241/200/200');
INSERT INTO SONGS (song_id, album_id, title, duration, genre, release_date, `rank`, image) VALUES (670, 196, 'Song rXVMHxVhGw', 141, 'Indie', '2009-03-23', 390, 'https://picsum.photos/id/284/200/200');
INSERT INTO SONGS (song_id, album_id, title, duration, genre, release_date, `rank`, image) VALUES (671, 124, 'Song gJdjdJZtKc', 186, 'Alternative', '2019-07-17', 900, 'https://picsum.photos/id/211/200/200');
INSERT INTO SONGS (song_id, album_id, title, duration, genre, release_date, `rank`, image) VALUES (672, 24, 'Song v4Ik351xf8', 277, 'Gangsta Rap', '2010-12-26', 162, 'https://picsum.photos/id/241/200/200');
INSERT INTO SONGS (song_id, album_id, title, duration, genre, release_date, `rank`, image) VALUES (673, 190, 'Song Jhg3VdovD9', 295, 'Alternative', '2011-12-07', 524, 'https://picsum.photos/id/295/200/200');
INSERT INTO SONGS (song_id, album_id, title, duration, genre, release_date, `rank`, image) VALUES (674, 65, 'Song 7rcv6TfNHo', 473, 'Jazz', '2014-08-27', 626, 'https://picsum.photos/id/269/200/200');
INSERT INTO SONGS (song_id, album_id, title, duration, genre, release_date, `rank`, image) VALUES (675, 101, 'Song BH24tCKQmP', 150, 'Barok', '2022-03-02', 854, 'https://picsum.photos/id/221/200/200');
INSERT INTO SONGS (song_id, album_id, title, duration, genre, release_date, `rank`, image) VALUES (676, 117, 'Song IPQpqEGKdL', 128, 'Blues', '2020-12-06', 431, 'https://picsum.photos/id/300/200/200');
INSERT INTO SONGS (song_id, album_id, title, duration, genre, release_date, `rank`, image) VALUES (677, 175, 'Song Hsbp7u4OLV', 223, 'Alternative', '2014-06-18', 305, 'https://picsum.photos/id/217/200/200');
INSERT INTO SONGS (song_id, album_id, title, duration, genre, release_date, `rank`, image) VALUES (678, 2, 'Song kbfIfed89e', 373, 'Country', '2012-12-11', 938, 'https://picsum.photos/id/265/200/200');
INSERT INTO SONGS (song_id, album_id, title, duration, genre, release_date, `rank`, image) VALUES (679, 179, 'Song hqDVzCqRMO', 475, 'Reggae', '2016-06-28', 205, 'https://picsum.photos/id/227/200/200');
INSERT INTO SONGS (song_id, album_id, title, duration, genre, release_date, `rank`, image) VALUES (680, 191, 'Song C0m3VewxAB', 432, 'Blues', '2011-12-28', 6, 'https://picsum.photos/id/263/200/200');
INSERT INTO SONGS (song_id, album_id, title, duration, genre, release_date, `rank`, image) VALUES (681, 140, 'Song 5pu3l5rfOI', 476, 'Barok', '2017-12-28', 565, 'https://picsum.photos/id/226/200/200');
INSERT INTO SONGS (song_id, album_id, title, duration, genre, release_date, `rank`, image) VALUES (682, 24, 'Song Ee5eBlreDc', 324, 'Black Metal', '2009-03-06', 296, 'https://picsum.photos/id/241/200/200');
INSERT INTO SONGS (song_id, album_id, title, duration, genre, release_date, `rank`, image) VALUES (683, 29, 'Song QOZMksKyEX', 275, 'Pop', '2018-12-24', 379, 'https://picsum.photos/id/237/200/200');
INSERT INTO SONGS (song_id, album_id, title, duration, genre, release_date, `rank`, image) VALUES (684, 49, 'Song 7brC8tOz72', 179, 'Blues', '2022-09-03', 265, 'https://picsum.photos/id/294/200/200');
INSERT INTO SONGS (song_id, album_id, title, duration, genre, release_date, `rank`, image) VALUES (685, 101, 'Song tRamBSOW3a', 206, 'Black Metal', '2022-09-13', 577, 'https://picsum.photos/id/221/200/200');
INSERT INTO SONGS (song_id, album_id, title, duration, genre, release_date, `rank`, image) VALUES (686, 115, 'Song 5k4j3Lg2Gu', 244, 'Turkish Rock', '2012-09-18', 966, 'https://picsum.photos/id/273/200/200');
INSERT INTO SONGS (song_id, album_id, title, duration, genre, release_date, `rank`, image) VALUES (687, 25, 'Song 87N6wyobzP', 408, 'Black Metal', '2008-05-09', 255, 'https://picsum.photos/id/254/200/200');
INSERT INTO SONGS (song_id, album_id, title, duration, genre, release_date, `rank`, image) VALUES (688, 107, 'Song o9IdBINVxh', 299, 'Alternative', '2011-04-18', 832, 'https://picsum.photos/id/228/200/200');
INSERT INTO SONGS (song_id, album_id, title, duration, genre, release_date, `rank`, image) VALUES (689, 54, 'Song FM6U69mhhR', 309, 'Jazz', '2020-02-03', 125, 'https://picsum.photos/id/249/200/200');
INSERT INTO SONGS (song_id, album_id, title, duration, genre, release_date, `rank`, image) VALUES (690, 75, 'Song pNr5rUQNqb', 424, 'Turkish Psychedelic', '2017-05-23', 37, 'https://picsum.photos/id/223/200/200');
INSERT INTO SONGS (song_id, album_id, title, duration, genre, release_date, `rank`, image) VALUES (691, 47, 'Song qgNOXxXTmT', 341, 'Pop', '2022-08-29', 174, 'https://picsum.photos/id/207/200/200');
INSERT INTO SONGS (song_id, album_id, title, duration, genre, release_date, `rank`, image) VALUES (692, 98, 'Song acmjE4jSqe', 305, 'Pop', '2017-10-14', 131, 'https://picsum.photos/id/284/200/200');
INSERT INTO SONGS (song_id, album_id, title, duration, genre, release_date, `rank`, image) VALUES (693, 24, 'Song NSCHud5Bs8', 385, 'Turkish Psychedelic', '2008-01-13', 851, 'https://picsum.photos/id/241/200/200');
INSERT INTO SONGS (song_id, album_id, title, duration, genre, release_date, `rank`, image) VALUES (694, 96, 'Song 4S1nvmGvfT', 366, 'Turkish Psychedelic', '2010-02-21', 167, 'https://picsum.photos/id/285/200/200');
INSERT INTO SONGS (song_id, album_id, title, duration, genre, release_date, `rank`, image) VALUES (695, 137, 'Song xaU8TraVTh', 232, 'Folk', '2015-06-20', 636, 'https://picsum.photos/id/204/200/200');
INSERT INTO SONGS (song_id, album_id, title, duration, genre, release_date, `rank`, image) VALUES (696, 170, 'Song yhLfzCvCmg', 375, 'Country', '2017-07-30', 572, 'https://picsum.photos/id/274/200/200');
INSERT INTO SONGS (song_id, album_id, title, duration, genre, release_date, `rank`, image) VALUES (697, 40, 'Song Lfi8IO88Rh', 302, 'Pop', '2022-06-27', 456, 'https://picsum.photos/id/207/200/200');
INSERT INTO SONGS (song_id, album_id, title, duration, genre, release_date, `rank`, image) VALUES (698, 125, 'Song RQAMaW1J8k', 401, 'Gangsta Rap', '2013-09-18', 122, 'https://picsum.photos/id/247/200/200');
INSERT INTO SONGS (song_id, album_id, title, duration, genre, release_date, `rank`, image) VALUES (699, 36, 'Song 9d1lJJdLRL', 197, 'Turkish Rock', '2009-12-24', 696, 'https://picsum.photos/id/272/200/200');
INSERT INTO SONGS (song_id, album_id, title, duration, genre, release_date, `rank`, image) VALUES (700, 51, 'Song jU09di26GB', 170, 'Jazz', '2019-10-26', 894, 'https://picsum.photos/id/266/200/200');
INSERT INTO SONGS (song_id, album_id, title, duration, genre, release_date, `rank`, image) VALUES (701, 110, 'Song B3AkR7T7Fh', 190, 'Folk', '2014-09-24', 614, 'https://picsum.photos/id/211/200/200');
INSERT INTO SONGS (song_id, album_id, title, duration, genre, release_date, `rank`, image) VALUES (702, 158, 'Song yHRuBMwhuG', 393, 'Reggae', '2020-08-14', 317, 'https://picsum.photos/id/268/200/200');
INSERT INTO SONGS (song_id, album_id, title, duration, genre, release_date, `rank`, image) VALUES (703, 15, 'Song yvtyLeWPbr', 251, 'Rock', '2010-02-10', 178, 'https://picsum.photos/id/290/200/200');
INSERT INTO SONGS (song_id, album_id, title, duration, genre, release_date, `rank`, image) VALUES (704, 101, 'Song oxyyXhflMI', 287, 'Jazz', '2014-07-27', 16, 'https://picsum.photos/id/221/200/200');
INSERT INTO SONGS (song_id, album_id, title, duration, genre, release_date, `rank`, image) VALUES (705, 13, 'Song 33fklmLYfe', 327, 'Blues', '2019-06-28', 583, 'https://picsum.photos/id/274/200/200');
INSERT INTO SONGS (song_id, album_id, title, duration, genre, release_date, `rank`, image) VALUES (706, 97, 'Song dKJ6kjBfUD', 310, 'Barok', '2016-08-24', 556, 'https://picsum.photos/id/294/200/200');
INSERT INTO SONGS (song_id, album_id, title, duration, genre, release_date, `rank`, image) VALUES (707, 132, 'Song BqZWDGe0hD', 436, 'Rock', '2013-09-27', 584, 'https://picsum.photos/id/221/200/200');
INSERT INTO SONGS (song_id, album_id, title, duration, genre, release_date, `rank`, image) VALUES (708, 30, 'Song Smvlj8a0lj', 247, 'Alternative', '2014-11-02', 544, 'https://picsum.photos/id/202/200/200');
INSERT INTO SONGS (song_id, album_id, title, duration, genre, release_date, `rank`, image) VALUES (709, 120, 'Song ynNTPfuBXK', 444, 'Folk', '2010-06-21', 799, 'https://picsum.photos/id/225/200/200');
INSERT INTO SONGS (song_id, album_id, title, duration, genre, release_date, `rank`, image) VALUES (710, 190, 'Song GfZFiuNokF', 435, 'Country', '2017-11-02', 824, 'https://picsum.photos/id/295/200/200');
INSERT INTO SONGS (song_id, album_id, title, duration, genre, release_date, `rank`, image) VALUES (711, 196, 'Song sIXwjBuLpn', 394, 'Reggae', '2016-05-01', 436, 'https://picsum.photos/id/284/200/200');
INSERT INTO SONGS (song_id, album_id, title, duration, genre, release_date, `rank`, image) VALUES (712, 80, 'Song u7ff5IE3Ks', 212, 'Rock', '2021-12-17', 529, 'https://picsum.photos/id/201/200/200');
INSERT INTO SONGS (song_id, album_id, title, duration, genre, release_date, `rank`, image) VALUES (713, 145, 'Song iGDudQOB3W', 238, 'Alternative', '2017-03-03', 76, 'https://picsum.photos/id/296/200/200');
INSERT INTO SONGS (song_id, album_id, title, duration, genre, release_date, `rank`, image) VALUES (714, 1, 'Song us0S0q0ox3', 172, 'Gangsta Rap', '2021-04-13', 387, 'https://picsum.photos/id/245/200/200');
INSERT INTO SONGS (song_id, album_id, title, duration, genre, release_date, `rank`, image) VALUES (715, 98, 'Song K8VFtBhf6c', 162, 'Country', '2020-01-19', 159, 'https://picsum.photos/id/284/200/200');
INSERT INTO SONGS (song_id, album_id, title, duration, genre, release_date, `rank`, image) VALUES (716, 176, 'Song L0W7G0ddn9', 235, 'Turkish Rock', '2017-02-23', 499, 'https://picsum.photos/id/252/200/200');
INSERT INTO SONGS (song_id, album_id, title, duration, genre, release_date, `rank`, image) VALUES (717, 83, 'Song GTfJP4yz8M', 440, 'Gangsta Rap', '2022-01-29', 921, 'https://picsum.photos/id/226/200/200');
INSERT INTO SONGS (song_id, album_id, title, duration, genre, release_date, `rank`, image) VALUES (718, 153, 'Song JNXqOuE8Em', 125, 'Country', '2024-01-12', 416, 'https://picsum.photos/id/240/200/200');
INSERT INTO SONGS (song_id, album_id, title, duration, genre, release_date, `rank`, image) VALUES (719, 127, 'Song pjfmz3zMaH', 281, 'Blues', '2016-07-11', 248, 'https://picsum.photos/id/241/200/200');
INSERT INTO SONGS (song_id, album_id, title, duration, genre, release_date, `rank`, image) VALUES (720, 174, 'Song 0gmrFGJIB8', 182, 'Turkish Rock', '2009-09-11', 337, 'https://picsum.photos/id/274/200/200');
INSERT INTO SONGS (song_id, album_id, title, duration, genre, release_date, `rank`, image) VALUES (721, 118, 'Song j5kG4ghgzF', 378, 'Country', '2020-02-29', 651, 'https://picsum.photos/id/276/200/200');
INSERT INTO SONGS (song_id, album_id, title, duration, genre, release_date, `rank`, image) VALUES (722, 183, 'Song USRf6CRSk8', 436, 'Barok', '2010-05-04', 972, 'https://picsum.photos/id/281/200/200');
INSERT INTO SONGS (song_id, album_id, title, duration, genre, release_date, `rank`, image) VALUES (723, 191, 'Song iYhkpdjgSM', 190, 'Barok', '2013-07-11', 928, 'https://picsum.photos/id/263/200/200');
INSERT INTO SONGS (song_id, album_id, title, duration, genre, release_date, `rank`, image) VALUES (724, 83, 'Song DvPWzePKMl', 206, 'Barok', '2019-01-24', 456, 'https://picsum.photos/id/226/200/200');
INSERT INTO SONGS (song_id, album_id, title, duration, genre, release_date, `rank`, image) VALUES (725, 135, 'Song oqEjClTQH2', 174, 'Black Metal', '2017-07-30', 769, 'https://picsum.photos/id/228/200/200');
INSERT INTO SONGS (song_id, album_id, title, duration, genre, release_date, `rank`, image) VALUES (726, 67, 'Song oAcM8p5I0T', 245, 'Jazz', '2018-11-13', 616, 'https://picsum.photos/id/249/200/200');
INSERT INTO SONGS (song_id, album_id, title, duration, genre, release_date, `rank`, image) VALUES (727, 170, 'Song 0kC33TBX99', 444, 'Barok', '2017-11-25', 94, 'https://picsum.photos/id/274/200/200');
INSERT INTO SONGS (song_id, album_id, title, duration, genre, release_date, `rank`, image) VALUES (728, 92, 'Song mz2XYcX48k', 125, 'Barok', '2022-07-24', 593, 'https://picsum.photos/id/273/200/200');
INSERT INTO SONGS (song_id, album_id, title, duration, genre, release_date, `rank`, image) VALUES (729, 159, 'Song jPrILBUDun', 277, 'Pop', '2017-12-14', 247, 'https://picsum.photos/id/299/200/200');
INSERT INTO SONGS (song_id, album_id, title, duration, genre, release_date, `rank`, image) VALUES (730, 114, 'Song KXMj72hc7Y', 295, 'Reggae', '2013-04-12', 95, 'https://picsum.photos/id/220/200/200');
INSERT INTO SONGS (song_id, album_id, title, duration, genre, release_date, `rank`, image) VALUES (731, 199, 'Song e7GpNghA5c', 257, 'Reggae', '2015-11-25', 489, 'https://picsum.photos/id/271/200/200');
INSERT INTO SONGS (song_id, album_id, title, duration, genre, release_date, `rank`, image) VALUES (732, 62, 'Song HGfToidDB8', 228, 'Rock', '2018-03-08', 56, 'https://picsum.photos/id/221/200/200');
INSERT INTO SONGS (song_id, album_id, title, duration, genre, release_date, `rank`, image) VALUES (733, 89, 'Song rEcMbU7R4G', 143, 'Turkish Psychedelic', '2019-05-16', 918, 'https://picsum.photos/id/251/200/200');
INSERT INTO SONGS (song_id, album_id, title, duration, genre, release_date, `rank`, image) VALUES (734, 45, 'Song QlV0AZ2zvd', 127, 'Black Metal', '2020-02-21', 366, 'https://picsum.photos/id/293/200/200');
INSERT INTO SONGS (song_id, album_id, title, duration, genre, release_date, `rank`, image) VALUES (735, 64, 'Song H8vzipoOej', 206, 'Jazz', '2017-09-20', 547, 'https://picsum.photos/id/226/200/200');
INSERT INTO SONGS (song_id, album_id, title, duration, genre, release_date, `rank`, image) VALUES (736, 123, 'Song It5PGx95PL', 159, 'Turkish Psychedelic', '2013-06-26', 376, 'https://picsum.photos/id/223/200/200');
INSERT INTO SONGS (song_id, album_id, title, duration, genre, release_date, `rank`, image) VALUES (737, 29, 'Song M2Fd9bixm1', 127, 'Reggae', '2024-03-25', 177, 'https://picsum.photos/id/237/200/200');
INSERT INTO SONGS (song_id, album_id, title, duration, genre, release_date, `rank`, image) VALUES (738, 51, 'Song bF37JIxoAn', 183, 'Blues', '2020-02-14', 620, 'https://picsum.photos/id/266/200/200');
INSERT INTO SONGS (song_id, album_id, title, duration, genre, release_date, `rank`, image) VALUES (739, 90, 'Song RaUo6C3OAU', 137, 'Turkish Folk', '2017-02-16', 414, 'https://picsum.photos/id/241/200/200');
INSERT INTO SONGS (song_id, album_id, title, duration, genre, release_date, `rank`, image) VALUES (740, 160, 'Song qdRwEvG45V', 168, 'Folk', '2018-10-04', 918, 'https://picsum.photos/id/284/200/200');
INSERT INTO SONGS (song_id, album_id, title, duration, genre, release_date, `rank`, image) VALUES (741, 77, 'Song Eo16p8qagQ', 286, 'Country', '2017-02-25', 368, 'https://picsum.photos/id/203/200/200');
INSERT INTO SONGS (song_id, album_id, title, duration, genre, release_date, `rank`, image) VALUES (742, 43, 'Song Vc0Oc9hBeo', 127, 'Blues', '2009-05-02', 80, 'https://picsum.photos/id/263/200/200');
INSERT INTO SONGS (song_id, album_id, title, duration, genre, release_date, `rank`, image) VALUES (743, 177, 'Song wU9Tr0DXnJ', 274, 'Black Metal', '2012-08-17', 297, 'https://picsum.photos/id/292/200/200');
INSERT INTO SONGS (song_id, album_id, title, duration, genre, release_date, `rank`, image) VALUES (744, 200, 'Song 5wC0jURp7O', 299, 'Turkish Folk', '2008-09-05', 417, 'https://picsum.photos/id/258/200/200');
INSERT INTO SONGS (song_id, album_id, title, duration, genre, release_date, `rank`, image) VALUES (745, 199, 'Song bCNTUi647s', 320, 'Pop', '2012-09-08', 986, 'https://picsum.photos/id/271/200/200');
INSERT INTO SONGS (song_id, album_id, title, duration, genre, release_date, `rank`, image) VALUES (746, 137, 'Song 5YWZ110WVR', 190, 'Alternative', '2016-11-16', 132, 'https://picsum.photos/id/204/200/200');
INSERT INTO SONGS (song_id, album_id, title, duration, genre, release_date, `rank`, image) VALUES (747, 145, 'Song qKE9Q6MmkT', 337, 'Rock', '2014-12-27', 46, 'https://picsum.photos/id/296/200/200');
INSERT INTO SONGS (song_id, album_id, title, duration, genre, release_date, `rank`, image) VALUES (748, 26, 'Song L8jXk9G8GW', 191, 'Indie', '2021-12-20', 389, 'https://picsum.photos/id/292/200/200');
INSERT INTO SONGS (song_id, album_id, title, duration, genre, release_date, `rank`, image) VALUES (749, 127, 'Song LRR2f6YbEq', 173, 'Alternative', '2019-06-20', 672, 'https://picsum.photos/id/241/200/200');
INSERT INTO SONGS (song_id, album_id, title, duration, genre, release_date, `rank`, image) VALUES (750, 125, 'Song jXnn5WHtNj', 263, 'Turkish Psychedelic', '2022-10-21', 330, 'https://picsum.photos/id/247/200/200');
INSERT INTO SONGS (song_id, album_id, title, duration, genre, release_date, `rank`, image) VALUES (751, 171, 'Song QKJumRErZr', 360, 'Folk', '2023-03-30', 608, 'https://picsum.photos/id/244/200/200');
INSERT INTO SONGS (song_id, album_id, title, duration, genre, release_date, `rank`, image) VALUES (752, 84, 'Song MLqldopvSc', 273, 'Black Metal', '2013-04-19', 842, 'https://picsum.photos/id/269/200/200');
INSERT INTO SONGS (song_id, album_id, title, duration, genre, release_date, `rank`, image) VALUES (753, 40, 'Song veTsAXTqPg', 383, 'Black Metal', '2017-03-28', 160, 'https://picsum.photos/id/207/200/200');
INSERT INTO SONGS (song_id, album_id, title, duration, genre, release_date, `rank`, image) VALUES (754, 126, 'Song 3EZZxNmGkB', 416, 'Indie', '2018-01-13', 226, 'https://picsum.photos/id/265/200/200');
INSERT INTO SONGS (song_id, album_id, title, duration, genre, release_date, `rank`, image) VALUES (755, 82, 'Song snsb6cLtVG', 353, 'Blues', '2015-09-06', 629, 'https://picsum.photos/id/218/200/200');
INSERT INTO SONGS (song_id, album_id, title, duration, genre, release_date, `rank`, image) VALUES (756, 164, 'Song oybP0eEPI7', 173, 'Gangsta Rap', '2020-12-15', 493, 'https://picsum.photos/id/213/200/200');
INSERT INTO SONGS (song_id, album_id, title, duration, genre, release_date, `rank`, image) VALUES (757, 85, 'Song 7n9Z0SinR5', 297, 'Turkish Folk', '2008-12-28', 715, 'https://picsum.photos/id/234/200/200');
INSERT INTO SONGS (song_id, album_id, title, duration, genre, release_date, `rank`, image) VALUES (758, 163, 'Song tsFyRAdDY5', 290, 'Turkish Rock', '2013-12-23', 896, 'https://picsum.photos/id/201/200/200');
INSERT INTO SONGS (song_id, album_id, title, duration, genre, release_date, `rank`, image) VALUES (759, 152, 'Song 3bQtv6Doy9', 156, 'Alternative', '2012-11-30', 915, 'https://picsum.photos/id/224/200/200');
INSERT INTO SONGS (song_id, album_id, title, duration, genre, release_date, `rank`, image) VALUES (760, 166, 'Song FCpppK8ctd', 307, 'Turkish Psychedelic', '2008-07-11', 899, 'https://picsum.photos/id/230/200/200');
INSERT INTO SONGS (song_id, album_id, title, duration, genre, release_date, `rank`, image) VALUES (761, 168, 'Song CQc6uw4S70', 376, 'Country', '2008-06-28', 331, 'https://picsum.photos/id/263/200/200');
INSERT INTO SONGS (song_id, album_id, title, duration, genre, release_date, `rank`, image) VALUES (762, 115, 'Song 89AE6Sbfs1', 396, 'Gangsta Rap', '2021-10-06', 681, 'https://picsum.photos/id/273/200/200');
INSERT INTO SONGS (song_id, album_id, title, duration, genre, release_date, `rank`, image) VALUES (763, 99, 'Song 83oBl0zcC8', 291, 'Rock', '2013-01-31', 117, 'https://picsum.photos/id/244/200/200');
INSERT INTO SONGS (song_id, album_id, title, duration, genre, release_date, `rank`, image) VALUES (764, 34, 'Song SIonL6P27K', 344, 'Turkish Psychedelic', '2010-05-05', 248, 'https://picsum.photos/id/234/200/200');
INSERT INTO SONGS (song_id, album_id, title, duration, genre, release_date, `rank`, image) VALUES (765, 126, 'Song NEqfLNI8k0', 444, 'Reggae', '2008-08-19', 828, 'https://picsum.photos/id/265/200/200');
INSERT INTO SONGS (song_id, album_id, title, duration, genre, release_date, `rank`, image) VALUES (766, 169, 'Song S4UMLOsue0', 460, 'Turkish Rock', '2013-02-08', 552, 'https://picsum.photos/id/280/200/200');
INSERT INTO SONGS (song_id, album_id, title, duration, genre, release_date, `rank`, image) VALUES (767, 105, 'Song LpneAk5mhZ', 258, 'Turkish Folk', '2016-10-13', 394, 'https://picsum.photos/id/213/200/200');
INSERT INTO SONGS (song_id, album_id, title, duration, genre, release_date, `rank`, image) VALUES (768, 182, 'Song 6iJYBNi6ej', 414, 'Gangsta Rap', '2009-02-18', 802, 'https://picsum.photos/id/277/200/200');
INSERT INTO SONGS (song_id, album_id, title, duration, genre, release_date, `rank`, image) VALUES (769, 113, 'Song OOwiDXbL9p', 479, 'Reggae', '2013-02-07', 494, 'https://picsum.photos/id/238/200/200');
INSERT INTO SONGS (song_id, album_id, title, duration, genre, release_date, `rank`, image) VALUES (770, 113, 'Song em0x0Hmq5Q', 311, 'Country', '2018-12-17', 555, 'https://picsum.photos/id/238/200/200');
INSERT INTO SONGS (song_id, album_id, title, duration, genre, release_date, `rank`, image) VALUES (771, 72, 'Song UtzlHzxqJi', 295, 'Indie', '2019-04-04', 640, 'https://picsum.photos/id/218/200/200');
INSERT INTO SONGS (song_id, album_id, title, duration, genre, release_date, `rank`, image) VALUES (772, 156, 'Song FjzUCOYuDC', 160, 'Country', '2013-11-26', 54, 'https://picsum.photos/id/217/200/200');
INSERT INTO SONGS (song_id, album_id, title, duration, genre, release_date, `rank`, image) VALUES (773, 24, 'Song hnjtKsFGXe', 166, 'Alternative', '2011-03-11', 233, 'https://picsum.photos/id/241/200/200');
INSERT INTO SONGS (song_id, album_id, title, duration, genre, release_date, `rank`, image) VALUES (774, 179, 'Song K3nQrXAT89', 199, 'Jazz', '2009-10-31', 534, 'https://picsum.photos/id/227/200/200');
INSERT INTO SONGS (song_id, album_id, title, duration, genre, release_date, `rank`, image) VALUES (775, 49, 'Song yFtLaZJayP', 280, 'Barok', '2019-06-04', 397, 'https://picsum.photos/id/294/200/200');
INSERT INTO SONGS (song_id, album_id, title, duration, genre, release_date, `rank`, image) VALUES (776, 94, 'Song RgIKjblEBB', 384, 'Folk', '2013-12-04', 839, 'https://picsum.photos/id/205/200/200');
INSERT INTO SONGS (song_id, album_id, title, duration, genre, release_date, `rank`, image) VALUES (777, 67, 'Song J1cwI1pvyu', 144, 'Black Metal', '2011-10-29', 458, 'https://picsum.photos/id/249/200/200');
INSERT INTO SONGS (song_id, album_id, title, duration, genre, release_date, `rank`, image) VALUES (778, 122, 'Song 6fe1sXPYQW', 331, 'Country', '2020-02-03', 432, 'https://picsum.photos/id/219/200/200');
INSERT INTO SONGS (song_id, album_id, title, duration, genre, release_date, `rank`, image) VALUES (779, 186, 'Song zeWCpA6TKG', 263, 'Reggae', '2012-01-24', 166, 'https://picsum.photos/id/225/200/200');
INSERT INTO SONGS (song_id, album_id, title, duration, genre, release_date, `rank`, image) VALUES (780, 10, 'Song D3iYdYYxnW', 195, 'Rock', '2013-12-18', 185, 'https://picsum.photos/id/274/200/200');
INSERT INTO SONGS (song_id, album_id, title, duration, genre, release_date, `rank`, image) VALUES (781, 65, 'Song 2MPNSlFoHh', 287, 'Blues', '2014-09-14', 77, 'https://picsum.photos/id/269/200/200');
INSERT INTO SONGS (song_id, album_id, title, duration, genre, release_date, `rank`, image) VALUES (782, 62, 'Song oGtEv0uMvR', 356, 'Turkish Folk', '2016-10-05', 178, 'https://picsum.photos/id/221/200/200');
INSERT INTO SONGS (song_id, album_id, title, duration, genre, release_date, `rank`, image) VALUES (783, 157, 'Song EFsu6Kcqjz', 414, 'Country', '2014-06-23', 620, 'https://picsum.photos/id/272/200/200');
INSERT INTO SONGS (song_id, album_id, title, duration, genre, release_date, `rank`, image) VALUES (784, 187, 'Song Jq5Xvn3feA', 365, 'Blues', '2021-08-13', 948, 'https://picsum.photos/id/202/200/200');
INSERT INTO SONGS (song_id, album_id, title, duration, genre, release_date, `rank`, image) VALUES (785, 113, 'Song nUHzsHhRWJ', 361, 'Black Metal', '2009-09-17', 17, 'https://picsum.photos/id/238/200/200');
INSERT INTO SONGS (song_id, album_id, title, duration, genre, release_date, `rank`, image) VALUES (786, 194, 'Song DqlieYKIT0', 331, 'Indie', '2015-12-04', 93, 'https://picsum.photos/id/241/200/200');
INSERT INTO SONGS (song_id, album_id, title, duration, genre, release_date, `rank`, image) VALUES (787, 141, 'Song gZFEf52C3o', 313, 'Jazz', '2022-03-03', 507, 'https://picsum.photos/id/265/200/200');
INSERT INTO SONGS (song_id, album_id, title, duration, genre, release_date, `rank`, image) VALUES (788, 116, 'Song Tip6iIcQLF', 253, 'Alternative', '2012-05-08', 715, 'https://picsum.photos/id/258/200/200');
INSERT INTO SONGS (song_id, album_id, title, duration, genre, release_date, `rank`, image) VALUES (789, 80, 'Song I8hOdjCp7k', 189, 'Country', '2008-06-23', 989, 'https://picsum.photos/id/201/200/200');
INSERT INTO SONGS (song_id, album_id, title, duration, genre, release_date, `rank`, image) VALUES (790, 132, 'Song aEpq5eW4h8', 166, 'Rock', '2013-11-22', 626, 'https://picsum.photos/id/221/200/200');
INSERT INTO SONGS (song_id, album_id, title, duration, genre, release_date, `rank`, image) VALUES (791, 195, 'Song C1xQHshQjJ', 471, 'Alternative', '2020-06-13', 68, 'https://picsum.photos/id/261/200/200');
INSERT INTO SONGS (song_id, album_id, title, duration, genre, release_date, `rank`, image) VALUES (792, 123, 'Song 4wEt6TzlWk', 134, 'Country', '2010-05-08', 310, 'https://picsum.photos/id/223/200/200');
INSERT INTO SONGS (song_id, album_id, title, duration, genre, release_date, `rank`, image) VALUES (793, 183, 'Song lN7veLGrPb', 133, 'Gangsta Rap', '2016-02-26', 365, 'https://picsum.photos/id/281/200/200');
INSERT INTO SONGS (song_id, album_id, title, duration, genre, release_date, `rank`, image) VALUES (794, 19, 'Song o1Kg6T7gw9', 382, 'Pop', '2023-12-15', 437, 'https://picsum.photos/id/237/200/200');
INSERT INTO SONGS (song_id, album_id, title, duration, genre, release_date, `rank`, image) VALUES (795, 144, 'Song ExJ6GN46f1', 227, 'Gangsta Rap', '2008-11-10', 461, 'https://picsum.photos/id/239/200/200');
INSERT INTO SONGS (song_id, album_id, title, duration, genre, release_date, `rank`, image) VALUES (796, 107, 'Song tkyRsgBC6W', 291, 'Turkish Folk', '2013-05-14', 400, 'https://picsum.photos/id/228/200/200');
INSERT INTO SONGS (song_id, album_id, title, duration, genre, release_date, `rank`, image) VALUES (797, 5, 'Song x3QEZqXyEf', 259, 'Black Metal', '2014-05-07', 147, 'https://picsum.photos/id/203/200/200');
INSERT INTO SONGS (song_id, album_id, title, duration, genre, release_date, `rank`, image) VALUES (798, 188, 'Song NwLXOJLxpa', 144, 'Turkish Rock', '2008-09-18', 311, 'https://picsum.photos/id/263/200/200');
INSERT INTO SONGS (song_id, album_id, title, duration, genre, release_date, `rank`, image) VALUES (799, 154, 'Song 6Q4GKfi724', 268, 'Gangsta Rap', '2011-08-31', 579, 'https://picsum.photos/id/293/200/200');
INSERT INTO SONGS (song_id, album_id, title, duration, genre, release_date, `rank`, image) VALUES (800, 3, 'Song 6tJrnZX0SI', 377, 'Blues', '2013-05-03', 853, 'https://picsum.photos/id/246/200/200');
INSERT INTO SONGS (song_id, album_id, title, duration, genre, release_date, `rank`, image) VALUES (801, 155, 'Song J9W9Poaxv8', 429, 'Blues', '2020-09-27', 496, 'https://picsum.photos/id/250/200/200');
INSERT INTO SONGS (song_id, album_id, title, duration, genre, release_date, `rank`, image) VALUES (802, 33, 'Song R5ja84IdC1', 132, 'Alternative', '2011-12-30', 183, 'https://picsum.photos/id/246/200/200');
INSERT INTO SONGS (song_id, album_id, title, duration, genre, release_date, `rank`, image) VALUES (803, 150, 'Song JpCZyG9zSS', 339, 'Turkish Psychedelic', '2012-02-07', 954, 'https://picsum.photos/id/238/200/200');
INSERT INTO SONGS (song_id, album_id, title, duration, genre, release_date, `rank`, image) VALUES (804, 196, 'Song imBkAy4L6W', 202, 'Gangsta Rap', '2017-03-20', 289, 'https://picsum.photos/id/284/200/200');
INSERT INTO SONGS (song_id, album_id, title, duration, genre, release_date, `rank`, image) VALUES (805, 185, 'Song 5h4ifNHWgm', 374, 'Turkish Folk', '2015-04-20', 571, 'https://picsum.photos/id/280/200/200');
INSERT INTO SONGS (song_id, album_id, title, duration, genre, release_date, `rank`, image) VALUES (806, 19, 'Song H8UyRSpBl8', 323, 'Jazz', '2010-01-28', 143, 'https://picsum.photos/id/237/200/200');
INSERT INTO SONGS (song_id, album_id, title, duration, genre, release_date, `rank`, image) VALUES (807, 37, 'Song Y0SGz7j1Hg', 136, 'Turkish Folk', '2021-05-31', 638, 'https://picsum.photos/id/208/200/200');
INSERT INTO SONGS (song_id, album_id, title, duration, genre, release_date, `rank`, image) VALUES (808, 34, 'Song zVHkmgjS6l', 435, 'Pop', '2019-01-08', 381, 'https://picsum.photos/id/234/200/200');
INSERT INTO SONGS (song_id, album_id, title, duration, genre, release_date, `rank`, image) VALUES (809, 188, 'Song XSxvzinuL4', 145, 'Reggae', '2013-07-25', 675, 'https://picsum.photos/id/263/200/200');
INSERT INTO SONGS (song_id, album_id, title, duration, genre, release_date, `rank`, image) VALUES (810, 36, 'Song YvV8nIr16C', 358, 'Black Metal', '2020-04-22', 426, 'https://picsum.photos/id/272/200/200');
INSERT INTO SONGS (song_id, album_id, title, duration, genre, release_date, `rank`, image) VALUES (811, 22, 'Song O97Xiv3ZFv', 223, 'Pop', '2013-04-15', 462, 'https://picsum.photos/id/294/200/200');
INSERT INTO SONGS (song_id, album_id, title, duration, genre, release_date, `rank`, image) VALUES (812, 62, 'Song 2FEQxZerds', 382, 'Gangsta Rap', '2013-04-17', 497, 'https://picsum.photos/id/221/200/200');
INSERT INTO SONGS (song_id, album_id, title, duration, genre, release_date, `rank`, image) VALUES (813, 136, 'Song HwTrk0FAro', 456, 'Jazz', '2010-04-05', 489, 'https://picsum.photos/id/279/200/200');
INSERT INTO SONGS (song_id, album_id, title, duration, genre, release_date, `rank`, image) VALUES (814, 169, 'Song cUuJeaYT1W', 299, 'Blues', '2009-11-27', 273, 'https://picsum.photos/id/280/200/200');
INSERT INTO SONGS (song_id, album_id, title, duration, genre, release_date, `rank`, image) VALUES (815, 180, 'Song D9V5ZiG8cm', 363, 'Turkish Psychedelic', '2021-06-22', 704, 'https://picsum.photos/id/262/200/200');
INSERT INTO SONGS (song_id, album_id, title, duration, genre, release_date, `rank`, image) VALUES (816, 177, 'Song O5tTuwzIHh', 278, 'Alternative', '2010-05-28', 369, 'https://picsum.photos/id/292/200/200');
INSERT INTO SONGS (song_id, album_id, title, duration, genre, release_date, `rank`, image) VALUES (817, 71, 'Song 2d4kUEND03', 159, 'Black Metal', '2024-03-22', 336, 'https://picsum.photos/id/273/200/200');
INSERT INTO SONGS (song_id, album_id, title, duration, genre, release_date, `rank`, image) VALUES (818, 172, 'Song fGPMzB3nst', 205, 'Turkish Folk', '2012-11-19', 867, 'https://picsum.photos/id/293/200/200');
INSERT INTO SONGS (song_id, album_id, title, duration, genre, release_date, `rank`, image) VALUES (819, 180, 'Song NAaV7bRBWW', 279, 'Turkish Rock', '2019-06-16', 618, 'https://picsum.photos/id/262/200/200');
INSERT INTO SONGS (song_id, album_id, title, duration, genre, release_date, `rank`, image) VALUES (820, 112, 'Song DNVcqOVxUW', 212, 'Alternative', '2022-06-28', 882, 'https://picsum.photos/id/276/200/200');
INSERT INTO SONGS (song_id, album_id, title, duration, genre, release_date, `rank`, image) VALUES (821, 70, 'Song N3nmOSjnDy', 318, 'Turkish Psychedelic', '2021-09-03', 727, 'https://picsum.photos/id/265/200/200');
INSERT INTO SONGS (song_id, album_id, title, duration, genre, release_date, `rank`, image) VALUES (822, 48, 'Song PhYe2WatdA', 188, 'Gangsta Rap', '2015-08-02', 587, 'https://picsum.photos/id/294/200/200');
INSERT INTO SONGS (song_id, album_id, title, duration, genre, release_date, `rank`, image) VALUES (823, 45, 'Song rr4LXiWCxH', 362, 'Turkish Rock', '2009-04-03', 638, 'https://picsum.photos/id/293/200/200');
INSERT INTO SONGS (song_id, album_id, title, duration, genre, release_date, `rank`, image) VALUES (824, 25, 'Song DAZ5dBEOul', 143, 'Alternative', '2008-02-13', 123, 'https://picsum.photos/id/254/200/200');
INSERT INTO SONGS (song_id, album_id, title, duration, genre, release_date, `rank`, image) VALUES (825, 52, 'Song sDn0BWg9yM', 129, 'Black Metal', '2012-10-02', 978, 'https://picsum.photos/id/245/200/200');
INSERT INTO SONGS (song_id, album_id, title, duration, genre, release_date, `rank`, image) VALUES (826, 150, 'Song EgkMiTh25p', 271, 'Rock', '2019-06-03', 61, 'https://picsum.photos/id/238/200/200');
INSERT INTO SONGS (song_id, album_id, title, duration, genre, release_date, `rank`, image) VALUES (827, 150, 'Song mYbUScCND8', 314, 'Folk', '2008-07-25', 280, 'https://picsum.photos/id/238/200/200');
INSERT INTO SONGS (song_id, album_id, title, duration, genre, release_date, `rank`, image) VALUES (828, 42, 'Song h7L2lrJ6tV', 170, 'Barok', '2015-07-18', 770, 'https://picsum.photos/id/227/200/200');
INSERT INTO SONGS (song_id, album_id, title, duration, genre, release_date, `rank`, image) VALUES (829, 186, 'Song LBeMKOFBj4', 284, 'Turkish Psychedelic', '2021-03-22', 406, 'https://picsum.photos/id/225/200/200');
INSERT INTO SONGS (song_id, album_id, title, duration, genre, release_date, `rank`, image) VALUES (830, 31, 'Song uIGg7JChpy', 322, 'Indie', '2012-01-17', 247, 'https://picsum.photos/id/276/200/200');
INSERT INTO SONGS (song_id, album_id, title, duration, genre, release_date, `rank`, image) VALUES (831, 145, 'Song FxkuSdVmPz', 420, 'Black Metal', '2008-08-17', 440, 'https://picsum.photos/id/296/200/200');
INSERT INTO SONGS (song_id, album_id, title, duration, genre, release_date, `rank`, image) VALUES (832, 198, 'Song uWT77UE7do', 329, 'Black Metal', '2017-01-03', 231, 'https://picsum.photos/id/239/200/200');
INSERT INTO SONGS (song_id, album_id, title, duration, genre, release_date, `rank`, image) VALUES (833, 132, 'Song a1vYoS0N52', 347, 'Pop', '2008-06-27', 688, 'https://picsum.photos/id/221/200/200');
INSERT INTO SONGS (song_id, album_id, title, duration, genre, release_date, `rank`, image) VALUES (834, 9, 'Song 9dLTiXsJtg', 191, 'Rock', '2013-07-05', 541, 'https://picsum.photos/id/284/200/200');
INSERT INTO SONGS (song_id, album_id, title, duration, genre, release_date, `rank`, image) VALUES (835, 122, 'Song 49V2ILXmOv', 157, 'Indie', '2013-11-17', 473, 'https://picsum.photos/id/219/200/200');
INSERT INTO SONGS (song_id, album_id, title, duration, genre, release_date, `rank`, image) VALUES (836, 53, 'Song m7tJmt26kO', 176, 'Black Metal', '2019-01-21', 4, 'https://picsum.photos/id/256/200/200');
INSERT INTO SONGS (song_id, album_id, title, duration, genre, release_date, `rank`, image) VALUES (837, 88, 'Song KRBvwKkiXL', 231, 'Folk', '2018-06-27', 604, 'https://picsum.photos/id/201/200/200');
INSERT INTO SONGS (song_id, album_id, title, duration, genre, release_date, `rank`, image) VALUES (838, 96, 'Song AHXC5Yi32v', 344, 'Blues', '2011-02-13', 287, 'https://picsum.photos/id/285/200/200');
INSERT INTO SONGS (song_id, album_id, title, duration, genre, release_date, `rank`, image) VALUES (839, 70, 'Song dn34XvXZRI', 297, 'Gangsta Rap', '2014-01-28', 105, 'https://picsum.photos/id/265/200/200');
INSERT INTO SONGS (song_id, album_id, title, duration, genre, release_date, `rank`, image) VALUES (840, 15, 'Song 0DVLHKd5dp', 388, 'Turkish Psychedelic', '2020-07-05', 686, 'https://picsum.photos/id/290/200/200');
INSERT INTO SONGS (song_id, album_id, title, duration, genre, release_date, `rank`, image) VALUES (841, 72, 'Song eXLacpCmhX', 412, 'Rock', '2021-06-02', 780, 'https://picsum.photos/id/218/200/200');
INSERT INTO SONGS (song_id, album_id, title, duration, genre, release_date, `rank`, image) VALUES (842, 28, 'Song RtahYabXqR', 179, 'Reggae', '2011-07-01', 493, 'https://picsum.photos/id/207/200/200');
INSERT INTO SONGS (song_id, album_id, title, duration, genre, release_date, `rank`, image) VALUES (843, 66, 'Song twDh390Img', 365, 'Black Metal', '2017-06-26', 621, 'https://picsum.photos/id/282/200/200');
INSERT INTO SONGS (song_id, album_id, title, duration, genre, release_date, `rank`, image) VALUES (844, 81, 'Song tK8Cd5EV4Z', 419, 'Alternative', '2017-02-16', 927, 'https://picsum.photos/id/216/200/200');
INSERT INTO SONGS (song_id, album_id, title, duration, genre, release_date, `rank`, image) VALUES (845, 45, 'Song Sfk9E1Lpvo', 382, 'Jazz', '2015-11-01', 840, 'https://picsum.photos/id/293/200/200');
INSERT INTO SONGS (song_id, album_id, title, duration, genre, release_date, `rank`, image) VALUES (846, 194, 'Song JWCL6Mb0JT', 415, 'Turkish Folk', '2021-12-28', 118, 'https://picsum.photos/id/241/200/200');
INSERT INTO SONGS (song_id, album_id, title, duration, genre, release_date, `rank`, image) VALUES (847, 172, 'Song XxCY5C3JiZ', 186, 'Reggae', '2015-03-01', 879, 'https://picsum.photos/id/293/200/200');
INSERT INTO SONGS (song_id, album_id, title, duration, genre, release_date, `rank`, image) VALUES (848, 20, 'Song HDHlXyDT1A', 472, 'Rock', '2008-07-25', 215, 'https://picsum.photos/id/219/200/200');
INSERT INTO SONGS (song_id, album_id, title, duration, genre, release_date, `rank`, image) VALUES (849, 44, 'Song zpHJ8Qiyc9', 323, 'Country', '2020-01-03', 21, 'https://picsum.photos/id/296/200/200');
INSERT INTO SONGS (song_id, album_id, title, duration, genre, release_date, `rank`, image) VALUES (850, 55, 'Song g60WT2RVBh', 272, 'Blues', '2021-08-19', 815, 'https://picsum.photos/id/299/200/200');
INSERT INTO SONGS (song_id, album_id, title, duration, genre, release_date, `rank`, image) VALUES (851, 40, 'Song fUiN4IX7Ov', 264, 'Turkish Folk', '2018-03-30', 167, 'https://picsum.photos/id/207/200/200');
INSERT INTO SONGS (song_id, album_id, title, duration, genre, release_date, `rank`, image) VALUES (852, 114, 'Song CZAxoDAA6g', 386, 'Alternative', '2009-12-14', 933, 'https://picsum.photos/id/220/200/200');
INSERT INTO SONGS (song_id, album_id, title, duration, genre, release_date, `rank`, image) VALUES (853, 92, 'Song kMKSPAwbP8', 440, 'Jazz', '2008-07-26', 715, 'https://picsum.photos/id/273/200/200');
INSERT INTO SONGS (song_id, album_id, title, duration, genre, release_date, `rank`, image) VALUES (854, 76, 'Song aOki3stRD5', 362, 'Barok', '2011-05-25', 662, 'https://picsum.photos/id/254/200/200');
INSERT INTO SONGS (song_id, album_id, title, duration, genre, release_date, `rank`, image) VALUES (855, 66, 'Song V8ZkDDvjmF', 418, 'Turkish Psychedelic', '2019-09-17', 83, 'https://picsum.photos/id/282/200/200');
INSERT INTO SONGS (song_id, album_id, title, duration, genre, release_date, `rank`, image) VALUES (856, 123, 'Song 8Qrvxsfh0y', 250, 'Turkish Folk', '2020-07-02', 308, 'https://picsum.photos/id/223/200/200');
INSERT INTO SONGS (song_id, album_id, title, duration, genre, release_date, `rank`, image) VALUES (857, 3, 'Song ec5cul9wwd', 149, 'Turkish Rock', '2020-02-11', 504, 'https://picsum.photos/id/246/200/200');
INSERT INTO SONGS (song_id, album_id, title, duration, genre, release_date, `rank`, image) VALUES (858, 90, 'Song uS8WfYDwcZ', 465, 'Turkish Folk', '2010-05-31', 125, 'https://picsum.photos/id/241/200/200');
INSERT INTO SONGS (song_id, album_id, title, duration, genre, release_date, `rank`, image) VALUES (859, 151, 'Song 940Qq1Vs6G', 295, 'Gangsta Rap', '2013-06-23', 696, 'https://picsum.photos/id/223/200/200');
INSERT INTO SONGS (song_id, album_id, title, duration, genre, release_date, `rank`, image) VALUES (860, 46, 'Song XYtkqTa8mz', 282, 'Turkish Folk', '2014-11-01', 565, 'https://picsum.photos/id/203/200/200');
INSERT INTO SONGS (song_id, album_id, title, duration, genre, release_date, `rank`, image) VALUES (861, 36, 'Song 86cICab43t', 469, 'Black Metal', '2013-02-14', 662, 'https://picsum.photos/id/272/200/200');
INSERT INTO SONGS (song_id, album_id, title, duration, genre, release_date, `rank`, image) VALUES (862, 181, 'Song RhgKKkp1Pv', 212, 'Pop', '2021-08-16', 257, 'https://picsum.photos/id/226/200/200');
INSERT INTO SONGS (song_id, album_id, title, duration, genre, release_date, `rank`, image) VALUES (863, 70, 'Song Jbyk2NUyMi', 154, 'Turkish Psychedelic', '2024-04-17', 876, 'https://picsum.photos/id/265/200/200');
INSERT INTO SONGS (song_id, album_id, title, duration, genre, release_date, `rank`, image) VALUES (864, 76, 'Song HZ3bQp0wyJ', 376, 'Indie', '2015-10-07', 976, 'https://picsum.photos/id/254/200/200');
INSERT INTO SONGS (song_id, album_id, title, duration, genre, release_date, `rank`, image) VALUES (865, 199, 'Song JLZXAMBM19', 125, 'Blues', '2020-05-06', 987, 'https://picsum.photos/id/271/200/200');
INSERT INTO SONGS (song_id, album_id, title, duration, genre, release_date, `rank`, image) VALUES (866, 163, 'Song 7wicukmxNl', 210, 'Country', '2012-01-25', 811, 'https://picsum.photos/id/201/200/200');
INSERT INTO SONGS (song_id, album_id, title, duration, genre, release_date, `rank`, image) VALUES (867, 40, 'Song jjCcHX3chW', 377, 'Gangsta Rap', '2017-10-24', 944, 'https://picsum.photos/id/207/200/200');
INSERT INTO SONGS (song_id, album_id, title, duration, genre, release_date, `rank`, image) VALUES (868, 141, 'Song nsdjpidxYC', 443, 'Reggae', '2021-11-19', 671, 'https://picsum.photos/id/265/200/200');
INSERT INTO SONGS (song_id, album_id, title, duration, genre, release_date, `rank`, image) VALUES (869, 178, 'Song fr74IbJQOC', 142, 'Barok', '2019-01-07', 991, 'https://picsum.photos/id/205/200/200');
INSERT INTO SONGS (song_id, album_id, title, duration, genre, release_date, `rank`, image) VALUES (870, 80, 'Song cYTcph2eoL', 355, 'Turkish Rock', '2020-06-15', 699, 'https://picsum.photos/id/201/200/200');
INSERT INTO SONGS (song_id, album_id, title, duration, genre, release_date, `rank`, image) VALUES (871, 85, 'Song dOl1WtzMPj', 294, 'Turkish Psychedelic', '2018-03-09', 41, 'https://picsum.photos/id/234/200/200');
INSERT INTO SONGS (song_id, album_id, title, duration, genre, release_date, `rank`, image) VALUES (872, 137, 'Song KkGRiiZBmJ', 226, 'Rock', '2012-10-24', 165, 'https://picsum.photos/id/204/200/200');
INSERT INTO SONGS (song_id, album_id, title, duration, genre, release_date, `rank`, image) VALUES (873, 25, 'Song 2cCec8F5Lq', 217, 'Alternative', '2008-07-13', 278, 'https://picsum.photos/id/254/200/200');
INSERT INTO SONGS (song_id, album_id, title, duration, genre, release_date, `rank`, image) VALUES (874, 26, 'Song wMPRbfmUhr', 309, 'Pop', '2011-04-06', 927, 'https://picsum.photos/id/292/200/200');
INSERT INTO SONGS (song_id, album_id, title, duration, genre, release_date, `rank`, image) VALUES (875, 46, 'Song u3J40tPirJ', 430, 'Pop', '2008-02-01', 778, 'https://picsum.photos/id/203/200/200');
INSERT INTO SONGS (song_id, album_id, title, duration, genre, release_date, `rank`, image) VALUES (876, 50, 'Song VeOb85TjeP', 315, 'Folk', '2018-10-08', 72, 'https://picsum.photos/id/281/200/200');
INSERT INTO SONGS (song_id, album_id, title, duration, genre, release_date, `rank`, image) VALUES (877, 152, 'Song JspbwP3Eiy', 173, 'Blues', '2022-06-08', 374, 'https://picsum.photos/id/224/200/200');
INSERT INTO SONGS (song_id, album_id, title, duration, genre, release_date, `rank`, image) VALUES (878, 155, 'Song ENyKIsBRW1', 336, 'Indie', '2014-02-01', 718, 'https://picsum.photos/id/250/200/200');
INSERT INTO SONGS (song_id, album_id, title, duration, genre, release_date, `rank`, image) VALUES (879, 5, 'Song wWfeLb6snr', 374, 'Folk', '2021-11-11', 159, 'https://picsum.photos/id/203/200/200');
INSERT INTO SONGS (song_id, album_id, title, duration, genre, release_date, `rank`, image) VALUES (880, 18, 'Song pxa6BCFxfQ', 186, 'Reggae', '2010-06-16', 653, 'https://picsum.photos/id/281/200/200');
INSERT INTO SONGS (song_id, album_id, title, duration, genre, release_date, `rank`, image) VALUES (881, 15, 'Song dOgAIkTZBI', 199, 'Barok', '2010-05-12', 704, 'https://picsum.photos/id/290/200/200');
INSERT INTO SONGS (song_id, album_id, title, duration, genre, release_date, `rank`, image) VALUES (882, 112, 'Song uGn3nGvsvd', 325, 'Pop', '2017-05-31', 764, 'https://picsum.photos/id/276/200/200');
INSERT INTO SONGS (song_id, album_id, title, duration, genre, release_date, `rank`, image) VALUES (883, 8, 'Song nW4Cn7bqMv', 459, 'Pop', '2010-01-29', 633, 'https://picsum.photos/id/260/200/200');
INSERT INTO SONGS (song_id, album_id, title, duration, genre, release_date, `rank`, image) VALUES (884, 70, 'Song ZsO8huSKue', 374, 'Barok', '2015-02-27', 30, 'https://picsum.photos/id/265/200/200');
INSERT INTO SONGS (song_id, album_id, title, duration, genre, release_date, `rank`, image) VALUES (885, 149, 'Song T9Ums7qXDk', 425, 'Indie', '2022-04-11', 103, 'https://picsum.photos/id/225/200/200');
INSERT INTO SONGS (song_id, album_id, title, duration, genre, release_date, `rank`, image) VALUES (886, 43, 'Song 5b3hfrpNGU', 176, 'Turkish Folk', '2017-10-03', 403, 'https://picsum.photos/id/263/200/200');
INSERT INTO SONGS (song_id, album_id, title, duration, genre, release_date, `rank`, image) VALUES (887, 83, 'Song m6Hz8AovT1', 419, 'Turkish Psychedelic', '2020-10-04', 570, 'https://picsum.photos/id/226/200/200');
INSERT INTO SONGS (song_id, album_id, title, duration, genre, release_date, `rank`, image) VALUES (888, 170, 'Song mGzRRFiV6Y', 321, 'Turkish Rock', '2020-03-01', 558, 'https://picsum.photos/id/274/200/200');
INSERT INTO SONGS (song_id, album_id, title, duration, genre, release_date, `rank`, image) VALUES (889, 69, 'Song fnwXPmquH4', 319, 'Barok', '2008-09-07', 230, 'https://picsum.photos/id/254/200/200');
INSERT INTO SONGS (song_id, album_id, title, duration, genre, release_date, `rank`, image) VALUES (890, 97, 'Song WIbRq7MSvA', 432, 'Gangsta Rap', '2011-07-28', 597, 'https://picsum.photos/id/294/200/200');
INSERT INTO SONGS (song_id, album_id, title, duration, genre, release_date, `rank`, image) VALUES (891, 186, 'Song JuB3vJHjiU', 205, 'Rock', '2018-01-24', 137, 'https://picsum.photos/id/225/200/200');
INSERT INTO SONGS (song_id, album_id, title, duration, genre, release_date, `rank`, image) VALUES (892, 57, 'Song JtIqwVNUlv', 206, 'Country', '2014-05-13', 300, 'https://picsum.photos/id/250/200/200');
INSERT INTO SONGS (song_id, album_id, title, duration, genre, release_date, `rank`, image) VALUES (893, 177, 'Song 92SvSzZerP', 308, 'Jazz', '2008-12-30', 420, 'https://picsum.photos/id/292/200/200');
INSERT INTO SONGS (song_id, album_id, title, duration, genre, release_date, `rank`, image) VALUES (894, 97, 'Song ElXBXro5mN', 205, 'Rock', '2008-07-31', 280, 'https://picsum.photos/id/294/200/200');
INSERT INTO SONGS (song_id, album_id, title, duration, genre, release_date, `rank`, image) VALUES (895, 42, 'Song gFZm8wqXCg', 380, 'Folk', '2008-08-09', 71, 'https://picsum.photos/id/227/200/200');
INSERT INTO SONGS (song_id, album_id, title, duration, genre, release_date, `rank`, image) VALUES (896, 77, 'Song 1Lrh0ShuGS', 203, 'Black Metal', '2022-09-05', 518, 'https://picsum.photos/id/203/200/200');
INSERT INTO SONGS (song_id, album_id, title, duration, genre, release_date, `rank`, image) VALUES (897, 147, 'Song b3Nn9EReaN', 386, 'Turkish Psychedelic', '2018-07-11', 298, 'https://picsum.photos/id/255/200/200');
INSERT INTO SONGS (song_id, album_id, title, duration, genre, release_date, `rank`, image) VALUES (898, 77, 'Song mQFgmW1SQB', 357, 'Turkish Folk', '2011-12-03', 642, 'https://picsum.photos/id/203/200/200');
INSERT INTO SONGS (song_id, album_id, title, duration, genre, release_date, `rank`, image) VALUES (899, 141, 'Song pvRmQbFsbN', 282, 'Country', '2016-02-14', 690, 'https://picsum.photos/id/265/200/200');
INSERT INTO SONGS (song_id, album_id, title, duration, genre, release_date, `rank`, image) VALUES (900, 118, 'Song JKU0dISaOl', 403, 'Reggae', '2016-07-08', 795, 'https://picsum.photos/id/276/200/200');
INSERT INTO SONGS (song_id, album_id, title, duration, genre, release_date, `rank`, image) VALUES (901, 104, 'Song IsRVUx7vhb', 355, 'Gangsta Rap', '2010-09-07', 432, 'https://picsum.photos/id/283/200/200');
INSERT INTO SONGS (song_id, album_id, title, duration, genre, release_date, `rank`, image) VALUES (902, 45, 'Song OoIVTPy3CW', 455, 'Alternative', '2017-05-12', 735, 'https://picsum.photos/id/293/200/200');
INSERT INTO SONGS (song_id, album_id, title, duration, genre, release_date, `rank`, image) VALUES (903, 197, 'Song yAirEJ8jni', 476, 'Alternative', '2017-05-07', 855, 'https://picsum.photos/id/221/200/200');
INSERT INTO SONGS (song_id, album_id, title, duration, genre, release_date, `rank`, image) VALUES (904, 127, 'Song lTjYpwb37l', 441, 'Reggae', '2011-06-20', 318, 'https://picsum.photos/id/241/200/200');
INSERT INTO SONGS (song_id, album_id, title, duration, genre, release_date, `rank`, image) VALUES (905, 17, 'Song trjOAWM7PL', 263, 'Blues', '2015-12-22', 373, 'https://picsum.photos/id/264/200/200');
INSERT INTO SONGS (song_id, album_id, title, duration, genre, release_date, `rank`, image) VALUES (906, 142, 'Song ShPVEE7s62', 169, 'Black Metal', '2019-01-21', 317, 'https://picsum.photos/id/207/200/200');
INSERT INTO SONGS (song_id, album_id, title, duration, genre, release_date, `rank`, image) VALUES (907, 157, 'Song YCpbiliIHu', 154, 'Black Metal', '2011-06-22', 439, 'https://picsum.photos/id/272/200/200');
INSERT INTO SONGS (song_id, album_id, title, duration, genre, release_date, `rank`, image) VALUES (908, 24, 'Song FLR1TsCn37', 353, 'Black Metal', '2008-09-06', 137, 'https://picsum.photos/id/241/200/200');
INSERT INTO SONGS (song_id, album_id, title, duration, genre, release_date, `rank`, image) VALUES (909, 186, 'Song zYRp8HlYsG', 433, 'Gangsta Rap', '2020-05-21', 386, 'https://picsum.photos/id/225/200/200');
INSERT INTO SONGS (song_id, album_id, title, duration, genre, release_date, `rank`, image) VALUES (910, 161, 'Song qrYOFrcdGl', 341, 'Alternative', '2008-01-04', 602, 'https://picsum.photos/id/206/200/200');
INSERT INTO SONGS (song_id, album_id, title, duration, genre, release_date, `rank`, image) VALUES (911, 103, 'Song pH8v3QWuR1', 353, 'Gangsta Rap', '2009-03-15', 595, 'https://picsum.photos/id/278/200/200');
INSERT INTO SONGS (song_id, album_id, title, duration, genre, release_date, `rank`, image) VALUES (912, 56, 'Song meP7fLBX1F', 289, 'Jazz', '2008-03-14', 963, 'https://picsum.photos/id/289/200/200');
INSERT INTO SONGS (song_id, album_id, title, duration, genre, release_date, `rank`, image) VALUES (913, 166, 'Song 3BOURxx7hN', 290, 'Rock', '2008-01-09', 634, 'https://picsum.photos/id/230/200/200');
INSERT INTO SONGS (song_id, album_id, title, duration, genre, release_date, `rank`, image) VALUES (914, 192, 'Song H9XiAIRkNd', 236, 'Pop', '2011-09-13', 235, 'https://picsum.photos/id/263/200/200');
INSERT INTO SONGS (song_id, album_id, title, duration, genre, release_date, `rank`, image) VALUES (915, 144, 'Song pWJW3lBS3R', 378, 'Rock', '2013-12-11', 277, 'https://picsum.photos/id/239/200/200');
INSERT INTO SONGS (song_id, album_id, title, duration, genre, release_date, `rank`, image) VALUES (916, 161, 'Song 2OaDi9AhYm', 129, 'Indie', '2016-11-03', 568, 'https://picsum.photos/id/206/200/200');
INSERT INTO SONGS (song_id, album_id, title, duration, genre, release_date, `rank`, image) VALUES (917, 96, 'Song vuyLVVxDQt', 390, 'Black Metal', '2017-08-12', 939, 'https://picsum.photos/id/285/200/200');
INSERT INTO SONGS (song_id, album_id, title, duration, genre, release_date, `rank`, image) VALUES (918, 140, 'Song uQC9kYs96W', 168, 'Turkish Psychedelic', '2013-05-11', 224, 'https://picsum.photos/id/226/200/200');
INSERT INTO SONGS (song_id, album_id, title, duration, genre, release_date, `rank`, image) VALUES (919, 185, 'Song gCxfzdS5tn', 399, 'Barok', '2021-07-24', 361, 'https://picsum.photos/id/280/200/200');
INSERT INTO SONGS (song_id, album_id, title, duration, genre, release_date, `rank`, image) VALUES (920, 39, 'Song IonKRMCMrl', 157, 'Folk', '2020-06-07', 385, 'https://picsum.photos/id/259/200/200');
INSERT INTO SONGS (song_id, album_id, title, duration, genre, release_date, `rank`, image) VALUES (921, 5, 'Song cI5c4R5k6n', 393, 'Black Metal', '2023-09-08', 441, 'https://picsum.photos/id/203/200/200');
INSERT INTO SONGS (song_id, album_id, title, duration, genre, release_date, `rank`, image) VALUES (922, 143, 'Song sYn0ujj57O', 203, 'Gangsta Rap', '2013-04-15', 883, 'https://picsum.photos/id/287/200/200');
INSERT INTO SONGS (song_id, album_id, title, duration, genre, release_date, `rank`, image) VALUES (923, 143, 'Song h4InNqCchg', 176, 'Alternative', '2023-02-17', 30, 'https://picsum.photos/id/287/200/200');
INSERT INTO SONGS (song_id, album_id, title, duration, genre, release_date, `rank`, image) VALUES (924, 121, 'Song aHBzeFAWob', 280, 'Reggae', '2009-09-27', 856, 'https://picsum.photos/id/254/200/200');
INSERT INTO SONGS (song_id, album_id, title, duration, genre, release_date, `rank`, image) VALUES (925, 117, 'Song WrzZA4nDSY', 404, 'Blues', '2010-06-06', 157, 'https://picsum.photos/id/300/200/200');
INSERT INTO SONGS (song_id, album_id, title, duration, genre, release_date, `rank`, image) VALUES (926, 186, 'Song kGrTrUQGQc', 369, 'Indie', '2023-02-10', 259, 'https://picsum.photos/id/225/200/200');
INSERT INTO SONGS (song_id, album_id, title, duration, genre, release_date, `rank`, image) VALUES (927, 166, 'Song mIZtHRUW5m', 262, 'Folk', '2012-09-19', 834, 'https://picsum.photos/id/230/200/200');
INSERT INTO SONGS (song_id, album_id, title, duration, genre, release_date, `rank`, image) VALUES (928, 40, 'Song Oc26hzadsB', 201, 'Alternative', '2009-08-01', 507, 'https://picsum.photos/id/207/200/200');
INSERT INTO SONGS (song_id, album_id, title, duration, genre, release_date, `rank`, image) VALUES (929, 79, 'Song 87PWdSNTqm', 265, 'Gangsta Rap', '2020-11-23', 155, 'https://picsum.photos/id/231/200/200');
INSERT INTO SONGS (song_id, album_id, title, duration, genre, release_date, `rank`, image) VALUES (930, 174, 'Song qN86ATHcqL', 229, 'Jazz', '2024-02-14', 560, 'https://picsum.photos/id/274/200/200');
INSERT INTO SONGS (song_id, album_id, title, duration, genre, release_date, `rank`, image) VALUES (931, 169, 'Song IokN9RkC8N', 237, 'Turkish Psychedelic', '2020-02-09', 964, 'https://picsum.photos/id/280/200/200');
INSERT INTO SONGS (song_id, album_id, title, duration, genre, release_date, `rank`, image) VALUES (932, 76, 'Song 6WXSqyUH7b', 308, 'Turkish Psychedelic', '2012-01-06', 449, 'https://picsum.photos/id/254/200/200');
INSERT INTO SONGS (song_id, album_id, title, duration, genre, release_date, `rank`, image) VALUES (933, 158, 'Song X2uNcQY5fh', 135, 'Alternative', '2021-10-29', 529, 'https://picsum.photos/id/268/200/200');
INSERT INTO SONGS (song_id, album_id, title, duration, genre, release_date, `rank`, image) VALUES (934, 56, 'Song kP5TpJbi99', 138, 'Jazz', '2017-02-13', 273, 'https://picsum.photos/id/289/200/200');
INSERT INTO SONGS (song_id, album_id, title, duration, genre, release_date, `rank`, image) VALUES (935, 7, 'Song hVE7DUMhuR', 422, 'Pop', '2021-07-15', 92, 'https://picsum.photos/id/266/200/200');
INSERT INTO SONGS (song_id, album_id, title, duration, genre, release_date, `rank`, image) VALUES (936, 138, 'Song mZkwgMjWUU', 320, 'Country', '2020-09-29', 836, 'https://picsum.photos/id/224/200/200');
INSERT INTO SONGS (song_id, album_id, title, duration, genre, release_date, `rank`, image) VALUES (937, 66, 'Song wqINsUATIN', 479, 'Pop', '2015-04-14', 864, 'https://picsum.photos/id/282/200/200');
INSERT INTO SONGS (song_id, album_id, title, duration, genre, release_date, `rank`, image) VALUES (938, 51, 'Song fwLGguPJaC', 129, 'Alternative', '2023-02-26', 86, 'https://picsum.photos/id/266/200/200');
INSERT INTO SONGS (song_id, album_id, title, duration, genre, release_date, `rank`, image) VALUES (939, 159, 'Song Hoj88J7WV4', 195, 'Reggae', '2008-06-08', 935, 'https://picsum.photos/id/299/200/200');
INSERT INTO SONGS (song_id, album_id, title, duration, genre, release_date, `rank`, image) VALUES (940, 46, 'Song QQZ15zC8NR', 172, 'Reggae', '2021-08-16', 629, 'https://picsum.photos/id/203/200/200');
INSERT INTO SONGS (song_id, album_id, title, duration, genre, release_date, `rank`, image) VALUES (941, 124, 'Song hncBLzemFL', 417, 'Country', '2021-04-08', 169, 'https://picsum.photos/id/211/200/200');
INSERT INTO SONGS (song_id, album_id, title, duration, genre, release_date, `rank`, image) VALUES (942, 136, 'Song h1YBbSrzEK', 465, 'Alternative', '2014-09-11', 777, 'https://picsum.photos/id/279/200/200');
INSERT INTO SONGS (song_id, album_id, title, duration, genre, release_date, `rank`, image) VALUES (943, 10, 'Song wpP1qj3TCD', 447, 'Rock', '2019-01-29', 357, 'https://picsum.photos/id/274/200/200');
INSERT INTO SONGS (song_id, album_id, title, duration, genre, release_date, `rank`, image) VALUES (944, 195, 'Song U5ibXnB480', 187, 'Pop', '2020-10-10', 343, 'https://picsum.photos/id/261/200/200');
INSERT INTO SONGS (song_id, album_id, title, duration, genre, release_date, `rank`, image) VALUES (945, 149, 'Song a3KKDhMSbL', 388, 'Indie', '2014-11-27', 52, 'https://picsum.photos/id/225/200/200');
INSERT INTO SONGS (song_id, album_id, title, duration, genre, release_date, `rank`, image) VALUES (946, 147, 'Song LnEIYUF5Xu', 416, 'Rock', '2010-02-20', 731, 'https://picsum.photos/id/255/200/200');
INSERT INTO SONGS (song_id, album_id, title, duration, genre, release_date, `rank`, image) VALUES (947, 103, 'Song RRjZZUhrIq', 177, 'Gangsta Rap', '2010-09-02', 295, 'https://picsum.photos/id/278/200/200');
INSERT INTO SONGS (song_id, album_id, title, duration, genre, release_date, `rank`, image) VALUES (948, 102, 'Song YUsDHFY4tZ', 404, 'Pop', '2012-08-26', 755, 'https://picsum.photos/id/262/200/200');
INSERT INTO SONGS (song_id, album_id, title, duration, genre, release_date, `rank`, image) VALUES (949, 129, 'Song jywpzcHJmu', 396, 'Gangsta Rap', '2008-01-12', 55, 'https://picsum.photos/id/226/200/200');
INSERT INTO SONGS (song_id, album_id, title, duration, genre, release_date, `rank`, image) VALUES (950, 19, 'Song eEbb835mT6', 129, 'Black Metal', '2020-06-23', 932, 'https://picsum.photos/id/237/200/200');
INSERT INTO SONGS (song_id, album_id, title, duration, genre, release_date, `rank`, image) VALUES (951, 181, 'Song WfDqmNOIx1', 451, 'Rock', '2010-08-10', 174, 'https://picsum.photos/id/226/200/200');
INSERT INTO SONGS (song_id, album_id, title, duration, genre, release_date, `rank`, image) VALUES (952, 143, 'Song BUhauqc7QB', 343, 'Reggae', '2011-04-24', 448, 'https://picsum.photos/id/287/200/200');
INSERT INTO SONGS (song_id, album_id, title, duration, genre, release_date, `rank`, image) VALUES (953, 137, 'Song mbKHqSp4eM', 241, 'Turkish Psychedelic', '2023-09-25', 38, 'https://picsum.photos/id/204/200/200');
INSERT INTO SONGS (song_id, album_id, title, duration, genre, release_date, `rank`, image) VALUES (954, 192, 'Song r96PxaGIXi', 323, 'Turkish Folk', '2019-12-13', 941, 'https://picsum.photos/id/263/200/200');
INSERT INTO SONGS (song_id, album_id, title, duration, genre, release_date, `rank`, image) VALUES (955, 47, 'Song IfMIjP4IAJ', 405, 'Indie', '2015-08-16', 273, 'https://picsum.photos/id/207/200/200');
INSERT INTO SONGS (song_id, album_id, title, duration, genre, release_date, `rank`, image) VALUES (956, 185, 'Song ZfbXLBxFct', 366, 'Country', '2016-05-30', 570, 'https://picsum.photos/id/280/200/200');
INSERT INTO SONGS (song_id, album_id, title, duration, genre, release_date, `rank`, image) VALUES (957, 107, 'Song NFh5fbR4vF', 338, 'Jazz', '2022-06-27', 320, 'https://picsum.photos/id/228/200/200');
INSERT INTO SONGS (song_id, album_id, title, duration, genre, release_date, `rank`, image) VALUES (958, 144, 'Song zP0LFZzwfO', 279, 'Turkish Psychedelic', '2023-01-05', 337, 'https://picsum.photos/id/239/200/200');
INSERT INTO SONGS (song_id, album_id, title, duration, genre, release_date, `rank`, image) VALUES (959, 136, 'Song 8egtxpqzG1', 317, 'Reggae', '2010-04-10', 632, 'https://picsum.photos/id/279/200/200');
INSERT INTO SONGS (song_id, album_id, title, duration, genre, release_date, `rank`, image) VALUES (960, 137, 'Song Loctuovbu9', 173, 'Blues', '2020-04-17', 156, 'https://picsum.photos/id/204/200/200');
INSERT INTO SONGS (song_id, album_id, title, duration, genre, release_date, `rank`, image) VALUES (961, 58, 'Song aOEkhFV04U', 127, 'Jazz', '2020-09-29', 548, 'https://picsum.photos/id/249/200/200');
INSERT INTO SONGS (song_id, album_id, title, duration, genre, release_date, `rank`, image) VALUES (962, 74, 'Song 8PbxrPjngh', 182, 'Country', '2018-09-07', 599, 'https://picsum.photos/id/237/200/200');
INSERT INTO SONGS (song_id, album_id, title, duration, genre, release_date, `rank`, image) VALUES (963, 156, 'Song JfHFX1xctd', 368, 'Turkish Rock', '2024-02-05', 86, 'https://picsum.photos/id/217/200/200');
INSERT INTO SONGS (song_id, album_id, title, duration, genre, release_date, `rank`, image) VALUES (964, 92, 'Song L2yeEzNUc2', 185, 'Reggae', '2021-06-25', 231, 'https://picsum.photos/id/273/200/200');
INSERT INTO SONGS (song_id, album_id, title, duration, genre, release_date, `rank`, image) VALUES (965, 190, 'Song zFL7L7hCJI', 215, 'Turkish Folk', '2011-09-11', 239, 'https://picsum.photos/id/295/200/200');
INSERT INTO SONGS (song_id, album_id, title, duration, genre, release_date, `rank`, image) VALUES (966, 78, 'Song OErb18nqfn', 431, 'Turkish Rock', '2024-03-26', 153, 'https://picsum.photos/id/298/200/200');
INSERT INTO SONGS (song_id, album_id, title, duration, genre, release_date, `rank`, image) VALUES (967, 141, 'Song qktWV8Ejji', 432, 'Country', '2017-11-18', 234, 'https://picsum.photos/id/265/200/200');
INSERT INTO SONGS (song_id, album_id, title, duration, genre, release_date, `rank`, image) VALUES (968, 26, 'Song 51BEmO6f7L', 188, 'Turkish Rock', '2014-03-07', 741, 'https://picsum.photos/id/292/200/200');
INSERT INTO SONGS (song_id, album_id, title, duration, genre, release_date, `rank`, image) VALUES (969, 153, 'Song 4TMfIKVaBr', 448, 'Rock', '2013-12-16', 447, 'https://picsum.photos/id/240/200/200');
INSERT INTO SONGS (song_id, album_id, title, duration, genre, release_date, `rank`, image) VALUES (970, 94, 'Song H2OwoCY5jr', 181, 'Blues', '2019-01-11', 533, 'https://picsum.photos/id/205/200/200');
INSERT INTO SONGS (song_id, album_id, title, duration, genre, release_date, `rank`, image) VALUES (971, 76, 'Song 2agxqlwH2S', 329, 'Turkish Rock', '2023-05-13', 497, 'https://picsum.photos/id/254/200/200');
INSERT INTO SONGS (song_id, album_id, title, duration, genre, release_date, `rank`, image) VALUES (972, 122, 'Song PieYB8kHHK', 385, 'Rock', '2010-11-20', 833, 'https://picsum.photos/id/219/200/200');
INSERT INTO SONGS (song_id, album_id, title, duration, genre, release_date, `rank`, image) VALUES (973, 94, 'Song GPZSKzgUYF', 262, 'Black Metal', '2009-11-13', 400, 'https://picsum.photos/id/205/200/200');
INSERT INTO SONGS (song_id, album_id, title, duration, genre, release_date, `rank`, image) VALUES (974, 9, 'Song o08FkhRXmQ', 257, 'Turkish Folk', '2008-06-19', 926, 'https://picsum.photos/id/284/200/200');
INSERT INTO SONGS (song_id, album_id, title, duration, genre, release_date, `rank`, image) VALUES (975, 189, 'Song LZthXgoUL7', 136, 'Jazz', '2016-07-27', 428, 'https://picsum.photos/id/293/200/200');
INSERT INTO SONGS (song_id, album_id, title, duration, genre, release_date, `rank`, image) VALUES (976, 114, 'Song Ho7CexPh2X', 251, 'Blues', '2020-04-30', 667, 'https://picsum.photos/id/220/200/200');
INSERT INTO SONGS (song_id, album_id, title, duration, genre, release_date, `rank`, image) VALUES (977, 150, 'Song N4GCXvYp0v', 350, 'Folk', '2020-09-17', 148, 'https://picsum.photos/id/238/200/200');
INSERT INTO SONGS (song_id, album_id, title, duration, genre, release_date, `rank`, image) VALUES (978, 69, 'Song gXGrTRazV1', 451, 'Gangsta Rap', '2016-07-24', 258, 'https://picsum.photos/id/254/200/200');
INSERT INTO SONGS (song_id, album_id, title, duration, genre, release_date, `rank`, image) VALUES (979, 185, 'Song Iiv7JOWZJX', 397, 'Barok', '2023-01-07', 662, 'https://picsum.photos/id/280/200/200');
INSERT INTO SONGS (song_id, album_id, title, duration, genre, release_date, `rank`, image) VALUES (980, 131, 'Song npgGa718Sp', 256, 'Indie', '2022-07-05', 415, 'https://picsum.photos/id/283/200/200');
INSERT INTO SONGS (song_id, album_id, title, duration, genre, release_date, `rank`, image) VALUES (981, 160, 'Song NWPOegPG3w', 242, 'Barok', '2020-07-07', 115, 'https://picsum.photos/id/284/200/200');
INSERT INTO SONGS (song_id, album_id, title, duration, genre, release_date, `rank`, image) VALUES (982, 136, 'Song YHoJXZRzRb', 162, 'Turkish Rock', '2013-11-23', 74, 'https://picsum.photos/id/279/200/200');
INSERT INTO SONGS (song_id, album_id, title, duration, genre, release_date, `rank`, image) VALUES (983, 23, 'Song cBt4otgkCL', 480, 'Reggae', '2014-08-14', 563, 'https://picsum.photos/id/297/200/200');
INSERT INTO SONGS (song_id, album_id, title, duration, genre, release_date, `rank`, image) VALUES (984, 140, 'Song RLobkXIk8e', 250, 'Turkish Psychedelic', '2016-09-05', 105, 'https://picsum.photos/id/226/200/200');
INSERT INTO SONGS (song_id, album_id, title, duration, genre, release_date, `rank`, image) VALUES (985, 74, 'Song JWHIU4yolM', 196, 'Blues', '2013-01-20', 685, 'https://picsum.photos/id/237/200/200');
INSERT INTO SONGS (song_id, album_id, title, duration, genre, release_date, `rank`, image) VALUES (986, 38, 'Song niSD1E6xSF', 467, 'Country', '2011-04-13', 192, 'https://picsum.photos/id/224/200/200');
INSERT INTO SONGS (song_id, album_id, title, duration, genre, release_date, `rank`, image) VALUES (987, 40, 'Song P6DJhxb46r', 445, 'Rock', '2016-12-10', 260, 'https://picsum.photos/id/207/200/200');
INSERT INTO SONGS (song_id, album_id, title, duration, genre, release_date, `rank`, image) VALUES (988, 28, 'Song jskBOLkQ3C', 273, 'Country', '2012-04-06', 250, 'https://picsum.photos/id/207/200/200');
INSERT INTO SONGS (song_id, album_id, title, duration, genre, release_date, `rank`, image) VALUES (989, 153, 'Song xjfkVMgJ6b', 148, 'Reggae', '2016-12-30', 907, 'https://picsum.photos/id/240/200/200');
INSERT INTO SONGS (song_id, album_id, title, duration, genre, release_date, `rank`, image) VALUES (990, 11, 'Song RdNx7bf1sS', 185, 'Folk', '2009-04-01', 134, 'https://picsum.photos/id/291/200/200');
INSERT INTO SONGS (song_id, album_id, title, duration, genre, release_date, `rank`, image) VALUES (991, 114, 'Song tCoar7uWGi', 300, 'Reggae', '2019-01-13', 662, 'https://picsum.photos/id/220/200/200');
INSERT INTO SONGS (song_id, album_id, title, duration, genre, release_date, `rank`, image) VALUES (992, 37, 'Song YHXHHUjBa4', 307, 'Alternative', '2019-10-08', 155, 'https://picsum.photos/id/208/200/200');
INSERT INTO SONGS (song_id, album_id, title, duration, genre, release_date, `rank`, image) VALUES (993, 126, 'Song DzVKHZ1H90', 255, 'Folk', '2016-06-05', 243, 'https://picsum.photos/id/265/200/200');
INSERT INTO SONGS (song_id, album_id, title, duration, genre, release_date, `rank`, image) VALUES (994, 126, 'Song DgFa3nClEw', 307, 'Indie', '2016-08-04', 616, 'https://picsum.photos/id/265/200/200');
INSERT INTO SONGS (song_id, album_id, title, duration, genre, release_date, `rank`, image) VALUES (995, 152, 'Song RYYMqBNtWB', 319, 'Gangsta Rap', '2021-11-15', 832, 'https://picsum.photos/id/224/200/200');
INSERT INTO SONGS (song_id, album_id, title, duration, genre, release_date, `rank`, image) VALUES (996, 178, 'Song RKddZB5IaU', 404, 'Jazz', '2020-03-04', 536, 'https://picsum.photos/id/205/200/200');
INSERT INTO SONGS (song_id, album_id, title, duration, genre, release_date, `rank`, image) VALUES (997, 20, 'Song qhQZFZDnt4', 294, 'Jazz', '2016-12-21', 305, 'https://picsum.photos/id/219/200/200');
INSERT INTO SONGS (song_id, album_id, title, duration, genre, release_date, `rank`, image) VALUES (998, 25, 'Song mBjzJKcQjX', 332, 'Gangsta Rap', '2018-09-27', 613, 'https://picsum.photos/id/254/200/200');
INSERT INTO SONGS (song_id, album_id, title, duration, genre, release_date, `rank`, image) VALUES (999, 21, 'Song Ba7J8jaVrY', 288, 'Pop', '2008-01-30', 230, 'https://picsum.photos/id/268/200/200');
INSERT INTO SONGS (song_id, album_id, title, duration, genre, release_date, `rank`, image) VALUES (1000, 121, 'Song oJ4AWDVZmc', 150, 'Turkish Folk', '2010-02-06', 439, 'https://picsum.photos/id/254/200/200');

-- PLAYLISTS Data --
INSERT INTO PLAYLISTS (playlist_id, user_id, title, description, date_created, image) VALUES (1, 10, 'My Indie Playlist 39', 'A collection of Jazz tunes.', '2020-08-07', 'https://picsum.photos/id/392/180/180');
INSERT INTO PLAYLISTS (playlist_id, user_id, title, description, date_created, image) VALUES (2, 22, 'My Turkish Psychedelic Playlist 73', 'A collection of Folk tunes.', '2022-02-09', 'https://picsum.photos/id/306/180/180');
INSERT INTO PLAYLISTS (playlist_id, user_id, title, description, date_created, image) VALUES (3, 61, 'My Jazz Playlist 29', 'A collection of Reggae tunes.', '2023-02-12', 'https://picsum.photos/id/354/180/180');
INSERT INTO PLAYLISTS (playlist_id, user_id, title, description, date_created, image) VALUES (4, 70, 'My Turkish Folk Playlist 46', 'A collection of Black Metal tunes.', '2022-04-24', 'https://picsum.photos/id/342/180/180');
INSERT INTO PLAYLISTS (playlist_id, user_id, title, description, date_created, image) VALUES (5, 36, 'My Turkish Rock Playlist 36', 'A collection of Indie tunes.', '2022-12-10', 'https://picsum.photos/id/311/180/180');
INSERT INTO PLAYLISTS (playlist_id, user_id, title, description, date_created, image) VALUES (6, 24, 'My Alternative Playlist 30', 'A collection of Pop tunes.', '2020-10-04', 'https://picsum.photos/id/341/180/180');
INSERT INTO PLAYLISTS (playlist_id, user_id, title, description, date_created, image) VALUES (7, 89, 'My Pop Playlist 41', 'A collection of Barok tunes.', '2024-04-29', 'https://picsum.photos/id/326/180/180');
INSERT INTO PLAYLISTS (playlist_id, user_id, title, description, date_created, image) VALUES (8, 66, 'My Jazz Playlist 43', 'A collection of Turkish Folk tunes.', '2022-03-09', 'https://picsum.photos/id/309/180/180');
INSERT INTO PLAYLISTS (playlist_id, user_id, title, description, date_created, image) VALUES (9, 12, 'My Rock Playlist 83', 'A collection of Country tunes.', '2022-02-12', 'https://picsum.photos/id/377/180/180');
INSERT INTO PLAYLISTS (playlist_id, user_id, title, description, date_created, image) VALUES (10, 70, 'My Reggae Playlist 85', 'A collection of Turkish Psychedelic tunes.', '2023-06-28', 'https://picsum.photos/id/365/180/180');
INSERT INTO PLAYLISTS (playlist_id, user_id, title, description, date_created, image) VALUES (11, 12, 'My Country Playlist 47', 'A collection of Turkish Rock tunes.', '2022-11-01', 'https://picsum.photos/id/396/180/180');
INSERT INTO PLAYLISTS (playlist_id, user_id, title, description, date_created, image) VALUES (12, 22, 'My Barok Playlist 70', 'A collection of Jazz tunes.', '2020-04-25', 'https://picsum.photos/id/301/180/180');
INSERT INTO PLAYLISTS (playlist_id, user_id, title, description, date_created, image) VALUES (13, 99, 'My Jazz Playlist 45', 'A collection of Blues tunes.', '2022-05-25', 'https://picsum.photos/id/323/180/180');
INSERT INTO PLAYLISTS (playlist_id, user_id, title, description, date_created, image) VALUES (14, 29, 'My Pop Playlist 63', 'A collection of Black Metal tunes.', '2023-08-22', 'https://picsum.photos/id/321/180/180');
INSERT INTO PLAYLISTS (playlist_id, user_id, title, description, date_created, image) VALUES (15, 67, 'My Turkish Psychedelic Playlist 50', 'A collection of Rock tunes.', '2023-08-15', 'https://picsum.photos/id/370/180/180');
INSERT INTO PLAYLISTS (playlist_id, user_id, title, description, date_created, image) VALUES (16, 14, 'My Gangsta Rap Playlist 100', 'A collection of Turkish Rock tunes.', '2023-03-20', 'https://picsum.photos/id/354/180/180');
INSERT INTO PLAYLISTS (playlist_id, user_id, title, description, date_created, image) VALUES (17, 63, 'My Rock Playlist 20', 'A collection of Reggae tunes.', '2021-11-18', 'https://picsum.photos/id/319/180/180');
INSERT INTO PLAYLISTS (playlist_id, user_id, title, description, date_created, image) VALUES (18, 30, 'My Turkish Folk Playlist 48', 'A collection of Reggae tunes.', '2024-02-26', 'https://picsum.photos/id/331/180/180');
INSERT INTO PLAYLISTS (playlist_id, user_id, title, description, date_created, image) VALUES (19, 58, 'My Turkish Rock Playlist 51', 'A collection of Folk tunes.', '2020-12-17', 'https://picsum.photos/id/372/180/180');
INSERT INTO PLAYLISTS (playlist_id, user_id, title, description, date_created, image) VALUES (20, 63, 'My Gangsta Rap Playlist 21', 'A collection of Rock tunes.', '2024-05-19', 'https://picsum.photos/id/387/180/180');
INSERT INTO PLAYLISTS (playlist_id, user_id, title, description, date_created, image) VALUES (21, 57, 'My Reggae Playlist 28', 'A collection of Pop tunes.', '2023-01-16', 'https://picsum.photos/id/340/180/180');
INSERT INTO PLAYLISTS (playlist_id, user_id, title, description, date_created, image) VALUES (22, 14, 'My Indie Playlist 49', 'A collection of Turkish Folk tunes.', '2020-12-22', 'https://picsum.photos/id/383/180/180');
INSERT INTO PLAYLISTS (playlist_id, user_id, title, description, date_created, image) VALUES (23, 72, 'My Turkish Folk Playlist 13', 'A collection of Blues tunes.', '2020-03-06', 'https://picsum.photos/id/356/180/180');
INSERT INTO PLAYLISTS (playlist_id, user_id, title, description, date_created, image) VALUES (24, 77, 'My Indie Playlist 74', 'A collection of Alternative tunes.', '2020-04-14', 'https://picsum.photos/id/344/180/180');
INSERT INTO PLAYLISTS (playlist_id, user_id, title, description, date_created, image) VALUES (25, 76, 'My Turkish Folk Playlist 81', 'A collection of Black Metal tunes.', '2023-02-18', 'https://picsum.photos/id/382/180/180');
INSERT INTO PLAYLISTS (playlist_id, user_id, title, description, date_created, image) VALUES (26, 95, 'My Black Metal Playlist 56', 'A collection of Black Metal tunes.', '2021-07-19', 'https://picsum.photos/id/335/180/180');
INSERT INTO PLAYLISTS (playlist_id, user_id, title, description, date_created, image) VALUES (27, 40, 'My Turkish Folk Playlist 9', 'A collection of Turkish Folk tunes.', '2023-11-05', 'https://picsum.photos/id/347/180/180');
INSERT INTO PLAYLISTS (playlist_id, user_id, title, description, date_created, image) VALUES (28, 22, 'My Folk Playlist 47', 'A collection of Turkish Psychedelic tunes.', '2023-08-27', 'https://picsum.photos/id/400/180/180');
INSERT INTO PLAYLISTS (playlist_id, user_id, title, description, date_created, image) VALUES (29, 51, 'My Reggae Playlist 17', 'A collection of Reggae tunes.', '2021-03-28', 'https://picsum.photos/id/360/180/180');
INSERT INTO PLAYLISTS (playlist_id, user_id, title, description, date_created, image) VALUES (30, 16, 'My Alternative Playlist 44', 'A collection of Jazz tunes.', '2021-12-29', 'https://picsum.photos/id/337/180/180');
INSERT INTO PLAYLISTS (playlist_id, user_id, title, description, date_created, image) VALUES (31, 5, 'My Indie Playlist 12', 'A collection of Blues tunes.', '2023-05-03', 'https://picsum.photos/id/345/180/180');
INSERT INTO PLAYLISTS (playlist_id, user_id, title, description, date_created, image) VALUES (32, 15, 'My Turkish Psychedelic Playlist 3', 'A collection of Gangsta Rap tunes.', '2023-11-16', 'https://picsum.photos/id/318/180/180');
INSERT INTO PLAYLISTS (playlist_id, user_id, title, description, date_created, image) VALUES (33, 20, 'My Blues Playlist 34', 'A collection of Rock tunes.', '2020-02-10', 'https://picsum.photos/id/335/180/180');
INSERT INTO PLAYLISTS (playlist_id, user_id, title, description, date_created, image) VALUES (34, 37, 'My Jazz Playlist 32', 'A collection of Alternative tunes.', '2020-03-05', 'https://picsum.photos/id/352/180/180');
INSERT INTO PLAYLISTS (playlist_id, user_id, title, description, date_created, image) VALUES (35, 40, 'My Turkish Psychedelic Playlist 36', 'A collection of Gangsta Rap tunes.', '2023-02-24', 'https://picsum.photos/id/345/180/180');
INSERT INTO PLAYLISTS (playlist_id, user_id, title, description, date_created, image) VALUES (36, 9, 'My Black Metal Playlist 68', 'A collection of Folk tunes.', '2023-05-27', 'https://picsum.photos/id/340/180/180');
INSERT INTO PLAYLISTS (playlist_id, user_id, title, description, date_created, image) VALUES (37, 11, 'My Barok Playlist 76', 'A collection of Pop tunes.', '2022-09-08', 'https://picsum.photos/id/323/180/180');
INSERT INTO PLAYLISTS (playlist_id, user_id, title, description, date_created, image) VALUES (38, 81, 'My Alternative Playlist 88', 'A collection of Indie tunes.', '2023-01-18', 'https://picsum.photos/id/395/180/180');
INSERT INTO PLAYLISTS (playlist_id, user_id, title, description, date_created, image) VALUES (39, 20, 'My Folk Playlist 26', 'A collection of Pop tunes.', '2023-07-05', 'https://picsum.photos/id/333/180/180');
INSERT INTO PLAYLISTS (playlist_id, user_id, title, description, date_created, image) VALUES (40, 14, 'My Turkish Psychedelic Playlist 7', 'A collection of Jazz tunes.', '2023-03-02', 'https://picsum.photos/id/385/180/180');
INSERT INTO PLAYLISTS (playlist_id, user_id, title, description, date_created, image) VALUES (41, 18, 'My Folk Playlist 91', 'A collection of Black Metal tunes.', '2020-02-10', 'https://picsum.photos/id/365/180/180');
INSERT INTO PLAYLISTS (playlist_id, user_id, title, description, date_created, image) VALUES (42, 41, 'My Barok Playlist 52', 'A collection of Country tunes.', '2022-12-25', 'https://picsum.photos/id/343/180/180');
INSERT INTO PLAYLISTS (playlist_id, user_id, title, description, date_created, image) VALUES (43, 58, 'My Blues Playlist 84', 'A collection of Turkish Rock tunes.', '2020-05-27', 'https://picsum.photos/id/364/180/180');
INSERT INTO PLAYLISTS (playlist_id, user_id, title, description, date_created, image) VALUES (44, 7, 'My Jazz Playlist 9', 'A collection of Blues tunes.', '2020-05-15', 'https://picsum.photos/id/357/180/180');
INSERT INTO PLAYLISTS (playlist_id, user_id, title, description, date_created, image) VALUES (45, 25, 'My Barok Playlist 69', 'A collection of Country tunes.', '2021-05-21', 'https://picsum.photos/id/382/180/180');
INSERT INTO PLAYLISTS (playlist_id, user_id, title, description, date_created, image) VALUES (46, 78, 'My Alternative Playlist 63', 'A collection of Blues tunes.', '2021-08-02', 'https://picsum.photos/id/343/180/180');
INSERT INTO PLAYLISTS (playlist_id, user_id, title, description, date_created, image) VALUES (47, 28, 'My Black Metal Playlist 38', 'A collection of Indie tunes.', '2022-09-21', 'https://picsum.photos/id/322/180/180');
INSERT INTO PLAYLISTS (playlist_id, user_id, title, description, date_created, image) VALUES (48, 28, 'My Pop Playlist 21', 'A collection of Jazz tunes.', '2020-11-10', 'https://picsum.photos/id/331/180/180');
INSERT INTO PLAYLISTS (playlist_id, user_id, title, description, date_created, image) VALUES (49, 70, 'My Country Playlist 67', 'A collection of Barok tunes.', '2021-07-24', 'https://picsum.photos/id/383/180/180');
INSERT INTO PLAYLISTS (playlist_id, user_id, title, description, date_created, image) VALUES (50, 95, 'My Folk Playlist 63', 'A collection of Pop tunes.', '2023-07-06', 'https://picsum.photos/id/367/180/180');
INSERT INTO PLAYLISTS (playlist_id, user_id, title, description, date_created, image) VALUES (51, 36, 'My Turkish Psychedelic Playlist 55', 'A collection of Pop tunes.', '2023-03-14', 'https://picsum.photos/id/359/180/180');
INSERT INTO PLAYLISTS (playlist_id, user_id, title, description, date_created, image) VALUES (52, 39, 'My Gangsta Rap Playlist 59', 'A collection of Rock tunes.', '2022-04-01', 'https://picsum.photos/id/347/180/180');
INSERT INTO PLAYLISTS (playlist_id, user_id, title, description, date_created, image) VALUES (53, 31, 'My Reggae Playlist 52', 'A collection of Reggae tunes.', '2023-10-27', 'https://picsum.photos/id/301/180/180');
INSERT INTO PLAYLISTS (playlist_id, user_id, title, description, date_created, image) VALUES (54, 23, 'My Reggae Playlist 26', 'A collection of Pop tunes.', '2020-12-24', 'https://picsum.photos/id/302/180/180');
INSERT INTO PLAYLISTS (playlist_id, user_id, title, description, date_created, image) VALUES (55, 70, 'My Country Playlist 94', 'A collection of Turkish Folk tunes.', '2024-01-14', 'https://picsum.photos/id/369/180/180');
INSERT INTO PLAYLISTS (playlist_id, user_id, title, description, date_created, image) VALUES (56, 21, 'My Turkish Rock Playlist 91', 'A collection of Rock tunes.', '2021-10-03', 'https://picsum.photos/id/397/180/180');
INSERT INTO PLAYLISTS (playlist_id, user_id, title, description, date_created, image) VALUES (57, 93, 'My Indie Playlist 74', 'A collection of Turkish Rock tunes.', '2020-05-17', 'https://picsum.photos/id/346/180/180');
INSERT INTO PLAYLISTS (playlist_id, user_id, title, description, date_created, image) VALUES (58, 38, 'My Alternative Playlist 15', 'A collection of Gangsta Rap tunes.', '2020-04-29', 'https://picsum.photos/id/329/180/180');
INSERT INTO PLAYLISTS (playlist_id, user_id, title, description, date_created, image) VALUES (59, 99, 'My Turkish Folk Playlist 27', 'A collection of Jazz tunes.', '2022-11-30', 'https://picsum.photos/id/339/180/180');
INSERT INTO PLAYLISTS (playlist_id, user_id, title, description, date_created, image) VALUES (60, 18, 'My Blues Playlist 67', 'A collection of Folk tunes.', '2022-08-13', 'https://picsum.photos/id/361/180/180');
INSERT INTO PLAYLISTS (playlist_id, user_id, title, description, date_created, image) VALUES (61, 78, 'My Turkish Folk Playlist 31', 'A collection of Reggae tunes.', '2021-07-17', 'https://picsum.photos/id/397/180/180');
INSERT INTO PLAYLISTS (playlist_id, user_id, title, description, date_created, image) VALUES (62, 26, 'My Jazz Playlist 23', 'A collection of Reggae tunes.', '2021-08-18', 'https://picsum.photos/id/328/180/180');
INSERT INTO PLAYLISTS (playlist_id, user_id, title, description, date_created, image) VALUES (63, 50, 'My Turkish Folk Playlist 32', 'A collection of Rock tunes.', '2020-09-23', 'https://picsum.photos/id/331/180/180');
INSERT INTO PLAYLISTS (playlist_id, user_id, title, description, date_created, image) VALUES (64, 73, 'My Pop Playlist 21', 'A collection of Turkish Folk tunes.', '2023-11-23', 'https://picsum.photos/id/311/180/180');
INSERT INTO PLAYLISTS (playlist_id, user_id, title, description, date_created, image) VALUES (65, 40, 'My Reggae Playlist 18', 'A collection of Turkish Psychedelic tunes.', '2020-03-09', 'https://picsum.photos/id/349/180/180');
INSERT INTO PLAYLISTS (playlist_id, user_id, title, description, date_created, image) VALUES (66, 43, 'My Rock Playlist 28', 'A collection of Indie tunes.', '2020-06-30', 'https://picsum.photos/id/372/180/180');
INSERT INTO PLAYLISTS (playlist_id, user_id, title, description, date_created, image) VALUES (67, 86, 'My Pop Playlist 75', 'A collection of Country tunes.', '2022-08-26', 'https://picsum.photos/id/315/180/180');
INSERT INTO PLAYLISTS (playlist_id, user_id, title, description, date_created, image) VALUES (68, 69, 'My Black Metal Playlist 6', 'A collection of Jazz tunes.', '2020-02-12', 'https://picsum.photos/id/331/180/180');
INSERT INTO PLAYLISTS (playlist_id, user_id, title, description, date_created, image) VALUES (69, 54, 'My Alternative Playlist 63', 'A collection of Indie tunes.', '2020-10-25', 'https://picsum.photos/id/342/180/180');
INSERT INTO PLAYLISTS (playlist_id, user_id, title, description, date_created, image) VALUES (70, 32, 'My Turkish Rock Playlist 68', 'A collection of Turkish Psychedelic tunes.', '2020-12-20', 'https://picsum.photos/id/330/180/180');
INSERT INTO PLAYLISTS (playlist_id, user_id, title, description, date_created, image) VALUES (71, 7, 'My Gangsta Rap Playlist 74', 'A collection of Turkish Rock tunes.', '2020-11-21', 'https://picsum.photos/id/377/180/180');
INSERT INTO PLAYLISTS (playlist_id, user_id, title, description, date_created, image) VALUES (72, 3, 'My Black Metal Playlist 50', 'A collection of Turkish Folk tunes.', '2022-08-25', 'https://picsum.photos/id/396/180/180');
INSERT INTO PLAYLISTS (playlist_id, user_id, title, description, date_created, image) VALUES (73, 33, 'My Barok Playlist 97', 'A collection of Turkish Psychedelic tunes.', '2020-02-08', 'https://picsum.photos/id/319/180/180');
INSERT INTO PLAYLISTS (playlist_id, user_id, title, description, date_created, image) VALUES (74, 96, 'My Pop Playlist 44', 'A collection of Barok tunes.', '2022-01-05', 'https://picsum.photos/id/338/180/180');
INSERT INTO PLAYLISTS (playlist_id, user_id, title, description, date_created, image) VALUES (75, 63, 'My Rock Playlist 37', 'A collection of Reggae tunes.', '2022-04-28', 'https://picsum.photos/id/383/180/180');
INSERT INTO PLAYLISTS (playlist_id, user_id, title, description, date_created, image) VALUES (76, 24, 'My Turkish Folk Playlist 77', 'A collection of Reggae tunes.', '2023-06-13', 'https://picsum.photos/id/359/180/180');
INSERT INTO PLAYLISTS (playlist_id, user_id, title, description, date_created, image) VALUES (77, 30, 'My Barok Playlist 65', 'A collection of Blues tunes.', '2020-02-14', 'https://picsum.photos/id/373/180/180');
INSERT INTO PLAYLISTS (playlist_id, user_id, title, description, date_created, image) VALUES (78, 32, 'My Folk Playlist 23', 'A collection of Black Metal tunes.', '2022-09-08', 'https://picsum.photos/id/319/180/180');
INSERT INTO PLAYLISTS (playlist_id, user_id, title, description, date_created, image) VALUES (79, 65, 'My Alternative Playlist 46', 'A collection of Indie tunes.', '2022-02-13', 'https://picsum.photos/id/316/180/180');
INSERT INTO PLAYLISTS (playlist_id, user_id, title, description, date_created, image) VALUES (80, 70, 'My Pop Playlist 83', 'A collection of Indie tunes.', '2021-07-14', 'https://picsum.photos/id/311/180/180');
INSERT INTO PLAYLISTS (playlist_id, user_id, title, description, date_created, image) VALUES (81, 5, 'My Turkish Psychedelic Playlist 49', 'A collection of Pop tunes.', '2021-06-20', 'https://picsum.photos/id/370/180/180');
INSERT INTO PLAYLISTS (playlist_id, user_id, title, description, date_created, image) VALUES (82, 78, 'My Turkish Folk Playlist 27', 'A collection of Alternative tunes.', '2021-04-13', 'https://picsum.photos/id/336/180/180');
INSERT INTO PLAYLISTS (playlist_id, user_id, title, description, date_created, image) VALUES (83, 33, 'My Country Playlist 5', 'A collection of Jazz tunes.', '2020-10-30', 'https://picsum.photos/id/348/180/180');
INSERT INTO PLAYLISTS (playlist_id, user_id, title, description, date_created, image) VALUES (84, 85, 'My Black Metal Playlist 53', 'A collection of Turkish Rock tunes.', '2022-09-17', 'https://picsum.photos/id/370/180/180');
INSERT INTO PLAYLISTS (playlist_id, user_id, title, description, date_created, image) VALUES (85, 94, 'My Jazz Playlist 25', 'A collection of Alternative tunes.', '2022-07-25', 'https://picsum.photos/id/332/180/180');
INSERT INTO PLAYLISTS (playlist_id, user_id, title, description, date_created, image) VALUES (86, 2, 'My Jazz Playlist 76', 'A collection of Pop tunes.', '2024-02-20', 'https://picsum.photos/id/315/180/180');
INSERT INTO PLAYLISTS (playlist_id, user_id, title, description, date_created, image) VALUES (87, 32, 'My Turkish Folk Playlist 52', 'A collection of Rock tunes.', '2020-07-28', 'https://picsum.photos/id/380/180/180');
INSERT INTO PLAYLISTS (playlist_id, user_id, title, description, date_created, image) VALUES (88, 95, 'My Blues Playlist 97', 'A collection of Blues tunes.', '2021-12-02', 'https://picsum.photos/id/367/180/180');
INSERT INTO PLAYLISTS (playlist_id, user_id, title, description, date_created, image) VALUES (89, 87, 'My Turkish Psychedelic Playlist 49', 'A collection of Country tunes.', '2021-10-02', 'https://picsum.photos/id/327/180/180');
INSERT INTO PLAYLISTS (playlist_id, user_id, title, description, date_created, image) VALUES (90, 54, 'My Folk Playlist 53', 'A collection of Jazz tunes.', '2022-02-28', 'https://picsum.photos/id/327/180/180');
INSERT INTO PLAYLISTS (playlist_id, user_id, title, description, date_created, image) VALUES (91, 74, 'My Indie Playlist 32', 'A collection of Reggae tunes.', '2020-10-11', 'https://picsum.photos/id/307/180/180');
INSERT INTO PLAYLISTS (playlist_id, user_id, title, description, date_created, image) VALUES (92, 66, 'My Rock Playlist 24', 'A collection of Pop tunes.', '2021-10-17', 'https://picsum.photos/id/324/180/180');
INSERT INTO PLAYLISTS (playlist_id, user_id, title, description, date_created, image) VALUES (93, 78, 'My Turkish Folk Playlist 9', 'A collection of Turkish Rock tunes.', '2020-07-12', 'https://picsum.photos/id/337/180/180');
INSERT INTO PLAYLISTS (playlist_id, user_id, title, description, date_created, image) VALUES (94, 5, 'My Black Metal Playlist 23', 'A collection of Alternative tunes.', '2023-02-20', 'https://picsum.photos/id/350/180/180');
INSERT INTO PLAYLISTS (playlist_id, user_id, title, description, date_created, image) VALUES (95, 87, 'My Indie Playlist 59', 'A collection of Pop tunes.', '2023-10-31', 'https://picsum.photos/id/307/180/180');
INSERT INTO PLAYLISTS (playlist_id, user_id, title, description, date_created, image) VALUES (96, 72, 'My Country Playlist 11', 'A collection of Barok tunes.', '2022-07-17', 'https://picsum.photos/id/392/180/180');
INSERT INTO PLAYLISTS (playlist_id, user_id, title, description, date_created, image) VALUES (97, 31, 'My Rock Playlist 81', 'A collection of Rock tunes.', '2021-07-04', 'https://picsum.photos/id/338/180/180');
INSERT INTO PLAYLISTS (playlist_id, user_id, title, description, date_created, image) VALUES (98, 61, 'My Indie Playlist 33', 'A collection of Turkish Folk tunes.', '2022-09-12', 'https://picsum.photos/id/310/180/180');
INSERT INTO PLAYLISTS (playlist_id, user_id, title, description, date_created, image) VALUES (99, 8, 'My Turkish Rock Playlist 13', 'A collection of Black Metal tunes.', '2023-06-17', 'https://picsum.photos/id/314/180/180');
INSERT INTO PLAYLISTS (playlist_id, user_id, title, description, date_created, image) VALUES (100, 27, 'My Jazz Playlist 42', 'A collection of Turkish Rock tunes.', '2022-12-19', 'https://picsum.photos/id/387/180/180');
INSERT INTO PLAYLISTS (playlist_id, user_id, title, description, date_created, image) VALUES (101, 59, 'My Folk Playlist 90', 'A collection of Indie tunes.', '2020-08-17', 'https://picsum.photos/id/373/180/180');
INSERT INTO PLAYLISTS (playlist_id, user_id, title, description, date_created, image) VALUES (102, 93, 'My Turkish Rock Playlist 69', 'A collection of Pop tunes.', '2023-03-05', 'https://picsum.photos/id/330/180/180');
INSERT INTO PLAYLISTS (playlist_id, user_id, title, description, date_created, image) VALUES (103, 55, 'My Rock Playlist 39', 'A collection of Turkish Psychedelic tunes.', '2022-06-01', 'https://picsum.photos/id/334/180/180');
INSERT INTO PLAYLISTS (playlist_id, user_id, title, description, date_created, image) VALUES (104, 96, 'My Country Playlist 11', 'A collection of Gangsta Rap tunes.', '2020-04-26', 'https://picsum.photos/id/382/180/180');
INSERT INTO PLAYLISTS (playlist_id, user_id, title, description, date_created, image) VALUES (105, 88, 'My Country Playlist 43', 'A collection of Alternative tunes.', '2022-08-23', 'https://picsum.photos/id/333/180/180');
INSERT INTO PLAYLISTS (playlist_id, user_id, title, description, date_created, image) VALUES (106, 37, 'My Gangsta Rap Playlist 100', 'A collection of Alternative tunes.', '2021-04-09', 'https://picsum.photos/id/368/180/180');
INSERT INTO PLAYLISTS (playlist_id, user_id, title, description, date_created, image) VALUES (107, 66, 'My Pop Playlist 24', 'A collection of Barok tunes.', '2020-10-25', 'https://picsum.photos/id/341/180/180');
INSERT INTO PLAYLISTS (playlist_id, user_id, title, description, date_created, image) VALUES (108, 71, 'My Black Metal Playlist 44', 'A collection of Alternative tunes.', '2022-09-13', 'https://picsum.photos/id/327/180/180');
INSERT INTO PLAYLISTS (playlist_id, user_id, title, description, date_created, image) VALUES (109, 36, 'My Country Playlist 68', 'A collection of Pop tunes.', '2022-01-24', 'https://picsum.photos/id/335/180/180');
INSERT INTO PLAYLISTS (playlist_id, user_id, title, description, date_created, image) VALUES (110, 73, 'My Gangsta Rap Playlist 96', 'A collection of Black Metal tunes.', '2024-04-02', 'https://picsum.photos/id/306/180/180');
INSERT INTO PLAYLISTS (playlist_id, user_id, title, description, date_created, image) VALUES (111, 66, 'My Black Metal Playlist 14', 'A collection of Blues tunes.', '2021-07-22', 'https://picsum.photos/id/331/180/180');
INSERT INTO PLAYLISTS (playlist_id, user_id, title, description, date_created, image) VALUES (112, 5, 'My Reggae Playlist 39', 'A collection of Pop tunes.', '2021-11-13', 'https://picsum.photos/id/392/180/180');
INSERT INTO PLAYLISTS (playlist_id, user_id, title, description, date_created, image) VALUES (113, 77, 'My Pop Playlist 93', 'A collection of Pop tunes.', '2021-05-21', 'https://picsum.photos/id/399/180/180');
INSERT INTO PLAYLISTS (playlist_id, user_id, title, description, date_created, image) VALUES (114, 89, 'My Turkish Rock Playlist 40', 'A collection of Gangsta Rap tunes.', '2020-01-11', 'https://picsum.photos/id/318/180/180');
INSERT INTO PLAYLISTS (playlist_id, user_id, title, description, date_created, image) VALUES (115, 21, 'My Turkish Psychedelic Playlist 87', 'A collection of Turkish Rock tunes.', '2022-07-21', 'https://picsum.photos/id/364/180/180');
INSERT INTO PLAYLISTS (playlist_id, user_id, title, description, date_created, image) VALUES (116, 54, 'My Turkish Rock Playlist 66', 'A collection of Alternative tunes.', '2024-03-27', 'https://picsum.photos/id/333/180/180');
INSERT INTO PLAYLISTS (playlist_id, user_id, title, description, date_created, image) VALUES (117, 37, 'My Rock Playlist 79', 'A collection of Reggae tunes.', '2020-11-22', 'https://picsum.photos/id/351/180/180');
INSERT INTO PLAYLISTS (playlist_id, user_id, title, description, date_created, image) VALUES (118, 63, 'My Turkish Psychedelic Playlist 15', 'A collection of Jazz tunes.', '2023-03-06', 'https://picsum.photos/id/327/180/180');
INSERT INTO PLAYLISTS (playlist_id, user_id, title, description, date_created, image) VALUES (119, 83, 'My Jazz Playlist 73', 'A collection of Turkish Folk tunes.', '2022-10-18', 'https://picsum.photos/id/376/180/180');
INSERT INTO PLAYLISTS (playlist_id, user_id, title, description, date_created, image) VALUES (120, 56, 'My Jazz Playlist 24', 'A collection of Indie tunes.', '2023-11-07', 'https://picsum.photos/id/313/180/180');
INSERT INTO PLAYLISTS (playlist_id, user_id, title, description, date_created, image) VALUES (121, 91, 'My Gangsta Rap Playlist 27', 'A collection of Turkish Folk tunes.', '2024-01-17', 'https://picsum.photos/id/305/180/180');
INSERT INTO PLAYLISTS (playlist_id, user_id, title, description, date_created, image) VALUES (122, 53, 'My Rock Playlist 94', 'A collection of Alternative tunes.', '2023-07-20', 'https://picsum.photos/id/355/180/180');
INSERT INTO PLAYLISTS (playlist_id, user_id, title, description, date_created, image) VALUES (123, 23, 'My Blues Playlist 2', 'A collection of Alternative tunes.', '2020-12-08', 'https://picsum.photos/id/377/180/180');
INSERT INTO PLAYLISTS (playlist_id, user_id, title, description, date_created, image) VALUES (124, 61, 'My Turkish Folk Playlist 49', 'A collection of Folk tunes.', '2024-05-07', 'https://picsum.photos/id/305/180/180');
INSERT INTO PLAYLISTS (playlist_id, user_id, title, description, date_created, image) VALUES (125, 72, 'My Turkish Psychedelic Playlist 72', 'A collection of Blues tunes.', '2021-01-29', 'https://picsum.photos/id/370/180/180');
INSERT INTO PLAYLISTS (playlist_id, user_id, title, description, date_created, image) VALUES (126, 11, 'My Barok Playlist 37', 'A collection of Alternative tunes.', '2023-08-14', 'https://picsum.photos/id/364/180/180');
INSERT INTO PLAYLISTS (playlist_id, user_id, title, description, date_created, image) VALUES (127, 77, 'My Country Playlist 24', 'A collection of Black Metal tunes.', '2020-10-05', 'https://picsum.photos/id/350/180/180');
INSERT INTO PLAYLISTS (playlist_id, user_id, title, description, date_created, image) VALUES (128, 22, 'My Folk Playlist 13', 'A collection of Black Metal tunes.', '2021-04-10', 'https://picsum.photos/id/387/180/180');
INSERT INTO PLAYLISTS (playlist_id, user_id, title, description, date_created, image) VALUES (129, 87, 'My Indie Playlist 6', 'A collection of Barok tunes.', '2023-07-17', 'https://picsum.photos/id/367/180/180');
INSERT INTO PLAYLISTS (playlist_id, user_id, title, description, date_created, image) VALUES (130, 58, 'My Black Metal Playlist 74', 'A collection of Turkish Psychedelic tunes.', '2022-06-10', 'https://picsum.photos/id/327/180/180');
INSERT INTO PLAYLISTS (playlist_id, user_id, title, description, date_created, image) VALUES (131, 86, 'My Country Playlist 25', 'A collection of Country tunes.', '2022-05-02', 'https://picsum.photos/id/374/180/180');
INSERT INTO PLAYLISTS (playlist_id, user_id, title, description, date_created, image) VALUES (132, 41, 'My Alternative Playlist 48', 'A collection of Turkish Psychedelic tunes.', '2021-01-22', 'https://picsum.photos/id/364/180/180');
INSERT INTO PLAYLISTS (playlist_id, user_id, title, description, date_created, image) VALUES (133, 56, 'My Turkish Folk Playlist 39', 'A collection of Rock tunes.', '2022-10-06', 'https://picsum.photos/id/352/180/180');
INSERT INTO PLAYLISTS (playlist_id, user_id, title, description, date_created, image) VALUES (134, 7, 'My Turkish Psychedelic Playlist 6', 'A collection of Jazz tunes.', '2024-01-09', 'https://picsum.photos/id/360/180/180');
INSERT INTO PLAYLISTS (playlist_id, user_id, title, description, date_created, image) VALUES (135, 81, 'My Rock Playlist 53', 'A collection of Rock tunes.', '2021-10-31', 'https://picsum.photos/id/315/180/180');
INSERT INTO PLAYLISTS (playlist_id, user_id, title, description, date_created, image) VALUES (136, 91, 'My Folk Playlist 89', 'A collection of Barok tunes.', '2020-09-16', 'https://picsum.photos/id/387/180/180');
INSERT INTO PLAYLISTS (playlist_id, user_id, title, description, date_created, image) VALUES (137, 15, 'My Jazz Playlist 40', 'A collection of Alternative tunes.', '2020-09-13', 'https://picsum.photos/id/343/180/180');
INSERT INTO PLAYLISTS (playlist_id, user_id, title, description, date_created, image) VALUES (138, 20, 'My Barok Playlist 35', 'A collection of Jazz tunes.', '2023-06-03', 'https://picsum.photos/id/323/180/180');
INSERT INTO PLAYLISTS (playlist_id, user_id, title, description, date_created, image) VALUES (139, 61, 'My Alternative Playlist 36', 'A collection of Pop tunes.', '2024-03-13', 'https://picsum.photos/id/335/180/180');
INSERT INTO PLAYLISTS (playlist_id, user_id, title, description, date_created, image) VALUES (140, 66, 'My Turkish Folk Playlist 82', 'A collection of Rock tunes.', '2021-08-13', 'https://picsum.photos/id/389/180/180');
INSERT INTO PLAYLISTS (playlist_id, user_id, title, description, date_created, image) VALUES (141, 79, 'My Jazz Playlist 6', 'A collection of Blues tunes.', '2023-01-08', 'https://picsum.photos/id/363/180/180');
INSERT INTO PLAYLISTS (playlist_id, user_id, title, description, date_created, image) VALUES (142, 52, 'My Turkish Folk Playlist 49', 'A collection of Indie tunes.', '2020-10-13', 'https://picsum.photos/id/396/180/180');
INSERT INTO PLAYLISTS (playlist_id, user_id, title, description, date_created, image) VALUES (143, 36, 'My Jazz Playlist 46', 'A collection of Barok tunes.', '2020-05-22', 'https://picsum.photos/id/331/180/180');
INSERT INTO PLAYLISTS (playlist_id, user_id, title, description, date_created, image) VALUES (144, 64, 'My Jazz Playlist 7', 'A collection of Pop tunes.', '2021-02-08', 'https://picsum.photos/id/340/180/180');
INSERT INTO PLAYLISTS (playlist_id, user_id, title, description, date_created, image) VALUES (145, 90, 'My Rock Playlist 53', 'A collection of Turkish Folk tunes.', '2023-12-04', 'https://picsum.photos/id/366/180/180');
INSERT INTO PLAYLISTS (playlist_id, user_id, title, description, date_created, image) VALUES (146, 52, 'My Alternative Playlist 15', 'A collection of Pop tunes.', '2023-03-31', 'https://picsum.photos/id/344/180/180');
INSERT INTO PLAYLISTS (playlist_id, user_id, title, description, date_created, image) VALUES (147, 92, 'My Folk Playlist 31', 'A collection of Barok tunes.', '2020-05-03', 'https://picsum.photos/id/399/180/180');
INSERT INTO PLAYLISTS (playlist_id, user_id, title, description, date_created, image) VALUES (148, 58, 'My Barok Playlist 1', 'A collection of Pop tunes.', '2022-01-17', 'https://picsum.photos/id/337/180/180');
INSERT INTO PLAYLISTS (playlist_id, user_id, title, description, date_created, image) VALUES (149, 42, 'My Barok Playlist 10', 'A collection of Turkish Psychedelic tunes.', '2020-01-02', 'https://picsum.photos/id/380/180/180');
INSERT INTO PLAYLISTS (playlist_id, user_id, title, description, date_created, image) VALUES (150, 67, 'My Turkish Folk Playlist 54', 'A collection of Black Metal tunes.', '2022-04-26', 'https://picsum.photos/id/341/180/180');
INSERT INTO PLAYLISTS (playlist_id, user_id, title, description, date_created, image) VALUES (151, 77, 'My Gangsta Rap Playlist 47', 'A collection of Rock tunes.', '2021-05-30', 'https://picsum.photos/id/352/180/180');
INSERT INTO PLAYLISTS (playlist_id, user_id, title, description, date_created, image) VALUES (152, 29, 'My Gangsta Rap Playlist 9', 'A collection of Turkish Rock tunes.', '2022-12-04', 'https://picsum.photos/id/327/180/180');
INSERT INTO PLAYLISTS (playlist_id, user_id, title, description, date_created, image) VALUES (153, 100, 'My Turkish Rock Playlist 47', 'A collection of Blues tunes.', '2020-06-28', 'https://picsum.photos/id/382/180/180');
INSERT INTO PLAYLISTS (playlist_id, user_id, title, description, date_created, image) VALUES (154, 84, 'My Turkish Folk Playlist 16', 'A collection of Folk tunes.', '2020-01-09', 'https://picsum.photos/id/353/180/180');
INSERT INTO PLAYLISTS (playlist_id, user_id, title, description, date_created, image) VALUES (155, 26, 'My Turkish Rock Playlist 86', 'A collection of Jazz tunes.', '2021-03-15', 'https://picsum.photos/id/391/180/180');
INSERT INTO PLAYLISTS (playlist_id, user_id, title, description, date_created, image) VALUES (156, 3, 'My Folk Playlist 85', 'A collection of Indie tunes.', '2023-02-19', 'https://picsum.photos/id/321/180/180');
INSERT INTO PLAYLISTS (playlist_id, user_id, title, description, date_created, image) VALUES (157, 14, 'My Alternative Playlist 81', 'A collection of Turkish Psychedelic tunes.', '2023-11-01', 'https://picsum.photos/id/389/180/180');
INSERT INTO PLAYLISTS (playlist_id, user_id, title, description, date_created, image) VALUES (158, 8, 'My Reggae Playlist 21', 'A collection of Turkish Folk tunes.', '2022-12-21', 'https://picsum.photos/id/400/180/180');
INSERT INTO PLAYLISTS (playlist_id, user_id, title, description, date_created, image) VALUES (159, 21, 'My Black Metal Playlist 64', 'A collection of Rock tunes.', '2021-01-02', 'https://picsum.photos/id/313/180/180');
INSERT INTO PLAYLISTS (playlist_id, user_id, title, description, date_created, image) VALUES (160, 87, 'My Pop Playlist 56', 'A collection of Turkish Folk tunes.', '2020-06-30', 'https://picsum.photos/id/350/180/180');
INSERT INTO PLAYLISTS (playlist_id, user_id, title, description, date_created, image) VALUES (161, 10, 'My Jazz Playlist 77', 'A collection of Gangsta Rap tunes.', '2022-03-22', 'https://picsum.photos/id/306/180/180');
INSERT INTO PLAYLISTS (playlist_id, user_id, title, description, date_created, image) VALUES (162, 15, 'My Indie Playlist 30', 'A collection of Country tunes.', '2023-04-15', 'https://picsum.photos/id/351/180/180');
INSERT INTO PLAYLISTS (playlist_id, user_id, title, description, date_created, image) VALUES (163, 25, 'My Blues Playlist 59', 'A collection of Turkish Rock tunes.', '2022-10-26', 'https://picsum.photos/id/331/180/180');
INSERT INTO PLAYLISTS (playlist_id, user_id, title, description, date_created, image) VALUES (164, 6, 'My Turkish Rock Playlist 46', 'A collection of Turkish Folk tunes.', '2020-02-23', 'https://picsum.photos/id/352/180/180');
INSERT INTO PLAYLISTS (playlist_id, user_id, title, description, date_created, image) VALUES (165, 43, 'My Black Metal Playlist 29', 'A collection of Barok tunes.', '2020-08-06', 'https://picsum.photos/id/374/180/180');
INSERT INTO PLAYLISTS (playlist_id, user_id, title, description, date_created, image) VALUES (166, 35, 'My Barok Playlist 88', 'A collection of Indie tunes.', '2022-10-02', 'https://picsum.photos/id/399/180/180');
INSERT INTO PLAYLISTS (playlist_id, user_id, title, description, date_created, image) VALUES (167, 26, 'My Pop Playlist 11', 'A collection of Turkish Psychedelic tunes.', '2022-05-31', 'https://picsum.photos/id/376/180/180');
INSERT INTO PLAYLISTS (playlist_id, user_id, title, description, date_created, image) VALUES (168, 67, 'My Indie Playlist 25', 'A collection of Barok tunes.', '2022-06-03', 'https://picsum.photos/id/333/180/180');
INSERT INTO PLAYLISTS (playlist_id, user_id, title, description, date_created, image) VALUES (169, 59, 'My Folk Playlist 87', 'A collection of Rock tunes.', '2020-09-22', 'https://picsum.photos/id/396/180/180');
INSERT INTO PLAYLISTS (playlist_id, user_id, title, description, date_created, image) VALUES (170, 78, 'My Turkish Rock Playlist 86', 'A collection of Pop tunes.', '2023-05-16', 'https://picsum.photos/id/345/180/180');
INSERT INTO PLAYLISTS (playlist_id, user_id, title, description, date_created, image) VALUES (171, 24, 'My Gangsta Rap Playlist 92', 'A collection of Blues tunes.', '2020-07-20', 'https://picsum.photos/id/337/180/180');
INSERT INTO PLAYLISTS (playlist_id, user_id, title, description, date_created, image) VALUES (172, 23, 'My Folk Playlist 98', 'A collection of Country tunes.', '2021-08-03', 'https://picsum.photos/id/388/180/180');
INSERT INTO PLAYLISTS (playlist_id, user_id, title, description, date_created, image) VALUES (173, 74, 'My Country Playlist 88', 'A collection of Country tunes.', '2021-12-12', 'https://picsum.photos/id/304/180/180');
INSERT INTO PLAYLISTS (playlist_id, user_id, title, description, date_created, image) VALUES (174, 20, 'My Alternative Playlist 57', 'A collection of Folk tunes.', '2020-08-12', 'https://picsum.photos/id/363/180/180');
INSERT INTO PLAYLISTS (playlist_id, user_id, title, description, date_created, image) VALUES (175, 62, 'My Pop Playlist 14', 'A collection of Alternative tunes.', '2022-02-11', 'https://picsum.photos/id/321/180/180');
INSERT INTO PLAYLISTS (playlist_id, user_id, title, description, date_created, image) VALUES (176, 20, 'My Alternative Playlist 58', 'A collection of Barok tunes.', '2021-02-17', 'https://picsum.photos/id/331/180/180');
INSERT INTO PLAYLISTS (playlist_id, user_id, title, description, date_created, image) VALUES (177, 83, 'My Folk Playlist 95', 'A collection of Black Metal tunes.', '2022-05-23', 'https://picsum.photos/id/336/180/180');
INSERT INTO PLAYLISTS (playlist_id, user_id, title, description, date_created, image) VALUES (178, 45, 'My Black Metal Playlist 59', 'A collection of Turkish Rock tunes.', '2023-11-16', 'https://picsum.photos/id/372/180/180');
INSERT INTO PLAYLISTS (playlist_id, user_id, title, description, date_created, image) VALUES (179, 23, 'My Folk Playlist 14', 'A collection of Indie tunes.', '2020-08-31', 'https://picsum.photos/id/345/180/180');
INSERT INTO PLAYLISTS (playlist_id, user_id, title, description, date_created, image) VALUES (180, 39, 'My Folk Playlist 29', 'A collection of Alternative tunes.', '2022-05-10', 'https://picsum.photos/id/302/180/180');
INSERT INTO PLAYLISTS (playlist_id, user_id, title, description, date_created, image) VALUES (181, 56, 'My Turkish Rock Playlist 71', 'A collection of Folk tunes.', '2023-03-14', 'https://picsum.photos/id/343/180/180');
INSERT INTO PLAYLISTS (playlist_id, user_id, title, description, date_created, image) VALUES (182, 67, 'My Turkish Rock Playlist 62', 'A collection of Gangsta Rap tunes.', '2023-07-06', 'https://picsum.photos/id/346/180/180');
INSERT INTO PLAYLISTS (playlist_id, user_id, title, description, date_created, image) VALUES (183, 7, 'My Folk Playlist 72', 'A collection of Turkish Psychedelic tunes.', '2020-04-24', 'https://picsum.photos/id/362/180/180');
INSERT INTO PLAYLISTS (playlist_id, user_id, title, description, date_created, image) VALUES (184, 49, 'My Black Metal Playlist 45', 'A collection of Rock tunes.', '2021-02-19', 'https://picsum.photos/id/370/180/180');
INSERT INTO PLAYLISTS (playlist_id, user_id, title, description, date_created, image) VALUES (185, 5, 'My Rock Playlist 67', 'A collection of Gangsta Rap tunes.', '2023-09-08', 'https://picsum.photos/id/372/180/180');
INSERT INTO PLAYLISTS (playlist_id, user_id, title, description, date_created, image) VALUES (186, 33, 'My Rock Playlist 94', 'A collection of Jazz tunes.', '2023-03-23', 'https://picsum.photos/id/329/180/180');
INSERT INTO PLAYLISTS (playlist_id, user_id, title, description, date_created, image) VALUES (187, 75, 'My Country Playlist 85', 'A collection of Barok tunes.', '2021-11-28', 'https://picsum.photos/id/400/180/180');
INSERT INTO PLAYLISTS (playlist_id, user_id, title, description, date_created, image) VALUES (188, 41, 'My Country Playlist 44', 'A collection of Jazz tunes.', '2020-12-09', 'https://picsum.photos/id/386/180/180');
INSERT INTO PLAYLISTS (playlist_id, user_id, title, description, date_created, image) VALUES (189, 22, 'My Blues Playlist 75', 'A collection of Blues tunes.', '2024-05-07', 'https://picsum.photos/id/322/180/180');
INSERT INTO PLAYLISTS (playlist_id, user_id, title, description, date_created, image) VALUES (190, 10, 'My Blues Playlist 20', 'A collection of Alternative tunes.', '2024-02-07', 'https://picsum.photos/id/358/180/180');
INSERT INTO PLAYLISTS (playlist_id, user_id, title, description, date_created, image) VALUES (191, 28, 'My Turkish Folk Playlist 76', 'A collection of Turkish Rock tunes.', '2023-01-21', 'https://picsum.photos/id/338/180/180');
INSERT INTO PLAYLISTS (playlist_id, user_id, title, description, date_created, image) VALUES (192, 28, 'My Turkish Rock Playlist 57', 'A collection of Jazz tunes.', '2024-04-15', 'https://picsum.photos/id/305/180/180');
INSERT INTO PLAYLISTS (playlist_id, user_id, title, description, date_created, image) VALUES (193, 79, 'My Turkish Rock Playlist 69', 'A collection of Alternative tunes.', '2022-12-21', 'https://picsum.photos/id/397/180/180');
INSERT INTO PLAYLISTS (playlist_id, user_id, title, description, date_created, image) VALUES (194, 31, 'My Barok Playlist 51', 'A collection of Alternative tunes.', '2020-06-29', 'https://picsum.photos/id/385/180/180');
INSERT INTO PLAYLISTS (playlist_id, user_id, title, description, date_created, image) VALUES (195, 97, 'My Alternative Playlist 4', 'A collection of Reggae tunes.', '2020-06-06', 'https://picsum.photos/id/311/180/180');
INSERT INTO PLAYLISTS (playlist_id, user_id, title, description, date_created, image) VALUES (196, 12, 'My Rock Playlist 8', 'A collection of Turkish Psychedelic tunes.', '2021-09-29', 'https://picsum.photos/id/372/180/180');
INSERT INTO PLAYLISTS (playlist_id, user_id, title, description, date_created, image) VALUES (197, 26, 'My Gangsta Rap Playlist 47', 'A collection of Turkish Psychedelic tunes.', '2021-04-20', 'https://picsum.photos/id/322/180/180');
INSERT INTO PLAYLISTS (playlist_id, user_id, title, description, date_created, image) VALUES (198, 79, 'My Turkish Folk Playlist 93', 'A collection of Reggae tunes.', '2020-12-19', 'https://picsum.photos/id/302/180/180');
INSERT INTO PLAYLISTS (playlist_id, user_id, title, description, date_created, image) VALUES (199, 71, 'My Blues Playlist 29', 'A collection of Rock tunes.', '2022-11-09', 'https://picsum.photos/id/365/180/180');
INSERT INTO PLAYLISTS (playlist_id, user_id, title, description, date_created, image) VALUES (200, 25, 'My Black Metal Playlist 2', 'A collection of Gangsta Rap tunes.', '2022-08-19', 'https://picsum.photos/id/348/180/180');
INSERT INTO PLAYLISTS (playlist_id, user_id, title, description, date_created, image) VALUES (201, 14, 'My Pop Playlist 10', 'A collection of Country tunes.', '2020-03-19', 'https://picsum.photos/id/379/180/180');
INSERT INTO PLAYLISTS (playlist_id, user_id, title, description, date_created, image) VALUES (202, 72, 'My Alternative Playlist 40', 'A collection of Pop tunes.', '2023-11-07', 'https://picsum.photos/id/332/180/180');
INSERT INTO PLAYLISTS (playlist_id, user_id, title, description, date_created, image) VALUES (203, 55, 'My Jazz Playlist 3', 'A collection of Pop tunes.', '2022-10-24', 'https://picsum.photos/id/329/180/180');
INSERT INTO PLAYLISTS (playlist_id, user_id, title, description, date_created, image) VALUES (204, 71, 'My Turkish Psychedelic Playlist 98', 'A collection of Rock tunes.', '2024-03-13', 'https://picsum.photos/id/353/180/180');
INSERT INTO PLAYLISTS (playlist_id, user_id, title, description, date_created, image) VALUES (205, 47, 'My Folk Playlist 78', 'A collection of Pop tunes.', '2020-05-20', 'https://picsum.photos/id/333/180/180');
INSERT INTO PLAYLISTS (playlist_id, user_id, title, description, date_created, image) VALUES (206, 15, 'My Alternative Playlist 87', 'A collection of Turkish Psychedelic tunes.', '2022-06-28', 'https://picsum.photos/id/396/180/180');
INSERT INTO PLAYLISTS (playlist_id, user_id, title, description, date_created, image) VALUES (207, 100, 'My Folk Playlist 47', 'A collection of Indie tunes.', '2023-10-07', 'https://picsum.photos/id/392/180/180');
INSERT INTO PLAYLISTS (playlist_id, user_id, title, description, date_created, image) VALUES (208, 85, 'My Blues Playlist 62', 'A collection of Barok tunes.', '2022-12-09', 'https://picsum.photos/id/354/180/180');
INSERT INTO PLAYLISTS (playlist_id, user_id, title, description, date_created, image) VALUES (209, 2, 'My Folk Playlist 61', 'A collection of Turkish Rock tunes.', '2022-07-25', 'https://picsum.photos/id/400/180/180');
INSERT INTO PLAYLISTS (playlist_id, user_id, title, description, date_created, image) VALUES (210, 92, 'My Jazz Playlist 25', 'A collection of Pop tunes.', '2023-11-02', 'https://picsum.photos/id/311/180/180');
INSERT INTO PLAYLISTS (playlist_id, user_id, title, description, date_created, image) VALUES (211, 78, 'My Indie Playlist 14', 'A collection of Rock tunes.', '2022-11-13', 'https://picsum.photos/id/329/180/180');
INSERT INTO PLAYLISTS (playlist_id, user_id, title, description, date_created, image) VALUES (212, 25, 'My Alternative Playlist 19', 'A collection of Black Metal tunes.', '2020-10-30', 'https://picsum.photos/id/354/180/180');
INSERT INTO PLAYLISTS (playlist_id, user_id, title, description, date_created, image) VALUES (213, 83, 'My Rock Playlist 60', 'A collection of Jazz tunes.', '2020-07-31', 'https://picsum.photos/id/316/180/180');
INSERT INTO PLAYLISTS (playlist_id, user_id, title, description, date_created, image) VALUES (214, 48, 'My Turkish Rock Playlist 83', 'A collection of Jazz tunes.', '2022-03-24', 'https://picsum.photos/id/319/180/180');
INSERT INTO PLAYLISTS (playlist_id, user_id, title, description, date_created, image) VALUES (215, 66, 'My Blues Playlist 46', 'A collection of Black Metal tunes.', '2021-02-05', 'https://picsum.photos/id/397/180/180');
INSERT INTO PLAYLISTS (playlist_id, user_id, title, description, date_created, image) VALUES (216, 30, 'My Alternative Playlist 29', 'A collection of Jazz tunes.', '2023-07-06', 'https://picsum.photos/id/308/180/180');
INSERT INTO PLAYLISTS (playlist_id, user_id, title, description, date_created, image) VALUES (217, 11, 'My Country Playlist 17', 'A collection of Barok tunes.', '2021-03-28', 'https://picsum.photos/id/333/180/180');
INSERT INTO PLAYLISTS (playlist_id, user_id, title, description, date_created, image) VALUES (218, 55, 'My Pop Playlist 96', 'A collection of Turkish Rock tunes.', '2023-05-02', 'https://picsum.photos/id/392/180/180');
INSERT INTO PLAYLISTS (playlist_id, user_id, title, description, date_created, image) VALUES (219, 90, 'My Gangsta Rap Playlist 70', 'A collection of Pop tunes.', '2022-06-13', 'https://picsum.photos/id/341/180/180');
INSERT INTO PLAYLISTS (playlist_id, user_id, title, description, date_created, image) VALUES (220, 12, 'My Folk Playlist 71', 'A collection of Blues tunes.', '2023-01-25', 'https://picsum.photos/id/306/180/180');
INSERT INTO PLAYLISTS (playlist_id, user_id, title, description, date_created, image) VALUES (221, 28, 'My Turkish Psychedelic Playlist 97', 'A collection of Folk tunes.', '2021-02-05', 'https://picsum.photos/id/323/180/180');
INSERT INTO PLAYLISTS (playlist_id, user_id, title, description, date_created, image) VALUES (222, 67, 'My Jazz Playlist 10', 'A collection of Jazz tunes.', '2022-12-22', 'https://picsum.photos/id/362/180/180');
INSERT INTO PLAYLISTS (playlist_id, user_id, title, description, date_created, image) VALUES (223, 8, 'My Alternative Playlist 17', 'A collection of Pop tunes.', '2021-11-14', 'https://picsum.photos/id/313/180/180');
INSERT INTO PLAYLISTS (playlist_id, user_id, title, description, date_created, image) VALUES (224, 50, 'My Black Metal Playlist 45', 'A collection of Pop tunes.', '2022-01-03', 'https://picsum.photos/id/361/180/180');
INSERT INTO PLAYLISTS (playlist_id, user_id, title, description, date_created, image) VALUES (225, 49, 'My Turkish Rock Playlist 96', 'A collection of Rock tunes.', '2020-12-30', 'https://picsum.photos/id/318/180/180');
INSERT INTO PLAYLISTS (playlist_id, user_id, title, description, date_created, image) VALUES (226, 6, 'My Turkish Psychedelic Playlist 45', 'A collection of Turkish Psychedelic tunes.', '2020-05-18', 'https://picsum.photos/id/357/180/180');
INSERT INTO PLAYLISTS (playlist_id, user_id, title, description, date_created, image) VALUES (227, 71, 'My Turkish Rock Playlist 49', 'A collection of Black Metal tunes.', '2021-09-26', 'https://picsum.photos/id/378/180/180');
INSERT INTO PLAYLISTS (playlist_id, user_id, title, description, date_created, image) VALUES (228, 76, 'My Country Playlist 14', 'A collection of Turkish Rock tunes.', '2022-04-17', 'https://picsum.photos/id/368/180/180');
INSERT INTO PLAYLISTS (playlist_id, user_id, title, description, date_created, image) VALUES (229, 72, 'My Indie Playlist 94', 'A collection of Turkish Folk tunes.', '2023-10-09', 'https://picsum.photos/id/381/180/180');
INSERT INTO PLAYLISTS (playlist_id, user_id, title, description, date_created, image) VALUES (230, 94, 'My Turkish Psychedelic Playlist 55', 'A collection of Country tunes.', '2022-07-04', 'https://picsum.photos/id/396/180/180');
INSERT INTO PLAYLISTS (playlist_id, user_id, title, description, date_created, image) VALUES (231, 4, 'My Turkish Folk Playlist 98', 'A collection of Gangsta Rap tunes.', '2021-04-10', 'https://picsum.photos/id/317/180/180');
INSERT INTO PLAYLISTS (playlist_id, user_id, title, description, date_created, image) VALUES (232, 34, 'My Folk Playlist 23', 'A collection of Blues tunes.', '2022-05-25', 'https://picsum.photos/id/303/180/180');
INSERT INTO PLAYLISTS (playlist_id, user_id, title, description, date_created, image) VALUES (233, 73, 'My Alternative Playlist 24', 'A collection of Blues tunes.', '2021-02-15', 'https://picsum.photos/id/315/180/180');
INSERT INTO PLAYLISTS (playlist_id, user_id, title, description, date_created, image) VALUES (234, 94, 'My Pop Playlist 33', 'A collection of Turkish Rock tunes.', '2024-02-04', 'https://picsum.photos/id/344/180/180');
INSERT INTO PLAYLISTS (playlist_id, user_id, title, description, date_created, image) VALUES (235, 73, 'My Black Metal Playlist 99', 'A collection of Reggae tunes.', '2021-11-14', 'https://picsum.photos/id/390/180/180');
INSERT INTO PLAYLISTS (playlist_id, user_id, title, description, date_created, image) VALUES (236, 45, 'My Jazz Playlist 83', 'A collection of Alternative tunes.', '2020-08-03', 'https://picsum.photos/id/389/180/180');
INSERT INTO PLAYLISTS (playlist_id, user_id, title, description, date_created, image) VALUES (237, 70, 'My Jazz Playlist 76', 'A collection of Barok tunes.', '2022-08-22', 'https://picsum.photos/id/347/180/180');
INSERT INTO PLAYLISTS (playlist_id, user_id, title, description, date_created, image) VALUES (238, 97, 'My Barok Playlist 47', 'A collection of Folk tunes.', '2021-03-30', 'https://picsum.photos/id/304/180/180');
INSERT INTO PLAYLISTS (playlist_id, user_id, title, description, date_created, image) VALUES (239, 20, 'My Folk Playlist 8', 'A collection of Gangsta Rap tunes.', '2023-07-28', 'https://picsum.photos/id/334/180/180');
INSERT INTO PLAYLISTS (playlist_id, user_id, title, description, date_created, image) VALUES (240, 69, 'My Turkish Psychedelic Playlist 97', 'A collection of Jazz tunes.', '2020-11-05', 'https://picsum.photos/id/314/180/180');
INSERT INTO PLAYLISTS (playlist_id, user_id, title, description, date_created, image) VALUES (241, 47, 'My Turkish Psychedelic Playlist 85', 'A collection of Turkish Psychedelic tunes.', '2022-12-22', 'https://picsum.photos/id/361/180/180');
INSERT INTO PLAYLISTS (playlist_id, user_id, title, description, date_created, image) VALUES (242, 95, 'My Turkish Rock Playlist 53', 'A collection of Blues tunes.', '2020-01-06', 'https://picsum.photos/id/380/180/180');
INSERT INTO PLAYLISTS (playlist_id, user_id, title, description, date_created, image) VALUES (243, 52, 'My Turkish Rock Playlist 18', 'A collection of Jazz tunes.', '2020-08-02', 'https://picsum.photos/id/363/180/180');
INSERT INTO PLAYLISTS (playlist_id, user_id, title, description, date_created, image) VALUES (244, 17, 'My Black Metal Playlist 16', 'A collection of Turkish Folk tunes.', '2022-02-10', 'https://picsum.photos/id/316/180/180');
INSERT INTO PLAYLISTS (playlist_id, user_id, title, description, date_created, image) VALUES (245, 74, 'My Jazz Playlist 46', 'A collection of Turkish Rock tunes.', '2023-02-05', 'https://picsum.photos/id/400/180/180');
INSERT INTO PLAYLISTS (playlist_id, user_id, title, description, date_created, image) VALUES (246, 60, 'My Folk Playlist 66', 'A collection of Alternative tunes.', '2023-02-11', 'https://picsum.photos/id/306/180/180');
INSERT INTO PLAYLISTS (playlist_id, user_id, title, description, date_created, image) VALUES (247, 42, 'My Barok Playlist 55', 'A collection of Indie tunes.', '2022-08-24', 'https://picsum.photos/id/389/180/180');
INSERT INTO PLAYLISTS (playlist_id, user_id, title, description, date_created, image) VALUES (248, 41, 'My Country Playlist 9', 'A collection of Turkish Folk tunes.', '2023-01-04', 'https://picsum.photos/id/337/180/180');
INSERT INTO PLAYLISTS (playlist_id, user_id, title, description, date_created, image) VALUES (249, 9, 'My Turkish Psychedelic Playlist 87', 'A collection of Country tunes.', '2022-04-27', 'https://picsum.photos/id/328/180/180');
INSERT INTO PLAYLISTS (playlist_id, user_id, title, description, date_created, image) VALUES (250, 73, 'My Country Playlist 68', 'A collection of Country tunes.', '2023-11-25', 'https://picsum.photos/id/311/180/180');
INSERT INTO PLAYLISTS (playlist_id, user_id, title, description, date_created, image) VALUES (251, 53, 'My Alternative Playlist 55', 'A collection of Turkish Rock tunes.', '2023-02-12', 'https://picsum.photos/id/325/180/180');
INSERT INTO PLAYLISTS (playlist_id, user_id, title, description, date_created, image) VALUES (252, 58, 'My Blues Playlist 74', 'A collection of Alternative tunes.', '2022-01-21', 'https://picsum.photos/id/309/180/180');
INSERT INTO PLAYLISTS (playlist_id, user_id, title, description, date_created, image) VALUES (253, 86, 'My Turkish Rock Playlist 7', 'A collection of Indie tunes.', '2021-09-16', 'https://picsum.photos/id/368/180/180');
INSERT INTO PLAYLISTS (playlist_id, user_id, title, description, date_created, image) VALUES (254, 17, 'My Black Metal Playlist 22', 'A collection of Turkish Folk tunes.', '2020-12-07', 'https://picsum.photos/id/375/180/180');
INSERT INTO PLAYLISTS (playlist_id, user_id, title, description, date_created, image) VALUES (255, 91, 'My Turkish Folk Playlist 91', 'A collection of Turkish Psychedelic tunes.', '2022-06-02', 'https://picsum.photos/id/347/180/180');
INSERT INTO PLAYLISTS (playlist_id, user_id, title, description, date_created, image) VALUES (256, 55, 'My Rock Playlist 76', 'A collection of Turkish Psychedelic tunes.', '2021-03-01', 'https://picsum.photos/id/383/180/180');
INSERT INTO PLAYLISTS (playlist_id, user_id, title, description, date_created, image) VALUES (257, 75, 'My Barok Playlist 25', 'A collection of Black Metal tunes.', '2023-09-14', 'https://picsum.photos/id/321/180/180');
INSERT INTO PLAYLISTS (playlist_id, user_id, title, description, date_created, image) VALUES (258, 96, 'My Gangsta Rap Playlist 29', 'A collection of Turkish Rock tunes.', '2020-01-28', 'https://picsum.photos/id/343/180/180');
INSERT INTO PLAYLISTS (playlist_id, user_id, title, description, date_created, image) VALUES (259, 24, 'My Black Metal Playlist 51', 'A collection of Turkish Psychedelic tunes.', '2021-01-11', 'https://picsum.photos/id/385/180/180');
INSERT INTO PLAYLISTS (playlist_id, user_id, title, description, date_created, image) VALUES (260, 84, 'My Barok Playlist 70', 'A collection of Country tunes.', '2020-03-11', 'https://picsum.photos/id/335/180/180');
INSERT INTO PLAYLISTS (playlist_id, user_id, title, description, date_created, image) VALUES (261, 15, 'My Turkish Folk Playlist 7', 'A collection of Indie tunes.', '2024-04-03', 'https://picsum.photos/id/371/180/180');
INSERT INTO PLAYLISTS (playlist_id, user_id, title, description, date_created, image) VALUES (262, 81, 'My Black Metal Playlist 85', 'A collection of Country tunes.', '2022-11-07', 'https://picsum.photos/id/376/180/180');
INSERT INTO PLAYLISTS (playlist_id, user_id, title, description, date_created, image) VALUES (263, 12, 'My Folk Playlist 49', 'A collection of Barok tunes.', '2022-12-13', 'https://picsum.photos/id/373/180/180');
INSERT INTO PLAYLISTS (playlist_id, user_id, title, description, date_created, image) VALUES (264, 40, 'My Turkish Psychedelic Playlist 9', 'A collection of Country tunes.', '2022-09-10', 'https://picsum.photos/id/305/180/180');
INSERT INTO PLAYLISTS (playlist_id, user_id, title, description, date_created, image) VALUES (265, 31, 'My Turkish Rock Playlist 91', 'A collection of Jazz tunes.', '2022-03-25', 'https://picsum.photos/id/306/180/180');
INSERT INTO PLAYLISTS (playlist_id, user_id, title, description, date_created, image) VALUES (266, 82, 'My Alternative Playlist 39', 'A collection of Reggae tunes.', '2021-03-31', 'https://picsum.photos/id/358/180/180');
INSERT INTO PLAYLISTS (playlist_id, user_id, title, description, date_created, image) VALUES (267, 58, 'My Folk Playlist 62', 'A collection of Pop tunes.', '2021-08-31', 'https://picsum.photos/id/351/180/180');
INSERT INTO PLAYLISTS (playlist_id, user_id, title, description, date_created, image) VALUES (268, 50, 'My Blues Playlist 71', 'A collection of Folk tunes.', '2020-08-11', 'https://picsum.photos/id/309/180/180');
INSERT INTO PLAYLISTS (playlist_id, user_id, title, description, date_created, image) VALUES (269, 18, 'My Folk Playlist 79', 'A collection of Reggae tunes.', '2020-09-18', 'https://picsum.photos/id/400/180/180');
INSERT INTO PLAYLISTS (playlist_id, user_id, title, description, date_created, image) VALUES (270, 7, 'My Gangsta Rap Playlist 91', 'A collection of Country tunes.', '2024-04-17', 'https://picsum.photos/id/317/180/180');
INSERT INTO PLAYLISTS (playlist_id, user_id, title, description, date_created, image) VALUES (271, 52, 'My Turkish Folk Playlist 34', 'A collection of Country tunes.', '2022-09-16', 'https://picsum.photos/id/370/180/180');
INSERT INTO PLAYLISTS (playlist_id, user_id, title, description, date_created, image) VALUES (272, 15, 'My Barok Playlist 64', 'A collection of Pop tunes.', '2020-01-17', 'https://picsum.photos/id/332/180/180');
INSERT INTO PLAYLISTS (playlist_id, user_id, title, description, date_created, image) VALUES (273, 71, 'My Pop Playlist 13', 'A collection of Pop tunes.', '2023-12-29', 'https://picsum.photos/id/397/180/180');
INSERT INTO PLAYLISTS (playlist_id, user_id, title, description, date_created, image) VALUES (274, 81, 'My Turkish Rock Playlist 56', 'A collection of Folk tunes.', '2023-06-17', 'https://picsum.photos/id/374/180/180');
INSERT INTO PLAYLISTS (playlist_id, user_id, title, description, date_created, image) VALUES (275, 99, 'My Turkish Psychedelic Playlist 11', 'A collection of Rock tunes.', '2022-03-01', 'https://picsum.photos/id/350/180/180');
INSERT INTO PLAYLISTS (playlist_id, user_id, title, description, date_created, image) VALUES (276, 81, 'My Turkish Folk Playlist 25', 'A collection of Gangsta Rap tunes.', '2023-10-14', 'https://picsum.photos/id/365/180/180');
INSERT INTO PLAYLISTS (playlist_id, user_id, title, description, date_created, image) VALUES (277, 11, 'My Black Metal Playlist 73', 'A collection of Turkish Rock tunes.', '2024-04-06', 'https://picsum.photos/id/354/180/180');
INSERT INTO PLAYLISTS (playlist_id, user_id, title, description, date_created, image) VALUES (278, 48, 'My Pop Playlist 67', 'A collection of Folk tunes.', '2020-08-18', 'https://picsum.photos/id/326/180/180');
INSERT INTO PLAYLISTS (playlist_id, user_id, title, description, date_created, image) VALUES (279, 85, 'My Alternative Playlist 28', 'A collection of Turkish Folk tunes.', '2024-02-27', 'https://picsum.photos/id/365/180/180');
INSERT INTO PLAYLISTS (playlist_id, user_id, title, description, date_created, image) VALUES (280, 53, 'My Turkish Rock Playlist 44', 'A collection of Rock tunes.', '2023-12-21', 'https://picsum.photos/id/343/180/180');
INSERT INTO PLAYLISTS (playlist_id, user_id, title, description, date_created, image) VALUES (281, 10, 'My Blues Playlist 67', 'A collection of Black Metal tunes.', '2021-02-10', 'https://picsum.photos/id/379/180/180');
INSERT INTO PLAYLISTS (playlist_id, user_id, title, description, date_created, image) VALUES (282, 49, 'My Rock Playlist 21', 'A collection of Country tunes.', '2022-01-09', 'https://picsum.photos/id/306/180/180');
INSERT INTO PLAYLISTS (playlist_id, user_id, title, description, date_created, image) VALUES (283, 35, 'My Gangsta Rap Playlist 87', 'A collection of Reggae tunes.', '2021-03-11', 'https://picsum.photos/id/377/180/180');
INSERT INTO PLAYLISTS (playlist_id, user_id, title, description, date_created, image) VALUES (284, 17, 'My Alternative Playlist 61', 'A collection of Folk tunes.', '2023-11-28', 'https://picsum.photos/id/335/180/180');
INSERT INTO PLAYLISTS (playlist_id, user_id, title, description, date_created, image) VALUES (285, 27, 'My Blues Playlist 32', 'A collection of Black Metal tunes.', '2021-05-05', 'https://picsum.photos/id/312/180/180');
INSERT INTO PLAYLISTS (playlist_id, user_id, title, description, date_created, image) VALUES (286, 55, 'My Alternative Playlist 34', 'A collection of Jazz tunes.', '2021-01-14', 'https://picsum.photos/id/339/180/180');
INSERT INTO PLAYLISTS (playlist_id, user_id, title, description, date_created, image) VALUES (287, 13, 'My Alternative Playlist 56', 'A collection of Blues tunes.', '2024-03-30', 'https://picsum.photos/id/389/180/180');
INSERT INTO PLAYLISTS (playlist_id, user_id, title, description, date_created, image) VALUES (288, 98, 'My Gangsta Rap Playlist 45', 'A collection of Black Metal tunes.', '2023-01-11', 'https://picsum.photos/id/306/180/180');
INSERT INTO PLAYLISTS (playlist_id, user_id, title, description, date_created, image) VALUES (289, 69, 'My Turkish Rock Playlist 84', 'A collection of Turkish Folk tunes.', '2020-12-24', 'https://picsum.photos/id/341/180/180');
INSERT INTO PLAYLISTS (playlist_id, user_id, title, description, date_created, image) VALUES (290, 59, 'My Gangsta Rap Playlist 100', 'A collection of Folk tunes.', '2020-10-30', 'https://picsum.photos/id/395/180/180');
INSERT INTO PLAYLISTS (playlist_id, user_id, title, description, date_created, image) VALUES (291, 6, 'My Turkish Rock Playlist 25', 'A collection of Turkish Rock tunes.', '2023-01-12', 'https://picsum.photos/id/381/180/180');
INSERT INTO PLAYLISTS (playlist_id, user_id, title, description, date_created, image) VALUES (292, 5, 'My Alternative Playlist 67', 'A collection of Turkish Rock tunes.', '2020-12-01', 'https://picsum.photos/id/396/180/180');
INSERT INTO PLAYLISTS (playlist_id, user_id, title, description, date_created, image) VALUES (293, 14, 'My Blues Playlist 100', 'A collection of Reggae tunes.', '2022-05-01', 'https://picsum.photos/id/348/180/180');
INSERT INTO PLAYLISTS (playlist_id, user_id, title, description, date_created, image) VALUES (294, 79, 'My Indie Playlist 99', 'A collection of Reggae tunes.', '2020-09-17', 'https://picsum.photos/id/388/180/180');
INSERT INTO PLAYLISTS (playlist_id, user_id, title, description, date_created, image) VALUES (295, 85, 'My Gangsta Rap Playlist 34', 'A collection of Gangsta Rap tunes.', '2022-02-07', 'https://picsum.photos/id/320/180/180');
INSERT INTO PLAYLISTS (playlist_id, user_id, title, description, date_created, image) VALUES (296, 77, 'My Turkish Rock Playlist 7', 'A collection of Folk tunes.', '2024-01-18', 'https://picsum.photos/id/305/180/180');
INSERT INTO PLAYLISTS (playlist_id, user_id, title, description, date_created, image) VALUES (297, 3, 'My Alternative Playlist 13', 'A collection of Turkish Rock tunes.', '2023-09-12', 'https://picsum.photos/id/319/180/180');
INSERT INTO PLAYLISTS (playlist_id, user_id, title, description, date_created, image) VALUES (298, 38, 'My Alternative Playlist 16', 'A collection of Turkish Psychedelic tunes.', '2021-09-26', 'https://picsum.photos/id/315/180/180');
INSERT INTO PLAYLISTS (playlist_id, user_id, title, description, date_created, image) VALUES (299, 83, 'My Folk Playlist 31', 'A collection of Folk tunes.', '2021-06-02', 'https://picsum.photos/id/321/180/180');
INSERT INTO PLAYLISTS (playlist_id, user_id, title, description, date_created, image) VALUES (300, 84, 'My Gangsta Rap Playlist 70', 'A collection of Turkish Folk tunes.', '2023-03-09', 'https://picsum.photos/id/338/180/180');
INSERT INTO PLAYLISTS (playlist_id, user_id, title, description, date_created, image) VALUES (301, 83, 'My Turkish Rock Playlist 58', 'A collection of Folk tunes.', '2023-04-12', 'https://picsum.photos/id/396/180/180');
INSERT INTO PLAYLISTS (playlist_id, user_id, title, description, date_created, image) VALUES (302, 54, 'My Barok Playlist 55', 'A collection of Black Metal tunes.', '2020-02-15', 'https://picsum.photos/id/361/180/180');
INSERT INTO PLAYLISTS (playlist_id, user_id, title, description, date_created, image) VALUES (303, 54, 'My Indie Playlist 27', 'A collection of Black Metal tunes.', '2023-11-12', 'https://picsum.photos/id/389/180/180');
INSERT INTO PLAYLISTS (playlist_id, user_id, title, description, date_created, image) VALUES (304, 25, 'My Folk Playlist 49', 'A collection of Barok tunes.', '2021-10-04', 'https://picsum.photos/id/335/180/180');
INSERT INTO PLAYLISTS (playlist_id, user_id, title, description, date_created, image) VALUES (305, 96, 'My Alternative Playlist 27', 'A collection of Blues tunes.', '2020-01-18', 'https://picsum.photos/id/396/180/180');
INSERT INTO PLAYLISTS (playlist_id, user_id, title, description, date_created, image) VALUES (306, 71, 'My Turkish Psychedelic Playlist 25', 'A collection of Alternative tunes.', '2022-05-02', 'https://picsum.photos/id/380/180/180');
INSERT INTO PLAYLISTS (playlist_id, user_id, title, description, date_created, image) VALUES (307, 51, 'My Turkish Folk Playlist 63', 'A collection of Pop tunes.', '2022-04-28', 'https://picsum.photos/id/359/180/180');
INSERT INTO PLAYLISTS (playlist_id, user_id, title, description, date_created, image) VALUES (308, 63, 'My Blues Playlist 18', 'A collection of Indie tunes.', '2020-07-02', 'https://picsum.photos/id/339/180/180');
INSERT INTO PLAYLISTS (playlist_id, user_id, title, description, date_created, image) VALUES (309, 31, 'My Pop Playlist 69', 'A collection of Jazz tunes.', '2020-10-17', 'https://picsum.photos/id/307/180/180');
INSERT INTO PLAYLISTS (playlist_id, user_id, title, description, date_created, image) VALUES (310, 41, 'My Folk Playlist 90', 'A collection of Turkish Rock tunes.', '2020-03-20', 'https://picsum.photos/id/309/180/180');
INSERT INTO PLAYLISTS (playlist_id, user_id, title, description, date_created, image) VALUES (311, 5, 'My Rock Playlist 5', 'A collection of Turkish Folk tunes.', '2022-07-01', 'https://picsum.photos/id/325/180/180');
INSERT INTO PLAYLISTS (playlist_id, user_id, title, description, date_created, image) VALUES (312, 99, 'My Jazz Playlist 81', 'A collection of Turkish Folk tunes.', '2021-08-28', 'https://picsum.photos/id/382/180/180');
INSERT INTO PLAYLISTS (playlist_id, user_id, title, description, date_created, image) VALUES (313, 96, 'My Pop Playlist 82', 'A collection of Gangsta Rap tunes.', '2022-01-17', 'https://picsum.photos/id/380/180/180');
INSERT INTO PLAYLISTS (playlist_id, user_id, title, description, date_created, image) VALUES (314, 17, 'My Blues Playlist 69', 'A collection of Alternative tunes.', '2023-07-28', 'https://picsum.photos/id/314/180/180');
INSERT INTO PLAYLISTS (playlist_id, user_id, title, description, date_created, image) VALUES (315, 71, 'My Pop Playlist 51', 'A collection of Jazz tunes.', '2021-08-22', 'https://picsum.photos/id/327/180/180');
INSERT INTO PLAYLISTS (playlist_id, user_id, title, description, date_created, image) VALUES (316, 59, 'My Indie Playlist 15', 'A collection of Rock tunes.', '2023-08-10', 'https://picsum.photos/id/361/180/180');
INSERT INTO PLAYLISTS (playlist_id, user_id, title, description, date_created, image) VALUES (317, 10, 'My Turkish Folk Playlist 65', 'A collection of Barok tunes.', '2024-02-07', 'https://picsum.photos/id/365/180/180');
INSERT INTO PLAYLISTS (playlist_id, user_id, title, description, date_created, image) VALUES (318, 4, 'My Jazz Playlist 36', 'A collection of Rock tunes.', '2020-11-14', 'https://picsum.photos/id/325/180/180');
INSERT INTO PLAYLISTS (playlist_id, user_id, title, description, date_created, image) VALUES (319, 96, 'My Rock Playlist 99', 'A collection of Indie tunes.', '2022-03-02', 'https://picsum.photos/id/361/180/180');
INSERT INTO PLAYLISTS (playlist_id, user_id, title, description, date_created, image) VALUES (320, 55, 'My Turkish Psychedelic Playlist 19', 'A collection of Black Metal tunes.', '2024-03-02', 'https://picsum.photos/id/377/180/180');
INSERT INTO PLAYLISTS (playlist_id, user_id, title, description, date_created, image) VALUES (321, 22, 'My Pop Playlist 23', 'A collection of Indie tunes.', '2020-08-31', 'https://picsum.photos/id/391/180/180');
INSERT INTO PLAYLISTS (playlist_id, user_id, title, description, date_created, image) VALUES (322, 16, 'My Gangsta Rap Playlist 32', 'A collection of Gangsta Rap tunes.', '2022-03-03', 'https://picsum.photos/id/389/180/180');
INSERT INTO PLAYLISTS (playlist_id, user_id, title, description, date_created, image) VALUES (323, 93, 'My Blues Playlist 35', 'A collection of Turkish Folk tunes.', '2020-01-07', 'https://picsum.photos/id/378/180/180');
INSERT INTO PLAYLISTS (playlist_id, user_id, title, description, date_created, image) VALUES (324, 42, 'My Turkish Folk Playlist 70', 'A collection of Blues tunes.', '2020-01-10', 'https://picsum.photos/id/332/180/180');
INSERT INTO PLAYLISTS (playlist_id, user_id, title, description, date_created, image) VALUES (325, 71, 'My Country Playlist 97', 'A collection of Rock tunes.', '2024-03-07', 'https://picsum.photos/id/330/180/180');
INSERT INTO PLAYLISTS (playlist_id, user_id, title, description, date_created, image) VALUES (326, 30, 'My Reggae Playlist 1', 'A collection of Folk tunes.', '2020-12-27', 'https://picsum.photos/id/341/180/180');
INSERT INTO PLAYLISTS (playlist_id, user_id, title, description, date_created, image) VALUES (327, 1, 'My Rock Playlist 79', 'A collection of Barok tunes.', '2021-10-24', 'https://picsum.photos/id/322/180/180');
INSERT INTO PLAYLISTS (playlist_id, user_id, title, description, date_created, image) VALUES (328, 95, 'My Rock Playlist 4', 'A collection of Country tunes.', '2023-12-01', 'https://picsum.photos/id/307/180/180');
INSERT INTO PLAYLISTS (playlist_id, user_id, title, description, date_created, image) VALUES (329, 9, 'My Blues Playlist 80', 'A collection of Rock tunes.', '2023-12-21', 'https://picsum.photos/id/399/180/180');
INSERT INTO PLAYLISTS (playlist_id, user_id, title, description, date_created, image) VALUES (330, 7, 'My Folk Playlist 87', 'A collection of Indie tunes.', '2023-04-13', 'https://picsum.photos/id/387/180/180');
INSERT INTO PLAYLISTS (playlist_id, user_id, title, description, date_created, image) VALUES (331, 60, 'My Gangsta Rap Playlist 84', 'A collection of Folk tunes.', '2020-08-10', 'https://picsum.photos/id/372/180/180');
INSERT INTO PLAYLISTS (playlist_id, user_id, title, description, date_created, image) VALUES (332, 78, 'My Rock Playlist 37', 'A collection of Black Metal tunes.', '2022-08-01', 'https://picsum.photos/id/361/180/180');
INSERT INTO PLAYLISTS (playlist_id, user_id, title, description, date_created, image) VALUES (333, 79, 'My Barok Playlist 6', 'A collection of Country tunes.', '2024-05-11', 'https://picsum.photos/id/371/180/180');
INSERT INTO PLAYLISTS (playlist_id, user_id, title, description, date_created, image) VALUES (334, 69, 'My Alternative Playlist 30', 'A collection of Country tunes.', '2021-03-14', 'https://picsum.photos/id/328/180/180');
INSERT INTO PLAYLISTS (playlist_id, user_id, title, description, date_created, image) VALUES (335, 69, 'My Reggae Playlist 39', 'A collection of Turkish Rock tunes.', '2022-09-22', 'https://picsum.photos/id/362/180/180');
INSERT INTO PLAYLISTS (playlist_id, user_id, title, description, date_created, image) VALUES (336, 27, 'My Country Playlist 47', 'A collection of Folk tunes.', '2020-06-23', 'https://picsum.photos/id/346/180/180');
INSERT INTO PLAYLISTS (playlist_id, user_id, title, description, date_created, image) VALUES (337, 12, 'My Black Metal Playlist 12', 'A collection of Reggae tunes.', '2020-12-06', 'https://picsum.photos/id/394/180/180');
INSERT INTO PLAYLISTS (playlist_id, user_id, title, description, date_created, image) VALUES (338, 50, 'My Blues Playlist 20', 'A collection of Reggae tunes.', '2021-12-06', 'https://picsum.photos/id/396/180/180');
INSERT INTO PLAYLISTS (playlist_id, user_id, title, description, date_created, image) VALUES (339, 69, 'My Reggae Playlist 40', 'A collection of Gangsta Rap tunes.', '2020-01-29', 'https://picsum.photos/id/400/180/180');
INSERT INTO PLAYLISTS (playlist_id, user_id, title, description, date_created, image) VALUES (340, 94, 'My Folk Playlist 85', 'A collection of Rock tunes.', '2024-05-06', 'https://picsum.photos/id/324/180/180');
INSERT INTO PLAYLISTS (playlist_id, user_id, title, description, date_created, image) VALUES (341, 2, 'My Jazz Playlist 62', 'A collection of Alternative tunes.', '2023-09-08', 'https://picsum.photos/id/375/180/180');
INSERT INTO PLAYLISTS (playlist_id, user_id, title, description, date_created, image) VALUES (342, 80, 'My Gangsta Rap Playlist 49', 'A collection of Turkish Psychedelic tunes.', '2020-05-12', 'https://picsum.photos/id/377/180/180');
INSERT INTO PLAYLISTS (playlist_id, user_id, title, description, date_created, image) VALUES (343, 92, 'My Blues Playlist 70', 'A collection of Black Metal tunes.', '2023-09-16', 'https://picsum.photos/id/322/180/180');
INSERT INTO PLAYLISTS (playlist_id, user_id, title, description, date_created, image) VALUES (344, 66, 'My Jazz Playlist 31', 'A collection of Blues tunes.', '2023-03-16', 'https://picsum.photos/id/320/180/180');
INSERT INTO PLAYLISTS (playlist_id, user_id, title, description, date_created, image) VALUES (345, 47, 'My Black Metal Playlist 18', 'A collection of Turkish Psychedelic tunes.', '2020-02-01', 'https://picsum.photos/id/336/180/180');
INSERT INTO PLAYLISTS (playlist_id, user_id, title, description, date_created, image) VALUES (346, 94, 'My Gangsta Rap Playlist 72', 'A collection of Indie tunes.', '2023-08-27', 'https://picsum.photos/id/377/180/180');
INSERT INTO PLAYLISTS (playlist_id, user_id, title, description, date_created, image) VALUES (347, 97, 'My Rock Playlist 16', 'A collection of Pop tunes.', '2022-10-25', 'https://picsum.photos/id/339/180/180');
INSERT INTO PLAYLISTS (playlist_id, user_id, title, description, date_created, image) VALUES (348, 63, 'My Blues Playlist 40', 'A collection of Alternative tunes.', '2023-08-17', 'https://picsum.photos/id/305/180/180');
INSERT INTO PLAYLISTS (playlist_id, user_id, title, description, date_created, image) VALUES (349, 27, 'My Barok Playlist 6', 'A collection of Turkish Rock tunes.', '2020-05-28', 'https://picsum.photos/id/317/180/180');
INSERT INTO PLAYLISTS (playlist_id, user_id, title, description, date_created, image) VALUES (350, 83, 'My Gangsta Rap Playlist 76', 'A collection of Pop tunes.', '2023-08-26', 'https://picsum.photos/id/314/180/180');
INSERT INTO PLAYLISTS (playlist_id, user_id, title, description, date_created, image) VALUES (351, 88, 'My Black Metal Playlist 20', 'A collection of Turkish Rock tunes.', '2021-03-10', 'https://picsum.photos/id/317/180/180');
INSERT INTO PLAYLISTS (playlist_id, user_id, title, description, date_created, image) VALUES (352, 58, 'My Pop Playlist 42', 'A collection of Blues tunes.', '2021-04-11', 'https://picsum.photos/id/390/180/180');
INSERT INTO PLAYLISTS (playlist_id, user_id, title, description, date_created, image) VALUES (353, 4, 'My Gangsta Rap Playlist 52', 'A collection of Indie tunes.', '2022-12-09', 'https://picsum.photos/id/305/180/180');
INSERT INTO PLAYLISTS (playlist_id, user_id, title, description, date_created, image) VALUES (354, 15, 'My Turkish Folk Playlist 22', 'A collection of Alternative tunes.', '2023-10-28', 'https://picsum.photos/id/310/180/180');
INSERT INTO PLAYLISTS (playlist_id, user_id, title, description, date_created, image) VALUES (355, 6, 'My Indie Playlist 71', 'A collection of Black Metal tunes.', '2023-04-11', 'https://picsum.photos/id/314/180/180');
INSERT INTO PLAYLISTS (playlist_id, user_id, title, description, date_created, image) VALUES (356, 78, 'My Blues Playlist 11', 'A collection of Turkish Psychedelic tunes.', '2021-04-10', 'https://picsum.photos/id/325/180/180');
INSERT INTO PLAYLISTS (playlist_id, user_id, title, description, date_created, image) VALUES (357, 40, 'My Folk Playlist 51', 'A collection of Blues tunes.', '2024-04-02', 'https://picsum.photos/id/388/180/180');
INSERT INTO PLAYLISTS (playlist_id, user_id, title, description, date_created, image) VALUES (358, 10, 'My Pop Playlist 81', 'A collection of Black Metal tunes.', '2021-11-15', 'https://picsum.photos/id/311/180/180');
INSERT INTO PLAYLISTS (playlist_id, user_id, title, description, date_created, image) VALUES (359, 82, 'My Alternative Playlist 5', 'A collection of Black Metal tunes.', '2023-09-21', 'https://picsum.photos/id/379/180/180');
INSERT INTO PLAYLISTS (playlist_id, user_id, title, description, date_created, image) VALUES (360, 81, 'My Country Playlist 78', 'A collection of Rock tunes.', '2021-09-03', 'https://picsum.photos/id/301/180/180');
INSERT INTO PLAYLISTS (playlist_id, user_id, title, description, date_created, image) VALUES (361, 89, 'My Gangsta Rap Playlist 41', 'A collection of Black Metal tunes.', '2021-08-29', 'https://picsum.photos/id/344/180/180');
INSERT INTO PLAYLISTS (playlist_id, user_id, title, description, date_created, image) VALUES (362, 56, 'My Turkish Psychedelic Playlist 93', 'A collection of Black Metal tunes.', '2020-06-27', 'https://picsum.photos/id/369/180/180');
INSERT INTO PLAYLISTS (playlist_id, user_id, title, description, date_created, image) VALUES (363, 98, 'My Turkish Folk Playlist 4', 'A collection of Indie tunes.', '2022-07-28', 'https://picsum.photos/id/362/180/180');
INSERT INTO PLAYLISTS (playlist_id, user_id, title, description, date_created, image) VALUES (364, 70, 'My Folk Playlist 97', 'A collection of Indie tunes.', '2021-05-22', 'https://picsum.photos/id/376/180/180');
INSERT INTO PLAYLISTS (playlist_id, user_id, title, description, date_created, image) VALUES (365, 23, 'My Indie Playlist 55', 'A collection of Gangsta Rap tunes.', '2021-05-21', 'https://picsum.photos/id/381/180/180');
INSERT INTO PLAYLISTS (playlist_id, user_id, title, description, date_created, image) VALUES (366, 69, 'My Blues Playlist 68', 'A collection of Rock tunes.', '2023-10-17', 'https://picsum.photos/id/369/180/180');
INSERT INTO PLAYLISTS (playlist_id, user_id, title, description, date_created, image) VALUES (367, 59, 'My Turkish Rock Playlist 97', 'A collection of Barok tunes.', '2024-05-10', 'https://picsum.photos/id/315/180/180');
INSERT INTO PLAYLISTS (playlist_id, user_id, title, description, date_created, image) VALUES (368, 83, 'My Alternative Playlist 33', 'A collection of Gangsta Rap tunes.', '2022-05-16', 'https://picsum.photos/id/341/180/180');
INSERT INTO PLAYLISTS (playlist_id, user_id, title, description, date_created, image) VALUES (369, 30, 'My Pop Playlist 64', 'A collection of Blues tunes.', '2020-08-08', 'https://picsum.photos/id/315/180/180');
INSERT INTO PLAYLISTS (playlist_id, user_id, title, description, date_created, image) VALUES (370, 62, 'My Indie Playlist 52', 'A collection of Gangsta Rap tunes.', '2022-10-11', 'https://picsum.photos/id/319/180/180');
INSERT INTO PLAYLISTS (playlist_id, user_id, title, description, date_created, image) VALUES (371, 87, 'My Rock Playlist 27', 'A collection of Black Metal tunes.', '2021-01-14', 'https://picsum.photos/id/398/180/180');
INSERT INTO PLAYLISTS (playlist_id, user_id, title, description, date_created, image) VALUES (372, 68, 'My Jazz Playlist 84', 'A collection of Reggae tunes.', '2020-12-04', 'https://picsum.photos/id/311/180/180');
INSERT INTO PLAYLISTS (playlist_id, user_id, title, description, date_created, image) VALUES (373, 14, 'My Folk Playlist 50', 'A collection of Rock tunes.', '2020-04-27', 'https://picsum.photos/id/349/180/180');
INSERT INTO PLAYLISTS (playlist_id, user_id, title, description, date_created, image) VALUES (374, 11, 'My Blues Playlist 38', 'A collection of Country tunes.', '2021-11-18', 'https://picsum.photos/id/315/180/180');
INSERT INTO PLAYLISTS (playlist_id, user_id, title, description, date_created, image) VALUES (375, 97, 'My Rock Playlist 65', 'A collection of Turkish Folk tunes.', '2020-03-12', 'https://picsum.photos/id/319/180/180');
INSERT INTO PLAYLISTS (playlist_id, user_id, title, description, date_created, image) VALUES (376, 83, 'My Turkish Folk Playlist 58', 'A collection of Indie tunes.', '2021-04-19', 'https://picsum.photos/id/309/180/180');
INSERT INTO PLAYLISTS (playlist_id, user_id, title, description, date_created, image) VALUES (377, 4, 'My Turkish Psychedelic Playlist 19', 'A collection of Blues tunes.', '2024-02-14', 'https://picsum.photos/id/344/180/180');
INSERT INTO PLAYLISTS (playlist_id, user_id, title, description, date_created, image) VALUES (378, 87, 'My Indie Playlist 2', 'A collection of Turkish Psychedelic tunes.', '2024-01-06', 'https://picsum.photos/id/302/180/180');
INSERT INTO PLAYLISTS (playlist_id, user_id, title, description, date_created, image) VALUES (379, 80, 'My Black Metal Playlist 59', 'A collection of Alternative tunes.', '2022-11-08', 'https://picsum.photos/id/394/180/180');
INSERT INTO PLAYLISTS (playlist_id, user_id, title, description, date_created, image) VALUES (380, 64, 'My Gangsta Rap Playlist 97', 'A collection of Indie tunes.', '2022-01-14', 'https://picsum.photos/id/341/180/180');
INSERT INTO PLAYLISTS (playlist_id, user_id, title, description, date_created, image) VALUES (381, 53, 'My Turkish Psychedelic Playlist 75', 'A collection of Barok tunes.', '2020-11-25', 'https://picsum.photos/id/357/180/180');
INSERT INTO PLAYLISTS (playlist_id, user_id, title, description, date_created, image) VALUES (382, 87, 'My Jazz Playlist 82', 'A collection of Rock tunes.', '2023-01-26', 'https://picsum.photos/id/356/180/180');
INSERT INTO PLAYLISTS (playlist_id, user_id, title, description, date_created, image) VALUES (383, 8, 'My Turkish Rock Playlist 29', 'A collection of Rock tunes.', '2023-04-06', 'https://picsum.photos/id/367/180/180');
INSERT INTO PLAYLISTS (playlist_id, user_id, title, description, date_created, image) VALUES (384, 77, 'My Turkish Folk Playlist 88', 'A collection of Turkish Folk tunes.', '2023-09-03', 'https://picsum.photos/id/334/180/180');
INSERT INTO PLAYLISTS (playlist_id, user_id, title, description, date_created, image) VALUES (385, 83, 'My Jazz Playlist 29', 'A collection of Jazz tunes.', '2022-07-16', 'https://picsum.photos/id/362/180/180');
INSERT INTO PLAYLISTS (playlist_id, user_id, title, description, date_created, image) VALUES (386, 4, 'My Country Playlist 37', 'A collection of Country tunes.', '2022-01-14', 'https://picsum.photos/id/327/180/180');
INSERT INTO PLAYLISTS (playlist_id, user_id, title, description, date_created, image) VALUES (387, 14, 'My Folk Playlist 78', 'A collection of Blues tunes.', '2023-05-23', 'https://picsum.photos/id/360/180/180');
INSERT INTO PLAYLISTS (playlist_id, user_id, title, description, date_created, image) VALUES (388, 64, 'My Turkish Psychedelic Playlist 25', 'A collection of Blues tunes.', '2021-04-07', 'https://picsum.photos/id/358/180/180');
INSERT INTO PLAYLISTS (playlist_id, user_id, title, description, date_created, image) VALUES (389, 71, 'My Barok Playlist 52', 'A collection of Jazz tunes.', '2020-02-13', 'https://picsum.photos/id/343/180/180');
INSERT INTO PLAYLISTS (playlist_id, user_id, title, description, date_created, image) VALUES (390, 59, 'My Reggae Playlist 99', 'A collection of Turkish Psychedelic tunes.', '2020-06-01', 'https://picsum.photos/id/385/180/180');
INSERT INTO PLAYLISTS (playlist_id, user_id, title, description, date_created, image) VALUES (391, 67, 'My Alternative Playlist 100', 'A collection of Barok tunes.', '2024-02-18', 'https://picsum.photos/id/354/180/180');
INSERT INTO PLAYLISTS (playlist_id, user_id, title, description, date_created, image) VALUES (392, 98, 'My Blues Playlist 32', 'A collection of Reggae tunes.', '2020-01-19', 'https://picsum.photos/id/393/180/180');
INSERT INTO PLAYLISTS (playlist_id, user_id, title, description, date_created, image) VALUES (393, 13, 'My Turkish Folk Playlist 77', 'A collection of Turkish Folk tunes.', '2021-07-03', 'https://picsum.photos/id/339/180/180');
INSERT INTO PLAYLISTS (playlist_id, user_id, title, description, date_created, image) VALUES (394, 42, 'My Barok Playlist 11', 'A collection of Turkish Psychedelic tunes.', '2022-01-04', 'https://picsum.photos/id/351/180/180');
INSERT INTO PLAYLISTS (playlist_id, user_id, title, description, date_created, image) VALUES (395, 43, 'My Indie Playlist 14', 'A collection of Turkish Rock tunes.', '2022-04-10', 'https://picsum.photos/id/325/180/180');
INSERT INTO PLAYLISTS (playlist_id, user_id, title, description, date_created, image) VALUES (396, 43, 'My Indie Playlist 84', 'A collection of Folk tunes.', '2023-10-17', 'https://picsum.photos/id/358/180/180');
INSERT INTO PLAYLISTS (playlist_id, user_id, title, description, date_created, image) VALUES (397, 73, 'My Pop Playlist 76', 'A collection of Jazz tunes.', '2022-09-29', 'https://picsum.photos/id/331/180/180');
INSERT INTO PLAYLISTS (playlist_id, user_id, title, description, date_created, image) VALUES (398, 38, 'My Folk Playlist 66', 'A collection of Turkish Folk tunes.', '2023-08-28', 'https://picsum.photos/id/352/180/180');
INSERT INTO PLAYLISTS (playlist_id, user_id, title, description, date_created, image) VALUES (399, 58, 'My Gangsta Rap Playlist 39', 'A collection of Gangsta Rap tunes.', '2020-11-18', 'https://picsum.photos/id/319/180/180');
INSERT INTO PLAYLISTS (playlist_id, user_id, title, description, date_created, image) VALUES (400, 81, 'My Folk Playlist 56', 'A collection of Country tunes.', '2022-06-11', 'https://picsum.photos/id/302/180/180');
INSERT INTO PLAYLISTS (playlist_id, user_id, title, description, date_created, image) VALUES (401, 87, 'My Alternative Playlist 68', 'A collection of Turkish Psychedelic tunes.', '2022-07-31', 'https://picsum.photos/id/378/180/180');
INSERT INTO PLAYLISTS (playlist_id, user_id, title, description, date_created, image) VALUES (402, 16, 'My Barok Playlist 13', 'A collection of Turkish Folk tunes.', '2023-12-15', 'https://picsum.photos/id/330/180/180');
INSERT INTO PLAYLISTS (playlist_id, user_id, title, description, date_created, image) VALUES (403, 14, 'My Gangsta Rap Playlist 80', 'A collection of Black Metal tunes.', '2021-12-03', 'https://picsum.photos/id/326/180/180');
INSERT INTO PLAYLISTS (playlist_id, user_id, title, description, date_created, image) VALUES (404, 51, 'My Barok Playlist 44', 'A collection of Folk tunes.', '2020-02-01', 'https://picsum.photos/id/301/180/180');
INSERT INTO PLAYLISTS (playlist_id, user_id, title, description, date_created, image) VALUES (405, 81, 'My Blues Playlist 36', 'A collection of Folk tunes.', '2021-12-04', 'https://picsum.photos/id/353/180/180');
INSERT INTO PLAYLISTS (playlist_id, user_id, title, description, date_created, image) VALUES (406, 53, 'My Blues Playlist 18', 'A collection of Pop tunes.', '2020-10-13', 'https://picsum.photos/id/330/180/180');
INSERT INTO PLAYLISTS (playlist_id, user_id, title, description, date_created, image) VALUES (407, 86, 'My Barok Playlist 80', 'A collection of Folk tunes.', '2022-01-04', 'https://picsum.photos/id/388/180/180');
INSERT INTO PLAYLISTS (playlist_id, user_id, title, description, date_created, image) VALUES (408, 97, 'My Black Metal Playlist 58', 'A collection of Turkish Folk tunes.', '2022-12-31', 'https://picsum.photos/id/372/180/180');
INSERT INTO PLAYLISTS (playlist_id, user_id, title, description, date_created, image) VALUES (409, 45, 'My Country Playlist 67', 'A collection of Folk tunes.', '2020-07-29', 'https://picsum.photos/id/371/180/180');
INSERT INTO PLAYLISTS (playlist_id, user_id, title, description, date_created, image) VALUES (410, 45, 'My Turkish Psychedelic Playlist 51', 'A collection of Indie tunes.', '2024-03-29', 'https://picsum.photos/id/390/180/180');
INSERT INTO PLAYLISTS (playlist_id, user_id, title, description, date_created, image) VALUES (411, 34, 'My Pop Playlist 56', 'A collection of Blues tunes.', '2023-11-05', 'https://picsum.photos/id/367/180/180');
INSERT INTO PLAYLISTS (playlist_id, user_id, title, description, date_created, image) VALUES (412, 10, 'My Gangsta Rap Playlist 25', 'A collection of Folk tunes.', '2022-02-18', 'https://picsum.photos/id/309/180/180');
INSERT INTO PLAYLISTS (playlist_id, user_id, title, description, date_created, image) VALUES (413, 16, 'My Blues Playlist 40', 'A collection of Black Metal tunes.', '2022-01-02', 'https://picsum.photos/id/326/180/180');
INSERT INTO PLAYLISTS (playlist_id, user_id, title, description, date_created, image) VALUES (414, 85, 'My Country Playlist 74', 'A collection of Country tunes.', '2020-12-10', 'https://picsum.photos/id/337/180/180');
INSERT INTO PLAYLISTS (playlist_id, user_id, title, description, date_created, image) VALUES (415, 73, 'My Jazz Playlist 35', 'A collection of Reggae tunes.', '2023-03-03', 'https://picsum.photos/id/331/180/180');
INSERT INTO PLAYLISTS (playlist_id, user_id, title, description, date_created, image) VALUES (416, 34, 'My Turkish Folk Playlist 13', 'A collection of Reggae tunes.', '2024-02-09', 'https://picsum.photos/id/312/180/180');
INSERT INTO PLAYLISTS (playlist_id, user_id, title, description, date_created, image) VALUES (417, 46, 'My Barok Playlist 39', 'A collection of Rock tunes.', '2021-06-06', 'https://picsum.photos/id/339/180/180');
INSERT INTO PLAYLISTS (playlist_id, user_id, title, description, date_created, image) VALUES (418, 75, 'My Jazz Playlist 28', 'A collection of Reggae tunes.', '2021-02-05', 'https://picsum.photos/id/328/180/180');
INSERT INTO PLAYLISTS (playlist_id, user_id, title, description, date_created, image) VALUES (419, 75, 'My Blues Playlist 47', 'A collection of Country tunes.', '2022-04-22', 'https://picsum.photos/id/390/180/180');
INSERT INTO PLAYLISTS (playlist_id, user_id, title, description, date_created, image) VALUES (420, 21, 'My Turkish Psychedelic Playlist 15', 'A collection of Turkish Folk tunes.', '2020-10-05', 'https://picsum.photos/id/344/180/180');
INSERT INTO PLAYLISTS (playlist_id, user_id, title, description, date_created, image) VALUES (421, 94, 'My Jazz Playlist 9', 'A collection of Pop tunes.', '2020-11-26', 'https://picsum.photos/id/371/180/180');
INSERT INTO PLAYLISTS (playlist_id, user_id, title, description, date_created, image) VALUES (422, 10, 'My Jazz Playlist 93', 'A collection of Black Metal tunes.', '2020-04-05', 'https://picsum.photos/id/382/180/180');
INSERT INTO PLAYLISTS (playlist_id, user_id, title, description, date_created, image) VALUES (423, 39, 'My Reggae Playlist 4', 'A collection of Rock tunes.', '2024-05-06', 'https://picsum.photos/id/383/180/180');
INSERT INTO PLAYLISTS (playlist_id, user_id, title, description, date_created, image) VALUES (424, 63, 'My Folk Playlist 27', 'A collection of Turkish Psychedelic tunes.', '2023-11-12', 'https://picsum.photos/id/372/180/180');
INSERT INTO PLAYLISTS (playlist_id, user_id, title, description, date_created, image) VALUES (425, 100, 'My Barok Playlist 61', 'A collection of Barok tunes.', '2020-05-03', 'https://picsum.photos/id/312/180/180');
INSERT INTO PLAYLISTS (playlist_id, user_id, title, description, date_created, image) VALUES (426, 77, 'My Black Metal Playlist 65', 'A collection of Rock tunes.', '2020-04-27', 'https://picsum.photos/id/319/180/180');
INSERT INTO PLAYLISTS (playlist_id, user_id, title, description, date_created, image) VALUES (427, 22, 'My Black Metal Playlist 57', 'A collection of Black Metal tunes.', '2023-09-11', 'https://picsum.photos/id/305/180/180');
INSERT INTO PLAYLISTS (playlist_id, user_id, title, description, date_created, image) VALUES (428, 48, 'My Indie Playlist 47', 'A collection of Rock tunes.', '2020-09-08', 'https://picsum.photos/id/373/180/180');
INSERT INTO PLAYLISTS (playlist_id, user_id, title, description, date_created, image) VALUES (429, 83, 'My Folk Playlist 9', 'A collection of Rock tunes.', '2023-03-30', 'https://picsum.photos/id/329/180/180');
INSERT INTO PLAYLISTS (playlist_id, user_id, title, description, date_created, image) VALUES (430, 94, 'My Rock Playlist 53', 'A collection of Turkish Folk tunes.', '2022-06-25', 'https://picsum.photos/id/384/180/180');
INSERT INTO PLAYLISTS (playlist_id, user_id, title, description, date_created, image) VALUES (431, 67, 'My Black Metal Playlist 92', 'A collection of Turkish Folk tunes.', '2022-01-29', 'https://picsum.photos/id/341/180/180');
INSERT INTO PLAYLISTS (playlist_id, user_id, title, description, date_created, image) VALUES (432, 68, 'My Indie Playlist 21', 'A collection of Turkish Psychedelic tunes.', '2022-04-27', 'https://picsum.photos/id/380/180/180');
INSERT INTO PLAYLISTS (playlist_id, user_id, title, description, date_created, image) VALUES (433, 21, 'My Turkish Rock Playlist 98', 'A collection of Barok tunes.', '2023-01-26', 'https://picsum.photos/id/391/180/180');
INSERT INTO PLAYLISTS (playlist_id, user_id, title, description, date_created, image) VALUES (434, 48, 'My Pop Playlist 56', 'A collection of Pop tunes.', '2022-02-28', 'https://picsum.photos/id/304/180/180');
INSERT INTO PLAYLISTS (playlist_id, user_id, title, description, date_created, image) VALUES (435, 12, 'My Jazz Playlist 21', 'A collection of Country tunes.', '2020-12-15', 'https://picsum.photos/id/317/180/180');
INSERT INTO PLAYLISTS (playlist_id, user_id, title, description, date_created, image) VALUES (436, 75, 'My Pop Playlist 19', 'A collection of Reggae tunes.', '2022-07-22', 'https://picsum.photos/id/337/180/180');
INSERT INTO PLAYLISTS (playlist_id, user_id, title, description, date_created, image) VALUES (437, 35, 'My Reggae Playlist 87', 'A collection of Jazz tunes.', '2021-07-04', 'https://picsum.photos/id/371/180/180');
INSERT INTO PLAYLISTS (playlist_id, user_id, title, description, date_created, image) VALUES (438, 32, 'My Indie Playlist 21', 'A collection of Gangsta Rap tunes.', '2022-03-13', 'https://picsum.photos/id/335/180/180');
INSERT INTO PLAYLISTS (playlist_id, user_id, title, description, date_created, image) VALUES (439, 87, 'My Rock Playlist 40', 'A collection of Reggae tunes.', '2022-10-03', 'https://picsum.photos/id/329/180/180');
INSERT INTO PLAYLISTS (playlist_id, user_id, title, description, date_created, image) VALUES (440, 30, 'My Alternative Playlist 7', 'A collection of Indie tunes.', '2020-12-25', 'https://picsum.photos/id/358/180/180');
INSERT INTO PLAYLISTS (playlist_id, user_id, title, description, date_created, image) VALUES (441, 35, 'My Folk Playlist 12', 'A collection of Turkish Psychedelic tunes.', '2024-01-11', 'https://picsum.photos/id/360/180/180');
INSERT INTO PLAYLISTS (playlist_id, user_id, title, description, date_created, image) VALUES (442, 93, 'My Alternative Playlist 47', 'A collection of Turkish Rock tunes.', '2022-12-27', 'https://picsum.photos/id/311/180/180');
INSERT INTO PLAYLISTS (playlist_id, user_id, title, description, date_created, image) VALUES (443, 8, 'My Gangsta Rap Playlist 34', 'A collection of Turkish Rock tunes.', '2022-08-30', 'https://picsum.photos/id/366/180/180');
INSERT INTO PLAYLISTS (playlist_id, user_id, title, description, date_created, image) VALUES (444, 21, 'My Black Metal Playlist 61', 'A collection of Turkish Psychedelic tunes.', '2023-07-02', 'https://picsum.photos/id/350/180/180');
INSERT INTO PLAYLISTS (playlist_id, user_id, title, description, date_created, image) VALUES (445, 36, 'My Folk Playlist 84', 'A collection of Pop tunes.', '2021-01-28', 'https://picsum.photos/id/315/180/180');
INSERT INTO PLAYLISTS (playlist_id, user_id, title, description, date_created, image) VALUES (446, 9, 'My Jazz Playlist 31', 'A collection of Blues tunes.', '2022-05-12', 'https://picsum.photos/id/341/180/180');
INSERT INTO PLAYLISTS (playlist_id, user_id, title, description, date_created, image) VALUES (447, 80, 'My Turkish Psychedelic Playlist 65', 'A collection of Pop tunes.', '2023-01-23', 'https://picsum.photos/id/375/180/180');
INSERT INTO PLAYLISTS (playlist_id, user_id, title, description, date_created, image) VALUES (448, 55, 'My Barok Playlist 64', 'A collection of Black Metal tunes.', '2022-06-10', 'https://picsum.photos/id/388/180/180');
INSERT INTO PLAYLISTS (playlist_id, user_id, title, description, date_created, image) VALUES (449, 25, 'My Barok Playlist 62', 'A collection of Country tunes.', '2022-06-24', 'https://picsum.photos/id/309/180/180');
INSERT INTO PLAYLISTS (playlist_id, user_id, title, description, date_created, image) VALUES (450, 7, 'My Alternative Playlist 37', 'A collection of Barok tunes.', '2022-06-03', 'https://picsum.photos/id/340/180/180');
INSERT INTO PLAYLISTS (playlist_id, user_id, title, description, date_created, image) VALUES (451, 23, 'My Blues Playlist 70', 'A collection of Black Metal tunes.', '2022-05-28', 'https://picsum.photos/id/392/180/180');
INSERT INTO PLAYLISTS (playlist_id, user_id, title, description, date_created, image) VALUES (452, 16, 'My Turkish Rock Playlist 37', 'A collection of Reggae tunes.', '2022-04-04', 'https://picsum.photos/id/350/180/180');
INSERT INTO PLAYLISTS (playlist_id, user_id, title, description, date_created, image) VALUES (453, 35, 'My Alternative Playlist 83', 'A collection of Country tunes.', '2023-01-13', 'https://picsum.photos/id/315/180/180');
INSERT INTO PLAYLISTS (playlist_id, user_id, title, description, date_created, image) VALUES (454, 47, 'My Black Metal Playlist 28', 'A collection of Blues tunes.', '2021-11-07', 'https://picsum.photos/id/362/180/180');
INSERT INTO PLAYLISTS (playlist_id, user_id, title, description, date_created, image) VALUES (455, 82, 'My Turkish Rock Playlist 31', 'A collection of Blues tunes.', '2022-02-13', 'https://picsum.photos/id/316/180/180');
INSERT INTO PLAYLISTS (playlist_id, user_id, title, description, date_created, image) VALUES (456, 23, 'My Gangsta Rap Playlist 81', 'A collection of Jazz tunes.', '2023-08-05', 'https://picsum.photos/id/302/180/180');
INSERT INTO PLAYLISTS (playlist_id, user_id, title, description, date_created, image) VALUES (457, 80, 'My Black Metal Playlist 20', 'A collection of Indie tunes.', '2022-08-12', 'https://picsum.photos/id/367/180/180');
INSERT INTO PLAYLISTS (playlist_id, user_id, title, description, date_created, image) VALUES (458, 70, 'My Blues Playlist 55', 'A collection of Blues tunes.', '2022-10-21', 'https://picsum.photos/id/355/180/180');
INSERT INTO PLAYLISTS (playlist_id, user_id, title, description, date_created, image) VALUES (459, 72, 'My Turkish Folk Playlist 36', 'A collection of Turkish Psychedelic tunes.', '2021-10-09', 'https://picsum.photos/id/315/180/180');
INSERT INTO PLAYLISTS (playlist_id, user_id, title, description, date_created, image) VALUES (460, 3, 'My Turkish Folk Playlist 96', 'A collection of Barok tunes.', '2022-09-23', 'https://picsum.photos/id/318/180/180');
INSERT INTO PLAYLISTS (playlist_id, user_id, title, description, date_created, image) VALUES (461, 70, 'My Country Playlist 77', 'A collection of Turkish Folk tunes.', '2023-09-14', 'https://picsum.photos/id/391/180/180');
INSERT INTO PLAYLISTS (playlist_id, user_id, title, description, date_created, image) VALUES (462, 24, 'My Barok Playlist 46', 'A collection of Rock tunes.', '2023-04-26', 'https://picsum.photos/id/344/180/180');
INSERT INTO PLAYLISTS (playlist_id, user_id, title, description, date_created, image) VALUES (463, 86, 'My Gangsta Rap Playlist 89', 'A collection of Turkish Psychedelic tunes.', '2023-11-21', 'https://picsum.photos/id/313/180/180');
INSERT INTO PLAYLISTS (playlist_id, user_id, title, description, date_created, image) VALUES (464, 4, 'My Reggae Playlist 8', 'A collection of Black Metal tunes.', '2020-08-17', 'https://picsum.photos/id/318/180/180');
INSERT INTO PLAYLISTS (playlist_id, user_id, title, description, date_created, image) VALUES (465, 59, 'My Folk Playlist 86', 'A collection of Alternative tunes.', '2021-01-07', 'https://picsum.photos/id/372/180/180');
INSERT INTO PLAYLISTS (playlist_id, user_id, title, description, date_created, image) VALUES (466, 9, 'My Blues Playlist 5', 'A collection of Alternative tunes.', '2021-10-13', 'https://picsum.photos/id/388/180/180');
INSERT INTO PLAYLISTS (playlist_id, user_id, title, description, date_created, image) VALUES (467, 62, 'My Jazz Playlist 27', 'A collection of Alternative tunes.', '2022-08-05', 'https://picsum.photos/id/304/180/180');
INSERT INTO PLAYLISTS (playlist_id, user_id, title, description, date_created, image) VALUES (468, 52, 'My Pop Playlist 84', 'A collection of Indie tunes.', '2023-10-18', 'https://picsum.photos/id/328/180/180');
INSERT INTO PLAYLISTS (playlist_id, user_id, title, description, date_created, image) VALUES (469, 79, 'My Blues Playlist 93', 'A collection of Black Metal tunes.', '2023-10-22', 'https://picsum.photos/id/304/180/180');
INSERT INTO PLAYLISTS (playlist_id, user_id, title, description, date_created, image) VALUES (470, 89, 'My Rock Playlist 13', 'A collection of Blues tunes.', '2020-11-24', 'https://picsum.photos/id/356/180/180');
INSERT INTO PLAYLISTS (playlist_id, user_id, title, description, date_created, image) VALUES (471, 33, 'My Turkish Folk Playlist 94', 'A collection of Gangsta Rap tunes.', '2022-05-30', 'https://picsum.photos/id/315/180/180');
INSERT INTO PLAYLISTS (playlist_id, user_id, title, description, date_created, image) VALUES (472, 88, 'My Turkish Rock Playlist 79', 'A collection of Reggae tunes.', '2021-09-12', 'https://picsum.photos/id/349/180/180');
INSERT INTO PLAYLISTS (playlist_id, user_id, title, description, date_created, image) VALUES (473, 22, 'My Black Metal Playlist 84', 'A collection of Rock tunes.', '2021-11-05', 'https://picsum.photos/id/304/180/180');
INSERT INTO PLAYLISTS (playlist_id, user_id, title, description, date_created, image) VALUES (474, 71, 'My Turkish Folk Playlist 41', 'A collection of Turkish Rock tunes.', '2021-07-13', 'https://picsum.photos/id/325/180/180');
INSERT INTO PLAYLISTS (playlist_id, user_id, title, description, date_created, image) VALUES (475, 62, 'My Turkish Folk Playlist 5', 'A collection of Indie tunes.', '2021-11-25', 'https://picsum.photos/id/335/180/180');
INSERT INTO PLAYLISTS (playlist_id, user_id, title, description, date_created, image) VALUES (476, 75, 'My Alternative Playlist 87', 'A collection of Turkish Psychedelic tunes.', '2020-08-26', 'https://picsum.photos/id/307/180/180');
INSERT INTO PLAYLISTS (playlist_id, user_id, title, description, date_created, image) VALUES (477, 99, 'My Turkish Psychedelic Playlist 27', 'A collection of Reggae tunes.', '2023-09-12', 'https://picsum.photos/id/350/180/180');
INSERT INTO PLAYLISTS (playlist_id, user_id, title, description, date_created, image) VALUES (478, 20, 'My Turkish Psychedelic Playlist 13', 'A collection of Blues tunes.', '2021-01-11', 'https://picsum.photos/id/321/180/180');
INSERT INTO PLAYLISTS (playlist_id, user_id, title, description, date_created, image) VALUES (479, 78, 'My Gangsta Rap Playlist 72', 'A collection of Country tunes.', '2021-03-19', 'https://picsum.photos/id/396/180/180');
INSERT INTO PLAYLISTS (playlist_id, user_id, title, description, date_created, image) VALUES (480, 67, 'My Folk Playlist 94', 'A collection of Barok tunes.', '2022-10-18', 'https://picsum.photos/id/335/180/180');
INSERT INTO PLAYLISTS (playlist_id, user_id, title, description, date_created, image) VALUES (481, 5, 'My Country Playlist 63', 'A collection of Jazz tunes.', '2020-03-22', 'https://picsum.photos/id/396/180/180');
INSERT INTO PLAYLISTS (playlist_id, user_id, title, description, date_created, image) VALUES (482, 2, 'My Turkish Rock Playlist 27', 'A collection of Reggae tunes.', '2021-12-31', 'https://picsum.photos/id/393/180/180');
INSERT INTO PLAYLISTS (playlist_id, user_id, title, description, date_created, image) VALUES (483, 39, 'My Black Metal Playlist 58', 'A collection of Blues tunes.', '2022-10-17', 'https://picsum.photos/id/357/180/180');
INSERT INTO PLAYLISTS (playlist_id, user_id, title, description, date_created, image) VALUES (484, 68, 'My Rock Playlist 54', 'A collection of Turkish Rock tunes.', '2024-04-23', 'https://picsum.photos/id/314/180/180');
INSERT INTO PLAYLISTS (playlist_id, user_id, title, description, date_created, image) VALUES (485, 74, 'My Barok Playlist 81', 'A collection of Rock tunes.', '2020-01-25', 'https://picsum.photos/id/335/180/180');
INSERT INTO PLAYLISTS (playlist_id, user_id, title, description, date_created, image) VALUES (486, 17, 'My Indie Playlist 9', 'A collection of Turkish Rock tunes.', '2020-04-29', 'https://picsum.photos/id/366/180/180');
INSERT INTO PLAYLISTS (playlist_id, user_id, title, description, date_created, image) VALUES (487, 35, 'My Jazz Playlist 9', 'A collection of Turkish Psychedelic tunes.', '2022-09-02', 'https://picsum.photos/id/396/180/180');
INSERT INTO PLAYLISTS (playlist_id, user_id, title, description, date_created, image) VALUES (488, 25, 'My Barok Playlist 99', 'A collection of Alternative tunes.', '2024-05-18', 'https://picsum.photos/id/349/180/180');
INSERT INTO PLAYLISTS (playlist_id, user_id, title, description, date_created, image) VALUES (489, 30, 'My Gangsta Rap Playlist 74', 'A collection of Indie tunes.', '2020-02-02', 'https://picsum.photos/id/392/180/180');
INSERT INTO PLAYLISTS (playlist_id, user_id, title, description, date_created, image) VALUES (490, 35, 'My Country Playlist 86', 'A collection of Barok tunes.', '2023-05-30', 'https://picsum.photos/id/339/180/180');
INSERT INTO PLAYLISTS (playlist_id, user_id, title, description, date_created, image) VALUES (491, 82, 'My Rock Playlist 28', 'A collection of Indie tunes.', '2021-10-22', 'https://picsum.photos/id/357/180/180');
INSERT INTO PLAYLISTS (playlist_id, user_id, title, description, date_created, image) VALUES (492, 6, 'My Alternative Playlist 91', 'A collection of Indie tunes.', '2020-08-29', 'https://picsum.photos/id/351/180/180');
INSERT INTO PLAYLISTS (playlist_id, user_id, title, description, date_created, image) VALUES (493, 45, 'My Black Metal Playlist 91', 'A collection of Pop tunes.', '2022-02-02', 'https://picsum.photos/id/374/180/180');
INSERT INTO PLAYLISTS (playlist_id, user_id, title, description, date_created, image) VALUES (494, 97, 'My Reggae Playlist 21', 'A collection of Black Metal tunes.', '2023-06-24', 'https://picsum.photos/id/367/180/180');
INSERT INTO PLAYLISTS (playlist_id, user_id, title, description, date_created, image) VALUES (495, 24, 'My Pop Playlist 80', 'A collection of Barok tunes.', '2022-04-05', 'https://picsum.photos/id/333/180/180');
INSERT INTO PLAYLISTS (playlist_id, user_id, title, description, date_created, image) VALUES (496, 3, 'My Country Playlist 57', 'A collection of Reggae tunes.', '2021-03-29', 'https://picsum.photos/id/400/180/180');
INSERT INTO PLAYLISTS (playlist_id, user_id, title, description, date_created, image) VALUES (497, 14, 'My Black Metal Playlist 79', 'A collection of Reggae tunes.', '2020-06-19', 'https://picsum.photos/id/339/180/180');
INSERT INTO PLAYLISTS (playlist_id, user_id, title, description, date_created, image) VALUES (498, 90, 'My Country Playlist 34', 'A collection of Reggae tunes.', '2021-04-15', 'https://picsum.photos/id/369/180/180');
INSERT INTO PLAYLISTS (playlist_id, user_id, title, description, date_created, image) VALUES (499, 62, 'My Folk Playlist 76', 'A collection of Rock tunes.', '2021-10-22', 'https://picsum.photos/id/366/180/180');
INSERT INTO PLAYLISTS (playlist_id, user_id, title, description, date_created, image) VALUES (500, 20, 'My Indie Playlist 16', 'A collection of Indie tunes.', '2020-08-30', 'https://picsum.photos/id/337/180/180');

-- PLAYLIST_SONGS Data --
INSERT INTO PLAYLIST_SONGS (playlistsong_id, playlist_id, song_id, date_added) VALUES (1, 83, 392, '2024-04-17');
INSERT INTO PLAYLIST_SONGS (playlistsong_id, playlist_id, song_id, date_added) VALUES (2, 33, 664, '2024-04-29');
INSERT INTO PLAYLIST_SONGS (playlistsong_id, playlist_id, song_id, date_added) VALUES (3, 486, 323, '2024-02-23');
INSERT INTO PLAYLIST_SONGS (playlistsong_id, playlist_id, song_id, date_added) VALUES (4, 267, 673, '2023-12-31');
INSERT INTO PLAYLIST_SONGS (playlistsong_id, playlist_id, song_id, date_added) VALUES (5, 186, 719, '2023-08-27');
INSERT INTO PLAYLIST_SONGS (playlistsong_id, playlist_id, song_id, date_added) VALUES (6, 432, 602, '2023-07-21');
INSERT INTO PLAYLIST_SONGS (playlistsong_id, playlist_id, song_id, date_added) VALUES (7, 262, 50, '2023-04-06');
INSERT INTO PLAYLIST_SONGS (playlistsong_id, playlist_id, song_id, date_added) VALUES (8, 433, 789, '2023-09-20');
INSERT INTO PLAYLIST_SONGS (playlistsong_id, playlist_id, song_id, date_added) VALUES (9, 38, 222, '2023-02-22');
INSERT INTO PLAYLIST_SONGS (playlistsong_id, playlist_id, song_id, date_added) VALUES (10, 392, 243, '2024-01-13');
INSERT INTO PLAYLIST_SONGS (playlistsong_id, playlist_id, song_id, date_added) VALUES (11, 89, 507, '2024-01-25');
INSERT INTO PLAYLIST_SONGS (playlistsong_id, playlist_id, song_id, date_added) VALUES (12, 198, 831, '2023-10-12');
INSERT INTO PLAYLIST_SONGS (playlistsong_id, playlist_id, song_id, date_added) VALUES (13, 447, 624, '2023-10-09');
INSERT INTO PLAYLIST_SONGS (playlistsong_id, playlist_id, song_id, date_added) VALUES (14, 101, 219, '2023-05-01');
INSERT INTO PLAYLIST_SONGS (playlistsong_id, playlist_id, song_id, date_added) VALUES (15, 225, 95, '2023-05-26');
INSERT INTO PLAYLIST_SONGS (playlistsong_id, playlist_id, song_id, date_added) VALUES (16, 30, 144, '2023-07-10');
INSERT INTO PLAYLIST_SONGS (playlistsong_id, playlist_id, song_id, date_added) VALUES (17, 488, 345, '2024-05-12');
INSERT INTO PLAYLIST_SONGS (playlistsong_id, playlist_id, song_id, date_added) VALUES (18, 244, 182, '2023-11-28');
INSERT INTO PLAYLIST_SONGS (playlistsong_id, playlist_id, song_id, date_added) VALUES (19, 346, 995, '2023-10-09');
INSERT INTO PLAYLIST_SONGS (playlistsong_id, playlist_id, song_id, date_added) VALUES (20, 236, 330, '2023-01-04');
INSERT INTO PLAYLIST_SONGS (playlistsong_id, playlist_id, song_id, date_added) VALUES (21, 285, 581, '2024-01-06');
INSERT INTO PLAYLIST_SONGS (playlistsong_id, playlist_id, song_id, date_added) VALUES (22, 228, 651, '2023-07-02');
INSERT INTO PLAYLIST_SONGS (playlistsong_id, playlist_id, song_id, date_added) VALUES (23, 406, 862, '2024-03-17');
INSERT INTO PLAYLIST_SONGS (playlistsong_id, playlist_id, song_id, date_added) VALUES (24, 251, 922, '2023-06-03');
INSERT INTO PLAYLIST_SONGS (playlistsong_id, playlist_id, song_id, date_added) VALUES (25, 242, 677, '2023-04-26');
INSERT INTO PLAYLIST_SONGS (playlistsong_id, playlist_id, song_id, date_added) VALUES (26, 237, 31, '2024-01-31');
INSERT INTO PLAYLIST_SONGS (playlistsong_id, playlist_id, song_id, date_added) VALUES (27, 234, 326, '2023-08-31');
INSERT INTO PLAYLIST_SONGS (playlistsong_id, playlist_id, song_id, date_added) VALUES (28, 92, 474, '2024-03-29');
INSERT INTO PLAYLIST_SONGS (playlistsong_id, playlist_id, song_id, date_added) VALUES (29, 228, 189, '2023-01-15');
INSERT INTO PLAYLIST_SONGS (playlistsong_id, playlist_id, song_id, date_added) VALUES (30, 81, 307, '2023-04-17');
INSERT INTO PLAYLIST_SONGS (playlistsong_id, playlist_id, song_id, date_added) VALUES (31, 332, 743, '2023-05-13');
INSERT INTO PLAYLIST_SONGS (playlistsong_id, playlist_id, song_id, date_added) VALUES (32, 262, 290, '2023-12-20');
INSERT INTO PLAYLIST_SONGS (playlistsong_id, playlist_id, song_id, date_added) VALUES (33, 41, 166, '2024-04-28');
INSERT INTO PLAYLIST_SONGS (playlistsong_id, playlist_id, song_id, date_added) VALUES (34, 26, 954, '2023-05-02');
INSERT INTO PLAYLIST_SONGS (playlistsong_id, playlist_id, song_id, date_added) VALUES (35, 189, 823, '2023-05-05');
INSERT INTO PLAYLIST_SONGS (playlistsong_id, playlist_id, song_id, date_added) VALUES (36, 35, 799, '2023-02-10');
INSERT INTO PLAYLIST_SONGS (playlistsong_id, playlist_id, song_id, date_added) VALUES (37, 256, 441, '2023-10-13');
INSERT INTO PLAYLIST_SONGS (playlistsong_id, playlist_id, song_id, date_added) VALUES (38, 392, 379, '2023-04-21');
INSERT INTO PLAYLIST_SONGS (playlistsong_id, playlist_id, song_id, date_added) VALUES (39, 10, 50, '2023-12-30');
INSERT INTO PLAYLIST_SONGS (playlistsong_id, playlist_id, song_id, date_added) VALUES (40, 276, 107, '2023-12-09');
INSERT INTO PLAYLIST_SONGS (playlistsong_id, playlist_id, song_id, date_added) VALUES (41, 417, 332, '2024-02-01');
INSERT INTO PLAYLIST_SONGS (playlistsong_id, playlist_id, song_id, date_added) VALUES (42, 295, 811, '2023-10-06');
INSERT INTO PLAYLIST_SONGS (playlistsong_id, playlist_id, song_id, date_added) VALUES (43, 498, 187, '2023-12-28');
INSERT INTO PLAYLIST_SONGS (playlistsong_id, playlist_id, song_id, date_added) VALUES (44, 61, 493, '2023-04-03');
INSERT INTO PLAYLIST_SONGS (playlistsong_id, playlist_id, song_id, date_added) VALUES (45, 324, 430, '2023-08-19');
INSERT INTO PLAYLIST_SONGS (playlistsong_id, playlist_id, song_id, date_added) VALUES (46, 226, 761, '2023-04-12');
INSERT INTO PLAYLIST_SONGS (playlistsong_id, playlist_id, song_id, date_added) VALUES (47, 72, 700, '2024-01-27');
INSERT INTO PLAYLIST_SONGS (playlistsong_id, playlist_id, song_id, date_added) VALUES (48, 476, 794, '2024-05-09');
INSERT INTO PLAYLIST_SONGS (playlistsong_id, playlist_id, song_id, date_added) VALUES (49, 389, 183, '2024-05-12');
INSERT INTO PLAYLIST_SONGS (playlistsong_id, playlist_id, song_id, date_added) VALUES (50, 102, 271, '2023-04-12');
INSERT INTO PLAYLIST_SONGS (playlistsong_id, playlist_id, song_id, date_added) VALUES (51, 362, 516, '2023-08-11');
INSERT INTO PLAYLIST_SONGS (playlistsong_id, playlist_id, song_id, date_added) VALUES (52, 204, 420, '2023-03-07');
INSERT INTO PLAYLIST_SONGS (playlistsong_id, playlist_id, song_id, date_added) VALUES (53, 27, 984, '2023-10-01');
INSERT INTO PLAYLIST_SONGS (playlistsong_id, playlist_id, song_id, date_added) VALUES (54, 236, 547, '2023-12-28');
INSERT INTO PLAYLIST_SONGS (playlistsong_id, playlist_id, song_id, date_added) VALUES (55, 31, 158, '2024-02-20');
INSERT INTO PLAYLIST_SONGS (playlistsong_id, playlist_id, song_id, date_added) VALUES (56, 251, 202, '2023-11-05');
INSERT INTO PLAYLIST_SONGS (playlistsong_id, playlist_id, song_id, date_added) VALUES (57, 286, 604, '2023-08-07');
INSERT INTO PLAYLIST_SONGS (playlistsong_id, playlist_id, song_id, date_added) VALUES (58, 300, 557, '2024-01-19');
INSERT INTO PLAYLIST_SONGS (playlistsong_id, playlist_id, song_id, date_added) VALUES (59, 56, 448, '2024-04-11');
INSERT INTO PLAYLIST_SONGS (playlistsong_id, playlist_id, song_id, date_added) VALUES (60, 284, 134, '2023-05-27');
INSERT INTO PLAYLIST_SONGS (playlistsong_id, playlist_id, song_id, date_added) VALUES (61, 374, 660, '2023-05-10');
INSERT INTO PLAYLIST_SONGS (playlistsong_id, playlist_id, song_id, date_added) VALUES (62, 325, 637, '2024-05-16');
INSERT INTO PLAYLIST_SONGS (playlistsong_id, playlist_id, song_id, date_added) VALUES (63, 249, 796, '2023-09-07');
INSERT INTO PLAYLIST_SONGS (playlistsong_id, playlist_id, song_id, date_added) VALUES (64, 474, 120, '2024-01-28');
INSERT INTO PLAYLIST_SONGS (playlistsong_id, playlist_id, song_id, date_added) VALUES (65, 57, 69, '2023-08-24');
INSERT INTO PLAYLIST_SONGS (playlistsong_id, playlist_id, song_id, date_added) VALUES (66, 212, 79, '2023-05-19');
INSERT INTO PLAYLIST_SONGS (playlistsong_id, playlist_id, song_id, date_added) VALUES (67, 409, 820, '2023-06-23');
INSERT INTO PLAYLIST_SONGS (playlistsong_id, playlist_id, song_id, date_added) VALUES (68, 219, 968, '2023-03-10');
INSERT INTO PLAYLIST_SONGS (playlistsong_id, playlist_id, song_id, date_added) VALUES (69, 54, 786, '2023-06-14');
INSERT INTO PLAYLIST_SONGS (playlistsong_id, playlist_id, song_id, date_added) VALUES (70, 450, 796, '2024-03-04');
INSERT INTO PLAYLIST_SONGS (playlistsong_id, playlist_id, song_id, date_added) VALUES (71, 206, 566, '2024-05-01');
INSERT INTO PLAYLIST_SONGS (playlistsong_id, playlist_id, song_id, date_added) VALUES (72, 169, 66, '2024-03-17');
INSERT INTO PLAYLIST_SONGS (playlistsong_id, playlist_id, song_id, date_added) VALUES (73, 158, 280, '2023-05-13');
INSERT INTO PLAYLIST_SONGS (playlistsong_id, playlist_id, song_id, date_added) VALUES (74, 251, 274, '2024-03-01');
INSERT INTO PLAYLIST_SONGS (playlistsong_id, playlist_id, song_id, date_added) VALUES (75, 121, 246, '2023-06-07');
INSERT INTO PLAYLIST_SONGS (playlistsong_id, playlist_id, song_id, date_added) VALUES (76, 69, 642, '2023-02-07');
INSERT INTO PLAYLIST_SONGS (playlistsong_id, playlist_id, song_id, date_added) VALUES (77, 177, 569, '2023-02-01');
INSERT INTO PLAYLIST_SONGS (playlistsong_id, playlist_id, song_id, date_added) VALUES (78, 141, 887, '2023-07-25');
INSERT INTO PLAYLIST_SONGS (playlistsong_id, playlist_id, song_id, date_added) VALUES (79, 153, 482, '2023-01-07');
INSERT INTO PLAYLIST_SONGS (playlistsong_id, playlist_id, song_id, date_added) VALUES (80, 499, 939, '2023-11-19');
INSERT INTO PLAYLIST_SONGS (playlistsong_id, playlist_id, song_id, date_added) VALUES (81, 329, 70, '2024-04-15');
INSERT INTO PLAYLIST_SONGS (playlistsong_id, playlist_id, song_id, date_added) VALUES (82, 269, 200, '2023-06-18');
INSERT INTO PLAYLIST_SONGS (playlistsong_id, playlist_id, song_id, date_added) VALUES (83, 496, 252, '2023-07-30');
INSERT INTO PLAYLIST_SONGS (playlistsong_id, playlist_id, song_id, date_added) VALUES (84, 230, 730, '2023-11-07');
INSERT INTO PLAYLIST_SONGS (playlistsong_id, playlist_id, song_id, date_added) VALUES (85, 296, 93, '2023-04-28');
INSERT INTO PLAYLIST_SONGS (playlistsong_id, playlist_id, song_id, date_added) VALUES (86, 270, 140, '2023-07-12');
INSERT INTO PLAYLIST_SONGS (playlistsong_id, playlist_id, song_id, date_added) VALUES (87, 497, 278, '2023-06-09');
INSERT INTO PLAYLIST_SONGS (playlistsong_id, playlist_id, song_id, date_added) VALUES (88, 252, 13, '2023-09-02');
INSERT INTO PLAYLIST_SONGS (playlistsong_id, playlist_id, song_id, date_added) VALUES (89, 53, 604, '2023-08-18');
INSERT INTO PLAYLIST_SONGS (playlistsong_id, playlist_id, song_id, date_added) VALUES (90, 57, 249, '2023-08-30');
INSERT INTO PLAYLIST_SONGS (playlistsong_id, playlist_id, song_id, date_added) VALUES (91, 131, 515, '2023-07-05');
INSERT INTO PLAYLIST_SONGS (playlistsong_id, playlist_id, song_id, date_added) VALUES (92, 226, 114, '2024-03-22');
INSERT INTO PLAYLIST_SONGS (playlistsong_id, playlist_id, song_id, date_added) VALUES (93, 416, 948, '2023-05-23');
INSERT INTO PLAYLIST_SONGS (playlistsong_id, playlist_id, song_id, date_added) VALUES (94, 75, 123, '2023-12-08');
INSERT INTO PLAYLIST_SONGS (playlistsong_id, playlist_id, song_id, date_added) VALUES (95, 230, 852, '2023-06-21');
INSERT INTO PLAYLIST_SONGS (playlistsong_id, playlist_id, song_id, date_added) VALUES (96, 458, 603, '2023-04-13');
INSERT INTO PLAYLIST_SONGS (playlistsong_id, playlist_id, song_id, date_added) VALUES (97, 21, 935, '2023-06-26');
INSERT INTO PLAYLIST_SONGS (playlistsong_id, playlist_id, song_id, date_added) VALUES (98, 300, 95, '2023-01-24');
INSERT INTO PLAYLIST_SONGS (playlistsong_id, playlist_id, song_id, date_added) VALUES (99, 133, 352, '2023-08-02');
INSERT INTO PLAYLIST_SONGS (playlistsong_id, playlist_id, song_id, date_added) VALUES (100, 423, 290, '2024-01-28');
INSERT INTO PLAYLIST_SONGS (playlistsong_id, playlist_id, song_id, date_added) VALUES (101, 251, 814, '2024-02-02');
INSERT INTO PLAYLIST_SONGS (playlistsong_id, playlist_id, song_id, date_added) VALUES (102, 248, 296, '2023-03-09');
INSERT INTO PLAYLIST_SONGS (playlistsong_id, playlist_id, song_id, date_added) VALUES (103, 5, 176, '2023-01-15');
INSERT INTO PLAYLIST_SONGS (playlistsong_id, playlist_id, song_id, date_added) VALUES (104, 72, 875, '2023-01-19');
INSERT INTO PLAYLIST_SONGS (playlistsong_id, playlist_id, song_id, date_added) VALUES (105, 138, 276, '2024-04-24');
INSERT INTO PLAYLIST_SONGS (playlistsong_id, playlist_id, song_id, date_added) VALUES (106, 280, 149, '2023-07-29');
INSERT INTO PLAYLIST_SONGS (playlistsong_id, playlist_id, song_id, date_added) VALUES (107, 271, 601, '2024-02-05');
INSERT INTO PLAYLIST_SONGS (playlistsong_id, playlist_id, song_id, date_added) VALUES (108, 426, 712, '2023-04-26');
INSERT INTO PLAYLIST_SONGS (playlistsong_id, playlist_id, song_id, date_added) VALUES (109, 154, 66, '2023-10-07');
INSERT INTO PLAYLIST_SONGS (playlistsong_id, playlist_id, song_id, date_added) VALUES (110, 52, 977, '2023-04-12');
INSERT INTO PLAYLIST_SONGS (playlistsong_id, playlist_id, song_id, date_added) VALUES (111, 407, 254, '2023-03-29');
INSERT INTO PLAYLIST_SONGS (playlistsong_id, playlist_id, song_id, date_added) VALUES (112, 116, 900, '2023-12-29');
INSERT INTO PLAYLIST_SONGS (playlistsong_id, playlist_id, song_id, date_added) VALUES (113, 122, 24, '2023-09-17');
INSERT INTO PLAYLIST_SONGS (playlistsong_id, playlist_id, song_id, date_added) VALUES (114, 157, 18, '2023-11-18');
INSERT INTO PLAYLIST_SONGS (playlistsong_id, playlist_id, song_id, date_added) VALUES (115, 494, 43, '2023-12-15');
INSERT INTO PLAYLIST_SONGS (playlistsong_id, playlist_id, song_id, date_added) VALUES (116, 253, 225, '2023-07-25');
INSERT INTO PLAYLIST_SONGS (playlistsong_id, playlist_id, song_id, date_added) VALUES (117, 325, 307, '2023-03-11');
INSERT INTO PLAYLIST_SONGS (playlistsong_id, playlist_id, song_id, date_added) VALUES (118, 281, 107, '2023-06-01');
INSERT INTO PLAYLIST_SONGS (playlistsong_id, playlist_id, song_id, date_added) VALUES (119, 117, 452, '2023-07-02');
INSERT INTO PLAYLIST_SONGS (playlistsong_id, playlist_id, song_id, date_added) VALUES (120, 252, 179, '2024-02-06');
INSERT INTO PLAYLIST_SONGS (playlistsong_id, playlist_id, song_id, date_added) VALUES (121, 322, 651, '2023-09-26');
INSERT INTO PLAYLIST_SONGS (playlistsong_id, playlist_id, song_id, date_added) VALUES (122, 231, 28, '2023-12-27');
INSERT INTO PLAYLIST_SONGS (playlistsong_id, playlist_id, song_id, date_added) VALUES (123, 209, 951, '2023-07-04');
INSERT INTO PLAYLIST_SONGS (playlistsong_id, playlist_id, song_id, date_added) VALUES (124, 28, 313, '2023-11-02');
INSERT INTO PLAYLIST_SONGS (playlistsong_id, playlist_id, song_id, date_added) VALUES (125, 473, 100, '2023-01-06');
INSERT INTO PLAYLIST_SONGS (playlistsong_id, playlist_id, song_id, date_added) VALUES (126, 87, 303, '2023-12-23');
INSERT INTO PLAYLIST_SONGS (playlistsong_id, playlist_id, song_id, date_added) VALUES (127, 355, 3, '2023-11-30');
INSERT INTO PLAYLIST_SONGS (playlistsong_id, playlist_id, song_id, date_added) VALUES (128, 194, 650, '2024-02-12');
INSERT INTO PLAYLIST_SONGS (playlistsong_id, playlist_id, song_id, date_added) VALUES (129, 81, 291, '2023-08-14');
INSERT INTO PLAYLIST_SONGS (playlistsong_id, playlist_id, song_id, date_added) VALUES (130, 348, 931, '2024-03-22');
INSERT INTO PLAYLIST_SONGS (playlistsong_id, playlist_id, song_id, date_added) VALUES (131, 259, 223, '2023-10-16');
INSERT INTO PLAYLIST_SONGS (playlistsong_id, playlist_id, song_id, date_added) VALUES (132, 172, 186, '2023-02-25');
INSERT INTO PLAYLIST_SONGS (playlistsong_id, playlist_id, song_id, date_added) VALUES (133, 195, 380, '2023-11-15');
INSERT INTO PLAYLIST_SONGS (playlistsong_id, playlist_id, song_id, date_added) VALUES (134, 254, 969, '2023-09-18');
INSERT INTO PLAYLIST_SONGS (playlistsong_id, playlist_id, song_id, date_added) VALUES (135, 118, 230, '2023-05-31');
INSERT INTO PLAYLIST_SONGS (playlistsong_id, playlist_id, song_id, date_added) VALUES (136, 80, 330, '2023-11-20');
INSERT INTO PLAYLIST_SONGS (playlistsong_id, playlist_id, song_id, date_added) VALUES (137, 141, 488, '2023-07-26');
INSERT INTO PLAYLIST_SONGS (playlistsong_id, playlist_id, song_id, date_added) VALUES (138, 226, 119, '2024-02-23');
INSERT INTO PLAYLIST_SONGS (playlistsong_id, playlist_id, song_id, date_added) VALUES (139, 376, 419, '2023-05-05');
INSERT INTO PLAYLIST_SONGS (playlistsong_id, playlist_id, song_id, date_added) VALUES (140, 458, 711, '2023-06-28');
INSERT INTO PLAYLIST_SONGS (playlistsong_id, playlist_id, song_id, date_added) VALUES (141, 356, 816, '2023-06-26');
INSERT INTO PLAYLIST_SONGS (playlistsong_id, playlist_id, song_id, date_added) VALUES (142, 289, 895, '2023-09-14');
INSERT INTO PLAYLIST_SONGS (playlistsong_id, playlist_id, song_id, date_added) VALUES (143, 329, 290, '2023-08-31');
INSERT INTO PLAYLIST_SONGS (playlistsong_id, playlist_id, song_id, date_added) VALUES (144, 421, 724, '2023-02-08');
INSERT INTO PLAYLIST_SONGS (playlistsong_id, playlist_id, song_id, date_added) VALUES (145, 302, 250, '2023-10-04');
INSERT INTO PLAYLIST_SONGS (playlistsong_id, playlist_id, song_id, date_added) VALUES (146, 329, 714, '2023-06-11');
INSERT INTO PLAYLIST_SONGS (playlistsong_id, playlist_id, song_id, date_added) VALUES (147, 39, 788, '2023-12-19');
INSERT INTO PLAYLIST_SONGS (playlistsong_id, playlist_id, song_id, date_added) VALUES (148, 81, 314, '2023-08-13');
INSERT INTO PLAYLIST_SONGS (playlistsong_id, playlist_id, song_id, date_added) VALUES (149, 450, 966, '2023-06-22');
INSERT INTO PLAYLIST_SONGS (playlistsong_id, playlist_id, song_id, date_added) VALUES (150, 444, 957, '2023-08-15');
INSERT INTO PLAYLIST_SONGS (playlistsong_id, playlist_id, song_id, date_added) VALUES (151, 448, 861, '2023-05-05');
INSERT INTO PLAYLIST_SONGS (playlistsong_id, playlist_id, song_id, date_added) VALUES (152, 263, 912, '2023-02-14');
INSERT INTO PLAYLIST_SONGS (playlistsong_id, playlist_id, song_id, date_added) VALUES (153, 487, 726, '2023-01-05');
INSERT INTO PLAYLIST_SONGS (playlistsong_id, playlist_id, song_id, date_added) VALUES (154, 95, 623, '2024-04-03');
INSERT INTO PLAYLIST_SONGS (playlistsong_id, playlist_id, song_id, date_added) VALUES (155, 484, 823, '2023-08-08');
INSERT INTO PLAYLIST_SONGS (playlistsong_id, playlist_id, song_id, date_added) VALUES (156, 364, 144, '2024-01-30');
INSERT INTO PLAYLIST_SONGS (playlistsong_id, playlist_id, song_id, date_added) VALUES (157, 456, 153, '2023-08-15');
INSERT INTO PLAYLIST_SONGS (playlistsong_id, playlist_id, song_id, date_added) VALUES (158, 164, 300, '2023-02-13');
INSERT INTO PLAYLIST_SONGS (playlistsong_id, playlist_id, song_id, date_added) VALUES (159, 293, 513, '2023-05-31');
INSERT INTO PLAYLIST_SONGS (playlistsong_id, playlist_id, song_id, date_added) VALUES (160, 452, 86, '2024-04-21');
INSERT INTO PLAYLIST_SONGS (playlistsong_id, playlist_id, song_id, date_added) VALUES (161, 139, 662, '2023-05-23');
INSERT INTO PLAYLIST_SONGS (playlistsong_id, playlist_id, song_id, date_added) VALUES (162, 53, 544, '2023-01-06');
INSERT INTO PLAYLIST_SONGS (playlistsong_id, playlist_id, song_id, date_added) VALUES (163, 191, 354, '2023-02-17');
INSERT INTO PLAYLIST_SONGS (playlistsong_id, playlist_id, song_id, date_added) VALUES (164, 258, 776, '2023-09-22');
INSERT INTO PLAYLIST_SONGS (playlistsong_id, playlist_id, song_id, date_added) VALUES (165, 490, 752, '2024-01-04');
INSERT INTO PLAYLIST_SONGS (playlistsong_id, playlist_id, song_id, date_added) VALUES (166, 390, 712, '2023-09-20');
INSERT INTO PLAYLIST_SONGS (playlistsong_id, playlist_id, song_id, date_added) VALUES (167, 155, 612, '2023-09-08');
INSERT INTO PLAYLIST_SONGS (playlistsong_id, playlist_id, song_id, date_added) VALUES (168, 112, 969, '2023-05-29');
INSERT INTO PLAYLIST_SONGS (playlistsong_id, playlist_id, song_id, date_added) VALUES (169, 196, 605, '2023-12-10');
INSERT INTO PLAYLIST_SONGS (playlistsong_id, playlist_id, song_id, date_added) VALUES (170, 95, 924, '2023-05-13');
INSERT INTO PLAYLIST_SONGS (playlistsong_id, playlist_id, song_id, date_added) VALUES (171, 146, 822, '2023-12-28');
INSERT INTO PLAYLIST_SONGS (playlistsong_id, playlist_id, song_id, date_added) VALUES (172, 190, 558, '2023-08-07');
INSERT INTO PLAYLIST_SONGS (playlistsong_id, playlist_id, song_id, date_added) VALUES (173, 38, 728, '2023-10-03');
INSERT INTO PLAYLIST_SONGS (playlistsong_id, playlist_id, song_id, date_added) VALUES (174, 463, 744, '2023-12-08');
INSERT INTO PLAYLIST_SONGS (playlistsong_id, playlist_id, song_id, date_added) VALUES (175, 496, 264, '2023-03-31');
INSERT INTO PLAYLIST_SONGS (playlistsong_id, playlist_id, song_id, date_added) VALUES (176, 335, 455, '2023-04-01');
INSERT INTO PLAYLIST_SONGS (playlistsong_id, playlist_id, song_id, date_added) VALUES (177, 365, 655, '2023-07-02');
INSERT INTO PLAYLIST_SONGS (playlistsong_id, playlist_id, song_id, date_added) VALUES (178, 456, 665, '2023-11-25');
INSERT INTO PLAYLIST_SONGS (playlistsong_id, playlist_id, song_id, date_added) VALUES (179, 44, 64, '2024-05-10');
INSERT INTO PLAYLIST_SONGS (playlistsong_id, playlist_id, song_id, date_added) VALUES (180, 431, 529, '2023-12-21');
INSERT INTO PLAYLIST_SONGS (playlistsong_id, playlist_id, song_id, date_added) VALUES (181, 91, 499, '2023-12-15');
INSERT INTO PLAYLIST_SONGS (playlistsong_id, playlist_id, song_id, date_added) VALUES (182, 399, 585, '2023-12-20');
INSERT INTO PLAYLIST_SONGS (playlistsong_id, playlist_id, song_id, date_added) VALUES (183, 404, 25, '2023-01-25');
INSERT INTO PLAYLIST_SONGS (playlistsong_id, playlist_id, song_id, date_added) VALUES (184, 142, 400, '2023-02-20');
INSERT INTO PLAYLIST_SONGS (playlistsong_id, playlist_id, song_id, date_added) VALUES (185, 17, 682, '2024-03-24');
INSERT INTO PLAYLIST_SONGS (playlistsong_id, playlist_id, song_id, date_added) VALUES (186, 84, 908, '2023-09-05');
INSERT INTO PLAYLIST_SONGS (playlistsong_id, playlist_id, song_id, date_added) VALUES (187, 174, 263, '2023-11-14');
INSERT INTO PLAYLIST_SONGS (playlistsong_id, playlist_id, song_id, date_added) VALUES (188, 263, 429, '2023-04-14');
INSERT INTO PLAYLIST_SONGS (playlistsong_id, playlist_id, song_id, date_added) VALUES (189, 27, 683, '2023-02-07');
INSERT INTO PLAYLIST_SONGS (playlistsong_id, playlist_id, song_id, date_added) VALUES (190, 258, 999, '2023-10-01');
INSERT INTO PLAYLIST_SONGS (playlistsong_id, playlist_id, song_id, date_added) VALUES (191, 216, 884, '2024-01-05');
INSERT INTO PLAYLIST_SONGS (playlistsong_id, playlist_id, song_id, date_added) VALUES (192, 244, 122, '2023-03-25');
INSERT INTO PLAYLIST_SONGS (playlistsong_id, playlist_id, song_id, date_added) VALUES (193, 98, 401, '2023-08-11');
INSERT INTO PLAYLIST_SONGS (playlistsong_id, playlist_id, song_id, date_added) VALUES (194, 428, 963, '2023-07-14');
INSERT INTO PLAYLIST_SONGS (playlistsong_id, playlist_id, song_id, date_added) VALUES (195, 212, 147, '2023-04-13');
INSERT INTO PLAYLIST_SONGS (playlistsong_id, playlist_id, song_id, date_added) VALUES (196, 383, 223, '2024-04-26');
INSERT INTO PLAYLIST_SONGS (playlistsong_id, playlist_id, song_id, date_added) VALUES (197, 222, 180, '2023-06-07');
INSERT INTO PLAYLIST_SONGS (playlistsong_id, playlist_id, song_id, date_added) VALUES (198, 53, 493, '2023-10-16');
INSERT INTO PLAYLIST_SONGS (playlistsong_id, playlist_id, song_id, date_added) VALUES (199, 378, 681, '2024-01-24');
INSERT INTO PLAYLIST_SONGS (playlistsong_id, playlist_id, song_id, date_added) VALUES (200, 81, 402, '2023-09-18');
INSERT INTO PLAYLIST_SONGS (playlistsong_id, playlist_id, song_id, date_added) VALUES (201, 254, 195, '2023-10-11');
INSERT INTO PLAYLIST_SONGS (playlistsong_id, playlist_id, song_id, date_added) VALUES (202, 391, 936, '2023-10-03');
INSERT INTO PLAYLIST_SONGS (playlistsong_id, playlist_id, song_id, date_added) VALUES (203, 312, 521, '2023-01-04');
INSERT INTO PLAYLIST_SONGS (playlistsong_id, playlist_id, song_id, date_added) VALUES (204, 456, 78, '2024-01-02');
INSERT INTO PLAYLIST_SONGS (playlistsong_id, playlist_id, song_id, date_added) VALUES (205, 59, 926, '2023-04-19');
INSERT INTO PLAYLIST_SONGS (playlistsong_id, playlist_id, song_id, date_added) VALUES (206, 72, 777, '2024-04-10');
INSERT INTO PLAYLIST_SONGS (playlistsong_id, playlist_id, song_id, date_added) VALUES (207, 454, 508, '2023-05-09');
INSERT INTO PLAYLIST_SONGS (playlistsong_id, playlist_id, song_id, date_added) VALUES (208, 253, 752, '2023-10-10');
INSERT INTO PLAYLIST_SONGS (playlistsong_id, playlist_id, song_id, date_added) VALUES (209, 219, 165, '2023-06-14');
INSERT INTO PLAYLIST_SONGS (playlistsong_id, playlist_id, song_id, date_added) VALUES (210, 431, 606, '2023-05-01');
INSERT INTO PLAYLIST_SONGS (playlistsong_id, playlist_id, song_id, date_added) VALUES (211, 340, 657, '2023-04-21');
INSERT INTO PLAYLIST_SONGS (playlistsong_id, playlist_id, song_id, date_added) VALUES (212, 83, 242, '2024-04-19');
INSERT INTO PLAYLIST_SONGS (playlistsong_id, playlist_id, song_id, date_added) VALUES (213, 229, 612, '2023-11-02');
INSERT INTO PLAYLIST_SONGS (playlistsong_id, playlist_id, song_id, date_added) VALUES (214, 434, 279, '2024-01-21');
INSERT INTO PLAYLIST_SONGS (playlistsong_id, playlist_id, song_id, date_added) VALUES (215, 153, 849, '2023-02-21');
INSERT INTO PLAYLIST_SONGS (playlistsong_id, playlist_id, song_id, date_added) VALUES (216, 307, 933, '2023-07-18');
INSERT INTO PLAYLIST_SONGS (playlistsong_id, playlist_id, song_id, date_added) VALUES (217, 198, 766, '2023-09-04');
INSERT INTO PLAYLIST_SONGS (playlistsong_id, playlist_id, song_id, date_added) VALUES (218, 90, 394, '2024-05-14');
INSERT INTO PLAYLIST_SONGS (playlistsong_id, playlist_id, song_id, date_added) VALUES (219, 106, 448, '2024-04-18');
INSERT INTO PLAYLIST_SONGS (playlistsong_id, playlist_id, song_id, date_added) VALUES (220, 244, 748, '2023-12-09');
INSERT INTO PLAYLIST_SONGS (playlistsong_id, playlist_id, song_id, date_added) VALUES (221, 406, 918, '2023-09-12');
INSERT INTO PLAYLIST_SONGS (playlistsong_id, playlist_id, song_id, date_added) VALUES (222, 12, 837, '2023-01-19');
INSERT INTO PLAYLIST_SONGS (playlistsong_id, playlist_id, song_id, date_added) VALUES (223, 226, 735, '2024-01-03');
INSERT INTO PLAYLIST_SONGS (playlistsong_id, playlist_id, song_id, date_added) VALUES (224, 313, 365, '2023-11-18');
INSERT INTO PLAYLIST_SONGS (playlistsong_id, playlist_id, song_id, date_added) VALUES (225, 311, 185, '2023-08-05');
INSERT INTO PLAYLIST_SONGS (playlistsong_id, playlist_id, song_id, date_added) VALUES (226, 130, 530, '2024-05-06');
INSERT INTO PLAYLIST_SONGS (playlistsong_id, playlist_id, song_id, date_added) VALUES (227, 208, 68, '2023-03-28');
INSERT INTO PLAYLIST_SONGS (playlistsong_id, playlist_id, song_id, date_added) VALUES (228, 393, 92, '2023-03-29');
INSERT INTO PLAYLIST_SONGS (playlistsong_id, playlist_id, song_id, date_added) VALUES (229, 486, 478, '2023-01-31');
INSERT INTO PLAYLIST_SONGS (playlistsong_id, playlist_id, song_id, date_added) VALUES (230, 424, 825, '2023-05-29');
INSERT INTO PLAYLIST_SONGS (playlistsong_id, playlist_id, song_id, date_added) VALUES (231, 131, 257, '2024-02-23');
INSERT INTO PLAYLIST_SONGS (playlistsong_id, playlist_id, song_id, date_added) VALUES (232, 160, 314, '2023-08-31');
INSERT INTO PLAYLIST_SONGS (playlistsong_id, playlist_id, song_id, date_added) VALUES (233, 10, 16, '2023-07-02');
INSERT INTO PLAYLIST_SONGS (playlistsong_id, playlist_id, song_id, date_added) VALUES (234, 17, 527, '2023-12-25');
INSERT INTO PLAYLIST_SONGS (playlistsong_id, playlist_id, song_id, date_added) VALUES (235, 247, 619, '2023-05-20');
INSERT INTO PLAYLIST_SONGS (playlistsong_id, playlist_id, song_id, date_added) VALUES (236, 85, 38, '2023-02-16');
INSERT INTO PLAYLIST_SONGS (playlistsong_id, playlist_id, song_id, date_added) VALUES (237, 22, 236, '2023-10-11');
INSERT INTO PLAYLIST_SONGS (playlistsong_id, playlist_id, song_id, date_added) VALUES (238, 100, 210, '2024-02-04');
INSERT INTO PLAYLIST_SONGS (playlistsong_id, playlist_id, song_id, date_added) VALUES (239, 140, 329, '2023-07-06');
INSERT INTO PLAYLIST_SONGS (playlistsong_id, playlist_id, song_id, date_added) VALUES (240, 172, 35, '2023-06-26');
INSERT INTO PLAYLIST_SONGS (playlistsong_id, playlist_id, song_id, date_added) VALUES (241, 146, 391, '2023-08-31');
INSERT INTO PLAYLIST_SONGS (playlistsong_id, playlist_id, song_id, date_added) VALUES (242, 71, 470, '2023-06-02');
INSERT INTO PLAYLIST_SONGS (playlistsong_id, playlist_id, song_id, date_added) VALUES (243, 98, 743, '2023-04-26');
INSERT INTO PLAYLIST_SONGS (playlistsong_id, playlist_id, song_id, date_added) VALUES (244, 276, 467, '2023-09-21');
INSERT INTO PLAYLIST_SONGS (playlistsong_id, playlist_id, song_id, date_added) VALUES (245, 307, 123, '2024-03-12');
INSERT INTO PLAYLIST_SONGS (playlistsong_id, playlist_id, song_id, date_added) VALUES (246, 161, 787, '2023-02-24');
INSERT INTO PLAYLIST_SONGS (playlistsong_id, playlist_id, song_id, date_added) VALUES (247, 442, 419, '2023-01-18');
INSERT INTO PLAYLIST_SONGS (playlistsong_id, playlist_id, song_id, date_added) VALUES (248, 368, 226, '2024-01-15');
INSERT INTO PLAYLIST_SONGS (playlistsong_id, playlist_id, song_id, date_added) VALUES (249, 219, 847, '2023-07-27');
INSERT INTO PLAYLIST_SONGS (playlistsong_id, playlist_id, song_id, date_added) VALUES (250, 26, 756, '2023-05-13');
INSERT INTO PLAYLIST_SONGS (playlistsong_id, playlist_id, song_id, date_added) VALUES (251, 376, 670, '2023-08-22');
INSERT INTO PLAYLIST_SONGS (playlistsong_id, playlist_id, song_id, date_added) VALUES (252, 209, 188, '2023-10-11');
INSERT INTO PLAYLIST_SONGS (playlistsong_id, playlist_id, song_id, date_added) VALUES (253, 66, 205, '2023-08-19');
INSERT INTO PLAYLIST_SONGS (playlistsong_id, playlist_id, song_id, date_added) VALUES (254, 364, 381, '2023-11-14');
INSERT INTO PLAYLIST_SONGS (playlistsong_id, playlist_id, song_id, date_added) VALUES (255, 9, 175, '2024-01-07');
INSERT INTO PLAYLIST_SONGS (playlistsong_id, playlist_id, song_id, date_added) VALUES (256, 355, 87, '2024-04-08');
INSERT INTO PLAYLIST_SONGS (playlistsong_id, playlist_id, song_id, date_added) VALUES (257, 268, 58, '2023-01-21');
INSERT INTO PLAYLIST_SONGS (playlistsong_id, playlist_id, song_id, date_added) VALUES (258, 100, 117, '2023-02-06');
INSERT INTO PLAYLIST_SONGS (playlistsong_id, playlist_id, song_id, date_added) VALUES (259, 113, 585, '2023-12-20');
INSERT INTO PLAYLIST_SONGS (playlistsong_id, playlist_id, song_id, date_added) VALUES (260, 76, 272, '2023-11-20');
INSERT INTO PLAYLIST_SONGS (playlistsong_id, playlist_id, song_id, date_added) VALUES (261, 122, 175, '2023-08-31');
INSERT INTO PLAYLIST_SONGS (playlistsong_id, playlist_id, song_id, date_added) VALUES (262, 187, 885, '2023-09-09');
INSERT INTO PLAYLIST_SONGS (playlistsong_id, playlist_id, song_id, date_added) VALUES (263, 332, 373, '2023-11-06');
INSERT INTO PLAYLIST_SONGS (playlistsong_id, playlist_id, song_id, date_added) VALUES (264, 10, 681, '2024-01-23');
INSERT INTO PLAYLIST_SONGS (playlistsong_id, playlist_id, song_id, date_added) VALUES (265, 122, 602, '2023-02-21');
INSERT INTO PLAYLIST_SONGS (playlistsong_id, playlist_id, song_id, date_added) VALUES (266, 261, 513, '2024-03-25');
INSERT INTO PLAYLIST_SONGS (playlistsong_id, playlist_id, song_id, date_added) VALUES (267, 381, 465, '2024-02-21');
INSERT INTO PLAYLIST_SONGS (playlistsong_id, playlist_id, song_id, date_added) VALUES (268, 44, 242, '2024-05-06');
INSERT INTO PLAYLIST_SONGS (playlistsong_id, playlist_id, song_id, date_added) VALUES (269, 185, 280, '2023-08-31');
INSERT INTO PLAYLIST_SONGS (playlistsong_id, playlist_id, song_id, date_added) VALUES (270, 101, 636, '2023-02-21');
INSERT INTO PLAYLIST_SONGS (playlistsong_id, playlist_id, song_id, date_added) VALUES (271, 482, 105, '2024-03-28');
INSERT INTO PLAYLIST_SONGS (playlistsong_id, playlist_id, song_id, date_added) VALUES (272, 418, 243, '2023-10-29');
INSERT INTO PLAYLIST_SONGS (playlistsong_id, playlist_id, song_id, date_added) VALUES (273, 227, 362, '2023-12-16');
INSERT INTO PLAYLIST_SONGS (playlistsong_id, playlist_id, song_id, date_added) VALUES (274, 196, 338, '2023-04-23');
INSERT INTO PLAYLIST_SONGS (playlistsong_id, playlist_id, song_id, date_added) VALUES (275, 271, 284, '2023-02-20');
INSERT INTO PLAYLIST_SONGS (playlistsong_id, playlist_id, song_id, date_added) VALUES (276, 439, 685, '2023-06-16');
INSERT INTO PLAYLIST_SONGS (playlistsong_id, playlist_id, song_id, date_added) VALUES (277, 60, 916, '2023-12-05');
INSERT INTO PLAYLIST_SONGS (playlistsong_id, playlist_id, song_id, date_added) VALUES (278, 159, 322, '2023-09-19');
INSERT INTO PLAYLIST_SONGS (playlistsong_id, playlist_id, song_id, date_added) VALUES (279, 81, 779, '2023-05-15');
INSERT INTO PLAYLIST_SONGS (playlistsong_id, playlist_id, song_id, date_added) VALUES (280, 212, 631, '2023-04-12');
INSERT INTO PLAYLIST_SONGS (playlistsong_id, playlist_id, song_id, date_added) VALUES (281, 440, 753, '2023-09-21');
INSERT INTO PLAYLIST_SONGS (playlistsong_id, playlist_id, song_id, date_added) VALUES (282, 302, 908, '2023-09-09');
INSERT INTO PLAYLIST_SONGS (playlistsong_id, playlist_id, song_id, date_added) VALUES (283, 480, 342, '2024-03-25');
INSERT INTO PLAYLIST_SONGS (playlistsong_id, playlist_id, song_id, date_added) VALUES (284, 468, 543, '2023-11-25');
INSERT INTO PLAYLIST_SONGS (playlistsong_id, playlist_id, song_id, date_added) VALUES (285, 271, 719, '2023-12-24');
INSERT INTO PLAYLIST_SONGS (playlistsong_id, playlist_id, song_id, date_added) VALUES (286, 128, 828, '2024-02-16');
INSERT INTO PLAYLIST_SONGS (playlistsong_id, playlist_id, song_id, date_added) VALUES (287, 348, 122, '2023-03-14');
INSERT INTO PLAYLIST_SONGS (playlistsong_id, playlist_id, song_id, date_added) VALUES (288, 379, 357, '2023-11-26');
INSERT INTO PLAYLIST_SONGS (playlistsong_id, playlist_id, song_id, date_added) VALUES (289, 414, 432, '2023-01-24');
INSERT INTO PLAYLIST_SONGS (playlistsong_id, playlist_id, song_id, date_added) VALUES (290, 278, 170, '2023-10-26');
INSERT INTO PLAYLIST_SONGS (playlistsong_id, playlist_id, song_id, date_added) VALUES (291, 333, 883, '2023-05-06');
INSERT INTO PLAYLIST_SONGS (playlistsong_id, playlist_id, song_id, date_added) VALUES (292, 140, 664, '2023-03-17');
INSERT INTO PLAYLIST_SONGS (playlistsong_id, playlist_id, song_id, date_added) VALUES (293, 132, 82, '2024-01-12');
INSERT INTO PLAYLIST_SONGS (playlistsong_id, playlist_id, song_id, date_added) VALUES (294, 290, 328, '2024-03-07');
INSERT INTO PLAYLIST_SONGS (playlistsong_id, playlist_id, song_id, date_added) VALUES (295, 474, 268, '2023-05-02');
INSERT INTO PLAYLIST_SONGS (playlistsong_id, playlist_id, song_id, date_added) VALUES (296, 447, 474, '2023-09-27');
INSERT INTO PLAYLIST_SONGS (playlistsong_id, playlist_id, song_id, date_added) VALUES (297, 273, 300, '2023-05-15');
INSERT INTO PLAYLIST_SONGS (playlistsong_id, playlist_id, song_id, date_added) VALUES (298, 239, 657, '2023-12-10');
INSERT INTO PLAYLIST_SONGS (playlistsong_id, playlist_id, song_id, date_added) VALUES (299, 411, 535, '2024-04-03');
INSERT INTO PLAYLIST_SONGS (playlistsong_id, playlist_id, song_id, date_added) VALUES (300, 446, 263, '2023-11-26');
INSERT INTO PLAYLIST_SONGS (playlistsong_id, playlist_id, song_id, date_added) VALUES (301, 194, 717, '2023-03-08');
INSERT INTO PLAYLIST_SONGS (playlistsong_id, playlist_id, song_id, date_added) VALUES (302, 309, 973, '2024-02-07');
INSERT INTO PLAYLIST_SONGS (playlistsong_id, playlist_id, song_id, date_added) VALUES (303, 36, 229, '2023-11-21');
INSERT INTO PLAYLIST_SONGS (playlistsong_id, playlist_id, song_id, date_added) VALUES (304, 305, 141, '2024-05-02');
INSERT INTO PLAYLIST_SONGS (playlistsong_id, playlist_id, song_id, date_added) VALUES (305, 274, 794, '2023-06-28');
INSERT INTO PLAYLIST_SONGS (playlistsong_id, playlist_id, song_id, date_added) VALUES (306, 409, 926, '2023-09-17');
INSERT INTO PLAYLIST_SONGS (playlistsong_id, playlist_id, song_id, date_added) VALUES (307, 166, 46, '2023-05-21');
INSERT INTO PLAYLIST_SONGS (playlistsong_id, playlist_id, song_id, date_added) VALUES (308, 51, 530, '2023-05-19');
INSERT INTO PLAYLIST_SONGS (playlistsong_id, playlist_id, song_id, date_added) VALUES (309, 342, 303, '2023-12-08');
INSERT INTO PLAYLIST_SONGS (playlistsong_id, playlist_id, song_id, date_added) VALUES (310, 50, 158, '2024-01-22');
INSERT INTO PLAYLIST_SONGS (playlistsong_id, playlist_id, song_id, date_added) VALUES (311, 486, 239, '2023-01-02');
INSERT INTO PLAYLIST_SONGS (playlistsong_id, playlist_id, song_id, date_added) VALUES (312, 284, 951, '2024-02-23');
INSERT INTO PLAYLIST_SONGS (playlistsong_id, playlist_id, song_id, date_added) VALUES (313, 75, 865, '2023-01-31');
INSERT INTO PLAYLIST_SONGS (playlistsong_id, playlist_id, song_id, date_added) VALUES (314, 216, 72, '2023-08-15');
INSERT INTO PLAYLIST_SONGS (playlistsong_id, playlist_id, song_id, date_added) VALUES (315, 15, 777, '2023-09-06');
INSERT INTO PLAYLIST_SONGS (playlistsong_id, playlist_id, song_id, date_added) VALUES (316, 136, 380, '2023-12-04');
INSERT INTO PLAYLIST_SONGS (playlistsong_id, playlist_id, song_id, date_added) VALUES (317, 463, 883, '2023-02-27');
INSERT INTO PLAYLIST_SONGS (playlistsong_id, playlist_id, song_id, date_added) VALUES (318, 11, 70, '2023-11-02');
INSERT INTO PLAYLIST_SONGS (playlistsong_id, playlist_id, song_id, date_added) VALUES (319, 142, 920, '2024-02-15');
INSERT INTO PLAYLIST_SONGS (playlistsong_id, playlist_id, song_id, date_added) VALUES (320, 401, 967, '2024-02-20');
INSERT INTO PLAYLIST_SONGS (playlistsong_id, playlist_id, song_id, date_added) VALUES (321, 491, 426, '2023-03-01');
INSERT INTO PLAYLIST_SONGS (playlistsong_id, playlist_id, song_id, date_added) VALUES (322, 341, 183, '2023-09-08');
INSERT INTO PLAYLIST_SONGS (playlistsong_id, playlist_id, song_id, date_added) VALUES (323, 182, 475, '2023-12-28');
INSERT INTO PLAYLIST_SONGS (playlistsong_id, playlist_id, song_id, date_added) VALUES (324, 5, 449, '2023-11-27');
INSERT INTO PLAYLIST_SONGS (playlistsong_id, playlist_id, song_id, date_added) VALUES (325, 158, 338, '2023-01-21');
INSERT INTO PLAYLIST_SONGS (playlistsong_id, playlist_id, song_id, date_added) VALUES (326, 22, 284, '2023-10-13');
INSERT INTO PLAYLIST_SONGS (playlistsong_id, playlist_id, song_id, date_added) VALUES (327, 9, 331, '2024-05-14');
INSERT INTO PLAYLIST_SONGS (playlistsong_id, playlist_id, song_id, date_added) VALUES (328, 378, 15, '2023-02-26');
INSERT INTO PLAYLIST_SONGS (playlistsong_id, playlist_id, song_id, date_added) VALUES (329, 114, 92, '2023-08-10');
INSERT INTO PLAYLIST_SONGS (playlistsong_id, playlist_id, song_id, date_added) VALUES (330, 398, 310, '2024-03-22');
INSERT INTO PLAYLIST_SONGS (playlistsong_id, playlist_id, song_id, date_added) VALUES (331, 193, 596, '2023-11-18');
INSERT INTO PLAYLIST_SONGS (playlistsong_id, playlist_id, song_id, date_added) VALUES (332, 117, 170, '2023-01-20');
INSERT INTO PLAYLIST_SONGS (playlistsong_id, playlist_id, song_id, date_added) VALUES (333, 419, 664, '2023-07-17');
INSERT INTO PLAYLIST_SONGS (playlistsong_id, playlist_id, song_id, date_added) VALUES (334, 135, 390, '2023-10-25');
INSERT INTO PLAYLIST_SONGS (playlistsong_id, playlist_id, song_id, date_added) VALUES (335, 220, 998, '2023-11-17');
INSERT INTO PLAYLIST_SONGS (playlistsong_id, playlist_id, song_id, date_added) VALUES (336, 388, 483, '2023-09-02');
INSERT INTO PLAYLIST_SONGS (playlistsong_id, playlist_id, song_id, date_added) VALUES (337, 72, 37, '2023-01-01');
INSERT INTO PLAYLIST_SONGS (playlistsong_id, playlist_id, song_id, date_added) VALUES (338, 155, 395, '2024-05-07');
INSERT INTO PLAYLIST_SONGS (playlistsong_id, playlist_id, song_id, date_added) VALUES (339, 258, 756, '2024-04-19');
INSERT INTO PLAYLIST_SONGS (playlistsong_id, playlist_id, song_id, date_added) VALUES (340, 150, 581, '2023-07-20');
INSERT INTO PLAYLIST_SONGS (playlistsong_id, playlist_id, song_id, date_added) VALUES (341, 239, 925, '2024-04-22');
INSERT INTO PLAYLIST_SONGS (playlistsong_id, playlist_id, song_id, date_added) VALUES (342, 404, 153, '2024-05-07');
INSERT INTO PLAYLIST_SONGS (playlistsong_id, playlist_id, song_id, date_added) VALUES (343, 115, 394, '2023-05-16');
INSERT INTO PLAYLIST_SONGS (playlistsong_id, playlist_id, song_id, date_added) VALUES (344, 189, 401, '2023-12-24');
INSERT INTO PLAYLIST_SONGS (playlistsong_id, playlist_id, song_id, date_added) VALUES (345, 405, 769, '2023-06-14');
INSERT INTO PLAYLIST_SONGS (playlistsong_id, playlist_id, song_id, date_added) VALUES (346, 480, 808, '2023-09-13');
INSERT INTO PLAYLIST_SONGS (playlistsong_id, playlist_id, song_id, date_added) VALUES (347, 93, 660, '2023-10-18');
INSERT INTO PLAYLIST_SONGS (playlistsong_id, playlist_id, song_id, date_added) VALUES (348, 171, 125, '2024-02-27');
INSERT INTO PLAYLIST_SONGS (playlistsong_id, playlist_id, song_id, date_added) VALUES (349, 48, 122, '2023-12-03');
INSERT INTO PLAYLIST_SONGS (playlistsong_id, playlist_id, song_id, date_added) VALUES (350, 125, 766, '2023-10-11');
INSERT INTO PLAYLIST_SONGS (playlistsong_id, playlist_id, song_id, date_added) VALUES (351, 419, 904, '2024-01-14');
INSERT INTO PLAYLIST_SONGS (playlistsong_id, playlist_id, song_id, date_added) VALUES (352, 417, 744, '2023-07-31');
INSERT INTO PLAYLIST_SONGS (playlistsong_id, playlist_id, song_id, date_added) VALUES (353, 451, 967, '2024-01-22');
INSERT INTO PLAYLIST_SONGS (playlistsong_id, playlist_id, song_id, date_added) VALUES (354, 212, 333, '2023-11-05');
INSERT INTO PLAYLIST_SONGS (playlistsong_id, playlist_id, song_id, date_added) VALUES (355, 44, 442, '2023-01-22');
INSERT INTO PLAYLIST_SONGS (playlistsong_id, playlist_id, song_id, date_added) VALUES (356, 302, 134, '2023-04-26');
INSERT INTO PLAYLIST_SONGS (playlistsong_id, playlist_id, song_id, date_added) VALUES (357, 352, 730, '2023-04-18');
INSERT INTO PLAYLIST_SONGS (playlistsong_id, playlist_id, song_id, date_added) VALUES (358, 370, 937, '2023-12-17');
INSERT INTO PLAYLIST_SONGS (playlistsong_id, playlist_id, song_id, date_added) VALUES (359, 376, 686, '2023-01-02');
INSERT INTO PLAYLIST_SONGS (playlistsong_id, playlist_id, song_id, date_added) VALUES (360, 255, 292, '2023-08-01');
INSERT INTO PLAYLIST_SONGS (playlistsong_id, playlist_id, song_id, date_added) VALUES (361, 106, 82, '2024-03-31');
INSERT INTO PLAYLIST_SONGS (playlistsong_id, playlist_id, song_id, date_added) VALUES (362, 161, 579, '2023-10-02');
INSERT INTO PLAYLIST_SONGS (playlistsong_id, playlist_id, song_id, date_added) VALUES (363, 185, 940, '2024-04-22');
INSERT INTO PLAYLIST_SONGS (playlistsong_id, playlist_id, song_id, date_added) VALUES (364, 334, 661, '2023-01-23');
INSERT INTO PLAYLIST_SONGS (playlistsong_id, playlist_id, song_id, date_added) VALUES (365, 159, 208, '2023-09-23');
INSERT INTO PLAYLIST_SONGS (playlistsong_id, playlist_id, song_id, date_added) VALUES (366, 26, 602, '2023-11-22');
INSERT INTO PLAYLIST_SONGS (playlistsong_id, playlist_id, song_id, date_added) VALUES (367, 323, 774, '2023-10-24');
INSERT INTO PLAYLIST_SONGS (playlistsong_id, playlist_id, song_id, date_added) VALUES (368, 113, 109, '2023-04-23');
INSERT INTO PLAYLIST_SONGS (playlistsong_id, playlist_id, song_id, date_added) VALUES (369, 405, 845, '2024-04-18');
INSERT INTO PLAYLIST_SONGS (playlistsong_id, playlist_id, song_id, date_added) VALUES (370, 246, 685, '2023-11-25');
INSERT INTO PLAYLIST_SONGS (playlistsong_id, playlist_id, song_id, date_added) VALUES (371, 495, 39, '2023-09-03');
INSERT INTO PLAYLIST_SONGS (playlistsong_id, playlist_id, song_id, date_added) VALUES (372, 402, 200, '2023-01-14');
INSERT INTO PLAYLIST_SONGS (playlistsong_id, playlist_id, song_id, date_added) VALUES (373, 491, 381, '2024-04-27');
INSERT INTO PLAYLIST_SONGS (playlistsong_id, playlist_id, song_id, date_added) VALUES (374, 172, 120, '2023-06-04');
INSERT INTO PLAYLIST_SONGS (playlistsong_id, playlist_id, song_id, date_added) VALUES (375, 392, 908, '2024-04-16');
INSERT INTO PLAYLIST_SONGS (playlistsong_id, playlist_id, song_id, date_added) VALUES (376, 269, 50, '2023-04-20');
INSERT INTO PLAYLIST_SONGS (playlistsong_id, playlist_id, song_id, date_added) VALUES (377, 55, 919, '2023-12-19');
INSERT INTO PLAYLIST_SONGS (playlistsong_id, playlist_id, song_id, date_added) VALUES (378, 63, 817, '2023-02-24');
INSERT INTO PLAYLIST_SONGS (playlistsong_id, playlist_id, song_id, date_added) VALUES (379, 398, 339, '2024-03-10');
INSERT INTO PLAYLIST_SONGS (playlistsong_id, playlist_id, song_id, date_added) VALUES (380, 406, 94, '2023-09-26');
INSERT INTO PLAYLIST_SONGS (playlistsong_id, playlist_id, song_id, date_added) VALUES (381, 494, 366, '2023-02-22');
INSERT INTO PLAYLIST_SONGS (playlistsong_id, playlist_id, song_id, date_added) VALUES (382, 495, 309, '2024-04-11');
INSERT INTO PLAYLIST_SONGS (playlistsong_id, playlist_id, song_id, date_added) VALUES (383, 281, 869, '2023-06-02');
INSERT INTO PLAYLIST_SONGS (playlistsong_id, playlist_id, song_id, date_added) VALUES (384, 381, 178, '2023-02-18');
INSERT INTO PLAYLIST_SONGS (playlistsong_id, playlist_id, song_id, date_added) VALUES (385, 396, 531, '2023-01-25');
INSERT INTO PLAYLIST_SONGS (playlistsong_id, playlist_id, song_id, date_added) VALUES (386, 209, 75, '2023-04-29');
INSERT INTO PLAYLIST_SONGS (playlistsong_id, playlist_id, song_id, date_added) VALUES (387, 335, 390, '2023-02-12');
INSERT INTO PLAYLIST_SONGS (playlistsong_id, playlist_id, song_id, date_added) VALUES (388, 483, 384, '2023-10-16');
INSERT INTO PLAYLIST_SONGS (playlistsong_id, playlist_id, song_id, date_added) VALUES (389, 481, 806, '2024-05-03');
INSERT INTO PLAYLIST_SONGS (playlistsong_id, playlist_id, song_id, date_added) VALUES (390, 252, 638, '2023-11-16');
INSERT INTO PLAYLIST_SONGS (playlistsong_id, playlist_id, song_id, date_added) VALUES (391, 325, 197, '2023-10-28');
INSERT INTO PLAYLIST_SONGS (playlistsong_id, playlist_id, song_id, date_added) VALUES (392, 226, 410, '2023-03-03');
INSERT INTO PLAYLIST_SONGS (playlistsong_id, playlist_id, song_id, date_added) VALUES (393, 435, 87, '2023-03-02');
INSERT INTO PLAYLIST_SONGS (playlistsong_id, playlist_id, song_id, date_added) VALUES (394, 157, 108, '2023-07-10');
INSERT INTO PLAYLIST_SONGS (playlistsong_id, playlist_id, song_id, date_added) VALUES (395, 294, 397, '2023-12-06');
INSERT INTO PLAYLIST_SONGS (playlistsong_id, playlist_id, song_id, date_added) VALUES (396, 148, 463, '2023-10-13');
INSERT INTO PLAYLIST_SONGS (playlistsong_id, playlist_id, song_id, date_added) VALUES (397, 211, 284, '2023-05-23');
INSERT INTO PLAYLIST_SONGS (playlistsong_id, playlist_id, song_id, date_added) VALUES (398, 303, 654, '2023-10-20');
INSERT INTO PLAYLIST_SONGS (playlistsong_id, playlist_id, song_id, date_added) VALUES (399, 115, 793, '2024-04-11');
INSERT INTO PLAYLIST_SONGS (playlistsong_id, playlist_id, song_id, date_added) VALUES (400, 294, 687, '2024-04-02');
INSERT INTO PLAYLIST_SONGS (playlistsong_id, playlist_id, song_id, date_added) VALUES (401, 245, 202, '2023-10-14');
INSERT INTO PLAYLIST_SONGS (playlistsong_id, playlist_id, song_id, date_added) VALUES (402, 373, 397, '2023-02-14');
INSERT INTO PLAYLIST_SONGS (playlistsong_id, playlist_id, song_id, date_added) VALUES (403, 375, 436, '2023-09-20');
INSERT INTO PLAYLIST_SONGS (playlistsong_id, playlist_id, song_id, date_added) VALUES (404, 70, 252, '2023-06-14');
INSERT INTO PLAYLIST_SONGS (playlistsong_id, playlist_id, song_id, date_added) VALUES (405, 279, 826, '2023-11-03');
INSERT INTO PLAYLIST_SONGS (playlistsong_id, playlist_id, song_id, date_added) VALUES (406, 431, 156, '2024-03-09');
INSERT INTO PLAYLIST_SONGS (playlistsong_id, playlist_id, song_id, date_added) VALUES (407, 457, 825, '2023-07-09');
INSERT INTO PLAYLIST_SONGS (playlistsong_id, playlist_id, song_id, date_added) VALUES (408, 125, 987, '2023-06-01');
INSERT INTO PLAYLIST_SONGS (playlistsong_id, playlist_id, song_id, date_added) VALUES (409, 223, 88, '2023-12-15');
INSERT INTO PLAYLIST_SONGS (playlistsong_id, playlist_id, song_id, date_added) VALUES (410, 5, 934, '2023-10-20');
INSERT INTO PLAYLIST_SONGS (playlistsong_id, playlist_id, song_id, date_added) VALUES (411, 186, 776, '2024-05-14');
INSERT INTO PLAYLIST_SONGS (playlistsong_id, playlist_id, song_id, date_added) VALUES (412, 79, 908, '2023-10-23');
INSERT INTO PLAYLIST_SONGS (playlistsong_id, playlist_id, song_id, date_added) VALUES (413, 132, 820, '2023-02-04');
INSERT INTO PLAYLIST_SONGS (playlistsong_id, playlist_id, song_id, date_added) VALUES (414, 302, 158, '2024-05-02');
INSERT INTO PLAYLIST_SONGS (playlistsong_id, playlist_id, song_id, date_added) VALUES (415, 415, 902, '2023-07-24');
INSERT INTO PLAYLIST_SONGS (playlistsong_id, playlist_id, song_id, date_added) VALUES (416, 182, 477, '2023-07-02');
INSERT INTO PLAYLIST_SONGS (playlistsong_id, playlist_id, song_id, date_added) VALUES (417, 61, 699, '2023-08-24');
INSERT INTO PLAYLIST_SONGS (playlistsong_id, playlist_id, song_id, date_added) VALUES (418, 333, 224, '2023-08-22');
INSERT INTO PLAYLIST_SONGS (playlistsong_id, playlist_id, song_id, date_added) VALUES (419, 363, 946, '2023-04-17');
INSERT INTO PLAYLIST_SONGS (playlistsong_id, playlist_id, song_id, date_added) VALUES (420, 126, 788, '2023-10-22');
INSERT INTO PLAYLIST_SONGS (playlistsong_id, playlist_id, song_id, date_added) VALUES (421, 460, 844, '2023-01-24');
INSERT INTO PLAYLIST_SONGS (playlistsong_id, playlist_id, song_id, date_added) VALUES (422, 232, 102, '2024-02-11');
INSERT INTO PLAYLIST_SONGS (playlistsong_id, playlist_id, song_id, date_added) VALUES (423, 84, 656, '2023-09-02');
INSERT INTO PLAYLIST_SONGS (playlistsong_id, playlist_id, song_id, date_added) VALUES (424, 389, 461, '2024-05-02');
INSERT INTO PLAYLIST_SONGS (playlistsong_id, playlist_id, song_id, date_added) VALUES (425, 320, 284, '2023-08-28');
INSERT INTO PLAYLIST_SONGS (playlistsong_id, playlist_id, song_id, date_added) VALUES (426, 439, 257, '2023-12-28');
INSERT INTO PLAYLIST_SONGS (playlistsong_id, playlist_id, song_id, date_added) VALUES (427, 302, 916, '2024-04-16');
INSERT INTO PLAYLIST_SONGS (playlistsong_id, playlist_id, song_id, date_added) VALUES (428, 33, 790, '2023-01-11');
INSERT INTO PLAYLIST_SONGS (playlistsong_id, playlist_id, song_id, date_added) VALUES (429, 180, 91, '2023-04-01');
INSERT INTO PLAYLIST_SONGS (playlistsong_id, playlist_id, song_id, date_added) VALUES (430, 141, 521, '2023-06-01');
INSERT INTO PLAYLIST_SONGS (playlistsong_id, playlist_id, song_id, date_added) VALUES (431, 449, 598, '2023-11-27');
INSERT INTO PLAYLIST_SONGS (playlistsong_id, playlist_id, song_id, date_added) VALUES (432, 170, 409, '2023-04-16');
INSERT INTO PLAYLIST_SONGS (playlistsong_id, playlist_id, song_id, date_added) VALUES (433, 34, 884, '2024-05-09');
INSERT INTO PLAYLIST_SONGS (playlistsong_id, playlist_id, song_id, date_added) VALUES (434, 210, 86, '2024-02-25');
INSERT INTO PLAYLIST_SONGS (playlistsong_id, playlist_id, song_id, date_added) VALUES (435, 42, 705, '2023-01-10');
INSERT INTO PLAYLIST_SONGS (playlistsong_id, playlist_id, song_id, date_added) VALUES (436, 366, 418, '2023-12-13');
INSERT INTO PLAYLIST_SONGS (playlistsong_id, playlist_id, song_id, date_added) VALUES (437, 412, 487, '2023-02-21');
INSERT INTO PLAYLIST_SONGS (playlistsong_id, playlist_id, song_id, date_added) VALUES (438, 409, 679, '2024-02-17');
INSERT INTO PLAYLIST_SONGS (playlistsong_id, playlist_id, song_id, date_added) VALUES (439, 242, 600, '2023-07-16');
INSERT INTO PLAYLIST_SONGS (playlistsong_id, playlist_id, song_id, date_added) VALUES (440, 16, 312, '2023-05-11');
INSERT INTO PLAYLIST_SONGS (playlistsong_id, playlist_id, song_id, date_added) VALUES (441, 486, 442, '2023-01-13');
INSERT INTO PLAYLIST_SONGS (playlistsong_id, playlist_id, song_id, date_added) VALUES (442, 258, 860, '2023-08-07');
INSERT INTO PLAYLIST_SONGS (playlistsong_id, playlist_id, song_id, date_added) VALUES (443, 160, 933, '2023-08-18');
INSERT INTO PLAYLIST_SONGS (playlistsong_id, playlist_id, song_id, date_added) VALUES (444, 277, 858, '2023-11-05');
INSERT INTO PLAYLIST_SONGS (playlistsong_id, playlist_id, song_id, date_added) VALUES (445, 453, 152, '2023-04-10');
INSERT INTO PLAYLIST_SONGS (playlistsong_id, playlist_id, song_id, date_added) VALUES (446, 138, 418, '2024-04-25');
INSERT INTO PLAYLIST_SONGS (playlistsong_id, playlist_id, song_id, date_added) VALUES (447, 122, 520, '2023-04-21');
INSERT INTO PLAYLIST_SONGS (playlistsong_id, playlist_id, song_id, date_added) VALUES (448, 19, 511, '2024-05-15');
INSERT INTO PLAYLIST_SONGS (playlistsong_id, playlist_id, song_id, date_added) VALUES (449, 139, 23, '2023-08-19');
INSERT INTO PLAYLIST_SONGS (playlistsong_id, playlist_id, song_id, date_added) VALUES (450, 238, 992, '2023-11-01');
INSERT INTO PLAYLIST_SONGS (playlistsong_id, playlist_id, song_id, date_added) VALUES (451, 439, 61, '2023-04-14');
INSERT INTO PLAYLIST_SONGS (playlistsong_id, playlist_id, song_id, date_added) VALUES (452, 41, 424, '2023-07-09');
INSERT INTO PLAYLIST_SONGS (playlistsong_id, playlist_id, song_id, date_added) VALUES (453, 129, 873, '2023-05-14');
INSERT INTO PLAYLIST_SONGS (playlistsong_id, playlist_id, song_id, date_added) VALUES (454, 428, 821, '2024-01-01');
INSERT INTO PLAYLIST_SONGS (playlistsong_id, playlist_id, song_id, date_added) VALUES (455, 391, 537, '2024-03-27');
INSERT INTO PLAYLIST_SONGS (playlistsong_id, playlist_id, song_id, date_added) VALUES (456, 148, 218, '2023-12-08');
INSERT INTO PLAYLIST_SONGS (playlistsong_id, playlist_id, song_id, date_added) VALUES (457, 335, 965, '2023-04-05');
INSERT INTO PLAYLIST_SONGS (playlistsong_id, playlist_id, song_id, date_added) VALUES (458, 73, 991, '2024-03-09');
INSERT INTO PLAYLIST_SONGS (playlistsong_id, playlist_id, song_id, date_added) VALUES (459, 21, 41, '2023-12-11');
INSERT INTO PLAYLIST_SONGS (playlistsong_id, playlist_id, song_id, date_added) VALUES (460, 144, 242, '2023-11-18');
INSERT INTO PLAYLIST_SONGS (playlistsong_id, playlist_id, song_id, date_added) VALUES (461, 192, 393, '2023-07-04');
INSERT INTO PLAYLIST_SONGS (playlistsong_id, playlist_id, song_id, date_added) VALUES (462, 28, 476, '2023-09-07');
INSERT INTO PLAYLIST_SONGS (playlistsong_id, playlist_id, song_id, date_added) VALUES (463, 208, 93, '2023-10-19');
INSERT INTO PLAYLIST_SONGS (playlistsong_id, playlist_id, song_id, date_added) VALUES (464, 394, 854, '2023-03-29');
INSERT INTO PLAYLIST_SONGS (playlistsong_id, playlist_id, song_id, date_added) VALUES (465, 363, 773, '2024-01-01');
INSERT INTO PLAYLIST_SONGS (playlistsong_id, playlist_id, song_id, date_added) VALUES (466, 384, 814, '2024-01-06');
INSERT INTO PLAYLIST_SONGS (playlistsong_id, playlist_id, song_id, date_added) VALUES (467, 158, 58, '2023-07-28');
INSERT INTO PLAYLIST_SONGS (playlistsong_id, playlist_id, song_id, date_added) VALUES (468, 31, 641, '2023-05-23');
INSERT INTO PLAYLIST_SONGS (playlistsong_id, playlist_id, song_id, date_added) VALUES (469, 171, 83, '2023-09-23');
INSERT INTO PLAYLIST_SONGS (playlistsong_id, playlist_id, song_id, date_added) VALUES (470, 124, 160, '2024-02-18');
INSERT INTO PLAYLIST_SONGS (playlistsong_id, playlist_id, song_id, date_added) VALUES (471, 427, 191, '2023-09-10');
INSERT INTO PLAYLIST_SONGS (playlistsong_id, playlist_id, song_id, date_added) VALUES (472, 410, 433, '2024-03-14');
INSERT INTO PLAYLIST_SONGS (playlistsong_id, playlist_id, song_id, date_added) VALUES (473, 245, 730, '2023-03-17');
INSERT INTO PLAYLIST_SONGS (playlistsong_id, playlist_id, song_id, date_added) VALUES (474, 249, 439, '2023-11-18');
INSERT INTO PLAYLIST_SONGS (playlistsong_id, playlist_id, song_id, date_added) VALUES (475, 27, 995, '2023-04-07');
INSERT INTO PLAYLIST_SONGS (playlistsong_id, playlist_id, song_id, date_added) VALUES (476, 56, 29, '2023-02-24');
INSERT INTO PLAYLIST_SONGS (playlistsong_id, playlist_id, song_id, date_added) VALUES (477, 300, 880, '2024-04-09');
INSERT INTO PLAYLIST_SONGS (playlistsong_id, playlist_id, song_id, date_added) VALUES (478, 429, 789, '2024-03-24');
INSERT INTO PLAYLIST_SONGS (playlistsong_id, playlist_id, song_id, date_added) VALUES (479, 145, 456, '2023-01-15');
INSERT INTO PLAYLIST_SONGS (playlistsong_id, playlist_id, song_id, date_added) VALUES (480, 431, 478, '2024-02-17');
INSERT INTO PLAYLIST_SONGS (playlistsong_id, playlist_id, song_id, date_added) VALUES (481, 462, 508, '2023-04-26');
INSERT INTO PLAYLIST_SONGS (playlistsong_id, playlist_id, song_id, date_added) VALUES (482, 249, 922, '2023-09-13');
INSERT INTO PLAYLIST_SONGS (playlistsong_id, playlist_id, song_id, date_added) VALUES (483, 356, 933, '2024-03-15');
INSERT INTO PLAYLIST_SONGS (playlistsong_id, playlist_id, song_id, date_added) VALUES (484, 139, 793, '2023-01-14');
INSERT INTO PLAYLIST_SONGS (playlistsong_id, playlist_id, song_id, date_added) VALUES (485, 248, 60, '2023-08-12');
INSERT INTO PLAYLIST_SONGS (playlistsong_id, playlist_id, song_id, date_added) VALUES (486, 278, 593, '2024-03-28');
INSERT INTO PLAYLIST_SONGS (playlistsong_id, playlist_id, song_id, date_added) VALUES (487, 126, 936, '2023-06-27');
INSERT INTO PLAYLIST_SONGS (playlistsong_id, playlist_id, song_id, date_added) VALUES (488, 78, 769, '2024-05-08');
INSERT INTO PLAYLIST_SONGS (playlistsong_id, playlist_id, song_id, date_added) VALUES (489, 238, 412, '2023-08-08');
INSERT INTO PLAYLIST_SONGS (playlistsong_id, playlist_id, song_id, date_added) VALUES (490, 340, 23, '2024-03-31');
INSERT INTO PLAYLIST_SONGS (playlistsong_id, playlist_id, song_id, date_added) VALUES (491, 494, 516, '2023-03-10');
INSERT INTO PLAYLIST_SONGS (playlistsong_id, playlist_id, song_id, date_added) VALUES (492, 464, 612, '2023-03-07');
INSERT INTO PLAYLIST_SONGS (playlistsong_id, playlist_id, song_id, date_added) VALUES (493, 277, 466, '2023-08-15');
INSERT INTO PLAYLIST_SONGS (playlistsong_id, playlist_id, song_id, date_added) VALUES (494, 411, 22, '2024-02-01');
INSERT INTO PLAYLIST_SONGS (playlistsong_id, playlist_id, song_id, date_added) VALUES (495, 33, 18, '2023-03-17');
INSERT INTO PLAYLIST_SONGS (playlistsong_id, playlist_id, song_id, date_added) VALUES (496, 89, 670, '2023-10-27');
INSERT INTO PLAYLIST_SONGS (playlistsong_id, playlist_id, song_id, date_added) VALUES (497, 364, 415, '2023-12-24');
INSERT INTO PLAYLIST_SONGS (playlistsong_id, playlist_id, song_id, date_added) VALUES (498, 406, 908, '2023-12-12');
INSERT INTO PLAYLIST_SONGS (playlistsong_id, playlist_id, song_id, date_added) VALUES (499, 165, 25, '2023-12-30');
INSERT INTO PLAYLIST_SONGS (playlistsong_id, playlist_id, song_id, date_added) VALUES (500, 375, 225, '2024-02-17');

-- PLAY_HISTORY Data --
INSERT INTO PLAY_HISTORY (play_id, user_id, song_id, playtime) VALUES (1, 47, 229, '2024-03-11 01:30:58');
INSERT INTO PLAY_HISTORY (play_id, user_id, song_id, playtime) VALUES (2, 21, 448, '2024-04-15 09:04:15');
INSERT INTO PLAY_HISTORY (play_id, user_id, song_id, playtime) VALUES (3, 85, 844, '2024-05-19 05:04:57');
INSERT INTO PLAY_HISTORY (play_id, user_id, song_id, playtime) VALUES (4, 32, 55, '2024-02-26 21:51:43');
INSERT INTO PLAY_HISTORY (play_id, user_id, song_id, playtime) VALUES (5, 52, 861, '2024-03-04 10:28:10');
INSERT INTO PLAY_HISTORY (play_id, user_id, song_id, playtime) VALUES (6, 92, 103, '2024-02-15 02:29:53');
INSERT INTO PLAY_HISTORY (play_id, user_id, song_id, playtime) VALUES (7, 73, 644, '2024-03-13 14:25:04');
INSERT INTO PLAY_HISTORY (play_id, user_id, song_id, playtime) VALUES (8, 65, 686, '2024-04-10 13:05:21');
INSERT INTO PLAY_HISTORY (play_id, user_id, song_id, playtime) VALUES (9, 18, 216, '2024-03-28 09:21:27');
INSERT INTO PLAY_HISTORY (play_id, user_id, song_id, playtime) VALUES (10, 31, 884, '2024-05-19 00:09:51');
INSERT INTO PLAY_HISTORY (play_id, user_id, song_id, playtime) VALUES (11, 94, 300, '2024-04-19 06:41:17');
INSERT INTO PLAY_HISTORY (play_id, user_id, song_id, playtime) VALUES (12, 86, 955, '2024-03-23 23:29:43');
INSERT INTO PLAY_HISTORY (play_id, user_id, song_id, playtime) VALUES (13, 41, 670, '2024-04-30 10:41:00');
INSERT INTO PLAY_HISTORY (play_id, user_id, song_id, playtime) VALUES (14, 41, 622, '2024-05-03 23:35:05');
INSERT INTO PLAY_HISTORY (play_id, user_id, song_id, playtime) VALUES (15, 11, 950, '2024-02-03 23:11:12');
INSERT INTO PLAY_HISTORY (play_id, user_id, song_id, playtime) VALUES (16, 36, 973, '2024-01-18 06:39:54');
INSERT INTO PLAY_HISTORY (play_id, user_id, song_id, playtime) VALUES (17, 7, 363, '2024-04-17 19:29:30');
INSERT INTO PLAY_HISTORY (play_id, user_id, song_id, playtime) VALUES (18, 43, 743, '2024-05-01 07:47:27');
INSERT INTO PLAY_HISTORY (play_id, user_id, song_id, playtime) VALUES (19, 54, 4, '2024-04-04 14:30:29');
INSERT INTO PLAY_HISTORY (play_id, user_id, song_id, playtime) VALUES (20, 37, 754, '2024-02-23 16:22:05');
INSERT INTO PLAY_HISTORY (play_id, user_id, song_id, playtime) VALUES (21, 51, 279, '2024-03-23 22:43:11');
INSERT INTO PLAY_HISTORY (play_id, user_id, song_id, playtime) VALUES (22, 98, 606, '2024-01-19 06:43:14');
INSERT INTO PLAY_HISTORY (play_id, user_id, song_id, playtime) VALUES (23, 93, 289, '2024-02-08 18:09:49');
INSERT INTO PLAY_HISTORY (play_id, user_id, song_id, playtime) VALUES (24, 7, 655, '2024-04-11 09:23:08');
INSERT INTO PLAY_HISTORY (play_id, user_id, song_id, playtime) VALUES (25, 97, 838, '2024-02-18 14:31:09');
INSERT INTO PLAY_HISTORY (play_id, user_id, song_id, playtime) VALUES (26, 43, 863, '2024-05-03 00:03:43');
INSERT INTO PLAY_HISTORY (play_id, user_id, song_id, playtime) VALUES (27, 83, 444, '2024-04-15 21:16:18');
INSERT INTO PLAY_HISTORY (play_id, user_id, song_id, playtime) VALUES (28, 88, 58, '2024-01-25 05:55:40');
INSERT INTO PLAY_HISTORY (play_id, user_id, song_id, playtime) VALUES (29, 33, 352, '2024-01-13 16:12:01');
INSERT INTO PLAY_HISTORY (play_id, user_id, song_id, playtime) VALUES (30, 22, 819, '2024-01-06 00:47:50');
INSERT INTO PLAY_HISTORY (play_id, user_id, song_id, playtime) VALUES (31, 57, 962, '2024-01-31 01:24:14');
INSERT INTO PLAY_HISTORY (play_id, user_id, song_id, playtime) VALUES (32, 71, 70, '2024-04-23 13:15:04');
INSERT INTO PLAY_HISTORY (play_id, user_id, song_id, playtime) VALUES (33, 67, 250, '2024-05-01 08:36:53');
INSERT INTO PLAY_HISTORY (play_id, user_id, song_id, playtime) VALUES (34, 99, 60, '2024-05-02 01:39:32');
INSERT INTO PLAY_HISTORY (play_id, user_id, song_id, playtime) VALUES (35, 77, 955, '2024-05-03 11:36:22');
INSERT INTO PLAY_HISTORY (play_id, user_id, song_id, playtime) VALUES (36, 67, 873, '2024-04-19 13:07:03');
INSERT INTO PLAY_HISTORY (play_id, user_id, song_id, playtime) VALUES (37, 66, 569, '2024-01-16 19:03:25');
INSERT INTO PLAY_HISTORY (play_id, user_id, song_id, playtime) VALUES (38, 100, 520, '2024-01-26 12:38:35');
INSERT INTO PLAY_HISTORY (play_id, user_id, song_id, playtime) VALUES (39, 57, 485, '2024-03-29 06:25:28');
INSERT INTO PLAY_HISTORY (play_id, user_id, song_id, playtime) VALUES (40, 85, 131, '2024-03-12 21:42:42');
INSERT INTO PLAY_HISTORY (play_id, user_id, song_id, playtime) VALUES (41, 16, 872, '2024-03-12 20:09:03');
INSERT INTO PLAY_HISTORY (play_id, user_id, song_id, playtime) VALUES (42, 98, 582, '2024-03-08 08:34:51');
INSERT INTO PLAY_HISTORY (play_id, user_id, song_id, playtime) VALUES (43, 30, 306, '2024-03-05 06:10:50');
INSERT INTO PLAY_HISTORY (play_id, user_id, song_id, playtime) VALUES (44, 73, 372, '2024-03-21 03:01:41');
INSERT INTO PLAY_HISTORY (play_id, user_id, song_id, playtime) VALUES (45, 97, 346, '2024-01-22 14:28:46');
INSERT INTO PLAY_HISTORY (play_id, user_id, song_id, playtime) VALUES (46, 30, 596, '2024-04-16 22:29:43');
INSERT INTO PLAY_HISTORY (play_id, user_id, song_id, playtime) VALUES (47, 7, 293, '2024-05-10 17:22:04');
INSERT INTO PLAY_HISTORY (play_id, user_id, song_id, playtime) VALUES (48, 59, 587, '2024-01-03 05:28:08');
INSERT INTO PLAY_HISTORY (play_id, user_id, song_id, playtime) VALUES (49, 13, 799, '2024-02-11 10:38:27');
INSERT INTO PLAY_HISTORY (play_id, user_id, song_id, playtime) VALUES (50, 90, 471, '2024-05-04 10:57:31');
INSERT INTO PLAY_HISTORY (play_id, user_id, song_id, playtime) VALUES (51, 6, 165, '2024-04-26 17:46:10');
INSERT INTO PLAY_HISTORY (play_id, user_id, song_id, playtime) VALUES (52, 79, 677, '2024-03-22 09:28:51');
INSERT INTO PLAY_HISTORY (play_id, user_id, song_id, playtime) VALUES (53, 73, 966, '2024-03-13 10:42:15');
INSERT INTO PLAY_HISTORY (play_id, user_id, song_id, playtime) VALUES (54, 64, 924, '2024-02-04 12:00:40');
INSERT INTO PLAY_HISTORY (play_id, user_id, song_id, playtime) VALUES (55, 11, 338, '2024-01-16 04:30:34');
INSERT INTO PLAY_HISTORY (play_id, user_id, song_id, playtime) VALUES (56, 57, 384, '2024-04-16 22:18:55');
INSERT INTO PLAY_HISTORY (play_id, user_id, song_id, playtime) VALUES (57, 25, 650, '2024-05-01 16:17:10');
INSERT INTO PLAY_HISTORY (play_id, user_id, song_id, playtime) VALUES (58, 2, 612, '2024-05-08 20:50:45');
INSERT INTO PLAY_HISTORY (play_id, user_id, song_id, playtime) VALUES (59, 17, 574, '2024-05-05 01:49:49');
INSERT INTO PLAY_HISTORY (play_id, user_id, song_id, playtime) VALUES (60, 68, 253, '2024-01-23 03:13:57');
INSERT INTO PLAY_HISTORY (play_id, user_id, song_id, playtime) VALUES (61, 58, 664, '2024-03-11 17:29:39');
INSERT INTO PLAY_HISTORY (play_id, user_id, song_id, playtime) VALUES (62, 56, 827, '2024-04-01 17:16:16');
INSERT INTO PLAY_HISTORY (play_id, user_id, song_id, playtime) VALUES (63, 72, 36, '2024-04-09 16:08:10');
INSERT INTO PLAY_HISTORY (play_id, user_id, song_id, playtime) VALUES (64, 22, 587, '2024-02-09 07:13:21');
INSERT INTO PLAY_HISTORY (play_id, user_id, song_id, playtime) VALUES (65, 75, 618, '2024-05-18 18:26:37');
INSERT INTO PLAY_HISTORY (play_id, user_id, song_id, playtime) VALUES (66, 63, 894, '2024-03-14 02:11:48');
INSERT INTO PLAY_HISTORY (play_id, user_id, song_id, playtime) VALUES (67, 30, 739, '2024-05-09 12:54:53');
INSERT INTO PLAY_HISTORY (play_id, user_id, song_id, playtime) VALUES (68, 26, 980, '2024-05-08 19:23:33');
INSERT INTO PLAY_HISTORY (play_id, user_id, song_id, playtime) VALUES (69, 17, 322, '2024-05-10 08:24:37');
INSERT INTO PLAY_HISTORY (play_id, user_id, song_id, playtime) VALUES (70, 41, 6, '2024-03-16 00:31:11');
INSERT INTO PLAY_HISTORY (play_id, user_id, song_id, playtime) VALUES (71, 47, 767, '2024-04-22 20:31:51');
INSERT INTO PLAY_HISTORY (play_id, user_id, song_id, playtime) VALUES (72, 73, 143, '2024-02-21 09:16:49');
INSERT INTO PLAY_HISTORY (play_id, user_id, song_id, playtime) VALUES (73, 40, 128, '2024-04-13 17:56:45');
INSERT INTO PLAY_HISTORY (play_id, user_id, song_id, playtime) VALUES (74, 92, 290, '2024-02-06 17:05:52');
INSERT INTO PLAY_HISTORY (play_id, user_id, song_id, playtime) VALUES (75, 94, 833, '2024-02-21 20:31:36');
INSERT INTO PLAY_HISTORY (play_id, user_id, song_id, playtime) VALUES (76, 97, 221, '2024-04-12 19:24:16');
INSERT INTO PLAY_HISTORY (play_id, user_id, song_id, playtime) VALUES (77, 12, 849, '2024-04-27 01:12:30');
INSERT INTO PLAY_HISTORY (play_id, user_id, song_id, playtime) VALUES (78, 19, 64, '2024-02-14 08:54:01');
INSERT INTO PLAY_HISTORY (play_id, user_id, song_id, playtime) VALUES (79, 72, 940, '2024-02-23 08:45:41');
INSERT INTO PLAY_HISTORY (play_id, user_id, song_id, playtime) VALUES (80, 85, 437, '2024-03-07 17:00:58');
INSERT INTO PLAY_HISTORY (play_id, user_id, song_id, playtime) VALUES (81, 29, 122, '2024-02-16 20:55:37');
INSERT INTO PLAY_HISTORY (play_id, user_id, song_id, playtime) VALUES (82, 11, 746, '2024-02-17 10:19:06');
INSERT INTO PLAY_HISTORY (play_id, user_id, song_id, playtime) VALUES (83, 8, 274, '2024-03-20 04:01:24');
INSERT INTO PLAY_HISTORY (play_id, user_id, song_id, playtime) VALUES (84, 66, 169, '2024-03-25 21:01:40');
INSERT INTO PLAY_HISTORY (play_id, user_id, song_id, playtime) VALUES (85, 38, 199, '2024-01-07 12:01:43');
INSERT INTO PLAY_HISTORY (play_id, user_id, song_id, playtime) VALUES (86, 54, 390, '2024-01-25 23:27:19');
INSERT INTO PLAY_HISTORY (play_id, user_id, song_id, playtime) VALUES (87, 2, 514, '2024-04-26 14:43:29');
INSERT INTO PLAY_HISTORY (play_id, user_id, song_id, playtime) VALUES (88, 62, 512, '2024-05-05 05:28:55');
INSERT INTO PLAY_HISTORY (play_id, user_id, song_id, playtime) VALUES (89, 38, 474, '2024-04-05 03:19:56');
INSERT INTO PLAY_HISTORY (play_id, user_id, song_id, playtime) VALUES (90, 95, 374, '2024-03-01 22:27:52');
INSERT INTO PLAY_HISTORY (play_id, user_id, song_id, playtime) VALUES (91, 34, 319, '2024-01-01 03:32:16');
INSERT INTO PLAY_HISTORY (play_id, user_id, song_id, playtime) VALUES (92, 26, 224, '2024-05-09 16:29:17');
INSERT INTO PLAY_HISTORY (play_id, user_id, song_id, playtime) VALUES (93, 69, 359, '2024-02-18 01:44:17');
INSERT INTO PLAY_HISTORY (play_id, user_id, song_id, playtime) VALUES (94, 95, 468, '2024-04-04 12:07:45');
INSERT INTO PLAY_HISTORY (play_id, user_id, song_id, playtime) VALUES (95, 66, 583, '2024-01-02 01:51:59');
INSERT INTO PLAY_HISTORY (play_id, user_id, song_id, playtime) VALUES (96, 46, 877, '2024-04-25 00:04:10');
INSERT INTO PLAY_HISTORY (play_id, user_id, song_id, playtime) VALUES (97, 51, 974, '2024-03-12 08:11:06');
INSERT INTO PLAY_HISTORY (play_id, user_id, song_id, playtime) VALUES (98, 97, 539, '2024-01-01 20:35:23');
INSERT INTO PLAY_HISTORY (play_id, user_id, song_id, playtime) VALUES (99, 8, 163, '2024-02-17 03:53:29');
INSERT INTO PLAY_HISTORY (play_id, user_id, song_id, playtime) VALUES (100, 35, 386, '2024-05-11 00:47:48');

SET FOREIGN_KEY_CHECKS = 1;
