-- SQL INSERT statements for Music Player Database
-- Generated by generate_data.php
-- Student Name: [Your Name]
-- Student ID: [Your Student ID]

SET FOREIGN_KEY_CHECKS = 0;
TRUNCATE TABLE PLAY_HISTORY;
TRUNCATE TABLE PLAYLIST_SONGS;
TRUNCATE TABLE PLAYLISTS;
TRUNCATE TABLE SONGS;
TRUNCATE TABLE ALBUMS;
TRUNCATE TABLE ARTISTS;
TRUNCATE TABLE USERS;
TRUNCATE TABLE COUNTRY;
SET FOREIGN_KEY_CHECKS = 1;


-- COUNTRY Data --
INSERT INTO COUNTRY (country_id, country_name, country_code) VALUES (1, 'Türkiye', 'TR');
INSERT INTO COUNTRY (country_id, country_name, country_code) VALUES (2, 'USA', 'US');
INSERT INTO COUNTRY (country_id, country_name, country_code) VALUES (3, 'UK', 'GB');
INSERT INTO COUNTRY (country_id, country_name, country_code) VALUES (4, 'Canada', 'CA');
INSERT INTO COUNTRY (country_id, country_name, country_code) VALUES (5, 'Germany', 'DE');
INSERT INTO COUNTRY (country_id, country_name, country_code) VALUES (6, 'France', 'FR');
INSERT INTO COUNTRY (country_id, country_name, country_code) VALUES (7, 'Japan', 'JP');
INSERT INTO COUNTRY (country_id, country_name, country_code) VALUES (8, 'South Korea', 'KR');
INSERT INTO COUNTRY (country_id, country_name, country_code) VALUES (9, 'Australia', 'AU');
INSERT INTO COUNTRY (country_id, country_name, country_code) VALUES (10, 'Brazil', 'BR');
INSERT INTO COUNTRY (country_id, country_name, country_code) VALUES (11, 'India', 'IN');
INSERT INTO COUNTRY (country_id, country_name, country_code) VALUES (12, 'Spain', 'ES');
INSERT INTO COUNTRY (country_id, country_name, country_code) VALUES (13, 'Italy', 'IT');
INSERT INTO COUNTRY (country_id, country_name, country_code) VALUES (14, 'Mexico', 'MX');
INSERT INTO COUNTRY (country_id, country_name, country_code) VALUES (15, 'Sweden', 'SE');
INSERT INTO COUNTRY (country_id, country_name, country_code) VALUES (16, 'Norway', 'NO');
INSERT INTO COUNTRY (country_id, country_name, country_code) VALUES (17, 'Argentina', 'AR');
INSERT INTO COUNTRY (country_id, country_name, country_code) VALUES (18, 'Egypt', 'EG');
INSERT INTO COUNTRY (country_id, country_name, country_code) VALUES (19, 'China', 'CN');
INSERT INTO COUNTRY (country_id, country_name, country_code) VALUES (20, 'Russia', 'RU');

-- USERS Data --
INSERT INTO USERS (user_id, country_id, age, name, username, email, password, date_joined, last_login, follower_num, subscription_type, top_genre, num_songs_liked, most_played_artist, image) VALUES (1, 7, 51, 'Sefa Senem', 'sefa', 'efaenem1@example.com', '$2y$10$C66i/IcuMoT9b11BZK11t.B7TlWL4sqeuPLz8wxpAQ3NvRRwBnjC.', '2022-03-17', '2022-03-30', 489, 'Premium', 'Jazz', 199, 'Pelin Sefa', 'https://picsum.photos/id/52/100/100');
INSERT INTO USERS (user_id, country_id, age, name, username, email, password, date_joined, last_login, follower_num, subscription_type, top_genre, num_songs_liked, most_played_artist, image) VALUES (2, 5, 19, 'Gizem Kerem', 'gizem', 'izemerem2@example.com', '$2y$10$SnAMjTrP4nW8wwA/oOVucO4Fi9x4GkNJ6kR7S2opNlndl12YGe6he', '2023-12-11', '2024-01-29', 358, 'Premium', 'Metal', 491, 'Yasin Deniz', 'https://picsum.photos/id/39/100/100');
INSERT INTO USERS (user_id, country_id, age, name, username, email, password, date_joined, last_login, follower_num, subscription_type, top_genre, num_songs_liked, most_played_artist, image) VALUES (3, 16, 66, 'Ömer Eda', 'Ömer', 'merda3@example.com', '$2y$10$ZuiM4K7LC9fqbtZI/zL6a.a9nRTaseRow5ifJFWL15z5n0kExtzo2', '2018-10-24', '2024-01-01', 79, 'Premium', 'Indie', 327, 'Bahar Yeliz', 'https://picsum.photos/id/66/100/100');
INSERT INTO USERS (user_id, country_id, age, name, username, email, password, date_joined, last_login, follower_num, subscription_type, top_genre, num_songs_liked, most_played_artist, image) VALUES (4, 18, 22, 'Sefa Yağmur', 'sefa1', 'efaamur4@example.com', '$2y$10$F/e34f79PVOgtce1Mlx2B.dMddda.GzU6Glhhbf49H1BJh/nNRWeO', '2023-04-27', '2023-12-05', 212, 'Free', 'Metal', 181, 'Serkan Irem', 'https://picsum.photos/id/25/100/100');
INSERT INTO USERS (user_id, country_id, age, name, username, email, password, date_joined, last_login, follower_num, subscription_type, top_genre, num_songs_liked, most_played_artist, image) VALUES (5, 3, 37, 'Rüya Can', 'rüya', 'yaan5@example.com', '$2y$10$wP7Xnxr7aB4yJ1G4/B1Vd.h3TZYYC7/vj3TuNp2bjmKxBZBh/FegO', '2013-05-22', '2024-04-16', 802, 'Free', 'Metal', 415, 'Ceren Onur', 'https://picsum.photos/id/28/100/100');
INSERT INTO USERS (user_id, country_id, age, name, username, email, password, date_joined, last_login, follower_num, subscription_type, top_genre, num_songs_liked, most_played_artist, image) VALUES (6, 2, 23, 'Rüya Okan', 'rüya1', 'yakan6@example.com', '$2y$10$SlitvYwEWK51IZT3HrkkguzsiBcHRbFB2fw0fvgliQMSvu9Ez7qty', '2019-08-07', '2024-02-13', 5, 'Free', 'Blues', 481, 'Ayşen Emre', 'https://picsum.photos/id/1/100/100');
INSERT INTO USERS (user_id, country_id, age, name, username, email, password, date_joined, last_login, follower_num, subscription_type, top_genre, num_songs_liked, most_played_artist, image) VALUES (7, 16, 21, 'Onur Koray', 'onur', 'nuroray7@example.com', '$2y$10$3wYkMmUPDbL0DiIm4s/AiOWABtGwvJfWKptIy/UNb30rQDfifgAH.', '2019-04-11', '2020-07-08', 353, 'Premium', 'Metal', 271, 'Senem Yağmur', 'https://picsum.photos/id/83/100/100');
INSERT INTO USERS (user_id, country_id, age, name, username, email, password, date_joined, last_login, follower_num, subscription_type, top_genre, num_songs_liked, most_played_artist, image) VALUES (8, 15, 34, 'Yağmur Sefa', 'yağmur', 'amurefa8@example.com', '$2y$10$EOmTsza/gmqxcXq6EYSzhejrmqU55GvgUmMkpQsq801SO9/7rVZum', '2016-03-13', '2020-03-14', 968, 'Premium', 'Metal', 239, 'Nisa Murat', 'https://picsum.photos/id/61/100/100');
INSERT INTO USERS (user_id, country_id, age, name, username, email, password, date_joined, last_login, follower_num, subscription_type, top_genre, num_songs_liked, most_played_artist, image) VALUES (9, 15, 44, 'Mert Rüya', 'mert', 'ertya9@example.com', '$2y$10$A3f9CltYSNE5TkAduYVXie7xVUlJH/EYz/rRMPrxXfcHAJdYh1K/a', '2011-03-05', '2016-08-29', 579, 'Free', 'Reggae', 132, 'Burak Volkan', 'https://picsum.photos/id/13/100/100');
INSERT INTO USERS (user_id, country_id, age, name, username, email, password, date_joined, last_login, follower_num, subscription_type, top_genre, num_songs_liked, most_played_artist, image) VALUES (10, 18, 53, 'Senem Burak', 'senem', 'enemurak10@example.com', '$2y$10$wFj/UFXYY6YFSiW1OdDF0uFfPnZZVMW65c4sIPbBGLzDf96YaV.VW', '2010-04-20', '2013-03-23', 793, 'Free', 'Indie', 16, 'Irem Mert', 'https://picsum.photos/id/98/100/100');
INSERT INTO USERS (user_id, country_id, age, name, username, email, password, date_joined, last_login, follower_num, subscription_type, top_genre, num_songs_liked, most_played_artist, image) VALUES (11, 12, 64, 'Sefa Murat', 'sefa2', 'efaurat11@example.com', '$2y$10$AaqeKiVJp4keujImeMeE0.p/FphUfEq5oNAuoKu982TAgtRSNStXu', '2015-01-19', '2022-11-05', 73, 'Free', 'Indie', 495, 'Pelin Rüya', 'https://picsum.photos/id/73/100/100');
INSERT INTO USERS (user_id, country_id, age, name, username, email, password, date_joined, last_login, follower_num, subscription_type, top_genre, num_songs_liked, most_played_artist, image) VALUES (12, 10, 59, 'Burak Kaan', 'burak', 'urakaan12@example.com', '$2y$10$o71D1kWbCd8WWd/3x9u45.pNWPJW1BiAQRNpdKONEoWyulvHmyCuW', '2011-03-04', '2011-11-25', 931, 'Free', 'Dance', 100, 'Utku Yağmur', 'https://picsum.photos/id/22/100/100');
INSERT INTO USERS (user_id, country_id, age, name, username, email, password, date_joined, last_login, follower_num, subscription_type, top_genre, num_songs_liked, most_played_artist, image) VALUES (13, 19, 27, 'Emre Rüya', 'emre', 'mreya13@example.com', '$2y$10$.tTuo1XDiaP4c5oqu9fbbeyYfrPG0m24dvo9uAzlITU.u5AdN4dLW', '2013-10-14', '2014-12-22', 621, 'Premium', 'Alternative', 326, 'Yasin Pinar', 'https://picsum.photos/id/100/100/100');
INSERT INTO USERS (user_id, country_id, age, name, username, email, password, date_joined, last_login, follower_num, subscription_type, top_genre, num_songs_liked, most_played_artist, image) VALUES (14, 2, 33, 'Yasin Onur', 'yasin', 'asinnur14@example.com', '$2y$10$j240V5pJbnuzvvHheKE/e.kNSDBO.TNU075UXc..oiN8gge9YLHti', '2015-04-07', '2021-10-10', 70, 'Free', 'Jazz', 287, 'Utku Burak', 'https://picsum.photos/id/95/100/100');
INSERT INTO USERS (user_id, country_id, age, name, username, email, password, date_joined, last_login, follower_num, subscription_type, top_genre, num_songs_liked, most_played_artist, image) VALUES (15, 10, 26, 'Yasin Bahar', 'yasin1', 'asinahar15@example.com', '$2y$10$N10lLKpwP5.XeZNzqBhK/ucZ9CmPyr/SoUUDouR1gK0s/MfVLO1ca', '2011-01-13', '2013-10-28', 720, 'Premium', 'Hip Hop', 341, 'Okan Umut', 'https://picsum.photos/id/77/100/100');
INSERT INTO USERS (user_id, country_id, age, name, username, email, password, date_joined, last_login, follower_num, subscription_type, top_genre, num_songs_liked, most_played_artist, image) VALUES (16, 10, 39, 'Yasin Lale', 'yasin2', 'asinale16@example.com', '$2y$10$AVuO614Zg61fm6pdkNMaZeqeMVCo1.uwgQC9b3wihBFZOKf.ZmdpW', '2021-11-11', '2022-10-23', 889, 'Premium', 'Reggae', 19, 'Yeliz Zeynep', 'https://picsum.photos/id/59/100/100');
INSERT INTO USERS (user_id, country_id, age, name, username, email, password, date_joined, last_login, follower_num, subscription_type, top_genre, num_songs_liked, most_played_artist, image) VALUES (17, 10, 34, 'Mert Nisa', 'mert1', 'ertisa17@example.com', '$2y$10$5aFe.CSs8q7IqzRoC1Nq4uaIvktRRLoy3BAtFdzeE8j9EVSKWC.US', '2015-05-06', '2021-08-18', 577, 'Premium', 'Hip Hop', 122, 'Ömer Doruk', 'https://picsum.photos/id/72/100/100');
INSERT INTO USERS (user_id, country_id, age, name, username, email, password, date_joined, last_login, follower_num, subscription_type, top_genre, num_songs_liked, most_played_artist, image) VALUES (18, 15, 35, 'Eda Gizem', 'eda', 'daizem18@example.com', '$2y$10$XKD7q13uxlkGDbreFo64mObzNGdl0hjP0aCG7hthta6OJNHD6aM5W', '2015-11-29', '2022-03-14', 649, 'Free', 'Reggae', 457, 'Ömer Doruk', 'https://picsum.photos/id/64/100/100');
INSERT INTO USERS (user_id, country_id, age, name, username, email, password, date_joined, last_login, follower_num, subscription_type, top_genre, num_songs_liked, most_played_artist, image) VALUES (19, 12, 46, 'Senem Ömer', 'senem1', 'enemmer19@example.com', '$2y$10$xFkWVEqwTw7gLowQJP1w7.aiGai52uOZNCOub1QiKLoKbsylN61NS', '2022-07-22', '2022-07-28', 427, 'Premium', 'Electronic', 393, 'Koray Irem', 'https://picsum.photos/id/66/100/100');
INSERT INTO USERS (user_id, country_id, age, name, username, email, password, date_joined, last_login, follower_num, subscription_type, top_genre, num_songs_liked, most_played_artist, image) VALUES (20, 18, 25, 'Eda Yasin', 'eda1', 'daasin20@example.com', '$2y$10$AnMOrJN65pq8E14TjMXbbuc3VWejfQ40yhiUkZjEJAkW1wU1s3Fyi', '2013-03-29', '2022-02-11', 358, 'Free', 'Indie', 109, 'Can Serkan', 'https://picsum.photos/id/10/100/100');
INSERT INTO USERS (user_id, country_id, age, name, username, email, password, date_joined, last_login, follower_num, subscription_type, top_genre, num_songs_liked, most_played_artist, image) VALUES (21, 17, 56, 'Tugçe Emre', 'tugçe', 'ugemre21@example.com', '$2y$10$5wJEcv0G/5T5LRK151KB1e87X.5P1QI3NjVs9zigjxRByISv2f8Va', '2014-06-06', '2021-03-30', 189, 'Free', 'Country', 369, 'Koray Tugçe', 'https://picsum.photos/id/15/100/100');
INSERT INTO USERS (user_id, country_id, age, name, username, email, password, date_joined, last_login, follower_num, subscription_type, top_genre, num_songs_liked, most_played_artist, image) VALUES (22, 4, 49, 'Kerem Mert', 'kerem', 'eremert22@example.com', '$2y$10$ROG9vDxAXDFDhq5R1qZ.B.I1s8nPrzaPEJ28MFaECjDwkN/moPdLu', '2015-05-30', '2016-05-31', 634, 'Free', 'Classical', 330, 'Eda Rüya', 'https://picsum.photos/id/62/100/100');
INSERT INTO USERS (user_id, country_id, age, name, username, email, password, date_joined, last_login, follower_num, subscription_type, top_genre, num_songs_liked, most_played_artist, image) VALUES (23, 7, 47, 'Merve Gizem', 'merve', 'erveizem23@example.com', '$2y$10$97JrVwcrIDXyRx1v6AS/Oekb5d3/EXIQovcwr0UXlrtCgQp12vnhy', '2022-07-29', '2023-10-13', 286, 'Free', 'R&B', 96, 'Merve Can', 'https://picsum.photos/id/72/100/100');
INSERT INTO USERS (user_id, country_id, age, name, username, email, password, date_joined, last_login, follower_num, subscription_type, top_genre, num_songs_liked, most_played_artist, image) VALUES (24, 3, 18, 'Mert Yeliz', 'mert2', 'erteliz24@example.com', '$2y$10$wS9lZ5OffL.1x7WQ3IxO8u78EKophePfaV67yWkpFbFiQE0nLV7qu', '2020-10-18', '2021-10-04', 151, 'Premium', 'Pop', 318, 'Yasin Pinar', 'https://picsum.photos/id/77/100/100');
INSERT INTO USERS (user_id, country_id, age, name, username, email, password, date_joined, last_login, follower_num, subscription_type, top_genre, num_songs_liked, most_played_artist, image) VALUES (25, 9, 22, 'Elif Kerem', 'elif', 'liferem25@example.com', '$2y$10$JO/dBM.TJt5a3XPZ7Hqc7Or.FC5TGN2LP1Elc5.IKNbcOAh90R1li', '2019-06-11', '2019-06-29', 621, 'Premium', 'Electronic', 445, 'Ceren Mert', 'https://picsum.photos/id/56/100/100');
INSERT INTO USERS (user_id, country_id, age, name, username, email, password, date_joined, last_login, follower_num, subscription_type, top_genre, num_songs_liked, most_played_artist, image) VALUES (26, 17, 48, 'Vildan Murat', 'vildan', 'ildanurat26@example.com', '$2y$10$M95mgP747UYYzAUphuAbU.4dI.13o8.oXGNhchocgxVvamp46Lz0K', '2020-09-13', '2023-10-19', 925, 'Free', 'Pop', 175, 'Ayşen Yağmur', 'https://picsum.photos/id/51/100/100');
INSERT INTO USERS (user_id, country_id, age, name, username, email, password, date_joined, last_login, follower_num, subscription_type, top_genre, num_songs_liked, most_played_artist, image) VALUES (27, 6, 58, 'Tuba Bahar', 'tuba', 'ubaahar27@example.com', '$2y$10$Bbhytf6XLa/em4s./UrHfOJ2eIjxaSvlV3yQDeVkovLJv03mWW/RG', '2018-06-08', '2024-04-26', 728, 'Premium', 'Electronic', 388, 'Irem Ömer', 'https://picsum.photos/id/77/100/100');
INSERT INTO USERS (user_id, country_id, age, name, username, email, password, date_joined, last_login, follower_num, subscription_type, top_genre, num_songs_liked, most_played_artist, image) VALUES (28, 20, 45, 'Burak Burak', 'burak1', 'urakurak28@example.com', '$2y$10$ayxS7.4mQ.yaas15RRVe1.easm2I4n2vj/jVbcogCIo/riUGnUDn6', '2014-02-25', '2017-09-05', 263, 'Free', 'Reggae', 270, 'Pinar Onur', 'https://picsum.photos/id/40/100/100');
INSERT INTO USERS (user_id, country_id, age, name, username, email, password, date_joined, last_login, follower_num, subscription_type, top_genre, num_songs_liked, most_played_artist, image) VALUES (29, 2, 24, 'Can Burak', 'can', 'anurak29@example.com', '$2y$10$CIUBrkcHPik7rdlkwYKP5OFCQblOPz4UsTR4jjb.TQZAGdP.jfqwu', '2023-10-15', '2023-12-01', 535, 'Premium', 'Classical', 460, 'Ceren Ayşen', 'https://picsum.photos/id/26/100/100');
INSERT INTO USERS (user_id, country_id, age, name, username, email, password, date_joined, last_login, follower_num, subscription_type, top_genre, num_songs_liked, most_played_artist, image) VALUES (30, 6, 44, 'Pinar Zeynep', 'pinar', 'inareynep30@example.com', '$2y$10$hRD7xR1jLFXD20DsXT/vTeVzWkAJ1xqFIFldUezS.9CcUhOM6gVYC', '2017-03-18', '2022-07-01', 464, 'Premium', 'Reggae', 26, 'Zeynep Sefa', 'https://picsum.photos/id/67/100/100');
INSERT INTO USERS (user_id, country_id, age, name, username, email, password, date_joined, last_login, follower_num, subscription_type, top_genre, num_songs_liked, most_played_artist, image) VALUES (31, 5, 65, 'Senem Serkan', 'senem2', 'enemerkan31@example.com', '$2y$10$4xg.Q7/s21E5BZ3YymLma.IEMIngUOWX/rHKq4ZbVYy0l1riC5MG2', '2017-07-07', '2021-07-21', 142, 'Premium', 'Rock', 369, 'Nisa Senem', 'https://picsum.photos/id/39/100/100');
INSERT INTO USERS (user_id, country_id, age, name, username, email, password, date_joined, last_login, follower_num, subscription_type, top_genre, num_songs_liked, most_played_artist, image) VALUES (32, 17, 46, 'Utku Bahar', 'utku', 'tkuahar32@example.com', '$2y$10$9W0cL4Ye/czlXymAmrxXM.YzCHkhJ9pnyp7tcEghjCdaFJrP0wMEq', '2015-03-29', '2017-07-06', 840, 'Free', 'Folk', 187, 'Onur Vildan', 'https://picsum.photos/id/23/100/100');
INSERT INTO USERS (user_id, country_id, age, name, username, email, password, date_joined, last_login, follower_num, subscription_type, top_genre, num_songs_liked, most_played_artist, image) VALUES (33, 20, 57, 'Zeki Kaan', 'zeki', 'ekiaan33@example.com', '$2y$10$HbBMeVoe8BDJGTyftjSaROljLX55bVETmkgFI8rNFF9yrQ5pAOzza', '2016-02-06', '2022-07-01', 883, 'Premium', 'Rock', 349, 'Sefa Doruk', 'https://picsum.photos/id/92/100/100');
INSERT INTO USERS (user_id, country_id, age, name, username, email, password, date_joined, last_login, follower_num, subscription_type, top_genre, num_songs_liked, most_played_artist, image) VALUES (34, 8, 23, 'Zeki Bahar', 'zeki1', 'ekiahar34@example.com', '$2y$10$re.4/Kfr3zcJexiwPpePjes2Yu1gGsUBqSkGkZKKPalNmcEMdjahi', '2019-08-30', '2022-06-26', 964, 'Premium', 'Folk', 405, 'Merve Can', 'https://picsum.photos/id/6/100/100');
INSERT INTO USERS (user_id, country_id, age, name, username, email, password, date_joined, last_login, follower_num, subscription_type, top_genre, num_songs_liked, most_played_artist, image) VALUES (35, 18, 67, 'Eda Pelin', 'eda2', 'daelin35@example.com', '$2y$10$7xszpwm.jV4GW.793j6hM.NnAwqlgTvKodbyaQ1UQN/0FxFl0sWt2', '2016-07-13', '2019-12-31', 585, 'Free', 'Pop', 62, 'Pinar Onur', 'https://picsum.photos/id/39/100/100');
INSERT INTO USERS (user_id, country_id, age, name, username, email, password, date_joined, last_login, follower_num, subscription_type, top_genre, num_songs_liked, most_played_artist, image) VALUES (36, 6, 52, 'Rüya Nisa', 'rüya2', 'yaisa36@example.com', '$2y$10$4o3DwiUt03C37wp8Y9iYo.V98jILoyODW7AXv5idVdm6W0E/L1zLG', '2016-09-13', '2020-06-26', 63, 'Premium', 'Indie', 358, 'Onur Nisa', 'https://picsum.photos/id/88/100/100');
INSERT INTO USERS (user_id, country_id, age, name, username, email, password, date_joined, last_login, follower_num, subscription_type, top_genre, num_songs_liked, most_played_artist, image) VALUES (37, 14, 52, 'Merve Pelin', 'merve1', 'erveelin37@example.com', '$2y$10$C7axyBcFYPRD24RTqCKAoO7YkxQLZS5Ei30eUduEQOkvmedsdVZem', '2011-06-15', '2016-10-22', 393, 'Free', 'Alternative', 56, 'Bahar Serkan', 'https://picsum.photos/id/73/100/100');
INSERT INTO USERS (user_id, country_id, age, name, username, email, password, date_joined, last_login, follower_num, subscription_type, top_genre, num_songs_liked, most_played_artist, image) VALUES (38, 5, 55, 'Can Kerem', 'can1', 'anerem38@example.com', '$2y$10$hUSahuIN9MEOjlQJ8V82PetN6QQd5HlJoNk9hkrhoI.aFOm3bj.S.', '2022-12-03', '2024-01-06', 71, 'Free', 'Blues', 203, 'Yasin Volkan', 'https://picsum.photos/id/70/100/100');
INSERT INTO USERS (user_id, country_id, age, name, username, email, password, date_joined, last_login, follower_num, subscription_type, top_genre, num_songs_liked, most_played_artist, image) VALUES (39, 9, 43, 'Volkan Okan', 'volkan', 'olkankan39@example.com', '$2y$10$BwSsjoZ18fzYGGJKH9ZZ2OqHLxae0lLUYP9IsFixFAfwyEjR.ilAK', '2011-04-22', '2022-05-27', 901, 'Premium', 'Electronic', 58, 'Irem Merve', 'https://picsum.photos/id/98/100/100');
INSERT INTO USERS (user_id, country_id, age, name, username, email, password, date_joined, last_login, follower_num, subscription_type, top_genre, num_songs_liked, most_played_artist, image) VALUES (40, 11, 45, 'Eda Zeynep', 'eda3', 'daeynep40@example.com', '$2y$10$9UOJ77bAeIq.BvHLOWJQlebkM4ywpOkjHll5At5Uw8dOOz/lYY5Ra', '2021-02-17', '2021-08-02', 51, 'Free', 'Reggae', 102, 'Ayşen Lale', 'https://picsum.photos/id/19/100/100');
INSERT INTO USERS (user_id, country_id, age, name, username, email, password, date_joined, last_login, follower_num, subscription_type, top_genre, num_songs_liked, most_played_artist, image) VALUES (41, 6, 29, 'Tuba Volkan', 'tuba1', 'ubaolkan41@example.com', '$2y$10$/cS7mXuJg9flGohes5TxD.7r5i5.wGwjztfFnr1sMxL75xJCfNzdi', '2018-07-12', '2020-02-21', 407, 'Free', 'Folk', 183, 'Pinar Onur', 'https://picsum.photos/id/81/100/100');
INSERT INTO USERS (user_id, country_id, age, name, username, email, password, date_joined, last_login, follower_num, subscription_type, top_genre, num_songs_liked, most_played_artist, image) VALUES (42, 1, 49, 'Zeki Eda', 'zeki2', 'ekida42@example.com', '$2y$10$WGXDLIEDu2AqIQD9wzfpgu3xf7gVQPhM62xjjNrsOXyO88TldwPui', '2012-10-30', '2016-08-21', 762, 'Free', 'Reggae', 290, 'Mert Murat', 'https://picsum.photos/id/83/100/100');
INSERT INTO USERS (user_id, country_id, age, name, username, email, password, date_joined, last_login, follower_num, subscription_type, top_genre, num_songs_liked, most_played_artist, image) VALUES (43, 12, 56, 'Senem Ömer', 'senem3', 'enemmer43@example.com', '$2y$10$Ahqsm/XDWxUjyjLV.Ds/Rec1MaFeFo177pWETjGAJd9CCQM.PyOtK', '2019-03-23', '2020-12-11', 117, 'Premium', 'Hip Hop', 186, 'Ayşen Yağmur', 'https://picsum.photos/id/25/100/100');
INSERT INTO USERS (user_id, country_id, age, name, username, email, password, date_joined, last_login, follower_num, subscription_type, top_genre, num_songs_liked, most_played_artist, image) VALUES (44, 20, 32, 'Bahar Tuba', 'bahar', 'aharuba44@example.com', '$2y$10$evq0bu3lhX0xkbmUGMGrAuvdaCPmNzGvP4Qu2i.FxX0k8BtOKF5CC', '2015-05-19', '2021-12-28', 518, 'Premium', 'R&B', 410, 'Pinar Onur', 'https://picsum.photos/id/75/100/100');
INSERT INTO USERS (user_id, country_id, age, name, username, email, password, date_joined, last_login, follower_num, subscription_type, top_genre, num_songs_liked, most_played_artist, image) VALUES (45, 8, 62, 'Onur Senem', 'onur1', 'nurenem45@example.com', '$2y$10$ikwIXk71KPw3.hjmWhctAOBzpqrS5ICHeReMCQyZg6EoP0IRow8ti', '2014-10-09', '2023-11-03', 52, 'Premium', 'Electronic', 157, 'Irem Yağmur', 'https://picsum.photos/id/51/100/100');
INSERT INTO USERS (user_id, country_id, age, name, username, email, password, date_joined, last_login, follower_num, subscription_type, top_genre, num_songs_liked, most_played_artist, image) VALUES (46, 17, 40, 'Ayşen Koray', 'ayşen', 'yenoray46@example.com', '$2y$10$x9ahzzgnN1B8PHZQhySeS.2WNqixalmf497L6wrHC.vF6lPjmRXW.', '2013-10-28', '2014-01-03', 866, 'Free', 'Pop', 358, 'Bahar Yeliz', 'https://picsum.photos/id/65/100/100');
INSERT INTO USERS (user_id, country_id, age, name, username, email, password, date_joined, last_login, follower_num, subscription_type, top_genre, num_songs_liked, most_played_artist, image) VALUES (47, 20, 18, 'Murat Senem', 'murat', 'uratenem47@example.com', '$2y$10$puXxwcWrryHKmsFY6ByPUulSGA/pvnSExIkJS.1/w5xdgMz4hCc0S', '2018-07-22', '2021-01-21', 14, 'Free', 'Pop', 239, 'Lale Deniz', 'https://picsum.photos/id/30/100/100');
INSERT INTO USERS (user_id, country_id, age, name, username, email, password, date_joined, last_login, follower_num, subscription_type, top_genre, num_songs_liked, most_played_artist, image) VALUES (48, 3, 35, 'Elif Deniz', 'elif1', 'lifeniz48@example.com', '$2y$10$AufRfFiaZ64KGRvWbwv0OuDbs5hlVXaz8cN30AN0zAtL1Z92oXWCG', '2011-06-17', '2014-02-14', 937, 'Premium', 'Dance', 100, 'Yeliz Ceren', 'https://picsum.photos/id/1/100/100');
INSERT INTO USERS (user_id, country_id, age, name, username, email, password, date_joined, last_login, follower_num, subscription_type, top_genre, num_songs_liked, most_played_artist, image) VALUES (49, 16, 68, 'Okan Senem', 'okan', 'kanenem49@example.com', '$2y$10$i2WD9sNd9tE1kvFb9qr8FOa02iy9WcwFYbyO46BGfPw8LAJvNiKcy', '2017-05-18', '2019-12-21', 98, 'Premium', 'Reggae', 398, 'Tugçe Merve', 'https://picsum.photos/id/90/100/100');
INSERT INTO USERS (user_id, country_id, age, name, username, email, password, date_joined, last_login, follower_num, subscription_type, top_genre, num_songs_liked, most_played_artist, image) VALUES (50, 14, 41, 'Pelin Kaan', 'pelin', 'elinaan50@example.com', '$2y$10$DTl/H7qHJFpOSlXyzom0YudkGZ6X2FHVigd5k/4uZgaAoTopFVZIS', '2019-10-14', '2021-11-18', 980, 'Free', 'Electronic', 168, 'Koray Tugçe', 'https://picsum.photos/id/82/100/100');
INSERT INTO USERS (user_id, country_id, age, name, username, email, password, date_joined, last_login, follower_num, subscription_type, top_genre, num_songs_liked, most_played_artist, image) VALUES (51, 19, 52, 'Gizem Bahar', 'gizem1', 'izemahar51@example.com', '$2y$10$UIneLfdLxpyuIRU6UJcvbOOZ/URKTRWVL4D60DgkzL7uvrB0WmkcG', '2014-12-20', '2022-07-04', 328, 'Free', 'Hip Hop', 34, 'Senem Okan', 'https://picsum.photos/id/75/100/100');
INSERT INTO USERS (user_id, country_id, age, name, username, email, password, date_joined, last_login, follower_num, subscription_type, top_genre, num_songs_liked, most_played_artist, image) VALUES (52, 18, 32, 'Yağmur Nisa', 'yağmur1', 'amurisa52@example.com', '$2y$10$JjTbd18qWnfg8UjFM6bFoO7QFVsGXNroMrV1727MuR1rZMJHZIKty', '2015-12-10', '2016-04-13', 471, 'Premium', 'Rock', 382, 'Nisa Senem', 'https://picsum.photos/id/4/100/100');
INSERT INTO USERS (user_id, country_id, age, name, username, email, password, date_joined, last_login, follower_num, subscription_type, top_genre, num_songs_liked, most_played_artist, image) VALUES (53, 7, 49, 'Mert Irem', 'mert3', 'ertrem53@example.com', '$2y$10$maxpsD52XEss6edQhsHmx.8uvCMk6GDK9cZOx6umTpuQKEPnaDYWS', '2012-06-09', '2017-02-08', 603, 'Premium', 'Folk', 205, 'Yasin Doruk', 'https://picsum.photos/id/88/100/100');
INSERT INTO USERS (user_id, country_id, age, name, username, email, password, date_joined, last_login, follower_num, subscription_type, top_genre, num_songs_liked, most_played_artist, image) VALUES (54, 12, 51, 'Koray Tuba', 'koray', 'orayuba54@example.com', '$2y$10$dCRwSzM0QQvQ5tiwl4iCWuAt5d6RAfrWtOzxNHtsYT4tSlcF3YV7O', '2020-10-22', '2021-12-27', 211, 'Free', 'Pop', 264, 'Koray Tugçe', 'https://picsum.photos/id/59/100/100');
INSERT INTO USERS (user_id, country_id, age, name, username, email, password, date_joined, last_login, follower_num, subscription_type, top_genre, num_songs_liked, most_played_artist, image) VALUES (55, 6, 24, 'Mert Burak', 'mert4', 'erturak55@example.com', '$2y$10$ke4CfrAryDvP/REahHTk3OctPpDSflEGWUEvDipIj8de/qNgYskXu', '2010-12-20', '2012-01-22', 348, 'Premium', 'Folk', 492, 'Yağmur Okan', 'https://picsum.photos/id/59/100/100');
INSERT INTO USERS (user_id, country_id, age, name, username, email, password, date_joined, last_login, follower_num, subscription_type, top_genre, num_songs_liked, most_played_artist, image) VALUES (56, 17, 48, 'Irem Eda', 'irem', 'remda56@example.com', '$2y$10$aFEZ.6ahIDaschp2Ps0wsuXnYSIPfLzetG8P4GgTRbe/odQ7DEv7K', '2020-01-31', '2023-03-27', 147, 'Free', 'Pop', 175, 'Irem Merve', 'https://picsum.photos/id/76/100/100');
INSERT INTO USERS (user_id, country_id, age, name, username, email, password, date_joined, last_login, follower_num, subscription_type, top_genre, num_songs_liked, most_played_artist, image) VALUES (57, 14, 66, 'Burak Pinar', 'burak2', 'urakinar57@example.com', '$2y$10$PQjT7MASM57.5EvY6HOtI.1KMkXfzMkCY2/v4Yix0bQ0c2Nh4uFKC', '2012-12-23', '2013-06-10', 723, 'Free', 'Dance', 323, 'Utku Lale', 'https://picsum.photos/id/8/100/100');
INSERT INTO USERS (user_id, country_id, age, name, username, email, password, date_joined, last_login, follower_num, subscription_type, top_genre, num_songs_liked, most_played_artist, image) VALUES (58, 6, 36, 'Yeliz Onur', 'yeliz', 'eliznur58@example.com', '$2y$10$/.XDkEAGr6BtEKK917rJpuWUdTogX85ZRlawYDCnoJo/MH2C0oAxq', '2021-12-12', '2023-01-04', 652, 'Free', 'Pop', 35, 'Serkan Irem', 'https://picsum.photos/id/98/100/100');
INSERT INTO USERS (user_id, country_id, age, name, username, email, password, date_joined, last_login, follower_num, subscription_type, top_genre, num_songs_liked, most_played_artist, image) VALUES (59, 18, 68, 'Ceren Irem', 'ceren', 'erenrem59@example.com', '$2y$10$5dF8alEUMZZkYT1xq3qIM.629g/9j1Sr6ov1aK5neY/KMdNhRw2IG', '2023-01-07', '2023-11-04', 815, 'Premium', 'Metal', 31, 'Utku Burak', 'https://picsum.photos/id/28/100/100');
INSERT INTO USERS (user_id, country_id, age, name, username, email, password, date_joined, last_login, follower_num, subscription_type, top_genre, num_songs_liked, most_played_artist, image) VALUES (60, 3, 65, 'Bahar Ayşen', 'bahar1', 'aharyen60@example.com', '$2y$10$KjsUphuYg24jsxDTIzWX0OH8wz34fccD6lrp6ADP3P7ZwlOiXNNQG', '2013-08-31', '2017-05-11', 83, 'Free', 'Alternative', 144, 'Onur Nisa', 'https://picsum.photos/id/34/100/100');
INSERT INTO USERS (user_id, country_id, age, name, username, email, password, date_joined, last_login, follower_num, subscription_type, top_genre, num_songs_liked, most_played_artist, image) VALUES (61, 8, 22, 'Emre Ceren', 'emre1', 'mreeren61@example.com', '$2y$10$J79YHHtPlZQv2BmLqcFHgO8OYLdElkTscw7.QnkJX3Ye7GtfmHBem', '2011-08-31', '2019-08-02', 872, 'Free', 'Metal', 76, 'Vildan Gizem', 'https://picsum.photos/id/44/100/100');
INSERT INTO USERS (user_id, country_id, age, name, username, email, password, date_joined, last_login, follower_num, subscription_type, top_genre, num_songs_liked, most_played_artist, image) VALUES (62, 8, 55, 'Sefa Yasin', 'sefa3', 'efaasin62@example.com', '$2y$10$IrI5YKBRmhHEUOJVD6fNOOsDyaRCeEOOqUqLCGl2f/OEa2XeALYrW', '2013-01-27', '2017-01-20', 720, 'Free', 'Reggae', 158, 'Merve Onur', 'https://picsum.photos/id/73/100/100');
INSERT INTO USERS (user_id, country_id, age, name, username, email, password, date_joined, last_login, follower_num, subscription_type, top_genre, num_songs_liked, most_played_artist, image) VALUES (63, 6, 32, 'Serkan Can', 'serkan', 'erkanan63@example.com', '$2y$10$HK5wclyk2gR.pcFCjQnY/e1Y.yrC7yLW.kLPa5iXxpl9DyR/.VxPS', '2010-09-19', '2011-01-16', 231, 'Free', 'Hip Hop', 284, 'Senem Okan', 'https://picsum.photos/id/62/100/100');
INSERT INTO USERS (user_id, country_id, age, name, username, email, password, date_joined, last_login, follower_num, subscription_type, top_genre, num_songs_liked, most_played_artist, image) VALUES (64, 4, 62, 'Eda Kaan', 'eda4', 'daaan64@example.com', '$2y$10$Lc/9rDaBELEtv/6ml9TOkOtD7aNO1suXWag.O4UnROiYW8TgUV0sG', '2020-11-18', '2022-03-13', 938, 'Premium', 'Alternative', 227, 'Emre Yağmur', 'https://picsum.photos/id/96/100/100');
INSERT INTO USERS (user_id, country_id, age, name, username, email, password, date_joined, last_login, follower_num, subscription_type, top_genre, num_songs_liked, most_played_artist, image) VALUES (65, 13, 53, 'Merve Doruk', 'merve2', 'erveoruk65@example.com', '$2y$10$S4NVeMUsIs2iuvFHdamoP.tujtgvXTS8Fng0HAPsAloHCFi3qEYu2', '2023-08-26', '2023-09-09', 231, 'Free', 'Metal', 388, 'Eda Tugçe', 'https://picsum.photos/id/68/100/100');
INSERT INTO USERS (user_id, country_id, age, name, username, email, password, date_joined, last_login, follower_num, subscription_type, top_genre, num_songs_liked, most_played_artist, image) VALUES (66, 12, 31, 'Eda Volkan', 'eda5', 'daolkan66@example.com', '$2y$10$Hi73eATv2b4cTJyQi6RG8ePhPmkc9GeFB7LArBk7d8viM5WeIX906', '2014-12-17', '2017-02-06', 564, 'Premium', 'Folk', 473, 'Kerem Bahar', 'https://picsum.photos/id/82/100/100');
INSERT INTO USERS (user_id, country_id, age, name, username, email, password, date_joined, last_login, follower_num, subscription_type, top_genre, num_songs_liked, most_played_artist, image) VALUES (67, 9, 22, 'Burak Pinar', 'burak3', 'urakinar67@example.com', '$2y$10$cHj8fmwvGd3Qrn/Qpd10EuAumNgdf9j4KTt7aNug.Fv1HVOZbiwT6', '2018-03-02', '2022-01-03', 81, 'Premium', 'Indie', 49, 'Zeynep Sefa', 'https://picsum.photos/id/90/100/100');
INSERT INTO USERS (user_id, country_id, age, name, username, email, password, date_joined, last_login, follower_num, subscription_type, top_genre, num_songs_liked, most_played_artist, image) VALUES (68, 7, 54, 'Elif Emre', 'elif2', 'lifmre68@example.com', '$2y$10$RaM1SgB5oCq/ruFOw4W6huhdp4dHRB5AULZu6m397nKIM/dj91NjO', '2012-02-02', '2021-08-28', 8, 'Premium', 'Country', 150, 'Ceren Ceren', 'https://picsum.photos/id/20/100/100');
INSERT INTO USERS (user_id, country_id, age, name, username, email, password, date_joined, last_login, follower_num, subscription_type, top_genre, num_songs_liked, most_played_artist, image) VALUES (69, 19, 41, 'Yağmur Kerem', 'yağmur2', 'amurerem69@example.com', '$2y$10$deFoyiZnGEYkJXDhRgZdQOvauEiDZTS/t1veLFxXnx1cF.HZi9tfW', '2012-09-25', '2020-07-26', 155, 'Free', 'Metal', 17, 'Pinar Pelin', 'https://picsum.photos/id/68/100/100');
INSERT INTO USERS (user_id, country_id, age, name, username, email, password, date_joined, last_login, follower_num, subscription_type, top_genre, num_songs_liked, most_played_artist, image) VALUES (70, 3, 36, 'Ayşen Burak', 'ayşen1', 'yenurak70@example.com', '$2y$10$STzJAa9XhsYyV6buAR3bg.S5/d3MgcIIZBTGHRAXM7jdPyOBTsLoe', '2019-09-06', '2019-11-27', 516, 'Premium', 'Folk', 198, 'Burak Volkan', 'https://picsum.photos/id/4/100/100');
INSERT INTO USERS (user_id, country_id, age, name, username, email, password, date_joined, last_login, follower_num, subscription_type, top_genre, num_songs_liked, most_played_artist, image) VALUES (71, 20, 66, 'Ayşen Vildan', 'ayşen2', 'yenildan71@example.com', '$2y$10$FRoek2JD4tM2voj/qQhTXecWR.adxCTkj5eZx4K8CuE1oMlhehXUe', '2017-04-15', '2022-10-15', 767, 'Premium', 'Metal', 309, 'Serkan Onur', 'https://picsum.photos/id/36/100/100');
INSERT INTO USERS (user_id, country_id, age, name, username, email, password, date_joined, last_login, follower_num, subscription_type, top_genre, num_songs_liked, most_played_artist, image) VALUES (72, 8, 55, 'Deniz Sefa', 'deniz', 'enizefa72@example.com', '$2y$10$3FlI5APZWbbT.g/ZcsACO.P73SQi/7cWBiEY8qh7LrJORc5yTWFia', '2023-02-19', '2024-04-11', 440, 'Free', 'Reggae', 452, 'Vildan Ceren', 'https://picsum.photos/id/33/100/100');
INSERT INTO USERS (user_id, country_id, age, name, username, email, password, date_joined, last_login, follower_num, subscription_type, top_genre, num_songs_liked, most_played_artist, image) VALUES (73, 10, 64, 'Ömer Eda', 'Ömer1', 'merda73@example.com', '$2y$10$aeAKmjWavgoNKUSvcZoVPOECJb/0bkzTiIVHIP//WX8EjBsiNrEDi', '2013-11-29', '2024-03-02', 307, 'Premium', 'Reggae', 24, 'Ayşen Lale', 'https://picsum.photos/id/42/100/100');
INSERT INTO USERS (user_id, country_id, age, name, username, email, password, date_joined, last_login, follower_num, subscription_type, top_genre, num_songs_liked, most_played_artist, image) VALUES (74, 16, 20, 'Zeynep Serkan', 'zeynep', 'eyneperkan74@example.com', '$2y$10$rDb80xQqnPmrCz00P8iV/uPVXOmimZQUopqwSHW3eWPua8OR1YbQS', '2014-01-13', '2015-01-08', 712, 'Premium', 'Classical', 214, 'Utku Irem', 'https://picsum.photos/id/56/100/100');
INSERT INTO USERS (user_id, country_id, age, name, username, email, password, date_joined, last_login, follower_num, subscription_type, top_genre, num_songs_liked, most_played_artist, image) VALUES (75, 3, 52, 'Serkan Kerem', 'serkan1', 'erkanerem75@example.com', '$2y$10$GSwozoQ16/obG4Gq77iIZ.lVXh0WNPbTUStg.wMnDHaQ3dkhPfj/W', '2022-01-23', '2022-08-07', 862, 'Free', 'Folk', 387, 'Ceren Ayşen', 'https://picsum.photos/id/97/100/100');
INSERT INTO USERS (user_id, country_id, age, name, username, email, password, date_joined, last_login, follower_num, subscription_type, top_genre, num_songs_liked, most_played_artist, image) VALUES (76, 1, 56, 'Yağmur Burak', 'yağmur3', 'amururak76@example.com', '$2y$10$wru5IS7zu676tylYRoGzl.O4qFL5UKOQd23xWspHZM6Gkez3Dv4Jm', '2016-06-13', '2019-03-29', 13, 'Free', 'Pop', 415, 'Mert Rüya', 'https://picsum.photos/id/13/100/100');
INSERT INTO USERS (user_id, country_id, age, name, username, email, password, date_joined, last_login, follower_num, subscription_type, top_genre, num_songs_liked, most_played_artist, image) VALUES (77, 13, 20, 'Tugçe Doruk', 'tugçe1', 'ugeoruk77@example.com', '$2y$10$Onq7sS/BEv42/nAizl/aAOb/IJI7aBxCfD0naQwseAppNfNBHK9JC', '2018-06-09', '2023-01-09', 431, 'Free', 'Dance', 380, 'Burak Okan', 'https://picsum.photos/id/13/100/100');
INSERT INTO USERS (user_id, country_id, age, name, username, email, password, date_joined, last_login, follower_num, subscription_type, top_genre, num_songs_liked, most_played_artist, image) VALUES (78, 2, 54, 'Onur Nisa', 'onur2', 'nurisa78@example.com', '$2y$10$ThJJ0yW1j9Cm91ypcDSUP.4lkfuUwTKxM/NE3MtPsOXWEogkjCGnm', '2013-02-17', '2014-05-30', 9, 'Free', 'Indie', 302, 'Can Serkan', 'https://picsum.photos/id/92/100/100');
INSERT INTO USERS (user_id, country_id, age, name, username, email, password, date_joined, last_login, follower_num, subscription_type, top_genre, num_songs_liked, most_played_artist, image) VALUES (79, 6, 42, 'Kaan Yağmur', 'kaan', 'aanamur79@example.com', '$2y$10$u7hpnpyZpnOtVPSh7yxpWunY0WMoyDYwuhy5cvFPO4GNTOVObNYwO', '2020-08-06', '2023-07-20', 443, 'Premium', 'Dance', 92, 'Eda Okan', 'https://picsum.photos/id/6/100/100');
INSERT INTO USERS (user_id, country_id, age, name, username, email, password, date_joined, last_login, follower_num, subscription_type, top_genre, num_songs_liked, most_played_artist, image) VALUES (80, 5, 46, 'Utku Serkan', 'utku1', 'tkuerkan80@example.com', '$2y$10$ACro27zOVnlfOaGWl31X4e/WdvGGgHnrfXRHxHcfb8T3YZ4fp.6Ue', '2014-11-18', '2018-12-13', 766, 'Free', 'Classical', 464, 'Yasin Onur', 'https://picsum.photos/id/3/100/100');
INSERT INTO USERS (user_id, country_id, age, name, username, email, password, date_joined, last_login, follower_num, subscription_type, top_genre, num_songs_liked, most_played_artist, image) VALUES (81, 12, 68, 'Kaan Rüya', 'kaan1', 'aanya81@example.com', '$2y$10$V6bgRIJkYk8xcVgrJ76X..kSYVKmfaFEEb7qfX4cfWf29DFGA4FhG', '2021-01-25', '2022-11-03', 115, 'Free', 'Hip Hop', 161, 'Ayşen Yağmur', 'https://picsum.photos/id/28/100/100');
INSERT INTO USERS (user_id, country_id, age, name, username, email, password, date_joined, last_login, follower_num, subscription_type, top_genre, num_songs_liked, most_played_artist, image) VALUES (82, 15, 37, 'Serkan Senem', 'serkan2', 'erkanenem82@example.com', '$2y$10$/89emQFoIdo1DGbGHqHiK.UVJZ8ts9zjlzPKD1u/1z5o0oGvE0fOy', '2021-06-02', '2023-03-28', 159, 'Free', 'Folk', 355, 'Eda Okan', 'https://picsum.photos/id/39/100/100');
INSERT INTO USERS (user_id, country_id, age, name, username, email, password, date_joined, last_login, follower_num, subscription_type, top_genre, num_songs_liked, most_played_artist, image) VALUES (83, 3, 20, 'Doruk Ceren', 'doruk', 'orukeren83@example.com', '$2y$10$eHp6INfqTLyIdn1ZkuevwOotUj6ZNPXMNWlzlyzW0LAUArONTh9Sq', '2021-10-06', '2023-05-15', 621, 'Premium', 'Country', 212, 'Irem Yağmur', 'https://picsum.photos/id/81/100/100');
INSERT INTO USERS (user_id, country_id, age, name, username, email, password, date_joined, last_login, follower_num, subscription_type, top_genre, num_songs_liked, most_played_artist, image) VALUES (84, 20, 56, 'Volkan Merve', 'volkan1', 'olkanerve84@example.com', '$2y$10$k8x/OXmqrE6A09mNmwwiX.3lgShnbGbgJYK4Boln5QLHJ.2czsoLG', '2018-01-13', '2019-09-06', 921, 'Premium', 'Rock', 84, 'Merve Can', 'https://picsum.photos/id/52/100/100');
INSERT INTO USERS (user_id, country_id, age, name, username, email, password, date_joined, last_login, follower_num, subscription_type, top_genre, num_songs_liked, most_played_artist, image) VALUES (85, 14, 38, 'Tuba Murat', 'tuba2', 'ubaurat85@example.com', '$2y$10$Pdg5OEpO8KnZWYrrt/90muUonVf16MK.gDonrBguaPX7jHBnM81PK', '2023-07-29', '2023-12-13', 759, 'Free', 'Dance', 326, 'Utku Yağmur', 'https://picsum.photos/id/13/100/100');
INSERT INTO USERS (user_id, country_id, age, name, username, email, password, date_joined, last_login, follower_num, subscription_type, top_genre, num_songs_liked, most_played_artist, image) VALUES (86, 1, 66, 'Kerem Irem', 'kerem1', 'eremrem86@example.com', '$2y$10$HmT8hcpG2rSkeTHQubEkeu6gmPIbkXPEGph.IV/pLbWFtw.CTL3S2', '2016-07-27', '2019-05-14', 400, 'Premium', 'Classical', 114, 'Rüya Gizem', 'https://picsum.photos/id/98/100/100');
INSERT INTO USERS (user_id, country_id, age, name, username, email, password, date_joined, last_login, follower_num, subscription_type, top_genre, num_songs_liked, most_played_artist, image) VALUES (87, 17, 23, 'Vildan Rüya', 'vildan1', 'ildanya87@example.com', '$2y$10$313ABeYRCEXL07JXm2qoaeJPBzuzE9jFYBfv776fQVR09e44fEGxi', '2019-04-29', '2021-12-18', 265, 'Free', 'Country', 189, 'Yasin Onur', 'https://picsum.photos/id/52/100/100');
INSERT INTO USERS (user_id, country_id, age, name, username, email, password, date_joined, last_login, follower_num, subscription_type, top_genre, num_songs_liked, most_played_artist, image) VALUES (88, 4, 46, 'Serkan Pinar', 'serkan3', 'erkaninar88@example.com', '$2y$10$gTym75RkDaVI.zD4jeI.eusTujoVqpym2SAgiep9hdlQh8HGd5dS2', '2014-09-25', '2022-09-16', 122, 'Premium', 'Alternative', 320, 'Tugçe Merve', 'https://picsum.photos/id/32/100/100');
INSERT INTO USERS (user_id, country_id, age, name, username, email, password, date_joined, last_login, follower_num, subscription_type, top_genre, num_songs_liked, most_played_artist, image) VALUES (89, 3, 31, 'Serkan Senem', 'serkan4', 'erkanenem89@example.com', '$2y$10$Ap5ggyfTGOYEqE1UFWL7E.Kj38l3/Hg65xqMuMlPDFAuCV.K/mCaK', '2017-07-01', '2020-10-21', 223, 'Free', 'Indie', 196, 'Yasin Pinar', 'https://picsum.photos/id/32/100/100');
INSERT INTO USERS (user_id, country_id, age, name, username, email, password, date_joined, last_login, follower_num, subscription_type, top_genre, num_songs_liked, most_played_artist, image) VALUES (90, 2, 69, 'Nisa Rüya', 'nisa', 'isaya90@example.com', '$2y$10$b7v7pAdRbkHfd15W9TSjnu9DNLT3YSFcrj6UTtoF80uky8Axjxkfm', '2020-11-23', '2021-11-10', 81, 'Free', 'Dance', 275, 'Tuba Burak', 'https://picsum.photos/id/54/100/100');
INSERT INTO USERS (user_id, country_id, age, name, username, email, password, date_joined, last_login, follower_num, subscription_type, top_genre, num_songs_liked, most_played_artist, image) VALUES (91, 10, 26, 'Lale Elif', 'lale', 'alelif91@example.com', '$2y$10$vclSETnmP3DZmGY0Jl.OsOuXhZQ4jd9T6fGDv24oetTo55bHvCb/S', '2023-08-14', '2023-09-18', 965, 'Free', 'Classical', 70, 'Yeliz Ceren', 'https://picsum.photos/id/74/100/100');
INSERT INTO USERS (user_id, country_id, age, name, username, email, password, date_joined, last_login, follower_num, subscription_type, top_genre, num_songs_liked, most_played_artist, image) VALUES (92, 1, 42, 'Kerem Emre', 'kerem2', 'eremmre92@example.com', '$2y$10$/gjDvqHhC/1L5bDzqu481OVszMRg80G2KZBjF4mvfx934ir9P888.', '2014-11-11', '2017-06-13', 282, 'Free', 'Indie', 205, 'Ayşen Yağmur', 'https://picsum.photos/id/7/100/100');
INSERT INTO USERS (user_id, country_id, age, name, username, email, password, date_joined, last_login, follower_num, subscription_type, top_genre, num_songs_liked, most_played_artist, image) VALUES (93, 19, 26, 'Kaan Okan', 'kaan2', 'aankan93@example.com', '$2y$10$x60iYV2hGUawK73D7mD0c.I0omBrOdjnmPH9b04LCv7ZcePhzaOiO', '2012-08-14', '2015-08-06', 603, 'Free', 'Pop', 208, 'Lale Deniz', 'https://picsum.photos/id/9/100/100');
INSERT INTO USERS (user_id, country_id, age, name, username, email, password, date_joined, last_login, follower_num, subscription_type, top_genre, num_songs_liked, most_played_artist, image) VALUES (94, 10, 55, 'Onur Doruk', 'onur3', 'nuroruk94@example.com', '$2y$10$8ogODVMWAzQ2bS.7mJmY5u6sYElO1KARMBpQlLSOJ5AaZ8Ah8334C', '2011-03-18', '2016-03-28', 663, 'Free', 'Blues', 271, 'Irem Merve', 'https://picsum.photos/id/49/100/100');
INSERT INTO USERS (user_id, country_id, age, name, username, email, password, date_joined, last_login, follower_num, subscription_type, top_genre, num_songs_liked, most_played_artist, image) VALUES (95, 18, 47, 'Kerem Kerem', 'kerem3', 'eremerem95@example.com', '$2y$10$d8rb4s0Z/uBDmRsrOvXMCuIpuyDRLi7kQuJ/DbxYx6IZFRI7smNBe', '2014-12-27', '2023-11-15', 7, 'Premium', 'R&B', 490, 'Yeliz Ceren', 'https://picsum.photos/id/29/100/100');
INSERT INTO USERS (user_id, country_id, age, name, username, email, password, date_joined, last_login, follower_num, subscription_type, top_genre, num_songs_liked, most_played_artist, image) VALUES (96, 4, 58, 'Utku Tugçe', 'utku2', 'tkuuge96@example.com', '$2y$10$JkdA/Fh0bBwt9heh0eMhF.p25V752jQchxNDlQssRRfPtMqNpiOwi', '2018-07-23', '2022-07-06', 319, 'Premium', 'Blues', 67, 'Okan Utku', 'https://picsum.photos/id/4/100/100');
INSERT INTO USERS (user_id, country_id, age, name, username, email, password, date_joined, last_login, follower_num, subscription_type, top_genre, num_songs_liked, most_played_artist, image) VALUES (97, 19, 25, 'Yeliz Gizem', 'yeliz1', 'elizizem97@example.com', '$2y$10$aeVwsLwD2kc60JklT4ZMG.P5eq1cVSsvYo6bMUWQRpA1Kz4gIE2d2', '2013-01-05', '2013-06-10', 418, 'Premium', 'Folk', 99, 'Can Yeliz', 'https://picsum.photos/id/30/100/100');
INSERT INTO USERS (user_id, country_id, age, name, username, email, password, date_joined, last_login, follower_num, subscription_type, top_genre, num_songs_liked, most_played_artist, image) VALUES (98, 3, 28, 'Kaan Sefa', 'kaan3', 'aanefa98@example.com', '$2y$10$Jmn6hE6d4L/ehrquIpXZpuI6TsUmUZF5LBww5kdc8tW7Ihh/3Tium', '2010-07-24', '2013-04-09', 141, 'Premium', 'Pop', 242, 'Ayşen Yağmur', 'https://picsum.photos/id/53/100/100');
INSERT INTO USERS (user_id, country_id, age, name, username, email, password, date_joined, last_login, follower_num, subscription_type, top_genre, num_songs_liked, most_played_artist, image) VALUES (99, 14, 32, 'Senem Deniz', 'senem4', 'enemeniz99@example.com', '$2y$10$RJghFzrjgaWweTX.L4P5aOb4EXy9gMP2Yg8BEvfaDSD4ZA5OIb9LW', '2012-05-15', '2015-07-12', 750, 'Premium', 'Dance', 404, 'Okan Umut', 'https://picsum.photos/id/60/100/100');
INSERT INTO USERS (user_id, country_id, age, name, username, email, password, date_joined, last_login, follower_num, subscription_type, top_genre, num_songs_liked, most_played_artist, image) VALUES (100, 17, 37, 'Serkan Zeynep', 'serkan5', 'erkaneynep100@example.com', '$2y$10$EpDXb293x1QPy.FnsW5OIuexvdru7c7gpD1vQU/DxiLrdheQjnamq', '2023-04-16', '2024-05-13', 127, 'Free', 'Jazz', 87, 'Koray Irem', 'https://picsum.photos/id/40/100/100');

-- ARTISTS Data --
INSERT INTO ARTISTS (artist_id, name, genre, date_joined, total_num_music, total_albums, listeners, bio, country_id, image) VALUES (1, 'Burak Kaan', 'Hip Hop', '2015-11-14', 32, 12, 6118335, 'A passionate artist creating Hip Hop music.', 11, 'https://picsum.photos/id/107/150/150');
INSERT INTO ARTISTS (artist_id, name, genre, date_joined, total_num_music, total_albums, listeners, bio, country_id, image) VALUES (2, 'Utku Lale', 'Jazz', '2014-01-15', 19, 9, 6017866, 'A passionate artist creating Jazz music.', 15, 'https://picsum.photos/id/147/150/150');
INSERT INTO ARTISTS (artist_id, name, genre, date_joined, total_num_music, total_albums, listeners, bio, country_id, image) VALUES (3, 'Utku Lale 1', 'R&B', '2014-03-02', 139, 13, 3956132, 'A passionate artist creating R&B music.', 15, 'https://picsum.photos/id/180/150/150');
INSERT INTO ARTISTS (artist_id, name, genre, date_joined, total_num_music, total_albums, listeners, bio, country_id, image) VALUES (4, 'Burak Kaan 1', 'Blues', '2016-12-22', 93, 1, 3707547, 'A passionate artist creating Blues music.', 20, 'https://picsum.photos/id/149/150/150');
INSERT INTO ARTISTS (artist_id, name, genre, date_joined, total_num_music, total_albums, listeners, bio, country_id, image) VALUES (5, 'Zeynep Sefa', 'Blues', '2005-09-25', 14, 13, 8324878, 'A passionate artist creating Blues music.', 8, 'https://picsum.photos/id/160/150/150');
INSERT INTO ARTISTS (artist_id, name, genre, date_joined, total_num_music, total_albums, listeners, bio, country_id, image) VALUES (6, 'Tuba Burak', 'Alternative', '2007-09-22', 178, 15, 4231432, 'A passionate artist creating Alternative music.', 4, 'https://picsum.photos/id/150/150/150');
INSERT INTO ARTISTS (artist_id, name, genre, date_joined, total_num_music, total_albums, listeners, bio, country_id, image) VALUES (7, 'Merve Can', 'R&B', '2009-10-09', 17, 2, 1861737, 'A passionate artist creating R&B music.', 19, 'https://picsum.photos/id/104/150/150');
INSERT INTO ARTISTS (artist_id, name, genre, date_joined, total_num_music, total_albums, listeners, bio, country_id, image) VALUES (8, 'Yasin Doruk', 'Country', '2022-01-15', 160, 15, 1794731, 'A passionate artist creating Country music.', 8, 'https://picsum.photos/id/149/150/150');
INSERT INTO ARTISTS (artist_id, name, genre, date_joined, total_num_music, total_albums, listeners, bio, country_id, image) VALUES (9, 'Eda Tugçe', 'Hip Hop', '2017-01-07', 105, 12, 1243994, 'A passionate artist creating Hip Hop music.', 10, 'https://picsum.photos/id/163/150/150');
INSERT INTO ARTISTS (artist_id, name, genre, date_joined, total_num_music, total_albums, listeners, bio, country_id, image) VALUES (10, 'Pelin Rüya', 'Hip Hop', '2021-07-27', 163, 2, 3130973, 'A passionate artist creating Hip Hop music.', 4, 'https://picsum.photos/id/150/150/150');
INSERT INTO ARTISTS (artist_id, name, genre, date_joined, total_num_music, total_albums, listeners, bio, country_id, image) VALUES (11, 'Yeliz Zeynep', 'Hip Hop', '2008-10-28', 160, 6, 8099211, 'A passionate artist creating Hip Hop music.', 8, 'https://picsum.photos/id/143/150/150');
INSERT INTO ARTISTS (artist_id, name, genre, date_joined, total_num_music, total_albums, listeners, bio, country_id, image) VALUES (12, 'Vildan Gizem', 'Electronic', '2008-01-13', 15, 7, 7441434, 'A passionate artist creating Electronic music.', 13, 'https://picsum.photos/id/187/150/150');
INSERT INTO ARTISTS (artist_id, name, genre, date_joined, total_num_music, total_albums, listeners, bio, country_id, image) VALUES (13, 'Ayşen Elif', 'R&B', '2010-02-06', 110, 4, 6625779, 'A passionate artist creating R&B music.', 14, 'https://picsum.photos/id/122/150/150');
INSERT INTO ARTISTS (artist_id, name, genre, date_joined, total_num_music, total_albums, listeners, bio, country_id, image) VALUES (14, 'Zeki Rüya', 'Blues', '2020-12-07', 64, 14, 6635992, 'A passionate artist creating Blues music.', 2, 'https://picsum.photos/id/125/150/150');
INSERT INTO ARTISTS (artist_id, name, genre, date_joined, total_num_music, total_albums, listeners, bio, country_id, image) VALUES (15, 'Irem Merve', 'Metal', '2021-08-14', 153, 12, 7179487, 'A passionate artist creating Metal music.', 20, 'https://picsum.photos/id/190/150/150');
INSERT INTO ARTISTS (artist_id, name, genre, date_joined, total_num_music, total_albums, listeners, bio, country_id, image) VALUES (16, 'Utku Irem', 'Hip Hop', '2011-11-28', 66, 15, 5173087, 'A passionate artist creating Hip Hop music.', 6, 'https://picsum.photos/id/126/150/150');
INSERT INTO ARTISTS (artist_id, name, genre, date_joined, total_num_music, total_albums, listeners, bio, country_id, image) VALUES (17, 'Rüya Gizem', 'Indie', '2014-12-11', 105, 10, 7156084, 'A passionate artist creating Indie music.', 9, 'https://picsum.photos/id/178/150/150');
INSERT INTO ARTISTS (artist_id, name, genre, date_joined, total_num_music, total_albums, listeners, bio, country_id, image) VALUES (18, 'Elif Elif', 'Rock', '2009-03-13', 170, 3, 704602, 'A passionate artist creating Rock music.', 5, 'https://picsum.photos/id/189/150/150');
INSERT INTO ARTISTS (artist_id, name, genre, date_joined, total_num_music, total_albums, listeners, bio, country_id, image) VALUES (19, 'Volkan Yağmur', 'Folk', '2015-05-30', 188, 12, 8725967, 'A passionate artist creating Folk music.', 17, 'https://picsum.photos/id/199/150/150');
INSERT INTO ARTISTS (artist_id, name, genre, date_joined, total_num_music, total_albums, listeners, bio, country_id, image) VALUES (20, 'Eda Rüya', 'Rock', '2018-11-26', 194, 14, 2802620, 'A passionate artist creating Rock music.', 16, 'https://picsum.photos/id/116/150/150');
INSERT INTO ARTISTS (artist_id, name, genre, date_joined, total_num_music, total_albums, listeners, bio, country_id, image) VALUES (21, 'Emre Koray', 'Folk', '2005-05-06', 68, 7, 212375, 'A passionate artist creating Folk music.', 12, 'https://picsum.photos/id/178/150/150');
INSERT INTO ARTISTS (artist_id, name, genre, date_joined, total_num_music, total_albums, listeners, bio, country_id, image) VALUES (22, 'Burak Okan', 'Dance', '2012-09-14', 84, 6, 1832023, 'A passionate artist creating Dance music.', 18, 'https://picsum.photos/id/137/150/150');
INSERT INTO ARTISTS (artist_id, name, genre, date_joined, total_num_music, total_albums, listeners, bio, country_id, image) VALUES (23, 'Zeynep Zeki', 'Alternative', '2010-07-15', 84, 13, 9299851, 'A passionate artist creating Alternative music.', 10, 'https://picsum.photos/id/182/150/150');
INSERT INTO ARTISTS (artist_id, name, genre, date_joined, total_num_music, total_albums, listeners, bio, country_id, image) VALUES (24, 'Senem Okan', 'Classical', '2011-06-16', 61, 8, 6690023, 'A passionate artist creating Classical music.', 9, 'https://picsum.photos/id/148/150/150');
INSERT INTO ARTISTS (artist_id, name, genre, date_joined, total_num_music, total_albums, listeners, bio, country_id, image) VALUES (25, 'Can Yeliz', 'Rock', '2007-03-10', 105, 10, 1922072, 'A passionate artist creating Rock music.', 18, 'https://picsum.photos/id/185/150/150');
INSERT INTO ARTISTS (artist_id, name, genre, date_joined, total_num_music, total_albums, listeners, bio, country_id, image) VALUES (26, 'Utku Okan', 'Blues', '2022-07-13', 64, 8, 3811675, 'A passionate artist creating Blues music.', 9, 'https://picsum.photos/id/161/150/150');
INSERT INTO ARTISTS (artist_id, name, genre, date_joined, total_num_music, total_albums, listeners, bio, country_id, image) VALUES (27, 'Eda Okan', 'Country', '2020-01-04', 178, 14, 3481184, 'A passionate artist creating Country music.', 1, 'https://picsum.photos/id/171/150/150');
INSERT INTO ARTISTS (artist_id, name, genre, date_joined, total_num_music, total_albums, listeners, bio, country_id, image) VALUES (28, 'Bahar Yeliz', 'Reggae', '2020-01-14', 188, 7, 5982324, 'A passionate artist creating Reggae music.', 7, 'https://picsum.photos/id/151/150/150');
INSERT INTO ARTISTS (artist_id, name, genre, date_joined, total_num_music, total_albums, listeners, bio, country_id, image) VALUES (29, 'Irem Ömer', 'Electronic', '2022-11-25', 71, 12, 4519459, 'A passionate artist creating Electronic music.', 11, 'https://picsum.photos/id/154/150/150');
INSERT INTO ARTISTS (artist_id, name, genre, date_joined, total_num_music, total_albums, listeners, bio, country_id, image) VALUES (30, 'Burak Kaan 2', 'Dance', '2019-07-11', 145, 12, 9706048, 'A passionate artist creating Dance music.', 11, 'https://picsum.photos/id/191/150/150');
INSERT INTO ARTISTS (artist_id, name, genre, date_joined, total_num_music, total_albums, listeners, bio, country_id, image) VALUES (31, 'Pelin Sefa', 'Dance', '2020-12-31', 71, 12, 874947, 'A passionate artist creating Dance music.', 2, 'https://picsum.photos/id/175/150/150');
INSERT INTO ARTISTS (artist_id, name, genre, date_joined, total_num_music, total_albums, listeners, bio, country_id, image) VALUES (32, 'Tugçe Ceren', 'Folk', '2010-02-17', 146, 3, 7543434, 'A passionate artist creating Folk music.', 11, 'https://picsum.photos/id/128/150/150');
INSERT INTO ARTISTS (artist_id, name, genre, date_joined, total_num_music, total_albums, listeners, bio, country_id, image) VALUES (33, 'Irem Ömer 1', 'R&B', '2020-07-16', 44, 8, 6834869, 'A passionate artist creating R&B music.', 11, 'https://picsum.photos/id/185/150/150');
INSERT INTO ARTISTS (artist_id, name, genre, date_joined, total_num_music, total_albums, listeners, bio, country_id, image) VALUES (34, 'Vildan Gizem 1', 'Folk', '2018-08-17', 45, 12, 4001376, 'A passionate artist creating Folk music.', 1, 'https://picsum.photos/id/139/150/150');
INSERT INTO ARTISTS (artist_id, name, genre, date_joined, total_num_music, total_albums, listeners, bio, country_id, image) VALUES (35, 'Serkan Irem', 'Jazz', '2022-09-26', 183, 13, 8397718, 'A passionate artist creating Jazz music.', 5, 'https://picsum.photos/id/127/150/150');
INSERT INTO ARTISTS (artist_id, name, genre, date_joined, total_num_music, total_albums, listeners, bio, country_id, image) VALUES (36, 'Tuba Burak 1', 'Folk', '2022-04-15', 101, 1, 4287739, 'A passionate artist creating Folk music.', 1, 'https://picsum.photos/id/107/150/150');
INSERT INTO ARTISTS (artist_id, name, genre, date_joined, total_num_music, total_albums, listeners, bio, country_id, image) VALUES (37, 'Bahar Yeliz 1', 'Classical', '2010-04-07', 11, 13, 7403048, 'A passionate artist creating Classical music.', 4, 'https://picsum.photos/id/156/150/150');
INSERT INTO ARTISTS (artist_id, name, genre, date_joined, total_num_music, total_albums, listeners, bio, country_id, image) VALUES (38, 'Pelin Sefa 1', 'Alternative', '2019-12-18', 57, 9, 9269328, 'A passionate artist creating Alternative music.', 20, 'https://picsum.photos/id/122/150/150');
INSERT INTO ARTISTS (artist_id, name, genre, date_joined, total_num_music, total_albums, listeners, bio, country_id, image) VALUES (39, 'Utku Lale 2', 'Folk', '2006-12-06', 188, 4, 269530, 'A passionate artist creating Folk music.', 15, 'https://picsum.photos/id/134/150/150');
INSERT INTO ARTISTS (artist_id, name, genre, date_joined, total_num_music, total_albums, listeners, bio, country_id, image) VALUES (40, 'Rüya Gizem 1', 'Indie', '2017-07-30', 189, 4, 7904705, 'A passionate artist creating Indie music.', 16, 'https://picsum.photos/id/170/150/150');
INSERT INTO ARTISTS (artist_id, name, genre, date_joined, total_num_music, total_albums, listeners, bio, country_id, image) VALUES (41, 'Koray Irem', 'Country', '2017-03-25', 106, 10, 2631831, 'A passionate artist creating Country music.', 2, 'https://picsum.photos/id/102/150/150');
INSERT INTO ARTISTS (artist_id, name, genre, date_joined, total_num_music, total_albums, listeners, bio, country_id, image) VALUES (42, 'Eda Okan 1', 'Rock', '2021-01-11', 147, 8, 4975946, 'A passionate artist creating Rock music.', 7, 'https://picsum.photos/id/118/150/150');
INSERT INTO ARTISTS (artist_id, name, genre, date_joined, total_num_music, total_albums, listeners, bio, country_id, image) VALUES (43, 'Utku Okan 1', 'Jazz', '2007-08-06', 118, 9, 9983801, 'A passionate artist creating Jazz music.', 6, 'https://picsum.photos/id/153/150/150');
INSERT INTO ARTISTS (artist_id, name, genre, date_joined, total_num_music, total_albums, listeners, bio, country_id, image) VALUES (44, 'Koray Irem 1', 'Blues', '2005-03-21', 189, 1, 4271002, 'A passionate artist creating Blues music.', 11, 'https://picsum.photos/id/164/150/150');
INSERT INTO ARTISTS (artist_id, name, genre, date_joined, total_num_music, total_albums, listeners, bio, country_id, image) VALUES (45, 'Onur Vildan', 'Metal', '2005-08-09', 69, 2, 3753715, 'A passionate artist creating Metal music.', 7, 'https://picsum.photos/id/180/150/150');
INSERT INTO ARTISTS (artist_id, name, genre, date_joined, total_num_music, total_albums, listeners, bio, country_id, image) VALUES (46, 'Ayşen Emre', 'Hip Hop', '2005-03-15', 128, 10, 8341864, 'A passionate artist creating Hip Hop music.', 18, 'https://picsum.photos/id/187/150/150');
INSERT INTO ARTISTS (artist_id, name, genre, date_joined, total_num_music, total_albums, listeners, bio, country_id, image) VALUES (47, 'Rüya Gizem 2', 'Dance', '2005-06-19', 19, 14, 6002576, 'A passionate artist creating Dance music.', 20, 'https://picsum.photos/id/122/150/150');
INSERT INTO ARTISTS (artist_id, name, genre, date_joined, total_num_music, total_albums, listeners, bio, country_id, image) VALUES (48, 'Can Yeliz 1', 'Country', '2017-06-13', 134, 3, 2069488, 'A passionate artist creating Country music.', 1, 'https://picsum.photos/id/172/150/150');
INSERT INTO ARTISTS (artist_id, name, genre, date_joined, total_num_music, total_albums, listeners, bio, country_id, image) VALUES (49, 'Okan Umut', 'Blues', '2020-09-26', 85, 9, 7220672, 'A passionate artist creating Blues music.', 7, 'https://picsum.photos/id/101/150/150');
INSERT INTO ARTISTS (artist_id, name, genre, date_joined, total_num_music, total_albums, listeners, bio, country_id, image) VALUES (50, 'Yeliz Onur', 'Country', '2022-12-01', 157, 4, 58079, 'A passionate artist creating Country music.', 15, 'https://picsum.photos/id/147/150/150');
INSERT INTO ARTISTS (artist_id, name, genre, date_joined, total_num_music, total_albums, listeners, bio, country_id, image) VALUES (51, 'Yasin Pinar', 'Rock', '2010-09-13', 105, 10, 9878384, 'A passionate artist creating Rock music.', 11, 'https://picsum.photos/id/199/150/150');
INSERT INTO ARTISTS (artist_id, name, genre, date_joined, total_num_music, total_albums, listeners, bio, country_id, image) VALUES (52, 'Ceren Mert', 'Hip Hop', '2013-09-12', 195, 11, 2179916, 'A passionate artist creating Hip Hop music.', 17, 'https://picsum.photos/id/113/150/150');
INSERT INTO ARTISTS (artist_id, name, genre, date_joined, total_num_music, total_albums, listeners, bio, country_id, image) VALUES (53, 'Yeliz Kaan', 'Alternative', '2020-06-18', 105, 15, 3432928, 'A passionate artist creating Alternative music.', 20, 'https://picsum.photos/id/151/150/150');
INSERT INTO ARTISTS (artist_id, name, genre, date_joined, total_num_music, total_albums, listeners, bio, country_id, image) VALUES (54, 'Senem Yağmur', 'Reggae', '2008-02-29', 198, 13, 9160387, 'A passionate artist creating Reggae music.', 20, 'https://picsum.photos/id/133/150/150');
INSERT INTO ARTISTS (artist_id, name, genre, date_joined, total_num_music, total_albums, listeners, bio, country_id, image) VALUES (55, 'Umut Sefa', 'Jazz', '2008-11-10', 58, 9, 3506140, 'A passionate artist creating Jazz music.', 2, 'https://picsum.photos/id/160/150/150');
INSERT INTO ARTISTS (artist_id, name, genre, date_joined, total_num_music, total_albums, listeners, bio, country_id, image) VALUES (56, 'Yeliz Onur 1', 'Folk', '2014-02-25', 137, 5, 3784306, 'A passionate artist creating Folk music.', 10, 'https://picsum.photos/id/106/150/150');
INSERT INTO ARTISTS (artist_id, name, genre, date_joined, total_num_music, total_albums, listeners, bio, country_id, image) VALUES (57, 'Utku Elif', 'Metal', '2015-05-19', 159, 5, 2264642, 'A passionate artist creating Metal music.', 20, 'https://picsum.photos/id/182/150/150');
INSERT INTO ARTISTS (artist_id, name, genre, date_joined, total_num_music, total_albums, listeners, bio, country_id, image) VALUES (58, 'Volkan Yağmur 1', 'Metal', '2022-05-06', 18, 2, 6382896, 'A passionate artist creating Metal music.', 4, 'https://picsum.photos/id/188/150/150');
INSERT INTO ARTISTS (artist_id, name, genre, date_joined, total_num_music, total_albums, listeners, bio, country_id, image) VALUES (59, 'Kerem Tuba', 'Metal', '2009-06-03', 81, 9, 6368003, 'A passionate artist creating Metal music.', 4, 'https://picsum.photos/id/134/150/150');
INSERT INTO ARTISTS (artist_id, name, genre, date_joined, total_num_music, total_albums, listeners, bio, country_id, image) VALUES (60, 'Merve Onur', 'Folk', '2017-06-09', 55, 4, 8728706, 'A passionate artist creating Folk music.', 13, 'https://picsum.photos/id/174/150/150');
INSERT INTO ARTISTS (artist_id, name, genre, date_joined, total_num_music, total_albums, listeners, bio, country_id, image) VALUES (61, 'Bahar Serkan', 'Jazz', '2012-09-06', 68, 12, 711625, 'A passionate artist creating Jazz music.', 3, 'https://picsum.photos/id/122/150/150');
INSERT INTO ARTISTS (artist_id, name, genre, date_joined, total_num_music, total_albums, listeners, bio, country_id, image) VALUES (62, 'Vildan Kerem', 'Indie', '2007-05-21', 195, 11, 7548518, 'A passionate artist creating Indie music.', 20, 'https://picsum.photos/id/143/150/150');
INSERT INTO ARTISTS (artist_id, name, genre, date_joined, total_num_music, total_albums, listeners, bio, country_id, image) VALUES (63, 'Vildan Ceren', 'Indie', '2022-12-27', 110, 4, 8534678, 'A passionate artist creating Indie music.', 11, 'https://picsum.photos/id/136/150/150');
INSERT INTO ARTISTS (artist_id, name, genre, date_joined, total_num_music, total_albums, listeners, bio, country_id, image) VALUES (64, 'Burak Volkan', 'Rock', '2007-10-27', 133, 5, 267528, 'A passionate artist creating Rock music.', 8, 'https://picsum.photos/id/181/150/150');
INSERT INTO ARTISTS (artist_id, name, genre, date_joined, total_num_music, total_albums, listeners, bio, country_id, image) VALUES (65, 'Yasin Onur', 'Jazz', '2010-12-10', 140, 15, 9254825, 'A passionate artist creating Jazz music.', 5, 'https://picsum.photos/id/200/150/150');
INSERT INTO ARTISTS (artist_id, name, genre, date_joined, total_num_music, total_albums, listeners, bio, country_id, image) VALUES (66, 'Nisa Senem', 'Reggae', '2020-06-30', 63, 5, 9253983, 'A passionate artist creating Reggae music.', 3, 'https://picsum.photos/id/184/150/150');
INSERT INTO ARTISTS (artist_id, name, genre, date_joined, total_num_music, total_albums, listeners, bio, country_id, image) VALUES (67, 'Bahar Serkan 1', 'Indie', '2011-01-23', 108, 4, 7379723, 'A passionate artist creating Indie music.', 6, 'https://picsum.photos/id/197/150/150');
INSERT INTO ARTISTS (artist_id, name, genre, date_joined, total_num_music, total_albums, listeners, bio, country_id, image) VALUES (68, 'Ayşen Yağmur', 'Hip Hop', '2019-04-11', 176, 10, 4546537, 'A passionate artist creating Hip Hop music.', 5, 'https://picsum.photos/id/177/150/150');
INSERT INTO ARTISTS (artist_id, name, genre, date_joined, total_num_music, total_albums, listeners, bio, country_id, image) VALUES (69, 'Volkan Yağmur 2', 'Dance', '2021-05-11', 110, 2, 82324, 'A passionate artist creating Dance music.', 17, 'https://picsum.photos/id/112/150/150');
INSERT INTO ARTISTS (artist_id, name, genre, date_joined, total_num_music, total_albums, listeners, bio, country_id, image) VALUES (70, 'Okan Umut 1', 'Pop', '2016-09-26', 124, 9, 9121120, 'A passionate artist creating Pop music.', 8, 'https://picsum.photos/id/187/150/150');
INSERT INTO ARTISTS (artist_id, name, genre, date_joined, total_num_music, total_albums, listeners, bio, country_id, image) VALUES (71, 'Utku Burak', 'R&B', '2013-01-12', 83, 11, 8155714, 'A passionate artist creating R&B music.', 15, 'https://picsum.photos/id/125/150/150');
INSERT INTO ARTISTS (artist_id, name, genre, date_joined, total_num_music, total_albums, listeners, bio, country_id, image) VALUES (72, 'Onur Burak', 'Indie', '2013-11-10', 146, 14, 9152275, 'A passionate artist creating Indie music.', 11, 'https://picsum.photos/id/124/150/150');
INSERT INTO ARTISTS (artist_id, name, genre, date_joined, total_num_music, total_albums, listeners, bio, country_id, image) VALUES (73, 'Ayşen Koray', 'Country', '2010-03-15', 58, 4, 1923722, 'A passionate artist creating Country music.', 10, 'https://picsum.photos/id/179/150/150');
INSERT INTO ARTISTS (artist_id, name, genre, date_joined, total_num_music, total_albums, listeners, bio, country_id, image) VALUES (74, 'Onur Nisa', 'Metal', '2010-06-26', 154, 8, 44906, 'A passionate artist creating Metal music.', 13, 'https://picsum.photos/id/176/150/150');
INSERT INTO ARTISTS (artist_id, name, genre, date_joined, total_num_music, total_albums, listeners, bio, country_id, image) VALUES (75, 'Can Yeliz 2', 'Jazz', '2016-01-15', 86, 10, 736009, 'A passionate artist creating Jazz music.', 13, 'https://picsum.photos/id/177/150/150');
INSERT INTO ARTISTS (artist_id, name, genre, date_joined, total_num_music, total_albums, listeners, bio, country_id, image) VALUES (76, 'Yasin Pinar 1', 'Metal', '2007-06-27', 40, 8, 4844594, 'A passionate artist creating Metal music.', 3, 'https://picsum.photos/id/113/150/150');
INSERT INTO ARTISTS (artist_id, name, genre, date_joined, total_num_music, total_albums, listeners, bio, country_id, image) VALUES (77, 'Koray Irem 2', 'Dance', '2010-05-15', 119, 12, 8898288, 'A passionate artist creating Dance music.', 12, 'https://picsum.photos/id/168/150/150');
INSERT INTO ARTISTS (artist_id, name, genre, date_joined, total_num_music, total_albums, listeners, bio, country_id, image) VALUES (78, 'Tuba Burak 2', 'Electronic', '2016-09-03', 182, 14, 2899335, 'A passionate artist creating Electronic music.', 3, 'https://picsum.photos/id/191/150/150');
INSERT INTO ARTISTS (artist_id, name, genre, date_joined, total_num_music, total_albums, listeners, bio, country_id, image) VALUES (79, 'Merve Onur 1', 'Indie', '2017-12-23', 75, 13, 3264263, 'A passionate artist creating Indie music.', 1, 'https://picsum.photos/id/193/150/150');
INSERT INTO ARTISTS (artist_id, name, genre, date_joined, total_num_music, total_albums, listeners, bio, country_id, image) VALUES (80, 'Bahar Deniz', 'Alternative', '2012-09-13', 34, 6, 3137378, 'A passionate artist creating Alternative music.', 2, 'https://picsum.photos/id/170/150/150');
INSERT INTO ARTISTS (artist_id, name, genre, date_joined, total_num_music, total_albums, listeners, bio, country_id, image) VALUES (81, 'Onur Vildan 1', 'Country', '2006-06-13', 124, 11, 8087222, 'A passionate artist creating Country music.', 16, 'https://picsum.photos/id/144/150/150');
INSERT INTO ARTISTS (artist_id, name, genre, date_joined, total_num_music, total_albums, listeners, bio, country_id, image) VALUES (82, 'Yasin Deniz', 'Rock', '2017-06-14', 198, 13, 4531228, 'A passionate artist creating Rock music.', 12, 'https://picsum.photos/id/165/150/150');
INSERT INTO ARTISTS (artist_id, name, genre, date_joined, total_num_music, total_albums, listeners, bio, country_id, image) VALUES (83, 'Yağmur Okan', 'Country', '2022-04-07', 178, 6, 7060830, 'A passionate artist creating Country music.', 7, 'https://picsum.photos/id/128/150/150');
INSERT INTO ARTISTS (artist_id, name, genre, date_joined, total_num_music, total_albums, listeners, bio, country_id, image) VALUES (84, 'Serkan Yasin', 'Country', '2015-12-07', 169, 3, 3218914, 'A passionate artist creating Country music.', 6, 'https://picsum.photos/id/183/150/150');
INSERT INTO ARTISTS (artist_id, name, genre, date_joined, total_num_music, total_albums, listeners, bio, country_id, image) VALUES (85, 'Can Pinar', 'Hip Hop', '2010-09-07', 82, 13, 2184460, 'A passionate artist creating Hip Hop music.', 20, 'https://picsum.photos/id/134/150/150');
INSERT INTO ARTISTS (artist_id, name, genre, date_joined, total_num_music, total_albums, listeners, bio, country_id, image) VALUES (86, 'Yeliz Zeynep 1', 'Reggae', '2012-08-09', 44, 6, 3703389, 'A passionate artist creating Reggae music.', 16, 'https://picsum.photos/id/129/150/150');
INSERT INTO ARTISTS (artist_id, name, genre, date_joined, total_num_music, total_albums, listeners, bio, country_id, image) VALUES (87, 'Sefa Doruk', 'Classical', '2005-03-13', 134, 1, 5040176, 'A passionate artist creating Classical music.', 5, 'https://picsum.photos/id/171/150/150');
INSERT INTO ARTISTS (artist_id, name, genre, date_joined, total_num_music, total_albums, listeners, bio, country_id, image) VALUES (88, 'Can Serkan', 'R&B', '2008-11-26', 167, 7, 444085, 'A passionate artist creating R&B music.', 14, 'https://picsum.photos/id/114/150/150');
INSERT INTO ARTISTS (artist_id, name, genre, date_joined, total_num_music, total_albums, listeners, bio, country_id, image) VALUES (89, 'Ayşen Emre 1', 'Classical', '2008-04-24', 90, 12, 401654, 'A passionate artist creating Classical music.', 15, 'https://picsum.photos/id/191/150/150');
INSERT INTO ARTISTS (artist_id, name, genre, date_joined, total_num_music, total_albums, listeners, bio, country_id, image) VALUES (90, 'Utku Pelin', 'Jazz', '2014-01-29', 11, 14, 5316312, 'A passionate artist creating Jazz music.', 16, 'https://picsum.photos/id/120/150/150');
INSERT INTO ARTISTS (artist_id, name, genre, date_joined, total_num_music, total_albums, listeners, bio, country_id, image) VALUES (91, 'Eda Tugçe 1', 'Hip Hop', '2010-01-17', 91, 8, 6661370, 'A passionate artist creating Hip Hop music.', 13, 'https://picsum.photos/id/132/150/150');
INSERT INTO ARTISTS (artist_id, name, genre, date_joined, total_num_music, total_albums, listeners, bio, country_id, image) VALUES (92, 'Emre Yağmur', 'Electronic', '2010-07-26', 140, 12, 1516312, 'A passionate artist creating Electronic music.', 20, 'https://picsum.photos/id/131/150/150');
INSERT INTO ARTISTS (artist_id, name, genre, date_joined, total_num_music, total_albums, listeners, bio, country_id, image) VALUES (93, 'Yasin Deniz 1', 'Electronic', '2009-06-16', 49, 3, 2605563, 'A passionate artist creating Electronic music.', 14, 'https://picsum.photos/id/199/150/150');
INSERT INTO ARTISTS (artist_id, name, genre, date_joined, total_num_music, total_albums, listeners, bio, country_id, image) VALUES (94, 'Bahar Serkan 2', 'Metal', '2007-05-01', 107, 8, 896716, 'A passionate artist creating Metal music.', 2, 'https://picsum.photos/id/112/150/150');
INSERT INTO ARTISTS (artist_id, name, genre, date_joined, total_num_music, total_albums, listeners, bio, country_id, image) VALUES (95, 'Merve Onur 2', 'Indie', '2021-03-27', 45, 10, 5969213, 'A passionate artist creating Indie music.', 19, 'https://picsum.photos/id/101/150/150');
INSERT INTO ARTISTS (artist_id, name, genre, date_joined, total_num_music, total_albums, listeners, bio, country_id, image) VALUES (96, 'Merve Mert', 'Rock', '2007-10-16', 33, 7, 984424, 'A passionate artist creating Rock music.', 8, 'https://picsum.photos/id/187/150/150');
INSERT INTO ARTISTS (artist_id, name, genre, date_joined, total_num_music, total_albums, listeners, bio, country_id, image) VALUES (97, 'Ayşen Lale', 'Country', '2015-10-01', 98, 8, 4850201, 'A passionate artist creating Country music.', 5, 'https://picsum.photos/id/141/150/150');
INSERT INTO ARTISTS (artist_id, name, genre, date_joined, total_num_music, total_albums, listeners, bio, country_id, image) VALUES (98, 'Ceren Mert 1', 'Hip Hop', '2016-04-22', 35, 2, 3430003, 'A passionate artist creating Hip Hop music.', 14, 'https://picsum.photos/id/142/150/150');
INSERT INTO ARTISTS (artist_id, name, genre, date_joined, total_num_music, total_albums, listeners, bio, country_id, image) VALUES (99, 'Burak Volkan 1', 'Metal', '2021-12-17', 8, 13, 9687813, 'A passionate artist creating Metal music.', 7, 'https://picsum.photos/id/144/150/150');
INSERT INTO ARTISTS (artist_id, name, genre, date_joined, total_num_music, total_albums, listeners, bio, country_id, image) VALUES (100, 'Ceren Ayşen', 'Blues', '2010-02-04', 194, 6, 265545, 'A passionate artist creating Blues music.', 11, 'https://picsum.photos/id/192/150/150');

-- ALBUMS Data --
INSERT INTO ALBUMS (album_id, artist_id, name, release_date, genre, music_number, image) VALUES (1, 28, 'Album 7svWDwgs', '2018-12-11', 'Reggae', 20, 'https://picsum.photos/id/230/200/200');
INSERT INTO ALBUMS (album_id, artist_id, name, release_date, genre, music_number, image) VALUES (2, 78, 'Album LoiuE5d5', '2011-03-11', 'Alternative', 8, 'https://picsum.photos/id/221/200/200');
INSERT INTO ALBUMS (album_id, artist_id, name, release_date, genre, music_number, image) VALUES (3, 23, 'Album 0qWm1Bb0', '2019-12-17', 'Pop', 14, 'https://picsum.photos/id/282/200/200');
INSERT INTO ALBUMS (album_id, artist_id, name, release_date, genre, music_number, image) VALUES (4, 69, 'Album M32Q56iA', '2013-01-22', 'Dance', 18, 'https://picsum.photos/id/205/200/200');
INSERT INTO ALBUMS (album_id, artist_id, name, release_date, genre, music_number, image) VALUES (5, 41, 'Album 3q2IlKbo', '2020-11-10', 'R&B', 11, 'https://picsum.photos/id/261/200/200');
INSERT INTO ALBUMS (album_id, artist_id, name, release_date, genre, music_number, image) VALUES (6, 8, 'Album lWWr1mrt', '2020-10-28', 'Indie', 7, 'https://picsum.photos/id/256/200/200');
INSERT INTO ALBUMS (album_id, artist_id, name, release_date, genre, music_number, image) VALUES (7, 81, 'Album hpd4h2R1', '2011-06-07', 'Folk', 20, 'https://picsum.photos/id/278/200/200');
INSERT INTO ALBUMS (album_id, artist_id, name, release_date, genre, music_number, image) VALUES (8, 29, 'Album ycmGgjOq', '2017-02-20', 'Pop', 12, 'https://picsum.photos/id/269/200/200');
INSERT INTO ALBUMS (album_id, artist_id, name, release_date, genre, music_number, image) VALUES (9, 94, 'Album tI0VJr4k', '2022-04-07', 'Hip Hop', 9, 'https://picsum.photos/id/204/200/200');
INSERT INTO ALBUMS (album_id, artist_id, name, release_date, genre, music_number, image) VALUES (10, 29, 'Album 9QegYgdt', '2010-06-19', 'Rock', 17, 'https://picsum.photos/id/211/200/200');
INSERT INTO ALBUMS (album_id, artist_id, name, release_date, genre, music_number, image) VALUES (11, 13, 'Album wvaAXugB', '2012-06-05', 'Alternative', 8, 'https://picsum.photos/id/290/200/200');
INSERT INTO ALBUMS (album_id, artist_id, name, release_date, genre, music_number, image) VALUES (12, 88, 'Album kqtGn28G', '2023-01-07', 'Blues', 19, 'https://picsum.photos/id/258/200/200');
INSERT INTO ALBUMS (album_id, artist_id, name, release_date, genre, music_number, image) VALUES (13, 23, 'Album 13klh2Xn', '2023-10-02', 'Indie', 11, 'https://picsum.photos/id/261/200/200');
INSERT INTO ALBUMS (album_id, artist_id, name, release_date, genre, music_number, image) VALUES (14, 4, 'Album BWxWwcAg', '2011-04-16', 'Pop', 6, 'https://picsum.photos/id/242/200/200');
INSERT INTO ALBUMS (album_id, artist_id, name, release_date, genre, music_number, image) VALUES (15, 78, 'Album tqjujxDF', '2023-01-13', 'Folk', 15, 'https://picsum.photos/id/279/200/200');
INSERT INTO ALBUMS (album_id, artist_id, name, release_date, genre, music_number, image) VALUES (16, 31, 'Album PGaGp6aN', '2016-07-24', 'Rock', 14, 'https://picsum.photos/id/225/200/200');
INSERT INTO ALBUMS (album_id, artist_id, name, release_date, genre, music_number, image) VALUES (17, 83, 'Album O9751bZc', '2023-07-20', 'R&B', 6, 'https://picsum.photos/id/273/200/200');
INSERT INTO ALBUMS (album_id, artist_id, name, release_date, genre, music_number, image) VALUES (18, 3, 'Album xTpXpFYN', '2023-07-05', 'Blues', 13, 'https://picsum.photos/id/259/200/200');
INSERT INTO ALBUMS (album_id, artist_id, name, release_date, genre, music_number, image) VALUES (19, 100, 'Album dOD1gqA5', '2019-06-12', 'Blues', 7, 'https://picsum.photos/id/220/200/200');
INSERT INTO ALBUMS (album_id, artist_id, name, release_date, genre, music_number, image) VALUES (20, 92, 'Album pyonND8s', '2013-08-27', 'Hip Hop', 12, 'https://picsum.photos/id/234/200/200');
INSERT INTO ALBUMS (album_id, artist_id, name, release_date, genre, music_number, image) VALUES (21, 31, 'Album fCSu0Lk3', '2015-11-26', 'Pop', 12, 'https://picsum.photos/id/274/200/200');
INSERT INTO ALBUMS (album_id, artist_id, name, release_date, genre, music_number, image) VALUES (22, 99, 'Album UaJX0e2r', '2013-12-20', 'Rock', 14, 'https://picsum.photos/id/220/200/200');
INSERT INTO ALBUMS (album_id, artist_id, name, release_date, genre, music_number, image) VALUES (23, 17, 'Album ObwinJrz', '2011-06-06', 'Hip Hop', 10, 'https://picsum.photos/id/227/200/200');
INSERT INTO ALBUMS (album_id, artist_id, name, release_date, genre, music_number, image) VALUES (24, 1, 'Album mwwMWluB', '2011-10-02', 'Folk', 16, 'https://picsum.photos/id/206/200/200');
INSERT INTO ALBUMS (album_id, artist_id, name, release_date, genre, music_number, image) VALUES (25, 78, 'Album 7DQr7GKz', '2020-01-11', 'Classical', 6, 'https://picsum.photos/id/276/200/200');
INSERT INTO ALBUMS (album_id, artist_id, name, release_date, genre, music_number, image) VALUES (26, 20, 'Album dBNiybMc', '2015-03-15', 'Dance', 17, 'https://picsum.photos/id/214/200/200');
INSERT INTO ALBUMS (album_id, artist_id, name, release_date, genre, music_number, image) VALUES (27, 46, 'Album 2PVXHjsN', '2019-07-30', 'Reggae', 19, 'https://picsum.photos/id/243/200/200');
INSERT INTO ALBUMS (album_id, artist_id, name, release_date, genre, music_number, image) VALUES (28, 38, 'Album QnUi53Me', '2021-03-31', 'Jazz', 7, 'https://picsum.photos/id/294/200/200');
INSERT INTO ALBUMS (album_id, artist_id, name, release_date, genre, music_number, image) VALUES (29, 92, 'Album tdqE1V7P', '2013-04-09', 'Rock', 8, 'https://picsum.photos/id/291/200/200');
INSERT INTO ALBUMS (album_id, artist_id, name, release_date, genre, music_number, image) VALUES (30, 77, 'Album plgtsVCR', '2016-07-21', 'Rock', 16, 'https://picsum.photos/id/245/200/200');
INSERT INTO ALBUMS (album_id, artist_id, name, release_date, genre, music_number, image) VALUES (31, 16, 'Album HuHx5Cmu', '2009-10-09', 'Folk', 9, 'https://picsum.photos/id/230/200/200');
INSERT INTO ALBUMS (album_id, artist_id, name, release_date, genre, music_number, image) VALUES (32, 29, 'Album 2qEZVaet', '2010-09-09', 'R&B', 8, 'https://picsum.photos/id/299/200/200');
INSERT INTO ALBUMS (album_id, artist_id, name, release_date, genre, music_number, image) VALUES (33, 16, 'Album lg3ij6DX', '2008-04-19', 'Classical', 11, 'https://picsum.photos/id/276/200/200');
INSERT INTO ALBUMS (album_id, artist_id, name, release_date, genre, music_number, image) VALUES (34, 84, 'Album V1r6kEwi', '2011-11-27', 'Pop', 6, 'https://picsum.photos/id/253/200/200');
INSERT INTO ALBUMS (album_id, artist_id, name, release_date, genre, music_number, image) VALUES (35, 23, 'Album VWrRZ3Nu', '2014-05-01', 'Metal', 10, 'https://picsum.photos/id/248/200/200');
INSERT INTO ALBUMS (album_id, artist_id, name, release_date, genre, music_number, image) VALUES (36, 63, 'Album 6cqYiWcv', '2015-08-31', 'Jazz', 10, 'https://picsum.photos/id/245/200/200');
INSERT INTO ALBUMS (album_id, artist_id, name, release_date, genre, music_number, image) VALUES (37, 35, 'Album tW7Jqlf8', '2015-07-20', 'Metal', 14, 'https://picsum.photos/id/221/200/200');
INSERT INTO ALBUMS (album_id, artist_id, name, release_date, genre, music_number, image) VALUES (38, 49, 'Album oAlSxUSy', '2013-03-31', 'Classical', 8, 'https://picsum.photos/id/271/200/200');
INSERT INTO ALBUMS (album_id, artist_id, name, release_date, genre, music_number, image) VALUES (39, 47, 'Album 9JUptoBc', '2015-09-05', 'Alternative', 11, 'https://picsum.photos/id/266/200/200');
INSERT INTO ALBUMS (album_id, artist_id, name, release_date, genre, music_number, image) VALUES (40, 23, 'Album 9uRYwnRN', '2015-11-23', 'Metal', 8, 'https://picsum.photos/id/235/200/200');
INSERT INTO ALBUMS (album_id, artist_id, name, release_date, genre, music_number, image) VALUES (41, 81, 'Album uvhItySz', '2015-12-05', 'Blues', 5, 'https://picsum.photos/id/230/200/200');
INSERT INTO ALBUMS (album_id, artist_id, name, release_date, genre, music_number, image) VALUES (42, 87, 'Album 3yl1Gh2G', '2018-01-31', 'Classical', 10, 'https://picsum.photos/id/254/200/200');
INSERT INTO ALBUMS (album_id, artist_id, name, release_date, genre, music_number, image) VALUES (43, 51, 'Album IWpw0u3y', '2012-02-23', 'R&B', 9, 'https://picsum.photos/id/215/200/200');
INSERT INTO ALBUMS (album_id, artist_id, name, release_date, genre, music_number, image) VALUES (44, 57, 'Album gJh7JBgQ', '2020-11-05', 'Country', 13, 'https://picsum.photos/id/294/200/200');
INSERT INTO ALBUMS (album_id, artist_id, name, release_date, genre, music_number, image) VALUES (45, 75, 'Album uRjwYYHO', '2014-12-14', 'Metal', 18, 'https://picsum.photos/id/257/200/200');
INSERT INTO ALBUMS (album_id, artist_id, name, release_date, genre, music_number, image) VALUES (46, 69, 'Album bHBIvuna', '2022-06-16', 'Electronic', 18, 'https://picsum.photos/id/242/200/200');
INSERT INTO ALBUMS (album_id, artist_id, name, release_date, genre, music_number, image) VALUES (47, 96, 'Album HTG29H9c', '2016-05-15', 'Folk', 5, 'https://picsum.photos/id/290/200/200');
INSERT INTO ALBUMS (album_id, artist_id, name, release_date, genre, music_number, image) VALUES (48, 54, 'Album hiClo8oA', '2023-06-01', 'Metal', 19, 'https://picsum.photos/id/254/200/200');
INSERT INTO ALBUMS (album_id, artist_id, name, release_date, genre, music_number, image) VALUES (49, 79, 'Album BpiYWpC5', '2009-05-19', 'R&B', 17, 'https://picsum.photos/id/203/200/200');
INSERT INTO ALBUMS (album_id, artist_id, name, release_date, genre, music_number, image) VALUES (50, 18, 'Album gJHCI4BA', '2023-02-12', 'Classical', 5, 'https://picsum.photos/id/282/200/200');
INSERT INTO ALBUMS (album_id, artist_id, name, release_date, genre, music_number, image) VALUES (51, 55, 'Album cxzCXTdJ', '2024-02-07', 'Pop', 17, 'https://picsum.photos/id/252/200/200');
INSERT INTO ALBUMS (album_id, artist_id, name, release_date, genre, music_number, image) VALUES (52, 42, 'Album zZBJGWhW', '2016-06-05', 'Folk', 7, 'https://picsum.photos/id/297/200/200');
INSERT INTO ALBUMS (album_id, artist_id, name, release_date, genre, music_number, image) VALUES (53, 88, 'Album jFhukyO1', '2018-01-18', 'Indie', 10, 'https://picsum.photos/id/216/200/200');
INSERT INTO ALBUMS (album_id, artist_id, name, release_date, genre, music_number, image) VALUES (54, 25, 'Album M5BnqKW0', '2013-07-11', 'Jazz', 8, 'https://picsum.photos/id/275/200/200');
INSERT INTO ALBUMS (album_id, artist_id, name, release_date, genre, music_number, image) VALUES (55, 6, 'Album lRHaezAH', '2023-05-21', 'Blues', 9, 'https://picsum.photos/id/251/200/200');
INSERT INTO ALBUMS (album_id, artist_id, name, release_date, genre, music_number, image) VALUES (56, 62, 'Album nFv1fe9q', '2017-08-30', 'Hip Hop', 14, 'https://picsum.photos/id/253/200/200');
INSERT INTO ALBUMS (album_id, artist_id, name, release_date, genre, music_number, image) VALUES (57, 13, 'Album jAezk2H4', '2020-10-19', 'Reggae', 7, 'https://picsum.photos/id/241/200/200');
INSERT INTO ALBUMS (album_id, artist_id, name, release_date, genre, music_number, image) VALUES (58, 40, 'Album pOlzwkAr', '2023-04-29', 'Alternative', 11, 'https://picsum.photos/id/275/200/200');
INSERT INTO ALBUMS (album_id, artist_id, name, release_date, genre, music_number, image) VALUES (59, 86, 'Album wHBy3nLl', '2017-02-27', 'Folk', 9, 'https://picsum.photos/id/285/200/200');
INSERT INTO ALBUMS (album_id, artist_id, name, release_date, genre, music_number, image) VALUES (60, 4, 'Album xYzFarj7', '2012-04-25', 'Pop', 18, 'https://picsum.photos/id/215/200/200');
INSERT INTO ALBUMS (album_id, artist_id, name, release_date, genre, music_number, image) VALUES (61, 2, 'Album FO0yeLZO', '2016-10-17', 'Pop', 5, 'https://picsum.photos/id/209/200/200');
INSERT INTO ALBUMS (album_id, artist_id, name, release_date, genre, music_number, image) VALUES (62, 85, 'Album mIMBDMDs', '2016-03-05', 'Alternative', 16, 'https://picsum.photos/id/219/200/200');
INSERT INTO ALBUMS (album_id, artist_id, name, release_date, genre, music_number, image) VALUES (63, 81, 'Album 7PHaMNWg', '2016-01-08', 'Folk', 14, 'https://picsum.photos/id/227/200/200');
INSERT INTO ALBUMS (album_id, artist_id, name, release_date, genre, music_number, image) VALUES (64, 19, 'Album 3iJkmwmU', '2008-10-11', 'Classical', 17, 'https://picsum.photos/id/211/200/200');
INSERT INTO ALBUMS (album_id, artist_id, name, release_date, genre, music_number, image) VALUES (65, 97, 'Album BrdrIzPe', '2014-10-06', 'Classical', 9, 'https://picsum.photos/id/205/200/200');
INSERT INTO ALBUMS (album_id, artist_id, name, release_date, genre, music_number, image) VALUES (66, 84, 'Album jLiSEUNO', '2015-01-27', 'Classical', 7, 'https://picsum.photos/id/218/200/200');
INSERT INTO ALBUMS (album_id, artist_id, name, release_date, genre, music_number, image) VALUES (67, 68, 'Album 3mKime8l', '2023-11-30', 'Country', 11, 'https://picsum.photos/id/201/200/200');
INSERT INTO ALBUMS (album_id, artist_id, name, release_date, genre, music_number, image) VALUES (68, 79, 'Album Qs2CV2H7', '2010-12-11', 'Pop', 11, 'https://picsum.photos/id/222/200/200');
INSERT INTO ALBUMS (album_id, artist_id, name, release_date, genre, music_number, image) VALUES (69, 19, 'Album pFmizPIu', '2018-01-24', 'Electronic', 18, 'https://picsum.photos/id/252/200/200');
INSERT INTO ALBUMS (album_id, artist_id, name, release_date, genre, music_number, image) VALUES (70, 13, 'Album GJpf8lOQ', '2014-01-09', 'Reggae', 18, 'https://picsum.photos/id/291/200/200');
INSERT INTO ALBUMS (album_id, artist_id, name, release_date, genre, music_number, image) VALUES (71, 23, 'Album BX5LDxPc', '2013-07-20', 'Pop', 15, 'https://picsum.photos/id/269/200/200');
INSERT INTO ALBUMS (album_id, artist_id, name, release_date, genre, music_number, image) VALUES (72, 99, 'Album qEeWClcY', '2017-11-17', 'Rock', 20, 'https://picsum.photos/id/284/200/200');
INSERT INTO ALBUMS (album_id, artist_id, name, release_date, genre, music_number, image) VALUES (73, 61, 'Album 0EXvF7ZJ', '2008-03-04', 'Alternative', 7, 'https://picsum.photos/id/275/200/200');
INSERT INTO ALBUMS (album_id, artist_id, name, release_date, genre, music_number, image) VALUES (74, 75, 'Album R367Qzrk', '2012-08-24', 'Pop', 17, 'https://picsum.photos/id/209/200/200');
INSERT INTO ALBUMS (album_id, artist_id, name, release_date, genre, music_number, image) VALUES (75, 20, 'Album AaA9ReyP', '2010-06-22', 'Pop', 11, 'https://picsum.photos/id/291/200/200');
INSERT INTO ALBUMS (album_id, artist_id, name, release_date, genre, music_number, image) VALUES (76, 71, 'Album FXPbDiet', '2015-09-04', 'Reggae', 5, 'https://picsum.photos/id/209/200/200');
INSERT INTO ALBUMS (album_id, artist_id, name, release_date, genre, music_number, image) VALUES (77, 61, 'Album QmNjY4nH', '2010-04-05', 'Folk', 16, 'https://picsum.photos/id/268/200/200');
INSERT INTO ALBUMS (album_id, artist_id, name, release_date, genre, music_number, image) VALUES (78, 1, 'Album P0SkOU3J', '2012-05-05', 'Alternative', 14, 'https://picsum.photos/id/213/200/200');
INSERT INTO ALBUMS (album_id, artist_id, name, release_date, genre, music_number, image) VALUES (79, 93, 'Album CBFPCAe2', '2011-10-07', 'Alternative', 12, 'https://picsum.photos/id/201/200/200');
INSERT INTO ALBUMS (album_id, artist_id, name, release_date, genre, music_number, image) VALUES (80, 8, 'Album 6q42j7GQ', '2012-03-10', 'Hip Hop', 16, 'https://picsum.photos/id/220/200/200');
INSERT INTO ALBUMS (album_id, artist_id, name, release_date, genre, music_number, image) VALUES (81, 58, 'Album WarOoWOW', '2011-04-03', 'Blues', 17, 'https://picsum.photos/id/255/200/200');
INSERT INTO ALBUMS (album_id, artist_id, name, release_date, genre, music_number, image) VALUES (82, 74, 'Album MQR2250J', '2024-01-26', 'Pop', 18, 'https://picsum.photos/id/215/200/200');
INSERT INTO ALBUMS (album_id, artist_id, name, release_date, genre, music_number, image) VALUES (83, 40, 'Album JmqbkHHi', '2019-01-20', 'Hip Hop', 10, 'https://picsum.photos/id/295/200/200');
INSERT INTO ALBUMS (album_id, artist_id, name, release_date, genre, music_number, image) VALUES (84, 44, 'Album ZhmqKeWz', '2011-05-26', 'Folk', 19, 'https://picsum.photos/id/224/200/200');
INSERT INTO ALBUMS (album_id, artist_id, name, release_date, genre, music_number, image) VALUES (85, 57, 'Album P1MaJLv4', '2021-12-05', 'R&B', 14, 'https://picsum.photos/id/249/200/200');
INSERT INTO ALBUMS (album_id, artist_id, name, release_date, genre, music_number, image) VALUES (86, 64, 'Album 5MroyRMX', '2021-07-14', 'Reggae', 8, 'https://picsum.photos/id/271/200/200');
INSERT INTO ALBUMS (album_id, artist_id, name, release_date, genre, music_number, image) VALUES (87, 52, 'Album EKixynbM', '2017-02-11', 'Indie', 12, 'https://picsum.photos/id/260/200/200');
INSERT INTO ALBUMS (album_id, artist_id, name, release_date, genre, music_number, image) VALUES (88, 17, 'Album OLhLSJyE', '2014-02-22', 'Reggae', 11, 'https://picsum.photos/id/287/200/200');
INSERT INTO ALBUMS (album_id, artist_id, name, release_date, genre, music_number, image) VALUES (89, 48, 'Album y3bIaRgo', '2013-01-16', 'Country', 6, 'https://picsum.photos/id/201/200/200');
INSERT INTO ALBUMS (album_id, artist_id, name, release_date, genre, music_number, image) VALUES (90, 15, 'Album c5wvnVea', '2020-04-16', 'Indie', 11, 'https://picsum.photos/id/221/200/200');
INSERT INTO ALBUMS (album_id, artist_id, name, release_date, genre, music_number, image) VALUES (91, 25, 'Album WRbXXqBC', '2023-05-04', 'Alternative', 20, 'https://picsum.photos/id/271/200/200');
INSERT INTO ALBUMS (album_id, artist_id, name, release_date, genre, music_number, image) VALUES (92, 16, 'Album kUscr5y0', '2009-02-25', 'Jazz', 19, 'https://picsum.photos/id/248/200/200');
INSERT INTO ALBUMS (album_id, artist_id, name, release_date, genre, music_number, image) VALUES (93, 37, 'Album BRYH3EcE', '2014-08-13', 'Pop', 16, 'https://picsum.photos/id/210/200/200');
INSERT INTO ALBUMS (album_id, artist_id, name, release_date, genre, music_number, image) VALUES (94, 74, 'Album Or84RLtM', '2016-01-19', 'Reggae', 11, 'https://picsum.photos/id/245/200/200');
INSERT INTO ALBUMS (album_id, artist_id, name, release_date, genre, music_number, image) VALUES (95, 19, 'Album 7IBHKDuM', '2012-04-08', 'Country', 10, 'https://picsum.photos/id/229/200/200');
INSERT INTO ALBUMS (album_id, artist_id, name, release_date, genre, music_number, image) VALUES (96, 7, 'Album utDolpZv', '2019-10-07', 'Indie', 10, 'https://picsum.photos/id/247/200/200');
INSERT INTO ALBUMS (album_id, artist_id, name, release_date, genre, music_number, image) VALUES (97, 65, 'Album TF97Pqtx', '2023-08-01', 'Electronic', 5, 'https://picsum.photos/id/283/200/200');
INSERT INTO ALBUMS (album_id, artist_id, name, release_date, genre, music_number, image) VALUES (98, 49, 'Album j0URbOdX', '2013-04-16', 'Country', 19, 'https://picsum.photos/id/205/200/200');
INSERT INTO ALBUMS (album_id, artist_id, name, release_date, genre, music_number, image) VALUES (99, 34, 'Album vjZesbwz', '2011-05-26', 'Folk', 13, 'https://picsum.photos/id/283/200/200');
INSERT INTO ALBUMS (album_id, artist_id, name, release_date, genre, music_number, image) VALUES (100, 77, 'Album KP79kgIM', '2016-05-26', 'Metal', 7, 'https://picsum.photos/id/260/200/200');
INSERT INTO ALBUMS (album_id, artist_id, name, release_date, genre, music_number, image) VALUES (101, 95, 'Album 3YRsSZtU', '2009-05-09', 'Alternative', 9, 'https://picsum.photos/id/285/200/200');
INSERT INTO ALBUMS (album_id, artist_id, name, release_date, genre, music_number, image) VALUES (102, 92, 'Album BBuNLzJA', '2022-02-18', 'Dance', 6, 'https://picsum.photos/id/281/200/200');
INSERT INTO ALBUMS (album_id, artist_id, name, release_date, genre, music_number, image) VALUES (103, 95, 'Album C1H4Um6A', '2021-01-14', 'Hip Hop', 18, 'https://picsum.photos/id/253/200/200');
INSERT INTO ALBUMS (album_id, artist_id, name, release_date, genre, music_number, image) VALUES (104, 58, 'Album XVJFMuu8', '2008-06-26', 'Country', 12, 'https://picsum.photos/id/204/200/200');
INSERT INTO ALBUMS (album_id, artist_id, name, release_date, genre, music_number, image) VALUES (105, 6, 'Album WMTLFw1a', '2012-06-19', 'Blues', 5, 'https://picsum.photos/id/216/200/200');
INSERT INTO ALBUMS (album_id, artist_id, name, release_date, genre, music_number, image) VALUES (106, 42, 'Album ZsGJmnj9', '2021-05-18', 'Alternative', 13, 'https://picsum.photos/id/248/200/200');
INSERT INTO ALBUMS (album_id, artist_id, name, release_date, genre, music_number, image) VALUES (107, 62, 'Album kRfUZLN5', '2023-09-24', 'Electronic', 19, 'https://picsum.photos/id/281/200/200');
INSERT INTO ALBUMS (album_id, artist_id, name, release_date, genre, music_number, image) VALUES (108, 94, 'Album TXqpvoAq', '2023-04-20', 'Pop', 19, 'https://picsum.photos/id/265/200/200');
INSERT INTO ALBUMS (album_id, artist_id, name, release_date, genre, music_number, image) VALUES (109, 9, 'Album fnEy7wCQ', '2015-08-26', 'Alternative', 16, 'https://picsum.photos/id/271/200/200');
INSERT INTO ALBUMS (album_id, artist_id, name, release_date, genre, music_number, image) VALUES (110, 89, 'Album LqnqB8tm', '2018-04-30', 'Electronic', 15, 'https://picsum.photos/id/217/200/200');
INSERT INTO ALBUMS (album_id, artist_id, name, release_date, genre, music_number, image) VALUES (111, 25, 'Album v551suU6', '2021-02-11', 'Country', 8, 'https://picsum.photos/id/215/200/200');
INSERT INTO ALBUMS (album_id, artist_id, name, release_date, genre, music_number, image) VALUES (112, 6, 'Album wkrxftOw', '2016-11-08', 'Alternative', 20, 'https://picsum.photos/id/273/200/200');
INSERT INTO ALBUMS (album_id, artist_id, name, release_date, genre, music_number, image) VALUES (113, 71, 'Album 3XBoRwyP', '2009-03-03', 'Indie', 9, 'https://picsum.photos/id/231/200/200');
INSERT INTO ALBUMS (album_id, artist_id, name, release_date, genre, music_number, image) VALUES (114, 88, 'Album tYm94W9u', '2014-08-19', 'Classical', 5, 'https://picsum.photos/id/271/200/200');
INSERT INTO ALBUMS (album_id, artist_id, name, release_date, genre, music_number, image) VALUES (115, 37, 'Album Lyel9kcB', '2009-08-15', 'Classical', 6, 'https://picsum.photos/id/271/200/200');
INSERT INTO ALBUMS (album_id, artist_id, name, release_date, genre, music_number, image) VALUES (116, 60, 'Album yHq2nDcC', '2023-08-27', 'Electronic', 6, 'https://picsum.photos/id/210/200/200');
INSERT INTO ALBUMS (album_id, artist_id, name, release_date, genre, music_number, image) VALUES (117, 68, 'Album XACFKEsV', '2018-06-19', 'Folk', 5, 'https://picsum.photos/id/275/200/200');
INSERT INTO ALBUMS (album_id, artist_id, name, release_date, genre, music_number, image) VALUES (118, 44, 'Album IxvmacLI', '2022-12-29', 'Classical', 13, 'https://picsum.photos/id/279/200/200');
INSERT INTO ALBUMS (album_id, artist_id, name, release_date, genre, music_number, image) VALUES (119, 80, 'Album 6RMCcrip', '2010-10-12', 'R&B', 9, 'https://picsum.photos/id/281/200/200');
INSERT INTO ALBUMS (album_id, artist_id, name, release_date, genre, music_number, image) VALUES (120, 46, 'Album wS72JIsI', '2010-11-22', 'R&B', 17, 'https://picsum.photos/id/243/200/200');
INSERT INTO ALBUMS (album_id, artist_id, name, release_date, genre, music_number, image) VALUES (121, 11, 'Album Yz47KnvE', '2012-06-19', 'Classical', 20, 'https://picsum.photos/id/268/200/200');
INSERT INTO ALBUMS (album_id, artist_id, name, release_date, genre, music_number, image) VALUES (122, 63, 'Album C8ZVKCvX', '2011-02-07', 'Pop', 15, 'https://picsum.photos/id/292/200/200');
INSERT INTO ALBUMS (album_id, artist_id, name, release_date, genre, music_number, image) VALUES (123, 40, 'Album ncEhFGj2', '2009-03-19', 'Jazz', 11, 'https://picsum.photos/id/296/200/200');
INSERT INTO ALBUMS (album_id, artist_id, name, release_date, genre, music_number, image) VALUES (124, 66, 'Album WstiLyhc', '2020-03-18', 'Classical', 6, 'https://picsum.photos/id/219/200/200');
INSERT INTO ALBUMS (album_id, artist_id, name, release_date, genre, music_number, image) VALUES (125, 74, 'Album sWNJTb6Z', '2012-04-21', 'Jazz', 14, 'https://picsum.photos/id/202/200/200');
INSERT INTO ALBUMS (album_id, artist_id, name, release_date, genre, music_number, image) VALUES (126, 62, 'Album h6SAIcDj', '2008-09-01', 'Alternative', 11, 'https://picsum.photos/id/289/200/200');
INSERT INTO ALBUMS (album_id, artist_id, name, release_date, genre, music_number, image) VALUES (127, 29, 'Album F2x47L4A', '2014-01-25', 'Dance', 15, 'https://picsum.photos/id/205/200/200');
INSERT INTO ALBUMS (album_id, artist_id, name, release_date, genre, music_number, image) VALUES (128, 20, 'Album wxiaB5Dl', '2013-05-20', 'Classical', 13, 'https://picsum.photos/id/268/200/200');
INSERT INTO ALBUMS (album_id, artist_id, name, release_date, genre, music_number, image) VALUES (129, 96, 'Album ne6bgGg1', '2023-01-06', 'Rock', 7, 'https://picsum.photos/id/248/200/200');
INSERT INTO ALBUMS (album_id, artist_id, name, release_date, genre, music_number, image) VALUES (130, 85, 'Album ASqHnQcQ', '2009-01-30', 'Electronic', 9, 'https://picsum.photos/id/226/200/200');
INSERT INTO ALBUMS (album_id, artist_id, name, release_date, genre, music_number, image) VALUES (131, 64, 'Album GHWKlOXB', '2017-10-09', 'Rock', 15, 'https://picsum.photos/id/280/200/200');
INSERT INTO ALBUMS (album_id, artist_id, name, release_date, genre, music_number, image) VALUES (132, 31, 'Album ZYj8NSYb', '2017-07-08', 'Electronic', 6, 'https://picsum.photos/id/205/200/200');
INSERT INTO ALBUMS (album_id, artist_id, name, release_date, genre, music_number, image) VALUES (133, 26, 'Album i9kCEhgQ', '2023-02-14', 'Metal', 14, 'https://picsum.photos/id/241/200/200');
INSERT INTO ALBUMS (album_id, artist_id, name, release_date, genre, music_number, image) VALUES (134, 86, 'Album EQ0zwyiV', '2013-12-01', 'Dance', 15, 'https://picsum.photos/id/229/200/200');
INSERT INTO ALBUMS (album_id, artist_id, name, release_date, genre, music_number, image) VALUES (135, 54, 'Album iBjCH6TC', '2018-02-03', 'Reggae', 12, 'https://picsum.photos/id/243/200/200');
INSERT INTO ALBUMS (album_id, artist_id, name, release_date, genre, music_number, image) VALUES (136, 39, 'Album FNYIEwM1', '2014-04-24', 'Metal', 7, 'https://picsum.photos/id/255/200/200');
INSERT INTO ALBUMS (album_id, artist_id, name, release_date, genre, music_number, image) VALUES (137, 69, 'Album 73zTwMo3', '2011-06-05', 'Pop', 16, 'https://picsum.photos/id/293/200/200');
INSERT INTO ALBUMS (album_id, artist_id, name, release_date, genre, music_number, image) VALUES (138, 42, 'Album WoJKdgEP', '2016-08-21', 'Pop', 17, 'https://picsum.photos/id/252/200/200');
INSERT INTO ALBUMS (album_id, artist_id, name, release_date, genre, music_number, image) VALUES (139, 32, 'Album HBQqt9yU', '2010-05-16', 'Indie', 6, 'https://picsum.photos/id/254/200/200');
INSERT INTO ALBUMS (album_id, artist_id, name, release_date, genre, music_number, image) VALUES (140, 58, 'Album ow4FpCHX', '2024-02-03', 'Classical', 7, 'https://picsum.photos/id/267/200/200');
INSERT INTO ALBUMS (album_id, artist_id, name, release_date, genre, music_number, image) VALUES (141, 37, 'Album kDGXfi4V', '2018-05-07', 'R&B', 12, 'https://picsum.photos/id/249/200/200');
INSERT INTO ALBUMS (album_id, artist_id, name, release_date, genre, music_number, image) VALUES (142, 20, 'Album eRwnMDNo', '2017-04-16', 'Reggae', 6, 'https://picsum.photos/id/246/200/200');
INSERT INTO ALBUMS (album_id, artist_id, name, release_date, genre, music_number, image) VALUES (143, 16, 'Album 07SsDPdk', '2018-02-17', 'Alternative', 18, 'https://picsum.photos/id/215/200/200');
INSERT INTO ALBUMS (album_id, artist_id, name, release_date, genre, music_number, image) VALUES (144, 32, 'Album myuYDTg4', '2010-07-25', 'Country', 15, 'https://picsum.photos/id/214/200/200');
INSERT INTO ALBUMS (album_id, artist_id, name, release_date, genre, music_number, image) VALUES (145, 45, 'Album tmVFHzzD', '2023-10-16', 'Rock', 18, 'https://picsum.photos/id/238/200/200');
INSERT INTO ALBUMS (album_id, artist_id, name, release_date, genre, music_number, image) VALUES (146, 56, 'Album glz9mxFI', '2008-05-21', 'Folk', 15, 'https://picsum.photos/id/253/200/200');
INSERT INTO ALBUMS (album_id, artist_id, name, release_date, genre, music_number, image) VALUES (147, 56, 'Album m1f3FMAx', '2021-10-04', 'R&B', 20, 'https://picsum.photos/id/293/200/200');
INSERT INTO ALBUMS (album_id, artist_id, name, release_date, genre, music_number, image) VALUES (148, 50, 'Album xvb1iXxe', '2014-06-18', 'Jazz', 10, 'https://picsum.photos/id/256/200/200');
INSERT INTO ALBUMS (album_id, artist_id, name, release_date, genre, music_number, image) VALUES (149, 53, 'Album rfjWhbuc', '2017-06-21', 'Dance', 8, 'https://picsum.photos/id/240/200/200');
INSERT INTO ALBUMS (album_id, artist_id, name, release_date, genre, music_number, image) VALUES (150, 36, 'Album LYl7cz2w', '2009-06-27', 'Rock', 6, 'https://picsum.photos/id/256/200/200');
INSERT INTO ALBUMS (album_id, artist_id, name, release_date, genre, music_number, image) VALUES (151, 36, 'Album WxnNUsPj', '2017-03-24', 'Rock', 13, 'https://picsum.photos/id/219/200/200');
INSERT INTO ALBUMS (album_id, artist_id, name, release_date, genre, music_number, image) VALUES (152, 28, 'Album joeeY9ur', '2021-07-17', 'Pop', 7, 'https://picsum.photos/id/271/200/200');
INSERT INTO ALBUMS (album_id, artist_id, name, release_date, genre, music_number, image) VALUES (153, 62, 'Album mb4haWkv', '2019-12-11', 'Reggae', 6, 'https://picsum.photos/id/218/200/200');
INSERT INTO ALBUMS (album_id, artist_id, name, release_date, genre, music_number, image) VALUES (154, 39, 'Album uvfyLNwG', '2022-04-28', 'Jazz', 7, 'https://picsum.photos/id/265/200/200');
INSERT INTO ALBUMS (album_id, artist_id, name, release_date, genre, music_number, image) VALUES (155, 27, 'Album 0BDKYv0g', '2019-04-02', 'Folk', 14, 'https://picsum.photos/id/298/200/200');
INSERT INTO ALBUMS (album_id, artist_id, name, release_date, genre, music_number, image) VALUES (156, 35, 'Album hrQlIgK6', '2020-08-31', 'Pop', 20, 'https://picsum.photos/id/229/200/200');
INSERT INTO ALBUMS (album_id, artist_id, name, release_date, genre, music_number, image) VALUES (157, 85, 'Album 619XC0tn', '2023-12-21', 'Indie', 13, 'https://picsum.photos/id/298/200/200');
INSERT INTO ALBUMS (album_id, artist_id, name, release_date, genre, music_number, image) VALUES (158, 43, 'Album 0Ibbupzx', '2019-07-11', 'Reggae', 19, 'https://picsum.photos/id/232/200/200');
INSERT INTO ALBUMS (album_id, artist_id, name, release_date, genre, music_number, image) VALUES (159, 7, 'Album k5kzqdd2', '2015-02-12', 'Rock', 9, 'https://picsum.photos/id/288/200/200');
INSERT INTO ALBUMS (album_id, artist_id, name, release_date, genre, music_number, image) VALUES (160, 94, 'Album o2HAL5RL', '2010-05-05', 'Hip Hop', 16, 'https://picsum.photos/id/278/200/200');
INSERT INTO ALBUMS (album_id, artist_id, name, release_date, genre, music_number, image) VALUES (161, 92, 'Album JzxpWAVp', '2013-10-19', 'Country', 5, 'https://picsum.photos/id/231/200/200');
INSERT INTO ALBUMS (album_id, artist_id, name, release_date, genre, music_number, image) VALUES (162, 6, 'Album vn86QB32', '2018-08-09', 'Blues', 8, 'https://picsum.photos/id/204/200/200');
INSERT INTO ALBUMS (album_id, artist_id, name, release_date, genre, music_number, image) VALUES (163, 53, 'Album m9wjKkkV', '2017-07-19', 'R&B', 18, 'https://picsum.photos/id/299/200/200');
INSERT INTO ALBUMS (album_id, artist_id, name, release_date, genre, music_number, image) VALUES (164, 95, 'Album G8hbPhco', '2012-10-26', 'Alternative', 13, 'https://picsum.photos/id/253/200/200');
INSERT INTO ALBUMS (album_id, artist_id, name, release_date, genre, music_number, image) VALUES (165, 76, 'Album LKxjpZTH', '2018-10-22', 'Alternative', 12, 'https://picsum.photos/id/280/200/200');
INSERT INTO ALBUMS (album_id, artist_id, name, release_date, genre, music_number, image) VALUES (166, 95, 'Album PvN6Cd9i', '2017-08-28', 'Pop', 12, 'https://picsum.photos/id/247/200/200');
INSERT INTO ALBUMS (album_id, artist_id, name, release_date, genre, music_number, image) VALUES (167, 16, 'Album TmPPXiQ9', '2012-01-22', 'Reggae', 10, 'https://picsum.photos/id/245/200/200');
INSERT INTO ALBUMS (album_id, artist_id, name, release_date, genre, music_number, image) VALUES (168, 100, 'Album wnLthTXS', '2019-11-17', 'Classical', 10, 'https://picsum.photos/id/294/200/200');
INSERT INTO ALBUMS (album_id, artist_id, name, release_date, genre, music_number, image) VALUES (169, 13, 'Album YjjF6RCs', '2021-08-09', 'Reggae', 14, 'https://picsum.photos/id/247/200/200');
INSERT INTO ALBUMS (album_id, artist_id, name, release_date, genre, music_number, image) VALUES (170, 7, 'Album lhrac3ac', '2018-07-14', 'Blues', 12, 'https://picsum.photos/id/237/200/200');
INSERT INTO ALBUMS (album_id, artist_id, name, release_date, genre, music_number, image) VALUES (171, 57, 'Album 6CSwILPx', '2018-01-30', 'R&B', 9, 'https://picsum.photos/id/298/200/200');
INSERT INTO ALBUMS (album_id, artist_id, name, release_date, genre, music_number, image) VALUES (172, 100, 'Album 1uaoMw84', '2011-07-27', 'Alternative', 18, 'https://picsum.photos/id/222/200/200');
INSERT INTO ALBUMS (album_id, artist_id, name, release_date, genre, music_number, image) VALUES (173, 70, 'Album 2yrefudj', '2019-05-22', 'Indie', 5, 'https://picsum.photos/id/236/200/200');
INSERT INTO ALBUMS (album_id, artist_id, name, release_date, genre, music_number, image) VALUES (174, 32, 'Album BtrDWEK4', '2016-02-23', 'Country', 11, 'https://picsum.photos/id/208/200/200');
INSERT INTO ALBUMS (album_id, artist_id, name, release_date, genre, music_number, image) VALUES (175, 37, 'Album AJweICuw', '2018-05-23', 'R&B', 17, 'https://picsum.photos/id/237/200/200');
INSERT INTO ALBUMS (album_id, artist_id, name, release_date, genre, music_number, image) VALUES (176, 89, 'Album VG0QC6X1', '2016-03-20', 'Alternative', 5, 'https://picsum.photos/id/231/200/200');
INSERT INTO ALBUMS (album_id, artist_id, name, release_date, genre, music_number, image) VALUES (177, 44, 'Album 5a6xWiQT', '2013-11-28', 'R&B', 15, 'https://picsum.photos/id/248/200/200');
INSERT INTO ALBUMS (album_id, artist_id, name, release_date, genre, music_number, image) VALUES (178, 18, 'Album RjtbLxsr', '2022-08-26', 'Electronic', 17, 'https://picsum.photos/id/232/200/200');
INSERT INTO ALBUMS (album_id, artist_id, name, release_date, genre, music_number, image) VALUES (179, 87, 'Album 9IG1wsNr', '2016-11-03', 'Blues', 17, 'https://picsum.photos/id/211/200/200');
INSERT INTO ALBUMS (album_id, artist_id, name, release_date, genre, music_number, image) VALUES (180, 30, 'Album u4fufvHZ', '2015-10-28', 'Dance', 18, 'https://picsum.photos/id/269/200/200');
INSERT INTO ALBUMS (album_id, artist_id, name, release_date, genre, music_number, image) VALUES (181, 89, 'Album wbgpSqJg', '2013-09-02', 'Electronic', 15, 'https://picsum.photos/id/280/200/200');
INSERT INTO ALBUMS (album_id, artist_id, name, release_date, genre, music_number, image) VALUES (182, 39, 'Album 5YrVB7fq', '2013-10-06', 'Rock', 10, 'https://picsum.photos/id/209/200/200');
INSERT INTO ALBUMS (album_id, artist_id, name, release_date, genre, music_number, image) VALUES (183, 93, 'Album oBbOOW2z', '2023-10-04', 'Jazz', 7, 'https://picsum.photos/id/280/200/200');
INSERT INTO ALBUMS (album_id, artist_id, name, release_date, genre, music_number, image) VALUES (184, 9, 'Album WwhjyGtN', '2014-04-20', 'Indie', 19, 'https://picsum.photos/id/265/200/200');
INSERT INTO ALBUMS (album_id, artist_id, name, release_date, genre, music_number, image) VALUES (185, 65, 'Album 6V8s3vrP', '2014-12-01', 'Folk', 14, 'https://picsum.photos/id/271/200/200');
INSERT INTO ALBUMS (album_id, artist_id, name, release_date, genre, music_number, image) VALUES (186, 58, 'Album DjbU21MY', '2012-12-27', 'Rock', 14, 'https://picsum.photos/id/235/200/200');
INSERT INTO ALBUMS (album_id, artist_id, name, release_date, genre, music_number, image) VALUES (187, 33, 'Album ovbzwYhG', '2024-04-26', 'Country', 20, 'https://picsum.photos/id/225/200/200');
INSERT INTO ALBUMS (album_id, artist_id, name, release_date, genre, music_number, image) VALUES (188, 48, 'Album zWg95onU', '2019-04-21', 'Reggae', 9, 'https://picsum.photos/id/268/200/200');
INSERT INTO ALBUMS (album_id, artist_id, name, release_date, genre, music_number, image) VALUES (189, 22, 'Album PDgFxpzY', '2008-04-21', 'Blues', 13, 'https://picsum.photos/id/292/200/200');
INSERT INTO ALBUMS (album_id, artist_id, name, release_date, genre, music_number, image) VALUES (190, 83, 'Album GKHYNchN', '2018-03-01', 'Dance', 14, 'https://picsum.photos/id/255/200/200');
INSERT INTO ALBUMS (album_id, artist_id, name, release_date, genre, music_number, image) VALUES (191, 73, 'Album uS6MnAHl', '2022-12-24', 'Pop', 14, 'https://picsum.photos/id/273/200/200');
INSERT INTO ALBUMS (album_id, artist_id, name, release_date, genre, music_number, image) VALUES (192, 34, 'Album 2XHh3wZ7', '2008-11-26', 'Dance', 6, 'https://picsum.photos/id/208/200/200');
INSERT INTO ALBUMS (album_id, artist_id, name, release_date, genre, music_number, image) VALUES (193, 22, 'Album aB1V6npb', '2018-11-11', 'Alternative', 17, 'https://picsum.photos/id/294/200/200');
INSERT INTO ALBUMS (album_id, artist_id, name, release_date, genre, music_number, image) VALUES (194, 77, 'Album ttZZSyn3', '2017-03-03', 'Country', 15, 'https://picsum.photos/id/273/200/200');
INSERT INTO ALBUMS (album_id, artist_id, name, release_date, genre, music_number, image) VALUES (195, 13, 'Album tHps4ZXz', '2008-10-05', 'Dance', 20, 'https://picsum.photos/id/227/200/200');
INSERT INTO ALBUMS (album_id, artist_id, name, release_date, genre, music_number, image) VALUES (196, 44, 'Album Cb7JOu4R', '2020-02-19', 'Folk', 12, 'https://picsum.photos/id/298/200/200');
INSERT INTO ALBUMS (album_id, artist_id, name, release_date, genre, music_number, image) VALUES (197, 48, 'Album DZduEccH', '2013-06-04', 'Indie', 13, 'https://picsum.photos/id/206/200/200');
INSERT INTO ALBUMS (album_id, artist_id, name, release_date, genre, music_number, image) VALUES (198, 75, 'Album HT9g0p1n', '2009-10-23', 'Metal', 7, 'https://picsum.photos/id/212/200/200');
INSERT INTO ALBUMS (album_id, artist_id, name, release_date, genre, music_number, image) VALUES (199, 74, 'Album 7IbTSxWC', '2024-04-01', 'Jazz', 18, 'https://picsum.photos/id/226/200/200');
INSERT INTO ALBUMS (album_id, artist_id, name, release_date, genre, music_number, image) VALUES (200, 65, 'Album aHp6PJKK', '2019-01-10', 'R&B', 10, 'https://picsum.photos/id/224/200/200');

-- SONGS Data --
INSERT INTO SONGS (song_id, album_id, title, duration, genre, release_date, popularity_rank, image) VALUES (1, 139, 'Song ZBUzhRXQhH', 315, 'Blues', '2014-01-07', 7, 'https://picsum.photos/id/295/200/200');
INSERT INTO SONGS (song_id, album_id, title, duration, genre, release_date, popularity_rank, image) VALUES (2, 143, 'Song 70W1cypVD1', 310, 'Reggae', '2019-09-24', 599, 'https://picsum.photos/id/257/200/200');
INSERT INTO SONGS (song_id, album_id, title, duration, genre, release_date, popularity_rank, image) VALUES (3, 83, 'Song Pks3R8S2Uc', 275, 'Folk', '2008-11-27', 654, 'https://picsum.photos/id/242/200/200');
INSERT INTO SONGS (song_id, album_id, title, duration, genre, release_date, popularity_rank, image) VALUES (4, 192, 'Song v5Fyqvrxri', 184, 'Folk', '2021-01-22', 818, 'https://picsum.photos/id/245/200/200');
INSERT INTO SONGS (song_id, album_id, title, duration, genre, release_date, popularity_rank, image) VALUES (5, 98, 'Song RtVB4xFgeT', 368, 'Metal', '2020-01-28', 200, 'https://picsum.photos/id/271/200/200');
INSERT INTO SONGS (song_id, album_id, title, duration, genre, release_date, popularity_rank, image) VALUES (6, 147, 'Song gwLawa0MnM', 227, 'Rock', '2021-02-02', 829, 'https://picsum.photos/id/206/200/200');
INSERT INTO SONGS (song_id, album_id, title, duration, genre, release_date, popularity_rank, image) VALUES (7, 90, 'Song 9S0Ay6GQ3q', 319, 'Classical', '2015-08-05', 327, 'https://picsum.photos/id/266/200/200');
INSERT INTO SONGS (song_id, album_id, title, duration, genre, release_date, popularity_rank, image) VALUES (8, 132, 'Song mEd3HiXs1q', 249, 'Indie', '2019-02-01', 539, 'https://picsum.photos/id/290/200/200');
INSERT INTO SONGS (song_id, album_id, title, duration, genre, release_date, popularity_rank, image) VALUES (9, 43, 'Song b4fqzmFu1H', 214, 'Indie', '2013-05-23', 86, 'https://picsum.photos/id/252/200/200');
INSERT INTO SONGS (song_id, album_id, title, duration, genre, release_date, popularity_rank, image) VALUES (10, 17, 'Song qvoTbHq6FR', 394, 'Country', '2010-05-23', 986, 'https://picsum.photos/id/297/200/200');
INSERT INTO SONGS (song_id, album_id, title, duration, genre, release_date, popularity_rank, image) VALUES (11, 91, 'Song lrITKiymFh', 149, 'Metal', '2014-02-14', 226, 'https://picsum.photos/id/222/200/200');
INSERT INTO SONGS (song_id, album_id, title, duration, genre, release_date, popularity_rank, image) VALUES (12, 7, 'Song JFTVSLqcQO', 145, 'Folk', '2012-06-14', 976, 'https://picsum.photos/id/238/200/200');
INSERT INTO SONGS (song_id, album_id, title, duration, genre, release_date, popularity_rank, image) VALUES (13, 55, 'Song BANKI9o7Fd', 435, 'Hip Hop', '2011-02-21', 467, 'https://picsum.photos/id/250/200/200');
INSERT INTO SONGS (song_id, album_id, title, duration, genre, release_date, popularity_rank, image) VALUES (14, 114, 'Song 9bdDAQcrJc', 268, 'Metal', '2012-05-04', 463, 'https://picsum.photos/id/231/200/200');
INSERT INTO SONGS (song_id, album_id, title, duration, genre, release_date, popularity_rank, image) VALUES (15, 177, 'Song FtyG0mLtTJ', 312, 'Pop', '2010-03-10', 924, 'https://picsum.photos/id/251/200/200');
INSERT INTO SONGS (song_id, album_id, title, duration, genre, release_date, popularity_rank, image) VALUES (16, 163, 'Song YeQgGRPVqK', 268, 'Blues', '2019-02-12', 979, 'https://picsum.photos/id/240/200/200');
INSERT INTO SONGS (song_id, album_id, title, duration, genre, release_date, popularity_rank, image) VALUES (17, 16, 'Song OdmfjXec1s', 356, 'Reggae', '2008-07-03', 584, 'https://picsum.photos/id/288/200/200');
INSERT INTO SONGS (song_id, album_id, title, duration, genre, release_date, popularity_rank, image) VALUES (18, 66, 'Song t2OlF6HMAq', 147, 'Alternative', '2019-07-09', 339, 'https://picsum.photos/id/299/200/200');
INSERT INTO SONGS (song_id, album_id, title, duration, genre, release_date, popularity_rank, image) VALUES (19, 183, 'Song SyFWWe42hB', 416, 'Metal', '2012-11-25', 63, 'https://picsum.photos/id/246/200/200');
INSERT INTO SONGS (song_id, album_id, title, duration, genre, release_date, popularity_rank, image) VALUES (20, 86, 'Song fS2BLEZrPT', 351, 'Metal', '2019-11-22', 921, 'https://picsum.photos/id/285/200/200');
INSERT INTO SONGS (song_id, album_id, title, duration, genre, release_date, popularity_rank, image) VALUES (21, 6, 'Song 4m0M6Du4ae', 198, 'Blues', '2021-10-14', 123, 'https://picsum.photos/id/237/200/200');
INSERT INTO SONGS (song_id, album_id, title, duration, genre, release_date, popularity_rank, image) VALUES (22, 80, 'Song xxGTU7P7g9', 248, 'Rock', '2018-08-10', 221, 'https://picsum.photos/id/262/200/200');
INSERT INTO SONGS (song_id, album_id, title, duration, genre, release_date, popularity_rank, image) VALUES (23, 195, 'Song aFnwI2skD6', 426, 'Pop', '2018-06-16', 808, 'https://picsum.photos/id/285/200/200');
INSERT INTO SONGS (song_id, album_id, title, duration, genre, release_date, popularity_rank, image) VALUES (24, 103, 'Song 1EE0KeljvP', 366, 'Reggae', '2018-09-04', 524, 'https://picsum.photos/id/249/200/200');
INSERT INTO SONGS (song_id, album_id, title, duration, genre, release_date, popularity_rank, image) VALUES (25, 152, 'Song GcZqcKivhH', 412, 'Reggae', '2011-06-21', 939, 'https://picsum.photos/id/293/200/200');
INSERT INTO SONGS (song_id, album_id, title, duration, genre, release_date, popularity_rank, image) VALUES (26, 29, 'Song E6X5zNRPYa', 195, 'Alternative', '2022-06-10', 997, 'https://picsum.photos/id/225/200/200');
INSERT INTO SONGS (song_id, album_id, title, duration, genre, release_date, popularity_rank, image) VALUES (27, 53, 'Song HtAvpftRSK', 361, 'Reggae', '2011-01-23', 643, 'https://picsum.photos/id/259/200/200');
INSERT INTO SONGS (song_id, album_id, title, duration, genre, release_date, popularity_rank, image) VALUES (28, 69, 'Song 1wtmYu0j2N', 286, 'Dance', '2017-09-19', 475, 'https://picsum.photos/id/207/200/200');
INSERT INTO SONGS (song_id, album_id, title, duration, genre, release_date, popularity_rank, image) VALUES (29, 126, 'Song TOoHBcyRvU', 245, 'R&B', '2024-01-11', 914, 'https://picsum.photos/id/290/200/200');
INSERT INTO SONGS (song_id, album_id, title, duration, genre, release_date, popularity_rank, image) VALUES (30, 199, 'Song U7UuUtHaos', 136, 'Metal', '2016-09-06', 690, 'https://picsum.photos/id/214/200/200');
INSERT INTO SONGS (song_id, album_id, title, duration, genre, release_date, popularity_rank, image) VALUES (31, 153, 'Song exHtCZPMjn', 407, 'Indie', '2020-06-07', 130, 'https://picsum.photos/id/270/200/200');
INSERT INTO SONGS (song_id, album_id, title, duration, genre, release_date, popularity_rank, image) VALUES (32, 116, 'Song Zl4aBsxUQX', 448, 'Jazz', '2009-02-09', 631, 'https://picsum.photos/id/275/200/200');
INSERT INTO SONGS (song_id, album_id, title, duration, genre, release_date, popularity_rank, image) VALUES (33, 105, 'Song 6sVd6JVegp', 408, 'Indie', '2023-04-09', 177, 'https://picsum.photos/id/279/200/200');
INSERT INTO SONGS (song_id, album_id, title, duration, genre, release_date, popularity_rank, image) VALUES (34, 146, 'Song 1AJtcAyIuu', 453, 'Folk', '2012-01-13', 909, 'https://picsum.photos/id/282/200/200');
INSERT INTO SONGS (song_id, album_id, title, duration, genre, release_date, popularity_rank, image) VALUES (35, 119, 'Song 58yzXDfkG2', 316, 'Country', '2018-10-19', 790, 'https://picsum.photos/id/231/200/200');
INSERT INTO SONGS (song_id, album_id, title, duration, genre, release_date, popularity_rank, image) VALUES (36, 78, 'Song GQXmagsRqT', 266, 'Blues', '2022-11-11', 76, 'https://picsum.photos/id/232/200/200');
INSERT INTO SONGS (song_id, album_id, title, duration, genre, release_date, popularity_rank, image) VALUES (37, 36, 'Song 6pCHevmeG3', 188, 'Classical', '2015-02-25', 134, 'https://picsum.photos/id/227/200/200');
INSERT INTO SONGS (song_id, album_id, title, duration, genre, release_date, popularity_rank, image) VALUES (38, 122, 'Song UosVnMfr4d', 164, 'Blues', '2021-10-22', 728, 'https://picsum.photos/id/229/200/200');
INSERT INTO SONGS (song_id, album_id, title, duration, genre, release_date, popularity_rank, image) VALUES (39, 62, 'Song a4rRqfB9pA', 418, 'Pop', '2009-02-15', 767, 'https://picsum.photos/id/290/200/200');
INSERT INTO SONGS (song_id, album_id, title, duration, genre, release_date, popularity_rank, image) VALUES (40, 27, 'Song MxXM3Ck0iU', 266, 'Rock', '2018-12-21', 160, 'https://picsum.photos/id/202/200/200');
INSERT INTO SONGS (song_id, album_id, title, duration, genre, release_date, popularity_rank, image) VALUES (41, 99, 'Song fOEZVXrzcZ', 411, 'Alternative', '2016-10-09', 832, 'https://picsum.photos/id/261/200/200');
INSERT INTO SONGS (song_id, album_id, title, duration, genre, release_date, popularity_rank, image) VALUES (42, 49, 'Song nom0jpVvV3', 475, 'Metal', '2011-05-24', 34, 'https://picsum.photos/id/260/200/200');
INSERT INTO SONGS (song_id, album_id, title, duration, genre, release_date, popularity_rank, image) VALUES (43, 36, 'Song 9PVoW5uXom', 437, 'Folk', '2011-08-22', 604, 'https://picsum.photos/id/273/200/200');
INSERT INTO SONGS (song_id, album_id, title, duration, genre, release_date, popularity_rank, image) VALUES (44, 60, 'Song 00DsuPjkU4', 172, 'Alternative', '2019-09-13', 237, 'https://picsum.photos/id/267/200/200');
INSERT INTO SONGS (song_id, album_id, title, duration, genre, release_date, popularity_rank, image) VALUES (45, 57, 'Song 0XuXq6gahc', 470, 'Reggae', '2020-01-01', 413, 'https://picsum.photos/id/300/200/200');
INSERT INTO SONGS (song_id, album_id, title, duration, genre, release_date, popularity_rank, image) VALUES (46, 114, 'Song 5OFEonCuEe', 451, 'Alternative', '2019-07-17', 288, 'https://picsum.photos/id/219/200/200');
INSERT INTO SONGS (song_id, album_id, title, duration, genre, release_date, popularity_rank, image) VALUES (47, 38, 'Song DdFVdngy9G', 222, 'Dance', '2014-05-21', 217, 'https://picsum.photos/id/213/200/200');
INSERT INTO SONGS (song_id, album_id, title, duration, genre, release_date, popularity_rank, image) VALUES (48, 83, 'Song VgafMWAGI2', 219, 'Reggae', '2024-03-03', 980, 'https://picsum.photos/id/220/200/200');
INSERT INTO SONGS (song_id, album_id, title, duration, genre, release_date, popularity_rank, image) VALUES (49, 129, 'Song CnaFQW7HvA', 205, 'Reggae', '2009-07-05', 158, 'https://picsum.photos/id/300/200/200');
INSERT INTO SONGS (song_id, album_id, title, duration, genre, release_date, popularity_rank, image) VALUES (50, 111, 'Song 9xCHzmVEA4', 285, 'Jazz', '2012-05-10', 200, 'https://picsum.photos/id/242/200/200');
INSERT INTO SONGS (song_id, album_id, title, duration, genre, release_date, popularity_rank, image) VALUES (51, 155, 'Song C2LB9yl5gr', 203, 'Pop', '2021-08-08', 785, 'https://picsum.photos/id/214/200/200');
INSERT INTO SONGS (song_id, album_id, title, duration, genre, release_date, popularity_rank, image) VALUES (52, 8, 'Song QUR4jqOrvB', 156, 'Jazz', '2012-07-24', 855, 'https://picsum.photos/id/208/200/200');
INSERT INTO SONGS (song_id, album_id, title, duration, genre, release_date, popularity_rank, image) VALUES (53, 75, 'Song 37vSMuDyZ9', 193, 'Blues', '2009-02-19', 629, 'https://picsum.photos/id/280/200/200');
INSERT INTO SONGS (song_id, album_id, title, duration, genre, release_date, popularity_rank, image) VALUES (54, 85, 'Song OoDPoIv46Z', 362, 'Dance', '2016-04-15', 365, 'https://picsum.photos/id/273/200/200');
INSERT INTO SONGS (song_id, album_id, title, duration, genre, release_date, popularity_rank, image) VALUES (55, 99, 'Song XbZag0be3w', 127, 'Dance', '2015-02-13', 615, 'https://picsum.photos/id/270/200/200');
INSERT INTO SONGS (song_id, album_id, title, duration, genre, release_date, popularity_rank, image) VALUES (56, 82, 'Song y6Bs2CVpO0', 377, 'Rock', '2023-01-03', 129, 'https://picsum.photos/id/255/200/200');
INSERT INTO SONGS (song_id, album_id, title, duration, genre, release_date, popularity_rank, image) VALUES (57, 78, 'Song l5ttbkMJ8V', 268, 'Dance', '2011-04-18', 825, 'https://picsum.photos/id/208/200/200');
INSERT INTO SONGS (song_id, album_id, title, duration, genre, release_date, popularity_rank, image) VALUES (58, 56, 'Song ucfHFYk3TS', 248, 'Metal', '2021-08-01', 223, 'https://picsum.photos/id/238/200/200');
INSERT INTO SONGS (song_id, album_id, title, duration, genre, release_date, popularity_rank, image) VALUES (59, 15, 'Song QcywYZrbqJ', 401, 'Electronic', '2013-12-14', 688, 'https://picsum.photos/id/208/200/200');
INSERT INTO SONGS (song_id, album_id, title, duration, genre, release_date, popularity_rank, image) VALUES (60, 115, 'Song zzUt0EnWq6', 281, 'Indie', '2016-10-14', 930, 'https://picsum.photos/id/245/200/200');
INSERT INTO SONGS (song_id, album_id, title, duration, genre, release_date, popularity_rank, image) VALUES (61, 172, 'Song 0lZEcEIUfv', 281, 'Jazz', '2010-09-26', 386, 'https://picsum.photos/id/246/200/200');
INSERT INTO SONGS (song_id, album_id, title, duration, genre, release_date, popularity_rank, image) VALUES (62, 145, 'Song sD9LSveJGZ', 266, 'Folk', '2024-03-08', 942, 'https://picsum.photos/id/296/200/200');
INSERT INTO SONGS (song_id, album_id, title, duration, genre, release_date, popularity_rank, image) VALUES (63, 47, 'Song ihgPe0qsFy', 412, 'R&B', '2020-11-09', 28, 'https://picsum.photos/id/282/200/200');
INSERT INTO SONGS (song_id, album_id, title, duration, genre, release_date, popularity_rank, image) VALUES (64, 106, 'Song uBUzQpt7rH', 187, 'Pop', '2023-08-16', 582, 'https://picsum.photos/id/294/200/200');
INSERT INTO SONGS (song_id, album_id, title, duration, genre, release_date, popularity_rank, image) VALUES (65, 151, 'Song wtP7qf71N9', 268, 'Electronic', '2015-08-16', 758, 'https://picsum.photos/id/214/200/200');
INSERT INTO SONGS (song_id, album_id, title, duration, genre, release_date, popularity_rank, image) VALUES (66, 59, 'Song 4iyrPaNoVK', 447, 'Country', '2021-03-20', 808, 'https://picsum.photos/id/227/200/200');
INSERT INTO SONGS (song_id, album_id, title, duration, genre, release_date, popularity_rank, image) VALUES (67, 150, 'Song ECZ0sf0MHZ', 320, 'Metal', '2018-07-25', 420, 'https://picsum.photos/id/255/200/200');
INSERT INTO SONGS (song_id, album_id, title, duration, genre, release_date, popularity_rank, image) VALUES (68, 79, 'Song ohnXHF3PJh', 394, 'R&B', '2020-12-09', 590, 'https://picsum.photos/id/236/200/200');
INSERT INTO SONGS (song_id, album_id, title, duration, genre, release_date, popularity_rank, image) VALUES (69, 134, 'Song m3QP5Tq5T3', 308, 'Jazz', '2023-02-04', 376, 'https://picsum.photos/id/252/200/200');
INSERT INTO SONGS (song_id, album_id, title, duration, genre, release_date, popularity_rank, image) VALUES (70, 57, 'Song Eo6KSLn6Yv', 198, 'Blues', '2016-01-31', 670, 'https://picsum.photos/id/284/200/200');
INSERT INTO SONGS (song_id, album_id, title, duration, genre, release_date, popularity_rank, image) VALUES (71, 142, 'Song fIpQwZydFq', 428, 'Indie', '2022-11-19', 399, 'https://picsum.photos/id/297/200/200');
INSERT INTO SONGS (song_id, album_id, title, duration, genre, release_date, popularity_rank, image) VALUES (72, 136, 'Song bfIJbzTxMi', 142, 'Metal', '2014-12-14', 821, 'https://picsum.photos/id/221/200/200');
INSERT INTO SONGS (song_id, album_id, title, duration, genre, release_date, popularity_rank, image) VALUES (73, 169, 'Song kg6gmHjnm8', 125, 'Jazz', '2009-05-06', 707, 'https://picsum.photos/id/207/200/200');
INSERT INTO SONGS (song_id, album_id, title, duration, genre, release_date, popularity_rank, image) VALUES (74, 53, 'Song D1zh6gBwTn', 333, 'Rock', '2018-10-31', 275, 'https://picsum.photos/id/298/200/200');
INSERT INTO SONGS (song_id, album_id, title, duration, genre, release_date, popularity_rank, image) VALUES (75, 89, 'Song fd5sZS25K6', 251, 'Rock', '2018-01-20', 490, 'https://picsum.photos/id/203/200/200');
INSERT INTO SONGS (song_id, album_id, title, duration, genre, release_date, popularity_rank, image) VALUES (76, 93, 'Song Usba7rccpK', 178, 'Jazz', '2010-02-10', 957, 'https://picsum.photos/id/212/200/200');
INSERT INTO SONGS (song_id, album_id, title, duration, genre, release_date, popularity_rank, image) VALUES (77, 41, 'Song 8uksUuO2Ai', 420, 'Dance', '2020-07-21', 980, 'https://picsum.photos/id/238/200/200');
INSERT INTO SONGS (song_id, album_id, title, duration, genre, release_date, popularity_rank, image) VALUES (78, 60, 'Song xGRIoJ33ps', 310, 'R&B', '2015-02-13', 720, 'https://picsum.photos/id/256/200/200');
INSERT INTO SONGS (song_id, album_id, title, duration, genre, release_date, popularity_rank, image) VALUES (79, 73, 'Song YMI1iRFthJ', 356, 'R&B', '2023-04-17', 336, 'https://picsum.photos/id/236/200/200');
INSERT INTO SONGS (song_id, album_id, title, duration, genre, release_date, popularity_rank, image) VALUES (80, 78, 'Song Q5xTiydYDR', 451, 'Jazz', '2014-12-05', 211, 'https://picsum.photos/id/206/200/200');
INSERT INTO SONGS (song_id, album_id, title, duration, genre, release_date, popularity_rank, image) VALUES (81, 92, 'Song xmr1B2zID4', 337, 'Alternative', '2009-12-05', 176, 'https://picsum.photos/id/292/200/200');
INSERT INTO SONGS (song_id, album_id, title, duration, genre, release_date, popularity_rank, image) VALUES (82, 105, 'Song Cv7kKfSP6e', 200, 'Classical', '2021-02-26', 289, 'https://picsum.photos/id/299/200/200');
INSERT INTO SONGS (song_id, album_id, title, duration, genre, release_date, popularity_rank, image) VALUES (83, 171, 'Song aWOeFKMKtI', 135, 'Jazz', '2016-12-31', 29, 'https://picsum.photos/id/269/200/200');
INSERT INTO SONGS (song_id, album_id, title, duration, genre, release_date, popularity_rank, image) VALUES (84, 186, 'Song DsCT6NUqYe', 470, 'Hip Hop', '2015-04-29', 31, 'https://picsum.photos/id/283/200/200');
INSERT INTO SONGS (song_id, album_id, title, duration, genre, release_date, popularity_rank, image) VALUES (85, 182, 'Song 6X7nB8uodP', 170, 'Pop', '2011-12-10', 372, 'https://picsum.photos/id/292/200/200');
INSERT INTO SONGS (song_id, album_id, title, duration, genre, release_date, popularity_rank, image) VALUES (86, 53, 'Song GaMd4iEVVJ', 199, 'Metal', '2008-07-06', 393, 'https://picsum.photos/id/235/200/200');
INSERT INTO SONGS (song_id, album_id, title, duration, genre, release_date, popularity_rank, image) VALUES (87, 98, 'Song tikeT3TlG7', 475, 'Classical', '2008-08-25', 822, 'https://picsum.photos/id/281/200/200');
INSERT INTO SONGS (song_id, album_id, title, duration, genre, release_date, popularity_rank, image) VALUES (88, 44, 'Song 5eZFkFijEs', 320, 'Jazz', '2014-11-01', 876, 'https://picsum.photos/id/226/200/200');
INSERT INTO SONGS (song_id, album_id, title, duration, genre, release_date, popularity_rank, image) VALUES (89, 187, 'Song UtslQNQsKr', 381, 'Alternative', '2015-07-23', 743, 'https://picsum.photos/id/232/200/200');
INSERT INTO SONGS (song_id, album_id, title, duration, genre, release_date, popularity_rank, image) VALUES (90, 30, 'Song l1FoOctb36', 231, 'Electronic', '2015-05-11', 832, 'https://picsum.photos/id/262/200/200');
INSERT INTO SONGS (song_id, album_id, title, duration, genre, release_date, popularity_rank, image) VALUES (91, 91, 'Song LfhhN3tdqr', 323, 'Electronic', '2013-05-03', 114, 'https://picsum.photos/id/219/200/200');
INSERT INTO SONGS (song_id, album_id, title, duration, genre, release_date, popularity_rank, image) VALUES (92, 169, 'Song 1GQxVeBgml', 401, 'Folk', '2015-10-31', 324, 'https://picsum.photos/id/211/200/200');
INSERT INTO SONGS (song_id, album_id, title, duration, genre, release_date, popularity_rank, image) VALUES (93, 90, 'Song xXHuekAY1o', 448, 'Indie', '2012-03-25', 426, 'https://picsum.photos/id/240/200/200');
INSERT INTO SONGS (song_id, album_id, title, duration, genre, release_date, popularity_rank, image) VALUES (94, 31, 'Song hNcMJHBLjb', 174, 'Alternative', '2019-07-27', 275, 'https://picsum.photos/id/248/200/200');
INSERT INTO SONGS (song_id, album_id, title, duration, genre, release_date, popularity_rank, image) VALUES (95, 38, 'Song c638UpSzgC', 169, 'Rock', '2017-12-26', 930, 'https://picsum.photos/id/285/200/200');
INSERT INTO SONGS (song_id, album_id, title, duration, genre, release_date, popularity_rank, image) VALUES (96, 168, 'Song nzfYwckZRd', 273, 'Alternative', '2018-03-16', 962, 'https://picsum.photos/id/285/200/200');
INSERT INTO SONGS (song_id, album_id, title, duration, genre, release_date, popularity_rank, image) VALUES (97, 180, 'Song DlDwYxveY0', 338, 'Jazz', '2012-01-06', 709, 'https://picsum.photos/id/282/200/200');
INSERT INTO SONGS (song_id, album_id, title, duration, genre, release_date, popularity_rank, image) VALUES (98, 51, 'Song O5vosNstSc', 335, 'Pop', '2020-07-14', 222, 'https://picsum.photos/id/242/200/200');
INSERT INTO SONGS (song_id, album_id, title, duration, genre, release_date, popularity_rank, image) VALUES (99, 156, 'Song jZa36vgdei', 414, 'Folk', '2023-01-04', 16, 'https://picsum.photos/id/221/200/200');
INSERT INTO SONGS (song_id, album_id, title, duration, genre, release_date, popularity_rank, image) VALUES (100, 134, 'Song Z2OPFM2wMi', 355, 'R&B', '2013-12-22', 527, 'https://picsum.photos/id/277/200/200');
INSERT INTO SONGS (song_id, album_id, title, duration, genre, release_date, popularity_rank, image) VALUES (101, 158, 'Song bcIHZN2Sqs', 465, 'Rock', '2024-03-25', 220, 'https://picsum.photos/id/221/200/200');
INSERT INTO SONGS (song_id, album_id, title, duration, genre, release_date, popularity_rank, image) VALUES (102, 186, 'Song xl6NyCDQBP', 304, 'Rock', '2018-08-19', 50, 'https://picsum.photos/id/289/200/200');
INSERT INTO SONGS (song_id, album_id, title, duration, genre, release_date, popularity_rank, image) VALUES (103, 155, 'Song Pwf6HyEIe4', 439, 'Jazz', '2010-12-16', 679, 'https://picsum.photos/id/295/200/200');
INSERT INTO SONGS (song_id, album_id, title, duration, genre, release_date, popularity_rank, image) VALUES (104, 199, 'Song BhI17Utec1', 200, 'Folk', '2009-02-06', 922, 'https://picsum.photos/id/297/200/200');
INSERT INTO SONGS (song_id, album_id, title, duration, genre, release_date, popularity_rank, image) VALUES (105, 110, 'Song WlcIJAksZX', 266, 'Blues', '2021-08-19', 421, 'https://picsum.photos/id/259/200/200');
INSERT INTO SONGS (song_id, album_id, title, duration, genre, release_date, popularity_rank, image) VALUES (106, 37, 'Song SUy6YBRzSO', 235, 'Dance', '2021-08-23', 446, 'https://picsum.photos/id/300/200/200');
INSERT INTO SONGS (song_id, album_id, title, duration, genre, release_date, popularity_rank, image) VALUES (107, 65, 'Song 5XqaIYsb6s', 386, 'Indie', '2020-06-06', 105, 'https://picsum.photos/id/263/200/200');
INSERT INTO SONGS (song_id, album_id, title, duration, genre, release_date, popularity_rank, image) VALUES (108, 38, 'Song wVPnGK67TD', 442, 'Hip Hop', '2018-01-07', 575, 'https://picsum.photos/id/216/200/200');
INSERT INTO SONGS (song_id, album_id, title, duration, genre, release_date, popularity_rank, image) VALUES (109, 142, 'Song trE9Xlo8Fi', 337, 'Reggae', '2012-02-06', 152, 'https://picsum.photos/id/245/200/200');
INSERT INTO SONGS (song_id, album_id, title, duration, genre, release_date, popularity_rank, image) VALUES (110, 55, 'Song 0qwuS1QQbd', 146, 'Alternative', '2018-04-19', 784, 'https://picsum.photos/id/259/200/200');
INSERT INTO SONGS (song_id, album_id, title, duration, genre, release_date, popularity_rank, image) VALUES (111, 50, 'Song uAhOAzBhzP', 372, 'Blues', '2010-02-11', 411, 'https://picsum.photos/id/241/200/200');
INSERT INTO SONGS (song_id, album_id, title, duration, genre, release_date, popularity_rank, image) VALUES (112, 125, 'Song s37cPI6I7P', 189, 'Metal', '2014-08-25', 372, 'https://picsum.photos/id/277/200/200');
INSERT INTO SONGS (song_id, album_id, title, duration, genre, release_date, popularity_rank, image) VALUES (113, 145, 'Song LIlu7lq8Je', 243, 'R&B', '2017-02-06', 638, 'https://picsum.photos/id/217/200/200');
INSERT INTO SONGS (song_id, album_id, title, duration, genre, release_date, popularity_rank, image) VALUES (114, 159, 'Song XRx1e1AHcj', 266, 'Classical', '2010-06-22', 393, 'https://picsum.photos/id/264/200/200');
INSERT INTO SONGS (song_id, album_id, title, duration, genre, release_date, popularity_rank, image) VALUES (115, 151, 'Song mriyjqMuXJ', 218, 'Alternative', '2023-03-11', 224, 'https://picsum.photos/id/205/200/200');
INSERT INTO SONGS (song_id, album_id, title, duration, genre, release_date, popularity_rank, image) VALUES (116, 87, 'Song vX4W6jSbaa', 300, 'Country', '2018-05-18', 23, 'https://picsum.photos/id/280/200/200');
INSERT INTO SONGS (song_id, album_id, title, duration, genre, release_date, popularity_rank, image) VALUES (117, 80, 'Song gedNTgJSrd', 408, 'Classical', '2017-09-17', 102, 'https://picsum.photos/id/228/200/200');
INSERT INTO SONGS (song_id, album_id, title, duration, genre, release_date, popularity_rank, image) VALUES (118, 142, 'Song luIhvFlnbg', 259, 'Classical', '2021-07-31', 193, 'https://picsum.photos/id/259/200/200');
INSERT INTO SONGS (song_id, album_id, title, duration, genre, release_date, popularity_rank, image) VALUES (119, 174, 'Song F1BXJnsheC', 439, 'Hip Hop', '2021-01-08', 214, 'https://picsum.photos/id/219/200/200');
INSERT INTO SONGS (song_id, album_id, title, duration, genre, release_date, popularity_rank, image) VALUES (120, 188, 'Song gaBhXab1mC', 200, 'Electronic', '2013-08-22', 67, 'https://picsum.photos/id/274/200/200');
INSERT INTO SONGS (song_id, album_id, title, duration, genre, release_date, popularity_rank, image) VALUES (121, 109, 'Song RIX5kQ6oyp', 438, 'Alternative', '2016-07-11', 496, 'https://picsum.photos/id/210/200/200');
INSERT INTO SONGS (song_id, album_id, title, duration, genre, release_date, popularity_rank, image) VALUES (122, 84, 'Song M7xdXXIb6h', 478, 'Pop', '2019-01-15', 852, 'https://picsum.photos/id/248/200/200');
INSERT INTO SONGS (song_id, album_id, title, duration, genre, release_date, popularity_rank, image) VALUES (123, 150, 'Song VXzw3A0E6K', 346, 'Classical', '2012-03-19', 131, 'https://picsum.photos/id/294/200/200');
INSERT INTO SONGS (song_id, album_id, title, duration, genre, release_date, popularity_rank, image) VALUES (124, 163, 'Song r9MtIXLQiT', 462, 'Folk', '2009-04-09', 984, 'https://picsum.photos/id/276/200/200');
INSERT INTO SONGS (song_id, album_id, title, duration, genre, release_date, popularity_rank, image) VALUES (125, 61, 'Song PUsSFXj58f', 461, 'Country', '2023-05-11', 177, 'https://picsum.photos/id/218/200/200');
INSERT INTO SONGS (song_id, album_id, title, duration, genre, release_date, popularity_rank, image) VALUES (126, 139, 'Song c2WaDnWXPO', 329, 'Blues', '2011-09-01', 895, 'https://picsum.photos/id/212/200/200');
INSERT INTO SONGS (song_id, album_id, title, duration, genre, release_date, popularity_rank, image) VALUES (127, 43, 'Song UGfomuNhpQ', 461, 'Pop', '2010-01-19', 961, 'https://picsum.photos/id/290/200/200');
INSERT INTO SONGS (song_id, album_id, title, duration, genre, release_date, popularity_rank, image) VALUES (128, 126, 'Song 0CNGa2RnOU', 443, 'Dance', '2008-03-22', 717, 'https://picsum.photos/id/201/200/200');
INSERT INTO SONGS (song_id, album_id, title, duration, genre, release_date, popularity_rank, image) VALUES (129, 125, 'Song 8nzg1WJENl', 258, 'Folk', '2020-05-11', 427, 'https://picsum.photos/id/299/200/200');
INSERT INTO SONGS (song_id, album_id, title, duration, genre, release_date, popularity_rank, image) VALUES (130, 155, 'Song xxhmrIPrjU', 365, 'Dance', '2017-04-10', 497, 'https://picsum.photos/id/299/200/200');
INSERT INTO SONGS (song_id, album_id, title, duration, genre, release_date, popularity_rank, image) VALUES (131, 160, 'Song ETLXfsAxNo', 274, 'Indie', '2015-02-20', 262, 'https://picsum.photos/id/300/200/200');
INSERT INTO SONGS (song_id, album_id, title, duration, genre, release_date, popularity_rank, image) VALUES (132, 199, 'Song Mfhx9g7UiF', 261, 'Indie', '2023-07-28', 920, 'https://picsum.photos/id/242/200/200');
INSERT INTO SONGS (song_id, album_id, title, duration, genre, release_date, popularity_rank, image) VALUES (133, 181, 'Song JZCgwRohDc', 444, 'Rock', '2020-11-30', 239, 'https://picsum.photos/id/249/200/200');
INSERT INTO SONGS (song_id, album_id, title, duration, genre, release_date, popularity_rank, image) VALUES (134, 30, 'Song 2efYaqu3E0', 273, 'Jazz', '2013-05-25', 734, 'https://picsum.photos/id/217/200/200');
INSERT INTO SONGS (song_id, album_id, title, duration, genre, release_date, popularity_rank, image) VALUES (135, 180, 'Song 7bE4Ar1X8R', 458, 'Electronic', '2011-10-14', 407, 'https://picsum.photos/id/248/200/200');
INSERT INTO SONGS (song_id, album_id, title, duration, genre, release_date, popularity_rank, image) VALUES (136, 14, 'Song 5h2iCcQCkn', 128, 'Folk', '2023-11-23', 990, 'https://picsum.photos/id/296/200/200');
INSERT INTO SONGS (song_id, album_id, title, duration, genre, release_date, popularity_rank, image) VALUES (137, 93, 'Song BYRU5vpqdW', 155, 'Indie', '2021-10-13', 688, 'https://picsum.photos/id/287/200/200');
INSERT INTO SONGS (song_id, album_id, title, duration, genre, release_date, popularity_rank, image) VALUES (138, 159, 'Song tzk1quSNTS', 244, 'Country', '2022-11-26', 917, 'https://picsum.photos/id/269/200/200');
INSERT INTO SONGS (song_id, album_id, title, duration, genre, release_date, popularity_rank, image) VALUES (139, 116, 'Song k9BnxZhTj2', 380, 'Jazz', '2021-04-10', 443, 'https://picsum.photos/id/256/200/200');
INSERT INTO SONGS (song_id, album_id, title, duration, genre, release_date, popularity_rank, image) VALUES (140, 166, 'Song Jpuf7Hiw2V', 425, 'Indie', '2009-10-04', 385, 'https://picsum.photos/id/209/200/200');
INSERT INTO SONGS (song_id, album_id, title, duration, genre, release_date, popularity_rank, image) VALUES (141, 25, 'Song cOkkVNtQVC', 186, 'Country', '2015-07-23', 657, 'https://picsum.photos/id/252/200/200');
INSERT INTO SONGS (song_id, album_id, title, duration, genre, release_date, popularity_rank, image) VALUES (142, 11, 'Song cPwlo6lakv', 151, 'Blues', '2020-06-25', 166, 'https://picsum.photos/id/217/200/200');
INSERT INTO SONGS (song_id, album_id, title, duration, genre, release_date, popularity_rank, image) VALUES (143, 78, 'Song wFDpPDZOQs', 165, 'Classical', '2013-09-02', 12, 'https://picsum.photos/id/208/200/200');
INSERT INTO SONGS (song_id, album_id, title, duration, genre, release_date, popularity_rank, image) VALUES (144, 5, 'Song rRgA8JcfmE', 138, 'Indie', '2009-02-02', 385, 'https://picsum.photos/id/236/200/200');
INSERT INTO SONGS (song_id, album_id, title, duration, genre, release_date, popularity_rank, image) VALUES (145, 85, 'Song toQ1qEaovx', 192, 'Jazz', '2020-09-25', 647, 'https://picsum.photos/id/261/200/200');
INSERT INTO SONGS (song_id, album_id, title, duration, genre, release_date, popularity_rank, image) VALUES (146, 177, 'Song EAf7tB1JEb', 277, 'Reggae', '2013-10-17', 727, 'https://picsum.photos/id/291/200/200');
INSERT INTO SONGS (song_id, album_id, title, duration, genre, release_date, popularity_rank, image) VALUES (147, 55, 'Song pyVVDadNn6', 193, 'Electronic', '2021-01-09', 839, 'https://picsum.photos/id/217/200/200');
INSERT INTO SONGS (song_id, album_id, title, duration, genre, release_date, popularity_rank, image) VALUES (148, 197, 'Song cDNH3PvW0w', 360, 'Metal', '2020-08-07', 745, 'https://picsum.photos/id/290/200/200');
INSERT INTO SONGS (song_id, album_id, title, duration, genre, release_date, popularity_rank, image) VALUES (149, 12, 'Song yFKTMJW12p', 208, 'Pop', '2021-07-16', 683, 'https://picsum.photos/id/225/200/200');
INSERT INTO SONGS (song_id, album_id, title, duration, genre, release_date, popularity_rank, image) VALUES (150, 118, 'Song f6yQCsLHNv', 389, 'R&B', '2022-08-30', 354, 'https://picsum.photos/id/300/200/200');
INSERT INTO SONGS (song_id, album_id, title, duration, genre, release_date, popularity_rank, image) VALUES (151, 69, 'Song XLGV4O6whf', 269, 'Electronic', '2013-08-05', 744, 'https://picsum.photos/id/235/200/200');
INSERT INTO SONGS (song_id, album_id, title, duration, genre, release_date, popularity_rank, image) VALUES (152, 114, 'Song 9unHZLrotj', 330, 'Metal', '2013-06-05', 70, 'https://picsum.photos/id/271/200/200');
INSERT INTO SONGS (song_id, album_id, title, duration, genre, release_date, popularity_rank, image) VALUES (153, 16, 'Song Zwwf93X0OD', 253, 'Rock', '2015-08-17', 680, 'https://picsum.photos/id/205/200/200');
INSERT INTO SONGS (song_id, album_id, title, duration, genre, release_date, popularity_rank, image) VALUES (154, 45, 'Song EXi21hiqso', 365, 'Hip Hop', '2019-10-30', 117, 'https://picsum.photos/id/207/200/200');
INSERT INTO SONGS (song_id, album_id, title, duration, genre, release_date, popularity_rank, image) VALUES (155, 24, 'Song G4vzXqB9AX', 142, 'Country', '2011-11-25', 963, 'https://picsum.photos/id/269/200/200');
INSERT INTO SONGS (song_id, album_id, title, duration, genre, release_date, popularity_rank, image) VALUES (156, 158, 'Song 4DGlyojikz', 164, 'Pop', '2013-03-12', 390, 'https://picsum.photos/id/252/200/200');
INSERT INTO SONGS (song_id, album_id, title, duration, genre, release_date, popularity_rank, image) VALUES (157, 65, 'Song w9232ktyTl', 475, 'Country', '2021-06-09', 921, 'https://picsum.photos/id/291/200/200');
INSERT INTO SONGS (song_id, album_id, title, duration, genre, release_date, popularity_rank, image) VALUES (158, 110, 'Song umZeW1XNN0', 345, 'Classical', '2008-05-15', 268, 'https://picsum.photos/id/246/200/200');
INSERT INTO SONGS (song_id, album_id, title, duration, genre, release_date, popularity_rank, image) VALUES (159, 7, 'Song KXrBfhufrJ', 431, 'Rock', '2024-02-11', 318, 'https://picsum.photos/id/283/200/200');
INSERT INTO SONGS (song_id, album_id, title, duration, genre, release_date, popularity_rank, image) VALUES (160, 146, 'Song QX1UbbqNmu', 462, 'Blues', '2017-02-05', 955, 'https://picsum.photos/id/252/200/200');
INSERT INTO SONGS (song_id, album_id, title, duration, genre, release_date, popularity_rank, image) VALUES (161, 35, 'Song fi7hcfAiYF', 151, 'Reggae', '2013-03-13', 774, 'https://picsum.photos/id/261/200/200');
INSERT INTO SONGS (song_id, album_id, title, duration, genre, release_date, popularity_rank, image) VALUES (162, 128, 'Song TE00km1QJ6', 167, 'Rock', '2013-03-02', 629, 'https://picsum.photos/id/205/200/200');
INSERT INTO SONGS (song_id, album_id, title, duration, genre, release_date, popularity_rank, image) VALUES (163, 148, 'Song QJXLe29aYk', 246, 'Pop', '2011-05-21', 248, 'https://picsum.photos/id/227/200/200');
INSERT INTO SONGS (song_id, album_id, title, duration, genre, release_date, popularity_rank, image) VALUES (164, 134, 'Song jF4pwrMcI4', 144, 'Hip Hop', '2023-07-31', 86, 'https://picsum.photos/id/265/200/200');
INSERT INTO SONGS (song_id, album_id, title, duration, genre, release_date, popularity_rank, image) VALUES (165, 141, 'Song TFYy7HtvTo', 366, 'Electronic', '2012-03-09', 352, 'https://picsum.photos/id/239/200/200');
INSERT INTO SONGS (song_id, album_id, title, duration, genre, release_date, popularity_rank, image) VALUES (166, 142, 'Song 82IwnLuflS', 172, 'Blues', '2023-09-06', 567, 'https://picsum.photos/id/262/200/200');
INSERT INTO SONGS (song_id, album_id, title, duration, genre, release_date, popularity_rank, image) VALUES (167, 45, 'Song SwLz0yaWXh', 154, 'Country', '2020-07-13', 705, 'https://picsum.photos/id/270/200/200');
INSERT INTO SONGS (song_id, album_id, title, duration, genre, release_date, popularity_rank, image) VALUES (168, 77, 'Song tsjrG5RpXa', 279, 'Blues', '2016-01-29', 219, 'https://picsum.photos/id/253/200/200');
INSERT INTO SONGS (song_id, album_id, title, duration, genre, release_date, popularity_rank, image) VALUES (169, 52, 'Song neBlZeam5n', 336, 'Country', '2009-03-31', 906, 'https://picsum.photos/id/202/200/200');
INSERT INTO SONGS (song_id, album_id, title, duration, genre, release_date, popularity_rank, image) VALUES (170, 124, 'Song hSkRR2H9AY', 123, 'Folk', '2013-10-02', 273, 'https://picsum.photos/id/272/200/200');
INSERT INTO SONGS (song_id, album_id, title, duration, genre, release_date, popularity_rank, image) VALUES (171, 6, 'Song iFYp9DlPcV', 384, 'Folk', '2019-02-14', 562, 'https://picsum.photos/id/222/200/200');
INSERT INTO SONGS (song_id, album_id, title, duration, genre, release_date, popularity_rank, image) VALUES (172, 29, 'Song YuPIfXxpuc', 375, 'Hip Hop', '2021-04-22', 810, 'https://picsum.photos/id/292/200/200');
INSERT INTO SONGS (song_id, album_id, title, duration, genre, release_date, popularity_rank, image) VALUES (173, 73, 'Song wEWJLSH0Vx', 387, 'Pop', '2010-08-18', 620, 'https://picsum.photos/id/240/200/200');
INSERT INTO SONGS (song_id, album_id, title, duration, genre, release_date, popularity_rank, image) VALUES (174, 129, 'Song L6nI06kFGe', 329, 'Alternative', '2022-11-08', 821, 'https://picsum.photos/id/226/200/200');
INSERT INTO SONGS (song_id, album_id, title, duration, genre, release_date, popularity_rank, image) VALUES (175, 148, 'Song B39WvgXAKD', 316, 'Electronic', '2019-05-15', 921, 'https://picsum.photos/id/259/200/200');
INSERT INTO SONGS (song_id, album_id, title, duration, genre, release_date, popularity_rank, image) VALUES (176, 25, 'Song 5q3QiQ9tXs', 153, 'Alternative', '2008-11-22', 628, 'https://picsum.photos/id/274/200/200');
INSERT INTO SONGS (song_id, album_id, title, duration, genre, release_date, popularity_rank, image) VALUES (177, 122, 'Song slP8rB9Hj0', 264, 'Metal', '2016-03-30', 876, 'https://picsum.photos/id/288/200/200');
INSERT INTO SONGS (song_id, album_id, title, duration, genre, release_date, popularity_rank, image) VALUES (178, 160, 'Song hd6dJjtROM', 221, 'Pop', '2018-06-25', 801, 'https://picsum.photos/id/265/200/200');
INSERT INTO SONGS (song_id, album_id, title, duration, genre, release_date, popularity_rank, image) VALUES (179, 53, 'Song gxzWJhiBw8', 444, 'Classical', '2022-04-16', 927, 'https://picsum.photos/id/263/200/200');
INSERT INTO SONGS (song_id, album_id, title, duration, genre, release_date, popularity_rank, image) VALUES (180, 37, 'Song PX03XuInuu', 437, 'Pop', '2022-05-05', 819, 'https://picsum.photos/id/282/200/200');
INSERT INTO SONGS (song_id, album_id, title, duration, genre, release_date, popularity_rank, image) VALUES (181, 194, 'Song ONLvJ1R1B0', 271, 'Folk', '2019-07-30', 179, 'https://picsum.photos/id/290/200/200');
INSERT INTO SONGS (song_id, album_id, title, duration, genre, release_date, popularity_rank, image) VALUES (182, 159, 'Song sTNLnccQMH', 131, 'Country', '2011-06-21', 57, 'https://picsum.photos/id/277/200/200');
INSERT INTO SONGS (song_id, album_id, title, duration, genre, release_date, popularity_rank, image) VALUES (183, 53, 'Song 7haCpczlLe', 327, 'Dance', '2017-09-10', 677, 'https://picsum.photos/id/226/200/200');
INSERT INTO SONGS (song_id, album_id, title, duration, genre, release_date, popularity_rank, image) VALUES (184, 39, 'Song KvRVNlyGpH', 402, 'Indie', '2022-01-17', 227, 'https://picsum.photos/id/297/200/200');
INSERT INTO SONGS (song_id, album_id, title, duration, genre, release_date, popularity_rank, image) VALUES (185, 183, 'Song Vogvw7cTRe', 178, 'Dance', '2020-06-02', 702, 'https://picsum.photos/id/221/200/200');
INSERT INTO SONGS (song_id, album_id, title, duration, genre, release_date, popularity_rank, image) VALUES (186, 9, 'Song 5Z9ct2u9yx', 153, 'Indie', '2012-12-12', 898, 'https://picsum.photos/id/208/200/200');
INSERT INTO SONGS (song_id, album_id, title, duration, genre, release_date, popularity_rank, image) VALUES (187, 192, 'Song qD2kLeS5WZ', 376, 'Pop', '2014-09-25', 820, 'https://picsum.photos/id/216/200/200');
INSERT INTO SONGS (song_id, album_id, title, duration, genre, release_date, popularity_rank, image) VALUES (188, 47, 'Song YILGCXnv6n', 158, 'Alternative', '2009-07-12', 996, 'https://picsum.photos/id/288/200/200');
INSERT INTO SONGS (song_id, album_id, title, duration, genre, release_date, popularity_rank, image) VALUES (189, 99, 'Song p9PINrYEcZ', 150, 'Dance', '2013-11-27', 22, 'https://picsum.photos/id/298/200/200');
INSERT INTO SONGS (song_id, album_id, title, duration, genre, release_date, popularity_rank, image) VALUES (190, 98, 'Song Ly8piW5N65', 236, 'Classical', '2015-05-15', 892, 'https://picsum.photos/id/273/200/200');
INSERT INTO SONGS (song_id, album_id, title, duration, genre, release_date, popularity_rank, image) VALUES (191, 16, 'Song sspSHqcKL8', 452, 'Metal', '2019-05-08', 607, 'https://picsum.photos/id/290/200/200');
INSERT INTO SONGS (song_id, album_id, title, duration, genre, release_date, popularity_rank, image) VALUES (192, 187, 'Song AWiK5E4fA6', 389, 'Jazz', '2020-03-16', 919, 'https://picsum.photos/id/251/200/200');
INSERT INTO SONGS (song_id, album_id, title, duration, genre, release_date, popularity_rank, image) VALUES (193, 110, 'Song fTmX7lLXCs', 249, 'Reggae', '2012-07-08', 497, 'https://picsum.photos/id/206/200/200');
INSERT INTO SONGS (song_id, album_id, title, duration, genre, release_date, popularity_rank, image) VALUES (194, 162, 'Song QbVmfJgjLP', 254, 'Folk', '2020-04-13', 10, 'https://picsum.photos/id/239/200/200');
INSERT INTO SONGS (song_id, album_id, title, duration, genre, release_date, popularity_rank, image) VALUES (195, 111, 'Song APDGhnT3Er', 379, 'Reggae', '2017-12-30', 931, 'https://picsum.photos/id/224/200/200');
INSERT INTO SONGS (song_id, album_id, title, duration, genre, release_date, popularity_rank, image) VALUES (196, 10, 'Song YHgkx0em3B', 151, 'R&B', '2016-03-02', 304, 'https://picsum.photos/id/247/200/200');
INSERT INTO SONGS (song_id, album_id, title, duration, genre, release_date, popularity_rank, image) VALUES (197, 173, 'Song nr5oTqCL0S', 284, 'Jazz', '2015-12-06', 589, 'https://picsum.photos/id/241/200/200');
INSERT INTO SONGS (song_id, album_id, title, duration, genre, release_date, popularity_rank, image) VALUES (198, 98, 'Song wZhkf8AVHv', 136, 'Metal', '2011-04-08', 593, 'https://picsum.photos/id/242/200/200');
INSERT INTO SONGS (song_id, album_id, title, duration, genre, release_date, popularity_rank, image) VALUES (199, 117, 'Song MC5e65FTO3', 424, 'Metal', '2014-07-29', 508, 'https://picsum.photos/id/255/200/200');
INSERT INTO SONGS (song_id, album_id, title, duration, genre, release_date, popularity_rank, image) VALUES (200, 91, 'Song V0nkBGjPsp', 405, 'Rock', '2013-12-21', 35, 'https://picsum.photos/id/249/200/200');
INSERT INTO SONGS (song_id, album_id, title, duration, genre, release_date, popularity_rank, image) VALUES (201, 157, 'Song esH17Yk2sJ', 334, 'Jazz', '2011-02-21', 117, 'https://picsum.photos/id/269/200/200');
INSERT INTO SONGS (song_id, album_id, title, duration, genre, release_date, popularity_rank, image) VALUES (202, 136, 'Song tV2cvSrjyo', 198, 'Metal', '2018-07-09', 596, 'https://picsum.photos/id/232/200/200');
INSERT INTO SONGS (song_id, album_id, title, duration, genre, release_date, popularity_rank, image) VALUES (203, 189, 'Song Sdz7hDv0t5', 149, 'Indie', '2009-09-14', 393, 'https://picsum.photos/id/265/200/200');
INSERT INTO SONGS (song_id, album_id, title, duration, genre, release_date, popularity_rank, image) VALUES (204, 37, 'Song 4RwzcprmBa', 394, 'Electronic', '2020-05-26', 699, 'https://picsum.photos/id/237/200/200');
INSERT INTO SONGS (song_id, album_id, title, duration, genre, release_date, popularity_rank, image) VALUES (205, 12, 'Song al70AmQDpK', 389, 'Blues', '2016-07-02', 643, 'https://picsum.photos/id/283/200/200');
INSERT INTO SONGS (song_id, album_id, title, duration, genre, release_date, popularity_rank, image) VALUES (206, 17, 'Song 9zosuwdohH', 330, 'Indie', '2021-03-03', 322, 'https://picsum.photos/id/252/200/200');
INSERT INTO SONGS (song_id, album_id, title, duration, genre, release_date, popularity_rank, image) VALUES (207, 151, 'Song PvGiklhCel', 446, 'Metal', '2019-07-28', 132, 'https://picsum.photos/id/300/200/200');
INSERT INTO SONGS (song_id, album_id, title, duration, genre, release_date, popularity_rank, image) VALUES (208, 4, 'Song rFN5v2HwJN', 287, 'Indie', '2009-09-01', 165, 'https://picsum.photos/id/225/200/200');
INSERT INTO SONGS (song_id, album_id, title, duration, genre, release_date, popularity_rank, image) VALUES (209, 92, 'Song D8VjS7G3QU', 230, 'Metal', '2012-06-02', 775, 'https://picsum.photos/id/285/200/200');
INSERT INTO SONGS (song_id, album_id, title, duration, genre, release_date, popularity_rank, image) VALUES (210, 160, 'Song qxFnN4teMl', 364, 'Pop', '2023-05-13', 587, 'https://picsum.photos/id/226/200/200');
INSERT INTO SONGS (song_id, album_id, title, duration, genre, release_date, popularity_rank, image) VALUES (211, 130, 'Song e5xr9GM9cU', 136, 'Hip Hop', '2019-11-11', 561, 'https://picsum.photos/id/295/200/200');
INSERT INTO SONGS (song_id, album_id, title, duration, genre, release_date, popularity_rank, image) VALUES (212, 109, 'Song tE01Pe8fpu', 283, 'Indie', '2010-04-12', 908, 'https://picsum.photos/id/250/200/200');
INSERT INTO SONGS (song_id, album_id, title, duration, genre, release_date, popularity_rank, image) VALUES (213, 5, 'Song vD9KAT08AI', 451, 'Jazz', '2018-09-20', 598, 'https://picsum.photos/id/230/200/200');
INSERT INTO SONGS (song_id, album_id, title, duration, genre, release_date, popularity_rank, image) VALUES (214, 95, 'Song XmwkA8vut8', 432, 'Classical', '2014-10-28', 755, 'https://picsum.photos/id/210/200/200');
INSERT INTO SONGS (song_id, album_id, title, duration, genre, release_date, popularity_rank, image) VALUES (215, 192, 'Song 4FsBo9mVwW', 210, 'Alternative', '2013-03-05', 753, 'https://picsum.photos/id/283/200/200');
INSERT INTO SONGS (song_id, album_id, title, duration, genre, release_date, popularity_rank, image) VALUES (216, 66, 'Song 0S7NRJknBi', 374, 'Classical', '2017-10-23', 961, 'https://picsum.photos/id/292/200/200');
INSERT INTO SONGS (song_id, album_id, title, duration, genre, release_date, popularity_rank, image) VALUES (217, 183, 'Song ZhjWrBWsyF', 320, 'Blues', '2012-02-12', 734, 'https://picsum.photos/id/294/200/200');
INSERT INTO SONGS (song_id, album_id, title, duration, genre, release_date, popularity_rank, image) VALUES (218, 51, 'Song 6rlgS7z34a', 422, 'Pop', '2022-08-15', 2, 'https://picsum.photos/id/277/200/200');
INSERT INTO SONGS (song_id, album_id, title, duration, genre, release_date, popularity_rank, image) VALUES (219, 170, 'Song g7d9l3Y4Np', 374, 'Metal', '2022-10-03', 543, 'https://picsum.photos/id/232/200/200');
INSERT INTO SONGS (song_id, album_id, title, duration, genre, release_date, popularity_rank, image) VALUES (220, 74, 'Song GR6CpBpefk', 378, 'R&B', '2012-11-03', 678, 'https://picsum.photos/id/209/200/200');
INSERT INTO SONGS (song_id, album_id, title, duration, genre, release_date, popularity_rank, image) VALUES (221, 127, 'Song k3kSlzo9I2', 439, 'R&B', '2008-09-18', 443, 'https://picsum.photos/id/263/200/200');
INSERT INTO SONGS (song_id, album_id, title, duration, genre, release_date, popularity_rank, image) VALUES (222, 37, 'Song ZtMDFLNBvS', 292, 'Hip Hop', '2009-03-20', 93, 'https://picsum.photos/id/262/200/200');
INSERT INTO SONGS (song_id, album_id, title, duration, genre, release_date, popularity_rank, image) VALUES (223, 159, 'Song g88bGCUz6w', 414, 'Indie', '2013-09-25', 456, 'https://picsum.photos/id/237/200/200');
INSERT INTO SONGS (song_id, album_id, title, duration, genre, release_date, popularity_rank, image) VALUES (224, 53, 'Song OMXOYdv96B', 163, 'Jazz', '2010-02-21', 58, 'https://picsum.photos/id/285/200/200');
INSERT INTO SONGS (song_id, album_id, title, duration, genre, release_date, popularity_rank, image) VALUES (225, 95, 'Song xssvuXaXqr', 376, 'Pop', '2010-05-27', 402, 'https://picsum.photos/id/244/200/200');
INSERT INTO SONGS (song_id, album_id, title, duration, genre, release_date, popularity_rank, image) VALUES (226, 83, 'Song bh0Ctycfco', 281, 'R&B', '2020-02-10', 360, 'https://picsum.photos/id/277/200/200');
INSERT INTO SONGS (song_id, album_id, title, duration, genre, release_date, popularity_rank, image) VALUES (227, 58, 'Song iYE0KJ7Dj9', 348, 'Dance', '2012-05-25', 839, 'https://picsum.photos/id/249/200/200');
INSERT INTO SONGS (song_id, album_id, title, duration, genre, release_date, popularity_rank, image) VALUES (228, 17, 'Song RzNgIFf4wp', 252, 'Alternative', '2016-02-08', 775, 'https://picsum.photos/id/241/200/200');
INSERT INTO SONGS (song_id, album_id, title, duration, genre, release_date, popularity_rank, image) VALUES (229, 97, 'Song l3jRfswKD0', 296, 'Electronic', '2009-02-07', 232, 'https://picsum.photos/id/248/200/200');
INSERT INTO SONGS (song_id, album_id, title, duration, genre, release_date, popularity_rank, image) VALUES (230, 35, 'Song 558XWBEOjo', 319, 'Rock', '2022-02-13', 650, 'https://picsum.photos/id/272/200/200');
INSERT INTO SONGS (song_id, album_id, title, duration, genre, release_date, popularity_rank, image) VALUES (231, 198, 'Song 8RFyPEhyDj', 258, 'Pop', '2017-06-20', 491, 'https://picsum.photos/id/217/200/200');
INSERT INTO SONGS (song_id, album_id, title, duration, genre, release_date, popularity_rank, image) VALUES (232, 181, 'Song gnXGg0Kf9Z', 273, 'Classical', '2008-05-26', 906, 'https://picsum.photos/id/275/200/200');
INSERT INTO SONGS (song_id, album_id, title, duration, genre, release_date, popularity_rank, image) VALUES (233, 27, 'Song dPxokNL553', 271, 'Indie', '2014-01-07', 386, 'https://picsum.photos/id/205/200/200');
INSERT INTO SONGS (song_id, album_id, title, duration, genre, release_date, popularity_rank, image) VALUES (234, 50, 'Song 0OgpxwjDqC', 415, 'Country', '2011-07-15', 655, 'https://picsum.photos/id/220/200/200');
INSERT INTO SONGS (song_id, album_id, title, duration, genre, release_date, popularity_rank, image) VALUES (235, 187, 'Song g0njxqnEB2', 371, 'Pop', '2012-04-14', 650, 'https://picsum.photos/id/289/200/200');
INSERT INTO SONGS (song_id, album_id, title, duration, genre, release_date, popularity_rank, image) VALUES (236, 22, 'Song zFHvD1btc8', 308, 'Jazz', '2015-10-12', 92, 'https://picsum.photos/id/264/200/200');
INSERT INTO SONGS (song_id, album_id, title, duration, genre, release_date, popularity_rank, image) VALUES (237, 27, 'Song iGrwc39ESY', 432, 'Dance', '2024-01-26', 709, 'https://picsum.photos/id/213/200/200');
INSERT INTO SONGS (song_id, album_id, title, duration, genre, release_date, popularity_rank, image) VALUES (238, 200, 'Song 0Lrx4KHDhN', 308, 'Blues', '2023-11-22', 141, 'https://picsum.photos/id/221/200/200');
INSERT INTO SONGS (song_id, album_id, title, duration, genre, release_date, popularity_rank, image) VALUES (239, 37, 'Song 2OaUQuFEXK', 174, 'Rock', '2022-01-29', 971, 'https://picsum.photos/id/300/200/200');
INSERT INTO SONGS (song_id, album_id, title, duration, genre, release_date, popularity_rank, image) VALUES (240, 67, 'Song vyy8XHSzFc', 310, 'Dance', '2020-10-22', 691, 'https://picsum.photos/id/292/200/200');
INSERT INTO SONGS (song_id, album_id, title, duration, genre, release_date, popularity_rank, image) VALUES (241, 108, 'Song a7HMnzkxmh', 439, 'Blues', '2008-08-27', 723, 'https://picsum.photos/id/273/200/200');
INSERT INTO SONGS (song_id, album_id, title, duration, genre, release_date, popularity_rank, image) VALUES (242, 116, 'Song LySbhF5O4F', 163, 'Metal', '2019-08-05', 969, 'https://picsum.photos/id/300/200/200');
INSERT INTO SONGS (song_id, album_id, title, duration, genre, release_date, popularity_rank, image) VALUES (243, 11, 'Song JkQUndgirp', 134, 'Country', '2010-05-11', 347, 'https://picsum.photos/id/228/200/200');
INSERT INTO SONGS (song_id, album_id, title, duration, genre, release_date, popularity_rank, image) VALUES (244, 121, 'Song rfIxil85yb', 343, 'Indie', '2014-08-09', 148, 'https://picsum.photos/id/274/200/200');
INSERT INTO SONGS (song_id, album_id, title, duration, genre, release_date, popularity_rank, image) VALUES (245, 47, 'Song zvLv4mMHQS', 182, 'Indie', '2015-02-22', 965, 'https://picsum.photos/id/218/200/200');
INSERT INTO SONGS (song_id, album_id, title, duration, genre, release_date, popularity_rank, image) VALUES (246, 143, 'Song W9v0KMmoO4', 246, 'Electronic', '2014-05-20', 306, 'https://picsum.photos/id/250/200/200');
INSERT INTO SONGS (song_id, album_id, title, duration, genre, release_date, popularity_rank, image) VALUES (247, 32, 'Song awtlcfVVwC', 297, 'Rock', '2019-07-03', 412, 'https://picsum.photos/id/250/200/200');
INSERT INTO SONGS (song_id, album_id, title, duration, genre, release_date, popularity_rank, image) VALUES (248, 39, 'Song Cc8fu6BuzC', 190, 'Alternative', '2021-02-13', 103, 'https://picsum.photos/id/211/200/200');
INSERT INTO SONGS (song_id, album_id, title, duration, genre, release_date, popularity_rank, image) VALUES (249, 138, 'Song YLVEMvOVLF', 278, 'Rock', '2021-09-24', 123, 'https://picsum.photos/id/295/200/200');
INSERT INTO SONGS (song_id, album_id, title, duration, genre, release_date, popularity_rank, image) VALUES (250, 104, 'Song yDm1yjTmNg', 293, 'Dance', '2022-11-01', 756, 'https://picsum.photos/id/225/200/200');
INSERT INTO SONGS (song_id, album_id, title, duration, genre, release_date, popularity_rank, image) VALUES (251, 118, 'Song wPj8O7qdlB', 200, 'Electronic', '2014-05-03', 222, 'https://picsum.photos/id/223/200/200');
INSERT INTO SONGS (song_id, album_id, title, duration, genre, release_date, popularity_rank, image) VALUES (252, 16, 'Song ObTzLluOHj', 438, 'Reggae', '2021-12-06', 436, 'https://picsum.photos/id/280/200/200');
INSERT INTO SONGS (song_id, album_id, title, duration, genre, release_date, popularity_rank, image) VALUES (253, 111, 'Song l8LvJFrGlO', 154, 'Blues', '2021-08-15', 24, 'https://picsum.photos/id/222/200/200');
INSERT INTO SONGS (song_id, album_id, title, duration, genre, release_date, popularity_rank, image) VALUES (254, 3, 'Song DR9VA9GxeQ', 357, 'R&B', '2022-02-18', 30, 'https://picsum.photos/id/266/200/200');
INSERT INTO SONGS (song_id, album_id, title, duration, genre, release_date, popularity_rank, image) VALUES (255, 64, 'Song gZkIZwJXiC', 241, 'Hip Hop', '2020-05-18', 629, 'https://picsum.photos/id/238/200/200');
INSERT INTO SONGS (song_id, album_id, title, duration, genre, release_date, popularity_rank, image) VALUES (256, 37, 'Song DEjjWzJ1hV', 381, 'Metal', '2022-05-26', 578, 'https://picsum.photos/id/275/200/200');
INSERT INTO SONGS (song_id, album_id, title, duration, genre, release_date, popularity_rank, image) VALUES (257, 120, 'Song k16bp9SGNv', 394, 'Dance', '2010-12-11', 831, 'https://picsum.photos/id/224/200/200');
INSERT INTO SONGS (song_id, album_id, title, duration, genre, release_date, popularity_rank, image) VALUES (258, 144, 'Song ZIDfsME0Eq', 412, 'Hip Hop', '2017-07-23', 441, 'https://picsum.photos/id/287/200/200');
INSERT INTO SONGS (song_id, album_id, title, duration, genre, release_date, popularity_rank, image) VALUES (259, 95, 'Song 9vrIq5ppJ9', 357, 'R&B', '2014-05-02', 101, 'https://picsum.photos/id/239/200/200');
INSERT INTO SONGS (song_id, album_id, title, duration, genre, release_date, popularity_rank, image) VALUES (260, 188, 'Song 5uz9aSlpMO', 465, 'Hip Hop', '2016-11-16', 467, 'https://picsum.photos/id/272/200/200');
INSERT INTO SONGS (song_id, album_id, title, duration, genre, release_date, popularity_rank, image) VALUES (261, 195, 'Song H6DCkVpGZV', 235, 'Indie', '2008-06-13', 457, 'https://picsum.photos/id/270/200/200');
INSERT INTO SONGS (song_id, album_id, title, duration, genre, release_date, popularity_rank, image) VALUES (262, 33, 'Song R2m7uEeApA', 342, 'Blues', '2009-11-11', 477, 'https://picsum.photos/id/206/200/200');
INSERT INTO SONGS (song_id, album_id, title, duration, genre, release_date, popularity_rank, image) VALUES (263, 18, 'Song kNM92TGa27', 270, 'Rock', '2008-09-03', 689, 'https://picsum.photos/id/223/200/200');
INSERT INTO SONGS (song_id, album_id, title, duration, genre, release_date, popularity_rank, image) VALUES (264, 20, 'Song cAMx2ZvRps', 151, 'Country', '2008-10-17', 657, 'https://picsum.photos/id/248/200/200');
INSERT INTO SONGS (song_id, album_id, title, duration, genre, release_date, popularity_rank, image) VALUES (265, 90, 'Song abVKPzqjbB', 309, 'Country', '2021-04-02', 214, 'https://picsum.photos/id/208/200/200');
INSERT INTO SONGS (song_id, album_id, title, duration, genre, release_date, popularity_rank, image) VALUES (266, 113, 'Song eaFTE830XB', 337, 'Alternative', '2017-07-05', 698, 'https://picsum.photos/id/226/200/200');
INSERT INTO SONGS (song_id, album_id, title, duration, genre, release_date, popularity_rank, image) VALUES (267, 113, 'Song k9TrHwH5qC', 438, 'Hip Hop', '2014-07-13', 40, 'https://picsum.photos/id/230/200/200');
INSERT INTO SONGS (song_id, album_id, title, duration, genre, release_date, popularity_rank, image) VALUES (268, 128, 'Song pxtqW3q9Bm', 223, 'Country', '2010-01-01', 888, 'https://picsum.photos/id/238/200/200');
INSERT INTO SONGS (song_id, album_id, title, duration, genre, release_date, popularity_rank, image) VALUES (269, 23, 'Song 1AZvDUTipX', 447, 'Jazz', '2024-03-10', 724, 'https://picsum.photos/id/277/200/200');
INSERT INTO SONGS (song_id, album_id, title, duration, genre, release_date, popularity_rank, image) VALUES (270, 28, 'Song QZAl66rCpA', 275, 'Reggae', '2014-09-11', 958, 'https://picsum.photos/id/289/200/200');
INSERT INTO SONGS (song_id, album_id, title, duration, genre, release_date, popularity_rank, image) VALUES (271, 126, 'Song isVaoMbf0t', 130, 'Dance', '2011-05-28', 148, 'https://picsum.photos/id/249/200/200');
INSERT INTO SONGS (song_id, album_id, title, duration, genre, release_date, popularity_rank, image) VALUES (272, 114, 'Song suEuDXZ4Yo', 386, 'Classical', '2008-04-30', 689, 'https://picsum.photos/id/228/200/200');
INSERT INTO SONGS (song_id, album_id, title, duration, genre, release_date, popularity_rank, image) VALUES (273, 80, 'Song Qk1z9pslpb', 417, 'Jazz', '2019-11-17', 566, 'https://picsum.photos/id/241/200/200');
INSERT INTO SONGS (song_id, album_id, title, duration, genre, release_date, popularity_rank, image) VALUES (274, 190, 'Song lFfy0w4Mva', 153, 'Blues', '2014-12-27', 450, 'https://picsum.photos/id/243/200/200');
INSERT INTO SONGS (song_id, album_id, title, duration, genre, release_date, popularity_rank, image) VALUES (275, 86, 'Song an9GYofolN', 144, 'Blues', '2021-01-15', 969, 'https://picsum.photos/id/244/200/200');
INSERT INTO SONGS (song_id, album_id, title, duration, genre, release_date, popularity_rank, image) VALUES (276, 27, 'Song 7ykrbFOySl', 122, 'Indie', '2009-07-28', 71, 'https://picsum.photos/id/226/200/200');
INSERT INTO SONGS (song_id, album_id, title, duration, genre, release_date, popularity_rank, image) VALUES (277, 133, 'Song myEJxGOvl9', 478, 'Pop', '2017-11-23', 80, 'https://picsum.photos/id/283/200/200');
INSERT INTO SONGS (song_id, album_id, title, duration, genre, release_date, popularity_rank, image) VALUES (278, 37, 'Song VbJfNjC9KY', 439, 'Alternative', '2013-09-08', 539, 'https://picsum.photos/id/221/200/200');
INSERT INTO SONGS (song_id, album_id, title, duration, genre, release_date, popularity_rank, image) VALUES (279, 24, 'Song 589A0jzux2', 356, 'Hip Hop', '2018-12-23', 522, 'https://picsum.photos/id/251/200/200');
INSERT INTO SONGS (song_id, album_id, title, duration, genre, release_date, popularity_rank, image) VALUES (280, 187, 'Song TcYHGEoe3a', 372, 'Alternative', '2020-09-27', 686, 'https://picsum.photos/id/266/200/200');
INSERT INTO SONGS (song_id, album_id, title, duration, genre, release_date, popularity_rank, image) VALUES (281, 3, 'Song CC6lKo3zcO', 294, 'Rock', '2010-07-27', 382, 'https://picsum.photos/id/231/200/200');
INSERT INTO SONGS (song_id, album_id, title, duration, genre, release_date, popularity_rank, image) VALUES (282, 92, 'Song oHrXGzfPkd', 477, 'Blues', '2020-11-16', 628, 'https://picsum.photos/id/274/200/200');
INSERT INTO SONGS (song_id, album_id, title, duration, genre, release_date, popularity_rank, image) VALUES (283, 127, 'Song LdYqYPfg77', 416, 'Folk', '2019-05-06', 732, 'https://picsum.photos/id/270/200/200');
INSERT INTO SONGS (song_id, album_id, title, duration, genre, release_date, popularity_rank, image) VALUES (284, 49, 'Song Dts9YRkQPu', 141, 'Metal', '2023-06-01', 238, 'https://picsum.photos/id/265/200/200');
INSERT INTO SONGS (song_id, album_id, title, duration, genre, release_date, popularity_rank, image) VALUES (285, 132, 'Song IUfvk6150g', 373, 'Electronic', '2023-12-13', 609, 'https://picsum.photos/id/266/200/200');
INSERT INTO SONGS (song_id, album_id, title, duration, genre, release_date, popularity_rank, image) VALUES (286, 58, 'Song nupFMp4tbb', 298, 'Electronic', '2011-06-28', 360, 'https://picsum.photos/id/296/200/200');
INSERT INTO SONGS (song_id, album_id, title, duration, genre, release_date, popularity_rank, image) VALUES (287, 169, 'Song jZLMihjdI9', 132, 'Dance', '2013-02-15', 630, 'https://picsum.photos/id/269/200/200');
INSERT INTO SONGS (song_id, album_id, title, duration, genre, release_date, popularity_rank, image) VALUES (288, 125, 'Song vxnWqsgWTc', 271, 'Pop', '2009-08-03', 980, 'https://picsum.photos/id/281/200/200');
INSERT INTO SONGS (song_id, album_id, title, duration, genre, release_date, popularity_rank, image) VALUES (289, 106, 'Song 5hztUloOyb', 409, 'Hip Hop', '2017-06-25', 229, 'https://picsum.photos/id/221/200/200');
INSERT INTO SONGS (song_id, album_id, title, duration, genre, release_date, popularity_rank, image) VALUES (290, 55, 'Song tTyEpRbTTA', 233, 'Alternative', '2021-05-30', 803, 'https://picsum.photos/id/248/200/200');
INSERT INTO SONGS (song_id, album_id, title, duration, genre, release_date, popularity_rank, image) VALUES (291, 70, 'Song aqYLGase6y', 291, 'Reggae', '2012-06-19', 778, 'https://picsum.photos/id/241/200/200');
INSERT INTO SONGS (song_id, album_id, title, duration, genre, release_date, popularity_rank, image) VALUES (292, 39, 'Song RUGjFEIOeY', 158, 'Alternative', '2011-02-12', 247, 'https://picsum.photos/id/215/200/200');
INSERT INTO SONGS (song_id, album_id, title, duration, genre, release_date, popularity_rank, image) VALUES (293, 97, 'Song QO61l8GXPn', 188, 'Blues', '2016-02-11', 296, 'https://picsum.photos/id/289/200/200');
INSERT INTO SONGS (song_id, album_id, title, duration, genre, release_date, popularity_rank, image) VALUES (294, 149, 'Song MT8w9LETAH', 338, 'Reggae', '2022-03-04', 3, 'https://picsum.photos/id/241/200/200');
INSERT INTO SONGS (song_id, album_id, title, duration, genre, release_date, popularity_rank, image) VALUES (295, 155, 'Song ctibVgLN0l', 371, 'Folk', '2023-04-16', 833, 'https://picsum.photos/id/221/200/200');
INSERT INTO SONGS (song_id, album_id, title, duration, genre, release_date, popularity_rank, image) VALUES (296, 126, 'Song NGtBb0NKMz', 349, 'Indie', '2022-01-06', 346, 'https://picsum.photos/id/294/200/200');
INSERT INTO SONGS (song_id, album_id, title, duration, genre, release_date, popularity_rank, image) VALUES (297, 83, 'Song YypeCMdaxL', 419, 'Blues', '2012-04-03', 952, 'https://picsum.photos/id/291/200/200');
INSERT INTO SONGS (song_id, album_id, title, duration, genre, release_date, popularity_rank, image) VALUES (298, 110, 'Song mf2seVs2WY', 121, 'Rock', '2014-04-19', 173, 'https://picsum.photos/id/256/200/200');
INSERT INTO SONGS (song_id, album_id, title, duration, genre, release_date, popularity_rank, image) VALUES (299, 64, 'Song UY1ZE6PFdD', 274, 'Indie', '2013-09-04', 342, 'https://picsum.photos/id/228/200/200');
INSERT INTO SONGS (song_id, album_id, title, duration, genre, release_date, popularity_rank, image) VALUES (300, 114, 'Song wdjBodpKy9', 269, 'Electronic', '2022-04-29', 89, 'https://picsum.photos/id/254/200/200');
INSERT INTO SONGS (song_id, album_id, title, duration, genre, release_date, popularity_rank, image) VALUES (301, 198, 'Song YE99RTxByl', 225, 'Alternative', '2024-04-16', 220, 'https://picsum.photos/id/271/200/200');
INSERT INTO SONGS (song_id, album_id, title, duration, genre, release_date, popularity_rank, image) VALUES (302, 84, 'Song eeehXQu1Cd', 245, 'R&B', '2023-09-06', 176, 'https://picsum.photos/id/219/200/200');
INSERT INTO SONGS (song_id, album_id, title, duration, genre, release_date, popularity_rank, image) VALUES (303, 88, 'Song aFyRJSFnVn', 211, 'Pop', '2018-03-19', 516, 'https://picsum.photos/id/294/200/200');
INSERT INTO SONGS (song_id, album_id, title, duration, genre, release_date, popularity_rank, image) VALUES (304, 44, 'Song TjrWhIHuwa', 178, 'Pop', '2023-12-09', 200, 'https://picsum.photos/id/262/200/200');
INSERT INTO SONGS (song_id, album_id, title, duration, genre, release_date, popularity_rank, image) VALUES (305, 46, 'Song Np7BgFq16D', 193, 'Electronic', '2018-05-26', 544, 'https://picsum.photos/id/215/200/200');
INSERT INTO SONGS (song_id, album_id, title, duration, genre, release_date, popularity_rank, image) VALUES (306, 38, 'Song JAtBdEe4pz', 372, 'Jazz', '2020-04-04', 715, 'https://picsum.photos/id/255/200/200');
INSERT INTO SONGS (song_id, album_id, title, duration, genre, release_date, popularity_rank, image) VALUES (307, 41, 'Song QvEkMNDxP5', 404, 'Classical', '2014-11-21', 938, 'https://picsum.photos/id/294/200/200');
INSERT INTO SONGS (song_id, album_id, title, duration, genre, release_date, popularity_rank, image) VALUES (308, 10, 'Song XkZ0nkZG3p', 257, 'Indie', '2010-09-10', 406, 'https://picsum.photos/id/207/200/200');
INSERT INTO SONGS (song_id, album_id, title, duration, genre, release_date, popularity_rank, image) VALUES (309, 134, 'Song 8t5JDFTmpC', 258, 'Folk', '2023-08-28', 545, 'https://picsum.photos/id/243/200/200');
INSERT INTO SONGS (song_id, album_id, title, duration, genre, release_date, popularity_rank, image) VALUES (310, 103, 'Song HbcdZLSAND', 464, 'Metal', '2009-03-11', 495, 'https://picsum.photos/id/300/200/200');
INSERT INTO SONGS (song_id, album_id, title, duration, genre, release_date, popularity_rank, image) VALUES (311, 34, 'Song LjmDMJTTKd', 420, 'Indie', '2018-12-06', 327, 'https://picsum.photos/id/272/200/200');
INSERT INTO SONGS (song_id, album_id, title, duration, genre, release_date, popularity_rank, image) VALUES (312, 10, 'Song h6IqiQL8vi', 352, 'Rock', '2019-05-25', 404, 'https://picsum.photos/id/278/200/200');
INSERT INTO SONGS (song_id, album_id, title, duration, genre, release_date, popularity_rank, image) VALUES (313, 110, 'Song VE57R4MkLS', 426, 'Rock', '2024-02-14', 311, 'https://picsum.photos/id/235/200/200');
INSERT INTO SONGS (song_id, album_id, title, duration, genre, release_date, popularity_rank, image) VALUES (314, 70, 'Song tOuT8ksTst', 127, 'Electronic', '2009-04-12', 865, 'https://picsum.photos/id/296/200/200');
INSERT INTO SONGS (song_id, album_id, title, duration, genre, release_date, popularity_rank, image) VALUES (315, 70, 'Song wAx4zZpvhn', 421, 'Indie', '2022-03-14', 861, 'https://picsum.photos/id/284/200/200');
INSERT INTO SONGS (song_id, album_id, title, duration, genre, release_date, popularity_rank, image) VALUES (316, 3, 'Song ndcfjDo9df', 373, 'Dance', '2020-10-19', 454, 'https://picsum.photos/id/270/200/200');
INSERT INTO SONGS (song_id, album_id, title, duration, genre, release_date, popularity_rank, image) VALUES (317, 13, 'Song qKOVYoGb6W', 216, 'Reggae', '2023-10-18', 78, 'https://picsum.photos/id/241/200/200');
INSERT INTO SONGS (song_id, album_id, title, duration, genre, release_date, popularity_rank, image) VALUES (318, 114, 'Song bmBOXhgh52', 201, 'Folk', '2017-08-28', 918, 'https://picsum.photos/id/237/200/200');
INSERT INTO SONGS (song_id, album_id, title, duration, genre, release_date, popularity_rank, image) VALUES (319, 184, 'Song DSkS2vNFAY', 316, 'R&B', '2020-01-01', 193, 'https://picsum.photos/id/295/200/200');
INSERT INTO SONGS (song_id, album_id, title, duration, genre, release_date, popularity_rank, image) VALUES (320, 2, 'Song RoEbZg4od1', 420, 'Classical', '2008-11-25', 120, 'https://picsum.photos/id/275/200/200');
INSERT INTO SONGS (song_id, album_id, title, duration, genre, release_date, popularity_rank, image) VALUES (321, 5, 'Song 6WvL1m2WSJ', 259, 'Folk', '2021-08-25', 112, 'https://picsum.photos/id/225/200/200');
INSERT INTO SONGS (song_id, album_id, title, duration, genre, release_date, popularity_rank, image) VALUES (322, 87, 'Song vHyStwNNVu', 438, 'R&B', '2013-04-24', 941, 'https://picsum.photos/id/249/200/200');
INSERT INTO SONGS (song_id, album_id, title, duration, genre, release_date, popularity_rank, image) VALUES (323, 78, 'Song NlfTz1qAHB', 466, 'Rock', '2024-03-07', 716, 'https://picsum.photos/id/278/200/200');
INSERT INTO SONGS (song_id, album_id, title, duration, genre, release_date, popularity_rank, image) VALUES (324, 6, 'Song zkzXp7A6QY', 422, 'Jazz', '2010-10-29', 127, 'https://picsum.photos/id/282/200/200');
INSERT INTO SONGS (song_id, album_id, title, duration, genre, release_date, popularity_rank, image) VALUES (325, 102, 'Song ZDYwBx1Q7u', 252, 'Blues', '2022-08-22', 983, 'https://picsum.photos/id/224/200/200');
INSERT INTO SONGS (song_id, album_id, title, duration, genre, release_date, popularity_rank, image) VALUES (326, 193, 'Song utkBFzDcCX', 185, 'Rock', '2021-08-15', 661, 'https://picsum.photos/id/263/200/200');
INSERT INTO SONGS (song_id, album_id, title, duration, genre, release_date, popularity_rank, image) VALUES (327, 126, 'Song PPk73i9Eug', 448, 'R&B', '2023-11-13', 543, 'https://picsum.photos/id/293/200/200');
INSERT INTO SONGS (song_id, album_id, title, duration, genre, release_date, popularity_rank, image) VALUES (328, 37, 'Song yd9wTRH9pV', 366, 'Reggae', '2012-12-19', 433, 'https://picsum.photos/id/254/200/200');
INSERT INTO SONGS (song_id, album_id, title, duration, genre, release_date, popularity_rank, image) VALUES (329, 68, 'Song WPeDUNSdD0', 423, 'Electronic', '2014-02-10', 335, 'https://picsum.photos/id/246/200/200');
INSERT INTO SONGS (song_id, album_id, title, duration, genre, release_date, popularity_rank, image) VALUES (330, 138, 'Song a8mXylXTzg', 317, 'Jazz', '2012-11-21', 175, 'https://picsum.photos/id/239/200/200');
INSERT INTO SONGS (song_id, album_id, title, duration, genre, release_date, popularity_rank, image) VALUES (331, 148, 'Song 3V4IEiL5Ab', 381, 'Country', '2018-02-10', 751, 'https://picsum.photos/id/233/200/200');
INSERT INTO SONGS (song_id, album_id, title, duration, genre, release_date, popularity_rank, image) VALUES (332, 104, 'Song jWaViCISbq', 177, 'Blues', '2012-08-06', 977, 'https://picsum.photos/id/235/200/200');
INSERT INTO SONGS (song_id, album_id, title, duration, genre, release_date, popularity_rank, image) VALUES (333, 85, 'Song ozYXCCnCX3', 181, 'Folk', '2009-07-30', 818, 'https://picsum.photos/id/242/200/200');
INSERT INTO SONGS (song_id, album_id, title, duration, genre, release_date, popularity_rank, image) VALUES (334, 4, 'Song povSWM6QJT', 420, 'Alternative', '2019-09-21', 283, 'https://picsum.photos/id/285/200/200');
INSERT INTO SONGS (song_id, album_id, title, duration, genre, release_date, popularity_rank, image) VALUES (335, 132, 'Song 2j8686nLgq', 465, 'Alternative', '2016-11-16', 558, 'https://picsum.photos/id/230/200/200');
INSERT INTO SONGS (song_id, album_id, title, duration, genre, release_date, popularity_rank, image) VALUES (336, 11, 'Song 4pQfppvf7f', 320, 'Alternative', '2009-10-21', 476, 'https://picsum.photos/id/286/200/200');
INSERT INTO SONGS (song_id, album_id, title, duration, genre, release_date, popularity_rank, image) VALUES (337, 77, 'Song pZ0rcaCMkn', 474, 'Metal', '2024-03-31', 483, 'https://picsum.photos/id/263/200/200');
INSERT INTO SONGS (song_id, album_id, title, duration, genre, release_date, popularity_rank, image) VALUES (338, 126, 'Song Az4pdjzrLq', 305, 'Hip Hop', '2022-07-07', 179, 'https://picsum.photos/id/296/200/200');
INSERT INTO SONGS (song_id, album_id, title, duration, genre, release_date, popularity_rank, image) VALUES (339, 113, 'Song lfZDchohiK', 366, 'Country', '2008-04-03', 150, 'https://picsum.photos/id/224/200/200');
INSERT INTO SONGS (song_id, album_id, title, duration, genre, release_date, popularity_rank, image) VALUES (340, 69, 'Song p6cgy3mZa8', 420, 'Reggae', '2021-09-23', 662, 'https://picsum.photos/id/216/200/200');
INSERT INTO SONGS (song_id, album_id, title, duration, genre, release_date, popularity_rank, image) VALUES (341, 118, 'Song zdsyJucHX7', 418, 'R&B', '2014-03-15', 9, 'https://picsum.photos/id/255/200/200');
INSERT INTO SONGS (song_id, album_id, title, duration, genre, release_date, popularity_rank, image) VALUES (342, 155, 'Song FOz7PCduZf', 165, 'Electronic', '2021-08-25', 157, 'https://picsum.photos/id/203/200/200');
INSERT INTO SONGS (song_id, album_id, title, duration, genre, release_date, popularity_rank, image) VALUES (343, 23, 'Song pGRnqnpYFM', 206, 'Metal', '2017-09-20', 489, 'https://picsum.photos/id/211/200/200');
INSERT INTO SONGS (song_id, album_id, title, duration, genre, release_date, popularity_rank, image) VALUES (344, 104, 'Song E0aratpWVZ', 435, 'Classical', '2014-04-06', 864, 'https://picsum.photos/id/285/200/200');
INSERT INTO SONGS (song_id, album_id, title, duration, genre, release_date, popularity_rank, image) VALUES (345, 174, 'Song qLYxByU4By', 462, 'Alternative', '2011-03-08', 464, 'https://picsum.photos/id/224/200/200');
INSERT INTO SONGS (song_id, album_id, title, duration, genre, release_date, popularity_rank, image) VALUES (346, 81, 'Song 6OB2BbSUdI', 478, 'Alternative', '2011-04-23', 913, 'https://picsum.photos/id/202/200/200');
INSERT INTO SONGS (song_id, album_id, title, duration, genre, release_date, popularity_rank, image) VALUES (347, 23, 'Song 6qdJrgNYD9', 377, 'Pop', '2021-10-30', 502, 'https://picsum.photos/id/225/200/200');
INSERT INTO SONGS (song_id, album_id, title, duration, genre, release_date, popularity_rank, image) VALUES (348, 138, 'Song CH5Pl33Skr', 213, 'Alternative', '2013-04-21', 390, 'https://picsum.photos/id/219/200/200');
INSERT INTO SONGS (song_id, album_id, title, duration, genre, release_date, popularity_rank, image) VALUES (349, 51, 'Song tk3m8Nn5W6', 367, 'Alternative', '2019-11-06', 844, 'https://picsum.photos/id/262/200/200');
INSERT INTO SONGS (song_id, album_id, title, duration, genre, release_date, popularity_rank, image) VALUES (350, 197, 'Song IgOas6ITXS', 180, 'Rock', '2019-11-03', 629, 'https://picsum.photos/id/211/200/200');
INSERT INTO SONGS (song_id, album_id, title, duration, genre, release_date, popularity_rank, image) VALUES (351, 66, 'Song YvvTKMsEds', 191, 'Classical', '2009-03-14', 168, 'https://picsum.photos/id/229/200/200');
INSERT INTO SONGS (song_id, album_id, title, duration, genre, release_date, popularity_rank, image) VALUES (352, 79, 'Song vtobdhtP3a', 464, 'Rock', '2015-03-23', 323, 'https://picsum.photos/id/280/200/200');
INSERT INTO SONGS (song_id, album_id, title, duration, genre, release_date, popularity_rank, image) VALUES (353, 17, 'Song VMJoTaovf0', 243, 'Indie', '2009-07-07', 690, 'https://picsum.photos/id/225/200/200');
INSERT INTO SONGS (song_id, album_id, title, duration, genre, release_date, popularity_rank, image) VALUES (354, 128, 'Song 8JpQg0Ihkj', 246, 'Metal', '2016-11-04', 631, 'https://picsum.photos/id/254/200/200');
INSERT INTO SONGS (song_id, album_id, title, duration, genre, release_date, popularity_rank, image) VALUES (355, 179, 'Song mQT5Yf6bX8', 455, 'Classical', '2018-01-01', 542, 'https://picsum.photos/id/291/200/200');
INSERT INTO SONGS (song_id, album_id, title, duration, genre, release_date, popularity_rank, image) VALUES (356, 167, 'Song E6dj3cuyHk', 189, 'Alternative', '2022-02-07', 579, 'https://picsum.photos/id/229/200/200');
INSERT INTO SONGS (song_id, album_id, title, duration, genre, release_date, popularity_rank, image) VALUES (357, 69, 'Song JrLG1PY5vA', 248, 'Rock', '2009-02-07', 328, 'https://picsum.photos/id/263/200/200');
INSERT INTO SONGS (song_id, album_id, title, duration, genre, release_date, popularity_rank, image) VALUES (358, 3, 'Song DzGXofk9HW', 178, 'Electronic', '2012-02-22', 173, 'https://picsum.photos/id/216/200/200');
INSERT INTO SONGS (song_id, album_id, title, duration, genre, release_date, popularity_rank, image) VALUES (359, 51, 'Song gHB47xpYvf', 196, 'Hip Hop', '2019-03-13', 899, 'https://picsum.photos/id/299/200/200');
INSERT INTO SONGS (song_id, album_id, title, duration, genre, release_date, popularity_rank, image) VALUES (360, 116, 'Song wNNGgCwaLb', 216, 'Indie', '2021-04-24', 940, 'https://picsum.photos/id/289/200/200');
INSERT INTO SONGS (song_id, album_id, title, duration, genre, release_date, popularity_rank, image) VALUES (361, 91, 'Song MKO6fVlXAD', 321, 'Blues', '2022-02-10', 620, 'https://picsum.photos/id/242/200/200');
INSERT INTO SONGS (song_id, album_id, title, duration, genre, release_date, popularity_rank, image) VALUES (362, 109, 'Song MocOjQncCc', 262, 'Rock', '2012-10-28', 599, 'https://picsum.photos/id/278/200/200');
INSERT INTO SONGS (song_id, album_id, title, duration, genre, release_date, popularity_rank, image) VALUES (363, 115, 'Song zwcR8od2fW', 197, 'Hip Hop', '2013-01-29', 940, 'https://picsum.photos/id/247/200/200');
INSERT INTO SONGS (song_id, album_id, title, duration, genre, release_date, popularity_rank, image) VALUES (364, 64, 'Song 6j4UsID3LO', 218, 'Classical', '2013-11-15', 587, 'https://picsum.photos/id/228/200/200');
INSERT INTO SONGS (song_id, album_id, title, duration, genre, release_date, popularity_rank, image) VALUES (365, 176, 'Song 0XvTrFTlTF', 427, 'Indie', '2023-07-09', 24, 'https://picsum.photos/id/254/200/200');
INSERT INTO SONGS (song_id, album_id, title, duration, genre, release_date, popularity_rank, image) VALUES (366, 116, 'Song UjiFjSK9GL', 204, 'Jazz', '2018-01-26', 317, 'https://picsum.photos/id/230/200/200');
INSERT INTO SONGS (song_id, album_id, title, duration, genre, release_date, popularity_rank, image) VALUES (367, 51, 'Song ftWyDMsw9n', 126, 'Hip Hop', '2010-08-28', 990, 'https://picsum.photos/id/231/200/200');
INSERT INTO SONGS (song_id, album_id, title, duration, genre, release_date, popularity_rank, image) VALUES (368, 123, 'Song LhVNWZhPn1', 480, 'Folk', '2011-09-26', 809, 'https://picsum.photos/id/268/200/200');
INSERT INTO SONGS (song_id, album_id, title, duration, genre, release_date, popularity_rank, image) VALUES (369, 135, 'Song mNmbEvRxDA', 462, 'Metal', '2015-03-17', 680, 'https://picsum.photos/id/284/200/200');
INSERT INTO SONGS (song_id, album_id, title, duration, genre, release_date, popularity_rank, image) VALUES (370, 103, 'Song WcTMkdJkIe', 295, 'Electronic', '2017-07-27', 346, 'https://picsum.photos/id/212/200/200');
INSERT INTO SONGS (song_id, album_id, title, duration, genre, release_date, popularity_rank, image) VALUES (371, 169, 'Song ETevvlTqLn', 238, 'R&B', '2018-12-19', 513, 'https://picsum.photos/id/227/200/200');
INSERT INTO SONGS (song_id, album_id, title, duration, genre, release_date, popularity_rank, image) VALUES (372, 122, 'Song dDeVSCAVIg', 173, 'Dance', '2019-06-13', 460, 'https://picsum.photos/id/288/200/200');
INSERT INTO SONGS (song_id, album_id, title, duration, genre, release_date, popularity_rank, image) VALUES (373, 192, 'Song dJxBnbFGNc', 204, 'Metal', '2021-10-19', 11, 'https://picsum.photos/id/222/200/200');
INSERT INTO SONGS (song_id, album_id, title, duration, genre, release_date, popularity_rank, image) VALUES (374, 165, 'Song PyDDDf5BaY', 261, 'Reggae', '2012-08-08', 116, 'https://picsum.photos/id/230/200/200');
INSERT INTO SONGS (song_id, album_id, title, duration, genre, release_date, popularity_rank, image) VALUES (375, 95, 'Song 6JtZhzm3vy', 375, 'Hip Hop', '2013-10-15', 531, 'https://picsum.photos/id/279/200/200');
INSERT INTO SONGS (song_id, album_id, title, duration, genre, release_date, popularity_rank, image) VALUES (376, 39, 'Song tmoNotclia', 276, 'Jazz', '2017-08-17', 58, 'https://picsum.photos/id/229/200/200');
INSERT INTO SONGS (song_id, album_id, title, duration, genre, release_date, popularity_rank, image) VALUES (377, 86, 'Song XIvR2ls6s1', 351, 'Blues', '2022-12-05', 491, 'https://picsum.photos/id/282/200/200');
INSERT INTO SONGS (song_id, album_id, title, duration, genre, release_date, popularity_rank, image) VALUES (378, 114, 'Song f4b99Yx0un', 386, 'Metal', '2008-05-30', 994, 'https://picsum.photos/id/204/200/200');
INSERT INTO SONGS (song_id, album_id, title, duration, genre, release_date, popularity_rank, image) VALUES (379, 88, 'Song pzHTiC7oh9', 385, 'Hip Hop', '2008-01-30', 341, 'https://picsum.photos/id/261/200/200');
INSERT INTO SONGS (song_id, album_id, title, duration, genre, release_date, popularity_rank, image) VALUES (380, 165, 'Song Vbp92ql0ZL', 207, 'Dance', '2009-04-26', 22, 'https://picsum.photos/id/286/200/200');
INSERT INTO SONGS (song_id, album_id, title, duration, genre, release_date, popularity_rank, image) VALUES (381, 135, 'Song iLMg5gd3v8', 467, 'Metal', '2012-11-17', 143, 'https://picsum.photos/id/272/200/200');
INSERT INTO SONGS (song_id, album_id, title, duration, genre, release_date, popularity_rank, image) VALUES (382, 17, 'Song tnYiDkszuK', 184, 'Reggae', '2023-07-08', 8, 'https://picsum.photos/id/251/200/200');
INSERT INTO SONGS (song_id, album_id, title, duration, genre, release_date, popularity_rank, image) VALUES (383, 155, 'Song HwMuGnoTSe', 466, 'Dance', '2014-04-05', 692, 'https://picsum.photos/id/271/200/200');
INSERT INTO SONGS (song_id, album_id, title, duration, genre, release_date, popularity_rank, image) VALUES (384, 190, 'Song 5toADO0vRo', 432, 'Country', '2008-12-14', 763, 'https://picsum.photos/id/216/200/200');
INSERT INTO SONGS (song_id, album_id, title, duration, genre, release_date, popularity_rank, image) VALUES (385, 177, 'Song z3qfQVIwPN', 211, 'R&B', '2008-10-22', 83, 'https://picsum.photos/id/254/200/200');
INSERT INTO SONGS (song_id, album_id, title, duration, genre, release_date, popularity_rank, image) VALUES (386, 40, 'Song kyLKU0UD29', 460, 'Folk', '2011-10-27', 400, 'https://picsum.photos/id/268/200/200');
INSERT INTO SONGS (song_id, album_id, title, duration, genre, release_date, popularity_rank, image) VALUES (387, 90, 'Song 3jQTplaNOw', 377, 'Jazz', '2008-01-24', 645, 'https://picsum.photos/id/240/200/200');
INSERT INTO SONGS (song_id, album_id, title, duration, genre, release_date, popularity_rank, image) VALUES (388, 48, 'Song 3Phame9GD8', 272, 'Country', '2014-12-11', 952, 'https://picsum.photos/id/298/200/200');
INSERT INTO SONGS (song_id, album_id, title, duration, genre, release_date, popularity_rank, image) VALUES (389, 15, 'Song q0BDT290Nw', 385, 'Reggae', '2017-04-12', 511, 'https://picsum.photos/id/207/200/200');
INSERT INTO SONGS (song_id, album_id, title, duration, genre, release_date, popularity_rank, image) VALUES (390, 21, 'Song uyxkftQPH6', 331, 'Country', '2017-01-30', 819, 'https://picsum.photos/id/279/200/200');
INSERT INTO SONGS (song_id, album_id, title, duration, genre, release_date, popularity_rank, image) VALUES (391, 144, 'Song k9w0zTrqyc', 318, 'Rock', '2017-06-01', 900, 'https://picsum.photos/id/220/200/200');
INSERT INTO SONGS (song_id, album_id, title, duration, genre, release_date, popularity_rank, image) VALUES (392, 103, 'Song g4ID6X4zX2', 169, 'Hip Hop', '2017-04-29', 355, 'https://picsum.photos/id/294/200/200');
INSERT INTO SONGS (song_id, album_id, title, duration, genre, release_date, popularity_rank, image) VALUES (393, 143, 'Song dot96xqX55', 147, 'Dance', '2018-06-11', 537, 'https://picsum.photos/id/259/200/200');
INSERT INTO SONGS (song_id, album_id, title, duration, genre, release_date, popularity_rank, image) VALUES (394, 118, 'Song w4OUJpTTay', 460, 'Rock', '2019-09-16', 66, 'https://picsum.photos/id/226/200/200');
INSERT INTO SONGS (song_id, album_id, title, duration, genre, release_date, popularity_rank, image) VALUES (395, 6, 'Song TDdBEvh8nq', 189, 'Metal', '2010-02-12', 356, 'https://picsum.photos/id/270/200/200');
INSERT INTO SONGS (song_id, album_id, title, duration, genre, release_date, popularity_rank, image) VALUES (396, 110, 'Song fa3Dxnt7XB', 385, 'Country', '2013-04-18', 27, 'https://picsum.photos/id/293/200/200');
INSERT INTO SONGS (song_id, album_id, title, duration, genre, release_date, popularity_rank, image) VALUES (397, 182, 'Song YFw5aK2eQO', 294, 'Pop', '2015-04-04', 842, 'https://picsum.photos/id/233/200/200');
INSERT INTO SONGS (song_id, album_id, title, duration, genre, release_date, popularity_rank, image) VALUES (398, 113, 'Song ROKZMlChsE', 412, 'Rock', '2023-11-17', 696, 'https://picsum.photos/id/268/200/200');
INSERT INTO SONGS (song_id, album_id, title, duration, genre, release_date, popularity_rank, image) VALUES (399, 150, 'Song wkSPznxHtV', 171, 'Reggae', '2023-03-02', 964, 'https://picsum.photos/id/291/200/200');
INSERT INTO SONGS (song_id, album_id, title, duration, genre, release_date, popularity_rank, image) VALUES (400, 165, 'Song mWeps26lLd', 123, 'Alternative', '2022-03-19', 475, 'https://picsum.photos/id/265/200/200');
INSERT INTO SONGS (song_id, album_id, title, duration, genre, release_date, popularity_rank, image) VALUES (401, 66, 'Song ymqdZsd2aw', 314, 'Country', '2008-08-05', 359, 'https://picsum.photos/id/227/200/200');
INSERT INTO SONGS (song_id, album_id, title, duration, genre, release_date, popularity_rank, image) VALUES (402, 45, 'Song vytGTYcXdV', 151, 'Metal', '2014-08-31', 904, 'https://picsum.photos/id/274/200/200');
INSERT INTO SONGS (song_id, album_id, title, duration, genre, release_date, popularity_rank, image) VALUES (403, 71, 'Song 7Sow3VNIrc', 440, 'Country', '2012-04-17', 101, 'https://picsum.photos/id/213/200/200');
INSERT INTO SONGS (song_id, album_id, title, duration, genre, release_date, popularity_rank, image) VALUES (404, 68, 'Song l1df5DfoET', 283, 'Classical', '2015-09-07', 733, 'https://picsum.photos/id/248/200/200');
INSERT INTO SONGS (song_id, album_id, title, duration, genre, release_date, popularity_rank, image) VALUES (405, 69, 'Song QphTiB2eek', 332, 'Pop', '2022-09-25', 361, 'https://picsum.photos/id/285/200/200');
INSERT INTO SONGS (song_id, album_id, title, duration, genre, release_date, popularity_rank, image) VALUES (406, 54, 'Song H36fq1g7M8', 365, 'Electronic', '2013-11-29', 624, 'https://picsum.photos/id/257/200/200');
INSERT INTO SONGS (song_id, album_id, title, duration, genre, release_date, popularity_rank, image) VALUES (407, 79, 'Song rYkoEUPkGm', 296, 'Country', '2008-05-26', 72, 'https://picsum.photos/id/227/200/200');
INSERT INTO SONGS (song_id, album_id, title, duration, genre, release_date, popularity_rank, image) VALUES (408, 93, 'Song u86Y6JTm9v', 272, 'Indie', '2014-03-12', 643, 'https://picsum.photos/id/255/200/200');
INSERT INTO SONGS (song_id, album_id, title, duration, genre, release_date, popularity_rank, image) VALUES (409, 89, 'Song ehsMG2xGxA', 238, 'Jazz', '2014-01-16', 104, 'https://picsum.photos/id/250/200/200');
INSERT INTO SONGS (song_id, album_id, title, duration, genre, release_date, popularity_rank, image) VALUES (410, 41, 'Song oyJj9ZKcTA', 395, 'Dance', '2012-12-13', 127, 'https://picsum.photos/id/248/200/200');
INSERT INTO SONGS (song_id, album_id, title, duration, genre, release_date, popularity_rank, image) VALUES (411, 13, 'Song Rrzy2OPGZG', 313, 'Classical', '2018-04-26', 566, 'https://picsum.photos/id/285/200/200');
INSERT INTO SONGS (song_id, album_id, title, duration, genre, release_date, popularity_rank, image) VALUES (412, 123, 'Song xBHSCRZtFL', 275, 'Rock', '2008-08-08', 146, 'https://picsum.photos/id/232/200/200');
INSERT INTO SONGS (song_id, album_id, title, duration, genre, release_date, popularity_rank, image) VALUES (413, 132, 'Song f4Im2DMNHD', 448, 'Dance', '2018-03-02', 443, 'https://picsum.photos/id/256/200/200');
INSERT INTO SONGS (song_id, album_id, title, duration, genre, release_date, popularity_rank, image) VALUES (414, 200, 'Song 0fqYayH6lg', 395, 'Electronic', '2022-08-17', 983, 'https://picsum.photos/id/215/200/200');
INSERT INTO SONGS (song_id, album_id, title, duration, genre, release_date, popularity_rank, image) VALUES (415, 5, 'Song YN7KlO1U7S', 468, 'Rock', '2011-04-02', 329, 'https://picsum.photos/id/211/200/200');
INSERT INTO SONGS (song_id, album_id, title, duration, genre, release_date, popularity_rank, image) VALUES (416, 177, 'Song UfvO3v6WYj', 313, 'Hip Hop', '2017-07-05', 91, 'https://picsum.photos/id/230/200/200');
INSERT INTO SONGS (song_id, album_id, title, duration, genre, release_date, popularity_rank, image) VALUES (417, 110, 'Song F7qraiIC19', 365, 'Electronic', '2010-01-11', 805, 'https://picsum.photos/id/216/200/200');
INSERT INTO SONGS (song_id, album_id, title, duration, genre, release_date, popularity_rank, image) VALUES (418, 69, 'Song FpzLV7WfZZ', 277, 'Blues', '2018-12-03', 758, 'https://picsum.photos/id/243/200/200');
INSERT INTO SONGS (song_id, album_id, title, duration, genre, release_date, popularity_rank, image) VALUES (419, 142, 'Song NwMrAtNeT3', 225, 'Alternative', '2016-02-23', 651, 'https://picsum.photos/id/236/200/200');
INSERT INTO SONGS (song_id, album_id, title, duration, genre, release_date, popularity_rank, image) VALUES (420, 194, 'Song s2i3H5sLER', 142, 'Dance', '2016-05-01', 796, 'https://picsum.photos/id/254/200/200');
INSERT INTO SONGS (song_id, album_id, title, duration, genre, release_date, popularity_rank, image) VALUES (421, 77, 'Song 07PbWu4Pxf', 155, 'Dance', '2009-01-12', 547, 'https://picsum.photos/id/222/200/200');
INSERT INTO SONGS (song_id, album_id, title, duration, genre, release_date, popularity_rank, image) VALUES (422, 136, 'Song oFS3XacceU', 171, 'R&B', '2014-02-04', 255, 'https://picsum.photos/id/236/200/200');
INSERT INTO SONGS (song_id, album_id, title, duration, genre, release_date, popularity_rank, image) VALUES (423, 67, 'Song 57QPbSm4j2', 358, 'Reggae', '2011-03-27', 61, 'https://picsum.photos/id/286/200/200');
INSERT INTO SONGS (song_id, album_id, title, duration, genre, release_date, popularity_rank, image) VALUES (424, 158, 'Song uiWExco73b', 379, 'Metal', '2016-12-19', 152, 'https://picsum.photos/id/205/200/200');
INSERT INTO SONGS (song_id, album_id, title, duration, genre, release_date, popularity_rank, image) VALUES (425, 63, 'Song 9l2UhSNJSM', 188, 'Pop', '2023-07-15', 296, 'https://picsum.photos/id/273/200/200');
INSERT INTO SONGS (song_id, album_id, title, duration, genre, release_date, popularity_rank, image) VALUES (426, 12, 'Song eIS6xm42el', 202, 'Metal', '2020-01-21', 261, 'https://picsum.photos/id/229/200/200');
INSERT INTO SONGS (song_id, album_id, title, duration, genre, release_date, popularity_rank, image) VALUES (427, 52, 'Song pjpsEjRpzb', 434, 'Blues', '2014-11-26', 698, 'https://picsum.photos/id/264/200/200');
INSERT INTO SONGS (song_id, album_id, title, duration, genre, release_date, popularity_rank, image) VALUES (428, 161, 'Song wmbe7cJZn0', 473, 'Electronic', '2023-02-18', 658, 'https://picsum.photos/id/231/200/200');
INSERT INTO SONGS (song_id, album_id, title, duration, genre, release_date, popularity_rank, image) VALUES (429, 163, 'Song ohuKWSiWDm', 147, 'Pop', '2017-04-19', 181, 'https://picsum.photos/id/267/200/200');
INSERT INTO SONGS (song_id, album_id, title, duration, genre, release_date, popularity_rank, image) VALUES (430, 86, 'Song TuIewW7ciW', 438, 'R&B', '2023-11-29', 62, 'https://picsum.photos/id/298/200/200');
INSERT INTO SONGS (song_id, album_id, title, duration, genre, release_date, popularity_rank, image) VALUES (431, 58, 'Song nZ6Gz8SMti', 152, 'Hip Hop', '2015-08-04', 788, 'https://picsum.photos/id/283/200/200');
INSERT INTO SONGS (song_id, album_id, title, duration, genre, release_date, popularity_rank, image) VALUES (432, 40, 'Song GIk5murFSD', 374, 'Folk', '2013-05-25', 935, 'https://picsum.photos/id/236/200/200');
INSERT INTO SONGS (song_id, album_id, title, duration, genre, release_date, popularity_rank, image) VALUES (433, 24, 'Song 7JVInl24VV', 293, 'Metal', '2023-04-07', 969, 'https://picsum.photos/id/237/200/200');
INSERT INTO SONGS (song_id, album_id, title, duration, genre, release_date, popularity_rank, image) VALUES (434, 2, 'Song tdrOY1k9Oi', 479, 'Rock', '2018-08-22', 944, 'https://picsum.photos/id/215/200/200');
INSERT INTO SONGS (song_id, album_id, title, duration, genre, release_date, popularity_rank, image) VALUES (435, 10, 'Song OTeEJVNXSi', 405, 'Dance', '2018-08-26', 464, 'https://picsum.photos/id/259/200/200');
INSERT INTO SONGS (song_id, album_id, title, duration, genre, release_date, popularity_rank, image) VALUES (436, 54, 'Song anusT1IFOb', 401, 'Rock', '2013-02-24', 4, 'https://picsum.photos/id/215/200/200');
INSERT INTO SONGS (song_id, album_id, title, duration, genre, release_date, popularity_rank, image) VALUES (437, 28, 'Song ekBwQPSPDw', 397, 'Country', '2020-02-27', 437, 'https://picsum.photos/id/202/200/200');
INSERT INTO SONGS (song_id, album_id, title, duration, genre, release_date, popularity_rank, image) VALUES (438, 157, 'Song Jb1xtwH472', 183, 'Dance', '2018-08-23', 753, 'https://picsum.photos/id/271/200/200');
INSERT INTO SONGS (song_id, album_id, title, duration, genre, release_date, popularity_rank, image) VALUES (439, 102, 'Song 0cJ9cxfTSe', 213, 'R&B', '2014-11-06', 110, 'https://picsum.photos/id/292/200/200');
INSERT INTO SONGS (song_id, album_id, title, duration, genre, release_date, popularity_rank, image) VALUES (440, 167, 'Song B7UuMA7PEz', 212, 'Alternative', '2008-01-18', 202, 'https://picsum.photos/id/228/200/200');
INSERT INTO SONGS (song_id, album_id, title, duration, genre, release_date, popularity_rank, image) VALUES (441, 115, 'Song d0vNO5J0f5', 389, 'Indie', '2012-06-25', 212, 'https://picsum.photos/id/291/200/200');
INSERT INTO SONGS (song_id, album_id, title, duration, genre, release_date, popularity_rank, image) VALUES (442, 56, 'Song 3c9XAFoQ8y', 405, 'Reggae', '2021-03-06', 526, 'https://picsum.photos/id/241/200/200');
INSERT INTO SONGS (song_id, album_id, title, duration, genre, release_date, popularity_rank, image) VALUES (443, 98, 'Song V5P2Gve6se', 443, 'Reggae', '2011-09-15', 607, 'https://picsum.photos/id/263/200/200');
INSERT INTO SONGS (song_id, album_id, title, duration, genre, release_date, popularity_rank, image) VALUES (444, 26, 'Song x28P43MVvP', 145, 'R&B', '2021-09-25', 701, 'https://picsum.photos/id/246/200/200');
INSERT INTO SONGS (song_id, album_id, title, duration, genre, release_date, popularity_rank, image) VALUES (445, 15, 'Song FpnWfm8puL', 132, 'R&B', '2016-02-02', 665, 'https://picsum.photos/id/275/200/200');
INSERT INTO SONGS (song_id, album_id, title, duration, genre, release_date, popularity_rank, image) VALUES (446, 51, 'Song ZtchePGWLW', 239, 'Country', '2010-12-03', 879, 'https://picsum.photos/id/275/200/200');
INSERT INTO SONGS (song_id, album_id, title, duration, genre, release_date, popularity_rank, image) VALUES (447, 68, 'Song a4mvLUaiAW', 199, 'Country', '2015-12-21', 80, 'https://picsum.photos/id/254/200/200');
INSERT INTO SONGS (song_id, album_id, title, duration, genre, release_date, popularity_rank, image) VALUES (448, 74, 'Song HHSBKqRvsp', 120, 'Jazz', '2021-07-02', 42, 'https://picsum.photos/id/296/200/200');
INSERT INTO SONGS (song_id, album_id, title, duration, genre, release_date, popularity_rank, image) VALUES (449, 135, 'Song BCDMa09mIt', 426, 'Reggae', '2022-10-26', 925, 'https://picsum.photos/id/260/200/200');
INSERT INTO SONGS (song_id, album_id, title, duration, genre, release_date, popularity_rank, image) VALUES (450, 16, 'Song LKlaitAIjL', 270, 'Alternative', '2016-01-23', 981, 'https://picsum.photos/id/273/200/200');
INSERT INTO SONGS (song_id, album_id, title, duration, genre, release_date, popularity_rank, image) VALUES (451, 195, 'Song t7Zl9Z62qw', 382, 'Hip Hop', '2020-06-09', 447, 'https://picsum.photos/id/285/200/200');
INSERT INTO SONGS (song_id, album_id, title, duration, genre, release_date, popularity_rank, image) VALUES (452, 58, 'Song 08vnxQqhZD', 338, 'Dance', '2012-09-05', 48, 'https://picsum.photos/id/236/200/200');
INSERT INTO SONGS (song_id, album_id, title, duration, genre, release_date, popularity_rank, image) VALUES (453, 40, 'Song mnnV2q5J2R', 422, 'Country', '2016-11-12', 747, 'https://picsum.photos/id/215/200/200');
INSERT INTO SONGS (song_id, album_id, title, duration, genre, release_date, popularity_rank, image) VALUES (454, 143, 'Song O93WmfjAti', 443, 'Blues', '2015-12-16', 102, 'https://picsum.photos/id/245/200/200');
INSERT INTO SONGS (song_id, album_id, title, duration, genre, release_date, popularity_rank, image) VALUES (455, 92, 'Song 8nAJxIAalP', 241, 'R&B', '2010-12-01', 392, 'https://picsum.photos/id/276/200/200');
INSERT INTO SONGS (song_id, album_id, title, duration, genre, release_date, popularity_rank, image) VALUES (456, 36, 'Song vUipVYnBHO', 443, 'Electronic', '2018-08-22', 310, 'https://picsum.photos/id/231/200/200');
INSERT INTO SONGS (song_id, album_id, title, duration, genre, release_date, popularity_rank, image) VALUES (457, 18, 'Song odrDjOkvzb', 448, 'Dance', '2012-12-22', 995, 'https://picsum.photos/id/229/200/200');
INSERT INTO SONGS (song_id, album_id, title, duration, genre, release_date, popularity_rank, image) VALUES (458, 94, 'Song MzbjDFQKPm', 242, 'Indie', '2021-06-11', 147, 'https://picsum.photos/id/290/200/200');
INSERT INTO SONGS (song_id, album_id, title, duration, genre, release_date, popularity_rank, image) VALUES (459, 89, 'Song emXiYD3fYP', 390, 'Pop', '2015-11-20', 386, 'https://picsum.photos/id/253/200/200');
INSERT INTO SONGS (song_id, album_id, title, duration, genre, release_date, popularity_rank, image) VALUES (460, 94, 'Song 9c7sYPaz7S', 454, 'Rock', '2022-06-02', 54, 'https://picsum.photos/id/291/200/200');
INSERT INTO SONGS (song_id, album_id, title, duration, genre, release_date, popularity_rank, image) VALUES (461, 45, 'Song DoemkB82eF', 171, 'Jazz', '2015-07-28', 463, 'https://picsum.photos/id/223/200/200');
INSERT INTO SONGS (song_id, album_id, title, duration, genre, release_date, popularity_rank, image) VALUES (462, 91, 'Song WzEXe3YSrA', 350, 'Folk', '2023-05-28', 850, 'https://picsum.photos/id/267/200/200');
INSERT INTO SONGS (song_id, album_id, title, duration, genre, release_date, popularity_rank, image) VALUES (463, 165, 'Song GKKpFWB4Ci', 326, 'Jazz', '2014-07-25', 759, 'https://picsum.photos/id/237/200/200');
INSERT INTO SONGS (song_id, album_id, title, duration, genre, release_date, popularity_rank, image) VALUES (464, 55, 'Song UardfHVS33', 421, 'Electronic', '2020-05-05', 382, 'https://picsum.photos/id/254/200/200');
INSERT INTO SONGS (song_id, album_id, title, duration, genre, release_date, popularity_rank, image) VALUES (465, 63, 'Song y0C7Qb0AzK', 265, 'Indie', '2023-10-25', 49, 'https://picsum.photos/id/291/200/200');
INSERT INTO SONGS (song_id, album_id, title, duration, genre, release_date, popularity_rank, image) VALUES (466, 22, 'Song cVPNQDiwsk', 433, 'Metal', '2022-12-20', 625, 'https://picsum.photos/id/297/200/200');
INSERT INTO SONGS (song_id, album_id, title, duration, genre, release_date, popularity_rank, image) VALUES (467, 31, 'Song RkCKFPZdFC', 394, 'Country', '2010-10-30', 648, 'https://picsum.photos/id/212/200/200');
INSERT INTO SONGS (song_id, album_id, title, duration, genre, release_date, popularity_rank, image) VALUES (468, 199, 'Song Dna90INmSj', 402, 'Alternative', '2011-11-06', 233, 'https://picsum.photos/id/210/200/200');
INSERT INTO SONGS (song_id, album_id, title, duration, genre, release_date, popularity_rank, image) VALUES (469, 9, 'Song MKCm4AAsbm', 421, 'Indie', '2024-02-22', 744, 'https://picsum.photos/id/241/200/200');
INSERT INTO SONGS (song_id, album_id, title, duration, genre, release_date, popularity_rank, image) VALUES (470, 20, 'Song dsymGMgUUL', 256, 'Classical', '2009-09-03', 323, 'https://picsum.photos/id/296/200/200');
INSERT INTO SONGS (song_id, album_id, title, duration, genre, release_date, popularity_rank, image) VALUES (471, 124, 'Song NGsGkNMGUH', 464, 'Classical', '2010-03-26', 861, 'https://picsum.photos/id/255/200/200');
INSERT INTO SONGS (song_id, album_id, title, duration, genre, release_date, popularity_rank, image) VALUES (472, 169, 'Song PZPC7cFCT9', 168, 'Reggae', '2023-03-04', 563, 'https://picsum.photos/id/294/200/200');
INSERT INTO SONGS (song_id, album_id, title, duration, genre, release_date, popularity_rank, image) VALUES (473, 41, 'Song UTO2Z7g3X2', 202, 'Reggae', '2021-07-08', 1, 'https://picsum.photos/id/282/200/200');
INSERT INTO SONGS (song_id, album_id, title, duration, genre, release_date, popularity_rank, image) VALUES (474, 122, 'Song OPZN8zEih3', 160, 'Indie', '2014-05-27', 506, 'https://picsum.photos/id/273/200/200');
INSERT INTO SONGS (song_id, album_id, title, duration, genre, release_date, popularity_rank, image) VALUES (475, 121, 'Song 0wg7xMC900', 235, 'Jazz', '2017-04-18', 972, 'https://picsum.photos/id/223/200/200');
INSERT INTO SONGS (song_id, album_id, title, duration, genre, release_date, popularity_rank, image) VALUES (476, 155, 'Song MdL9lK9Q8s', 206, 'Reggae', '2012-11-26', 348, 'https://picsum.photos/id/279/200/200');
INSERT INTO SONGS (song_id, album_id, title, duration, genre, release_date, popularity_rank, image) VALUES (477, 91, 'Song cFFrzoSfyT', 392, 'Reggae', '2010-02-07', 38, 'https://picsum.photos/id/255/200/200');
INSERT INTO SONGS (song_id, album_id, title, duration, genre, release_date, popularity_rank, image) VALUES (478, 172, 'Song ENf3nGbaUg', 310, 'Blues', '2012-03-23', 520, 'https://picsum.photos/id/297/200/200');
INSERT INTO SONGS (song_id, album_id, title, duration, genre, release_date, popularity_rank, image) VALUES (479, 137, 'Song vbkEYvDr8m', 189, 'Folk', '2020-09-12', 917, 'https://picsum.photos/id/249/200/200');
INSERT INTO SONGS (song_id, album_id, title, duration, genre, release_date, popularity_rank, image) VALUES (480, 57, 'Song PsEdmjwfoR', 468, 'Metal', '2011-06-05', 979, 'https://picsum.photos/id/277/200/200');
INSERT INTO SONGS (song_id, album_id, title, duration, genre, release_date, popularity_rank, image) VALUES (481, 123, 'Song LpzsEMhTBz', 318, 'R&B', '2023-12-27', 109, 'https://picsum.photos/id/283/200/200');
INSERT INTO SONGS (song_id, album_id, title, duration, genre, release_date, popularity_rank, image) VALUES (482, 86, 'Song WJIAmsj4Us', 315, 'Hip Hop', '2020-01-15', 337, 'https://picsum.photos/id/295/200/200');
INSERT INTO SONGS (song_id, album_id, title, duration, genre, release_date, popularity_rank, image) VALUES (483, 168, 'Song bRaOboRvOF', 160, 'Folk', '2011-01-11', 781, 'https://picsum.photos/id/276/200/200');
INSERT INTO SONGS (song_id, album_id, title, duration, genre, release_date, popularity_rank, image) VALUES (484, 73, 'Song MXVh0KphDB', 302, 'Country', '2013-10-09', 893, 'https://picsum.photos/id/234/200/200');
INSERT INTO SONGS (song_id, album_id, title, duration, genre, release_date, popularity_rank, image) VALUES (485, 150, 'Song LI9nIJ7LSi', 271, 'Pop', '2017-10-01', 514, 'https://picsum.photos/id/299/200/200');
INSERT INTO SONGS (song_id, album_id, title, duration, genre, release_date, popularity_rank, image) VALUES (486, 22, 'Song kAhUpp9gZl', 253, 'Metal', '2021-01-13', 413, 'https://picsum.photos/id/253/200/200');
INSERT INTO SONGS (song_id, album_id, title, duration, genre, release_date, popularity_rank, image) VALUES (487, 56, 'Song 7HT6Y071DH', 222, 'Blues', '2014-02-26', 393, 'https://picsum.photos/id/291/200/200');
INSERT INTO SONGS (song_id, album_id, title, duration, genre, release_date, popularity_rank, image) VALUES (488, 79, 'Song r1OP0j4i6J', 317, 'Folk', '2017-07-04', 402, 'https://picsum.photos/id/210/200/200');
INSERT INTO SONGS (song_id, album_id, title, duration, genre, release_date, popularity_rank, image) VALUES (489, 63, 'Song RVYko0RhdC', 443, 'R&B', '2024-02-01', 73, 'https://picsum.photos/id/260/200/200');
INSERT INTO SONGS (song_id, album_id, title, duration, genre, release_date, popularity_rank, image) VALUES (490, 52, 'Song yWJOx9ZDfn', 405, 'Indie', '2024-03-27', 804, 'https://picsum.photos/id/240/200/200');
INSERT INTO SONGS (song_id, album_id, title, duration, genre, release_date, popularity_rank, image) VALUES (491, 89, 'Song JbGAtLnLDW', 269, 'Rock', '2009-07-31', 772, 'https://picsum.photos/id/206/200/200');
INSERT INTO SONGS (song_id, album_id, title, duration, genre, release_date, popularity_rank, image) VALUES (492, 124, 'Song qohcnwy5zS', 227, 'R&B', '2013-01-21', 473, 'https://picsum.photos/id/263/200/200');
INSERT INTO SONGS (song_id, album_id, title, duration, genre, release_date, popularity_rank, image) VALUES (493, 197, 'Song Ra9PHz194y', 308, 'Rock', '2019-10-01', 759, 'https://picsum.photos/id/240/200/200');
INSERT INTO SONGS (song_id, album_id, title, duration, genre, release_date, popularity_rank, image) VALUES (494, 85, 'Song Z4SkSQuhTk', 406, 'Pop', '2011-01-04', 994, 'https://picsum.photos/id/222/200/200');
INSERT INTO SONGS (song_id, album_id, title, duration, genre, release_date, popularity_rank, image) VALUES (495, 49, 'Song H4sdVxp3oX', 185, 'Hip Hop', '2020-09-27', 436, 'https://picsum.photos/id/298/200/200');
INSERT INTO SONGS (song_id, album_id, title, duration, genre, release_date, popularity_rank, image) VALUES (496, 101, 'Song 7kERTty2Jd', 172, 'Indie', '2009-12-05', 469, 'https://picsum.photos/id/289/200/200');
INSERT INTO SONGS (song_id, album_id, title, duration, genre, release_date, popularity_rank, image) VALUES (497, 36, 'Song YV3jaMrQRB', 454, 'Alternative', '2023-10-20', 828, 'https://picsum.photos/id/249/200/200');
INSERT INTO SONGS (song_id, album_id, title, duration, genre, release_date, popularity_rank, image) VALUES (498, 160, 'Song jVJWra0FQH', 453, 'R&B', '2015-10-17', 270, 'https://picsum.photos/id/209/200/200');
INSERT INTO SONGS (song_id, album_id, title, duration, genre, release_date, popularity_rank, image) VALUES (499, 41, 'Song T41UD2nxVg', 389, 'Metal', '2023-11-15', 341, 'https://picsum.photos/id/256/200/200');
INSERT INTO SONGS (song_id, album_id, title, duration, genre, release_date, popularity_rank, image) VALUES (500, 145, 'Song lpfvk1ti2I', 302, 'Reggae', '2022-08-04', 1000, 'https://picsum.photos/id/291/200/200');
INSERT INTO SONGS (song_id, album_id, title, duration, genre, release_date, popularity_rank, image) VALUES (501, 181, 'Song MQTNrSTEe5', 330, 'Indie', '2016-04-21', 681, 'https://picsum.photos/id/291/200/200');
INSERT INTO SONGS (song_id, album_id, title, duration, genre, release_date, popularity_rank, image) VALUES (502, 44, 'Song hjVvgSbQkU', 150, 'Classical', '2021-09-13', 458, 'https://picsum.photos/id/291/200/200');
INSERT INTO SONGS (song_id, album_id, title, duration, genre, release_date, popularity_rank, image) VALUES (503, 88, 'Song qFkRaHkw7K', 426, 'Classical', '2020-06-09', 101, 'https://picsum.photos/id/229/200/200');
INSERT INTO SONGS (song_id, album_id, title, duration, genre, release_date, popularity_rank, image) VALUES (504, 179, 'Song Swm0x6Q8QL', 198, 'Electronic', '2016-10-16', 91, 'https://picsum.photos/id/289/200/200');
INSERT INTO SONGS (song_id, album_id, title, duration, genre, release_date, popularity_rank, image) VALUES (505, 193, 'Song 9tJLpRZJ02', 215, 'Alternative', '2015-01-31', 182, 'https://picsum.photos/id/232/200/200');
INSERT INTO SONGS (song_id, album_id, title, duration, genre, release_date, popularity_rank, image) VALUES (506, 192, 'Song leYVD3952A', 463, 'Classical', '2014-07-29', 41, 'https://picsum.photos/id/267/200/200');
INSERT INTO SONGS (song_id, album_id, title, duration, genre, release_date, popularity_rank, image) VALUES (507, 134, 'Song Bu835W3l4Y', 239, 'Jazz', '2016-10-23', 5, 'https://picsum.photos/id/239/200/200');
INSERT INTO SONGS (song_id, album_id, title, duration, genre, release_date, popularity_rank, image) VALUES (508, 199, 'Song B64wNnUIIG', 341, 'Rock', '2024-04-19', 74, 'https://picsum.photos/id/277/200/200');
INSERT INTO SONGS (song_id, album_id, title, duration, genre, release_date, popularity_rank, image) VALUES (509, 193, 'Song UUGl8BcwFm', 350, 'R&B', '2014-10-17', 132, 'https://picsum.photos/id/225/200/200');
INSERT INTO SONGS (song_id, album_id, title, duration, genre, release_date, popularity_rank, image) VALUES (510, 82, 'Song EFez8iAOAV', 411, 'Country', '2012-06-11', 820, 'https://picsum.photos/id/239/200/200');
INSERT INTO SONGS (song_id, album_id, title, duration, genre, release_date, popularity_rank, image) VALUES (511, 76, 'Song jsYNZ6PtOY', 207, 'Metal', '2010-07-30', 486, 'https://picsum.photos/id/277/200/200');
INSERT INTO SONGS (song_id, album_id, title, duration, genre, release_date, popularity_rank, image) VALUES (512, 147, 'Song wbifv7d3wi', 394, 'Blues', '2023-10-22', 357, 'https://picsum.photos/id/267/200/200');
INSERT INTO SONGS (song_id, album_id, title, duration, genre, release_date, popularity_rank, image) VALUES (513, 51, 'Song vFH5FpXuUe', 453, 'Country', '2015-06-06', 521, 'https://picsum.photos/id/235/200/200');
INSERT INTO SONGS (song_id, album_id, title, duration, genre, release_date, popularity_rank, image) VALUES (514, 81, 'Song boHniJICju', 273, 'Rock', '2010-10-29', 124, 'https://picsum.photos/id/237/200/200');
INSERT INTO SONGS (song_id, album_id, title, duration, genre, release_date, popularity_rank, image) VALUES (515, 175, 'Song KiqMDMl5mD', 311, 'Rock', '2018-05-26', 467, 'https://picsum.photos/id/236/200/200');
INSERT INTO SONGS (song_id, album_id, title, duration, genre, release_date, popularity_rank, image) VALUES (516, 162, 'Song boiLfb3cbD', 298, 'Rock', '2023-02-23', 793, 'https://picsum.photos/id/299/200/200');
INSERT INTO SONGS (song_id, album_id, title, duration, genre, release_date, popularity_rank, image) VALUES (517, 116, 'Song pNoJoAXCsl', 141, 'Electronic', '2014-04-14', 940, 'https://picsum.photos/id/211/200/200');
INSERT INTO SONGS (song_id, album_id, title, duration, genre, release_date, popularity_rank, image) VALUES (518, 28, 'Song aZo1r8N5wJ', 281, 'R&B', '2013-08-29', 281, 'https://picsum.photos/id/261/200/200');
INSERT INTO SONGS (song_id, album_id, title, duration, genre, release_date, popularity_rank, image) VALUES (519, 28, 'Song T18dtpGKAh', 221, 'Dance', '2022-08-05', 858, 'https://picsum.photos/id/246/200/200');
INSERT INTO SONGS (song_id, album_id, title, duration, genre, release_date, popularity_rank, image) VALUES (520, 163, 'Song CHwRmYYVME', 266, 'Alternative', '2012-05-22', 391, 'https://picsum.photos/id/258/200/200');
INSERT INTO SONGS (song_id, album_id, title, duration, genre, release_date, popularity_rank, image) VALUES (521, 156, 'Song Fzkf7WU0fg', 279, 'Pop', '2015-08-17', 486, 'https://picsum.photos/id/212/200/200');
INSERT INTO SONGS (song_id, album_id, title, duration, genre, release_date, popularity_rank, image) VALUES (522, 157, 'Song K7IPqoa5wb', 214, 'Hip Hop', '2011-06-04', 226, 'https://picsum.photos/id/246/200/200');
INSERT INTO SONGS (song_id, album_id, title, duration, genre, release_date, popularity_rank, image) VALUES (523, 74, 'Song rAe309bOZv', 326, 'Alternative', '2019-08-23', 192, 'https://picsum.photos/id/253/200/200');
INSERT INTO SONGS (song_id, album_id, title, duration, genre, release_date, popularity_rank, image) VALUES (524, 25, 'Song 6SYL7fBHJD', 468, 'Country', '2009-03-15', 727, 'https://picsum.photos/id/219/200/200');
INSERT INTO SONGS (song_id, album_id, title, duration, genre, release_date, popularity_rank, image) VALUES (525, 153, 'Song FPL5CQwH0S', 292, 'Indie', '2012-12-07', 365, 'https://picsum.photos/id/252/200/200');
INSERT INTO SONGS (song_id, album_id, title, duration, genre, release_date, popularity_rank, image) VALUES (526, 145, 'Song wRoE7PhMOj', 412, 'Rock', '2008-07-12', 499, 'https://picsum.photos/id/250/200/200');
INSERT INTO SONGS (song_id, album_id, title, duration, genre, release_date, popularity_rank, image) VALUES (527, 196, 'Song rXyYFZsSMN', 472, 'Jazz', '2009-10-26', 339, 'https://picsum.photos/id/230/200/200');
INSERT INTO SONGS (song_id, album_id, title, duration, genre, release_date, popularity_rank, image) VALUES (528, 33, 'Song NMpTV3jO3F', 158, 'R&B', '2015-08-21', 175, 'https://picsum.photos/id/251/200/200');
INSERT INTO SONGS (song_id, album_id, title, duration, genre, release_date, popularity_rank, image) VALUES (529, 113, 'Song itWE3NHL07', 179, 'R&B', '2020-10-24', 794, 'https://picsum.photos/id/237/200/200');
INSERT INTO SONGS (song_id, album_id, title, duration, genre, release_date, popularity_rank, image) VALUES (530, 128, 'Song SK16LECWsA', 370, 'Alternative', '2013-03-09', 707, 'https://picsum.photos/id/299/200/200');
INSERT INTO SONGS (song_id, album_id, title, duration, genre, release_date, popularity_rank, image) VALUES (531, 103, 'Song puACAyk6QM', 460, 'Metal', '2010-12-15', 405, 'https://picsum.photos/id/229/200/200');
INSERT INTO SONGS (song_id, album_id, title, duration, genre, release_date, popularity_rank, image) VALUES (532, 179, 'Song Y38tSL2mf0', 337, 'Alternative', '2012-09-06', 470, 'https://picsum.photos/id/207/200/200');
INSERT INTO SONGS (song_id, album_id, title, duration, genre, release_date, popularity_rank, image) VALUES (533, 136, 'Song ZOLrPetZYF', 231, 'Folk', '2022-10-24', 581, 'https://picsum.photos/id/296/200/200');
INSERT INTO SONGS (song_id, album_id, title, duration, genre, release_date, popularity_rank, image) VALUES (534, 107, 'Song Qv4kg5zQgB', 304, 'Classical', '2017-10-31', 982, 'https://picsum.photos/id/290/200/200');
INSERT INTO SONGS (song_id, album_id, title, duration, genre, release_date, popularity_rank, image) VALUES (535, 124, 'Song ZeSGK3gPVK', 459, 'Electronic', '2009-07-29', 700, 'https://picsum.photos/id/233/200/200');
INSERT INTO SONGS (song_id, album_id, title, duration, genre, release_date, popularity_rank, image) VALUES (536, 50, 'Song jisbbVfhZY', 462, 'Electronic', '2015-02-16', 104, 'https://picsum.photos/id/283/200/200');
INSERT INTO SONGS (song_id, album_id, title, duration, genre, release_date, popularity_rank, image) VALUES (537, 141, 'Song NyHwzqo9p4', 210, 'Indie', '2022-07-14', 437, 'https://picsum.photos/id/278/200/200');
INSERT INTO SONGS (song_id, album_id, title, duration, genre, release_date, popularity_rank, image) VALUES (538, 172, 'Song cBgA6Jc2kn', 157, 'Rock', '2020-03-07', 10, 'https://picsum.photos/id/241/200/200');
INSERT INTO SONGS (song_id, album_id, title, duration, genre, release_date, popularity_rank, image) VALUES (539, 28, 'Song 1TfiTZUASb', 403, 'Alternative', '2013-06-06', 322, 'https://picsum.photos/id/298/200/200');
INSERT INTO SONGS (song_id, album_id, title, duration, genre, release_date, popularity_rank, image) VALUES (540, 63, 'Song Wcmz4PhsAn', 235, 'Electronic', '2021-05-14', 636, 'https://picsum.photos/id/215/200/200');
INSERT INTO SONGS (song_id, album_id, title, duration, genre, release_date, popularity_rank, image) VALUES (541, 39, 'Song 8kGe1dGkIu', 183, 'Rock', '2021-09-02', 617, 'https://picsum.photos/id/260/200/200');
INSERT INTO SONGS (song_id, album_id, title, duration, genre, release_date, popularity_rank, image) VALUES (542, 77, 'Song FVx1Y5ZQgS', 453, 'Hip Hop', '2018-04-12', 388, 'https://picsum.photos/id/221/200/200');
INSERT INTO SONGS (song_id, album_id, title, duration, genre, release_date, popularity_rank, image) VALUES (543, 56, 'Song ZB8yOquirr', 331, 'Indie', '2022-04-24', 746, 'https://picsum.photos/id/293/200/200');
INSERT INTO SONGS (song_id, album_id, title, duration, genre, release_date, popularity_rank, image) VALUES (544, 175, 'Song kmucvR5wm1', 443, 'Pop', '2016-02-03', 580, 'https://picsum.photos/id/220/200/200');
INSERT INTO SONGS (song_id, album_id, title, duration, genre, release_date, popularity_rank, image) VALUES (545, 166, 'Song oRXvmhTVNw', 442, 'Dance', '2023-06-25', 600, 'https://picsum.photos/id/262/200/200');
INSERT INTO SONGS (song_id, album_id, title, duration, genre, release_date, popularity_rank, image) VALUES (546, 51, 'Song wniJID5yWY', 299, 'R&B', '2014-06-28', 441, 'https://picsum.photos/id/210/200/200');
INSERT INTO SONGS (song_id, album_id, title, duration, genre, release_date, popularity_rank, image) VALUES (547, 175, 'Song yd92jKDXPW', 391, 'R&B', '2010-02-10', 210, 'https://picsum.photos/id/246/200/200');
INSERT INTO SONGS (song_id, album_id, title, duration, genre, release_date, popularity_rank, image) VALUES (548, 179, 'Song eWCsojyx3U', 347, 'Indie', '2017-11-29', 357, 'https://picsum.photos/id/245/200/200');
INSERT INTO SONGS (song_id, album_id, title, duration, genre, release_date, popularity_rank, image) VALUES (549, 170, 'Song 1BpmI35FJB', 146, 'R&B', '2015-12-27', 637, 'https://picsum.photos/id/240/200/200');
INSERT INTO SONGS (song_id, album_id, title, duration, genre, release_date, popularity_rank, image) VALUES (550, 198, 'Song JlYDXCk1p6', 198, 'Metal', '2022-09-19', 994, 'https://picsum.photos/id/294/200/200');
INSERT INTO SONGS (song_id, album_id, title, duration, genre, release_date, popularity_rank, image) VALUES (551, 67, 'Song PO4vHWrGZ2', 309, 'Rock', '2008-07-07', 814, 'https://picsum.photos/id/297/200/200');
INSERT INTO SONGS (song_id, album_id, title, duration, genre, release_date, popularity_rank, image) VALUES (552, 153, 'Song 0FVGeR6ruB', 129, 'Blues', '2008-05-16', 430, 'https://picsum.photos/id/202/200/200');
INSERT INTO SONGS (song_id, album_id, title, duration, genre, release_date, popularity_rank, image) VALUES (553, 199, 'Song B3rWX16oMu', 456, 'Metal', '2013-02-13', 151, 'https://picsum.photos/id/210/200/200');
INSERT INTO SONGS (song_id, album_id, title, duration, genre, release_date, popularity_rank, image) VALUES (554, 176, 'Song oETnpA0D0r', 199, 'Alternative', '2015-06-02', 235, 'https://picsum.photos/id/215/200/200');
INSERT INTO SONGS (song_id, album_id, title, duration, genre, release_date, popularity_rank, image) VALUES (555, 171, 'Song 9dhIGxvC3G', 122, 'Indie', '2011-08-24', 108, 'https://picsum.photos/id/248/200/200');
INSERT INTO SONGS (song_id, album_id, title, duration, genre, release_date, popularity_rank, image) VALUES (556, 84, 'Song 5yCQ066AOR', 465, 'Jazz', '2022-06-24', 95, 'https://picsum.photos/id/229/200/200');
INSERT INTO SONGS (song_id, album_id, title, duration, genre, release_date, popularity_rank, image) VALUES (557, 48, 'Song eq1AWcd0lY', 252, 'Jazz', '2019-09-19', 144, 'https://picsum.photos/id/295/200/200');
INSERT INTO SONGS (song_id, album_id, title, duration, genre, release_date, popularity_rank, image) VALUES (558, 159, 'Song vVMgd8kbaN', 286, 'Hip Hop', '2019-11-15', 979, 'https://picsum.photos/id/295/200/200');
INSERT INTO SONGS (song_id, album_id, title, duration, genre, release_date, popularity_rank, image) VALUES (559, 161, 'Song RXXPirKSUx', 256, 'Hip Hop', '2023-05-27', 420, 'https://picsum.photos/id/260/200/200');
INSERT INTO SONGS (song_id, album_id, title, duration, genre, release_date, popularity_rank, image) VALUES (560, 99, 'Song DjnjJf8CxW', 432, 'Hip Hop', '2014-05-28', 561, 'https://picsum.photos/id/217/200/200');
INSERT INTO SONGS (song_id, album_id, title, duration, genre, release_date, popularity_rank, image) VALUES (561, 93, 'Song FLfhVcApAg', 478, 'R&B', '2016-12-09', 714, 'https://picsum.photos/id/287/200/200');
INSERT INTO SONGS (song_id, album_id, title, duration, genre, release_date, popularity_rank, image) VALUES (562, 22, 'Song ORVXxnKu1k', 332, 'Reggae', '2021-10-04', 931, 'https://picsum.photos/id/225/200/200');
INSERT INTO SONGS (song_id, album_id, title, duration, genre, release_date, popularity_rank, image) VALUES (563, 3, 'Song jP4bBlk7v8', 143, 'Indie', '2013-08-04', 189, 'https://picsum.photos/id/276/200/200');
INSERT INTO SONGS (song_id, album_id, title, duration, genre, release_date, popularity_rank, image) VALUES (564, 178, 'Song 7q2HNSQWsE', 181, 'Pop', '2012-01-27', 149, 'https://picsum.photos/id/238/200/200');
INSERT INTO SONGS (song_id, album_id, title, duration, genre, release_date, popularity_rank, image) VALUES (565, 19, 'Song C32neoyoJM', 472, 'Blues', '2020-02-05', 85, 'https://picsum.photos/id/273/200/200');
INSERT INTO SONGS (song_id, album_id, title, duration, genre, release_date, popularity_rank, image) VALUES (566, 43, 'Song Zf9a10PD8I', 209, 'Dance', '2022-09-23', 633, 'https://picsum.photos/id/291/200/200');
INSERT INTO SONGS (song_id, album_id, title, duration, genre, release_date, popularity_rank, image) VALUES (567, 34, 'Song FtEX5G5SIq', 224, 'Blues', '2009-06-16', 894, 'https://picsum.photos/id/250/200/200');
INSERT INTO SONGS (song_id, album_id, title, duration, genre, release_date, popularity_rank, image) VALUES (568, 166, 'Song 3dXbjDlUsB', 194, 'Dance', '2010-06-23', 520, 'https://picsum.photos/id/213/200/200');
INSERT INTO SONGS (song_id, album_id, title, duration, genre, release_date, popularity_rank, image) VALUES (569, 63, 'Song CKYRqog1Oh', 126, 'Metal', '2016-07-01', 669, 'https://picsum.photos/id/220/200/200');
INSERT INTO SONGS (song_id, album_id, title, duration, genre, release_date, popularity_rank, image) VALUES (570, 21, 'Song KYec2WcvKk', 243, 'Reggae', '2011-01-18', 265, 'https://picsum.photos/id/274/200/200');
INSERT INTO SONGS (song_id, album_id, title, duration, genre, release_date, popularity_rank, image) VALUES (571, 6, 'Song 30XWnQVAHB', 430, 'Metal', '2021-11-01', 967, 'https://picsum.photos/id/208/200/200');
INSERT INTO SONGS (song_id, album_id, title, duration, genre, release_date, popularity_rank, image) VALUES (572, 80, 'Song 1sO21tDc9s', 432, 'Hip Hop', '2009-08-24', 62, 'https://picsum.photos/id/279/200/200');
INSERT INTO SONGS (song_id, album_id, title, duration, genre, release_date, popularity_rank, image) VALUES (573, 159, 'Song Fu1vxFEbSk', 273, 'Metal', '2019-04-04', 680, 'https://picsum.photos/id/246/200/200');
INSERT INTO SONGS (song_id, album_id, title, duration, genre, release_date, popularity_rank, image) VALUES (574, 36, 'Song xoSE5EyrIQ', 394, 'Indie', '2016-11-08', 11, 'https://picsum.photos/id/241/200/200');
INSERT INTO SONGS (song_id, album_id, title, duration, genre, release_date, popularity_rank, image) VALUES (575, 13, 'Song qlvjSz4nra', 225, 'Country', '2020-06-02', 164, 'https://picsum.photos/id/229/200/200');
INSERT INTO SONGS (song_id, album_id, title, duration, genre, release_date, popularity_rank, image) VALUES (576, 97, 'Song 65hU4LVkWh', 361, 'Reggae', '2013-12-13', 917, 'https://picsum.photos/id/205/200/200');
INSERT INTO SONGS (song_id, album_id, title, duration, genre, release_date, popularity_rank, image) VALUES (577, 72, 'Song KSOKDOucZ5', 370, 'Folk', '2021-08-24', 354, 'https://picsum.photos/id/252/200/200');
INSERT INTO SONGS (song_id, album_id, title, duration, genre, release_date, popularity_rank, image) VALUES (578, 17, 'Song pgTb50rfk7', 142, 'Folk', '2023-07-12', 442, 'https://picsum.photos/id/268/200/200');
INSERT INTO SONGS (song_id, album_id, title, duration, genre, release_date, popularity_rank, image) VALUES (579, 14, 'Song qJQkeJk3Fo', 135, 'Jazz', '2021-11-15', 665, 'https://picsum.photos/id/248/200/200');
INSERT INTO SONGS (song_id, album_id, title, duration, genre, release_date, popularity_rank, image) VALUES (580, 52, 'Song UqnJn9s57P', 294, 'Blues', '2020-05-24', 534, 'https://picsum.photos/id/228/200/200');
INSERT INTO SONGS (song_id, album_id, title, duration, genre, release_date, popularity_rank, image) VALUES (581, 23, 'Song qcB9W7fnUn', 399, 'Classical', '2011-01-20', 874, 'https://picsum.photos/id/241/200/200');
INSERT INTO SONGS (song_id, album_id, title, duration, genre, release_date, popularity_rank, image) VALUES (582, 89, 'Song H5B7zOviwD', 237, 'Dance', '2021-11-03', 677, 'https://picsum.photos/id/237/200/200');
INSERT INTO SONGS (song_id, album_id, title, duration, genre, release_date, popularity_rank, image) VALUES (583, 58, 'Song oPwCotPwNV', 312, 'Dance', '2008-09-03', 363, 'https://picsum.photos/id/233/200/200');
INSERT INTO SONGS (song_id, album_id, title, duration, genre, release_date, popularity_rank, image) VALUES (584, 192, 'Song rWayWBkaeK', 464, 'Country', '2009-09-22', 821, 'https://picsum.photos/id/256/200/200');
INSERT INTO SONGS (song_id, album_id, title, duration, genre, release_date, popularity_rank, image) VALUES (585, 145, 'Song itFkHcO53G', 167, 'Reggae', '2023-09-01', 251, 'https://picsum.photos/id/286/200/200');
INSERT INTO SONGS (song_id, album_id, title, duration, genre, release_date, popularity_rank, image) VALUES (586, 190, 'Song 4TYjvShCU5', 188, 'Indie', '2017-06-11', 783, 'https://picsum.photos/id/277/200/200');
INSERT INTO SONGS (song_id, album_id, title, duration, genre, release_date, popularity_rank, image) VALUES (587, 112, 'Song Qnnk0ot5zC', 400, 'R&B', '2021-02-14', 112, 'https://picsum.photos/id/264/200/200');
INSERT INTO SONGS (song_id, album_id, title, duration, genre, release_date, popularity_rank, image) VALUES (588, 7, 'Song vqOb2IjuyY', 390, 'Pop', '2011-05-16', 186, 'https://picsum.photos/id/211/200/200');
INSERT INTO SONGS (song_id, album_id, title, duration, genre, release_date, popularity_rank, image) VALUES (589, 61, 'Song 4IMrguWfhh', 343, 'Blues', '2010-04-06', 843, 'https://picsum.photos/id/235/200/200');
INSERT INTO SONGS (song_id, album_id, title, duration, genre, release_date, popularity_rank, image) VALUES (590, 116, 'Song AzIF0CXzIQ', 249, 'Classical', '2023-08-21', 909, 'https://picsum.photos/id/255/200/200');
INSERT INTO SONGS (song_id, album_id, title, duration, genre, release_date, popularity_rank, image) VALUES (591, 136, 'Song 4q0LbgO9hx', 128, 'Blues', '2010-08-31', 801, 'https://picsum.photos/id/294/200/200');
INSERT INTO SONGS (song_id, album_id, title, duration, genre, release_date, popularity_rank, image) VALUES (592, 164, 'Song PzaRHjceR8', 456, 'Folk', '2024-04-02', 710, 'https://picsum.photos/id/253/200/200');
INSERT INTO SONGS (song_id, album_id, title, duration, genre, release_date, popularity_rank, image) VALUES (593, 105, 'Song M37hH9SzXF', 424, 'Pop', '2020-07-29', 439, 'https://picsum.photos/id/255/200/200');
INSERT INTO SONGS (song_id, album_id, title, duration, genre, release_date, popularity_rank, image) VALUES (594, 77, 'Song bXvvm0hK3M', 316, 'Metal', '2010-12-02', 9, 'https://picsum.photos/id/258/200/200');
INSERT INTO SONGS (song_id, album_id, title, duration, genre, release_date, popularity_rank, image) VALUES (595, 97, 'Song eYuukKMPmY', 445, 'R&B', '2010-04-07', 265, 'https://picsum.photos/id/232/200/200');
INSERT INTO SONGS (song_id, album_id, title, duration, genre, release_date, popularity_rank, image) VALUES (596, 140, 'Song maaDjeHi0X', 352, 'Folk', '2016-02-10', 734, 'https://picsum.photos/id/254/200/200');
INSERT INTO SONGS (song_id, album_id, title, duration, genre, release_date, popularity_rank, image) VALUES (597, 53, 'Song 0P4BY3JAIE', 347, 'Rock', '2008-12-22', 408, 'https://picsum.photos/id/252/200/200');
INSERT INTO SONGS (song_id, album_id, title, duration, genre, release_date, popularity_rank, image) VALUES (598, 83, 'Song eBdUELaDgy', 288, 'R&B', '2021-03-13', 341, 'https://picsum.photos/id/276/200/200');
INSERT INTO SONGS (song_id, album_id, title, duration, genre, release_date, popularity_rank, image) VALUES (599, 100, 'Song HUB7ZX8uGn', 130, 'Metal', '2012-09-25', 247, 'https://picsum.photos/id/277/200/200');
INSERT INTO SONGS (song_id, album_id, title, duration, genre, release_date, popularity_rank, image) VALUES (600, 191, 'Song EpQdxbqaYK', 373, 'Hip Hop', '2021-12-25', 780, 'https://picsum.photos/id/267/200/200');
INSERT INTO SONGS (song_id, album_id, title, duration, genre, release_date, popularity_rank, image) VALUES (601, 6, 'Song 0FL5cc0G7e', 303, 'Pop', '2011-06-27', 987, 'https://picsum.photos/id/240/200/200');
INSERT INTO SONGS (song_id, album_id, title, duration, genre, release_date, popularity_rank, image) VALUES (602, 32, 'Song EN768gPqfH', 408, 'Folk', '2013-04-07', 790, 'https://picsum.photos/id/239/200/200');
INSERT INTO SONGS (song_id, album_id, title, duration, genre, release_date, popularity_rank, image) VALUES (603, 29, 'Song fulc9iKmBr', 473, 'Electronic', '2012-05-09', 559, 'https://picsum.photos/id/243/200/200');
INSERT INTO SONGS (song_id, album_id, title, duration, genre, release_date, popularity_rank, image) VALUES (604, 56, 'Song CyP2CkwgRA', 457, 'Blues', '2008-12-22', 258, 'https://picsum.photos/id/268/200/200');
INSERT INTO SONGS (song_id, album_id, title, duration, genre, release_date, popularity_rank, image) VALUES (605, 88, 'Song C3WfDpbWUP', 251, 'Jazz', '2010-04-13', 242, 'https://picsum.photos/id/296/200/200');
INSERT INTO SONGS (song_id, album_id, title, duration, genre, release_date, popularity_rank, image) VALUES (606, 56, 'Song Xk6mQ7AfjR', 157, 'Indie', '2016-11-22', 930, 'https://picsum.photos/id/273/200/200');
INSERT INTO SONGS (song_id, album_id, title, duration, genre, release_date, popularity_rank, image) VALUES (607, 158, 'Song S72jvr9TFY', 168, 'Classical', '2023-04-03', 143, 'https://picsum.photos/id/288/200/200');
INSERT INTO SONGS (song_id, album_id, title, duration, genre, release_date, popularity_rank, image) VALUES (608, 195, 'Song q1SkHjLsdf', 136, 'Indie', '2021-11-01', 872, 'https://picsum.photos/id/242/200/200');
INSERT INTO SONGS (song_id, album_id, title, duration, genre, release_date, popularity_rank, image) VALUES (609, 64, 'Song nIxGQdpGGA', 141, 'Dance', '2011-02-08', 450, 'https://picsum.photos/id/265/200/200');
INSERT INTO SONGS (song_id, album_id, title, duration, genre, release_date, popularity_rank, image) VALUES (610, 138, 'Song c9YnPk202B', 414, 'Dance', '2011-01-30', 958, 'https://picsum.photos/id/299/200/200');
INSERT INTO SONGS (song_id, album_id, title, duration, genre, release_date, popularity_rank, image) VALUES (611, 179, 'Song VHjP7zFGDz', 335, 'Classical', '2013-05-12', 111, 'https://picsum.photos/id/255/200/200');
INSERT INTO SONGS (song_id, album_id, title, duration, genre, release_date, popularity_rank, image) VALUES (612, 158, 'Song M3yRdgqR4R', 348, 'Rock', '2018-06-12', 365, 'https://picsum.photos/id/204/200/200');
INSERT INTO SONGS (song_id, album_id, title, duration, genre, release_date, popularity_rank, image) VALUES (613, 100, 'Song ityDDzCPFp', 123, 'Alternative', '2022-10-18', 143, 'https://picsum.photos/id/245/200/200');
INSERT INTO SONGS (song_id, album_id, title, duration, genre, release_date, popularity_rank, image) VALUES (614, 120, 'Song K6IygQb6tv', 203, 'Classical', '2022-01-09', 567, 'https://picsum.photos/id/267/200/200');
INSERT INTO SONGS (song_id, album_id, title, duration, genre, release_date, popularity_rank, image) VALUES (615, 24, 'Song o4mttuK7f7', 439, 'Pop', '2012-04-04', 134, 'https://picsum.photos/id/249/200/200');
INSERT INTO SONGS (song_id, album_id, title, duration, genre, release_date, popularity_rank, image) VALUES (616, 79, 'Song fjek4O38MJ', 167, 'Alternative', '2013-01-31', 718, 'https://picsum.photos/id/234/200/200');
INSERT INTO SONGS (song_id, album_id, title, duration, genre, release_date, popularity_rank, image) VALUES (617, 110, 'Song 41iURDOVnK', 274, 'Electronic', '2019-11-21', 261, 'https://picsum.photos/id/221/200/200');
INSERT INTO SONGS (song_id, album_id, title, duration, genre, release_date, popularity_rank, image) VALUES (618, 67, 'Song kZqZGuT2GM', 473, 'Jazz', '2008-01-08', 988, 'https://picsum.photos/id/232/200/200');
INSERT INTO SONGS (song_id, album_id, title, duration, genre, release_date, popularity_rank, image) VALUES (619, 114, 'Song 7ZSYjoVbw4', 191, 'R&B', '2008-08-04', 957, 'https://picsum.photos/id/213/200/200');
INSERT INTO SONGS (song_id, album_id, title, duration, genre, release_date, popularity_rank, image) VALUES (620, 34, 'Song D8kUpu1jwq', 305, 'Rock', '2019-04-19', 369, 'https://picsum.photos/id/257/200/200');
INSERT INTO SONGS (song_id, album_id, title, duration, genre, release_date, popularity_rank, image) VALUES (621, 179, 'Song CVVPcWKaVI', 154, 'Pop', '2009-03-09', 417, 'https://picsum.photos/id/226/200/200');
INSERT INTO SONGS (song_id, album_id, title, duration, genre, release_date, popularity_rank, image) VALUES (622, 114, 'Song qDMNLRQ1At', 180, 'Pop', '2010-02-20', 742, 'https://picsum.photos/id/284/200/200');
INSERT INTO SONGS (song_id, album_id, title, duration, genre, release_date, popularity_rank, image) VALUES (623, 180, 'Song 7YRrFg8oxH', 159, 'Classical', '2013-09-08', 802, 'https://picsum.photos/id/216/200/200');
INSERT INTO SONGS (song_id, album_id, title, duration, genre, release_date, popularity_rank, image) VALUES (624, 115, 'Song EGJj8Yo7CW', 369, 'Hip Hop', '2013-04-27', 23, 'https://picsum.photos/id/285/200/200');
INSERT INTO SONGS (song_id, album_id, title, duration, genre, release_date, popularity_rank, image) VALUES (625, 50, 'Song U26qDxx50n', 458, 'Jazz', '2009-02-16', 546, 'https://picsum.photos/id/264/200/200');
INSERT INTO SONGS (song_id, album_id, title, duration, genre, release_date, popularity_rank, image) VALUES (626, 15, 'Song 9qccNv6u5p', 144, 'Folk', '2020-05-14', 217, 'https://picsum.photos/id/298/200/200');
INSERT INTO SONGS (song_id, album_id, title, duration, genre, release_date, popularity_rank, image) VALUES (627, 88, 'Song 2EOAvtF4la', 362, 'Metal', '2022-03-10', 337, 'https://picsum.photos/id/254/200/200');
INSERT INTO SONGS (song_id, album_id, title, duration, genre, release_date, popularity_rank, image) VALUES (628, 118, 'Song zOGfEbFC2F', 445, 'Blues', '2017-11-26', 482, 'https://picsum.photos/id/251/200/200');
INSERT INTO SONGS (song_id, album_id, title, duration, genre, release_date, popularity_rank, image) VALUES (629, 86, 'Song 6zuKx1DAMi', 353, 'Classical', '2017-09-24', 222, 'https://picsum.photos/id/235/200/200');
INSERT INTO SONGS (song_id, album_id, title, duration, genre, release_date, popularity_rank, image) VALUES (630, 38, 'Song tIX3GZiIXY', 161, 'R&B', '2015-05-24', 456, 'https://picsum.photos/id/219/200/200');
INSERT INTO SONGS (song_id, album_id, title, duration, genre, release_date, popularity_rank, image) VALUES (631, 191, 'Song GeXbTqJS5v', 347, 'R&B', '2021-09-07', 557, 'https://picsum.photos/id/295/200/200');
INSERT INTO SONGS (song_id, album_id, title, duration, genre, release_date, popularity_rank, image) VALUES (632, 62, 'Song mkaMJv2lEr', 347, 'Blues', '2022-11-14', 560, 'https://picsum.photos/id/266/200/200');
INSERT INTO SONGS (song_id, album_id, title, duration, genre, release_date, popularity_rank, image) VALUES (633, 34, 'Song KCDnGV2gnk', 336, 'Metal', '2024-03-10', 860, 'https://picsum.photos/id/285/200/200');
INSERT INTO SONGS (song_id, album_id, title, duration, genre, release_date, popularity_rank, image) VALUES (634, 104, 'Song 1qhmRZ5lsy', 243, 'Blues', '2018-04-09', 740, 'https://picsum.photos/id/268/200/200');
INSERT INTO SONGS (song_id, album_id, title, duration, genre, release_date, popularity_rank, image) VALUES (635, 156, 'Song Y9OphCgtgR', 443, 'Metal', '2010-07-23', 871, 'https://picsum.photos/id/283/200/200');
INSERT INTO SONGS (song_id, album_id, title, duration, genre, release_date, popularity_rank, image) VALUES (636, 16, 'Song vHrhxhRZte', 331, 'Hip Hop', '2016-03-02', 785, 'https://picsum.photos/id/221/200/200');
INSERT INTO SONGS (song_id, album_id, title, duration, genre, release_date, popularity_rank, image) VALUES (637, 189, 'Song sIv6lkJNlz', 407, 'Jazz', '2020-09-07', 133, 'https://picsum.photos/id/251/200/200');
INSERT INTO SONGS (song_id, album_id, title, duration, genre, release_date, popularity_rank, image) VALUES (638, 108, 'Song r9eQlC7ZWr', 340, 'Metal', '2023-11-17', 353, 'https://picsum.photos/id/273/200/200');
INSERT INTO SONGS (song_id, album_id, title, duration, genre, release_date, popularity_rank, image) VALUES (639, 147, 'Song Sq6WzcLCeM', 336, 'Electronic', '2015-03-04', 283, 'https://picsum.photos/id/278/200/200');
INSERT INTO SONGS (song_id, album_id, title, duration, genre, release_date, popularity_rank, image) VALUES (640, 199, 'Song BpwbeFzzNi', 122, 'Hip Hop', '2019-01-14', 644, 'https://picsum.photos/id/222/200/200');
INSERT INTO SONGS (song_id, album_id, title, duration, genre, release_date, popularity_rank, image) VALUES (641, 130, 'Song 30MSQz1OBt', 274, 'Country', '2020-10-07', 545, 'https://picsum.photos/id/234/200/200');
INSERT INTO SONGS (song_id, album_id, title, duration, genre, release_date, popularity_rank, image) VALUES (642, 30, 'Song uiEWoEsIZM', 317, 'Rock', '2021-10-16', 280, 'https://picsum.photos/id/223/200/200');
INSERT INTO SONGS (song_id, album_id, title, duration, genre, release_date, popularity_rank, image) VALUES (643, 107, 'Song Dwd979PEzb', 219, 'Dance', '2017-02-11', 374, 'https://picsum.photos/id/242/200/200');
INSERT INTO SONGS (song_id, album_id, title, duration, genre, release_date, popularity_rank, image) VALUES (644, 7, 'Song 4sQ7pXFtpT', 357, 'R&B', '2014-07-07', 925, 'https://picsum.photos/id/216/200/200');
INSERT INTO SONGS (song_id, album_id, title, duration, genre, release_date, popularity_rank, image) VALUES (645, 66, 'Song 1KYyPTRxie', 181, 'Rock', '2011-02-18', 29, 'https://picsum.photos/id/291/200/200');
INSERT INTO SONGS (song_id, album_id, title, duration, genre, release_date, popularity_rank, image) VALUES (646, 134, 'Song 3BLidiB3dr', 382, 'Alternative', '2017-02-24', 360, 'https://picsum.photos/id/239/200/200');
INSERT INTO SONGS (song_id, album_id, title, duration, genre, release_date, popularity_rank, image) VALUES (647, 33, 'Song u5aPa8hx6P', 221, 'Alternative', '2017-08-03', 805, 'https://picsum.photos/id/213/200/200');
INSERT INTO SONGS (song_id, album_id, title, duration, genre, release_date, popularity_rank, image) VALUES (648, 179, 'Song CwuCBLHm3g', 216, 'Alternative', '2022-04-17', 186, 'https://picsum.photos/id/267/200/200');
INSERT INTO SONGS (song_id, album_id, title, duration, genre, release_date, popularity_rank, image) VALUES (649, 139, 'Song w4INveLo6n', 231, 'Classical', '2009-07-29', 558, 'https://picsum.photos/id/227/200/200');
INSERT INTO SONGS (song_id, album_id, title, duration, genre, release_date, popularity_rank, image) VALUES (650, 172, 'Song 8HsOoGZc2X', 446, 'Metal', '2010-12-24', 706, 'https://picsum.photos/id/276/200/200');
INSERT INTO SONGS (song_id, album_id, title, duration, genre, release_date, popularity_rank, image) VALUES (651, 55, 'Song HDCjm4YhQF', 155, 'Folk', '2012-11-13', 730, 'https://picsum.photos/id/237/200/200');
INSERT INTO SONGS (song_id, album_id, title, duration, genre, release_date, popularity_rank, image) VALUES (652, 93, 'Song nzZMHSsXml', 397, 'Blues', '2014-10-25', 252, 'https://picsum.photos/id/202/200/200');
INSERT INTO SONGS (song_id, album_id, title, duration, genre, release_date, popularity_rank, image) VALUES (653, 35, 'Song ryDPoiShwH', 406, 'Alternative', '2021-12-08', 214, 'https://picsum.photos/id/275/200/200');
INSERT INTO SONGS (song_id, album_id, title, duration, genre, release_date, popularity_rank, image) VALUES (654, 57, 'Song nW0JMPh7td', 475, 'Folk', '2019-06-27', 888, 'https://picsum.photos/id/261/200/200');
INSERT INTO SONGS (song_id, album_id, title, duration, genre, release_date, popularity_rank, image) VALUES (655, 98, 'Song fYpZ2zDgH4', 202, 'Dance', '2010-09-27', 462, 'https://picsum.photos/id/225/200/200');
INSERT INTO SONGS (song_id, album_id, title, duration, genre, release_date, popularity_rank, image) VALUES (656, 103, 'Song 6e9xwIRHNN', 238, 'Rock', '2012-10-18', 454, 'https://picsum.photos/id/276/200/200');
INSERT INTO SONGS (song_id, album_id, title, duration, genre, release_date, popularity_rank, image) VALUES (657, 91, 'Song HIEi77UoGZ', 220, 'Electronic', '2016-01-28', 321, 'https://picsum.photos/id/255/200/200');
INSERT INTO SONGS (song_id, album_id, title, duration, genre, release_date, popularity_rank, image) VALUES (658, 87, 'Song 2WQHmUiX0M', 308, 'Reggae', '2013-09-17', 575, 'https://picsum.photos/id/243/200/200');
INSERT INTO SONGS (song_id, album_id, title, duration, genre, release_date, popularity_rank, image) VALUES (659, 146, 'Song Mm0ceQV2NY', 465, 'Pop', '2009-01-16', 587, 'https://picsum.photos/id/234/200/200');
INSERT INTO SONGS (song_id, album_id, title, duration, genre, release_date, popularity_rank, image) VALUES (660, 127, 'Song E7UzAYwTeK', 153, 'Electronic', '2009-11-25', 173, 'https://picsum.photos/id/289/200/200');
INSERT INTO SONGS (song_id, album_id, title, duration, genre, release_date, popularity_rank, image) VALUES (661, 87, 'Song WtDackIpNw', 391, 'Pop', '2018-11-04', 295, 'https://picsum.photos/id/292/200/200');
INSERT INTO SONGS (song_id, album_id, title, duration, genre, release_date, popularity_rank, image) VALUES (662, 38, 'Song uyQOcnXy3h', 249, 'Electronic', '2017-11-06', 423, 'https://picsum.photos/id/226/200/200');
INSERT INTO SONGS (song_id, album_id, title, duration, genre, release_date, popularity_rank, image) VALUES (663, 61, 'Song SpCkliKfof', 325, 'Blues', '2022-10-13', 323, 'https://picsum.photos/id/242/200/200');
INSERT INTO SONGS (song_id, album_id, title, duration, genre, release_date, popularity_rank, image) VALUES (664, 189, 'Song cOlhopMRpy', 212, 'Pop', '2016-10-01', 218, 'https://picsum.photos/id/223/200/200');
INSERT INTO SONGS (song_id, album_id, title, duration, genre, release_date, popularity_rank, image) VALUES (665, 120, 'Song Lp03jEzGKr', 422, 'Reggae', '2008-08-10', 937, 'https://picsum.photos/id/284/200/200');
INSERT INTO SONGS (song_id, album_id, title, duration, genre, release_date, popularity_rank, image) VALUES (666, 184, 'Song 4YXFXODzrV', 337, 'Hip Hop', '2008-01-07', 107, 'https://picsum.photos/id/297/200/200');
INSERT INTO SONGS (song_id, album_id, title, duration, genre, release_date, popularity_rank, image) VALUES (667, 140, 'Song Gkhkvbe5BB', 265, 'Alternative', '2020-09-17', 599, 'https://picsum.photos/id/225/200/200');
INSERT INTO SONGS (song_id, album_id, title, duration, genre, release_date, popularity_rank, image) VALUES (668, 191, 'Song QXQquj0i2O', 199, 'Country', '2009-03-25', 124, 'https://picsum.photos/id/236/200/200');
INSERT INTO SONGS (song_id, album_id, title, duration, genre, release_date, popularity_rank, image) VALUES (669, 28, 'Song pkNmsv2LOp', 384, 'Alternative', '2012-02-09', 960, 'https://picsum.photos/id/287/200/200');
INSERT INTO SONGS (song_id, album_id, title, duration, genre, release_date, popularity_rank, image) VALUES (670, 127, 'Song a8FCcCETqq', 191, 'Reggae', '2015-03-14', 196, 'https://picsum.photos/id/219/200/200');
INSERT INTO SONGS (song_id, album_id, title, duration, genre, release_date, popularity_rank, image) VALUES (671, 91, 'Song JTdsZfWyhd', 382, 'Folk', '2023-11-25', 843, 'https://picsum.photos/id/215/200/200');
INSERT INTO SONGS (song_id, album_id, title, duration, genre, release_date, popularity_rank, image) VALUES (672, 115, 'Song nFPuh71d4O', 430, 'Country', '2011-10-06', 781, 'https://picsum.photos/id/291/200/200');
INSERT INTO SONGS (song_id, album_id, title, duration, genre, release_date, popularity_rank, image) VALUES (673, 75, 'Song UB1IuuxzwN', 232, 'Metal', '2010-09-06', 250, 'https://picsum.photos/id/300/200/200');
INSERT INTO SONGS (song_id, album_id, title, duration, genre, release_date, popularity_rank, image) VALUES (674, 64, 'Song CRau08d5g5', 424, 'R&B', '2013-08-30', 628, 'https://picsum.photos/id/237/200/200');
INSERT INTO SONGS (song_id, album_id, title, duration, genre, release_date, popularity_rank, image) VALUES (675, 160, 'Song AcHZTjcpyJ', 406, 'Electronic', '2010-08-28', 535, 'https://picsum.photos/id/242/200/200');
INSERT INTO SONGS (song_id, album_id, title, duration, genre, release_date, popularity_rank, image) VALUES (676, 195, 'Song 1Or5Dy3YgP', 330, 'Blues', '2022-08-04', 795, 'https://picsum.photos/id/273/200/200');
INSERT INTO SONGS (song_id, album_id, title, duration, genre, release_date, popularity_rank, image) VALUES (677, 167, 'Song 77kM2zf9cO', 428, 'Indie', '2013-12-05', 33, 'https://picsum.photos/id/276/200/200');
INSERT INTO SONGS (song_id, album_id, title, duration, genre, release_date, popularity_rank, image) VALUES (678, 178, 'Song OKel5LczCl', 225, 'Rock', '2018-09-09', 396, 'https://picsum.photos/id/266/200/200');
INSERT INTO SONGS (song_id, album_id, title, duration, genre, release_date, popularity_rank, image) VALUES (679, 56, 'Song AbkSAo6KDa', 352, 'R&B', '2020-06-12', 432, 'https://picsum.photos/id/239/200/200');
INSERT INTO SONGS (song_id, album_id, title, duration, genre, release_date, popularity_rank, image) VALUES (680, 200, 'Song HUAChXXax4', 340, 'Jazz', '2021-07-12', 494, 'https://picsum.photos/id/280/200/200');
INSERT INTO SONGS (song_id, album_id, title, duration, genre, release_date, popularity_rank, image) VALUES (681, 23, 'Song MNI9r6Qh4x', 355, 'Rock', '2018-12-18', 779, 'https://picsum.photos/id/269/200/200');
INSERT INTO SONGS (song_id, album_id, title, duration, genre, release_date, popularity_rank, image) VALUES (682, 149, 'Song MzWGce0ba8', 391, 'Hip Hop', '2022-06-13', 787, 'https://picsum.photos/id/298/200/200');
INSERT INTO SONGS (song_id, album_id, title, duration, genre, release_date, popularity_rank, image) VALUES (683, 184, 'Song lEvTQ9SCGB', 181, 'Classical', '2016-08-11', 510, 'https://picsum.photos/id/227/200/200');
INSERT INTO SONGS (song_id, album_id, title, duration, genre, release_date, popularity_rank, image) VALUES (684, 191, 'Song vQzUniVW1f', 308, 'Jazz', '2018-06-09', 734, 'https://picsum.photos/id/291/200/200');
INSERT INTO SONGS (song_id, album_id, title, duration, genre, release_date, popularity_rank, image) VALUES (685, 60, 'Song rIOdTEqvO0', 156, 'Electronic', '2017-10-13', 722, 'https://picsum.photos/id/289/200/200');
INSERT INTO SONGS (song_id, album_id, title, duration, genre, release_date, popularity_rank, image) VALUES (686, 6, 'Song NN9gb44J3O', 180, 'Folk', '2022-05-05', 285, 'https://picsum.photos/id/222/200/200');
INSERT INTO SONGS (song_id, album_id, title, duration, genre, release_date, popularity_rank, image) VALUES (687, 140, 'Song dYLHMBC7LQ', 391, 'Hip Hop', '2016-11-07', 227, 'https://picsum.photos/id/238/200/200');
INSERT INTO SONGS (song_id, album_id, title, duration, genre, release_date, popularity_rank, image) VALUES (688, 139, 'Song kS47AY9Igh', 212, 'Blues', '2017-09-14', 741, 'https://picsum.photos/id/250/200/200');
INSERT INTO SONGS (song_id, album_id, title, duration, genre, release_date, popularity_rank, image) VALUES (689, 92, 'Song OfGPHoiO1Z', 177, 'Country', '2020-11-01', 494, 'https://picsum.photos/id/290/200/200');
INSERT INTO SONGS (song_id, album_id, title, duration, genre, release_date, popularity_rank, image) VALUES (690, 191, 'Song vMdkxGghQa', 252, 'R&B', '2021-06-24', 169, 'https://picsum.photos/id/281/200/200');
INSERT INTO SONGS (song_id, album_id, title, duration, genre, release_date, popularity_rank, image) VALUES (691, 110, 'Song vH8SsT8YHQ', 339, 'Electronic', '2016-12-25', 312, 'https://picsum.photos/id/292/200/200');
INSERT INTO SONGS (song_id, album_id, title, duration, genre, release_date, popularity_rank, image) VALUES (692, 22, 'Song 7JAG4aSsHA', 295, 'Reggae', '2016-11-29', 352, 'https://picsum.photos/id/246/200/200');
INSERT INTO SONGS (song_id, album_id, title, duration, genre, release_date, popularity_rank, image) VALUES (693, 27, 'Song PNLGBE67RO', 437, 'Country', '2017-08-23', 304, 'https://picsum.photos/id/206/200/200');
INSERT INTO SONGS (song_id, album_id, title, duration, genre, release_date, popularity_rank, image) VALUES (694, 16, 'Song aDabc5KnHL', 303, 'Blues', '2013-07-21', 626, 'https://picsum.photos/id/221/200/200');
INSERT INTO SONGS (song_id, album_id, title, duration, genre, release_date, popularity_rank, image) VALUES (695, 191, 'Song 70bIbwCH1Y', 321, 'Rock', '2008-02-01', 981, 'https://picsum.photos/id/243/200/200');
INSERT INTO SONGS (song_id, album_id, title, duration, genre, release_date, popularity_rank, image) VALUES (696, 69, 'Song SsKZtrg2Lo', 171, 'Hip Hop', '2020-02-19', 217, 'https://picsum.photos/id/224/200/200');
INSERT INTO SONGS (song_id, album_id, title, duration, genre, release_date, popularity_rank, image) VALUES (697, 35, 'Song T72zwSUWGO', 128, 'Rock', '2011-01-26', 312, 'https://picsum.photos/id/291/200/200');
INSERT INTO SONGS (song_id, album_id, title, duration, genre, release_date, popularity_rank, image) VALUES (698, 142, 'Song PVpusRSNNO', 260, 'Reggae', '2017-01-31', 503, 'https://picsum.photos/id/221/200/200');
INSERT INTO SONGS (song_id, album_id, title, duration, genre, release_date, popularity_rank, image) VALUES (699, 63, 'Song QkNxeUlmCQ', 233, 'Dance', '2022-12-24', 317, 'https://picsum.photos/id/293/200/200');
INSERT INTO SONGS (song_id, album_id, title, duration, genre, release_date, popularity_rank, image) VALUES (700, 116, 'Song rrpgmXDJjP', 480, 'Pop', '2010-03-02', 791, 'https://picsum.photos/id/297/200/200');
INSERT INTO SONGS (song_id, album_id, title, duration, genre, release_date, popularity_rank, image) VALUES (701, 76, 'Song 5jn0zXEu6V', 156, 'Blues', '2017-09-21', 330, 'https://picsum.photos/id/212/200/200');
INSERT INTO SONGS (song_id, album_id, title, duration, genre, release_date, popularity_rank, image) VALUES (702, 68, 'Song GcWdvOVjl7', 386, 'Blues', '2008-09-17', 634, 'https://picsum.photos/id/271/200/200');
INSERT INTO SONGS (song_id, album_id, title, duration, genre, release_date, popularity_rank, image) VALUES (703, 79, 'Song nq79oipcVS', 363, 'Reggae', '2008-09-18', 745, 'https://picsum.photos/id/299/200/200');
INSERT INTO SONGS (song_id, album_id, title, duration, genre, release_date, popularity_rank, image) VALUES (704, 27, 'Song qM3GHdYpJa', 262, 'R&B', '2021-01-31', 190, 'https://picsum.photos/id/277/200/200');
INSERT INTO SONGS (song_id, album_id, title, duration, genre, release_date, popularity_rank, image) VALUES (705, 176, 'Song sxnyQ0yi0F', 275, 'Dance', '2008-09-23', 77, 'https://picsum.photos/id/238/200/200');
INSERT INTO SONGS (song_id, album_id, title, duration, genre, release_date, popularity_rank, image) VALUES (706, 158, 'Song V4yWUHWz4G', 412, 'Metal', '2010-03-03', 420, 'https://picsum.photos/id/280/200/200');
INSERT INTO SONGS (song_id, album_id, title, duration, genre, release_date, popularity_rank, image) VALUES (707, 68, 'Song KS19CtMbko', 297, 'Jazz', '2011-09-11', 848, 'https://picsum.photos/id/202/200/200');
INSERT INTO SONGS (song_id, album_id, title, duration, genre, release_date, popularity_rank, image) VALUES (708, 100, 'Song EVcCOGKoGz', 389, 'Metal', '2023-07-07', 937, 'https://picsum.photos/id/283/200/200');
INSERT INTO SONGS (song_id, album_id, title, duration, genre, release_date, popularity_rank, image) VALUES (709, 52, 'Song d6h4KPh6UE', 294, 'Classical', '2009-10-04', 210, 'https://picsum.photos/id/238/200/200');
INSERT INTO SONGS (song_id, album_id, title, duration, genre, release_date, popularity_rank, image) VALUES (710, 111, 'Song dQZO1u8Xx9', 470, 'Blues', '2016-01-27', 152, 'https://picsum.photos/id/275/200/200');
INSERT INTO SONGS (song_id, album_id, title, duration, genre, release_date, popularity_rank, image) VALUES (711, 190, 'Song GQAKkEtASG', 474, 'Metal', '2021-03-17', 987, 'https://picsum.photos/id/261/200/200');
INSERT INTO SONGS (song_id, album_id, title, duration, genre, release_date, popularity_rank, image) VALUES (712, 11, 'Song ej7Xtm3fuf', 303, 'Alternative', '2008-03-07', 528, 'https://picsum.photos/id/223/200/200');
INSERT INTO SONGS (song_id, album_id, title, duration, genre, release_date, popularity_rank, image) VALUES (713, 23, 'Song fj8kgvDldY', 289, 'Dance', '2015-01-15', 152, 'https://picsum.photos/id/220/200/200');
INSERT INTO SONGS (song_id, album_id, title, duration, genre, release_date, popularity_rank, image) VALUES (714, 73, 'Song VABG8sJdHR', 257, 'Alternative', '2013-05-11', 36, 'https://picsum.photos/id/201/200/200');
INSERT INTO SONGS (song_id, album_id, title, duration, genre, release_date, popularity_rank, image) VALUES (715, 18, 'Song uKz2AutNiv', 214, 'Metal', '2013-11-16', 388, 'https://picsum.photos/id/234/200/200');
INSERT INTO SONGS (song_id, album_id, title, duration, genre, release_date, popularity_rank, image) VALUES (716, 97, 'Song 3pTk4FxYKr', 389, 'Indie', '2009-10-04', 616, 'https://picsum.photos/id/290/200/200');
INSERT INTO SONGS (song_id, album_id, title, duration, genre, release_date, popularity_rank, image) VALUES (717, 57, 'Song V1NVS4GVFj', 128, 'Pop', '2019-08-05', 931, 'https://picsum.photos/id/283/200/200');
INSERT INTO SONGS (song_id, album_id, title, duration, genre, release_date, popularity_rank, image) VALUES (718, 22, 'Song Huguaw408L', 429, 'Alternative', '2016-02-07', 300, 'https://picsum.photos/id/265/200/200');
INSERT INTO SONGS (song_id, album_id, title, duration, genre, release_date, popularity_rank, image) VALUES (719, 1, 'Song H2MgBQ8eo7', 384, 'Electronic', '2021-06-18', 87, 'https://picsum.photos/id/222/200/200');
INSERT INTO SONGS (song_id, album_id, title, duration, genre, release_date, popularity_rank, image) VALUES (720, 127, 'Song vXYRsWp9Vo', 205, 'Electronic', '2010-12-21', 762, 'https://picsum.photos/id/289/200/200');
INSERT INTO SONGS (song_id, album_id, title, duration, genre, release_date, popularity_rank, image) VALUES (721, 132, 'Song BAkMGJlwec', 399, 'Indie', '2019-03-01', 817, 'https://picsum.photos/id/288/200/200');
INSERT INTO SONGS (song_id, album_id, title, duration, genre, release_date, popularity_rank, image) VALUES (722, 25, 'Song CexjlEHGb7', 471, 'Metal', '2018-08-27', 38, 'https://picsum.photos/id/279/200/200');
INSERT INTO SONGS (song_id, album_id, title, duration, genre, release_date, popularity_rank, image) VALUES (723, 13, 'Song vPSBAlai5H', 143, 'Blues', '2022-03-03', 458, 'https://picsum.photos/id/217/200/200');
INSERT INTO SONGS (song_id, album_id, title, duration, genre, release_date, popularity_rank, image) VALUES (724, 182, 'Song ClAeNSdr4M', 315, 'Metal', '2022-10-23', 848, 'https://picsum.photos/id/261/200/200');
INSERT INTO SONGS (song_id, album_id, title, duration, genre, release_date, popularity_rank, image) VALUES (725, 158, 'Song esrZrRHKtd', 461, 'Jazz', '2012-01-10', 914, 'https://picsum.photos/id/299/200/200');
INSERT INTO SONGS (song_id, album_id, title, duration, genre, release_date, popularity_rank, image) VALUES (726, 22, 'Song T5zDbCO6Dx', 435, 'Indie', '2021-03-21', 478, 'https://picsum.photos/id/202/200/200');
INSERT INTO SONGS (song_id, album_id, title, duration, genre, release_date, popularity_rank, image) VALUES (727, 184, 'Song rEK8uKSIDp', 285, 'Pop', '2016-03-15', 146, 'https://picsum.photos/id/243/200/200');
INSERT INTO SONGS (song_id, album_id, title, duration, genre, release_date, popularity_rank, image) VALUES (728, 70, 'Song SMCsjFBR4z', 236, 'Indie', '2013-12-10', 187, 'https://picsum.photos/id/249/200/200');
INSERT INTO SONGS (song_id, album_id, title, duration, genre, release_date, popularity_rank, image) VALUES (729, 76, 'Song Cda7Rj4Z4J', 381, 'Folk', '2020-10-21', 92, 'https://picsum.photos/id/255/200/200');
INSERT INTO SONGS (song_id, album_id, title, duration, genre, release_date, popularity_rank, image) VALUES (730, 92, 'Song sydElJ49Th', 159, 'Metal', '2011-09-08', 880, 'https://picsum.photos/id/281/200/200');
INSERT INTO SONGS (song_id, album_id, title, duration, genre, release_date, popularity_rank, image) VALUES (731, 52, 'Song Afobg6FMUh', 276, 'Pop', '2012-06-27', 446, 'https://picsum.photos/id/289/200/200');
INSERT INTO SONGS (song_id, album_id, title, duration, genre, release_date, popularity_rank, image) VALUES (732, 166, 'Song 4hTz2GpXBO', 317, 'Classical', '2012-05-11', 334, 'https://picsum.photos/id/248/200/200');
INSERT INTO SONGS (song_id, album_id, title, duration, genre, release_date, popularity_rank, image) VALUES (733, 65, 'Song eHIEp5xI6a', 317, 'Jazz', '2008-12-28', 937, 'https://picsum.photos/id/283/200/200');
INSERT INTO SONGS (song_id, album_id, title, duration, genre, release_date, popularity_rank, image) VALUES (734, 132, 'Song 8VrGsbkJCD', 435, 'Dance', '2014-11-11', 773, 'https://picsum.photos/id/270/200/200');
INSERT INTO SONGS (song_id, album_id, title, duration, genre, release_date, popularity_rank, image) VALUES (735, 128, 'Song MMkKF2bm7h', 212, 'Folk', '2022-11-08', 139, 'https://picsum.photos/id/274/200/200');
INSERT INTO SONGS (song_id, album_id, title, duration, genre, release_date, popularity_rank, image) VALUES (736, 53, 'Song 5uRIudnlpC', 373, 'Reggae', '2012-06-18', 928, 'https://picsum.photos/id/298/200/200');
INSERT INTO SONGS (song_id, album_id, title, duration, genre, release_date, popularity_rank, image) VALUES (737, 1, 'Song CDzKF3by92', 122, 'Hip Hop', '2010-07-24', 726, 'https://picsum.photos/id/244/200/200');
INSERT INTO SONGS (song_id, album_id, title, duration, genre, release_date, popularity_rank, image) VALUES (738, 67, 'Song IR35KPPSPL', 254, 'Indie', '2013-01-02', 678, 'https://picsum.photos/id/238/200/200');
INSERT INTO SONGS (song_id, album_id, title, duration, genre, release_date, popularity_rank, image) VALUES (739, 55, 'Song ZqeAgvfssN', 234, 'Reggae', '2015-08-09', 83, 'https://picsum.photos/id/254/200/200');
INSERT INTO SONGS (song_id, album_id, title, duration, genre, release_date, popularity_rank, image) VALUES (740, 41, 'Song Po3mjCNq72', 356, 'R&B', '2015-09-28', 13, 'https://picsum.photos/id/261/200/200');
INSERT INTO SONGS (song_id, album_id, title, duration, genre, release_date, popularity_rank, image) VALUES (741, 58, 'Song OY4Qt4YxyA', 125, 'Metal', '2015-01-13', 511, 'https://picsum.photos/id/253/200/200');
INSERT INTO SONGS (song_id, album_id, title, duration, genre, release_date, popularity_rank, image) VALUES (742, 196, 'Song dh9B3hhG5K', 453, 'Alternative', '2018-04-19', 827, 'https://picsum.photos/id/210/200/200');
INSERT INTO SONGS (song_id, album_id, title, duration, genre, release_date, popularity_rank, image) VALUES (743, 59, 'Song mGIaz58qeU', 348, 'Indie', '2022-05-01', 606, 'https://picsum.photos/id/271/200/200');
INSERT INTO SONGS (song_id, album_id, title, duration, genre, release_date, popularity_rank, image) VALUES (744, 121, 'Song Spym1cYwFd', 163, 'Rock', '2015-09-20', 615, 'https://picsum.photos/id/240/200/200');
INSERT INTO SONGS (song_id, album_id, title, duration, genre, release_date, popularity_rank, image) VALUES (745, 48, 'Song XVuL5tFKtX', 256, 'Blues', '2008-05-20', 656, 'https://picsum.photos/id/278/200/200');
INSERT INTO SONGS (song_id, album_id, title, duration, genre, release_date, popularity_rank, image) VALUES (746, 11, 'Song lxUbZDdDMj', 309, 'Reggae', '2013-04-08', 404, 'https://picsum.photos/id/293/200/200');
INSERT INTO SONGS (song_id, album_id, title, duration, genre, release_date, popularity_rank, image) VALUES (747, 65, 'Song 9jpyJCXwRf', 268, 'Indie', '2014-09-16', 203, 'https://picsum.photos/id/272/200/200');
INSERT INTO SONGS (song_id, album_id, title, duration, genre, release_date, popularity_rank, image) VALUES (748, 2, 'Song ZzuXkSmYqM', 159, 'Country', '2019-08-06', 465, 'https://picsum.photos/id/218/200/200');
INSERT INTO SONGS (song_id, album_id, title, duration, genre, release_date, popularity_rank, image) VALUES (749, 187, 'Song tSTb9fwhYJ', 259, 'Blues', '2017-05-17', 406, 'https://picsum.photos/id/292/200/200');
INSERT INTO SONGS (song_id, album_id, title, duration, genre, release_date, popularity_rank, image) VALUES (750, 80, 'Song pP4zfYpvYI', 168, 'Jazz', '2011-12-10', 723, 'https://picsum.photos/id/275/200/200');
INSERT INTO SONGS (song_id, album_id, title, duration, genre, release_date, popularity_rank, image) VALUES (751, 54, 'Song HIKqkOkOqw', 360, 'Metal', '2015-01-23', 175, 'https://picsum.photos/id/229/200/200');
INSERT INTO SONGS (song_id, album_id, title, duration, genre, release_date, popularity_rank, image) VALUES (752, 130, 'Song pBWDHhTgIS', 206, 'Classical', '2023-05-09', 525, 'https://picsum.photos/id/245/200/200');
INSERT INTO SONGS (song_id, album_id, title, duration, genre, release_date, popularity_rank, image) VALUES (753, 50, 'Song Yi3h4xAAD0', 302, 'Dance', '2021-09-24', 170, 'https://picsum.photos/id/213/200/200');
INSERT INTO SONGS (song_id, album_id, title, duration, genre, release_date, popularity_rank, image) VALUES (754, 19, 'Song pkp3igF2DK', 184, 'Folk', '2022-02-07', 990, 'https://picsum.photos/id/228/200/200');
INSERT INTO SONGS (song_id, album_id, title, duration, genre, release_date, popularity_rank, image) VALUES (755, 70, 'Song At7o5vhv51', 294, 'Hip Hop', '2012-05-23', 618, 'https://picsum.photos/id/299/200/200');
INSERT INTO SONGS (song_id, album_id, title, duration, genre, release_date, popularity_rank, image) VALUES (756, 5, 'Song gxCXpJD2eM', 391, 'Dance', '2013-02-05', 836, 'https://picsum.photos/id/241/200/200');
INSERT INTO SONGS (song_id, album_id, title, duration, genre, release_date, popularity_rank, image) VALUES (757, 130, 'Song vCtaqkc1YK', 258, 'Country', '2021-02-27', 976, 'https://picsum.photos/id/234/200/200');
INSERT INTO SONGS (song_id, album_id, title, duration, genre, release_date, popularity_rank, image) VALUES (758, 7, 'Song AmFKakPBda', 173, 'Pop', '2019-08-30', 433, 'https://picsum.photos/id/254/200/200');
INSERT INTO SONGS (song_id, album_id, title, duration, genre, release_date, popularity_rank, image) VALUES (759, 45, 'Song ZzU9ytazkW', 344, 'Metal', '2008-03-28', 700, 'https://picsum.photos/id/278/200/200');
INSERT INTO SONGS (song_id, album_id, title, duration, genre, release_date, popularity_rank, image) VALUES (760, 112, 'Song mPq7tTioo9', 384, 'Reggae', '2013-11-17', 876, 'https://picsum.photos/id/234/200/200');
INSERT INTO SONGS (song_id, album_id, title, duration, genre, release_date, popularity_rank, image) VALUES (761, 25, 'Song QGLyylfkKG', 347, 'Reggae', '2015-03-19', 626, 'https://picsum.photos/id/238/200/200');
INSERT INTO SONGS (song_id, album_id, title, duration, genre, release_date, popularity_rank, image) VALUES (762, 165, 'Song 5Qt4E6sXta', 334, 'Jazz', '2021-08-22', 465, 'https://picsum.photos/id/278/200/200');
INSERT INTO SONGS (song_id, album_id, title, duration, genre, release_date, popularity_rank, image) VALUES (763, 7, 'Song JK3F4WgbhL', 364, 'Country', '2020-11-01', 621, 'https://picsum.photos/id/273/200/200');
INSERT INTO SONGS (song_id, album_id, title, duration, genre, release_date, popularity_rank, image) VALUES (764, 71, 'Song 0H1gRmf4eg', 358, 'Folk', '2011-09-17', 301, 'https://picsum.photos/id/220/200/200');
INSERT INTO SONGS (song_id, album_id, title, duration, genre, release_date, popularity_rank, image) VALUES (765, 74, 'Song 6R08AnADj1', 156, 'Pop', '2008-08-24', 396, 'https://picsum.photos/id/294/200/200');
INSERT INTO SONGS (song_id, album_id, title, duration, genre, release_date, popularity_rank, image) VALUES (766, 71, 'Song QzgHv3At4u', 238, 'Rock', '2021-10-18', 399, 'https://picsum.photos/id/269/200/200');
INSERT INTO SONGS (song_id, album_id, title, duration, genre, release_date, popularity_rank, image) VALUES (767, 39, 'Song l2vH2Lb12w', 308, 'Blues', '2020-02-23', 800, 'https://picsum.photos/id/211/200/200');
INSERT INTO SONGS (song_id, album_id, title, duration, genre, release_date, popularity_rank, image) VALUES (768, 107, 'Song Bzs0E7p5jI', 260, 'Indie', '2021-04-12', 455, 'https://picsum.photos/id/283/200/200');
INSERT INTO SONGS (song_id, album_id, title, duration, genre, release_date, popularity_rank, image) VALUES (769, 200, 'Song vPpsgxI0bV', 413, 'Blues', '2015-04-09', 981, 'https://picsum.photos/id/216/200/200');
INSERT INTO SONGS (song_id, album_id, title, duration, genre, release_date, popularity_rank, image) VALUES (770, 141, 'Song YySaxH88GF', 307, 'Hip Hop', '2020-06-04', 342, 'https://picsum.photos/id/234/200/200');
INSERT INTO SONGS (song_id, album_id, title, duration, genre, release_date, popularity_rank, image) VALUES (771, 68, 'Song n7yweNxOxf', 181, 'Electronic', '2009-09-15', 956, 'https://picsum.photos/id/201/200/200');
INSERT INTO SONGS (song_id, album_id, title, duration, genre, release_date, popularity_rank, image) VALUES (772, 47, 'Song cGBMsT8O3E', 385, 'Blues', '2023-02-19', 549, 'https://picsum.photos/id/206/200/200');
INSERT INTO SONGS (song_id, album_id, title, duration, genre, release_date, popularity_rank, image) VALUES (773, 106, 'Song bFbEfZtZN1', 256, 'R&B', '2016-12-10', 913, 'https://picsum.photos/id/269/200/200');
INSERT INTO SONGS (song_id, album_id, title, duration, genre, release_date, popularity_rank, image) VALUES (774, 78, 'Song wkn9Sjwv5i', 327, 'Metal', '2012-11-11', 380, 'https://picsum.photos/id/266/200/200');
INSERT INTO SONGS (song_id, album_id, title, duration, genre, release_date, popularity_rank, image) VALUES (775, 2, 'Song bIn6fMjthq', 432, 'Reggae', '2014-05-20', 654, 'https://picsum.photos/id/250/200/200');
INSERT INTO SONGS (song_id, album_id, title, duration, genre, release_date, popularity_rank, image) VALUES (776, 68, 'Song 36ikmyKhS6', 191, 'Reggae', '2011-03-28', 622, 'https://picsum.photos/id/214/200/200');
INSERT INTO SONGS (song_id, album_id, title, duration, genre, release_date, popularity_rank, image) VALUES (777, 116, 'Song l33m7Y8XsA', 207, 'Hip Hop', '2012-11-05', 798, 'https://picsum.photos/id/221/200/200');
INSERT INTO SONGS (song_id, album_id, title, duration, genre, release_date, popularity_rank, image) VALUES (778, 148, 'Song YfuKg9xlfJ', 150, 'Classical', '2017-02-09', 125, 'https://picsum.photos/id/269/200/200');
INSERT INTO SONGS (song_id, album_id, title, duration, genre, release_date, popularity_rank, image) VALUES (779, 58, 'Song uWSrPebBXt', 445, 'Reggae', '2022-07-03', 38, 'https://picsum.photos/id/300/200/200');
INSERT INTO SONGS (song_id, album_id, title, duration, genre, release_date, popularity_rank, image) VALUES (780, 111, 'Song nfWHHwPtqw', 462, 'Classical', '2020-07-04', 816, 'https://picsum.photos/id/290/200/200');
INSERT INTO SONGS (song_id, album_id, title, duration, genre, release_date, popularity_rank, image) VALUES (781, 117, 'Song X7pfsTjf6Q', 387, 'Dance', '2015-01-19', 887, 'https://picsum.photos/id/288/200/200');
INSERT INTO SONGS (song_id, album_id, title, duration, genre, release_date, popularity_rank, image) VALUES (782, 58, 'Song 85aovdpfkO', 158, 'Pop', '2022-07-15', 627, 'https://picsum.photos/id/228/200/200');
INSERT INTO SONGS (song_id, album_id, title, duration, genre, release_date, popularity_rank, image) VALUES (783, 22, 'Song 7PExmGZ5lW', 170, 'Reggae', '2009-08-21', 918, 'https://picsum.photos/id/277/200/200');
INSERT INTO SONGS (song_id, album_id, title, duration, genre, release_date, popularity_rank, image) VALUES (784, 28, 'Song RYrbvYIh8l', 189, 'Dance', '2023-09-22', 571, 'https://picsum.photos/id/202/200/200');
INSERT INTO SONGS (song_id, album_id, title, duration, genre, release_date, popularity_rank, image) VALUES (785, 31, 'Song SHWNXBlRrO', 271, 'Rock', '2022-01-17', 364, 'https://picsum.photos/id/252/200/200');
INSERT INTO SONGS (song_id, album_id, title, duration, genre, release_date, popularity_rank, image) VALUES (786, 166, 'Song Xr7gxkYIiS', 386, 'Dance', '2008-09-08', 254, 'https://picsum.photos/id/212/200/200');
INSERT INTO SONGS (song_id, album_id, title, duration, genre, release_date, popularity_rank, image) VALUES (787, 79, 'Song ZvQlMBXrLH', 369, 'Alternative', '2016-03-30', 997, 'https://picsum.photos/id/235/200/200');
INSERT INTO SONGS (song_id, album_id, title, duration, genre, release_date, popularity_rank, image) VALUES (788, 120, 'Song 1NtTlPIpPO', 219, 'R&B', '2019-09-15', 793, 'https://picsum.photos/id/273/200/200');
INSERT INTO SONGS (song_id, album_id, title, duration, genre, release_date, popularity_rank, image) VALUES (789, 124, 'Song D3hPgR11GB', 299, 'Rock', '2010-01-02', 309, 'https://picsum.photos/id/291/200/200');
INSERT INTO SONGS (song_id, album_id, title, duration, genre, release_date, popularity_rank, image) VALUES (790, 59, 'Song Wn4GP08qmp', 375, 'Folk', '2016-03-22', 183, 'https://picsum.photos/id/239/200/200');
INSERT INTO SONGS (song_id, album_id, title, duration, genre, release_date, popularity_rank, image) VALUES (791, 37, 'Song 9PqH4GiMNp', 196, 'Pop', '2021-09-02', 733, 'https://picsum.photos/id/266/200/200');
INSERT INTO SONGS (song_id, album_id, title, duration, genre, release_date, popularity_rank, image) VALUES (792, 16, 'Song tFV33R2Tju', 480, 'Indie', '2016-03-09', 34, 'https://picsum.photos/id/289/200/200');
INSERT INTO SONGS (song_id, album_id, title, duration, genre, release_date, popularity_rank, image) VALUES (793, 168, 'Song uc0UnpEynq', 274, 'Folk', '2021-11-02', 777, 'https://picsum.photos/id/245/200/200');
INSERT INTO SONGS (song_id, album_id, title, duration, genre, release_date, popularity_rank, image) VALUES (794, 123, 'Song TZz9z0hC4O', 160, 'Folk', '2019-01-21', 166, 'https://picsum.photos/id/264/200/200');
INSERT INTO SONGS (song_id, album_id, title, duration, genre, release_date, popularity_rank, image) VALUES (795, 123, 'Song 78WN5uddiT', 198, 'Alternative', '2017-12-14', 341, 'https://picsum.photos/id/288/200/200');
INSERT INTO SONGS (song_id, album_id, title, duration, genre, release_date, popularity_rank, image) VALUES (796, 66, 'Song hHXUTPsKV7', 426, 'R&B', '2020-01-30', 210, 'https://picsum.photos/id/206/200/200');
INSERT INTO SONGS (song_id, album_id, title, duration, genre, release_date, popularity_rank, image) VALUES (797, 65, 'Song 64q27Q2I1U', 127, 'Classical', '2013-07-15', 818, 'https://picsum.photos/id/272/200/200');
INSERT INTO SONGS (song_id, album_id, title, duration, genre, release_date, popularity_rank, image) VALUES (798, 39, 'Song pSVigpDvLU', 336, 'Jazz', '2023-01-17', 163, 'https://picsum.photos/id/240/200/200');
INSERT INTO SONGS (song_id, album_id, title, duration, genre, release_date, popularity_rank, image) VALUES (799, 166, 'Song gVIDhP6nZn', 218, 'Reggae', '2012-04-18', 654, 'https://picsum.photos/id/262/200/200');
INSERT INTO SONGS (song_id, album_id, title, duration, genre, release_date, popularity_rank, image) VALUES (800, 156, 'Song 9RtND8qEIc', 477, 'Dance', '2024-04-01', 129, 'https://picsum.photos/id/291/200/200');
INSERT INTO SONGS (song_id, album_id, title, duration, genre, release_date, popularity_rank, image) VALUES (801, 145, 'Song FdFd1YJ6AL', 256, 'Indie', '2014-02-02', 745, 'https://picsum.photos/id/247/200/200');
INSERT INTO SONGS (song_id, album_id, title, duration, genre, release_date, popularity_rank, image) VALUES (802, 178, 'Song lJ7lT2Eczh', 328, 'Jazz', '2023-08-28', 814, 'https://picsum.photos/id/238/200/200');
INSERT INTO SONGS (song_id, album_id, title, duration, genre, release_date, popularity_rank, image) VALUES (803, 59, 'Song xQbVAKy6bJ', 179, 'Pop', '2010-05-22', 941, 'https://picsum.photos/id/264/200/200');
INSERT INTO SONGS (song_id, album_id, title, duration, genre, release_date, popularity_rank, image) VALUES (804, 120, 'Song n0s03NXaYL', 455, 'Electronic', '2017-07-01', 791, 'https://picsum.photos/id/241/200/200');
INSERT INTO SONGS (song_id, album_id, title, duration, genre, release_date, popularity_rank, image) VALUES (805, 100, 'Song cxwCN9nt4C', 160, 'Classical', '2022-08-01', 637, 'https://picsum.photos/id/220/200/200');
INSERT INTO SONGS (song_id, album_id, title, duration, genre, release_date, popularity_rank, image) VALUES (806, 5, 'Song FomqgP1n6a', 286, 'Metal', '2014-07-30', 836, 'https://picsum.photos/id/260/200/200');
INSERT INTO SONGS (song_id, album_id, title, duration, genre, release_date, popularity_rank, image) VALUES (807, 196, 'Song UGbz0IOFQl', 239, 'Electronic', '2012-01-30', 975, 'https://picsum.photos/id/273/200/200');
INSERT INTO SONGS (song_id, album_id, title, duration, genre, release_date, popularity_rank, image) VALUES (808, 145, 'Song UvvDsKkpXn', 134, 'Pop', '2023-01-02', 493, 'https://picsum.photos/id/206/200/200');
INSERT INTO SONGS (song_id, album_id, title, duration, genre, release_date, popularity_rank, image) VALUES (809, 131, 'Song bsmyzlxvC3', 341, 'Reggae', '2017-02-16', 872, 'https://picsum.photos/id/290/200/200');
INSERT INTO SONGS (song_id, album_id, title, duration, genre, release_date, popularity_rank, image) VALUES (810, 170, 'Song QStlCWE8tT', 277, 'Alternative', '2018-10-02', 240, 'https://picsum.photos/id/256/200/200');
INSERT INTO SONGS (song_id, album_id, title, duration, genre, release_date, popularity_rank, image) VALUES (811, 163, 'Song cb3BzVtnJT', 418, 'Metal', '2014-07-09', 190, 'https://picsum.photos/id/204/200/200');
INSERT INTO SONGS (song_id, album_id, title, duration, genre, release_date, popularity_rank, image) VALUES (812, 200, 'Song E4DHLccwog', 190, 'R&B', '2008-10-27', 377, 'https://picsum.photos/id/224/200/200');
INSERT INTO SONGS (song_id, album_id, title, duration, genre, release_date, popularity_rank, image) VALUES (813, 50, 'Song JcrttiGM6d', 385, 'Country', '2010-04-27', 599, 'https://picsum.photos/id/270/200/200');
INSERT INTO SONGS (song_id, album_id, title, duration, genre, release_date, popularity_rank, image) VALUES (814, 66, 'Song ZnCo89jJjQ', 128, 'Indie', '2021-12-22', 728, 'https://picsum.photos/id/220/200/200');
INSERT INTO SONGS (song_id, album_id, title, duration, genre, release_date, popularity_rank, image) VALUES (815, 82, 'Song L4kb8Qdpoe', 141, 'Metal', '2011-02-25', 668, 'https://picsum.photos/id/205/200/200');
INSERT INTO SONGS (song_id, album_id, title, duration, genre, release_date, popularity_rank, image) VALUES (816, 154, 'Song be28M7vLE0', 205, 'Reggae', '2012-09-10', 819, 'https://picsum.photos/id/277/200/200');
INSERT INTO SONGS (song_id, album_id, title, duration, genre, release_date, popularity_rank, image) VALUES (817, 167, 'Song TqZbRUw6EP', 180, 'Pop', '2009-12-13', 339, 'https://picsum.photos/id/269/200/200');
INSERT INTO SONGS (song_id, album_id, title, duration, genre, release_date, popularity_rank, image) VALUES (818, 108, 'Song VsOZKpRoMl', 422, 'Blues', '2015-07-10', 952, 'https://picsum.photos/id/220/200/200');
INSERT INTO SONGS (song_id, album_id, title, duration, genre, release_date, popularity_rank, image) VALUES (819, 110, 'Song m9TSUV7qlU', 215, 'Country', '2017-01-18', 429, 'https://picsum.photos/id/259/200/200');
INSERT INTO SONGS (song_id, album_id, title, duration, genre, release_date, popularity_rank, image) VALUES (820, 69, 'Song e9AYgZq5tc', 248, 'R&B', '2017-11-29', 678, 'https://picsum.photos/id/254/200/200');
INSERT INTO SONGS (song_id, album_id, title, duration, genre, release_date, popularity_rank, image) VALUES (821, 144, 'Song obYzwDMlkq', 394, 'Classical', '2009-07-31', 84, 'https://picsum.photos/id/233/200/200');
INSERT INTO SONGS (song_id, album_id, title, duration, genre, release_date, popularity_rank, image) VALUES (822, 142, 'Song 5LgXFhns0a', 261, 'Classical', '2012-01-20', 312, 'https://picsum.photos/id/274/200/200');
INSERT INTO SONGS (song_id, album_id, title, duration, genre, release_date, popularity_rank, image) VALUES (823, 200, 'Song oabCFr2Ai6', 233, 'Pop', '2015-01-24', 679, 'https://picsum.photos/id/300/200/200');
INSERT INTO SONGS (song_id, album_id, title, duration, genre, release_date, popularity_rank, image) VALUES (824, 182, 'Song UP7vLqAVNc', 393, 'Country', '2009-10-12', 112, 'https://picsum.photos/id/231/200/200');
INSERT INTO SONGS (song_id, album_id, title, duration, genre, release_date, popularity_rank, image) VALUES (825, 113, 'Song yXqPCw4G0u', 316, 'Classical', '2020-01-15', 572, 'https://picsum.photos/id/297/200/200');
INSERT INTO SONGS (song_id, album_id, title, duration, genre, release_date, popularity_rank, image) VALUES (826, 14, 'Song inYEJVOKgh', 465, 'Folk', '2014-08-19', 211, 'https://picsum.photos/id/280/200/200');
INSERT INTO SONGS (song_id, album_id, title, duration, genre, release_date, popularity_rank, image) VALUES (827, 131, 'Song 2Vd8sKrVFK', 263, 'Metal', '2009-04-21', 420, 'https://picsum.photos/id/264/200/200');
INSERT INTO SONGS (song_id, album_id, title, duration, genre, release_date, popularity_rank, image) VALUES (828, 103, 'Song GDUXsuiNPg', 438, 'Pop', '2011-06-28', 824, 'https://picsum.photos/id/287/200/200');
INSERT INTO SONGS (song_id, album_id, title, duration, genre, release_date, popularity_rank, image) VALUES (829, 94, 'Song dnMUdi4iYG', 249, 'Blues', '2021-07-27', 474, 'https://picsum.photos/id/289/200/200');
INSERT INTO SONGS (song_id, album_id, title, duration, genre, release_date, popularity_rank, image) VALUES (830, 54, 'Song QEZwAryghU', 281, 'Alternative', '2012-01-29', 225, 'https://picsum.photos/id/231/200/200');
INSERT INTO SONGS (song_id, album_id, title, duration, genre, release_date, popularity_rank, image) VALUES (831, 172, 'Song eXn84O5yHr', 441, 'Dance', '2016-08-18', 894, 'https://picsum.photos/id/289/200/200');
INSERT INTO SONGS (song_id, album_id, title, duration, genre, release_date, popularity_rank, image) VALUES (832, 162, 'Song 1eoAwnmd4Y', 402, 'Folk', '2008-12-31', 99, 'https://picsum.photos/id/234/200/200');
INSERT INTO SONGS (song_id, album_id, title, duration, genre, release_date, popularity_rank, image) VALUES (833, 180, 'Song waRYdEuUg2', 320, 'Dance', '2008-03-24', 857, 'https://picsum.photos/id/226/200/200');
INSERT INTO SONGS (song_id, album_id, title, duration, genre, release_date, popularity_rank, image) VALUES (834, 105, 'Song GXe3K1nsBq', 228, 'Pop', '2021-09-13', 164, 'https://picsum.photos/id/255/200/200');
INSERT INTO SONGS (song_id, album_id, title, duration, genre, release_date, popularity_rank, image) VALUES (835, 86, 'Song MwECkjJQTK', 197, 'Hip Hop', '2012-05-08', 560, 'https://picsum.photos/id/201/200/200');
INSERT INTO SONGS (song_id, album_id, title, duration, genre, release_date, popularity_rank, image) VALUES (836, 8, 'Song XK5TGbpUIe', 156, 'Reggae', '2011-10-31', 558, 'https://picsum.photos/id/216/200/200');
INSERT INTO SONGS (song_id, album_id, title, duration, genre, release_date, popularity_rank, image) VALUES (837, 118, 'Song lHleI9MgBo', 429, 'Metal', '2022-08-28', 324, 'https://picsum.photos/id/282/200/200');
INSERT INTO SONGS (song_id, album_id, title, duration, genre, release_date, popularity_rank, image) VALUES (838, 150, 'Song DiNhp7abb5', 442, 'R&B', '2008-12-14', 806, 'https://picsum.photos/id/268/200/200');
INSERT INTO SONGS (song_id, album_id, title, duration, genre, release_date, popularity_rank, image) VALUES (839, 74, 'Song hVUQkWTPVf', 427, 'Indie', '2010-02-24', 594, 'https://picsum.photos/id/224/200/200');
INSERT INTO SONGS (song_id, album_id, title, duration, genre, release_date, popularity_rank, image) VALUES (840, 19, 'Song 40DPl7XCIx', 211, 'Rock', '2022-06-09', 345, 'https://picsum.photos/id/251/200/200');
INSERT INTO SONGS (song_id, album_id, title, duration, genre, release_date, popularity_rank, image) VALUES (841, 187, 'Song pfXVEvebQe', 184, 'Hip Hop', '2018-03-21', 656, 'https://picsum.photos/id/215/200/200');
INSERT INTO SONGS (song_id, album_id, title, duration, genre, release_date, popularity_rank, image) VALUES (842, 200, 'Song qMpkMJ4pAB', 317, 'Indie', '2023-04-14', 930, 'https://picsum.photos/id/259/200/200');
INSERT INTO SONGS (song_id, album_id, title, duration, genre, release_date, popularity_rank, image) VALUES (843, 54, 'Song I2Pvc8FuK3', 339, 'Electronic', '2019-02-27', 435, 'https://picsum.photos/id/209/200/200');
INSERT INTO SONGS (song_id, album_id, title, duration, genre, release_date, popularity_rank, image) VALUES (844, 32, 'Song UUNZg5wIsG', 214, 'R&B', '2022-10-11', 743, 'https://picsum.photos/id/205/200/200');
INSERT INTO SONGS (song_id, album_id, title, duration, genre, release_date, popularity_rank, image) VALUES (845, 19, 'Song 8ElY6ezi5g', 344, 'Rock', '2016-04-13', 290, 'https://picsum.photos/id/271/200/200');
INSERT INTO SONGS (song_id, album_id, title, duration, genre, release_date, popularity_rank, image) VALUES (846, 142, 'Song k4CR5iuRCF', 179, 'Electronic', '2022-08-08', 163, 'https://picsum.photos/id/289/200/200');
INSERT INTO SONGS (song_id, album_id, title, duration, genre, release_date, popularity_rank, image) VALUES (847, 77, 'Song YNi3MJzJwM', 175, 'Jazz', '2010-10-07', 49, 'https://picsum.photos/id/220/200/200');
INSERT INTO SONGS (song_id, album_id, title, duration, genre, release_date, popularity_rank, image) VALUES (848, 21, 'Song uLExHOiJZO', 124, 'Alternative', '2016-08-27', 211, 'https://picsum.photos/id/297/200/200');
INSERT INTO SONGS (song_id, album_id, title, duration, genre, release_date, popularity_rank, image) VALUES (849, 135, 'Song W7jNaiDaEf', 204, 'Metal', '2012-09-25', 367, 'https://picsum.photos/id/224/200/200');
INSERT INTO SONGS (song_id, album_id, title, duration, genre, release_date, popularity_rank, image) VALUES (850, 83, 'Song SHqfKF8DAW', 388, 'Blues', '2018-12-06', 444, 'https://picsum.photos/id/260/200/200');
INSERT INTO SONGS (song_id, album_id, title, duration, genre, release_date, popularity_rank, image) VALUES (851, 45, 'Song y3Du2BJDut', 172, 'Dance', '2024-02-15', 895, 'https://picsum.photos/id/243/200/200');
INSERT INTO SONGS (song_id, album_id, title, duration, genre, release_date, popularity_rank, image) VALUES (852, 133, 'Song e2wHq1sJP0', 340, 'Folk', '2012-09-06', 395, 'https://picsum.photos/id/246/200/200');
INSERT INTO SONGS (song_id, album_id, title, duration, genre, release_date, popularity_rank, image) VALUES (853, 100, 'Song 2df0XvObRW', 160, 'Jazz', '2015-10-26', 433, 'https://picsum.photos/id/244/200/200');
INSERT INTO SONGS (song_id, album_id, title, duration, genre, release_date, popularity_rank, image) VALUES (854, 107, 'Song YJwTZQq2b6', 281, 'Metal', '2015-04-08', 382, 'https://picsum.photos/id/287/200/200');
INSERT INTO SONGS (song_id, album_id, title, duration, genre, release_date, popularity_rank, image) VALUES (855, 36, 'Song X0MMzSLXQH', 466, 'Indie', '2013-09-01', 352, 'https://picsum.photos/id/300/200/200');
INSERT INTO SONGS (song_id, album_id, title, duration, genre, release_date, popularity_rank, image) VALUES (856, 37, 'Song jEPaPVtWA4', 275, 'Rock', '2024-03-10', 675, 'https://picsum.photos/id/298/200/200');
INSERT INTO SONGS (song_id, album_id, title, duration, genre, release_date, popularity_rank, image) VALUES (857, 86, 'Song ZvOexmlaA2', 262, 'Folk', '2017-04-30', 939, 'https://picsum.photos/id/279/200/200');
INSERT INTO SONGS (song_id, album_id, title, duration, genre, release_date, popularity_rank, image) VALUES (858, 159, 'Song kWMS96FYgA', 335, 'Dance', '2023-11-18', 850, 'https://picsum.photos/id/223/200/200');
INSERT INTO SONGS (song_id, album_id, title, duration, genre, release_date, popularity_rank, image) VALUES (859, 182, 'Song Spt2waOXw7', 314, 'Reggae', '2014-10-23', 127, 'https://picsum.photos/id/235/200/200');
INSERT INTO SONGS (song_id, album_id, title, duration, genre, release_date, popularity_rank, image) VALUES (860, 5, 'Song TBc3Vd3niy', 156, 'Metal', '2021-04-22', 707, 'https://picsum.photos/id/210/200/200');
INSERT INTO SONGS (song_id, album_id, title, duration, genre, release_date, popularity_rank, image) VALUES (861, 74, 'Song 6gvEkDFHkv', 292, 'Pop', '2024-01-29', 152, 'https://picsum.photos/id/226/200/200');
INSERT INTO SONGS (song_id, album_id, title, duration, genre, release_date, popularity_rank, image) VALUES (862, 70, 'Song ufUMpo0w9f', 322, 'Indie', '2011-04-28', 313, 'https://picsum.photos/id/205/200/200');
INSERT INTO SONGS (song_id, album_id, title, duration, genre, release_date, popularity_rank, image) VALUES (863, 51, 'Song bxDZOx9sit', 418, 'Country', '2019-12-12', 911, 'https://picsum.photos/id/249/200/200');
INSERT INTO SONGS (song_id, album_id, title, duration, genre, release_date, popularity_rank, image) VALUES (864, 87, 'Song V1Tn3lOw6p', 363, 'Hip Hop', '2010-01-11', 588, 'https://picsum.photos/id/236/200/200');
INSERT INTO SONGS (song_id, album_id, title, duration, genre, release_date, popularity_rank, image) VALUES (865, 183, 'Song 8XSSIF0OS3', 443, 'Jazz', '2012-03-03', 146, 'https://picsum.photos/id/236/200/200');
INSERT INTO SONGS (song_id, album_id, title, duration, genre, release_date, popularity_rank, image) VALUES (866, 165, 'Song EgEh5iuuY1', 161, 'Jazz', '2009-09-06', 744, 'https://picsum.photos/id/296/200/200');
INSERT INTO SONGS (song_id, album_id, title, duration, genre, release_date, popularity_rank, image) VALUES (867, 163, 'Song xukBhBuAtu', 289, 'Metal', '2008-04-22', 393, 'https://picsum.photos/id/223/200/200');
INSERT INTO SONGS (song_id, album_id, title, duration, genre, release_date, popularity_rank, image) VALUES (868, 161, 'Song kGSHYfpOzI', 371, 'Hip Hop', '2014-11-11', 499, 'https://picsum.photos/id/277/200/200');
INSERT INTO SONGS (song_id, album_id, title, duration, genre, release_date, popularity_rank, image) VALUES (869, 177, 'Song EXtTBPcRXi', 199, 'Indie', '2019-11-29', 639, 'https://picsum.photos/id/218/200/200');
INSERT INTO SONGS (song_id, album_id, title, duration, genre, release_date, popularity_rank, image) VALUES (870, 173, 'Song S2mJVcGRPU', 134, 'Blues', '2013-02-19', 900, 'https://picsum.photos/id/294/200/200');
INSERT INTO SONGS (song_id, album_id, title, duration, genre, release_date, popularity_rank, image) VALUES (871, 147, 'Song GTtRbJy0Lw', 339, 'Alternative', '2014-11-18', 676, 'https://picsum.photos/id/256/200/200');
INSERT INTO SONGS (song_id, album_id, title, duration, genre, release_date, popularity_rank, image) VALUES (872, 21, 'Song iMOdrhQevQ', 195, 'Reggae', '2015-04-27', 294, 'https://picsum.photos/id/245/200/200');
INSERT INTO SONGS (song_id, album_id, title, duration, genre, release_date, popularity_rank, image) VALUES (873, 126, 'Song BdBJSUAZ1U', 338, 'Pop', '2009-12-31', 499, 'https://picsum.photos/id/299/200/200');
INSERT INTO SONGS (song_id, album_id, title, duration, genre, release_date, popularity_rank, image) VALUES (874, 155, 'Song XvVJzlzCiN', 196, 'Indie', '2013-04-10', 221, 'https://picsum.photos/id/289/200/200');
INSERT INTO SONGS (song_id, album_id, title, duration, genre, release_date, popularity_rank, image) VALUES (875, 159, 'Song YA5hu9LDmE', 401, 'Pop', '2017-03-16', 231, 'https://picsum.photos/id/262/200/200');
INSERT INTO SONGS (song_id, album_id, title, duration, genre, release_date, popularity_rank, image) VALUES (876, 141, 'Song o3e9jmJHmn', 466, 'Folk', '2008-03-10', 546, 'https://picsum.photos/id/289/200/200');
INSERT INTO SONGS (song_id, album_id, title, duration, genre, release_date, popularity_rank, image) VALUES (877, 53, 'Song vaWmRoT59K', 468, 'Hip Hop', '2012-07-15', 646, 'https://picsum.photos/id/249/200/200');
INSERT INTO SONGS (song_id, album_id, title, duration, genre, release_date, popularity_rank, image) VALUES (878, 181, 'Song WB6R5E6RuV', 303, 'Blues', '2013-08-09', 278, 'https://picsum.photos/id/245/200/200');
INSERT INTO SONGS (song_id, album_id, title, duration, genre, release_date, popularity_rank, image) VALUES (879, 133, 'Song tsW314ulBF', 301, 'Reggae', '2019-05-01', 477, 'https://picsum.photos/id/284/200/200');
INSERT INTO SONGS (song_id, album_id, title, duration, genre, release_date, popularity_rank, image) VALUES (880, 125, 'Song yDe2b9TVkk', 472, 'Jazz', '2010-07-14', 829, 'https://picsum.photos/id/287/200/200');
INSERT INTO SONGS (song_id, album_id, title, duration, genre, release_date, popularity_rank, image) VALUES (881, 28, 'Song LLMbCjkKnf', 268, 'Hip Hop', '2018-08-17', 995, 'https://picsum.photos/id/294/200/200');
INSERT INTO SONGS (song_id, album_id, title, duration, genre, release_date, popularity_rank, image) VALUES (882, 9, 'Song YHVQAtbAx9', 248, 'Folk', '2013-09-27', 546, 'https://picsum.photos/id/254/200/200');
INSERT INTO SONGS (song_id, album_id, title, duration, genre, release_date, popularity_rank, image) VALUES (883, 102, 'Song nSY2Z7tw6p', 429, 'Reggae', '2017-02-14', 443, 'https://picsum.photos/id/283/200/200');
INSERT INTO SONGS (song_id, album_id, title, duration, genre, release_date, popularity_rank, image) VALUES (884, 191, 'Song 0X7Xb0L1Rw', 327, 'Jazz', '2017-04-15', 101, 'https://picsum.photos/id/233/200/200');
INSERT INTO SONGS (song_id, album_id, title, duration, genre, release_date, popularity_rank, image) VALUES (885, 146, 'Song vrjJoe4J8b', 205, 'Dance', '2021-07-24', 857, 'https://picsum.photos/id/268/200/200');
INSERT INTO SONGS (song_id, album_id, title, duration, genre, release_date, popularity_rank, image) VALUES (886, 2, 'Song eia34vJacd', 467, 'Indie', '2014-02-10', 705, 'https://picsum.photos/id/270/200/200');
INSERT INTO SONGS (song_id, album_id, title, duration, genre, release_date, popularity_rank, image) VALUES (887, 33, 'Song hUfRCm7f4T', 248, 'Metal', '2009-07-14', 196, 'https://picsum.photos/id/286/200/200');
INSERT INTO SONGS (song_id, album_id, title, duration, genre, release_date, popularity_rank, image) VALUES (888, 39, 'Song JgTnR7ToeT', 124, 'Indie', '2014-10-24', 772, 'https://picsum.photos/id/216/200/200');
INSERT INTO SONGS (song_id, album_id, title, duration, genre, release_date, popularity_rank, image) VALUES (889, 82, 'Song 2a2mSLizXm', 431, 'Hip Hop', '2023-08-01', 948, 'https://picsum.photos/id/291/200/200');
INSERT INTO SONGS (song_id, album_id, title, duration, genre, release_date, popularity_rank, image) VALUES (890, 105, 'Song 8S87lJdpzY', 463, 'Pop', '2011-11-19', 378, 'https://picsum.photos/id/214/200/200');
INSERT INTO SONGS (song_id, album_id, title, duration, genre, release_date, popularity_rank, image) VALUES (891, 141, 'Song PO7mKqcv85', 288, 'Dance', '2023-03-01', 85, 'https://picsum.photos/id/208/200/200');
INSERT INTO SONGS (song_id, album_id, title, duration, genre, release_date, popularity_rank, image) VALUES (892, 135, 'Song 8BNlPgTWbh', 471, 'Metal', '2011-08-16', 767, 'https://picsum.photos/id/212/200/200');
INSERT INTO SONGS (song_id, album_id, title, duration, genre, release_date, popularity_rank, image) VALUES (893, 37, 'Song p0E5R00O4C', 394, 'Rock', '2009-11-12', 613, 'https://picsum.photos/id/262/200/200');
INSERT INTO SONGS (song_id, album_id, title, duration, genre, release_date, popularity_rank, image) VALUES (894, 130, 'Song 8PhXEyQmvo', 296, 'Reggae', '2022-02-04', 456, 'https://picsum.photos/id/233/200/200');
INSERT INTO SONGS (song_id, album_id, title, duration, genre, release_date, popularity_rank, image) VALUES (895, 152, 'Song 2FvU0RIfFG', 185, 'Electronic', '2010-09-12', 77, 'https://picsum.photos/id/264/200/200');
INSERT INTO SONGS (song_id, album_id, title, duration, genre, release_date, popularity_rank, image) VALUES (896, 116, 'Song nJwlfQE7yY', 163, 'Dance', '2016-01-15', 719, 'https://picsum.photos/id/242/200/200');
INSERT INTO SONGS (song_id, album_id, title, duration, genre, release_date, popularity_rank, image) VALUES (897, 8, 'Song zDxiPo8M81', 331, 'Pop', '2024-01-07', 532, 'https://picsum.photos/id/214/200/200');
INSERT INTO SONGS (song_id, album_id, title, duration, genre, release_date, popularity_rank, image) VALUES (898, 53, 'Song koY6rgHB4n', 143, 'Classical', '2019-12-13', 696, 'https://picsum.photos/id/286/200/200');
INSERT INTO SONGS (song_id, album_id, title, duration, genre, release_date, popularity_rank, image) VALUES (899, 85, 'Song dz9ipGnyj9', 371, 'Country', '2017-08-07', 185, 'https://picsum.photos/id/210/200/200');
INSERT INTO SONGS (song_id, album_id, title, duration, genre, release_date, popularity_rank, image) VALUES (900, 73, 'Song ZNKt4iNdK1', 444, 'Jazz', '2020-12-18', 921, 'https://picsum.photos/id/257/200/200');
INSERT INTO SONGS (song_id, album_id, title, duration, genre, release_date, popularity_rank, image) VALUES (901, 45, 'Song OibWcM6TsK', 464, 'Indie', '2014-11-25', 694, 'https://picsum.photos/id/290/200/200');
INSERT INTO SONGS (song_id, album_id, title, duration, genre, release_date, popularity_rank, image) VALUES (902, 46, 'Song hbI2a99DzL', 361, 'Jazz', '2022-06-02', 655, 'https://picsum.photos/id/218/200/200');
INSERT INTO SONGS (song_id, album_id, title, duration, genre, release_date, popularity_rank, image) VALUES (903, 56, 'Song fHjXlcVcT3', 263, 'Jazz', '2023-04-20', 362, 'https://picsum.photos/id/221/200/200');
INSERT INTO SONGS (song_id, album_id, title, duration, genre, release_date, popularity_rank, image) VALUES (904, 10, 'Song FEHMQIROiP', 342, 'Pop', '2016-04-24', 64, 'https://picsum.photos/id/293/200/200');
INSERT INTO SONGS (song_id, album_id, title, duration, genre, release_date, popularity_rank, image) VALUES (905, 190, 'Song fnVTyM0X8p', 410, 'Pop', '2022-03-16', 583, 'https://picsum.photos/id/211/200/200');
INSERT INTO SONGS (song_id, album_id, title, duration, genre, release_date, popularity_rank, image) VALUES (906, 22, 'Song MRTud60z9W', 169, 'Electronic', '2018-11-23', 266, 'https://picsum.photos/id/203/200/200');
INSERT INTO SONGS (song_id, album_id, title, duration, genre, release_date, popularity_rank, image) VALUES (907, 138, 'Song D6F5b8mr6Y', 141, 'Metal', '2014-07-24', 43, 'https://picsum.photos/id/202/200/200');
INSERT INTO SONGS (song_id, album_id, title, duration, genre, release_date, popularity_rank, image) VALUES (908, 97, 'Song dsv4jbrFov', 463, 'R&B', '2011-08-14', 861, 'https://picsum.photos/id/239/200/200');
INSERT INTO SONGS (song_id, album_id, title, duration, genre, release_date, popularity_rank, image) VALUES (909, 47, 'Song ieUbRl31nx', 340, 'Jazz', '2008-03-16', 332, 'https://picsum.photos/id/273/200/200');
INSERT INTO SONGS (song_id, album_id, title, duration, genre, release_date, popularity_rank, image) VALUES (910, 175, 'Song yZAeD0lK40', 156, 'Folk', '2016-08-08', 157, 'https://picsum.photos/id/292/200/200');
INSERT INTO SONGS (song_id, album_id, title, duration, genre, release_date, popularity_rank, image) VALUES (911, 144, 'Song e5uCZtFpPY', 464, 'Country', '2024-01-05', 74, 'https://picsum.photos/id/275/200/200');
INSERT INTO SONGS (song_id, album_id, title, duration, genre, release_date, popularity_rank, image) VALUES (912, 14, 'Song 3d9ffYrwvI', 445, 'Alternative', '2018-01-16', 941, 'https://picsum.photos/id/258/200/200');
INSERT INTO SONGS (song_id, album_id, title, duration, genre, release_date, popularity_rank, image) VALUES (913, 104, 'Song 7Avwtkt6s1', 356, 'Reggae', '2008-09-04', 759, 'https://picsum.photos/id/251/200/200');
INSERT INTO SONGS (song_id, album_id, title, duration, genre, release_date, popularity_rank, image) VALUES (914, 11, 'Song 9Pofbmc4e3', 402, 'Alternative', '2008-10-09', 433, 'https://picsum.photos/id/296/200/200');
INSERT INTO SONGS (song_id, album_id, title, duration, genre, release_date, popularity_rank, image) VALUES (915, 69, 'Song 2CqYL4Wqtc', 432, 'Rock', '2012-10-18', 855, 'https://picsum.photos/id/282/200/200');
INSERT INTO SONGS (song_id, album_id, title, duration, genre, release_date, popularity_rank, image) VALUES (916, 130, 'Song uj3EePeWtz', 479, 'Country', '2014-06-05', 167, 'https://picsum.photos/id/275/200/200');
INSERT INTO SONGS (song_id, album_id, title, duration, genre, release_date, popularity_rank, image) VALUES (917, 14, 'Song eGQRazkERH', 336, 'Folk', '2024-04-12', 814, 'https://picsum.photos/id/274/200/200');
INSERT INTO SONGS (song_id, album_id, title, duration, genre, release_date, popularity_rank, image) VALUES (918, 166, 'Song KIXrijmNzC', 278, 'Indie', '2022-10-09', 115, 'https://picsum.photos/id/293/200/200');
INSERT INTO SONGS (song_id, album_id, title, duration, genre, release_date, popularity_rank, image) VALUES (919, 83, 'Song g4iabHlX0P', 288, 'Folk', '2012-01-16', 178, 'https://picsum.photos/id/239/200/200');
INSERT INTO SONGS (song_id, album_id, title, duration, genre, release_date, popularity_rank, image) VALUES (920, 132, 'Song 8W15mwfVW0', 480, 'Blues', '2015-10-16', 535, 'https://picsum.photos/id/250/200/200');
INSERT INTO SONGS (song_id, album_id, title, duration, genre, release_date, popularity_rank, image) VALUES (921, 155, 'Song 9TavilPzUA', 141, 'Alternative', '2009-07-01', 773, 'https://picsum.photos/id/270/200/200');
INSERT INTO SONGS (song_id, album_id, title, duration, genre, release_date, popularity_rank, image) VALUES (922, 178, 'Song nVQtPjMDSP', 339, 'Jazz', '2008-10-11', 398, 'https://picsum.photos/id/287/200/200');
INSERT INTO SONGS (song_id, album_id, title, duration, genre, release_date, popularity_rank, image) VALUES (923, 57, 'Song bxhXasdpXE', 139, 'Jazz', '2016-12-25', 822, 'https://picsum.photos/id/206/200/200');
INSERT INTO SONGS (song_id, album_id, title, duration, genre, release_date, popularity_rank, image) VALUES (924, 54, 'Song XQKojzL9kO', 416, 'Reggae', '2009-11-03', 462, 'https://picsum.photos/id/222/200/200');
INSERT INTO SONGS (song_id, album_id, title, duration, genre, release_date, popularity_rank, image) VALUES (925, 175, 'Song QbDVKIpqG3', 162, 'Folk', '2009-12-14', 68, 'https://picsum.photos/id/270/200/200');
INSERT INTO SONGS (song_id, album_id, title, duration, genre, release_date, popularity_rank, image) VALUES (926, 79, 'Song 6BasFm1Z6r', 380, 'R&B', '2019-08-21', 140, 'https://picsum.photos/id/228/200/200');
INSERT INTO SONGS (song_id, album_id, title, duration, genre, release_date, popularity_rank, image) VALUES (927, 181, 'Song 74Ky1U8A7r', 278, 'Hip Hop', '2010-04-09', 25, 'https://picsum.photos/id/220/200/200');
INSERT INTO SONGS (song_id, album_id, title, duration, genre, release_date, popularity_rank, image) VALUES (928, 102, 'Song lK7Rse51mp', 403, 'Folk', '2023-03-18', 375, 'https://picsum.photos/id/223/200/200');
INSERT INTO SONGS (song_id, album_id, title, duration, genre, release_date, popularity_rank, image) VALUES (929, 10, 'Song qDnLnKK3Gk', 167, 'Rock', '2009-02-10', 495, 'https://picsum.photos/id/211/200/200');
INSERT INTO SONGS (song_id, album_id, title, duration, genre, release_date, popularity_rank, image) VALUES (930, 188, 'Song C8Or7WQfdg', 134, 'Jazz', '2010-09-29', 936, 'https://picsum.photos/id/256/200/200');
INSERT INTO SONGS (song_id, album_id, title, duration, genre, release_date, popularity_rank, image) VALUES (931, 9, 'Song PNkxek2PIe', 343, 'Blues', '2023-08-04', 835, 'https://picsum.photos/id/269/200/200');
INSERT INTO SONGS (song_id, album_id, title, duration, genre, release_date, popularity_rank, image) VALUES (932, 111, 'Song SLvFJzNvp8', 342, 'Country', '2019-10-23', 49, 'https://picsum.photos/id/250/200/200');
INSERT INTO SONGS (song_id, album_id, title, duration, genre, release_date, popularity_rank, image) VALUES (933, 60, 'Song LuHNOp7yam', 283, 'Metal', '2020-11-30', 479, 'https://picsum.photos/id/219/200/200');
INSERT INTO SONGS (song_id, album_id, title, duration, genre, release_date, popularity_rank, image) VALUES (934, 169, 'Song z3g7kp1i3J', 287, 'Jazz', '2017-04-05', 119, 'https://picsum.photos/id/261/200/200');
INSERT INTO SONGS (song_id, album_id, title, duration, genre, release_date, popularity_rank, image) VALUES (935, 12, 'Song RQqTPeRt3a', 251, 'Hip Hop', '2012-05-16', 911, 'https://picsum.photos/id/238/200/200');
INSERT INTO SONGS (song_id, album_id, title, duration, genre, release_date, popularity_rank, image) VALUES (936, 142, 'Song MxV1YOogvk', 121, 'Electronic', '2010-07-04', 450, 'https://picsum.photos/id/283/200/200');
INSERT INTO SONGS (song_id, album_id, title, duration, genre, release_date, popularity_rank, image) VALUES (937, 186, 'Song XOCcoSmhkx', 426, 'Jazz', '2009-05-11', 687, 'https://picsum.photos/id/241/200/200');
INSERT INTO SONGS (song_id, album_id, title, duration, genre, release_date, popularity_rank, image) VALUES (938, 17, 'Song 4AgnEMBjDF', 451, 'Indie', '2023-02-15', 523, 'https://picsum.photos/id/273/200/200');
INSERT INTO SONGS (song_id, album_id, title, duration, genre, release_date, popularity_rank, image) VALUES (939, 96, 'Song GHp2a9E3RZ', 361, 'Reggae', '2015-04-24', 465, 'https://picsum.photos/id/232/200/200');
INSERT INTO SONGS (song_id, album_id, title, duration, genre, release_date, popularity_rank, image) VALUES (940, 51, 'Song gjMpLEE5aF', 456, 'Dance', '2013-05-03', 865, 'https://picsum.photos/id/276/200/200');
INSERT INTO SONGS (song_id, album_id, title, duration, genre, release_date, popularity_rank, image) VALUES (941, 119, 'Song J70KY5CVAh', 158, 'Dance', '2012-08-05', 888, 'https://picsum.photos/id/202/200/200');
INSERT INTO SONGS (song_id, album_id, title, duration, genre, release_date, popularity_rank, image) VALUES (942, 79, 'Song udfve8Vdpp', 162, 'Blues', '2018-09-05', 668, 'https://picsum.photos/id/285/200/200');
INSERT INTO SONGS (song_id, album_id, title, duration, genre, release_date, popularity_rank, image) VALUES (943, 143, 'Song k2KWKM1TpY', 136, 'Indie', '2009-07-04', 493, 'https://picsum.photos/id/282/200/200');
INSERT INTO SONGS (song_id, album_id, title, duration, genre, release_date, popularity_rank, image) VALUES (944, 9, 'Song vZrS9gbRc3', 155, 'Indie', '2008-10-19', 311, 'https://picsum.photos/id/284/200/200');
INSERT INTO SONGS (song_id, album_id, title, duration, genre, release_date, popularity_rank, image) VALUES (945, 25, 'Song 5hdbPJi9k9', 298, 'Folk', '2011-01-05', 56, 'https://picsum.photos/id/242/200/200');
INSERT INTO SONGS (song_id, album_id, title, duration, genre, release_date, popularity_rank, image) VALUES (946, 26, 'Song yu0ARXElIS', 251, 'Pop', '2014-05-19', 554, 'https://picsum.photos/id/218/200/200');
INSERT INTO SONGS (song_id, album_id, title, duration, genre, release_date, popularity_rank, image) VALUES (947, 31, 'Song dJULFsd70a', 415, 'Hip Hop', '2019-05-14', 741, 'https://picsum.photos/id/211/200/200');
INSERT INTO SONGS (song_id, album_id, title, duration, genre, release_date, popularity_rank, image) VALUES (948, 194, 'Song HTzCyt0Mwy', 207, 'Rock', '2019-08-26', 908, 'https://picsum.photos/id/285/200/200');
INSERT INTO SONGS (song_id, album_id, title, duration, genre, release_date, popularity_rank, image) VALUES (949, 195, 'Song LLjAGCxGzm', 267, 'R&B', '2012-11-09', 229, 'https://picsum.photos/id/207/200/200');
INSERT INTO SONGS (song_id, album_id, title, duration, genre, release_date, popularity_rank, image) VALUES (950, 167, 'Song 9FsCy0Qizn', 269, 'Alternative', '2019-04-25', 198, 'https://picsum.photos/id/275/200/200');
INSERT INTO SONGS (song_id, album_id, title, duration, genre, release_date, popularity_rank, image) VALUES (951, 1, 'Song UI3KBImxge', 378, 'Pop', '2020-02-05', 967, 'https://picsum.photos/id/221/200/200');
INSERT INTO SONGS (song_id, album_id, title, duration, genre, release_date, popularity_rank, image) VALUES (952, 145, 'Song pcQ8OYn8sQ', 473, 'Electronic', '2023-12-14', 782, 'https://picsum.photos/id/220/200/200');
INSERT INTO SONGS (song_id, album_id, title, duration, genre, release_date, popularity_rank, image) VALUES (953, 42, 'Song P1P9k9TrT6', 180, 'Metal', '2021-02-21', 4, 'https://picsum.photos/id/278/200/200');
INSERT INTO SONGS (song_id, album_id, title, duration, genre, release_date, popularity_rank, image) VALUES (954, 130, 'Song Re7It9FrgH', 214, 'Indie', '2022-12-14', 37, 'https://picsum.photos/id/257/200/200');
INSERT INTO SONGS (song_id, album_id, title, duration, genre, release_date, popularity_rank, image) VALUES (955, 38, 'Song esBbd9pZBX', 463, 'Reggae', '2015-03-17', 117, 'https://picsum.photos/id/279/200/200');
INSERT INTO SONGS (song_id, album_id, title, duration, genre, release_date, popularity_rank, image) VALUES (956, 132, 'Song BocdffzZm6', 458, 'Classical', '2008-05-08', 423, 'https://picsum.photos/id/285/200/200');
INSERT INTO SONGS (song_id, album_id, title, duration, genre, release_date, popularity_rank, image) VALUES (957, 35, 'Song Wbp4yFH5j5', 276, 'Jazz', '2015-05-11', 175, 'https://picsum.photos/id/201/200/200');
INSERT INTO SONGS (song_id, album_id, title, duration, genre, release_date, popularity_rank, image) VALUES (958, 68, 'Song FrNfTSu3o1', 329, 'Hip Hop', '2020-03-21', 712, 'https://picsum.photos/id/266/200/200');
INSERT INTO SONGS (song_id, album_id, title, duration, genre, release_date, popularity_rank, image) VALUES (959, 123, 'Song oVYYBqwrzm', 309, 'Jazz', '2015-03-03', 635, 'https://picsum.photos/id/221/200/200');
INSERT INTO SONGS (song_id, album_id, title, duration, genre, release_date, popularity_rank, image) VALUES (960, 163, 'Song A34CcUEiwH', 466, 'Country', '2019-06-01', 287, 'https://picsum.photos/id/233/200/200');
INSERT INTO SONGS (song_id, album_id, title, duration, genre, release_date, popularity_rank, image) VALUES (961, 3, 'Song 825hxiQnlg', 433, 'Country', '2011-09-11', 519, 'https://picsum.photos/id/246/200/200');
INSERT INTO SONGS (song_id, album_id, title, duration, genre, release_date, popularity_rank, image) VALUES (962, 122, 'Song 940tzbJ8vz', 477, 'Folk', '2023-10-17', 937, 'https://picsum.photos/id/242/200/200');
INSERT INTO SONGS (song_id, album_id, title, duration, genre, release_date, popularity_rank, image) VALUES (963, 3, 'Song zajnLfYQjn', 141, 'Indie', '2018-08-22', 766, 'https://picsum.photos/id/230/200/200');
INSERT INTO SONGS (song_id, album_id, title, duration, genre, release_date, popularity_rank, image) VALUES (964, 1, 'Song 7tJbLO0kFy', 313, 'Hip Hop', '2018-11-14', 651, 'https://picsum.photos/id/207/200/200');
INSERT INTO SONGS (song_id, album_id, title, duration, genre, release_date, popularity_rank, image) VALUES (965, 69, 'Song ugyuPcHMu8', 332, 'Pop', '2017-09-10', 472, 'https://picsum.photos/id/236/200/200');
INSERT INTO SONGS (song_id, album_id, title, duration, genre, release_date, popularity_rank, image) VALUES (966, 27, 'Song OX507RmY2J', 128, 'Indie', '2016-06-28', 676, 'https://picsum.photos/id/234/200/200');
INSERT INTO SONGS (song_id, album_id, title, duration, genre, release_date, popularity_rank, image) VALUES (967, 83, 'Song U0bNVMn0Y7', 220, 'Electronic', '2008-05-12', 847, 'https://picsum.photos/id/268/200/200');
INSERT INTO SONGS (song_id, album_id, title, duration, genre, release_date, popularity_rank, image) VALUES (968, 108, 'Song AdPQf4NJax', 376, 'Reggae', '2019-05-26', 587, 'https://picsum.photos/id/279/200/200');
INSERT INTO SONGS (song_id, album_id, title, duration, genre, release_date, popularity_rank, image) VALUES (969, 200, 'Song SNjm9ygDAE', 174, 'Rock', '2017-12-06', 425, 'https://picsum.photos/id/291/200/200');
INSERT INTO SONGS (song_id, album_id, title, duration, genre, release_date, popularity_rank, image) VALUES (970, 113, 'Song b8mZgNGjmH', 194, 'Electronic', '2011-07-02', 708, 'https://picsum.photos/id/253/200/200');
INSERT INTO SONGS (song_id, album_id, title, duration, genre, release_date, popularity_rank, image) VALUES (971, 169, 'Song MhLqMJFvAh', 445, 'Indie', '2010-08-12', 331, 'https://picsum.photos/id/241/200/200');
INSERT INTO SONGS (song_id, album_id, title, duration, genre, release_date, popularity_rank, image) VALUES (972, 124, 'Song a7tpYvuqSe', 415, 'Electronic', '2010-11-26', 629, 'https://picsum.photos/id/233/200/200');
INSERT INTO SONGS (song_id, album_id, title, duration, genre, release_date, popularity_rank, image) VALUES (973, 130, 'Song wxWpjwYrfY', 290, 'Alternative', '2012-11-11', 352, 'https://picsum.photos/id/211/200/200');
INSERT INTO SONGS (song_id, album_id, title, duration, genre, release_date, popularity_rank, image) VALUES (974, 53, 'Song oCliInS0bM', 176, 'Blues', '2021-03-12', 841, 'https://picsum.photos/id/279/200/200');
INSERT INTO SONGS (song_id, album_id, title, duration, genre, release_date, popularity_rank, image) VALUES (975, 156, 'Song rVCENXTfix', 352, 'Folk', '2012-02-07', 279, 'https://picsum.photos/id/226/200/200');
INSERT INTO SONGS (song_id, album_id, title, duration, genre, release_date, popularity_rank, image) VALUES (976, 63, 'Song QKCizbNEIt', 435, 'Pop', '2009-09-27', 311, 'https://picsum.photos/id/257/200/200');
INSERT INTO SONGS (song_id, album_id, title, duration, genre, release_date, popularity_rank, image) VALUES (977, 158, 'Song Pr42FiAXSG', 388, 'Hip Hop', '2016-04-25', 829, 'https://picsum.photos/id/228/200/200');
INSERT INTO SONGS (song_id, album_id, title, duration, genre, release_date, popularity_rank, image) VALUES (978, 182, 'Song q2l86D4ffd', 199, 'Reggae', '2012-10-07', 873, 'https://picsum.photos/id/271/200/200');
INSERT INTO SONGS (song_id, album_id, title, duration, genre, release_date, popularity_rank, image) VALUES (979, 140, 'Song SamXCMwaFa', 458, 'Country', '2010-11-18', 252, 'https://picsum.photos/id/247/200/200');
INSERT INTO SONGS (song_id, album_id, title, duration, genre, release_date, popularity_rank, image) VALUES (980, 68, 'Song hZP183Cgbg', 188, 'Alternative', '2020-06-21', 963, 'https://picsum.photos/id/231/200/200');
INSERT INTO SONGS (song_id, album_id, title, duration, genre, release_date, popularity_rank, image) VALUES (981, 119, 'Song dBTuH1dX1V', 380, 'Jazz', '2018-07-02', 786, 'https://picsum.photos/id/248/200/200');
INSERT INTO SONGS (song_id, album_id, title, duration, genre, release_date, popularity_rank, image) VALUES (982, 2, 'Song 8sA6f3qlDH', 174, 'Indie', '2010-04-18', 272, 'https://picsum.photos/id/212/200/200');
INSERT INTO SONGS (song_id, album_id, title, duration, genre, release_date, popularity_rank, image) VALUES (983, 142, 'Song 9wPeQka4yG', 204, 'Country', '2020-08-05', 44, 'https://picsum.photos/id/208/200/200');
INSERT INTO SONGS (song_id, album_id, title, duration, genre, release_date, popularity_rank, image) VALUES (984, 89, 'Song 0mTA5j6Jxr', 437, 'Rock', '2009-05-21', 567, 'https://picsum.photos/id/238/200/200');
INSERT INTO SONGS (song_id, album_id, title, duration, genre, release_date, popularity_rank, image) VALUES (985, 175, 'Song HEXF60VGso', 399, 'Electronic', '2013-03-15', 752, 'https://picsum.photos/id/239/200/200');
INSERT INTO SONGS (song_id, album_id, title, duration, genre, release_date, popularity_rank, image) VALUES (986, 95, 'Song vbDLzxPC9o', 131, 'Folk', '2008-07-07', 85, 'https://picsum.photos/id/234/200/200');
INSERT INTO SONGS (song_id, album_id, title, duration, genre, release_date, popularity_rank, image) VALUES (987, 143, 'Song eqMY5dazGc', 174, 'Classical', '2013-07-11', 660, 'https://picsum.photos/id/202/200/200');
INSERT INTO SONGS (song_id, album_id, title, duration, genre, release_date, popularity_rank, image) VALUES (988, 187, 'Song BXP2aIOUMT', 156, 'Classical', '2016-02-27', 295, 'https://picsum.photos/id/291/200/200');
INSERT INTO SONGS (song_id, album_id, title, duration, genre, release_date, popularity_rank, image) VALUES (989, 78, 'Song sv7vUESSuD', 454, 'Classical', '2021-03-30', 56, 'https://picsum.photos/id/253/200/200');
INSERT INTO SONGS (song_id, album_id, title, duration, genre, release_date, popularity_rank, image) VALUES (990, 28, 'Song FHQYDKG0d7', 446, 'Reggae', '2021-05-22', 830, 'https://picsum.photos/id/282/200/200');
INSERT INTO SONGS (song_id, album_id, title, duration, genre, release_date, popularity_rank, image) VALUES (991, 2, 'Song 3MVXDWsyK4', 461, 'Electronic', '2018-10-04', 679, 'https://picsum.photos/id/219/200/200');
INSERT INTO SONGS (song_id, album_id, title, duration, genre, release_date, popularity_rank, image) VALUES (992, 96, 'Song 5gQbYgn35I', 156, 'R&B', '2023-05-28', 311, 'https://picsum.photos/id/220/200/200');
INSERT INTO SONGS (song_id, album_id, title, duration, genre, release_date, popularity_rank, image) VALUES (993, 174, 'Song OlgLQbwdxb', 243, 'Metal', '2016-12-03', 841, 'https://picsum.photos/id/220/200/200');
INSERT INTO SONGS (song_id, album_id, title, duration, genre, release_date, popularity_rank, image) VALUES (994, 8, 'Song dR5iv6O8ql', 132, 'Electronic', '2010-12-20', 133, 'https://picsum.photos/id/202/200/200');
INSERT INTO SONGS (song_id, album_id, title, duration, genre, release_date, popularity_rank, image) VALUES (995, 46, 'Song lffv3FIwLd', 165, 'Electronic', '2018-08-08', 298, 'https://picsum.photos/id/246/200/200');
INSERT INTO SONGS (song_id, album_id, title, duration, genre, release_date, popularity_rank, image) VALUES (996, 33, 'Song G2VAssylAU', 405, 'Indie', '2017-06-09', 190, 'https://picsum.photos/id/221/200/200');
INSERT INTO SONGS (song_id, album_id, title, duration, genre, release_date, popularity_rank, image) VALUES (997, 118, 'Song OtHA6Da0Os', 391, 'Blues', '2015-08-27', 775, 'https://picsum.photos/id/280/200/200');
INSERT INTO SONGS (song_id, album_id, title, duration, genre, release_date, popularity_rank, image) VALUES (998, 60, 'Song BveDLghqlX', 461, 'Blues', '2013-10-19', 188, 'https://picsum.photos/id/242/200/200');
INSERT INTO SONGS (song_id, album_id, title, duration, genre, release_date, popularity_rank, image) VALUES (999, 110, 'Song FL6Wmw3QnD', 174, 'Metal', '2023-09-17', 249, 'https://picsum.photos/id/286/200/200');
INSERT INTO SONGS (song_id, album_id, title, duration, genre, release_date, popularity_rank, image) VALUES (1000, 168, 'Song wqEIoZS2SI', 225, 'Pop', '2017-06-16', 248, 'https://picsum.photos/id/257/200/200');

-- PLAYLISTS Data --
INSERT INTO PLAYLISTS (playlist_id, user_id, title, description, date_created, image) VALUES (1, 19, 'My Blues Playlist 20', 'A collection of Blues tunes.', '2022-09-28', 'https://picsum.photos/id/308/180/180');
INSERT INTO PLAYLISTS (playlist_id, user_id, title, description, date_created, image) VALUES (2, 6, 'My Folk Playlist 70', 'A collection of Alternative tunes.', '2020-07-08', 'https://picsum.photos/id/393/180/180');
INSERT INTO PLAYLISTS (playlist_id, user_id, title, description, date_created, image) VALUES (3, 73, 'My Hip Hop Playlist 77', 'A collection of R&B tunes.', '2021-03-13', 'https://picsum.photos/id/378/180/180');
INSERT INTO PLAYLISTS (playlist_id, user_id, title, description, date_created, image) VALUES (4, 60, 'My Dance Playlist 45', 'A collection of Rock tunes.', '2023-06-30', 'https://picsum.photos/id/353/180/180');
INSERT INTO PLAYLISTS (playlist_id, user_id, title, description, date_created, image) VALUES (5, 57, 'My Indie Playlist 35', 'A collection of Reggae tunes.', '2022-06-09', 'https://picsum.photos/id/366/180/180');
INSERT INTO PLAYLISTS (playlist_id, user_id, title, description, date_created, image) VALUES (6, 75, 'My Electronic Playlist 23', 'A collection of Alternative tunes.', '2021-12-03', 'https://picsum.photos/id/397/180/180');
INSERT INTO PLAYLISTS (playlist_id, user_id, title, description, date_created, image) VALUES (7, 52, 'My Folk Playlist 87', 'A collection of Blues tunes.', '2021-03-30', 'https://picsum.photos/id/330/180/180');
INSERT INTO PLAYLISTS (playlist_id, user_id, title, description, date_created, image) VALUES (8, 20, 'My Dance Playlist 8', 'A collection of Classical tunes.', '2020-11-24', 'https://picsum.photos/id/324/180/180');
INSERT INTO PLAYLISTS (playlist_id, user_id, title, description, date_created, image) VALUES (9, 44, 'My Indie Playlist 39', 'A collection of Reggae tunes.', '2022-07-23', 'https://picsum.photos/id/341/180/180');
INSERT INTO PLAYLISTS (playlist_id, user_id, title, description, date_created, image) VALUES (10, 8, 'My Electronic Playlist 85', 'A collection of Pop tunes.', '2022-12-03', 'https://picsum.photos/id/354/180/180');
INSERT INTO PLAYLISTS (playlist_id, user_id, title, description, date_created, image) VALUES (11, 29, 'My Jazz Playlist 52', 'A collection of Classical tunes.', '2020-10-20', 'https://picsum.photos/id/309/180/180');
INSERT INTO PLAYLISTS (playlist_id, user_id, title, description, date_created, image) VALUES (12, 91, 'My Blues Playlist 20', 'A collection of Reggae tunes.', '2021-09-29', 'https://picsum.photos/id/335/180/180');
INSERT INTO PLAYLISTS (playlist_id, user_id, title, description, date_created, image) VALUES (13, 48, 'My R&B Playlist 1', 'A collection of Pop tunes.', '2023-02-08', 'https://picsum.photos/id/371/180/180');
INSERT INTO PLAYLISTS (playlist_id, user_id, title, description, date_created, image) VALUES (14, 64, 'My Indie Playlist 39', 'A collection of Folk tunes.', '2022-03-25', 'https://picsum.photos/id/385/180/180');
INSERT INTO PLAYLISTS (playlist_id, user_id, title, description, date_created, image) VALUES (15, 3, 'My Blues Playlist 8', 'A collection of Dance tunes.', '2020-04-02', 'https://picsum.photos/id/344/180/180');
INSERT INTO PLAYLISTS (playlist_id, user_id, title, description, date_created, image) VALUES (16, 45, 'My Electronic Playlist 3', 'A collection of R&B tunes.', '2023-11-20', 'https://picsum.photos/id/327/180/180');
INSERT INTO PLAYLISTS (playlist_id, user_id, title, description, date_created, image) VALUES (17, 10, 'My Electronic Playlist 61', 'A collection of Electronic tunes.', '2023-02-05', 'https://picsum.photos/id/371/180/180');
INSERT INTO PLAYLISTS (playlist_id, user_id, title, description, date_created, image) VALUES (18, 77, 'My Metal Playlist 51', 'A collection of Folk tunes.', '2021-12-30', 'https://picsum.photos/id/365/180/180');
INSERT INTO PLAYLISTS (playlist_id, user_id, title, description, date_created, image) VALUES (19, 19, 'My Blues Playlist 14', 'A collection of Indie tunes.', '2022-10-06', 'https://picsum.photos/id/335/180/180');
INSERT INTO PLAYLISTS (playlist_id, user_id, title, description, date_created, image) VALUES (20, 43, 'My Metal Playlist 88', 'A collection of Indie tunes.', '2023-02-21', 'https://picsum.photos/id/368/180/180');
INSERT INTO PLAYLISTS (playlist_id, user_id, title, description, date_created, image) VALUES (21, 91, 'My Metal Playlist 100', 'A collection of Jazz tunes.', '2021-06-26', 'https://picsum.photos/id/370/180/180');
INSERT INTO PLAYLISTS (playlist_id, user_id, title, description, date_created, image) VALUES (22, 24, 'My Rock Playlist 55', 'A collection of R&B tunes.', '2021-01-30', 'https://picsum.photos/id/307/180/180');
INSERT INTO PLAYLISTS (playlist_id, user_id, title, description, date_created, image) VALUES (23, 57, 'My Classical Playlist 55', 'A collection of Rock tunes.', '2023-08-13', 'https://picsum.photos/id/341/180/180');
INSERT INTO PLAYLISTS (playlist_id, user_id, title, description, date_created, image) VALUES (24, 87, 'My Alternative Playlist 100', 'A collection of Indie tunes.', '2020-03-17', 'https://picsum.photos/id/379/180/180');
INSERT INTO PLAYLISTS (playlist_id, user_id, title, description, date_created, image) VALUES (25, 4, 'My R&B Playlist 37', 'A collection of Hip Hop tunes.', '2020-08-14', 'https://picsum.photos/id/383/180/180');
INSERT INTO PLAYLISTS (playlist_id, user_id, title, description, date_created, image) VALUES (26, 73, 'My Rock Playlist 71', 'A collection of Rock tunes.', '2020-11-13', 'https://picsum.photos/id/378/180/180');
INSERT INTO PLAYLISTS (playlist_id, user_id, title, description, date_created, image) VALUES (27, 78, 'My Hip Hop Playlist 98', 'A collection of Jazz tunes.', '2021-08-16', 'https://picsum.photos/id/331/180/180');
INSERT INTO PLAYLISTS (playlist_id, user_id, title, description, date_created, image) VALUES (28, 70, 'My R&B Playlist 15', 'A collection of R&B tunes.', '2023-06-25', 'https://picsum.photos/id/353/180/180');
INSERT INTO PLAYLISTS (playlist_id, user_id, title, description, date_created, image) VALUES (29, 63, 'My R&B Playlist 59', 'A collection of Alternative tunes.', '2022-10-28', 'https://picsum.photos/id/352/180/180');
INSERT INTO PLAYLISTS (playlist_id, user_id, title, description, date_created, image) VALUES (30, 61, 'My Pop Playlist 71', 'A collection of Folk tunes.', '2020-11-12', 'https://picsum.photos/id/390/180/180');
INSERT INTO PLAYLISTS (playlist_id, user_id, title, description, date_created, image) VALUES (31, 79, 'My R&B Playlist 4', 'A collection of Alternative tunes.', '2022-07-29', 'https://picsum.photos/id/329/180/180');
INSERT INTO PLAYLISTS (playlist_id, user_id, title, description, date_created, image) VALUES (32, 21, 'My Hip Hop Playlist 63', 'A collection of Blues tunes.', '2022-01-03', 'https://picsum.photos/id/334/180/180');
INSERT INTO PLAYLISTS (playlist_id, user_id, title, description, date_created, image) VALUES (33, 58, 'My Rock Playlist 57', 'A collection of Dance tunes.', '2020-05-05', 'https://picsum.photos/id/388/180/180');
INSERT INTO PLAYLISTS (playlist_id, user_id, title, description, date_created, image) VALUES (34, 39, 'My R&B Playlist 96', 'A collection of Metal tunes.', '2022-05-14', 'https://picsum.photos/id/346/180/180');
INSERT INTO PLAYLISTS (playlist_id, user_id, title, description, date_created, image) VALUES (35, 46, 'My Blues Playlist 61', 'A collection of R&B tunes.', '2022-12-05', 'https://picsum.photos/id/312/180/180');
INSERT INTO PLAYLISTS (playlist_id, user_id, title, description, date_created, image) VALUES (36, 93, 'My Electronic Playlist 14', 'A collection of Alternative tunes.', '2022-08-17', 'https://picsum.photos/id/350/180/180');
INSERT INTO PLAYLISTS (playlist_id, user_id, title, description, date_created, image) VALUES (37, 25, 'My Reggae Playlist 90', 'A collection of R&B tunes.', '2022-12-30', 'https://picsum.photos/id/336/180/180');
INSERT INTO PLAYLISTS (playlist_id, user_id, title, description, date_created, image) VALUES (38, 71, 'My Dance Playlist 13', 'A collection of Jazz tunes.', '2023-06-15', 'https://picsum.photos/id/348/180/180');
INSERT INTO PLAYLISTS (playlist_id, user_id, title, description, date_created, image) VALUES (39, 81, 'My Electronic Playlist 40', 'A collection of Blues tunes.', '2020-10-31', 'https://picsum.photos/id/375/180/180');
INSERT INTO PLAYLISTS (playlist_id, user_id, title, description, date_created, image) VALUES (40, 75, 'My Metal Playlist 5', 'A collection of Blues tunes.', '2023-09-10', 'https://picsum.photos/id/318/180/180');
INSERT INTO PLAYLISTS (playlist_id, user_id, title, description, date_created, image) VALUES (41, 46, 'My Electronic Playlist 72', 'A collection of Electronic tunes.', '2021-02-19', 'https://picsum.photos/id/305/180/180');
INSERT INTO PLAYLISTS (playlist_id, user_id, title, description, date_created, image) VALUES (42, 87, 'My Rock Playlist 94', 'A collection of Country tunes.', '2020-11-08', 'https://picsum.photos/id/395/180/180');
INSERT INTO PLAYLISTS (playlist_id, user_id, title, description, date_created, image) VALUES (43, 55, 'My Metal Playlist 81', 'A collection of Jazz tunes.', '2021-04-01', 'https://picsum.photos/id/330/180/180');
INSERT INTO PLAYLISTS (playlist_id, user_id, title, description, date_created, image) VALUES (44, 16, 'My Hip Hop Playlist 48', 'A collection of Classical tunes.', '2021-06-10', 'https://picsum.photos/id/387/180/180');
INSERT INTO PLAYLISTS (playlist_id, user_id, title, description, date_created, image) VALUES (45, 46, 'My Pop Playlist 59', 'A collection of R&B tunes.', '2023-09-17', 'https://picsum.photos/id/380/180/180');
INSERT INTO PLAYLISTS (playlist_id, user_id, title, description, date_created, image) VALUES (46, 32, 'My Folk Playlist 53', 'A collection of Indie tunes.', '2022-07-14', 'https://picsum.photos/id/355/180/180');
INSERT INTO PLAYLISTS (playlist_id, user_id, title, description, date_created, image) VALUES (47, 59, 'My Metal Playlist 80', 'A collection of Pop tunes.', '2022-01-22', 'https://picsum.photos/id/354/180/180');
INSERT INTO PLAYLISTS (playlist_id, user_id, title, description, date_created, image) VALUES (48, 71, 'My Rock Playlist 20', 'A collection of Classical tunes.', '2021-01-02', 'https://picsum.photos/id/380/180/180');
INSERT INTO PLAYLISTS (playlist_id, user_id, title, description, date_created, image) VALUES (49, 56, 'My Alternative Playlist 42', 'A collection of Folk tunes.', '2021-02-23', 'https://picsum.photos/id/372/180/180');
INSERT INTO PLAYLISTS (playlist_id, user_id, title, description, date_created, image) VALUES (50, 79, 'My Classical Playlist 82', 'A collection of Alternative tunes.', '2021-06-13', 'https://picsum.photos/id/389/180/180');
INSERT INTO PLAYLISTS (playlist_id, user_id, title, description, date_created, image) VALUES (51, 97, 'My Alternative Playlist 18', 'A collection of Alternative tunes.', '2022-06-10', 'https://picsum.photos/id/328/180/180');
INSERT INTO PLAYLISTS (playlist_id, user_id, title, description, date_created, image) VALUES (52, 6, 'My Pop Playlist 13', 'A collection of Alternative tunes.', '2023-09-29', 'https://picsum.photos/id/362/180/180');
INSERT INTO PLAYLISTS (playlist_id, user_id, title, description, date_created, image) VALUES (53, 37, 'My Country Playlist 2', 'A collection of Pop tunes.', '2020-02-23', 'https://picsum.photos/id/339/180/180');
INSERT INTO PLAYLISTS (playlist_id, user_id, title, description, date_created, image) VALUES (54, 52, 'My Metal Playlist 77', 'A collection of Blues tunes.', '2024-02-15', 'https://picsum.photos/id/379/180/180');
INSERT INTO PLAYLISTS (playlist_id, user_id, title, description, date_created, image) VALUES (55, 76, 'My R&B Playlist 26', 'A collection of Indie tunes.', '2020-05-20', 'https://picsum.photos/id/380/180/180');
INSERT INTO PLAYLISTS (playlist_id, user_id, title, description, date_created, image) VALUES (56, 62, 'My Blues Playlist 29', 'A collection of Indie tunes.', '2022-03-10', 'https://picsum.photos/id/320/180/180');
INSERT INTO PLAYLISTS (playlist_id, user_id, title, description, date_created, image) VALUES (57, 82, 'My Dance Playlist 41', 'A collection of R&B tunes.', '2021-11-12', 'https://picsum.photos/id/340/180/180');
INSERT INTO PLAYLISTS (playlist_id, user_id, title, description, date_created, image) VALUES (58, 26, 'My Alternative Playlist 93', 'A collection of R&B tunes.', '2020-09-12', 'https://picsum.photos/id/324/180/180');
INSERT INTO PLAYLISTS (playlist_id, user_id, title, description, date_created, image) VALUES (59, 4, 'My Indie Playlist 30', 'A collection of Jazz tunes.', '2021-04-18', 'https://picsum.photos/id/313/180/180');
INSERT INTO PLAYLISTS (playlist_id, user_id, title, description, date_created, image) VALUES (60, 71, 'My Country Playlist 46', 'A collection of Country tunes.', '2022-02-23', 'https://picsum.photos/id/398/180/180');
INSERT INTO PLAYLISTS (playlist_id, user_id, title, description, date_created, image) VALUES (61, 52, 'My Pop Playlist 25', 'A collection of Metal tunes.', '2023-05-17', 'https://picsum.photos/id/307/180/180');
INSERT INTO PLAYLISTS (playlist_id, user_id, title, description, date_created, image) VALUES (62, 46, 'My Alternative Playlist 76', 'A collection of Hip Hop tunes.', '2020-01-12', 'https://picsum.photos/id/328/180/180');
INSERT INTO PLAYLISTS (playlist_id, user_id, title, description, date_created, image) VALUES (63, 7, 'My Indie Playlist 91', 'A collection of Rock tunes.', '2021-12-15', 'https://picsum.photos/id/327/180/180');
INSERT INTO PLAYLISTS (playlist_id, user_id, title, description, date_created, image) VALUES (64, 39, 'My R&B Playlist 44', 'A collection of Hip Hop tunes.', '2021-05-03', 'https://picsum.photos/id/304/180/180');
INSERT INTO PLAYLISTS (playlist_id, user_id, title, description, date_created, image) VALUES (65, 24, 'My Rock Playlist 100', 'A collection of Indie tunes.', '2022-06-02', 'https://picsum.photos/id/302/180/180');
INSERT INTO PLAYLISTS (playlist_id, user_id, title, description, date_created, image) VALUES (66, 41, 'My Classical Playlist 65', 'A collection of Reggae tunes.', '2021-07-30', 'https://picsum.photos/id/335/180/180');
INSERT INTO PLAYLISTS (playlist_id, user_id, title, description, date_created, image) VALUES (67, 95, 'My Blues Playlist 4', 'A collection of Indie tunes.', '2022-11-17', 'https://picsum.photos/id/301/180/180');
INSERT INTO PLAYLISTS (playlist_id, user_id, title, description, date_created, image) VALUES (68, 61, 'My Reggae Playlist 71', 'A collection of Folk tunes.', '2024-02-02', 'https://picsum.photos/id/385/180/180');
INSERT INTO PLAYLISTS (playlist_id, user_id, title, description, date_created, image) VALUES (69, 67, 'My Pop Playlist 23', 'A collection of Indie tunes.', '2022-01-03', 'https://picsum.photos/id/313/180/180');
INSERT INTO PLAYLISTS (playlist_id, user_id, title, description, date_created, image) VALUES (70, 78, 'My Rock Playlist 99', 'A collection of Folk tunes.', '2020-08-05', 'https://picsum.photos/id/351/180/180');
INSERT INTO PLAYLISTS (playlist_id, user_id, title, description, date_created, image) VALUES (71, 84, 'My Dance Playlist 76', 'A collection of Pop tunes.', '2024-01-20', 'https://picsum.photos/id/310/180/180');
INSERT INTO PLAYLISTS (playlist_id, user_id, title, description, date_created, image) VALUES (72, 38, 'My Dance Playlist 45', 'A collection of Alternative tunes.', '2021-01-25', 'https://picsum.photos/id/316/180/180');
INSERT INTO PLAYLISTS (playlist_id, user_id, title, description, date_created, image) VALUES (73, 5, 'My Alternative Playlist 62', 'A collection of Hip Hop tunes.', '2020-01-25', 'https://picsum.photos/id/342/180/180');
INSERT INTO PLAYLISTS (playlist_id, user_id, title, description, date_created, image) VALUES (74, 6, 'My Dance Playlist 47', 'A collection of Alternative tunes.', '2021-10-06', 'https://picsum.photos/id/360/180/180');
INSERT INTO PLAYLISTS (playlist_id, user_id, title, description, date_created, image) VALUES (75, 62, 'My Dance Playlist 53', 'A collection of Metal tunes.', '2021-07-22', 'https://picsum.photos/id/364/180/180');
INSERT INTO PLAYLISTS (playlist_id, user_id, title, description, date_created, image) VALUES (76, 64, 'My Pop Playlist 80', 'A collection of Alternative tunes.', '2021-10-28', 'https://picsum.photos/id/329/180/180');
INSERT INTO PLAYLISTS (playlist_id, user_id, title, description, date_created, image) VALUES (77, 60, 'My Electronic Playlist 79', 'A collection of Alternative tunes.', '2022-01-07', 'https://picsum.photos/id/317/180/180');
INSERT INTO PLAYLISTS (playlist_id, user_id, title, description, date_created, image) VALUES (78, 91, 'My Dance Playlist 95', 'A collection of Country tunes.', '2024-02-02', 'https://picsum.photos/id/366/180/180');
INSERT INTO PLAYLISTS (playlist_id, user_id, title, description, date_created, image) VALUES (79, 13, 'My Folk Playlist 44', 'A collection of Reggae tunes.', '2023-05-18', 'https://picsum.photos/id/352/180/180');
INSERT INTO PLAYLISTS (playlist_id, user_id, title, description, date_created, image) VALUES (80, 95, 'My Folk Playlist 45', 'A collection of Blues tunes.', '2020-02-22', 'https://picsum.photos/id/351/180/180');
INSERT INTO PLAYLISTS (playlist_id, user_id, title, description, date_created, image) VALUES (81, 60, 'My Jazz Playlist 51', 'A collection of Indie tunes.', '2021-07-17', 'https://picsum.photos/id/397/180/180');
INSERT INTO PLAYLISTS (playlist_id, user_id, title, description, date_created, image) VALUES (82, 29, 'My Metal Playlist 55', 'A collection of Classical tunes.', '2021-09-08', 'https://picsum.photos/id/395/180/180');
INSERT INTO PLAYLISTS (playlist_id, user_id, title, description, date_created, image) VALUES (83, 53, 'My Classical Playlist 23', 'A collection of R&B tunes.', '2022-07-19', 'https://picsum.photos/id/345/180/180');
INSERT INTO PLAYLISTS (playlist_id, user_id, title, description, date_created, image) VALUES (84, 95, 'My Reggae Playlist 91', 'A collection of Alternative tunes.', '2024-04-09', 'https://picsum.photos/id/371/180/180');
INSERT INTO PLAYLISTS (playlist_id, user_id, title, description, date_created, image) VALUES (85, 30, 'My Hip Hop Playlist 37', 'A collection of Metal tunes.', '2023-12-20', 'https://picsum.photos/id/395/180/180');
INSERT INTO PLAYLISTS (playlist_id, user_id, title, description, date_created, image) VALUES (86, 23, 'My R&B Playlist 8', 'A collection of Metal tunes.', '2021-10-26', 'https://picsum.photos/id/316/180/180');
INSERT INTO PLAYLISTS (playlist_id, user_id, title, description, date_created, image) VALUES (87, 54, 'My Alternative Playlist 73', 'A collection of Hip Hop tunes.', '2021-07-11', 'https://picsum.photos/id/375/180/180');
INSERT INTO PLAYLISTS (playlist_id, user_id, title, description, date_created, image) VALUES (88, 21, 'My Reggae Playlist 1', 'A collection of Alternative tunes.', '2022-01-31', 'https://picsum.photos/id/373/180/180');
INSERT INTO PLAYLISTS (playlist_id, user_id, title, description, date_created, image) VALUES (89, 8, 'My Indie Playlist 95', 'A collection of Jazz tunes.', '2020-12-07', 'https://picsum.photos/id/311/180/180');
INSERT INTO PLAYLISTS (playlist_id, user_id, title, description, date_created, image) VALUES (90, 33, 'My Dance Playlist 23', 'A collection of Country tunes.', '2023-02-08', 'https://picsum.photos/id/370/180/180');
INSERT INTO PLAYLISTS (playlist_id, user_id, title, description, date_created, image) VALUES (91, 44, 'My Folk Playlist 21', 'A collection of Metal tunes.', '2022-04-07', 'https://picsum.photos/id/370/180/180');
INSERT INTO PLAYLISTS (playlist_id, user_id, title, description, date_created, image) VALUES (92, 3, 'My Jazz Playlist 93', 'A collection of Jazz tunes.', '2021-02-21', 'https://picsum.photos/id/319/180/180');
INSERT INTO PLAYLISTS (playlist_id, user_id, title, description, date_created, image) VALUES (93, 56, 'My Hip Hop Playlist 47', 'A collection of Classical tunes.', '2020-02-02', 'https://picsum.photos/id/385/180/180');
INSERT INTO PLAYLISTS (playlist_id, user_id, title, description, date_created, image) VALUES (94, 46, 'My Alternative Playlist 26', 'A collection of Reggae tunes.', '2021-02-10', 'https://picsum.photos/id/318/180/180');
INSERT INTO PLAYLISTS (playlist_id, user_id, title, description, date_created, image) VALUES (95, 81, 'My R&B Playlist 7', 'A collection of Hip Hop tunes.', '2020-10-17', 'https://picsum.photos/id/357/180/180');
INSERT INTO PLAYLISTS (playlist_id, user_id, title, description, date_created, image) VALUES (96, 12, 'My Country Playlist 18', 'A collection of Metal tunes.', '2020-12-07', 'https://picsum.photos/id/341/180/180');
INSERT INTO PLAYLISTS (playlist_id, user_id, title, description, date_created, image) VALUES (97, 18, 'My Folk Playlist 81', 'A collection of Reggae tunes.', '2020-05-30', 'https://picsum.photos/id/346/180/180');
INSERT INTO PLAYLISTS (playlist_id, user_id, title, description, date_created, image) VALUES (98, 40, 'My Alternative Playlist 4', 'A collection of Classical tunes.', '2023-02-22', 'https://picsum.photos/id/316/180/180');
INSERT INTO PLAYLISTS (playlist_id, user_id, title, description, date_created, image) VALUES (99, 29, 'My Pop Playlist 50', 'A collection of Metal tunes.', '2020-06-11', 'https://picsum.photos/id/345/180/180');
INSERT INTO PLAYLISTS (playlist_id, user_id, title, description, date_created, image) VALUES (100, 59, 'My Dance Playlist 35', 'A collection of Folk tunes.', '2021-01-18', 'https://picsum.photos/id/301/180/180');
INSERT INTO PLAYLISTS (playlist_id, user_id, title, description, date_created, image) VALUES (101, 31, 'My Hip Hop Playlist 76', 'A collection of Hip Hop tunes.', '2023-08-19', 'https://picsum.photos/id/392/180/180');
INSERT INTO PLAYLISTS (playlist_id, user_id, title, description, date_created, image) VALUES (102, 90, 'My Hip Hop Playlist 76', 'A collection of R&B tunes.', '2020-09-07', 'https://picsum.photos/id/307/180/180');
INSERT INTO PLAYLISTS (playlist_id, user_id, title, description, date_created, image) VALUES (103, 65, 'My Blues Playlist 80', 'A collection of Electronic tunes.', '2024-03-02', 'https://picsum.photos/id/389/180/180');
INSERT INTO PLAYLISTS (playlist_id, user_id, title, description, date_created, image) VALUES (104, 17, 'My Hip Hop Playlist 56', 'A collection of Country tunes.', '2023-07-04', 'https://picsum.photos/id/391/180/180');
INSERT INTO PLAYLISTS (playlist_id, user_id, title, description, date_created, image) VALUES (105, 40, 'My Metal Playlist 77', 'A collection of Reggae tunes.', '2020-04-15', 'https://picsum.photos/id/343/180/180');
INSERT INTO PLAYLISTS (playlist_id, user_id, title, description, date_created, image) VALUES (106, 11, 'My Reggae Playlist 9', 'A collection of Electronic tunes.', '2020-04-18', 'https://picsum.photos/id/333/180/180');
INSERT INTO PLAYLISTS (playlist_id, user_id, title, description, date_created, image) VALUES (107, 23, 'My Dance Playlist 11', 'A collection of Classical tunes.', '2020-02-13', 'https://picsum.photos/id/349/180/180');
INSERT INTO PLAYLISTS (playlist_id, user_id, title, description, date_created, image) VALUES (108, 25, 'My Folk Playlist 81', 'A collection of R&B tunes.', '2023-02-07', 'https://picsum.photos/id/364/180/180');
INSERT INTO PLAYLISTS (playlist_id, user_id, title, description, date_created, image) VALUES (109, 45, 'My Electronic Playlist 33', 'A collection of Rock tunes.', '2023-01-06', 'https://picsum.photos/id/378/180/180');
INSERT INTO PLAYLISTS (playlist_id, user_id, title, description, date_created, image) VALUES (110, 86, 'My Reggae Playlist 66', 'A collection of Rock tunes.', '2023-01-14', 'https://picsum.photos/id/319/180/180');
INSERT INTO PLAYLISTS (playlist_id, user_id, title, description, date_created, image) VALUES (111, 74, 'My Folk Playlist 67', 'A collection of Indie tunes.', '2023-07-06', 'https://picsum.photos/id/341/180/180');
INSERT INTO PLAYLISTS (playlist_id, user_id, title, description, date_created, image) VALUES (112, 47, 'My Indie Playlist 50', 'A collection of Country tunes.', '2023-10-21', 'https://picsum.photos/id/326/180/180');
INSERT INTO PLAYLISTS (playlist_id, user_id, title, description, date_created, image) VALUES (113, 3, 'My Folk Playlist 6', 'A collection of Electronic tunes.', '2023-12-29', 'https://picsum.photos/id/356/180/180');
INSERT INTO PLAYLISTS (playlist_id, user_id, title, description, date_created, image) VALUES (114, 50, 'My Classical Playlist 75', 'A collection of Classical tunes.', '2023-03-28', 'https://picsum.photos/id/396/180/180');
INSERT INTO PLAYLISTS (playlist_id, user_id, title, description, date_created, image) VALUES (115, 65, 'My Folk Playlist 82', 'A collection of Classical tunes.', '2023-06-17', 'https://picsum.photos/id/384/180/180');
INSERT INTO PLAYLISTS (playlist_id, user_id, title, description, date_created, image) VALUES (116, 86, 'My Blues Playlist 93', 'A collection of Dance tunes.', '2021-03-25', 'https://picsum.photos/id/390/180/180');
INSERT INTO PLAYLISTS (playlist_id, user_id, title, description, date_created, image) VALUES (117, 94, 'My Metal Playlist 1', 'A collection of Reggae tunes.', '2021-04-29', 'https://picsum.photos/id/358/180/180');
INSERT INTO PLAYLISTS (playlist_id, user_id, title, description, date_created, image) VALUES (118, 20, 'My Pop Playlist 19', 'A collection of Metal tunes.', '2022-08-23', 'https://picsum.photos/id/348/180/180');
INSERT INTO PLAYLISTS (playlist_id, user_id, title, description, date_created, image) VALUES (119, 79, 'My Indie Playlist 7', 'A collection of Country tunes.', '2023-04-07', 'https://picsum.photos/id/332/180/180');
INSERT INTO PLAYLISTS (playlist_id, user_id, title, description, date_created, image) VALUES (120, 20, 'My Electronic Playlist 27', 'A collection of Metal tunes.', '2023-05-19', 'https://picsum.photos/id/389/180/180');
INSERT INTO PLAYLISTS (playlist_id, user_id, title, description, date_created, image) VALUES (121, 58, 'My Rock Playlist 37', 'A collection of R&B tunes.', '2023-10-10', 'https://picsum.photos/id/347/180/180');
INSERT INTO PLAYLISTS (playlist_id, user_id, title, description, date_created, image) VALUES (122, 83, 'My Pop Playlist 15', 'A collection of Alternative tunes.', '2023-06-06', 'https://picsum.photos/id/342/180/180');
INSERT INTO PLAYLISTS (playlist_id, user_id, title, description, date_created, image) VALUES (123, 69, 'My Folk Playlist 78', 'A collection of Indie tunes.', '2024-05-01', 'https://picsum.photos/id/385/180/180');
INSERT INTO PLAYLISTS (playlist_id, user_id, title, description, date_created, image) VALUES (124, 68, 'My Hip Hop Playlist 72', 'A collection of Blues tunes.', '2023-07-08', 'https://picsum.photos/id/306/180/180');
INSERT INTO PLAYLISTS (playlist_id, user_id, title, description, date_created, image) VALUES (125, 18, 'My Rock Playlist 76', 'A collection of Jazz tunes.', '2022-12-22', 'https://picsum.photos/id/332/180/180');
INSERT INTO PLAYLISTS (playlist_id, user_id, title, description, date_created, image) VALUES (126, 12, 'My Indie Playlist 22', 'A collection of Alternative tunes.', '2021-06-14', 'https://picsum.photos/id/355/180/180');
INSERT INTO PLAYLISTS (playlist_id, user_id, title, description, date_created, image) VALUES (127, 82, 'My Electronic Playlist 73', 'A collection of Hip Hop tunes.', '2022-07-29', 'https://picsum.photos/id/338/180/180');
INSERT INTO PLAYLISTS (playlist_id, user_id, title, description, date_created, image) VALUES (128, 36, 'My Classical Playlist 11', 'A collection of Blues tunes.', '2023-09-02', 'https://picsum.photos/id/325/180/180');
INSERT INTO PLAYLISTS (playlist_id, user_id, title, description, date_created, image) VALUES (129, 91, 'My Pop Playlist 90', 'A collection of Electronic tunes.', '2022-10-16', 'https://picsum.photos/id/366/180/180');
INSERT INTO PLAYLISTS (playlist_id, user_id, title, description, date_created, image) VALUES (130, 70, 'My Country Playlist 13', 'A collection of Hip Hop tunes.', '2024-02-21', 'https://picsum.photos/id/313/180/180');
INSERT INTO PLAYLISTS (playlist_id, user_id, title, description, date_created, image) VALUES (131, 22, 'My Dance Playlist 97', 'A collection of Alternative tunes.', '2020-08-14', 'https://picsum.photos/id/397/180/180');
INSERT INTO PLAYLISTS (playlist_id, user_id, title, description, date_created, image) VALUES (132, 89, 'My Reggae Playlist 38', 'A collection of Indie tunes.', '2020-08-19', 'https://picsum.photos/id/316/180/180');
INSERT INTO PLAYLISTS (playlist_id, user_id, title, description, date_created, image) VALUES (133, 13, 'My Electronic Playlist 92', 'A collection of Rock tunes.', '2022-04-14', 'https://picsum.photos/id/332/180/180');
INSERT INTO PLAYLISTS (playlist_id, user_id, title, description, date_created, image) VALUES (134, 33, 'My Hip Hop Playlist 84', 'A collection of Metal tunes.', '2023-12-14', 'https://picsum.photos/id/302/180/180');
INSERT INTO PLAYLISTS (playlist_id, user_id, title, description, date_created, image) VALUES (135, 17, 'My Reggae Playlist 24', 'A collection of Rock tunes.', '2023-03-31', 'https://picsum.photos/id/315/180/180');
INSERT INTO PLAYLISTS (playlist_id, user_id, title, description, date_created, image) VALUES (136, 11, 'My Classical Playlist 47', 'A collection of Pop tunes.', '2022-04-12', 'https://picsum.photos/id/354/180/180');
INSERT INTO PLAYLISTS (playlist_id, user_id, title, description, date_created, image) VALUES (137, 1, 'My Hip Hop Playlist 42', 'A collection of Metal tunes.', '2023-04-24', 'https://picsum.photos/id/339/180/180');
INSERT INTO PLAYLISTS (playlist_id, user_id, title, description, date_created, image) VALUES (138, 33, 'My Electronic Playlist 34', 'A collection of Reggae tunes.', '2023-11-11', 'https://picsum.photos/id/332/180/180');
INSERT INTO PLAYLISTS (playlist_id, user_id, title, description, date_created, image) VALUES (139, 35, 'My Reggae Playlist 33', 'A collection of Folk tunes.', '2021-08-06', 'https://picsum.photos/id/338/180/180');
INSERT INTO PLAYLISTS (playlist_id, user_id, title, description, date_created, image) VALUES (140, 57, 'My Blues Playlist 23', 'A collection of Hip Hop tunes.', '2023-10-20', 'https://picsum.photos/id/396/180/180');
INSERT INTO PLAYLISTS (playlist_id, user_id, title, description, date_created, image) VALUES (141, 57, 'My Blues Playlist 56', 'A collection of Pop tunes.', '2020-09-02', 'https://picsum.photos/id/312/180/180');
INSERT INTO PLAYLISTS (playlist_id, user_id, title, description, date_created, image) VALUES (142, 93, 'My Folk Playlist 21', 'A collection of Dance tunes.', '2021-06-18', 'https://picsum.photos/id/384/180/180');
INSERT INTO PLAYLISTS (playlist_id, user_id, title, description, date_created, image) VALUES (143, 60, 'My Electronic Playlist 58', 'A collection of Dance tunes.', '2021-07-18', 'https://picsum.photos/id/326/180/180');
INSERT INTO PLAYLISTS (playlist_id, user_id, title, description, date_created, image) VALUES (144, 91, 'My Metal Playlist 80', 'A collection of Hip Hop tunes.', '2023-09-20', 'https://picsum.photos/id/399/180/180');
INSERT INTO PLAYLISTS (playlist_id, user_id, title, description, date_created, image) VALUES (145, 24, 'My Classical Playlist 18', 'A collection of Electronic tunes.', '2021-03-08', 'https://picsum.photos/id/345/180/180');
INSERT INTO PLAYLISTS (playlist_id, user_id, title, description, date_created, image) VALUES (146, 7, 'My Country Playlist 2', 'A collection of Hip Hop tunes.', '2021-09-21', 'https://picsum.photos/id/334/180/180');
INSERT INTO PLAYLISTS (playlist_id, user_id, title, description, date_created, image) VALUES (147, 96, 'My Blues Playlist 100', 'A collection of Blues tunes.', '2021-08-08', 'https://picsum.photos/id/375/180/180');
INSERT INTO PLAYLISTS (playlist_id, user_id, title, description, date_created, image) VALUES (148, 76, 'My Country Playlist 99', 'A collection of Electronic tunes.', '2022-09-15', 'https://picsum.photos/id/332/180/180');
INSERT INTO PLAYLISTS (playlist_id, user_id, title, description, date_created, image) VALUES (149, 81, 'My Metal Playlist 51', 'A collection of Metal tunes.', '2022-07-15', 'https://picsum.photos/id/333/180/180');
INSERT INTO PLAYLISTS (playlist_id, user_id, title, description, date_created, image) VALUES (150, 61, 'My Classical Playlist 30', 'A collection of R&B tunes.', '2022-06-27', 'https://picsum.photos/id/364/180/180');
INSERT INTO PLAYLISTS (playlist_id, user_id, title, description, date_created, image) VALUES (151, 31, 'My Jazz Playlist 52', 'A collection of Jazz tunes.', '2024-04-15', 'https://picsum.photos/id/377/180/180');
INSERT INTO PLAYLISTS (playlist_id, user_id, title, description, date_created, image) VALUES (152, 96, 'My Country Playlist 19', 'A collection of Pop tunes.', '2020-05-11', 'https://picsum.photos/id/329/180/180');
INSERT INTO PLAYLISTS (playlist_id, user_id, title, description, date_created, image) VALUES (153, 7, 'My Pop Playlist 100', 'A collection of Rock tunes.', '2023-08-23', 'https://picsum.photos/id/380/180/180');
INSERT INTO PLAYLISTS (playlist_id, user_id, title, description, date_created, image) VALUES (154, 66, 'My Classical Playlist 94', 'A collection of Jazz tunes.', '2021-01-10', 'https://picsum.photos/id/310/180/180');
INSERT INTO PLAYLISTS (playlist_id, user_id, title, description, date_created, image) VALUES (155, 17, 'My Indie Playlist 15', 'A collection of Jazz tunes.', '2021-02-21', 'https://picsum.photos/id/348/180/180');
INSERT INTO PLAYLISTS (playlist_id, user_id, title, description, date_created, image) VALUES (156, 39, 'My Reggae Playlist 59', 'A collection of Dance tunes.', '2020-09-12', 'https://picsum.photos/id/365/180/180');
INSERT INTO PLAYLISTS (playlist_id, user_id, title, description, date_created, image) VALUES (157, 9, 'My Reggae Playlist 46', 'A collection of Reggae tunes.', '2020-07-25', 'https://picsum.photos/id/352/180/180');
INSERT INTO PLAYLISTS (playlist_id, user_id, title, description, date_created, image) VALUES (158, 32, 'My Folk Playlist 92', 'A collection of Indie tunes.', '2023-06-10', 'https://picsum.photos/id/337/180/180');
INSERT INTO PLAYLISTS (playlist_id, user_id, title, description, date_created, image) VALUES (159, 96, 'My Rock Playlist 47', 'A collection of Indie tunes.', '2023-12-08', 'https://picsum.photos/id/367/180/180');
INSERT INTO PLAYLISTS (playlist_id, user_id, title, description, date_created, image) VALUES (160, 95, 'My Country Playlist 79', 'A collection of Rock tunes.', '2022-04-21', 'https://picsum.photos/id/368/180/180');
INSERT INTO PLAYLISTS (playlist_id, user_id, title, description, date_created, image) VALUES (161, 65, 'My Pop Playlist 17', 'A collection of R&B tunes.', '2020-08-08', 'https://picsum.photos/id/351/180/180');
INSERT INTO PLAYLISTS (playlist_id, user_id, title, description, date_created, image) VALUES (162, 41, 'My Rock Playlist 8', 'A collection of Classical tunes.', '2022-05-16', 'https://picsum.photos/id/340/180/180');
INSERT INTO PLAYLISTS (playlist_id, user_id, title, description, date_created, image) VALUES (163, 60, 'My Folk Playlist 89', 'A collection of Pop tunes.', '2023-08-11', 'https://picsum.photos/id/393/180/180');
INSERT INTO PLAYLISTS (playlist_id, user_id, title, description, date_created, image) VALUES (164, 55, 'My Dance Playlist 32', 'A collection of Rock tunes.', '2023-01-07', 'https://picsum.photos/id/366/180/180');
INSERT INTO PLAYLISTS (playlist_id, user_id, title, description, date_created, image) VALUES (165, 30, 'My Pop Playlist 6', 'A collection of Indie tunes.', '2023-09-07', 'https://picsum.photos/id/364/180/180');
INSERT INTO PLAYLISTS (playlist_id, user_id, title, description, date_created, image) VALUES (166, 88, 'My Metal Playlist 1', 'A collection of Classical tunes.', '2022-06-20', 'https://picsum.photos/id/335/180/180');
INSERT INTO PLAYLISTS (playlist_id, user_id, title, description, date_created, image) VALUES (167, 52, 'My Indie Playlist 44', 'A collection of Country tunes.', '2020-06-26', 'https://picsum.photos/id/320/180/180');
INSERT INTO PLAYLISTS (playlist_id, user_id, title, description, date_created, image) VALUES (168, 25, 'My Folk Playlist 23', 'A collection of Blues tunes.', '2021-08-13', 'https://picsum.photos/id/303/180/180');
INSERT INTO PLAYLISTS (playlist_id, user_id, title, description, date_created, image) VALUES (169, 38, 'My Country Playlist 54', 'A collection of Country tunes.', '2023-04-14', 'https://picsum.photos/id/321/180/180');
INSERT INTO PLAYLISTS (playlist_id, user_id, title, description, date_created, image) VALUES (170, 87, 'My Rock Playlist 34', 'A collection of Blues tunes.', '2020-09-30', 'https://picsum.photos/id/391/180/180');
INSERT INTO PLAYLISTS (playlist_id, user_id, title, description, date_created, image) VALUES (171, 23, 'My Metal Playlist 39', 'A collection of Rock tunes.', '2023-07-02', 'https://picsum.photos/id/365/180/180');
INSERT INTO PLAYLISTS (playlist_id, user_id, title, description, date_created, image) VALUES (172, 26, 'My Classical Playlist 53', 'A collection of Classical tunes.', '2021-08-04', 'https://picsum.photos/id/319/180/180');
INSERT INTO PLAYLISTS (playlist_id, user_id, title, description, date_created, image) VALUES (173, 18, 'My R&B Playlist 62', 'A collection of Rock tunes.', '2023-12-18', 'https://picsum.photos/id/313/180/180');
INSERT INTO PLAYLISTS (playlist_id, user_id, title, description, date_created, image) VALUES (174, 52, 'My Blues Playlist 6', 'A collection of Country tunes.', '2022-03-06', 'https://picsum.photos/id/374/180/180');
INSERT INTO PLAYLISTS (playlist_id, user_id, title, description, date_created, image) VALUES (175, 25, 'My Electronic Playlist 37', 'A collection of Country tunes.', '2020-01-20', 'https://picsum.photos/id/350/180/180');
INSERT INTO PLAYLISTS (playlist_id, user_id, title, description, date_created, image) VALUES (176, 20, 'My Indie Playlist 93', 'A collection of Alternative tunes.', '2022-10-11', 'https://picsum.photos/id/353/180/180');
INSERT INTO PLAYLISTS (playlist_id, user_id, title, description, date_created, image) VALUES (177, 47, 'My Dance Playlist 27', 'A collection of Metal tunes.', '2020-05-23', 'https://picsum.photos/id/324/180/180');
INSERT INTO PLAYLISTS (playlist_id, user_id, title, description, date_created, image) VALUES (178, 56, 'My Folk Playlist 42', 'A collection of Country tunes.', '2022-12-26', 'https://picsum.photos/id/318/180/180');
INSERT INTO PLAYLISTS (playlist_id, user_id, title, description, date_created, image) VALUES (179, 98, 'My Rock Playlist 43', 'A collection of R&B tunes.', '2020-06-10', 'https://picsum.photos/id/316/180/180');
INSERT INTO PLAYLISTS (playlist_id, user_id, title, description, date_created, image) VALUES (180, 77, 'My R&B Playlist 81', 'A collection of Jazz tunes.', '2022-01-31', 'https://picsum.photos/id/369/180/180');
INSERT INTO PLAYLISTS (playlist_id, user_id, title, description, date_created, image) VALUES (181, 36, 'My Dance Playlist 80', 'A collection of Jazz tunes.', '2020-05-22', 'https://picsum.photos/id/344/180/180');
INSERT INTO PLAYLISTS (playlist_id, user_id, title, description, date_created, image) VALUES (182, 22, 'My Indie Playlist 74', 'A collection of Country tunes.', '2023-06-24', 'https://picsum.photos/id/375/180/180');
INSERT INTO PLAYLISTS (playlist_id, user_id, title, description, date_created, image) VALUES (183, 34, 'My Hip Hop Playlist 21', 'A collection of Alternative tunes.', '2022-01-01', 'https://picsum.photos/id/335/180/180');
INSERT INTO PLAYLISTS (playlist_id, user_id, title, description, date_created, image) VALUES (184, 40, 'My Dance Playlist 15', 'A collection of Pop tunes.', '2021-08-21', 'https://picsum.photos/id/313/180/180');
INSERT INTO PLAYLISTS (playlist_id, user_id, title, description, date_created, image) VALUES (185, 30, 'My Electronic Playlist 26', 'A collection of Pop tunes.', '2022-11-10', 'https://picsum.photos/id/323/180/180');
INSERT INTO PLAYLISTS (playlist_id, user_id, title, description, date_created, image) VALUES (186, 96, 'My Rock Playlist 37', 'A collection of Jazz tunes.', '2021-07-06', 'https://picsum.photos/id/385/180/180');
INSERT INTO PLAYLISTS (playlist_id, user_id, title, description, date_created, image) VALUES (187, 49, 'My Blues Playlist 52', 'A collection of Hip Hop tunes.', '2023-08-21', 'https://picsum.photos/id/360/180/180');
INSERT INTO PLAYLISTS (playlist_id, user_id, title, description, date_created, image) VALUES (188, 89, 'My Rock Playlist 46', 'A collection of Blues tunes.', '2023-04-27', 'https://picsum.photos/id/378/180/180');
INSERT INTO PLAYLISTS (playlist_id, user_id, title, description, date_created, image) VALUES (189, 89, 'My Reggae Playlist 26', 'A collection of Pop tunes.', '2021-04-25', 'https://picsum.photos/id/313/180/180');
INSERT INTO PLAYLISTS (playlist_id, user_id, title, description, date_created, image) VALUES (190, 46, 'My Alternative Playlist 56', 'A collection of Alternative tunes.', '2023-04-04', 'https://picsum.photos/id/308/180/180');
INSERT INTO PLAYLISTS (playlist_id, user_id, title, description, date_created, image) VALUES (191, 5, 'My Classical Playlist 82', 'A collection of Blues tunes.', '2021-02-27', 'https://picsum.photos/id/384/180/180');
INSERT INTO PLAYLISTS (playlist_id, user_id, title, description, date_created, image) VALUES (192, 66, 'My Indie Playlist 48', 'A collection of Rock tunes.', '2022-01-29', 'https://picsum.photos/id/378/180/180');
INSERT INTO PLAYLISTS (playlist_id, user_id, title, description, date_created, image) VALUES (193, 26, 'My R&B Playlist 86', 'A collection of Dance tunes.', '2022-11-17', 'https://picsum.photos/id/308/180/180');
INSERT INTO PLAYLISTS (playlist_id, user_id, title, description, date_created, image) VALUES (194, 41, 'My Dance Playlist 19', 'A collection of Country tunes.', '2023-01-23', 'https://picsum.photos/id/333/180/180');
INSERT INTO PLAYLISTS (playlist_id, user_id, title, description, date_created, image) VALUES (195, 74, 'My Electronic Playlist 94', 'A collection of Pop tunes.', '2023-12-02', 'https://picsum.photos/id/302/180/180');
INSERT INTO PLAYLISTS (playlist_id, user_id, title, description, date_created, image) VALUES (196, 97, 'My Reggae Playlist 19', 'A collection of Metal tunes.', '2022-03-04', 'https://picsum.photos/id/356/180/180');
INSERT INTO PLAYLISTS (playlist_id, user_id, title, description, date_created, image) VALUES (197, 64, 'My Country Playlist 15', 'A collection of R&B tunes.', '2022-01-21', 'https://picsum.photos/id/356/180/180');
INSERT INTO PLAYLISTS (playlist_id, user_id, title, description, date_created, image) VALUES (198, 25, 'My Reggae Playlist 70', 'A collection of R&B tunes.', '2021-10-31', 'https://picsum.photos/id/354/180/180');
INSERT INTO PLAYLISTS (playlist_id, user_id, title, description, date_created, image) VALUES (199, 32, 'My Metal Playlist 66', 'A collection of Folk tunes.', '2020-02-16', 'https://picsum.photos/id/396/180/180');
INSERT INTO PLAYLISTS (playlist_id, user_id, title, description, date_created, image) VALUES (200, 15, 'My R&B Playlist 20', 'A collection of Pop tunes.', '2021-10-12', 'https://picsum.photos/id/333/180/180');
INSERT INTO PLAYLISTS (playlist_id, user_id, title, description, date_created, image) VALUES (201, 76, 'My Classical Playlist 56', 'A collection of Jazz tunes.', '2021-01-05', 'https://picsum.photos/id/377/180/180');
INSERT INTO PLAYLISTS (playlist_id, user_id, title, description, date_created, image) VALUES (202, 5, 'My Reggae Playlist 18', 'A collection of Blues tunes.', '2020-01-30', 'https://picsum.photos/id/385/180/180');
INSERT INTO PLAYLISTS (playlist_id, user_id, title, description, date_created, image) VALUES (203, 67, 'My Metal Playlist 28', 'A collection of R&B tunes.', '2022-02-09', 'https://picsum.photos/id/336/180/180');
INSERT INTO PLAYLISTS (playlist_id, user_id, title, description, date_created, image) VALUES (204, 28, 'My Folk Playlist 40', 'A collection of R&B tunes.', '2024-04-09', 'https://picsum.photos/id/376/180/180');
INSERT INTO PLAYLISTS (playlist_id, user_id, title, description, date_created, image) VALUES (205, 93, 'My Jazz Playlist 58', 'A collection of Reggae tunes.', '2024-01-29', 'https://picsum.photos/id/301/180/180');
INSERT INTO PLAYLISTS (playlist_id, user_id, title, description, date_created, image) VALUES (206, 72, 'My Metal Playlist 44', 'A collection of Rock tunes.', '2021-12-25', 'https://picsum.photos/id/373/180/180');
INSERT INTO PLAYLISTS (playlist_id, user_id, title, description, date_created, image) VALUES (207, 61, 'My Folk Playlist 69', 'A collection of Metal tunes.', '2021-12-05', 'https://picsum.photos/id/339/180/180');
INSERT INTO PLAYLISTS (playlist_id, user_id, title, description, date_created, image) VALUES (208, 56, 'My Classical Playlist 56', 'A collection of Blues tunes.', '2020-08-18', 'https://picsum.photos/id/322/180/180');
INSERT INTO PLAYLISTS (playlist_id, user_id, title, description, date_created, image) VALUES (209, 86, 'My Hip Hop Playlist 35', 'A collection of Reggae tunes.', '2020-08-18', 'https://picsum.photos/id/359/180/180');
INSERT INTO PLAYLISTS (playlist_id, user_id, title, description, date_created, image) VALUES (210, 56, 'My Classical Playlist 9', 'A collection of Alternative tunes.', '2022-09-19', 'https://picsum.photos/id/398/180/180');
INSERT INTO PLAYLISTS (playlist_id, user_id, title, description, date_created, image) VALUES (211, 56, 'My Blues Playlist 88', 'A collection of Pop tunes.', '2021-12-19', 'https://picsum.photos/id/400/180/180');
INSERT INTO PLAYLISTS (playlist_id, user_id, title, description, date_created, image) VALUES (212, 65, 'My Blues Playlist 94', 'A collection of Pop tunes.', '2020-06-09', 'https://picsum.photos/id/380/180/180');
INSERT INTO PLAYLISTS (playlist_id, user_id, title, description, date_created, image) VALUES (213, 95, 'My Hip Hop Playlist 87', 'A collection of Jazz tunes.', '2023-12-03', 'https://picsum.photos/id/376/180/180');
INSERT INTO PLAYLISTS (playlist_id, user_id, title, description, date_created, image) VALUES (214, 100, 'My Hip Hop Playlist 15', 'A collection of Country tunes.', '2023-02-18', 'https://picsum.photos/id/350/180/180');
INSERT INTO PLAYLISTS (playlist_id, user_id, title, description, date_created, image) VALUES (215, 88, 'My Hip Hop Playlist 51', 'A collection of Reggae tunes.', '2023-09-20', 'https://picsum.photos/id/347/180/180');
INSERT INTO PLAYLISTS (playlist_id, user_id, title, description, date_created, image) VALUES (216, 17, 'My Dance Playlist 100', 'A collection of Alternative tunes.', '2021-03-23', 'https://picsum.photos/id/305/180/180');
INSERT INTO PLAYLISTS (playlist_id, user_id, title, description, date_created, image) VALUES (217, 11, 'My Blues Playlist 55', 'A collection of Reggae tunes.', '2020-02-06', 'https://picsum.photos/id/375/180/180');
INSERT INTO PLAYLISTS (playlist_id, user_id, title, description, date_created, image) VALUES (218, 1, 'My Pop Playlist 39', 'A collection of Folk tunes.', '2023-10-15', 'https://picsum.photos/id/340/180/180');
INSERT INTO PLAYLISTS (playlist_id, user_id, title, description, date_created, image) VALUES (219, 46, 'My Country Playlist 34', 'A collection of Folk tunes.', '2022-07-13', 'https://picsum.photos/id/400/180/180');
INSERT INTO PLAYLISTS (playlist_id, user_id, title, description, date_created, image) VALUES (220, 82, 'My Dance Playlist 90', 'A collection of Metal tunes.', '2022-06-12', 'https://picsum.photos/id/395/180/180');
INSERT INTO PLAYLISTS (playlist_id, user_id, title, description, date_created, image) VALUES (221, 12, 'My Folk Playlist 85', 'A collection of Indie tunes.', '2020-12-24', 'https://picsum.photos/id/337/180/180');
INSERT INTO PLAYLISTS (playlist_id, user_id, title, description, date_created, image) VALUES (222, 46, 'My R&B Playlist 69', 'A collection of Alternative tunes.', '2022-02-04', 'https://picsum.photos/id/362/180/180');
INSERT INTO PLAYLISTS (playlist_id, user_id, title, description, date_created, image) VALUES (223, 87, 'My Hip Hop Playlist 49', 'A collection of Alternative tunes.', '2021-02-01', 'https://picsum.photos/id/379/180/180');
INSERT INTO PLAYLISTS (playlist_id, user_id, title, description, date_created, image) VALUES (224, 30, 'My Pop Playlist 15', 'A collection of Indie tunes.', '2021-08-20', 'https://picsum.photos/id/373/180/180');
INSERT INTO PLAYLISTS (playlist_id, user_id, title, description, date_created, image) VALUES (225, 67, 'My Reggae Playlist 39', 'A collection of Alternative tunes.', '2022-06-05', 'https://picsum.photos/id/375/180/180');
INSERT INTO PLAYLISTS (playlist_id, user_id, title, description, date_created, image) VALUES (226, 62, 'My Folk Playlist 45', 'A collection of Pop tunes.', '2023-09-28', 'https://picsum.photos/id/356/180/180');
INSERT INTO PLAYLISTS (playlist_id, user_id, title, description, date_created, image) VALUES (227, 39, 'My Metal Playlist 13', 'A collection of Dance tunes.', '2021-05-15', 'https://picsum.photos/id/360/180/180');
INSERT INTO PLAYLISTS (playlist_id, user_id, title, description, date_created, image) VALUES (228, 77, 'My Indie Playlist 24', 'A collection of Indie tunes.', '2021-04-26', 'https://picsum.photos/id/360/180/180');
INSERT INTO PLAYLISTS (playlist_id, user_id, title, description, date_created, image) VALUES (229, 98, 'My Rock Playlist 74', 'A collection of Rock tunes.', '2024-04-23', 'https://picsum.photos/id/384/180/180');
INSERT INTO PLAYLISTS (playlist_id, user_id, title, description, date_created, image) VALUES (230, 13, 'My Indie Playlist 97', 'A collection of Jazz tunes.', '2022-03-12', 'https://picsum.photos/id/392/180/180');
INSERT INTO PLAYLISTS (playlist_id, user_id, title, description, date_created, image) VALUES (231, 63, 'My Dance Playlist 89', 'A collection of Pop tunes.', '2020-10-08', 'https://picsum.photos/id/340/180/180');
INSERT INTO PLAYLISTS (playlist_id, user_id, title, description, date_created, image) VALUES (232, 8, 'My Reggae Playlist 84', 'A collection of Indie tunes.', '2023-06-27', 'https://picsum.photos/id/373/180/180');
INSERT INTO PLAYLISTS (playlist_id, user_id, title, description, date_created, image) VALUES (233, 69, 'My Dance Playlist 45', 'A collection of Metal tunes.', '2023-10-04', 'https://picsum.photos/id/340/180/180');
INSERT INTO PLAYLISTS (playlist_id, user_id, title, description, date_created, image) VALUES (234, 6, 'My Electronic Playlist 33', 'A collection of Rock tunes.', '2022-03-08', 'https://picsum.photos/id/351/180/180');
INSERT INTO PLAYLISTS (playlist_id, user_id, title, description, date_created, image) VALUES (235, 67, 'My Metal Playlist 29', 'A collection of Dance tunes.', '2020-07-25', 'https://picsum.photos/id/339/180/180');
INSERT INTO PLAYLISTS (playlist_id, user_id, title, description, date_created, image) VALUES (236, 28, 'My Dance Playlist 92', 'A collection of R&B tunes.', '2023-11-27', 'https://picsum.photos/id/373/180/180');
INSERT INTO PLAYLISTS (playlist_id, user_id, title, description, date_created, image) VALUES (237, 100, 'My Electronic Playlist 42', 'A collection of Hip Hop tunes.', '2020-02-28', 'https://picsum.photos/id/334/180/180');
INSERT INTO PLAYLISTS (playlist_id, user_id, title, description, date_created, image) VALUES (238, 35, 'My Jazz Playlist 73', 'A collection of Metal tunes.', '2024-04-23', 'https://picsum.photos/id/384/180/180');
INSERT INTO PLAYLISTS (playlist_id, user_id, title, description, date_created, image) VALUES (239, 18, 'My Blues Playlist 64', 'A collection of R&B tunes.', '2022-08-21', 'https://picsum.photos/id/370/180/180');
INSERT INTO PLAYLISTS (playlist_id, user_id, title, description, date_created, image) VALUES (240, 17, 'My Jazz Playlist 97', 'A collection of Jazz tunes.', '2023-09-14', 'https://picsum.photos/id/392/180/180');
INSERT INTO PLAYLISTS (playlist_id, user_id, title, description, date_created, image) VALUES (241, 70, 'My Alternative Playlist 74', 'A collection of Reggae tunes.', '2023-07-25', 'https://picsum.photos/id/309/180/180');
INSERT INTO PLAYLISTS (playlist_id, user_id, title, description, date_created, image) VALUES (242, 7, 'My Reggae Playlist 88', 'A collection of Rock tunes.', '2022-03-03', 'https://picsum.photos/id/321/180/180');
INSERT INTO PLAYLISTS (playlist_id, user_id, title, description, date_created, image) VALUES (243, 28, 'My Blues Playlist 62', 'A collection of Electronic tunes.', '2020-12-31', 'https://picsum.photos/id/377/180/180');
INSERT INTO PLAYLISTS (playlist_id, user_id, title, description, date_created, image) VALUES (244, 66, 'My Jazz Playlist 73', 'A collection of Country tunes.', '2021-11-01', 'https://picsum.photos/id/343/180/180');
INSERT INTO PLAYLISTS (playlist_id, user_id, title, description, date_created, image) VALUES (245, 62, 'My Blues Playlist 59', 'A collection of R&B tunes.', '2023-04-17', 'https://picsum.photos/id/343/180/180');
INSERT INTO PLAYLISTS (playlist_id, user_id, title, description, date_created, image) VALUES (246, 66, 'My Electronic Playlist 24', 'A collection of Folk tunes.', '2022-11-20', 'https://picsum.photos/id/344/180/180');
INSERT INTO PLAYLISTS (playlist_id, user_id, title, description, date_created, image) VALUES (247, 65, 'My Folk Playlist 84', 'A collection of Jazz tunes.', '2022-07-09', 'https://picsum.photos/id/313/180/180');
INSERT INTO PLAYLISTS (playlist_id, user_id, title, description, date_created, image) VALUES (248, 32, 'My Rock Playlist 59', 'A collection of Pop tunes.', '2024-04-07', 'https://picsum.photos/id/355/180/180');
INSERT INTO PLAYLISTS (playlist_id, user_id, title, description, date_created, image) VALUES (249, 10, 'My Blues Playlist 99', 'A collection of Classical tunes.', '2021-07-25', 'https://picsum.photos/id/319/180/180');
INSERT INTO PLAYLISTS (playlist_id, user_id, title, description, date_created, image) VALUES (250, 67, 'My Classical Playlist 18', 'A collection of Indie tunes.', '2020-03-11', 'https://picsum.photos/id/320/180/180');
INSERT INTO PLAYLISTS (playlist_id, user_id, title, description, date_created, image) VALUES (251, 63, 'My R&B Playlist 19', 'A collection of Jazz tunes.', '2022-05-27', 'https://picsum.photos/id/326/180/180');
INSERT INTO PLAYLISTS (playlist_id, user_id, title, description, date_created, image) VALUES (252, 99, 'My Classical Playlist 62', 'A collection of Blues tunes.', '2022-11-02', 'https://picsum.photos/id/337/180/180');
INSERT INTO PLAYLISTS (playlist_id, user_id, title, description, date_created, image) VALUES (253, 39, 'My Indie Playlist 85', 'A collection of Country tunes.', '2023-04-14', 'https://picsum.photos/id/322/180/180');
INSERT INTO PLAYLISTS (playlist_id, user_id, title, description, date_created, image) VALUES (254, 67, 'My Alternative Playlist 98', 'A collection of Reggae tunes.', '2022-12-17', 'https://picsum.photos/id/312/180/180');
INSERT INTO PLAYLISTS (playlist_id, user_id, title, description, date_created, image) VALUES (255, 51, 'My Classical Playlist 29', 'A collection of Metal tunes.', '2020-07-27', 'https://picsum.photos/id/364/180/180');
INSERT INTO PLAYLISTS (playlist_id, user_id, title, description, date_created, image) VALUES (256, 71, 'My Alternative Playlist 21', 'A collection of Folk tunes.', '2023-01-20', 'https://picsum.photos/id/378/180/180');
INSERT INTO PLAYLISTS (playlist_id, user_id, title, description, date_created, image) VALUES (257, 26, 'My Classical Playlist 67', 'A collection of Dance tunes.', '2023-08-06', 'https://picsum.photos/id/353/180/180');
INSERT INTO PLAYLISTS (playlist_id, user_id, title, description, date_created, image) VALUES (258, 34, 'My Alternative Playlist 43', 'A collection of Jazz tunes.', '2021-07-10', 'https://picsum.photos/id/334/180/180');
INSERT INTO PLAYLISTS (playlist_id, user_id, title, description, date_created, image) VALUES (259, 98, 'My Blues Playlist 69', 'A collection of Blues tunes.', '2020-12-19', 'https://picsum.photos/id/387/180/180');
INSERT INTO PLAYLISTS (playlist_id, user_id, title, description, date_created, image) VALUES (260, 60, 'My Alternative Playlist 92', 'A collection of Folk tunes.', '2020-07-12', 'https://picsum.photos/id/327/180/180');
INSERT INTO PLAYLISTS (playlist_id, user_id, title, description, date_created, image) VALUES (261, 80, 'My Rock Playlist 38', 'A collection of Jazz tunes.', '2020-05-05', 'https://picsum.photos/id/343/180/180');
INSERT INTO PLAYLISTS (playlist_id, user_id, title, description, date_created, image) VALUES (262, 30, 'My Indie Playlist 73', 'A collection of Folk tunes.', '2021-08-13', 'https://picsum.photos/id/330/180/180');
INSERT INTO PLAYLISTS (playlist_id, user_id, title, description, date_created, image) VALUES (263, 60, 'My Classical Playlist 12', 'A collection of Reggae tunes.', '2023-03-07', 'https://picsum.photos/id/336/180/180');
INSERT INTO PLAYLISTS (playlist_id, user_id, title, description, date_created, image) VALUES (264, 47, 'My Rock Playlist 93', 'A collection of Classical tunes.', '2022-07-22', 'https://picsum.photos/id/306/180/180');
INSERT INTO PLAYLISTS (playlist_id, user_id, title, description, date_created, image) VALUES (265, 90, 'My Electronic Playlist 82', 'A collection of Classical tunes.', '2024-04-23', 'https://picsum.photos/id/400/180/180');
INSERT INTO PLAYLISTS (playlist_id, user_id, title, description, date_created, image) VALUES (266, 9, 'My Rock Playlist 63', 'A collection of Reggae tunes.', '2021-02-10', 'https://picsum.photos/id/319/180/180');
INSERT INTO PLAYLISTS (playlist_id, user_id, title, description, date_created, image) VALUES (267, 56, 'My Indie Playlist 60', 'A collection of Folk tunes.', '2022-04-01', 'https://picsum.photos/id/386/180/180');
INSERT INTO PLAYLISTS (playlist_id, user_id, title, description, date_created, image) VALUES (268, 85, 'My Reggae Playlist 8', 'A collection of Dance tunes.', '2021-03-18', 'https://picsum.photos/id/380/180/180');
INSERT INTO PLAYLISTS (playlist_id, user_id, title, description, date_created, image) VALUES (269, 40, 'My Classical Playlist 85', 'A collection of Dance tunes.', '2022-03-20', 'https://picsum.photos/id/361/180/180');
INSERT INTO PLAYLISTS (playlist_id, user_id, title, description, date_created, image) VALUES (270, 3, 'My Folk Playlist 45', 'A collection of Jazz tunes.', '2022-08-03', 'https://picsum.photos/id/363/180/180');
INSERT INTO PLAYLISTS (playlist_id, user_id, title, description, date_created, image) VALUES (271, 38, 'My Country Playlist 8', 'A collection of Jazz tunes.', '2023-04-22', 'https://picsum.photos/id/322/180/180');
INSERT INTO PLAYLISTS (playlist_id, user_id, title, description, date_created, image) VALUES (272, 75, 'My Blues Playlist 54', 'A collection of Jazz tunes.', '2022-11-02', 'https://picsum.photos/id/357/180/180');
INSERT INTO PLAYLISTS (playlist_id, user_id, title, description, date_created, image) VALUES (273, 3, 'My Indie Playlist 49', 'A collection of Classical tunes.', '2022-01-09', 'https://picsum.photos/id/374/180/180');
INSERT INTO PLAYLISTS (playlist_id, user_id, title, description, date_created, image) VALUES (274, 63, 'My Country Playlist 100', 'A collection of Rock tunes.', '2023-10-11', 'https://picsum.photos/id/370/180/180');
INSERT INTO PLAYLISTS (playlist_id, user_id, title, description, date_created, image) VALUES (275, 92, 'My Pop Playlist 89', 'A collection of Jazz tunes.', '2022-01-09', 'https://picsum.photos/id/306/180/180');
INSERT INTO PLAYLISTS (playlist_id, user_id, title, description, date_created, image) VALUES (276, 82, 'My Country Playlist 58', 'A collection of Metal tunes.', '2020-08-25', 'https://picsum.photos/id/301/180/180');
INSERT INTO PLAYLISTS (playlist_id, user_id, title, description, date_created, image) VALUES (277, 72, 'My Jazz Playlist 95', 'A collection of Hip Hop tunes.', '2020-01-25', 'https://picsum.photos/id/347/180/180');
INSERT INTO PLAYLISTS (playlist_id, user_id, title, description, date_created, image) VALUES (278, 65, 'My Electronic Playlist 18', 'A collection of Dance tunes.', '2023-03-15', 'https://picsum.photos/id/348/180/180');
INSERT INTO PLAYLISTS (playlist_id, user_id, title, description, date_created, image) VALUES (279, 5, 'My Hip Hop Playlist 64', 'A collection of Jazz tunes.', '2023-03-11', 'https://picsum.photos/id/382/180/180');
INSERT INTO PLAYLISTS (playlist_id, user_id, title, description, date_created, image) VALUES (280, 18, 'My Pop Playlist 93', 'A collection of Country tunes.', '2021-04-15', 'https://picsum.photos/id/386/180/180');
INSERT INTO PLAYLISTS (playlist_id, user_id, title, description, date_created, image) VALUES (281, 5, 'My R&B Playlist 17', 'A collection of R&B tunes.', '2021-11-20', 'https://picsum.photos/id/381/180/180');
INSERT INTO PLAYLISTS (playlist_id, user_id, title, description, date_created, image) VALUES (282, 19, 'My Indie Playlist 41', 'A collection of Pop tunes.', '2022-06-12', 'https://picsum.photos/id/396/180/180');
INSERT INTO PLAYLISTS (playlist_id, user_id, title, description, date_created, image) VALUES (283, 16, 'My Dance Playlist 14', 'A collection of Hip Hop tunes.', '2022-08-23', 'https://picsum.photos/id/312/180/180');
INSERT INTO PLAYLISTS (playlist_id, user_id, title, description, date_created, image) VALUES (284, 62, 'My Electronic Playlist 95', 'A collection of Classical tunes.', '2021-04-17', 'https://picsum.photos/id/327/180/180');
INSERT INTO PLAYLISTS (playlist_id, user_id, title, description, date_created, image) VALUES (285, 1, 'My Electronic Playlist 43', 'A collection of Rock tunes.', '2023-12-02', 'https://picsum.photos/id/386/180/180');
INSERT INTO PLAYLISTS (playlist_id, user_id, title, description, date_created, image) VALUES (286, 97, 'My Rock Playlist 43', 'A collection of Jazz tunes.', '2022-12-19', 'https://picsum.photos/id/329/180/180');
INSERT INTO PLAYLISTS (playlist_id, user_id, title, description, date_created, image) VALUES (287, 93, 'My Pop Playlist 14', 'A collection of Blues tunes.', '2020-12-04', 'https://picsum.photos/id/371/180/180');
INSERT INTO PLAYLISTS (playlist_id, user_id, title, description, date_created, image) VALUES (288, 65, 'My Pop Playlist 91', 'A collection of Folk tunes.', '2020-11-17', 'https://picsum.photos/id/363/180/180');
INSERT INTO PLAYLISTS (playlist_id, user_id, title, description, date_created, image) VALUES (289, 1, 'My Jazz Playlist 15', 'A collection of Dance tunes.', '2021-04-22', 'https://picsum.photos/id/372/180/180');
INSERT INTO PLAYLISTS (playlist_id, user_id, title, description, date_created, image) VALUES (290, 93, 'My R&B Playlist 19', 'A collection of Metal tunes.', '2022-06-08', 'https://picsum.photos/id/322/180/180');
INSERT INTO PLAYLISTS (playlist_id, user_id, title, description, date_created, image) VALUES (291, 41, 'My Alternative Playlist 24', 'A collection of Rock tunes.', '2022-10-18', 'https://picsum.photos/id/335/180/180');
INSERT INTO PLAYLISTS (playlist_id, user_id, title, description, date_created, image) VALUES (292, 78, 'My R&B Playlist 3', 'A collection of R&B tunes.', '2020-08-16', 'https://picsum.photos/id/382/180/180');
INSERT INTO PLAYLISTS (playlist_id, user_id, title, description, date_created, image) VALUES (293, 7, 'My Rock Playlist 1', 'A collection of Hip Hop tunes.', '2021-10-21', 'https://picsum.photos/id/374/180/180');
INSERT INTO PLAYLISTS (playlist_id, user_id, title, description, date_created, image) VALUES (294, 58, 'My Alternative Playlist 63', 'A collection of Dance tunes.', '2021-05-27', 'https://picsum.photos/id/348/180/180');
INSERT INTO PLAYLISTS (playlist_id, user_id, title, description, date_created, image) VALUES (295, 17, 'My Reggae Playlist 30', 'A collection of Blues tunes.', '2020-02-27', 'https://picsum.photos/id/344/180/180');
INSERT INTO PLAYLISTS (playlist_id, user_id, title, description, date_created, image) VALUES (296, 68, 'My Folk Playlist 60', 'A collection of Hip Hop tunes.', '2021-07-02', 'https://picsum.photos/id/313/180/180');
INSERT INTO PLAYLISTS (playlist_id, user_id, title, description, date_created, image) VALUES (297, 78, 'My Reggae Playlist 27', 'A collection of Rock tunes.', '2021-01-15', 'https://picsum.photos/id/313/180/180');
INSERT INTO PLAYLISTS (playlist_id, user_id, title, description, date_created, image) VALUES (298, 87, 'My Indie Playlist 47', 'A collection of Hip Hop tunes.', '2021-06-30', 'https://picsum.photos/id/335/180/180');
INSERT INTO PLAYLISTS (playlist_id, user_id, title, description, date_created, image) VALUES (299, 57, 'My Country Playlist 2', 'A collection of Hip Hop tunes.', '2021-10-20', 'https://picsum.photos/id/319/180/180');
INSERT INTO PLAYLISTS (playlist_id, user_id, title, description, date_created, image) VALUES (300, 88, 'My Indie Playlist 86', 'A collection of Reggae tunes.', '2024-02-28', 'https://picsum.photos/id/304/180/180');
INSERT INTO PLAYLISTS (playlist_id, user_id, title, description, date_created, image) VALUES (301, 93, 'My Country Playlist 40', 'A collection of Hip Hop tunes.', '2022-02-18', 'https://picsum.photos/id/339/180/180');
INSERT INTO PLAYLISTS (playlist_id, user_id, title, description, date_created, image) VALUES (302, 100, 'My Pop Playlist 88', 'A collection of Blues tunes.', '2023-03-05', 'https://picsum.photos/id/369/180/180');
INSERT INTO PLAYLISTS (playlist_id, user_id, title, description, date_created, image) VALUES (303, 91, 'My Hip Hop Playlist 46', 'A collection of Classical tunes.', '2020-10-09', 'https://picsum.photos/id/317/180/180');
INSERT INTO PLAYLISTS (playlist_id, user_id, title, description, date_created, image) VALUES (304, 98, 'My Country Playlist 68', 'A collection of Pop tunes.', '2020-11-14', 'https://picsum.photos/id/384/180/180');
INSERT INTO PLAYLISTS (playlist_id, user_id, title, description, date_created, image) VALUES (305, 31, 'My Indie Playlist 53', 'A collection of Indie tunes.', '2023-01-06', 'https://picsum.photos/id/328/180/180');
INSERT INTO PLAYLISTS (playlist_id, user_id, title, description, date_created, image) VALUES (306, 67, 'My Dance Playlist 53', 'A collection of Classical tunes.', '2023-04-08', 'https://picsum.photos/id/331/180/180');
INSERT INTO PLAYLISTS (playlist_id, user_id, title, description, date_created, image) VALUES (307, 73, 'My Pop Playlist 55', 'A collection of Pop tunes.', '2022-02-27', 'https://picsum.photos/id/322/180/180');
INSERT INTO PLAYLISTS (playlist_id, user_id, title, description, date_created, image) VALUES (308, 29, 'My Hip Hop Playlist 84', 'A collection of Country tunes.', '2023-07-09', 'https://picsum.photos/id/383/180/180');
INSERT INTO PLAYLISTS (playlist_id, user_id, title, description, date_created, image) VALUES (309, 5, 'My Reggae Playlist 17', 'A collection of Blues tunes.', '2021-12-14', 'https://picsum.photos/id/315/180/180');
INSERT INTO PLAYLISTS (playlist_id, user_id, title, description, date_created, image) VALUES (310, 80, 'My Metal Playlist 83', 'A collection of Hip Hop tunes.', '2020-02-06', 'https://picsum.photos/id/313/180/180');
INSERT INTO PLAYLISTS (playlist_id, user_id, title, description, date_created, image) VALUES (311, 6, 'My Reggae Playlist 13', 'A collection of Classical tunes.', '2023-01-18', 'https://picsum.photos/id/360/180/180');
INSERT INTO PLAYLISTS (playlist_id, user_id, title, description, date_created, image) VALUES (312, 77, 'My R&B Playlist 22', 'A collection of Hip Hop tunes.', '2021-11-10', 'https://picsum.photos/id/345/180/180');
INSERT INTO PLAYLISTS (playlist_id, user_id, title, description, date_created, image) VALUES (313, 46, 'My Rock Playlist 94', 'A collection of R&B tunes.', '2023-10-01', 'https://picsum.photos/id/375/180/180');
INSERT INTO PLAYLISTS (playlist_id, user_id, title, description, date_created, image) VALUES (314, 22, 'My Pop Playlist 41', 'A collection of Pop tunes.', '2023-08-04', 'https://picsum.photos/id/383/180/180');
INSERT INTO PLAYLISTS (playlist_id, user_id, title, description, date_created, image) VALUES (315, 87, 'My Dance Playlist 67', 'A collection of Hip Hop tunes.', '2022-12-27', 'https://picsum.photos/id/342/180/180');
INSERT INTO PLAYLISTS (playlist_id, user_id, title, description, date_created, image) VALUES (316, 39, 'My Hip Hop Playlist 6', 'A collection of Reggae tunes.', '2022-07-03', 'https://picsum.photos/id/329/180/180');
INSERT INTO PLAYLISTS (playlist_id, user_id, title, description, date_created, image) VALUES (317, 8, 'My Dance Playlist 57', 'A collection of Hip Hop tunes.', '2021-11-30', 'https://picsum.photos/id/366/180/180');
INSERT INTO PLAYLISTS (playlist_id, user_id, title, description, date_created, image) VALUES (318, 16, 'My Country Playlist 2', 'A collection of Blues tunes.', '2021-12-24', 'https://picsum.photos/id/380/180/180');
INSERT INTO PLAYLISTS (playlist_id, user_id, title, description, date_created, image) VALUES (319, 9, 'My Reggae Playlist 39', 'A collection of Alternative tunes.', '2020-12-28', 'https://picsum.photos/id/341/180/180');
INSERT INTO PLAYLISTS (playlist_id, user_id, title, description, date_created, image) VALUES (320, 83, 'My Classical Playlist 99', 'A collection of Rock tunes.', '2022-01-18', 'https://picsum.photos/id/369/180/180');
INSERT INTO PLAYLISTS (playlist_id, user_id, title, description, date_created, image) VALUES (321, 63, 'My Hip Hop Playlist 44', 'A collection of Folk tunes.', '2023-01-20', 'https://picsum.photos/id/394/180/180');
INSERT INTO PLAYLISTS (playlist_id, user_id, title, description, date_created, image) VALUES (322, 43, 'My Rock Playlist 17', 'A collection of Electronic tunes.', '2020-09-30', 'https://picsum.photos/id/337/180/180');
INSERT INTO PLAYLISTS (playlist_id, user_id, title, description, date_created, image) VALUES (323, 53, 'My Jazz Playlist 11', 'A collection of Blues tunes.', '2022-04-24', 'https://picsum.photos/id/326/180/180');
INSERT INTO PLAYLISTS (playlist_id, user_id, title, description, date_created, image) VALUES (324, 94, 'My Reggae Playlist 100', 'A collection of Country tunes.', '2022-04-26', 'https://picsum.photos/id/319/180/180');
INSERT INTO PLAYLISTS (playlist_id, user_id, title, description, date_created, image) VALUES (325, 81, 'My R&B Playlist 21', 'A collection of Electronic tunes.', '2021-04-11', 'https://picsum.photos/id/315/180/180');
INSERT INTO PLAYLISTS (playlist_id, user_id, title, description, date_created, image) VALUES (326, 79, 'My Metal Playlist 17', 'A collection of Metal tunes.', '2023-06-03', 'https://picsum.photos/id/312/180/180');
INSERT INTO PLAYLISTS (playlist_id, user_id, title, description, date_created, image) VALUES (327, 73, 'My Blues Playlist 79', 'A collection of Hip Hop tunes.', '2021-12-09', 'https://picsum.photos/id/316/180/180');
INSERT INTO PLAYLISTS (playlist_id, user_id, title, description, date_created, image) VALUES (328, 16, 'My Pop Playlist 89', 'A collection of R&B tunes.', '2021-09-03', 'https://picsum.photos/id/316/180/180');
INSERT INTO PLAYLISTS (playlist_id, user_id, title, description, date_created, image) VALUES (329, 86, 'My Pop Playlist 8', 'A collection of Alternative tunes.', '2024-03-24', 'https://picsum.photos/id/364/180/180');
INSERT INTO PLAYLISTS (playlist_id, user_id, title, description, date_created, image) VALUES (330, 9, 'My Indie Playlist 38', 'A collection of Hip Hop tunes.', '2020-09-12', 'https://picsum.photos/id/375/180/180');
INSERT INTO PLAYLISTS (playlist_id, user_id, title, description, date_created, image) VALUES (331, 94, 'My Dance Playlist 18', 'A collection of Electronic tunes.', '2022-04-26', 'https://picsum.photos/id/349/180/180');
INSERT INTO PLAYLISTS (playlist_id, user_id, title, description, date_created, image) VALUES (332, 87, 'My Reggae Playlist 78', 'A collection of Alternative tunes.', '2020-10-03', 'https://picsum.photos/id/385/180/180');
INSERT INTO PLAYLISTS (playlist_id, user_id, title, description, date_created, image) VALUES (333, 8, 'My Alternative Playlist 14', 'A collection of Alternative tunes.', '2022-08-16', 'https://picsum.photos/id/325/180/180');
INSERT INTO PLAYLISTS (playlist_id, user_id, title, description, date_created, image) VALUES (334, 73, 'My Folk Playlist 4', 'A collection of Reggae tunes.', '2020-10-16', 'https://picsum.photos/id/308/180/180');
INSERT INTO PLAYLISTS (playlist_id, user_id, title, description, date_created, image) VALUES (335, 48, 'My R&B Playlist 35', 'A collection of Jazz tunes.', '2023-08-17', 'https://picsum.photos/id/329/180/180');
INSERT INTO PLAYLISTS (playlist_id, user_id, title, description, date_created, image) VALUES (336, 78, 'My Hip Hop Playlist 72', 'A collection of Jazz tunes.', '2022-10-05', 'https://picsum.photos/id/304/180/180');
INSERT INTO PLAYLISTS (playlist_id, user_id, title, description, date_created, image) VALUES (337, 23, 'My Reggae Playlist 75', 'A collection of Alternative tunes.', '2020-02-25', 'https://picsum.photos/id/316/180/180');
INSERT INTO PLAYLISTS (playlist_id, user_id, title, description, date_created, image) VALUES (338, 86, 'My Metal Playlist 28', 'A collection of Pop tunes.', '2022-10-19', 'https://picsum.photos/id/341/180/180');
INSERT INTO PLAYLISTS (playlist_id, user_id, title, description, date_created, image) VALUES (339, 62, 'My Blues Playlist 1', 'A collection of Reggae tunes.', '2020-05-07', 'https://picsum.photos/id/354/180/180');
INSERT INTO PLAYLISTS (playlist_id, user_id, title, description, date_created, image) VALUES (340, 45, 'My Indie Playlist 89', 'A collection of Hip Hop tunes.', '2022-03-17', 'https://picsum.photos/id/349/180/180');
INSERT INTO PLAYLISTS (playlist_id, user_id, title, description, date_created, image) VALUES (341, 75, 'My Indie Playlist 85', 'A collection of Reggae tunes.', '2023-01-01', 'https://picsum.photos/id/400/180/180');
INSERT INTO PLAYLISTS (playlist_id, user_id, title, description, date_created, image) VALUES (342, 63, 'My Dance Playlist 43', 'A collection of Rock tunes.', '2021-08-04', 'https://picsum.photos/id/390/180/180');
INSERT INTO PLAYLISTS (playlist_id, user_id, title, description, date_created, image) VALUES (343, 64, 'My R&B Playlist 93', 'A collection of Indie tunes.', '2020-04-11', 'https://picsum.photos/id/306/180/180');
INSERT INTO PLAYLISTS (playlist_id, user_id, title, description, date_created, image) VALUES (344, 29, 'My Electronic Playlist 75', 'A collection of Blues tunes.', '2022-03-12', 'https://picsum.photos/id/365/180/180');
INSERT INTO PLAYLISTS (playlist_id, user_id, title, description, date_created, image) VALUES (345, 66, 'My Reggae Playlist 64', 'A collection of Country tunes.', '2021-07-19', 'https://picsum.photos/id/389/180/180');
INSERT INTO PLAYLISTS (playlist_id, user_id, title, description, date_created, image) VALUES (346, 59, 'My Alternative Playlist 3', 'A collection of Reggae tunes.', '2023-02-04', 'https://picsum.photos/id/330/180/180');
INSERT INTO PLAYLISTS (playlist_id, user_id, title, description, date_created, image) VALUES (347, 46, 'My Reggae Playlist 93', 'A collection of Pop tunes.', '2021-03-15', 'https://picsum.photos/id/354/180/180');
INSERT INTO PLAYLISTS (playlist_id, user_id, title, description, date_created, image) VALUES (348, 44, 'My Folk Playlist 12', 'A collection of Indie tunes.', '2023-02-04', 'https://picsum.photos/id/348/180/180');
INSERT INTO PLAYLISTS (playlist_id, user_id, title, description, date_created, image) VALUES (349, 58, 'My Hip Hop Playlist 73', 'A collection of Alternative tunes.', '2022-12-22', 'https://picsum.photos/id/377/180/180');
INSERT INTO PLAYLISTS (playlist_id, user_id, title, description, date_created, image) VALUES (350, 71, 'My Rock Playlist 99', 'A collection of Pop tunes.', '2023-07-22', 'https://picsum.photos/id/359/180/180');
INSERT INTO PLAYLISTS (playlist_id, user_id, title, description, date_created, image) VALUES (351, 94, 'My Indie Playlist 75', 'A collection of R&B tunes.', '2021-01-21', 'https://picsum.photos/id/388/180/180');
INSERT INTO PLAYLISTS (playlist_id, user_id, title, description, date_created, image) VALUES (352, 30, 'My Blues Playlist 79', 'A collection of Electronic tunes.', '2023-02-03', 'https://picsum.photos/id/315/180/180');
INSERT INTO PLAYLISTS (playlist_id, user_id, title, description, date_created, image) VALUES (353, 14, 'My Classical Playlist 49', 'A collection of Alternative tunes.', '2023-08-16', 'https://picsum.photos/id/316/180/180');
INSERT INTO PLAYLISTS (playlist_id, user_id, title, description, date_created, image) VALUES (354, 89, 'My R&B Playlist 68', 'A collection of Jazz tunes.', '2020-06-08', 'https://picsum.photos/id/344/180/180');
INSERT INTO PLAYLISTS (playlist_id, user_id, title, description, date_created, image) VALUES (355, 28, 'My Country Playlist 77', 'A collection of Pop tunes.', '2021-03-31', 'https://picsum.photos/id/358/180/180');
INSERT INTO PLAYLISTS (playlist_id, user_id, title, description, date_created, image) VALUES (356, 81, 'My Classical Playlist 22', 'A collection of Classical tunes.', '2020-07-30', 'https://picsum.photos/id/342/180/180');
INSERT INTO PLAYLISTS (playlist_id, user_id, title, description, date_created, image) VALUES (357, 32, 'My Reggae Playlist 63', 'A collection of Country tunes.', '2020-02-12', 'https://picsum.photos/id/315/180/180');
INSERT INTO PLAYLISTS (playlist_id, user_id, title, description, date_created, image) VALUES (358, 58, 'My Indie Playlist 26', 'A collection of Jazz tunes.', '2020-07-26', 'https://picsum.photos/id/369/180/180');
INSERT INTO PLAYLISTS (playlist_id, user_id, title, description, date_created, image) VALUES (359, 34, 'My Electronic Playlist 37', 'A collection of Blues tunes.', '2020-08-19', 'https://picsum.photos/id/364/180/180');
INSERT INTO PLAYLISTS (playlist_id, user_id, title, description, date_created, image) VALUES (360, 54, 'My Indie Playlist 36', 'A collection of Pop tunes.', '2021-06-15', 'https://picsum.photos/id/376/180/180');
INSERT INTO PLAYLISTS (playlist_id, user_id, title, description, date_created, image) VALUES (361, 44, 'My Dance Playlist 75', 'A collection of Jazz tunes.', '2022-09-01', 'https://picsum.photos/id/369/180/180');
INSERT INTO PLAYLISTS (playlist_id, user_id, title, description, date_created, image) VALUES (362, 84, 'My Blues Playlist 7', 'A collection of Reggae tunes.', '2022-02-04', 'https://picsum.photos/id/383/180/180');
INSERT INTO PLAYLISTS (playlist_id, user_id, title, description, date_created, image) VALUES (363, 37, 'My Folk Playlist 57', 'A collection of Country tunes.', '2021-10-10', 'https://picsum.photos/id/317/180/180');
INSERT INTO PLAYLISTS (playlist_id, user_id, title, description, date_created, image) VALUES (364, 25, 'My Classical Playlist 28', 'A collection of R&B tunes.', '2023-04-09', 'https://picsum.photos/id/333/180/180');
INSERT INTO PLAYLISTS (playlist_id, user_id, title, description, date_created, image) VALUES (365, 83, 'My Classical Playlist 50', 'A collection of Alternative tunes.', '2021-05-30', 'https://picsum.photos/id/398/180/180');
INSERT INTO PLAYLISTS (playlist_id, user_id, title, description, date_created, image) VALUES (366, 46, 'My Indie Playlist 82', 'A collection of Alternative tunes.', '2022-04-09', 'https://picsum.photos/id/367/180/180');
INSERT INTO PLAYLISTS (playlist_id, user_id, title, description, date_created, image) VALUES (367, 80, 'My R&B Playlist 46', 'A collection of Electronic tunes.', '2020-04-12', 'https://picsum.photos/id/389/180/180');
INSERT INTO PLAYLISTS (playlist_id, user_id, title, description, date_created, image) VALUES (368, 59, 'My Dance Playlist 44', 'A collection of Blues tunes.', '2020-03-27', 'https://picsum.photos/id/358/180/180');
INSERT INTO PLAYLISTS (playlist_id, user_id, title, description, date_created, image) VALUES (369, 66, 'My Jazz Playlist 90', 'A collection of R&B tunes.', '2021-12-18', 'https://picsum.photos/id/391/180/180');
INSERT INTO PLAYLISTS (playlist_id, user_id, title, description, date_created, image) VALUES (370, 34, 'My Electronic Playlist 30', 'A collection of Indie tunes.', '2022-03-30', 'https://picsum.photos/id/301/180/180');
INSERT INTO PLAYLISTS (playlist_id, user_id, title, description, date_created, image) VALUES (371, 72, 'My R&B Playlist 61', 'A collection of Pop tunes.', '2022-09-14', 'https://picsum.photos/id/386/180/180');
INSERT INTO PLAYLISTS (playlist_id, user_id, title, description, date_created, image) VALUES (372, 89, 'My Blues Playlist 7', 'A collection of Classical tunes.', '2021-08-04', 'https://picsum.photos/id/332/180/180');
INSERT INTO PLAYLISTS (playlist_id, user_id, title, description, date_created, image) VALUES (373, 9, 'My Country Playlist 84', 'A collection of Indie tunes.', '2022-10-15', 'https://picsum.photos/id/307/180/180');
INSERT INTO PLAYLISTS (playlist_id, user_id, title, description, date_created, image) VALUES (374, 24, 'My Blues Playlist 35', 'A collection of Rock tunes.', '2022-07-01', 'https://picsum.photos/id/351/180/180');
INSERT INTO PLAYLISTS (playlist_id, user_id, title, description, date_created, image) VALUES (375, 77, 'My Jazz Playlist 40', 'A collection of Dance tunes.', '2020-10-02', 'https://picsum.photos/id/354/180/180');
INSERT INTO PLAYLISTS (playlist_id, user_id, title, description, date_created, image) VALUES (376, 6, 'My Country Playlist 28', 'A collection of Metal tunes.', '2022-04-01', 'https://picsum.photos/id/332/180/180');
INSERT INTO PLAYLISTS (playlist_id, user_id, title, description, date_created, image) VALUES (377, 6, 'My Metal Playlist 46', 'A collection of Classical tunes.', '2021-07-28', 'https://picsum.photos/id/326/180/180');
INSERT INTO PLAYLISTS (playlist_id, user_id, title, description, date_created, image) VALUES (378, 85, 'My Rock Playlist 99', 'A collection of Hip Hop tunes.', '2024-01-05', 'https://picsum.photos/id/328/180/180');
INSERT INTO PLAYLISTS (playlist_id, user_id, title, description, date_created, image) VALUES (379, 50, 'My Pop Playlist 84', 'A collection of Metal tunes.', '2020-11-19', 'https://picsum.photos/id/378/180/180');
INSERT INTO PLAYLISTS (playlist_id, user_id, title, description, date_created, image) VALUES (380, 96, 'My R&B Playlist 16', 'A collection of Metal tunes.', '2020-07-11', 'https://picsum.photos/id/321/180/180');
INSERT INTO PLAYLISTS (playlist_id, user_id, title, description, date_created, image) VALUES (381, 33, 'My Classical Playlist 35', 'A collection of Dance tunes.', '2022-11-20', 'https://picsum.photos/id/378/180/180');
INSERT INTO PLAYLISTS (playlist_id, user_id, title, description, date_created, image) VALUES (382, 60, 'My Blues Playlist 26', 'A collection of Dance tunes.', '2021-10-25', 'https://picsum.photos/id/362/180/180');
INSERT INTO PLAYLISTS (playlist_id, user_id, title, description, date_created, image) VALUES (383, 36, 'My Jazz Playlist 92', 'A collection of Alternative tunes.', '2023-03-04', 'https://picsum.photos/id/400/180/180');
INSERT INTO PLAYLISTS (playlist_id, user_id, title, description, date_created, image) VALUES (384, 70, 'My Alternative Playlist 7', 'A collection of R&B tunes.', '2022-04-22', 'https://picsum.photos/id/374/180/180');
INSERT INTO PLAYLISTS (playlist_id, user_id, title, description, date_created, image) VALUES (385, 100, 'My Folk Playlist 84', 'A collection of Rock tunes.', '2022-06-18', 'https://picsum.photos/id/351/180/180');
INSERT INTO PLAYLISTS (playlist_id, user_id, title, description, date_created, image) VALUES (386, 70, 'My Metal Playlist 46', 'A collection of Rock tunes.', '2024-04-17', 'https://picsum.photos/id/324/180/180');
INSERT INTO PLAYLISTS (playlist_id, user_id, title, description, date_created, image) VALUES (387, 65, 'My Dance Playlist 2', 'A collection of Reggae tunes.', '2020-10-04', 'https://picsum.photos/id/364/180/180');
INSERT INTO PLAYLISTS (playlist_id, user_id, title, description, date_created, image) VALUES (388, 94, 'My Pop Playlist 6', 'A collection of Blues tunes.', '2020-09-06', 'https://picsum.photos/id/312/180/180');
INSERT INTO PLAYLISTS (playlist_id, user_id, title, description, date_created, image) VALUES (389, 97, 'My Alternative Playlist 20', 'A collection of Jazz tunes.', '2020-08-19', 'https://picsum.photos/id/323/180/180');
INSERT INTO PLAYLISTS (playlist_id, user_id, title, description, date_created, image) VALUES (390, 83, 'My Reggae Playlist 63', 'A collection of Blues tunes.', '2021-06-05', 'https://picsum.photos/id/322/180/180');
INSERT INTO PLAYLISTS (playlist_id, user_id, title, description, date_created, image) VALUES (391, 7, 'My Rock Playlist 90', 'A collection of Alternative tunes.', '2022-02-13', 'https://picsum.photos/id/390/180/180');
INSERT INTO PLAYLISTS (playlist_id, user_id, title, description, date_created, image) VALUES (392, 93, 'My Classical Playlist 80', 'A collection of Blues tunes.', '2022-01-19', 'https://picsum.photos/id/387/180/180');
INSERT INTO PLAYLISTS (playlist_id, user_id, title, description, date_created, image) VALUES (393, 20, 'My Pop Playlist 63', 'A collection of Jazz tunes.', '2023-01-09', 'https://picsum.photos/id/317/180/180');
INSERT INTO PLAYLISTS (playlist_id, user_id, title, description, date_created, image) VALUES (394, 3, 'My Alternative Playlist 47', 'A collection of Rock tunes.', '2021-10-04', 'https://picsum.photos/id/363/180/180');
INSERT INTO PLAYLISTS (playlist_id, user_id, title, description, date_created, image) VALUES (395, 29, 'My Reggae Playlist 44', 'A collection of Rock tunes.', '2023-06-20', 'https://picsum.photos/id/325/180/180');
INSERT INTO PLAYLISTS (playlist_id, user_id, title, description, date_created, image) VALUES (396, 2, 'My Classical Playlist 35', 'A collection of Classical tunes.', '2022-01-09', 'https://picsum.photos/id/388/180/180');
INSERT INTO PLAYLISTS (playlist_id, user_id, title, description, date_created, image) VALUES (397, 100, 'My Folk Playlist 49', 'A collection of Electronic tunes.', '2021-06-21', 'https://picsum.photos/id/358/180/180');
INSERT INTO PLAYLISTS (playlist_id, user_id, title, description, date_created, image) VALUES (398, 84, 'My Metal Playlist 1', 'A collection of Folk tunes.', '2021-10-07', 'https://picsum.photos/id/359/180/180');
INSERT INTO PLAYLISTS (playlist_id, user_id, title, description, date_created, image) VALUES (399, 66, 'My Folk Playlist 82', 'A collection of R&B tunes.', '2022-11-02', 'https://picsum.photos/id/322/180/180');
INSERT INTO PLAYLISTS (playlist_id, user_id, title, description, date_created, image) VALUES (400, 78, 'My Electronic Playlist 47', 'A collection of Rock tunes.', '2021-05-03', 'https://picsum.photos/id/308/180/180');
INSERT INTO PLAYLISTS (playlist_id, user_id, title, description, date_created, image) VALUES (401, 58, 'My Metal Playlist 79', 'A collection of Country tunes.', '2023-06-24', 'https://picsum.photos/id/381/180/180');
INSERT INTO PLAYLISTS (playlist_id, user_id, title, description, date_created, image) VALUES (402, 56, 'My Classical Playlist 90', 'A collection of Jazz tunes.', '2024-01-11', 'https://picsum.photos/id/372/180/180');
INSERT INTO PLAYLISTS (playlist_id, user_id, title, description, date_created, image) VALUES (403, 50, 'My Hip Hop Playlist 45', 'A collection of Rock tunes.', '2024-01-11', 'https://picsum.photos/id/317/180/180');
INSERT INTO PLAYLISTS (playlist_id, user_id, title, description, date_created, image) VALUES (404, 47, 'My Country Playlist 78', 'A collection of Blues tunes.', '2022-02-06', 'https://picsum.photos/id/398/180/180');
INSERT INTO PLAYLISTS (playlist_id, user_id, title, description, date_created, image) VALUES (405, 96, 'My Folk Playlist 60', 'A collection of Indie tunes.', '2021-01-29', 'https://picsum.photos/id/370/180/180');
INSERT INTO PLAYLISTS (playlist_id, user_id, title, description, date_created, image) VALUES (406, 3, 'My Jazz Playlist 74', 'A collection of Blues tunes.', '2020-02-05', 'https://picsum.photos/id/383/180/180');
INSERT INTO PLAYLISTS (playlist_id, user_id, title, description, date_created, image) VALUES (407, 49, 'My Reggae Playlist 39', 'A collection of Folk tunes.', '2021-01-04', 'https://picsum.photos/id/329/180/180');
INSERT INTO PLAYLISTS (playlist_id, user_id, title, description, date_created, image) VALUES (408, 40, 'My Pop Playlist 76', 'A collection of Dance tunes.', '2020-03-08', 'https://picsum.photos/id/333/180/180');
INSERT INTO PLAYLISTS (playlist_id, user_id, title, description, date_created, image) VALUES (409, 95, 'My Pop Playlist 50', 'A collection of Country tunes.', '2021-08-26', 'https://picsum.photos/id/341/180/180');
INSERT INTO PLAYLISTS (playlist_id, user_id, title, description, date_created, image) VALUES (410, 53, 'My Dance Playlist 83', 'A collection of Classical tunes.', '2020-01-14', 'https://picsum.photos/id/329/180/180');
INSERT INTO PLAYLISTS (playlist_id, user_id, title, description, date_created, image) VALUES (411, 16, 'My Dance Playlist 72', 'A collection of Metal tunes.', '2023-11-10', 'https://picsum.photos/id/384/180/180');
INSERT INTO PLAYLISTS (playlist_id, user_id, title, description, date_created, image) VALUES (412, 76, 'My Classical Playlist 44', 'A collection of Jazz tunes.', '2024-03-13', 'https://picsum.photos/id/324/180/180');
INSERT INTO PLAYLISTS (playlist_id, user_id, title, description, date_created, image) VALUES (413, 31, 'My Reggae Playlist 50', 'A collection of Blues tunes.', '2022-11-13', 'https://picsum.photos/id/390/180/180');
INSERT INTO PLAYLISTS (playlist_id, user_id, title, description, date_created, image) VALUES (414, 5, 'My Hip Hop Playlist 63', 'A collection of Alternative tunes.', '2021-03-14', 'https://picsum.photos/id/350/180/180');
INSERT INTO PLAYLISTS (playlist_id, user_id, title, description, date_created, image) VALUES (415, 72, 'My Classical Playlist 73', 'A collection of Dance tunes.', '2021-10-16', 'https://picsum.photos/id/358/180/180');
INSERT INTO PLAYLISTS (playlist_id, user_id, title, description, date_created, image) VALUES (416, 35, 'My Electronic Playlist 22', 'A collection of Blues tunes.', '2023-11-14', 'https://picsum.photos/id/301/180/180');
INSERT INTO PLAYLISTS (playlist_id, user_id, title, description, date_created, image) VALUES (417, 1, 'My Alternative Playlist 94', 'A collection of Reggae tunes.', '2020-05-20', 'https://picsum.photos/id/306/180/180');
INSERT INTO PLAYLISTS (playlist_id, user_id, title, description, date_created, image) VALUES (418, 62, 'My Blues Playlist 1', 'A collection of Classical tunes.', '2022-11-28', 'https://picsum.photos/id/313/180/180');
INSERT INTO PLAYLISTS (playlist_id, user_id, title, description, date_created, image) VALUES (419, 82, 'My Rock Playlist 98', 'A collection of Hip Hop tunes.', '2023-08-01', 'https://picsum.photos/id/328/180/180');
INSERT INTO PLAYLISTS (playlist_id, user_id, title, description, date_created, image) VALUES (420, 56, 'My Country Playlist 40', 'A collection of Folk tunes.', '2020-05-17', 'https://picsum.photos/id/369/180/180');
INSERT INTO PLAYLISTS (playlist_id, user_id, title, description, date_created, image) VALUES (421, 48, 'My Electronic Playlist 81', 'A collection of Classical tunes.', '2020-08-07', 'https://picsum.photos/id/382/180/180');
INSERT INTO PLAYLISTS (playlist_id, user_id, title, description, date_created, image) VALUES (422, 37, 'My Folk Playlist 24', 'A collection of Rock tunes.', '2023-09-06', 'https://picsum.photos/id/325/180/180');
INSERT INTO PLAYLISTS (playlist_id, user_id, title, description, date_created, image) VALUES (423, 65, 'My Country Playlist 54', 'A collection of Rock tunes.', '2022-06-11', 'https://picsum.photos/id/347/180/180');
INSERT INTO PLAYLISTS (playlist_id, user_id, title, description, date_created, image) VALUES (424, 65, 'My Metal Playlist 83', 'A collection of Blues tunes.', '2021-05-05', 'https://picsum.photos/id/330/180/180');
INSERT INTO PLAYLISTS (playlist_id, user_id, title, description, date_created, image) VALUES (425, 9, 'My Metal Playlist 64', 'A collection of Indie tunes.', '2022-03-26', 'https://picsum.photos/id/309/180/180');
INSERT INTO PLAYLISTS (playlist_id, user_id, title, description, date_created, image) VALUES (426, 22, 'My Alternative Playlist 80', 'A collection of Dance tunes.', '2023-04-28', 'https://picsum.photos/id/320/180/180');
INSERT INTO PLAYLISTS (playlist_id, user_id, title, description, date_created, image) VALUES (427, 99, 'My Country Playlist 34', 'A collection of Indie tunes.', '2022-11-13', 'https://picsum.photos/id/329/180/180');
INSERT INTO PLAYLISTS (playlist_id, user_id, title, description, date_created, image) VALUES (428, 67, 'My Electronic Playlist 18', 'A collection of Hip Hop tunes.', '2021-07-07', 'https://picsum.photos/id/322/180/180');
INSERT INTO PLAYLISTS (playlist_id, user_id, title, description, date_created, image) VALUES (429, 90, 'My Classical Playlist 27', 'A collection of Classical tunes.', '2023-02-06', 'https://picsum.photos/id/380/180/180');
INSERT INTO PLAYLISTS (playlist_id, user_id, title, description, date_created, image) VALUES (430, 6, 'My Dance Playlist 11', 'A collection of Alternative tunes.', '2022-08-27', 'https://picsum.photos/id/368/180/180');
INSERT INTO PLAYLISTS (playlist_id, user_id, title, description, date_created, image) VALUES (431, 74, 'My Country Playlist 43', 'A collection of Country tunes.', '2020-06-11', 'https://picsum.photos/id/386/180/180');
INSERT INTO PLAYLISTS (playlist_id, user_id, title, description, date_created, image) VALUES (432, 8, 'My Dance Playlist 36', 'A collection of Classical tunes.', '2020-01-29', 'https://picsum.photos/id/316/180/180');
INSERT INTO PLAYLISTS (playlist_id, user_id, title, description, date_created, image) VALUES (433, 55, 'My Reggae Playlist 5', 'A collection of Rock tunes.', '2022-06-04', 'https://picsum.photos/id/351/180/180');
INSERT INTO PLAYLISTS (playlist_id, user_id, title, description, date_created, image) VALUES (434, 91, 'My Blues Playlist 82', 'A collection of Pop tunes.', '2022-05-06', 'https://picsum.photos/id/361/180/180');
INSERT INTO PLAYLISTS (playlist_id, user_id, title, description, date_created, image) VALUES (435, 92, 'My Rock Playlist 39', 'A collection of Jazz tunes.', '2020-06-29', 'https://picsum.photos/id/310/180/180');
INSERT INTO PLAYLISTS (playlist_id, user_id, title, description, date_created, image) VALUES (436, 10, 'My Hip Hop Playlist 36', 'A collection of Pop tunes.', '2021-06-21', 'https://picsum.photos/id/367/180/180');
INSERT INTO PLAYLISTS (playlist_id, user_id, title, description, date_created, image) VALUES (437, 32, 'My Hip Hop Playlist 13', 'A collection of Classical tunes.', '2021-11-11', 'https://picsum.photos/id/384/180/180');
INSERT INTO PLAYLISTS (playlist_id, user_id, title, description, date_created, image) VALUES (438, 68, 'My Jazz Playlist 50', 'A collection of Alternative tunes.', '2022-10-30', 'https://picsum.photos/id/343/180/180');
INSERT INTO PLAYLISTS (playlist_id, user_id, title, description, date_created, image) VALUES (439, 22, 'My Indie Playlist 62', 'A collection of Indie tunes.', '2021-03-11', 'https://picsum.photos/id/337/180/180');
INSERT INTO PLAYLISTS (playlist_id, user_id, title, description, date_created, image) VALUES (440, 11, 'My Hip Hop Playlist 92', 'A collection of Indie tunes.', '2020-07-02', 'https://picsum.photos/id/393/180/180');
INSERT INTO PLAYLISTS (playlist_id, user_id, title, description, date_created, image) VALUES (441, 7, 'My Classical Playlist 55', 'A collection of Reggae tunes.', '2020-04-28', 'https://picsum.photos/id/311/180/180');
INSERT INTO PLAYLISTS (playlist_id, user_id, title, description, date_created, image) VALUES (442, 34, 'My Blues Playlist 75', 'A collection of Hip Hop tunes.', '2022-02-24', 'https://picsum.photos/id/324/180/180');
INSERT INTO PLAYLISTS (playlist_id, user_id, title, description, date_created, image) VALUES (443, 32, 'My Electronic Playlist 84', 'A collection of Blues tunes.', '2022-12-30', 'https://picsum.photos/id/361/180/180');
INSERT INTO PLAYLISTS (playlist_id, user_id, title, description, date_created, image) VALUES (444, 78, 'My Metal Playlist 96', 'A collection of Dance tunes.', '2022-02-16', 'https://picsum.photos/id/387/180/180');
INSERT INTO PLAYLISTS (playlist_id, user_id, title, description, date_created, image) VALUES (445, 64, 'My Alternative Playlist 72', 'A collection of Hip Hop tunes.', '2022-07-07', 'https://picsum.photos/id/328/180/180');
INSERT INTO PLAYLISTS (playlist_id, user_id, title, description, date_created, image) VALUES (446, 1, 'My Country Playlist 42', 'A collection of Pop tunes.', '2020-09-03', 'https://picsum.photos/id/330/180/180');
INSERT INTO PLAYLISTS (playlist_id, user_id, title, description, date_created, image) VALUES (447, 12, 'My R&B Playlist 21', 'A collection of Blues tunes.', '2022-11-03', 'https://picsum.photos/id/394/180/180');
INSERT INTO PLAYLISTS (playlist_id, user_id, title, description, date_created, image) VALUES (448, 53, 'My Reggae Playlist 31', 'A collection of Hip Hop tunes.', '2021-01-13', 'https://picsum.photos/id/377/180/180');
INSERT INTO PLAYLISTS (playlist_id, user_id, title, description, date_created, image) VALUES (449, 43, 'My Alternative Playlist 74', 'A collection of Metal tunes.', '2021-06-06', 'https://picsum.photos/id/327/180/180');
INSERT INTO PLAYLISTS (playlist_id, user_id, title, description, date_created, image) VALUES (450, 76, 'My Pop Playlist 81', 'A collection of Indie tunes.', '2020-08-04', 'https://picsum.photos/id/397/180/180');
INSERT INTO PLAYLISTS (playlist_id, user_id, title, description, date_created, image) VALUES (451, 45, 'My R&B Playlist 11', 'A collection of Blues tunes.', '2020-12-27', 'https://picsum.photos/id/328/180/180');
INSERT INTO PLAYLISTS (playlist_id, user_id, title, description, date_created, image) VALUES (452, 54, 'My Hip Hop Playlist 92', 'A collection of Rock tunes.', '2020-11-09', 'https://picsum.photos/id/355/180/180');
INSERT INTO PLAYLISTS (playlist_id, user_id, title, description, date_created, image) VALUES (453, 31, 'My Folk Playlist 86', 'A collection of Classical tunes.', '2020-09-15', 'https://picsum.photos/id/348/180/180');
INSERT INTO PLAYLISTS (playlist_id, user_id, title, description, date_created, image) VALUES (454, 27, 'My Pop Playlist 49', 'A collection of Blues tunes.', '2022-05-05', 'https://picsum.photos/id/381/180/180');
INSERT INTO PLAYLISTS (playlist_id, user_id, title, description, date_created, image) VALUES (455, 73, 'My R&B Playlist 19', 'A collection of Metal tunes.', '2021-10-06', 'https://picsum.photos/id/322/180/180');
INSERT INTO PLAYLISTS (playlist_id, user_id, title, description, date_created, image) VALUES (456, 80, 'My Classical Playlist 42', 'A collection of Indie tunes.', '2020-06-28', 'https://picsum.photos/id/377/180/180');
INSERT INTO PLAYLISTS (playlist_id, user_id, title, description, date_created, image) VALUES (457, 40, 'My Alternative Playlist 61', 'A collection of Rock tunes.', '2023-03-05', 'https://picsum.photos/id/367/180/180');
INSERT INTO PLAYLISTS (playlist_id, user_id, title, description, date_created, image) VALUES (458, 4, 'My Blues Playlist 54', 'A collection of Classical tunes.', '2023-02-08', 'https://picsum.photos/id/398/180/180');
INSERT INTO PLAYLISTS (playlist_id, user_id, title, description, date_created, image) VALUES (459, 78, 'My Jazz Playlist 35', 'A collection of Classical tunes.', '2021-09-05', 'https://picsum.photos/id/395/180/180');
INSERT INTO PLAYLISTS (playlist_id, user_id, title, description, date_created, image) VALUES (460, 12, 'My Reggae Playlist 21', 'A collection of R&B tunes.', '2022-12-16', 'https://picsum.photos/id/369/180/180');
INSERT INTO PLAYLISTS (playlist_id, user_id, title, description, date_created, image) VALUES (461, 16, 'My Classical Playlist 21', 'A collection of Rock tunes.', '2022-12-26', 'https://picsum.photos/id/387/180/180');
INSERT INTO PLAYLISTS (playlist_id, user_id, title, description, date_created, image) VALUES (462, 44, 'My Country Playlist 73', 'A collection of Metal tunes.', '2022-01-29', 'https://picsum.photos/id/309/180/180');
INSERT INTO PLAYLISTS (playlist_id, user_id, title, description, date_created, image) VALUES (463, 47, 'My Country Playlist 74', 'A collection of Pop tunes.', '2022-02-03', 'https://picsum.photos/id/364/180/180');
INSERT INTO PLAYLISTS (playlist_id, user_id, title, description, date_created, image) VALUES (464, 94, 'My Dance Playlist 79', 'A collection of Pop tunes.', '2021-10-19', 'https://picsum.photos/id/355/180/180');
INSERT INTO PLAYLISTS (playlist_id, user_id, title, description, date_created, image) VALUES (465, 2, 'My Pop Playlist 95', 'A collection of Metal tunes.', '2021-03-15', 'https://picsum.photos/id/333/180/180');
INSERT INTO PLAYLISTS (playlist_id, user_id, title, description, date_created, image) VALUES (466, 56, 'My Alternative Playlist 55', 'A collection of Pop tunes.', '2023-07-21', 'https://picsum.photos/id/372/180/180');
INSERT INTO PLAYLISTS (playlist_id, user_id, title, description, date_created, image) VALUES (467, 64, 'My Dance Playlist 37', 'A collection of Rock tunes.', '2023-11-11', 'https://picsum.photos/id/316/180/180');
INSERT INTO PLAYLISTS (playlist_id, user_id, title, description, date_created, image) VALUES (468, 75, 'My Alternative Playlist 3', 'A collection of Blues tunes.', '2022-12-10', 'https://picsum.photos/id/359/180/180');
INSERT INTO PLAYLISTS (playlist_id, user_id, title, description, date_created, image) VALUES (469, 88, 'My Jazz Playlist 40', 'A collection of Metal tunes.', '2023-09-22', 'https://picsum.photos/id/367/180/180');
INSERT INTO PLAYLISTS (playlist_id, user_id, title, description, date_created, image) VALUES (470, 38, 'My Jazz Playlist 7', 'A collection of Indie tunes.', '2021-01-13', 'https://picsum.photos/id/353/180/180');
INSERT INTO PLAYLISTS (playlist_id, user_id, title, description, date_created, image) VALUES (471, 72, 'My Classical Playlist 53', 'A collection of Pop tunes.', '2022-02-16', 'https://picsum.photos/id/385/180/180');
INSERT INTO PLAYLISTS (playlist_id, user_id, title, description, date_created, image) VALUES (472, 71, 'My Hip Hop Playlist 7', 'A collection of Hip Hop tunes.', '2022-04-06', 'https://picsum.photos/id/387/180/180');
INSERT INTO PLAYLISTS (playlist_id, user_id, title, description, date_created, image) VALUES (473, 74, 'My Metal Playlist 25', 'A collection of Reggae tunes.', '2023-04-01', 'https://picsum.photos/id/345/180/180');
INSERT INTO PLAYLISTS (playlist_id, user_id, title, description, date_created, image) VALUES (474, 10, 'My R&B Playlist 12', 'A collection of Hip Hop tunes.', '2020-02-23', 'https://picsum.photos/id/349/180/180');
INSERT INTO PLAYLISTS (playlist_id, user_id, title, description, date_created, image) VALUES (475, 71, 'My Electronic Playlist 65', 'A collection of Indie tunes.', '2022-04-10', 'https://picsum.photos/id/358/180/180');
INSERT INTO PLAYLISTS (playlist_id, user_id, title, description, date_created, image) VALUES (476, 4, 'My Rock Playlist 14', 'A collection of Pop tunes.', '2023-09-04', 'https://picsum.photos/id/373/180/180');
INSERT INTO PLAYLISTS (playlist_id, user_id, title, description, date_created, image) VALUES (477, 97, 'My R&B Playlist 96', 'A collection of Dance tunes.', '2022-09-26', 'https://picsum.photos/id/371/180/180');
INSERT INTO PLAYLISTS (playlist_id, user_id, title, description, date_created, image) VALUES (478, 45, 'My R&B Playlist 80', 'A collection of Reggae tunes.', '2024-02-29', 'https://picsum.photos/id/350/180/180');
INSERT INTO PLAYLISTS (playlist_id, user_id, title, description, date_created, image) VALUES (479, 35, 'My Blues Playlist 41', 'A collection of Electronic tunes.', '2022-10-30', 'https://picsum.photos/id/366/180/180');
INSERT INTO PLAYLISTS (playlist_id, user_id, title, description, date_created, image) VALUES (480, 86, 'My Metal Playlist 90', 'A collection of Country tunes.', '2020-10-19', 'https://picsum.photos/id/369/180/180');
INSERT INTO PLAYLISTS (playlist_id, user_id, title, description, date_created, image) VALUES (481, 50, 'My Classical Playlist 85', 'A collection of Blues tunes.', '2020-11-29', 'https://picsum.photos/id/330/180/180');
INSERT INTO PLAYLISTS (playlist_id, user_id, title, description, date_created, image) VALUES (482, 8, 'My Country Playlist 51', 'A collection of Indie tunes.', '2020-01-31', 'https://picsum.photos/id/337/180/180');
INSERT INTO PLAYLISTS (playlist_id, user_id, title, description, date_created, image) VALUES (483, 82, 'My Hip Hop Playlist 79', 'A collection of Reggae tunes.', '2020-02-17', 'https://picsum.photos/id/390/180/180');
INSERT INTO PLAYLISTS (playlist_id, user_id, title, description, date_created, image) VALUES (484, 25, 'My Alternative Playlist 10', 'A collection of Pop tunes.', '2023-05-19', 'https://picsum.photos/id/375/180/180');
INSERT INTO PLAYLISTS (playlist_id, user_id, title, description, date_created, image) VALUES (485, 19, 'My Pop Playlist 19', 'A collection of Alternative tunes.', '2021-01-06', 'https://picsum.photos/id/368/180/180');
INSERT INTO PLAYLISTS (playlist_id, user_id, title, description, date_created, image) VALUES (486, 14, 'My Country Playlist 16', 'A collection of Rock tunes.', '2022-09-26', 'https://picsum.photos/id/329/180/180');
INSERT INTO PLAYLISTS (playlist_id, user_id, title, description, date_created, image) VALUES (487, 49, 'My Blues Playlist 35', 'A collection of Rock tunes.', '2023-02-07', 'https://picsum.photos/id/376/180/180');
INSERT INTO PLAYLISTS (playlist_id, user_id, title, description, date_created, image) VALUES (488, 37, 'My Indie Playlist 89', 'A collection of Country tunes.', '2020-08-16', 'https://picsum.photos/id/372/180/180');
INSERT INTO PLAYLISTS (playlist_id, user_id, title, description, date_created, image) VALUES (489, 14, 'My Alternative Playlist 20', 'A collection of Hip Hop tunes.', '2023-10-17', 'https://picsum.photos/id/399/180/180');
INSERT INTO PLAYLISTS (playlist_id, user_id, title, description, date_created, image) VALUES (490, 76, 'My Pop Playlist 32', 'A collection of Alternative tunes.', '2024-02-07', 'https://picsum.photos/id/349/180/180');
INSERT INTO PLAYLISTS (playlist_id, user_id, title, description, date_created, image) VALUES (491, 29, 'My Pop Playlist 100', 'A collection of R&B tunes.', '2020-11-04', 'https://picsum.photos/id/390/180/180');
INSERT INTO PLAYLISTS (playlist_id, user_id, title, description, date_created, image) VALUES (492, 74, 'My Country Playlist 15', 'A collection of Metal tunes.', '2023-01-13', 'https://picsum.photos/id/318/180/180');
INSERT INTO PLAYLISTS (playlist_id, user_id, title, description, date_created, image) VALUES (493, 22, 'My R&B Playlist 21', 'A collection of Dance tunes.', '2023-08-10', 'https://picsum.photos/id/377/180/180');
INSERT INTO PLAYLISTS (playlist_id, user_id, title, description, date_created, image) VALUES (494, 4, 'My Electronic Playlist 73', 'A collection of Hip Hop tunes.', '2022-12-31', 'https://picsum.photos/id/325/180/180');
INSERT INTO PLAYLISTS (playlist_id, user_id, title, description, date_created, image) VALUES (495, 84, 'My Jazz Playlist 41', 'A collection of Dance tunes.', '2023-09-17', 'https://picsum.photos/id/370/180/180');
INSERT INTO PLAYLISTS (playlist_id, user_id, title, description, date_created, image) VALUES (496, 12, 'My Hip Hop Playlist 28', 'A collection of Hip Hop tunes.', '2023-05-13', 'https://picsum.photos/id/397/180/180');
INSERT INTO PLAYLISTS (playlist_id, user_id, title, description, date_created, image) VALUES (497, 61, 'My Classical Playlist 16', 'A collection of Hip Hop tunes.', '2023-03-29', 'https://picsum.photos/id/342/180/180');
INSERT INTO PLAYLISTS (playlist_id, user_id, title, description, date_created, image) VALUES (498, 80, 'My R&B Playlist 76', 'A collection of Hip Hop tunes.', '2022-11-30', 'https://picsum.photos/id/380/180/180');
INSERT INTO PLAYLISTS (playlist_id, user_id, title, description, date_created, image) VALUES (499, 55, 'My Classical Playlist 36', 'A collection of Classical tunes.', '2021-09-08', 'https://picsum.photos/id/358/180/180');
INSERT INTO PLAYLISTS (playlist_id, user_id, title, description, date_created, image) VALUES (500, 14, 'My Folk Playlist 36', 'A collection of Electronic tunes.', '2024-02-03', 'https://picsum.photos/id/305/180/180');

-- PLAYLIST_SONGS Data --
INSERT INTO PLAYLIST_SONGS (playlistsong_id, playlist_id, song_id, date_added) VALUES (1, 78, 630, '2023-06-07');
INSERT INTO PLAYLIST_SONGS (playlistsong_id, playlist_id, song_id, date_added) VALUES (2, 120, 688, '2024-03-28');
INSERT INTO PLAYLIST_SONGS (playlistsong_id, playlist_id, song_id, date_added) VALUES (3, 96, 71, '2024-02-20');
INSERT INTO PLAYLIST_SONGS (playlistsong_id, playlist_id, song_id, date_added) VALUES (4, 384, 473, '2023-09-06');
INSERT INTO PLAYLIST_SONGS (playlistsong_id, playlist_id, song_id, date_added) VALUES (5, 122, 340, '2024-01-12');
INSERT INTO PLAYLIST_SONGS (playlistsong_id, playlist_id, song_id, date_added) VALUES (6, 231, 775, '2023-10-30');
INSERT INTO PLAYLIST_SONGS (playlistsong_id, playlist_id, song_id, date_added) VALUES (7, 436, 586, '2024-05-03');
INSERT INTO PLAYLIST_SONGS (playlistsong_id, playlist_id, song_id, date_added) VALUES (8, 440, 23, '2023-04-29');
INSERT INTO PLAYLIST_SONGS (playlistsong_id, playlist_id, song_id, date_added) VALUES (9, 407, 513, '2023-05-11');
INSERT INTO PLAYLIST_SONGS (playlistsong_id, playlist_id, song_id, date_added) VALUES (10, 85, 307, '2024-02-23');
INSERT INTO PLAYLIST_SONGS (playlistsong_id, playlist_id, song_id, date_added) VALUES (11, 122, 939, '2023-02-28');
INSERT INTO PLAYLIST_SONGS (playlistsong_id, playlist_id, song_id, date_added) VALUES (12, 302, 502, '2023-07-06');
INSERT INTO PLAYLIST_SONGS (playlistsong_id, playlist_id, song_id, date_added) VALUES (13, 351, 934, '2023-07-04');
INSERT INTO PLAYLIST_SONGS (playlistsong_id, playlist_id, song_id, date_added) VALUES (14, 81, 970, '2023-04-09');
INSERT INTO PLAYLIST_SONGS (playlistsong_id, playlist_id, song_id, date_added) VALUES (15, 316, 537, '2023-02-02');
INSERT INTO PLAYLIST_SONGS (playlistsong_id, playlist_id, song_id, date_added) VALUES (16, 214, 951, '2024-03-23');
INSERT INTO PLAYLIST_SONGS (playlistsong_id, playlist_id, song_id, date_added) VALUES (17, 447, 98, '2023-02-20');
INSERT INTO PLAYLIST_SONGS (playlistsong_id, playlist_id, song_id, date_added) VALUES (18, 200, 464, '2023-03-28');
INSERT INTO PLAYLIST_SONGS (playlistsong_id, playlist_id, song_id, date_added) VALUES (19, 309, 955, '2023-05-27');
INSERT INTO PLAYLIST_SONGS (playlistsong_id, playlist_id, song_id, date_added) VALUES (20, 10, 240, '2023-04-15');
INSERT INTO PLAYLIST_SONGS (playlistsong_id, playlist_id, song_id, date_added) VALUES (21, 68, 4, '2024-01-04');
INSERT INTO PLAYLIST_SONGS (playlistsong_id, playlist_id, song_id, date_added) VALUES (22, 482, 118, '2024-02-02');
INSERT INTO PLAYLIST_SONGS (playlistsong_id, playlist_id, song_id, date_added) VALUES (23, 339, 584, '2023-06-19');
INSERT INTO PLAYLIST_SONGS (playlistsong_id, playlist_id, song_id, date_added) VALUES (24, 393, 434, '2023-03-15');
INSERT INTO PLAYLIST_SONGS (playlistsong_id, playlist_id, song_id, date_added) VALUES (25, 301, 555, '2024-02-14');
INSERT INTO PLAYLIST_SONGS (playlistsong_id, playlist_id, song_id, date_added) VALUES (26, 227, 666, '2023-08-21');
INSERT INTO PLAYLIST_SONGS (playlistsong_id, playlist_id, song_id, date_added) VALUES (27, 479, 287, '2023-01-31');
INSERT INTO PLAYLIST_SONGS (playlistsong_id, playlist_id, song_id, date_added) VALUES (28, 38, 413, '2024-04-05');
INSERT INTO PLAYLIST_SONGS (playlistsong_id, playlist_id, song_id, date_added) VALUES (29, 387, 303, '2023-12-13');
INSERT INTO PLAYLIST_SONGS (playlistsong_id, playlist_id, song_id, date_added) VALUES (30, 47, 101, '2023-08-03');
INSERT INTO PLAYLIST_SONGS (playlistsong_id, playlist_id, song_id, date_added) VALUES (31, 339, 201, '2024-04-19');
INSERT INTO PLAYLIST_SONGS (playlistsong_id, playlist_id, song_id, date_added) VALUES (32, 71, 933, '2023-07-07');
INSERT INTO PLAYLIST_SONGS (playlistsong_id, playlist_id, song_id, date_added) VALUES (33, 130, 715, '2023-02-06');
INSERT INTO PLAYLIST_SONGS (playlistsong_id, playlist_id, song_id, date_added) VALUES (34, 117, 165, '2024-01-11');
INSERT INTO PLAYLIST_SONGS (playlistsong_id, playlist_id, song_id, date_added) VALUES (35, 299, 599, '2023-06-15');
INSERT INTO PLAYLIST_SONGS (playlistsong_id, playlist_id, song_id, date_added) VALUES (36, 322, 286, '2024-04-03');
INSERT INTO PLAYLIST_SONGS (playlistsong_id, playlist_id, song_id, date_added) VALUES (37, 89, 42, '2023-07-08');
INSERT INTO PLAYLIST_SONGS (playlistsong_id, playlist_id, song_id, date_added) VALUES (38, 227, 179, '2023-05-12');
INSERT INTO PLAYLIST_SONGS (playlistsong_id, playlist_id, song_id, date_added) VALUES (39, 124, 931, '2023-12-08');
INSERT INTO PLAYLIST_SONGS (playlistsong_id, playlist_id, song_id, date_added) VALUES (40, 242, 218, '2023-11-19');
INSERT INTO PLAYLIST_SONGS (playlistsong_id, playlist_id, song_id, date_added) VALUES (41, 25, 642, '2024-01-30');
INSERT INTO PLAYLIST_SONGS (playlistsong_id, playlist_id, song_id, date_added) VALUES (42, 399, 46, '2023-03-04');
INSERT INTO PLAYLIST_SONGS (playlistsong_id, playlist_id, song_id, date_added) VALUES (43, 17, 668, '2023-03-02');
INSERT INTO PLAYLIST_SONGS (playlistsong_id, playlist_id, song_id, date_added) VALUES (44, 142, 409, '2023-01-04');
INSERT INTO PLAYLIST_SONGS (playlistsong_id, playlist_id, song_id, date_added) VALUES (45, 71, 958, '2023-01-30');
INSERT INTO PLAYLIST_SONGS (playlistsong_id, playlist_id, song_id, date_added) VALUES (46, 434, 211, '2023-12-01');
INSERT INTO PLAYLIST_SONGS (playlistsong_id, playlist_id, song_id, date_added) VALUES (47, 215, 691, '2024-01-14');
INSERT INTO PLAYLIST_SONGS (playlistsong_id, playlist_id, song_id, date_added) VALUES (48, 73, 453, '2023-09-26');
INSERT INTO PLAYLIST_SONGS (playlistsong_id, playlist_id, song_id, date_added) VALUES (49, 271, 122, '2023-01-16');
INSERT INTO PLAYLIST_SONGS (playlistsong_id, playlist_id, song_id, date_added) VALUES (50, 409, 274, '2023-10-06');
INSERT INTO PLAYLIST_SONGS (playlistsong_id, playlist_id, song_id, date_added) VALUES (51, 316, 11, '2024-04-14');
INSERT INTO PLAYLIST_SONGS (playlistsong_id, playlist_id, song_id, date_added) VALUES (52, 40, 883, '2024-04-19');
INSERT INTO PLAYLIST_SONGS (playlistsong_id, playlist_id, song_id, date_added) VALUES (53, 112, 626, '2023-06-20');
INSERT INTO PLAYLIST_SONGS (playlistsong_id, playlist_id, song_id, date_added) VALUES (54, 332, 973, '2024-05-04');
INSERT INTO PLAYLIST_SONGS (playlistsong_id, playlist_id, song_id, date_added) VALUES (55, 131, 411, '2023-09-18');
INSERT INTO PLAYLIST_SONGS (playlistsong_id, playlist_id, song_id, date_added) VALUES (56, 43, 196, '2023-03-12');
INSERT INTO PLAYLIST_SONGS (playlistsong_id, playlist_id, song_id, date_added) VALUES (57, 110, 867, '2024-01-14');
INSERT INTO PLAYLIST_SONGS (playlistsong_id, playlist_id, song_id, date_added) VALUES (58, 281, 286, '2023-07-06');
INSERT INTO PLAYLIST_SONGS (playlistsong_id, playlist_id, song_id, date_added) VALUES (59, 272, 117, '2023-12-15');
INSERT INTO PLAYLIST_SONGS (playlistsong_id, playlist_id, song_id, date_added) VALUES (60, 171, 144, '2023-01-02');
INSERT INTO PLAYLIST_SONGS (playlistsong_id, playlist_id, song_id, date_added) VALUES (61, 26, 377, '2023-10-16');
INSERT INTO PLAYLIST_SONGS (playlistsong_id, playlist_id, song_id, date_added) VALUES (62, 342, 869, '2023-04-28');
INSERT INTO PLAYLIST_SONGS (playlistsong_id, playlist_id, song_id, date_added) VALUES (63, 146, 860, '2024-05-17');
INSERT INTO PLAYLIST_SONGS (playlistsong_id, playlist_id, song_id, date_added) VALUES (64, 134, 620, '2023-01-24');
INSERT INTO PLAYLIST_SONGS (playlistsong_id, playlist_id, song_id, date_added) VALUES (65, 345, 150, '2024-03-16');
INSERT INTO PLAYLIST_SONGS (playlistsong_id, playlist_id, song_id, date_added) VALUES (66, 41, 135, '2023-12-29');
INSERT INTO PLAYLIST_SONGS (playlistsong_id, playlist_id, song_id, date_added) VALUES (67, 394, 518, '2023-11-25');
INSERT INTO PLAYLIST_SONGS (playlistsong_id, playlist_id, song_id, date_added) VALUES (68, 461, 985, '2023-03-26');
INSERT INTO PLAYLIST_SONGS (playlistsong_id, playlist_id, song_id, date_added) VALUES (69, 170, 644, '2023-06-28');
INSERT INTO PLAYLIST_SONGS (playlistsong_id, playlist_id, song_id, date_added) VALUES (70, 23, 132, '2023-11-27');
INSERT INTO PLAYLIST_SONGS (playlistsong_id, playlist_id, song_id, date_added) VALUES (71, 482, 884, '2023-06-16');
INSERT INTO PLAYLIST_SONGS (playlistsong_id, playlist_id, song_id, date_added) VALUES (72, 461, 359, '2023-08-02');
INSERT INTO PLAYLIST_SONGS (playlistsong_id, playlist_id, song_id, date_added) VALUES (73, 151, 356, '2024-04-30');
INSERT INTO PLAYLIST_SONGS (playlistsong_id, playlist_id, song_id, date_added) VALUES (74, 266, 252, '2024-05-05');
INSERT INTO PLAYLIST_SONGS (playlistsong_id, playlist_id, song_id, date_added) VALUES (75, 446, 9, '2024-05-07');
INSERT INTO PLAYLIST_SONGS (playlistsong_id, playlist_id, song_id, date_added) VALUES (76, 101, 635, '2023-12-28');
INSERT INTO PLAYLIST_SONGS (playlistsong_id, playlist_id, song_id, date_added) VALUES (77, 97, 423, '2023-08-22');
INSERT INTO PLAYLIST_SONGS (playlistsong_id, playlist_id, song_id, date_added) VALUES (78, 462, 123, '2023-06-12');
INSERT INTO PLAYLIST_SONGS (playlistsong_id, playlist_id, song_id, date_added) VALUES (79, 368, 44, '2023-02-13');
INSERT INTO PLAYLIST_SONGS (playlistsong_id, playlist_id, song_id, date_added) VALUES (80, 56, 581, '2023-06-24');
INSERT INTO PLAYLIST_SONGS (playlistsong_id, playlist_id, song_id, date_added) VALUES (81, 481, 830, '2023-07-30');
INSERT INTO PLAYLIST_SONGS (playlistsong_id, playlist_id, song_id, date_added) VALUES (82, 467, 796, '2023-03-19');
INSERT INTO PLAYLIST_SONGS (playlistsong_id, playlist_id, song_id, date_added) VALUES (83, 221, 123, '2023-10-09');
INSERT INTO PLAYLIST_SONGS (playlistsong_id, playlist_id, song_id, date_added) VALUES (84, 489, 8, '2023-08-22');
INSERT INTO PLAYLIST_SONGS (playlistsong_id, playlist_id, song_id, date_added) VALUES (85, 441, 214, '2024-05-19');
INSERT INTO PLAYLIST_SONGS (playlistsong_id, playlist_id, song_id, date_added) VALUES (86, 271, 403, '2023-12-19');
INSERT INTO PLAYLIST_SONGS (playlistsong_id, playlist_id, song_id, date_added) VALUES (87, 457, 671, '2023-03-07');
INSERT INTO PLAYLIST_SONGS (playlistsong_id, playlist_id, song_id, date_added) VALUES (88, 144, 308, '2023-12-27');
INSERT INTO PLAYLIST_SONGS (playlistsong_id, playlist_id, song_id, date_added) VALUES (89, 33, 388, '2023-03-24');
INSERT INTO PLAYLIST_SONGS (playlistsong_id, playlist_id, song_id, date_added) VALUES (90, 446, 559, '2023-08-22');
INSERT INTO PLAYLIST_SONGS (playlistsong_id, playlist_id, song_id, date_added) VALUES (91, 339, 206, '2023-06-11');
INSERT INTO PLAYLIST_SONGS (playlistsong_id, playlist_id, song_id, date_added) VALUES (92, 375, 137, '2023-02-28');
INSERT INTO PLAYLIST_SONGS (playlistsong_id, playlist_id, song_id, date_added) VALUES (93, 472, 760, '2023-09-27');
INSERT INTO PLAYLIST_SONGS (playlistsong_id, playlist_id, song_id, date_added) VALUES (94, 191, 941, '2023-12-08');
INSERT INTO PLAYLIST_SONGS (playlistsong_id, playlist_id, song_id, date_added) VALUES (95, 405, 726, '2023-01-26');
INSERT INTO PLAYLIST_SONGS (playlistsong_id, playlist_id, song_id, date_added) VALUES (96, 121, 671, '2023-03-23');
INSERT INTO PLAYLIST_SONGS (playlistsong_id, playlist_id, song_id, date_added) VALUES (97, 14, 868, '2023-12-06');
INSERT INTO PLAYLIST_SONGS (playlistsong_id, playlist_id, song_id, date_added) VALUES (98, 247, 908, '2023-06-27');
INSERT INTO PLAYLIST_SONGS (playlistsong_id, playlist_id, song_id, date_added) VALUES (99, 316, 252, '2024-03-07');
INSERT INTO PLAYLIST_SONGS (playlistsong_id, playlist_id, song_id, date_added) VALUES (100, 286, 680, '2023-11-16');
INSERT INTO PLAYLIST_SONGS (playlistsong_id, playlist_id, song_id, date_added) VALUES (101, 324, 300, '2023-11-23');
INSERT INTO PLAYLIST_SONGS (playlistsong_id, playlist_id, song_id, date_added) VALUES (102, 367, 466, '2023-05-18');
INSERT INTO PLAYLIST_SONGS (playlistsong_id, playlist_id, song_id, date_added) VALUES (103, 324, 851, '2023-03-27');
INSERT INTO PLAYLIST_SONGS (playlistsong_id, playlist_id, song_id, date_added) VALUES (104, 237, 125, '2023-12-19');
INSERT INTO PLAYLIST_SONGS (playlistsong_id, playlist_id, song_id, date_added) VALUES (105, 77, 529, '2024-05-15');
INSERT INTO PLAYLIST_SONGS (playlistsong_id, playlist_id, song_id, date_added) VALUES (106, 472, 47, '2023-05-29');
INSERT INTO PLAYLIST_SONGS (playlistsong_id, playlist_id, song_id, date_added) VALUES (107, 88, 406, '2023-08-17');
INSERT INTO PLAYLIST_SONGS (playlistsong_id, playlist_id, song_id, date_added) VALUES (108, 225, 244, '2024-02-04');
INSERT INTO PLAYLIST_SONGS (playlistsong_id, playlist_id, song_id, date_added) VALUES (109, 500, 215, '2023-10-06');
INSERT INTO PLAYLIST_SONGS (playlistsong_id, playlist_id, song_id, date_added) VALUES (110, 263, 125, '2023-05-23');
INSERT INTO PLAYLIST_SONGS (playlistsong_id, playlist_id, song_id, date_added) VALUES (111, 419, 250, '2023-01-26');
INSERT INTO PLAYLIST_SONGS (playlistsong_id, playlist_id, song_id, date_added) VALUES (112, 111, 681, '2023-07-25');
INSERT INTO PLAYLIST_SONGS (playlistsong_id, playlist_id, song_id, date_added) VALUES (113, 431, 851, '2023-02-10');
INSERT INTO PLAYLIST_SONGS (playlistsong_id, playlist_id, song_id, date_added) VALUES (114, 217, 1000, '2023-03-29');
INSERT INTO PLAYLIST_SONGS (playlistsong_id, playlist_id, song_id, date_added) VALUES (115, 308, 580, '2024-02-11');
INSERT INTO PLAYLIST_SONGS (playlistsong_id, playlist_id, song_id, date_added) VALUES (116, 32, 394, '2024-03-28');
INSERT INTO PLAYLIST_SONGS (playlistsong_id, playlist_id, song_id, date_added) VALUES (117, 137, 485, '2024-02-12');
INSERT INTO PLAYLIST_SONGS (playlistsong_id, playlist_id, song_id, date_added) VALUES (118, 171, 630, '2023-07-24');
INSERT INTO PLAYLIST_SONGS (playlistsong_id, playlist_id, song_id, date_added) VALUES (119, 479, 905, '2023-01-04');
INSERT INTO PLAYLIST_SONGS (playlistsong_id, playlist_id, song_id, date_added) VALUES (120, 219, 693, '2023-05-18');
INSERT INTO PLAYLIST_SONGS (playlistsong_id, playlist_id, song_id, date_added) VALUES (121, 366, 675, '2023-05-15');
INSERT INTO PLAYLIST_SONGS (playlistsong_id, playlist_id, song_id, date_added) VALUES (122, 294, 125, '2023-11-07');
INSERT INTO PLAYLIST_SONGS (playlistsong_id, playlist_id, song_id, date_added) VALUES (123, 428, 792, '2024-05-19');
INSERT INTO PLAYLIST_SONGS (playlistsong_id, playlist_id, song_id, date_added) VALUES (124, 376, 792, '2024-05-02');
INSERT INTO PLAYLIST_SONGS (playlistsong_id, playlist_id, song_id, date_added) VALUES (125, 384, 108, '2024-02-21');
INSERT INTO PLAYLIST_SONGS (playlistsong_id, playlist_id, song_id, date_added) VALUES (126, 238, 451, '2023-08-03');
INSERT INTO PLAYLIST_SONGS (playlistsong_id, playlist_id, song_id, date_added) VALUES (127, 149, 916, '2023-09-29');
INSERT INTO PLAYLIST_SONGS (playlistsong_id, playlist_id, song_id, date_added) VALUES (128, 10, 986, '2023-04-06');
INSERT INTO PLAYLIST_SONGS (playlistsong_id, playlist_id, song_id, date_added) VALUES (129, 345, 626, '2023-04-07');
INSERT INTO PLAYLIST_SONGS (playlistsong_id, playlist_id, song_id, date_added) VALUES (130, 51, 993, '2023-03-07');
INSERT INTO PLAYLIST_SONGS (playlistsong_id, playlist_id, song_id, date_added) VALUES (131, 498, 294, '2024-01-25');
INSERT INTO PLAYLIST_SONGS (playlistsong_id, playlist_id, song_id, date_added) VALUES (132, 439, 911, '2024-03-12');
INSERT INTO PLAYLIST_SONGS (playlistsong_id, playlist_id, song_id, date_added) VALUES (133, 300, 977, '2023-12-02');
INSERT INTO PLAYLIST_SONGS (playlistsong_id, playlist_id, song_id, date_added) VALUES (134, 456, 326, '2023-08-01');
INSERT INTO PLAYLIST_SONGS (playlistsong_id, playlist_id, song_id, date_added) VALUES (135, 473, 180, '2023-07-23');
INSERT INTO PLAYLIST_SONGS (playlistsong_id, playlist_id, song_id, date_added) VALUES (136, 226, 397, '2024-05-04');
INSERT INTO PLAYLIST_SONGS (playlistsong_id, playlist_id, song_id, date_added) VALUES (137, 32, 247, '2023-05-07');
INSERT INTO PLAYLIST_SONGS (playlistsong_id, playlist_id, song_id, date_added) VALUES (138, 11, 115, '2023-07-29');
INSERT INTO PLAYLIST_SONGS (playlistsong_id, playlist_id, song_id, date_added) VALUES (139, 262, 454, '2023-08-06');
INSERT INTO PLAYLIST_SONGS (playlistsong_id, playlist_id, song_id, date_added) VALUES (140, 347, 301, '2024-02-10');
INSERT INTO PLAYLIST_SONGS (playlistsong_id, playlist_id, song_id, date_added) VALUES (141, 471, 583, '2024-04-01');
INSERT INTO PLAYLIST_SONGS (playlistsong_id, playlist_id, song_id, date_added) VALUES (142, 175, 184, '2023-06-02');
INSERT INTO PLAYLIST_SONGS (playlistsong_id, playlist_id, song_id, date_added) VALUES (143, 3, 641, '2023-12-14');
INSERT INTO PLAYLIST_SONGS (playlistsong_id, playlist_id, song_id, date_added) VALUES (144, 406, 660, '2023-04-18');
INSERT INTO PLAYLIST_SONGS (playlistsong_id, playlist_id, song_id, date_added) VALUES (145, 488, 842, '2024-02-29');
INSERT INTO PLAYLIST_SONGS (playlistsong_id, playlist_id, song_id, date_added) VALUES (146, 364, 556, '2024-05-02');
INSERT INTO PLAYLIST_SONGS (playlistsong_id, playlist_id, song_id, date_added) VALUES (147, 208, 592, '2023-01-21');
INSERT INTO PLAYLIST_SONGS (playlistsong_id, playlist_id, song_id, date_added) VALUES (148, 3, 207, '2024-02-06');
INSERT INTO PLAYLIST_SONGS (playlistsong_id, playlist_id, song_id, date_added) VALUES (149, 237, 830, '2024-01-14');
INSERT INTO PLAYLIST_SONGS (playlistsong_id, playlist_id, song_id, date_added) VALUES (150, 336, 700, '2023-09-20');
INSERT INTO PLAYLIST_SONGS (playlistsong_id, playlist_id, song_id, date_added) VALUES (151, 206, 646, '2023-12-31');
INSERT INTO PLAYLIST_SONGS (playlistsong_id, playlist_id, song_id, date_added) VALUES (152, 82, 994, '2023-07-16');
INSERT INTO PLAYLIST_SONGS (playlistsong_id, playlist_id, song_id, date_added) VALUES (153, 97, 115, '2023-08-23');
INSERT INTO PLAYLIST_SONGS (playlistsong_id, playlist_id, song_id, date_added) VALUES (154, 474, 851, '2023-12-07');
INSERT INTO PLAYLIST_SONGS (playlistsong_id, playlist_id, song_id, date_added) VALUES (155, 344, 701, '2023-12-18');
INSERT INTO PLAYLIST_SONGS (playlistsong_id, playlist_id, song_id, date_added) VALUES (156, 400, 686, '2023-10-11');
INSERT INTO PLAYLIST_SONGS (playlistsong_id, playlist_id, song_id, date_added) VALUES (157, 381, 665, '2023-09-02');
INSERT INTO PLAYLIST_SONGS (playlistsong_id, playlist_id, song_id, date_added) VALUES (158, 442, 433, '2024-03-13');
INSERT INTO PLAYLIST_SONGS (playlistsong_id, playlist_id, song_id, date_added) VALUES (159, 328, 393, '2023-06-02');
INSERT INTO PLAYLIST_SONGS (playlistsong_id, playlist_id, song_id, date_added) VALUES (160, 113, 268, '2024-03-21');
INSERT INTO PLAYLIST_SONGS (playlistsong_id, playlist_id, song_id, date_added) VALUES (161, 261, 876, '2023-04-01');
INSERT INTO PLAYLIST_SONGS (playlistsong_id, playlist_id, song_id, date_added) VALUES (162, 257, 950, '2023-01-20');
INSERT INTO PLAYLIST_SONGS (playlistsong_id, playlist_id, song_id, date_added) VALUES (163, 205, 423, '2023-12-20');
INSERT INTO PLAYLIST_SONGS (playlistsong_id, playlist_id, song_id, date_added) VALUES (164, 474, 201, '2023-11-17');
INSERT INTO PLAYLIST_SONGS (playlistsong_id, playlist_id, song_id, date_added) VALUES (165, 269, 854, '2023-11-05');
INSERT INTO PLAYLIST_SONGS (playlistsong_id, playlist_id, song_id, date_added) VALUES (166, 475, 843, '2023-02-22');
INSERT INTO PLAYLIST_SONGS (playlistsong_id, playlist_id, song_id, date_added) VALUES (167, 497, 453, '2024-03-10');
INSERT INTO PLAYLIST_SONGS (playlistsong_id, playlist_id, song_id, date_added) VALUES (168, 397, 916, '2023-03-31');
INSERT INTO PLAYLIST_SONGS (playlistsong_id, playlist_id, song_id, date_added) VALUES (169, 339, 165, '2023-05-31');
INSERT INTO PLAYLIST_SONGS (playlistsong_id, playlist_id, song_id, date_added) VALUES (170, 439, 450, '2023-12-01');
INSERT INTO PLAYLIST_SONGS (playlistsong_id, playlist_id, song_id, date_added) VALUES (171, 495, 352, '2023-01-13');
INSERT INTO PLAYLIST_SONGS (playlistsong_id, playlist_id, song_id, date_added) VALUES (172, 297, 537, '2024-01-09');
INSERT INTO PLAYLIST_SONGS (playlistsong_id, playlist_id, song_id, date_added) VALUES (173, 66, 353, '2023-12-08');
INSERT INTO PLAYLIST_SONGS (playlistsong_id, playlist_id, song_id, date_added) VALUES (174, 266, 107, '2024-01-31');
INSERT INTO PLAYLIST_SONGS (playlistsong_id, playlist_id, song_id, date_added) VALUES (175, 151, 521, '2023-08-29');
INSERT INTO PLAYLIST_SONGS (playlistsong_id, playlist_id, song_id, date_added) VALUES (176, 287, 835, '2024-05-09');
INSERT INTO PLAYLIST_SONGS (playlistsong_id, playlist_id, song_id, date_added) VALUES (177, 153, 249, '2024-04-11');
INSERT INTO PLAYLIST_SONGS (playlistsong_id, playlist_id, song_id, date_added) VALUES (178, 189, 538, '2023-07-05');
INSERT INTO PLAYLIST_SONGS (playlistsong_id, playlist_id, song_id, date_added) VALUES (179, 408, 275, '2023-02-21');
INSERT INTO PLAYLIST_SONGS (playlistsong_id, playlist_id, song_id, date_added) VALUES (180, 350, 662, '2023-03-27');
INSERT INTO PLAYLIST_SONGS (playlistsong_id, playlist_id, song_id, date_added) VALUES (181, 287, 965, '2024-03-04');
INSERT INTO PLAYLIST_SONGS (playlistsong_id, playlist_id, song_id, date_added) VALUES (182, 204, 755, '2024-04-13');
INSERT INTO PLAYLIST_SONGS (playlistsong_id, playlist_id, song_id, date_added) VALUES (183, 455, 119, '2023-04-02');
INSERT INTO PLAYLIST_SONGS (playlistsong_id, playlist_id, song_id, date_added) VALUES (184, 399, 276, '2024-01-05');
INSERT INTO PLAYLIST_SONGS (playlistsong_id, playlist_id, song_id, date_added) VALUES (185, 356, 955, '2024-02-15');
INSERT INTO PLAYLIST_SONGS (playlistsong_id, playlist_id, song_id, date_added) VALUES (186, 394, 40, '2023-03-31');
INSERT INTO PLAYLIST_SONGS (playlistsong_id, playlist_id, song_id, date_added) VALUES (187, 410, 786, '2023-01-23');
INSERT INTO PLAYLIST_SONGS (playlistsong_id, playlist_id, song_id, date_added) VALUES (188, 198, 985, '2024-03-24');
INSERT INTO PLAYLIST_SONGS (playlistsong_id, playlist_id, song_id, date_added) VALUES (189, 350, 978, '2023-06-17');
INSERT INTO PLAYLIST_SONGS (playlistsong_id, playlist_id, song_id, date_added) VALUES (190, 212, 660, '2023-03-02');
INSERT INTO PLAYLIST_SONGS (playlistsong_id, playlist_id, song_id, date_added) VALUES (191, 55, 831, '2023-09-25');
INSERT INTO PLAYLIST_SONGS (playlistsong_id, playlist_id, song_id, date_added) VALUES (192, 155, 763, '2024-05-04');
INSERT INTO PLAYLIST_SONGS (playlistsong_id, playlist_id, song_id, date_added) VALUES (193, 100, 579, '2023-10-14');
INSERT INTO PLAYLIST_SONGS (playlistsong_id, playlist_id, song_id, date_added) VALUES (194, 52, 618, '2023-12-11');
INSERT INTO PLAYLIST_SONGS (playlistsong_id, playlist_id, song_id, date_added) VALUES (195, 6, 619, '2023-06-18');
INSERT INTO PLAYLIST_SONGS (playlistsong_id, playlist_id, song_id, date_added) VALUES (196, 56, 146, '2023-12-15');
INSERT INTO PLAYLIST_SONGS (playlistsong_id, playlist_id, song_id, date_added) VALUES (197, 470, 282, '2024-03-19');
INSERT INTO PLAYLIST_SONGS (playlistsong_id, playlist_id, song_id, date_added) VALUES (198, 482, 771, '2024-05-09');
INSERT INTO PLAYLIST_SONGS (playlistsong_id, playlist_id, song_id, date_added) VALUES (199, 441, 87, '2024-04-27');
INSERT INTO PLAYLIST_SONGS (playlistsong_id, playlist_id, song_id, date_added) VALUES (200, 478, 502, '2024-02-06');
INSERT INTO PLAYLIST_SONGS (playlistsong_id, playlist_id, song_id, date_added) VALUES (201, 425, 227, '2023-05-08');
INSERT INTO PLAYLIST_SONGS (playlistsong_id, playlist_id, song_id, date_added) VALUES (202, 129, 874, '2023-11-14');
INSERT INTO PLAYLIST_SONGS (playlistsong_id, playlist_id, song_id, date_added) VALUES (203, 107, 598, '2024-01-13');
INSERT INTO PLAYLIST_SONGS (playlistsong_id, playlist_id, song_id, date_added) VALUES (204, 241, 143, '2023-12-18');
INSERT INTO PLAYLIST_SONGS (playlistsong_id, playlist_id, song_id, date_added) VALUES (205, 84, 772, '2023-01-06');
INSERT INTO PLAYLIST_SONGS (playlistsong_id, playlist_id, song_id, date_added) VALUES (206, 302, 202, '2023-06-04');
INSERT INTO PLAYLIST_SONGS (playlistsong_id, playlist_id, song_id, date_added) VALUES (207, 472, 686, '2024-04-09');
INSERT INTO PLAYLIST_SONGS (playlistsong_id, playlist_id, song_id, date_added) VALUES (208, 129, 57, '2023-11-30');
INSERT INTO PLAYLIST_SONGS (playlistsong_id, playlist_id, song_id, date_added) VALUES (209, 191, 529, '2024-01-16');
INSERT INTO PLAYLIST_SONGS (playlistsong_id, playlist_id, song_id, date_added) VALUES (210, 389, 5, '2023-11-13');
INSERT INTO PLAYLIST_SONGS (playlistsong_id, playlist_id, song_id, date_added) VALUES (211, 261, 315, '2023-12-17');
INSERT INTO PLAYLIST_SONGS (playlistsong_id, playlist_id, song_id, date_added) VALUES (212, 122, 650, '2024-05-17');
INSERT INTO PLAYLIST_SONGS (playlistsong_id, playlist_id, song_id, date_added) VALUES (213, 76, 888, '2023-07-16');
INSERT INTO PLAYLIST_SONGS (playlistsong_id, playlist_id, song_id, date_added) VALUES (214, 475, 150, '2023-11-03');
INSERT INTO PLAYLIST_SONGS (playlistsong_id, playlist_id, song_id, date_added) VALUES (215, 287, 154, '2023-04-12');
INSERT INTO PLAYLIST_SONGS (playlistsong_id, playlist_id, song_id, date_added) VALUES (216, 85, 770, '2023-01-14');
INSERT INTO PLAYLIST_SONGS (playlistsong_id, playlist_id, song_id, date_added) VALUES (217, 181, 196, '2023-10-03');
INSERT INTO PLAYLIST_SONGS (playlistsong_id, playlist_id, song_id, date_added) VALUES (218, 211, 223, '2023-04-25');
INSERT INTO PLAYLIST_SONGS (playlistsong_id, playlist_id, song_id, date_added) VALUES (219, 283, 152, '2023-01-31');
INSERT INTO PLAYLIST_SONGS (playlistsong_id, playlist_id, song_id, date_added) VALUES (220, 324, 365, '2024-01-19');
INSERT INTO PLAYLIST_SONGS (playlistsong_id, playlist_id, song_id, date_added) VALUES (221, 47, 822, '2023-08-20');
INSERT INTO PLAYLIST_SONGS (playlistsong_id, playlist_id, song_id, date_added) VALUES (222, 150, 900, '2023-12-20');
INSERT INTO PLAYLIST_SONGS (playlistsong_id, playlist_id, song_id, date_added) VALUES (223, 125, 233, '2024-01-05');
INSERT INTO PLAYLIST_SONGS (playlistsong_id, playlist_id, song_id, date_added) VALUES (224, 245, 262, '2023-02-19');
INSERT INTO PLAYLIST_SONGS (playlistsong_id, playlist_id, song_id, date_added) VALUES (225, 366, 912, '2023-06-13');
INSERT INTO PLAYLIST_SONGS (playlistsong_id, playlist_id, song_id, date_added) VALUES (226, 142, 739, '2024-03-25');
INSERT INTO PLAYLIST_SONGS (playlistsong_id, playlist_id, song_id, date_added) VALUES (227, 11, 56, '2023-10-06');
INSERT INTO PLAYLIST_SONGS (playlistsong_id, playlist_id, song_id, date_added) VALUES (228, 421, 555, '2023-12-26');
INSERT INTO PLAYLIST_SONGS (playlistsong_id, playlist_id, song_id, date_added) VALUES (229, 428, 662, '2023-12-24');
INSERT INTO PLAYLIST_SONGS (playlistsong_id, playlist_id, song_id, date_added) VALUES (230, 393, 259, '2023-05-27');
INSERT INTO PLAYLIST_SONGS (playlistsong_id, playlist_id, song_id, date_added) VALUES (231, 396, 594, '2023-10-04');
INSERT INTO PLAYLIST_SONGS (playlistsong_id, playlist_id, song_id, date_added) VALUES (232, 377, 303, '2023-01-09');
INSERT INTO PLAYLIST_SONGS (playlistsong_id, playlist_id, song_id, date_added) VALUES (233, 250, 471, '2023-07-07');
INSERT INTO PLAYLIST_SONGS (playlistsong_id, playlist_id, song_id, date_added) VALUES (234, 159, 316, '2024-03-10');
INSERT INTO PLAYLIST_SONGS (playlistsong_id, playlist_id, song_id, date_added) VALUES (235, 271, 850, '2024-03-24');
INSERT INTO PLAYLIST_SONGS (playlistsong_id, playlist_id, song_id, date_added) VALUES (236, 69, 502, '2023-12-28');
INSERT INTO PLAYLIST_SONGS (playlistsong_id, playlist_id, song_id, date_added) VALUES (237, 263, 739, '2023-09-15');
INSERT INTO PLAYLIST_SONGS (playlistsong_id, playlist_id, song_id, date_added) VALUES (238, 380, 61, '2023-09-22');
INSERT INTO PLAYLIST_SONGS (playlistsong_id, playlist_id, song_id, date_added) VALUES (239, 66, 119, '2023-03-16');
INSERT INTO PLAYLIST_SONGS (playlistsong_id, playlist_id, song_id, date_added) VALUES (240, 286, 893, '2023-12-31');
INSERT INTO PLAYLIST_SONGS (playlistsong_id, playlist_id, song_id, date_added) VALUES (241, 59, 394, '2023-12-21');
INSERT INTO PLAYLIST_SONGS (playlistsong_id, playlist_id, song_id, date_added) VALUES (242, 91, 304, '2023-11-03');
INSERT INTO PLAYLIST_SONGS (playlistsong_id, playlist_id, song_id, date_added) VALUES (243, 307, 790, '2023-06-28');
INSERT INTO PLAYLIST_SONGS (playlistsong_id, playlist_id, song_id, date_added) VALUES (244, 294, 262, '2024-05-14');
INSERT INTO PLAYLIST_SONGS (playlistsong_id, playlist_id, song_id, date_added) VALUES (245, 56, 382, '2023-07-01');
INSERT INTO PLAYLIST_SONGS (playlistsong_id, playlist_id, song_id, date_added) VALUES (246, 303, 60, '2023-01-12');
INSERT INTO PLAYLIST_SONGS (playlistsong_id, playlist_id, song_id, date_added) VALUES (247, 344, 286, '2024-01-16');
INSERT INTO PLAYLIST_SONGS (playlistsong_id, playlist_id, song_id, date_added) VALUES (248, 239, 312, '2023-06-18');
INSERT INTO PLAYLIST_SONGS (playlistsong_id, playlist_id, song_id, date_added) VALUES (249, 416, 342, '2024-02-25');
INSERT INTO PLAYLIST_SONGS (playlistsong_id, playlist_id, song_id, date_added) VALUES (250, 443, 659, '2024-02-24');
INSERT INTO PLAYLIST_SONGS (playlistsong_id, playlist_id, song_id, date_added) VALUES (251, 61, 29, '2023-01-25');
INSERT INTO PLAYLIST_SONGS (playlistsong_id, playlist_id, song_id, date_added) VALUES (252, 7, 159, '2023-11-18');
INSERT INTO PLAYLIST_SONGS (playlistsong_id, playlist_id, song_id, date_added) VALUES (253, 94, 844, '2023-09-12');
INSERT INTO PLAYLIST_SONGS (playlistsong_id, playlist_id, song_id, date_added) VALUES (254, 238, 832, '2023-10-26');
INSERT INTO PLAYLIST_SONGS (playlistsong_id, playlist_id, song_id, date_added) VALUES (255, 5, 505, '2023-01-08');
INSERT INTO PLAYLIST_SONGS (playlistsong_id, playlist_id, song_id, date_added) VALUES (256, 220, 10, '2023-08-14');
INSERT INTO PLAYLIST_SONGS (playlistsong_id, playlist_id, song_id, date_added) VALUES (257, 150, 16, '2023-06-09');
INSERT INTO PLAYLIST_SONGS (playlistsong_id, playlist_id, song_id, date_added) VALUES (258, 80, 519, '2023-01-23');
INSERT INTO PLAYLIST_SONGS (playlistsong_id, playlist_id, song_id, date_added) VALUES (259, 132, 105, '2023-11-12');
INSERT INTO PLAYLIST_SONGS (playlistsong_id, playlist_id, song_id, date_added) VALUES (260, 39, 425, '2023-11-11');
INSERT INTO PLAYLIST_SONGS (playlistsong_id, playlist_id, song_id, date_added) VALUES (261, 470, 826, '2023-04-23');
INSERT INTO PLAYLIST_SONGS (playlistsong_id, playlist_id, song_id, date_added) VALUES (262, 497, 830, '2023-08-20');
INSERT INTO PLAYLIST_SONGS (playlistsong_id, playlist_id, song_id, date_added) VALUES (263, 148, 524, '2023-02-26');
INSERT INTO PLAYLIST_SONGS (playlistsong_id, playlist_id, song_id, date_added) VALUES (264, 180, 344, '2023-09-10');
INSERT INTO PLAYLIST_SONGS (playlistsong_id, playlist_id, song_id, date_added) VALUES (265, 351, 343, '2023-11-21');
INSERT INTO PLAYLIST_SONGS (playlistsong_id, playlist_id, song_id, date_added) VALUES (266, 376, 279, '2024-01-24');
INSERT INTO PLAYLIST_SONGS (playlistsong_id, playlist_id, song_id, date_added) VALUES (267, 44, 683, '2023-04-08');
INSERT INTO PLAYLIST_SONGS (playlistsong_id, playlist_id, song_id, date_added) VALUES (268, 165, 47, '2023-08-20');
INSERT INTO PLAYLIST_SONGS (playlistsong_id, playlist_id, song_id, date_added) VALUES (269, 19, 677, '2024-04-26');
INSERT INTO PLAYLIST_SONGS (playlistsong_id, playlist_id, song_id, date_added) VALUES (270, 456, 606, '2023-06-01');
INSERT INTO PLAYLIST_SONGS (playlistsong_id, playlist_id, song_id, date_added) VALUES (271, 49, 173, '2023-09-23');
INSERT INTO PLAYLIST_SONGS (playlistsong_id, playlist_id, song_id, date_added) VALUES (272, 429, 737, '2023-03-02');
INSERT INTO PLAYLIST_SONGS (playlistsong_id, playlist_id, song_id, date_added) VALUES (273, 493, 917, '2023-03-18');
INSERT INTO PLAYLIST_SONGS (playlistsong_id, playlist_id, song_id, date_added) VALUES (274, 202, 728, '2023-08-30');
INSERT INTO PLAYLIST_SONGS (playlistsong_id, playlist_id, song_id, date_added) VALUES (275, 190, 386, '2024-04-04');
INSERT INTO PLAYLIST_SONGS (playlistsong_id, playlist_id, song_id, date_added) VALUES (276, 255, 396, '2023-06-05');
INSERT INTO PLAYLIST_SONGS (playlistsong_id, playlist_id, song_id, date_added) VALUES (277, 117, 585, '2023-10-02');
INSERT INTO PLAYLIST_SONGS (playlistsong_id, playlist_id, song_id, date_added) VALUES (278, 2, 39, '2023-04-06');
INSERT INTO PLAYLIST_SONGS (playlistsong_id, playlist_id, song_id, date_added) VALUES (279, 493, 827, '2023-11-13');
INSERT INTO PLAYLIST_SONGS (playlistsong_id, playlist_id, song_id, date_added) VALUES (280, 200, 217, '2023-04-13');
INSERT INTO PLAYLIST_SONGS (playlistsong_id, playlist_id, song_id, date_added) VALUES (281, 160, 354, '2023-04-07');
INSERT INTO PLAYLIST_SONGS (playlistsong_id, playlist_id, song_id, date_added) VALUES (282, 118, 163, '2024-02-14');
INSERT INTO PLAYLIST_SONGS (playlistsong_id, playlist_id, song_id, date_added) VALUES (283, 437, 175, '2023-09-22');
INSERT INTO PLAYLIST_SONGS (playlistsong_id, playlist_id, song_id, date_added) VALUES (284, 248, 653, '2023-11-19');
INSERT INTO PLAYLIST_SONGS (playlistsong_id, playlist_id, song_id, date_added) VALUES (285, 452, 768, '2024-02-13');
INSERT INTO PLAYLIST_SONGS (playlistsong_id, playlist_id, song_id, date_added) VALUES (286, 40, 205, '2023-10-02');
INSERT INTO PLAYLIST_SONGS (playlistsong_id, playlist_id, song_id, date_added) VALUES (287, 393, 66, '2024-04-14');
INSERT INTO PLAYLIST_SONGS (playlistsong_id, playlist_id, song_id, date_added) VALUES (288, 381, 994, '2023-10-02');
INSERT INTO PLAYLIST_SONGS (playlistsong_id, playlist_id, song_id, date_added) VALUES (289, 165, 181, '2023-09-10');
INSERT INTO PLAYLIST_SONGS (playlistsong_id, playlist_id, song_id, date_added) VALUES (290, 15, 640, '2023-05-20');
INSERT INTO PLAYLIST_SONGS (playlistsong_id, playlist_id, song_id, date_added) VALUES (291, 458, 918, '2023-05-21');
INSERT INTO PLAYLIST_SONGS (playlistsong_id, playlist_id, song_id, date_added) VALUES (292, 307, 945, '2023-10-27');
INSERT INTO PLAYLIST_SONGS (playlistsong_id, playlist_id, song_id, date_added) VALUES (293, 264, 465, '2023-10-30');
INSERT INTO PLAYLIST_SONGS (playlistsong_id, playlist_id, song_id, date_added) VALUES (294, 373, 165, '2023-01-18');
INSERT INTO PLAYLIST_SONGS (playlistsong_id, playlist_id, song_id, date_added) VALUES (295, 66, 998, '2023-01-13');
INSERT INTO PLAYLIST_SONGS (playlistsong_id, playlist_id, song_id, date_added) VALUES (296, 354, 426, '2023-11-27');
INSERT INTO PLAYLIST_SONGS (playlistsong_id, playlist_id, song_id, date_added) VALUES (297, 488, 651, '2023-02-15');
INSERT INTO PLAYLIST_SONGS (playlistsong_id, playlist_id, song_id, date_added) VALUES (298, 438, 809, '2023-07-04');
INSERT INTO PLAYLIST_SONGS (playlistsong_id, playlist_id, song_id, date_added) VALUES (299, 28, 101, '2023-06-10');
INSERT INTO PLAYLIST_SONGS (playlistsong_id, playlist_id, song_id, date_added) VALUES (300, 246, 17, '2023-05-19');
INSERT INTO PLAYLIST_SONGS (playlistsong_id, playlist_id, song_id, date_added) VALUES (301, 420, 847, '2023-07-21');
INSERT INTO PLAYLIST_SONGS (playlistsong_id, playlist_id, song_id, date_added) VALUES (302, 50, 356, '2023-02-23');
INSERT INTO PLAYLIST_SONGS (playlistsong_id, playlist_id, song_id, date_added) VALUES (303, 440, 455, '2023-09-30');
INSERT INTO PLAYLIST_SONGS (playlistsong_id, playlist_id, song_id, date_added) VALUES (304, 116, 943, '2023-08-27');
INSERT INTO PLAYLIST_SONGS (playlistsong_id, playlist_id, song_id, date_added) VALUES (305, 107, 71, '2023-03-19');
INSERT INTO PLAYLIST_SONGS (playlistsong_id, playlist_id, song_id, date_added) VALUES (306, 492, 521, '2024-04-05');
INSERT INTO PLAYLIST_SONGS (playlistsong_id, playlist_id, song_id, date_added) VALUES (307, 265, 376, '2023-07-19');
INSERT INTO PLAYLIST_SONGS (playlistsong_id, playlist_id, song_id, date_added) VALUES (308, 287, 278, '2024-02-11');
INSERT INTO PLAYLIST_SONGS (playlistsong_id, playlist_id, song_id, date_added) VALUES (309, 467, 401, '2023-01-22');
INSERT INTO PLAYLIST_SONGS (playlistsong_id, playlist_id, song_id, date_added) VALUES (310, 364, 980, '2023-07-23');
INSERT INTO PLAYLIST_SONGS (playlistsong_id, playlist_id, song_id, date_added) VALUES (311, 136, 186, '2023-05-13');
INSERT INTO PLAYLIST_SONGS (playlistsong_id, playlist_id, song_id, date_added) VALUES (312, 90, 463, '2023-04-10');
INSERT INTO PLAYLIST_SONGS (playlistsong_id, playlist_id, song_id, date_added) VALUES (313, 172, 689, '2023-04-05');
INSERT INTO PLAYLIST_SONGS (playlistsong_id, playlist_id, song_id, date_added) VALUES (314, 353, 822, '2023-09-19');
INSERT INTO PLAYLIST_SONGS (playlistsong_id, playlist_id, song_id, date_added) VALUES (315, 458, 885, '2023-12-09');
INSERT INTO PLAYLIST_SONGS (playlistsong_id, playlist_id, song_id, date_added) VALUES (316, 298, 451, '2023-05-30');
INSERT INTO PLAYLIST_SONGS (playlistsong_id, playlist_id, song_id, date_added) VALUES (317, 19, 267, '2023-12-08');
INSERT INTO PLAYLIST_SONGS (playlistsong_id, playlist_id, song_id, date_added) VALUES (318, 269, 976, '2024-04-15');
INSERT INTO PLAYLIST_SONGS (playlistsong_id, playlist_id, song_id, date_added) VALUES (319, 449, 825, '2023-12-15');
INSERT INTO PLAYLIST_SONGS (playlistsong_id, playlist_id, song_id, date_added) VALUES (320, 226, 516, '2023-05-20');
INSERT INTO PLAYLIST_SONGS (playlistsong_id, playlist_id, song_id, date_added) VALUES (321, 350, 401, '2023-03-16');
INSERT INTO PLAYLIST_SONGS (playlistsong_id, playlist_id, song_id, date_added) VALUES (322, 140, 114, '2023-05-09');
INSERT INTO PLAYLIST_SONGS (playlistsong_id, playlist_id, song_id, date_added) VALUES (323, 392, 257, '2023-01-11');
INSERT INTO PLAYLIST_SONGS (playlistsong_id, playlist_id, song_id, date_added) VALUES (324, 126, 19, '2023-06-28');
INSERT INTO PLAYLIST_SONGS (playlistsong_id, playlist_id, song_id, date_added) VALUES (325, 481, 941, '2023-02-19');
INSERT INTO PLAYLIST_SONGS (playlistsong_id, playlist_id, song_id, date_added) VALUES (326, 161, 121, '2024-02-07');
INSERT INTO PLAYLIST_SONGS (playlistsong_id, playlist_id, song_id, date_added) VALUES (327, 198, 218, '2023-06-03');
INSERT INTO PLAYLIST_SONGS (playlistsong_id, playlist_id, song_id, date_added) VALUES (328, 371, 955, '2023-01-21');
INSERT INTO PLAYLIST_SONGS (playlistsong_id, playlist_id, song_id, date_added) VALUES (329, 346, 46, '2023-03-25');
INSERT INTO PLAYLIST_SONGS (playlistsong_id, playlist_id, song_id, date_added) VALUES (330, 89, 238, '2023-05-24');
INSERT INTO PLAYLIST_SONGS (playlistsong_id, playlist_id, song_id, date_added) VALUES (331, 428, 616, '2023-02-09');
INSERT INTO PLAYLIST_SONGS (playlistsong_id, playlist_id, song_id, date_added) VALUES (332, 174, 582, '2023-10-27');
INSERT INTO PLAYLIST_SONGS (playlistsong_id, playlist_id, song_id, date_added) VALUES (333, 354, 426, '2023-01-13');
INSERT INTO PLAYLIST_SONGS (playlistsong_id, playlist_id, song_id, date_added) VALUES (334, 40, 699, '2023-07-02');
INSERT INTO PLAYLIST_SONGS (playlistsong_id, playlist_id, song_id, date_added) VALUES (335, 218, 303, '2023-11-30');
INSERT INTO PLAYLIST_SONGS (playlistsong_id, playlist_id, song_id, date_added) VALUES (336, 42, 912, '2024-01-05');
INSERT INTO PLAYLIST_SONGS (playlistsong_id, playlist_id, song_id, date_added) VALUES (337, 301, 747, '2024-04-25');
INSERT INTO PLAYLIST_SONGS (playlistsong_id, playlist_id, song_id, date_added) VALUES (338, 303, 488, '2023-03-07');
INSERT INTO PLAYLIST_SONGS (playlistsong_id, playlist_id, song_id, date_added) VALUES (339, 364, 302, '2023-01-02');
INSERT INTO PLAYLIST_SONGS (playlistsong_id, playlist_id, song_id, date_added) VALUES (340, 357, 391, '2023-11-11');
INSERT INTO PLAYLIST_SONGS (playlistsong_id, playlist_id, song_id, date_added) VALUES (341, 47, 159, '2024-03-17');
INSERT INTO PLAYLIST_SONGS (playlistsong_id, playlist_id, song_id, date_added) VALUES (342, 129, 175, '2024-04-16');
INSERT INTO PLAYLIST_SONGS (playlistsong_id, playlist_id, song_id, date_added) VALUES (343, 307, 171, '2023-05-06');
INSERT INTO PLAYLIST_SONGS (playlistsong_id, playlist_id, song_id, date_added) VALUES (344, 265, 758, '2023-08-09');
INSERT INTO PLAYLIST_SONGS (playlistsong_id, playlist_id, song_id, date_added) VALUES (345, 380, 912, '2023-01-24');
INSERT INTO PLAYLIST_SONGS (playlistsong_id, playlist_id, song_id, date_added) VALUES (346, 406, 39, '2023-01-05');
INSERT INTO PLAYLIST_SONGS (playlistsong_id, playlist_id, song_id, date_added) VALUES (347, 394, 850, '2023-09-02');
INSERT INTO PLAYLIST_SONGS (playlistsong_id, playlist_id, song_id, date_added) VALUES (348, 77, 718, '2024-01-24');
INSERT INTO PLAYLIST_SONGS (playlistsong_id, playlist_id, song_id, date_added) VALUES (349, 201, 982, '2023-06-13');
INSERT INTO PLAYLIST_SONGS (playlistsong_id, playlist_id, song_id, date_added) VALUES (350, 255, 398, '2023-11-11');
INSERT INTO PLAYLIST_SONGS (playlistsong_id, playlist_id, song_id, date_added) VALUES (351, 154, 339, '2023-05-12');
INSERT INTO PLAYLIST_SONGS (playlistsong_id, playlist_id, song_id, date_added) VALUES (352, 103, 550, '2023-09-07');
INSERT INTO PLAYLIST_SONGS (playlistsong_id, playlist_id, song_id, date_added) VALUES (353, 53, 493, '2023-06-26');
INSERT INTO PLAYLIST_SONGS (playlistsong_id, playlist_id, song_id, date_added) VALUES (354, 172, 86, '2024-01-25');
INSERT INTO PLAYLIST_SONGS (playlistsong_id, playlist_id, song_id, date_added) VALUES (355, 36, 341, '2023-01-29');
INSERT INTO PLAYLIST_SONGS (playlistsong_id, playlist_id, song_id, date_added) VALUES (356, 436, 879, '2023-07-18');
INSERT INTO PLAYLIST_SONGS (playlistsong_id, playlist_id, song_id, date_added) VALUES (357, 69, 332, '2023-02-02');
INSERT INTO PLAYLIST_SONGS (playlistsong_id, playlist_id, song_id, date_added) VALUES (358, 473, 131, '2023-12-19');
INSERT INTO PLAYLIST_SONGS (playlistsong_id, playlist_id, song_id, date_added) VALUES (359, 123, 980, '2024-05-13');
INSERT INTO PLAYLIST_SONGS (playlistsong_id, playlist_id, song_id, date_added) VALUES (360, 217, 555, '2023-02-03');
INSERT INTO PLAYLIST_SONGS (playlistsong_id, playlist_id, song_id, date_added) VALUES (361, 2, 177, '2024-04-07');
INSERT INTO PLAYLIST_SONGS (playlistsong_id, playlist_id, song_id, date_added) VALUES (362, 40, 664, '2024-04-17');
INSERT INTO PLAYLIST_SONGS (playlistsong_id, playlist_id, song_id, date_added) VALUES (363, 204, 751, '2023-02-11');
INSERT INTO PLAYLIST_SONGS (playlistsong_id, playlist_id, song_id, date_added) VALUES (364, 362, 414, '2024-03-23');
INSERT INTO PLAYLIST_SONGS (playlistsong_id, playlist_id, song_id, date_added) VALUES (365, 372, 717, '2023-10-10');
INSERT INTO PLAYLIST_SONGS (playlistsong_id, playlist_id, song_id, date_added) VALUES (366, 15, 479, '2023-01-31');
INSERT INTO PLAYLIST_SONGS (playlistsong_id, playlist_id, song_id, date_added) VALUES (367, 8, 340, '2023-04-20');
INSERT INTO PLAYLIST_SONGS (playlistsong_id, playlist_id, song_id, date_added) VALUES (368, 368, 834, '2023-06-28');
INSERT INTO PLAYLIST_SONGS (playlistsong_id, playlist_id, song_id, date_added) VALUES (369, 86, 218, '2023-05-29');
INSERT INTO PLAYLIST_SONGS (playlistsong_id, playlist_id, song_id, date_added) VALUES (370, 441, 175, '2023-03-25');
INSERT INTO PLAYLIST_SONGS (playlistsong_id, playlist_id, song_id, date_added) VALUES (371, 147, 116, '2023-05-20');
INSERT INTO PLAYLIST_SONGS (playlistsong_id, playlist_id, song_id, date_added) VALUES (372, 470, 266, '2023-09-03');
INSERT INTO PLAYLIST_SONGS (playlistsong_id, playlist_id, song_id, date_added) VALUES (373, 462, 888, '2023-11-19');
INSERT INTO PLAYLIST_SONGS (playlistsong_id, playlist_id, song_id, date_added) VALUES (374, 179, 555, '2023-12-12');
INSERT INTO PLAYLIST_SONGS (playlistsong_id, playlist_id, song_id, date_added) VALUES (375, 150, 18, '2023-11-13');
INSERT INTO PLAYLIST_SONGS (playlistsong_id, playlist_id, song_id, date_added) VALUES (376, 451, 258, '2023-08-01');
INSERT INTO PLAYLIST_SONGS (playlistsong_id, playlist_id, song_id, date_added) VALUES (377, 362, 21, '2023-09-19');
INSERT INTO PLAYLIST_SONGS (playlistsong_id, playlist_id, song_id, date_added) VALUES (378, 408, 932, '2023-10-25');
INSERT INTO PLAYLIST_SONGS (playlistsong_id, playlist_id, song_id, date_added) VALUES (379, 359, 133, '2023-03-10');
INSERT INTO PLAYLIST_SONGS (playlistsong_id, playlist_id, song_id, date_added) VALUES (380, 115, 395, '2023-01-03');
INSERT INTO PLAYLIST_SONGS (playlistsong_id, playlist_id, song_id, date_added) VALUES (381, 401, 125, '2023-07-19');
INSERT INTO PLAYLIST_SONGS (playlistsong_id, playlist_id, song_id, date_added) VALUES (382, 175, 947, '2023-11-04');
INSERT INTO PLAYLIST_SONGS (playlistsong_id, playlist_id, song_id, date_added) VALUES (383, 311, 537, '2023-10-01');
INSERT INTO PLAYLIST_SONGS (playlistsong_id, playlist_id, song_id, date_added) VALUES (384, 464, 498, '2024-05-17');
INSERT INTO PLAYLIST_SONGS (playlistsong_id, playlist_id, song_id, date_added) VALUES (385, 45, 592, '2023-01-11');
INSERT INTO PLAYLIST_SONGS (playlistsong_id, playlist_id, song_id, date_added) VALUES (386, 54, 950, '2023-08-01');
INSERT INTO PLAYLIST_SONGS (playlistsong_id, playlist_id, song_id, date_added) VALUES (387, 391, 411, '2024-05-19');
INSERT INTO PLAYLIST_SONGS (playlistsong_id, playlist_id, song_id, date_added) VALUES (388, 64, 379, '2023-07-01');
INSERT INTO PLAYLIST_SONGS (playlistsong_id, playlist_id, song_id, date_added) VALUES (389, 353, 4, '2023-03-20');
INSERT INTO PLAYLIST_SONGS (playlistsong_id, playlist_id, song_id, date_added) VALUES (390, 303, 542, '2023-12-16');
INSERT INTO PLAYLIST_SONGS (playlistsong_id, playlist_id, song_id, date_added) VALUES (391, 424, 748, '2023-10-18');
INSERT INTO PLAYLIST_SONGS (playlistsong_id, playlist_id, song_id, date_added) VALUES (392, 135, 135, '2023-04-10');
INSERT INTO PLAYLIST_SONGS (playlistsong_id, playlist_id, song_id, date_added) VALUES (393, 23, 147, '2024-01-02');
INSERT INTO PLAYLIST_SONGS (playlistsong_id, playlist_id, song_id, date_added) VALUES (394, 136, 989, '2023-12-31');
INSERT INTO PLAYLIST_SONGS (playlistsong_id, playlist_id, song_id, date_added) VALUES (395, 418, 440, '2023-08-28');
INSERT INTO PLAYLIST_SONGS (playlistsong_id, playlist_id, song_id, date_added) VALUES (396, 341, 278, '2024-01-10');
INSERT INTO PLAYLIST_SONGS (playlistsong_id, playlist_id, song_id, date_added) VALUES (397, 88, 772, '2024-01-12');
INSERT INTO PLAYLIST_SONGS (playlistsong_id, playlist_id, song_id, date_added) VALUES (398, 261, 173, '2023-01-05');
INSERT INTO PLAYLIST_SONGS (playlistsong_id, playlist_id, song_id, date_added) VALUES (399, 228, 494, '2023-08-14');
INSERT INTO PLAYLIST_SONGS (playlistsong_id, playlist_id, song_id, date_added) VALUES (400, 156, 979, '2023-05-17');
INSERT INTO PLAYLIST_SONGS (playlistsong_id, playlist_id, song_id, date_added) VALUES (401, 265, 344, '2023-09-29');
INSERT INTO PLAYLIST_SONGS (playlistsong_id, playlist_id, song_id, date_added) VALUES (402, 58, 844, '2023-04-24');
INSERT INTO PLAYLIST_SONGS (playlistsong_id, playlist_id, song_id, date_added) VALUES (403, 49, 238, '2023-07-23');
INSERT INTO PLAYLIST_SONGS (playlistsong_id, playlist_id, song_id, date_added) VALUES (404, 295, 255, '2023-08-19');
INSERT INTO PLAYLIST_SONGS (playlistsong_id, playlist_id, song_id, date_added) VALUES (405, 121, 110, '2023-03-19');
INSERT INTO PLAYLIST_SONGS (playlistsong_id, playlist_id, song_id, date_added) VALUES (406, 253, 457, '2024-02-26');
INSERT INTO PLAYLIST_SONGS (playlistsong_id, playlist_id, song_id, date_added) VALUES (407, 53, 756, '2023-11-02');
INSERT INTO PLAYLIST_SONGS (playlistsong_id, playlist_id, song_id, date_added) VALUES (408, 147, 153, '2023-02-19');
INSERT INTO PLAYLIST_SONGS (playlistsong_id, playlist_id, song_id, date_added) VALUES (409, 144, 848, '2023-10-25');
INSERT INTO PLAYLIST_SONGS (playlistsong_id, playlist_id, song_id, date_added) VALUES (410, 6, 262, '2024-05-06');
INSERT INTO PLAYLIST_SONGS (playlistsong_id, playlist_id, song_id, date_added) VALUES (411, 225, 242, '2024-05-12');
INSERT INTO PLAYLIST_SONGS (playlistsong_id, playlist_id, song_id, date_added) VALUES (412, 113, 625, '2024-02-15');
INSERT INTO PLAYLIST_SONGS (playlistsong_id, playlist_id, song_id, date_added) VALUES (413, 386, 685, '2023-05-07');
INSERT INTO PLAYLIST_SONGS (playlistsong_id, playlist_id, song_id, date_added) VALUES (414, 295, 568, '2023-10-12');
INSERT INTO PLAYLIST_SONGS (playlistsong_id, playlist_id, song_id, date_added) VALUES (415, 386, 289, '2023-02-20');
INSERT INTO PLAYLIST_SONGS (playlistsong_id, playlist_id, song_id, date_added) VALUES (416, 431, 619, '2023-07-24');
INSERT INTO PLAYLIST_SONGS (playlistsong_id, playlist_id, song_id, date_added) VALUES (417, 472, 920, '2024-02-12');
INSERT INTO PLAYLIST_SONGS (playlistsong_id, playlist_id, song_id, date_added) VALUES (418, 453, 338, '2023-03-11');
INSERT INTO PLAYLIST_SONGS (playlistsong_id, playlist_id, song_id, date_added) VALUES (419, 467, 132, '2023-01-24');
INSERT INTO PLAYLIST_SONGS (playlistsong_id, playlist_id, song_id, date_added) VALUES (420, 173, 454, '2023-04-17');
INSERT INTO PLAYLIST_SONGS (playlistsong_id, playlist_id, song_id, date_added) VALUES (421, 167, 371, '2023-03-28');
INSERT INTO PLAYLIST_SONGS (playlistsong_id, playlist_id, song_id, date_added) VALUES (422, 235, 376, '2023-09-08');
INSERT INTO PLAYLIST_SONGS (playlistsong_id, playlist_id, song_id, date_added) VALUES (423, 333, 755, '2023-02-09');
INSERT INTO PLAYLIST_SONGS (playlistsong_id, playlist_id, song_id, date_added) VALUES (424, 7, 502, '2024-03-14');
INSERT INTO PLAYLIST_SONGS (playlistsong_id, playlist_id, song_id, date_added) VALUES (425, 390, 806, '2023-03-18');
INSERT INTO PLAYLIST_SONGS (playlistsong_id, playlist_id, song_id, date_added) VALUES (426, 322, 976, '2023-11-16');
INSERT INTO PLAYLIST_SONGS (playlistsong_id, playlist_id, song_id, date_added) VALUES (427, 447, 834, '2024-03-28');
INSERT INTO PLAYLIST_SONGS (playlistsong_id, playlist_id, song_id, date_added) VALUES (428, 110, 965, '2023-05-17');
INSERT INTO PLAYLIST_SONGS (playlistsong_id, playlist_id, song_id, date_added) VALUES (429, 214, 920, '2023-09-08');
INSERT INTO PLAYLIST_SONGS (playlistsong_id, playlist_id, song_id, date_added) VALUES (430, 60, 919, '2023-11-03');
INSERT INTO PLAYLIST_SONGS (playlistsong_id, playlist_id, song_id, date_added) VALUES (431, 439, 660, '2024-01-05');
INSERT INTO PLAYLIST_SONGS (playlistsong_id, playlist_id, song_id, date_added) VALUES (432, 219, 909, '2023-12-29');
INSERT INTO PLAYLIST_SONGS (playlistsong_id, playlist_id, song_id, date_added) VALUES (433, 330, 485, '2023-08-30');
INSERT INTO PLAYLIST_SONGS (playlistsong_id, playlist_id, song_id, date_added) VALUES (434, 360, 824, '2023-01-29');
INSERT INTO PLAYLIST_SONGS (playlistsong_id, playlist_id, song_id, date_added) VALUES (435, 279, 268, '2023-01-27');
INSERT INTO PLAYLIST_SONGS (playlistsong_id, playlist_id, song_id, date_added) VALUES (436, 228, 40, '2023-08-02');
INSERT INTO PLAYLIST_SONGS (playlistsong_id, playlist_id, song_id, date_added) VALUES (437, 350, 428, '2024-02-18');
INSERT INTO PLAYLIST_SONGS (playlistsong_id, playlist_id, song_id, date_added) VALUES (438, 228, 677, '2024-01-01');
INSERT INTO PLAYLIST_SONGS (playlistsong_id, playlist_id, song_id, date_added) VALUES (439, 407, 297, '2023-09-17');
INSERT INTO PLAYLIST_SONGS (playlistsong_id, playlist_id, song_id, date_added) VALUES (440, 80, 910, '2023-06-19');
INSERT INTO PLAYLIST_SONGS (playlistsong_id, playlist_id, song_id, date_added) VALUES (441, 323, 707, '2023-11-03');
INSERT INTO PLAYLIST_SONGS (playlistsong_id, playlist_id, song_id, date_added) VALUES (442, 69, 865, '2024-03-30');
INSERT INTO PLAYLIST_SONGS (playlistsong_id, playlist_id, song_id, date_added) VALUES (443, 284, 339, '2023-01-10');
INSERT INTO PLAYLIST_SONGS (playlistsong_id, playlist_id, song_id, date_added) VALUES (444, 379, 567, '2024-04-17');
INSERT INTO PLAYLIST_SONGS (playlistsong_id, playlist_id, song_id, date_added) VALUES (445, 326, 500, '2023-01-12');
INSERT INTO PLAYLIST_SONGS (playlistsong_id, playlist_id, song_id, date_added) VALUES (446, 13, 894, '2023-03-27');
INSERT INTO PLAYLIST_SONGS (playlistsong_id, playlist_id, song_id, date_added) VALUES (447, 331, 543, '2024-02-13');
INSERT INTO PLAYLIST_SONGS (playlistsong_id, playlist_id, song_id, date_added) VALUES (448, 302, 584, '2023-07-03');
INSERT INTO PLAYLIST_SONGS (playlistsong_id, playlist_id, song_id, date_added) VALUES (449, 61, 269, '2023-04-19');
INSERT INTO PLAYLIST_SONGS (playlistsong_id, playlist_id, song_id, date_added) VALUES (450, 219, 228, '2023-01-02');
INSERT INTO PLAYLIST_SONGS (playlistsong_id, playlist_id, song_id, date_added) VALUES (451, 344, 879, '2023-04-15');
INSERT INTO PLAYLIST_SONGS (playlistsong_id, playlist_id, song_id, date_added) VALUES (452, 183, 9, '2023-09-06');
INSERT INTO PLAYLIST_SONGS (playlistsong_id, playlist_id, song_id, date_added) VALUES (453, 164, 673, '2023-04-18');
INSERT INTO PLAYLIST_SONGS (playlistsong_id, playlist_id, song_id, date_added) VALUES (454, 468, 295, '2023-08-26');
INSERT INTO PLAYLIST_SONGS (playlistsong_id, playlist_id, song_id, date_added) VALUES (455, 103, 881, '2023-10-07');
INSERT INTO PLAYLIST_SONGS (playlistsong_id, playlist_id, song_id, date_added) VALUES (456, 478, 147, '2023-03-22');
INSERT INTO PLAYLIST_SONGS (playlistsong_id, playlist_id, song_id, date_added) VALUES (457, 56, 77, '2023-06-12');
INSERT INTO PLAYLIST_SONGS (playlistsong_id, playlist_id, song_id, date_added) VALUES (458, 49, 920, '2024-01-28');
INSERT INTO PLAYLIST_SONGS (playlistsong_id, playlist_id, song_id, date_added) VALUES (459, 498, 128, '2024-05-02');
INSERT INTO PLAYLIST_SONGS (playlistsong_id, playlist_id, song_id, date_added) VALUES (460, 71, 717, '2023-01-22');
INSERT INTO PLAYLIST_SONGS (playlistsong_id, playlist_id, song_id, date_added) VALUES (461, 438, 84, '2024-04-28');
INSERT INTO PLAYLIST_SONGS (playlistsong_id, playlist_id, song_id, date_added) VALUES (462, 455, 700, '2023-05-13');
INSERT INTO PLAYLIST_SONGS (playlistsong_id, playlist_id, song_id, date_added) VALUES (463, 472, 609, '2024-04-05');
INSERT INTO PLAYLIST_SONGS (playlistsong_id, playlist_id, song_id, date_added) VALUES (464, 292, 688, '2023-12-16');
INSERT INTO PLAYLIST_SONGS (playlistsong_id, playlist_id, song_id, date_added) VALUES (465, 439, 459, '2023-01-31');
INSERT INTO PLAYLIST_SONGS (playlistsong_id, playlist_id, song_id, date_added) VALUES (466, 216, 129, '2024-04-28');
INSERT INTO PLAYLIST_SONGS (playlistsong_id, playlist_id, song_id, date_added) VALUES (467, 105, 511, '2023-04-24');
INSERT INTO PLAYLIST_SONGS (playlistsong_id, playlist_id, song_id, date_added) VALUES (468, 329, 540, '2023-09-01');
INSERT INTO PLAYLIST_SONGS (playlistsong_id, playlist_id, song_id, date_added) VALUES (469, 236, 392, '2024-03-08');
INSERT INTO PLAYLIST_SONGS (playlistsong_id, playlist_id, song_id, date_added) VALUES (470, 266, 37, '2023-12-19');
INSERT INTO PLAYLIST_SONGS (playlistsong_id, playlist_id, song_id, date_added) VALUES (471, 220, 297, '2023-07-16');
INSERT INTO PLAYLIST_SONGS (playlistsong_id, playlist_id, song_id, date_added) VALUES (472, 158, 645, '2023-05-15');
INSERT INTO PLAYLIST_SONGS (playlistsong_id, playlist_id, song_id, date_added) VALUES (473, 356, 511, '2023-10-26');
INSERT INTO PLAYLIST_SONGS (playlistsong_id, playlist_id, song_id, date_added) VALUES (474, 252, 663, '2023-01-31');
INSERT INTO PLAYLIST_SONGS (playlistsong_id, playlist_id, song_id, date_added) VALUES (475, 460, 450, '2023-06-17');
INSERT INTO PLAYLIST_SONGS (playlistsong_id, playlist_id, song_id, date_added) VALUES (476, 401, 178, '2023-03-19');
INSERT INTO PLAYLIST_SONGS (playlistsong_id, playlist_id, song_id, date_added) VALUES (477, 251, 875, '2023-06-19');
INSERT INTO PLAYLIST_SONGS (playlistsong_id, playlist_id, song_id, date_added) VALUES (478, 203, 264, '2023-07-20');
INSERT INTO PLAYLIST_SONGS (playlistsong_id, playlist_id, song_id, date_added) VALUES (479, 410, 38, '2023-07-27');
INSERT INTO PLAYLIST_SONGS (playlistsong_id, playlist_id, song_id, date_added) VALUES (480, 199, 417, '2024-05-06');
INSERT INTO PLAYLIST_SONGS (playlistsong_id, playlist_id, song_id, date_added) VALUES (481, 343, 862, '2023-03-09');
INSERT INTO PLAYLIST_SONGS (playlistsong_id, playlist_id, song_id, date_added) VALUES (482, 213, 977, '2023-10-27');
INSERT INTO PLAYLIST_SONGS (playlistsong_id, playlist_id, song_id, date_added) VALUES (483, 14, 810, '2024-05-19');
INSERT INTO PLAYLIST_SONGS (playlistsong_id, playlist_id, song_id, date_added) VALUES (484, 419, 206, '2023-06-01');
INSERT INTO PLAYLIST_SONGS (playlistsong_id, playlist_id, song_id, date_added) VALUES (485, 8, 78, '2023-10-14');
INSERT INTO PLAYLIST_SONGS (playlistsong_id, playlist_id, song_id, date_added) VALUES (486, 36, 363, '2023-02-16');
INSERT INTO PLAYLIST_SONGS (playlistsong_id, playlist_id, song_id, date_added) VALUES (487, 276, 30, '2023-11-10');
INSERT INTO PLAYLIST_SONGS (playlistsong_id, playlist_id, song_id, date_added) VALUES (488, 281, 307, '2023-03-02');
INSERT INTO PLAYLIST_SONGS (playlistsong_id, playlist_id, song_id, date_added) VALUES (489, 274, 913, '2023-01-04');
INSERT INTO PLAYLIST_SONGS (playlistsong_id, playlist_id, song_id, date_added) VALUES (490, 417, 238, '2023-12-26');
INSERT INTO PLAYLIST_SONGS (playlistsong_id, playlist_id, song_id, date_added) VALUES (491, 292, 900, '2023-05-07');
INSERT INTO PLAYLIST_SONGS (playlistsong_id, playlist_id, song_id, date_added) VALUES (492, 480, 167, '2024-05-06');
INSERT INTO PLAYLIST_SONGS (playlistsong_id, playlist_id, song_id, date_added) VALUES (493, 307, 563, '2024-01-06');
INSERT INTO PLAYLIST_SONGS (playlistsong_id, playlist_id, song_id, date_added) VALUES (494, 107, 35, '2023-11-28');
INSERT INTO PLAYLIST_SONGS (playlistsong_id, playlist_id, song_id, date_added) VALUES (495, 221, 2, '2023-08-18');
INSERT INTO PLAYLIST_SONGS (playlistsong_id, playlist_id, song_id, date_added) VALUES (496, 204, 332, '2023-08-16');
INSERT INTO PLAYLIST_SONGS (playlistsong_id, playlist_id, song_id, date_added) VALUES (497, 97, 796, '2024-02-24');
INSERT INTO PLAYLIST_SONGS (playlistsong_id, playlist_id, song_id, date_added) VALUES (498, 413, 879, '2023-10-08');
INSERT INTO PLAYLIST_SONGS (playlistsong_id, playlist_id, song_id, date_added) VALUES (499, 360, 701, '2024-01-27');
INSERT INTO PLAYLIST_SONGS (playlistsong_id, playlist_id, song_id, date_added) VALUES (500, 41, 730, '2023-10-18');

-- PLAY_HISTORY Data --
INSERT INTO PLAY_HISTORY (play_id, user_id, song_id, playtime) VALUES (1, 25, 88, '2024-02-25 21:57:38');
INSERT INTO PLAY_HISTORY (play_id, user_id, song_id, playtime) VALUES (2, 99, 869, '2024-03-17 13:13:49');
INSERT INTO PLAY_HISTORY (play_id, user_id, song_id, playtime) VALUES (3, 90, 297, '2024-04-07 02:41:25');
INSERT INTO PLAY_HISTORY (play_id, user_id, song_id, playtime) VALUES (4, 76, 82, '2024-02-20 06:16:09');
INSERT INTO PLAY_HISTORY (play_id, user_id, song_id, playtime) VALUES (5, 86, 490, '2024-02-24 10:56:52');
INSERT INTO PLAY_HISTORY (play_id, user_id, song_id, playtime) VALUES (6, 66, 508, '2024-05-11 17:13:50');
INSERT INTO PLAY_HISTORY (play_id, user_id, song_id, playtime) VALUES (7, 1, 503, '2024-02-01 03:03:23');
INSERT INTO PLAY_HISTORY (play_id, user_id, song_id, playtime) VALUES (8, 3, 619, '2024-01-10 08:00:00');
INSERT INTO PLAY_HISTORY (play_id, user_id, song_id, playtime) VALUES (9, 97, 897, '2024-03-21 06:18:37');
INSERT INTO PLAY_HISTORY (play_id, user_id, song_id, playtime) VALUES (10, 58, 767, '2024-03-30 11:51:39');
INSERT INTO PLAY_HISTORY (play_id, user_id, song_id, playtime) VALUES (11, 37, 157, '2024-03-24 18:13:18');
INSERT INTO PLAY_HISTORY (play_id, user_id, song_id, playtime) VALUES (12, 48, 907, '2024-02-18 05:49:58');
INSERT INTO PLAY_HISTORY (play_id, user_id, song_id, playtime) VALUES (13, 60, 353, '2024-05-02 17:46:30');
INSERT INTO PLAY_HISTORY (play_id, user_id, song_id, playtime) VALUES (14, 60, 947, '2024-03-06 09:48:57');
INSERT INTO PLAY_HISTORY (play_id, user_id, song_id, playtime) VALUES (15, 35, 730, '2024-01-03 15:11:42');
INSERT INTO PLAY_HISTORY (play_id, user_id, song_id, playtime) VALUES (16, 26, 385, '2024-03-07 14:32:21');
INSERT INTO PLAY_HISTORY (play_id, user_id, song_id, playtime) VALUES (17, 68, 112, '2024-03-21 22:20:17');
INSERT INTO PLAY_HISTORY (play_id, user_id, song_id, playtime) VALUES (18, 65, 310, '2024-03-05 17:04:14');
INSERT INTO PLAY_HISTORY (play_id, user_id, song_id, playtime) VALUES (19, 45, 676, '2024-03-20 20:28:48');
INSERT INTO PLAY_HISTORY (play_id, user_id, song_id, playtime) VALUES (20, 84, 940, '2024-03-29 03:45:57');
INSERT INTO PLAY_HISTORY (play_id, user_id, song_id, playtime) VALUES (21, 100, 656, '2024-04-24 14:44:13');
INSERT INTO PLAY_HISTORY (play_id, user_id, song_id, playtime) VALUES (22, 40, 604, '2024-05-14 05:41:34');
INSERT INTO PLAY_HISTORY (play_id, user_id, song_id, playtime) VALUES (23, 88, 729, '2024-05-08 09:05:04');
INSERT INTO PLAY_HISTORY (play_id, user_id, song_id, playtime) VALUES (24, 89, 131, '2024-05-06 17:10:24');
INSERT INTO PLAY_HISTORY (play_id, user_id, song_id, playtime) VALUES (25, 48, 896, '2024-05-06 16:42:51');
INSERT INTO PLAY_HISTORY (play_id, user_id, song_id, playtime) VALUES (26, 14, 67, '2024-01-28 02:57:44');
INSERT INTO PLAY_HISTORY (play_id, user_id, song_id, playtime) VALUES (27, 97, 85, '2024-01-03 19:17:28');
INSERT INTO PLAY_HISTORY (play_id, user_id, song_id, playtime) VALUES (28, 26, 312, '2024-02-07 01:56:40');
INSERT INTO PLAY_HISTORY (play_id, user_id, song_id, playtime) VALUES (29, 45, 846, '2024-03-28 01:56:21');
INSERT INTO PLAY_HISTORY (play_id, user_id, song_id, playtime) VALUES (30, 40, 670, '2024-03-23 11:22:10');
INSERT INTO PLAY_HISTORY (play_id, user_id, song_id, playtime) VALUES (31, 7, 893, '2024-05-01 11:29:14');
INSERT INTO PLAY_HISTORY (play_id, user_id, song_id, playtime) VALUES (32, 62, 665, '2024-04-05 18:07:47');
INSERT INTO PLAY_HISTORY (play_id, user_id, song_id, playtime) VALUES (33, 63, 225, '2024-04-19 22:05:04');
INSERT INTO PLAY_HISTORY (play_id, user_id, song_id, playtime) VALUES (34, 51, 960, '2024-04-11 19:46:49');
INSERT INTO PLAY_HISTORY (play_id, user_id, song_id, playtime) VALUES (35, 87, 701, '2024-02-15 13:35:14');
INSERT INTO PLAY_HISTORY (play_id, user_id, song_id, playtime) VALUES (36, 5, 168, '2024-03-26 03:55:47');
INSERT INTO PLAY_HISTORY (play_id, user_id, song_id, playtime) VALUES (37, 99, 387, '2024-05-11 22:44:57');
INSERT INTO PLAY_HISTORY (play_id, user_id, song_id, playtime) VALUES (38, 22, 266, '2024-01-04 06:55:30');
INSERT INTO PLAY_HISTORY (play_id, user_id, song_id, playtime) VALUES (39, 11, 859, '2024-05-02 16:49:11');
INSERT INTO PLAY_HISTORY (play_id, user_id, song_id, playtime) VALUES (40, 18, 704, '2024-02-25 06:21:12');
INSERT INTO PLAY_HISTORY (play_id, user_id, song_id, playtime) VALUES (41, 17, 750, '2024-02-19 00:04:03');
INSERT INTO PLAY_HISTORY (play_id, user_id, song_id, playtime) VALUES (42, 14, 540, '2024-01-20 02:34:26');
INSERT INTO PLAY_HISTORY (play_id, user_id, song_id, playtime) VALUES (43, 85, 69, '2024-01-21 15:26:40');
INSERT INTO PLAY_HISTORY (play_id, user_id, song_id, playtime) VALUES (44, 61, 859, '2024-05-18 10:40:45');
INSERT INTO PLAY_HISTORY (play_id, user_id, song_id, playtime) VALUES (45, 94, 710, '2024-02-02 18:29:23');
INSERT INTO PLAY_HISTORY (play_id, user_id, song_id, playtime) VALUES (46, 42, 242, '2024-02-03 06:52:03');
INSERT INTO PLAY_HISTORY (play_id, user_id, song_id, playtime) VALUES (47, 26, 771, '2024-02-18 18:10:43');
INSERT INTO PLAY_HISTORY (play_id, user_id, song_id, playtime) VALUES (48, 20, 134, '2024-04-01 17:34:49');
INSERT INTO PLAY_HISTORY (play_id, user_id, song_id, playtime) VALUES (49, 4, 943, '2024-01-25 02:25:40');
INSERT INTO PLAY_HISTORY (play_id, user_id, song_id, playtime) VALUES (50, 60, 349, '2024-02-27 08:37:36');
INSERT INTO PLAY_HISTORY (play_id, user_id, song_id, playtime) VALUES (51, 19, 131, '2024-05-17 09:58:55');
INSERT INTO PLAY_HISTORY (play_id, user_id, song_id, playtime) VALUES (52, 35, 549, '2024-02-28 17:44:25');
INSERT INTO PLAY_HISTORY (play_id, user_id, song_id, playtime) VALUES (53, 78, 591, '2024-04-14 23:28:42');
INSERT INTO PLAY_HISTORY (play_id, user_id, song_id, playtime) VALUES (54, 41, 564, '2024-02-19 17:18:19');
INSERT INTO PLAY_HISTORY (play_id, user_id, song_id, playtime) VALUES (55, 96, 428, '2024-04-07 19:27:06');
INSERT INTO PLAY_HISTORY (play_id, user_id, song_id, playtime) VALUES (56, 59, 742, '2024-01-23 12:46:46');
INSERT INTO PLAY_HISTORY (play_id, user_id, song_id, playtime) VALUES (57, 54, 850, '2024-01-12 22:57:59');
INSERT INTO PLAY_HISTORY (play_id, user_id, song_id, playtime) VALUES (58, 70, 377, '2024-02-07 16:55:37');
INSERT INTO PLAY_HISTORY (play_id, user_id, song_id, playtime) VALUES (59, 92, 656, '2024-04-14 01:29:07');
INSERT INTO PLAY_HISTORY (play_id, user_id, song_id, playtime) VALUES (60, 67, 343, '2024-01-25 02:42:51');
INSERT INTO PLAY_HISTORY (play_id, user_id, song_id, playtime) VALUES (61, 74, 533, '2024-04-19 18:23:05');
INSERT INTO PLAY_HISTORY (play_id, user_id, song_id, playtime) VALUES (62, 56, 769, '2024-01-11 13:32:12');
INSERT INTO PLAY_HISTORY (play_id, user_id, song_id, playtime) VALUES (63, 57, 637, '2024-04-11 07:54:24');
INSERT INTO PLAY_HISTORY (play_id, user_id, song_id, playtime) VALUES (64, 57, 928, '2024-03-23 12:17:50');
INSERT INTO PLAY_HISTORY (play_id, user_id, song_id, playtime) VALUES (65, 41, 754, '2024-04-12 07:41:40');
INSERT INTO PLAY_HISTORY (play_id, user_id, song_id, playtime) VALUES (66, 81, 378, '2024-05-02 10:05:59');
INSERT INTO PLAY_HISTORY (play_id, user_id, song_id, playtime) VALUES (67, 68, 793, '2024-04-02 03:11:13');
INSERT INTO PLAY_HISTORY (play_id, user_id, song_id, playtime) VALUES (68, 52, 507, '2024-04-02 11:38:52');
INSERT INTO PLAY_HISTORY (play_id, user_id, song_id, playtime) VALUES (69, 53, 663, '2024-03-10 14:46:57');
INSERT INTO PLAY_HISTORY (play_id, user_id, song_id, playtime) VALUES (70, 39, 875, '2024-01-21 02:31:44');
INSERT INTO PLAY_HISTORY (play_id, user_id, song_id, playtime) VALUES (71, 95, 380, '2024-01-02 17:56:07');
INSERT INTO PLAY_HISTORY (play_id, user_id, song_id, playtime) VALUES (72, 63, 190, '2024-03-01 18:00:03');
INSERT INTO PLAY_HISTORY (play_id, user_id, song_id, playtime) VALUES (73, 81, 762, '2024-03-27 22:42:28');
INSERT INTO PLAY_HISTORY (play_id, user_id, song_id, playtime) VALUES (74, 64, 209, '2024-04-08 05:04:33');
INSERT INTO PLAY_HISTORY (play_id, user_id, song_id, playtime) VALUES (75, 14, 450, '2024-03-23 11:27:36');
INSERT INTO PLAY_HISTORY (play_id, user_id, song_id, playtime) VALUES (76, 10, 859, '2024-03-21 14:41:29');
INSERT INTO PLAY_HISTORY (play_id, user_id, song_id, playtime) VALUES (77, 13, 953, '2024-04-23 05:12:29');
INSERT INTO PLAY_HISTORY (play_id, user_id, song_id, playtime) VALUES (78, 11, 641, '2024-02-17 03:48:43');
INSERT INTO PLAY_HISTORY (play_id, user_id, song_id, playtime) VALUES (79, 51, 908, '2024-05-16 03:42:50');
INSERT INTO PLAY_HISTORY (play_id, user_id, song_id, playtime) VALUES (80, 38, 388, '2024-03-05 10:50:23');
INSERT INTO PLAY_HISTORY (play_id, user_id, song_id, playtime) VALUES (81, 58, 52, '2024-05-16 21:47:17');
INSERT INTO PLAY_HISTORY (play_id, user_id, song_id, playtime) VALUES (82, 78, 702, '2024-01-27 03:46:01');
INSERT INTO PLAY_HISTORY (play_id, user_id, song_id, playtime) VALUES (83, 81, 598, '2024-03-09 13:35:32');
INSERT INTO PLAY_HISTORY (play_id, user_id, song_id, playtime) VALUES (84, 62, 591, '2024-03-03 08:35:02');
INSERT INTO PLAY_HISTORY (play_id, user_id, song_id, playtime) VALUES (85, 93, 493, '2024-01-17 17:52:08');
INSERT INTO PLAY_HISTORY (play_id, user_id, song_id, playtime) VALUES (86, 46, 682, '2024-01-06 11:50:11');
INSERT INTO PLAY_HISTORY (play_id, user_id, song_id, playtime) VALUES (87, 70, 26, '2024-02-14 11:03:22');
INSERT INTO PLAY_HISTORY (play_id, user_id, song_id, playtime) VALUES (88, 3, 216, '2024-04-13 13:54:56');
INSERT INTO PLAY_HISTORY (play_id, user_id, song_id, playtime) VALUES (89, 29, 195, '2024-02-14 17:53:24');
INSERT INTO PLAY_HISTORY (play_id, user_id, song_id, playtime) VALUES (90, 8, 324, '2024-03-09 12:52:47');
INSERT INTO PLAY_HISTORY (play_id, user_id, song_id, playtime) VALUES (91, 35, 676, '2024-04-18 07:54:24');
INSERT INTO PLAY_HISTORY (play_id, user_id, song_id, playtime) VALUES (92, 8, 889, '2024-04-27 11:34:15');
INSERT INTO PLAY_HISTORY (play_id, user_id, song_id, playtime) VALUES (93, 90, 523, '2024-02-01 20:02:03');
INSERT INTO PLAY_HISTORY (play_id, user_id, song_id, playtime) VALUES (94, 61, 150, '2024-01-15 16:54:06');
INSERT INTO PLAY_HISTORY (play_id, user_id, song_id, playtime) VALUES (95, 60, 588, '2024-04-25 12:37:07');
INSERT INTO PLAY_HISTORY (play_id, user_id, song_id, playtime) VALUES (96, 30, 451, '2024-01-28 08:58:33');
INSERT INTO PLAY_HISTORY (play_id, user_id, song_id, playtime) VALUES (97, 17, 551, '2024-05-15 04:59:16');
INSERT INTO PLAY_HISTORY (play_id, user_id, song_id, playtime) VALUES (98, 94, 235, '2024-04-07 18:23:15');
INSERT INTO PLAY_HISTORY (play_id, user_id, song_id, playtime) VALUES (99, 64, 892, '2024-01-15 11:56:39');
INSERT INTO PLAY_HISTORY (play_id, user_id, song_id, playtime) VALUES (100, 31, 712, '2024-03-07 23:43:03');

SET FOREIGN_KEY_CHECKS = 1;
