-- SQL INSERT statements for Music Player Database
-- Generated by generate_data.php
-- Student Name: [Your Name]
-- Student ID: [Your Student ID]

SET FOREIGN_KEY_CHECKS = 0;
TRUNCATE TABLE PLAY_HISTORY;
TRUNCATE TABLE PLAYLIST_SONGS;
TRUNCATE TABLE PLAYLISTS;
TRUNCATE TABLE SONGS;
TRUNCATE TABLE ALBUMS;
TRUNCATE TABLE ARTISTS;
TRUNCATE TABLE USERS;
TRUNCATE TABLE COUNTRY;
SET FOREIGN_KEY_CHECKS = 1;


-- COUNTRY Data --
INSERT INTO COUNTRY (country_id, country_name, country_code) VALUES (1, 'Türkiye', 'TR');
INSERT INTO COUNTRY (country_id, country_name, country_code) VALUES (2, 'USA', 'US');
INSERT INTO COUNTRY (country_id, country_name, country_code) VALUES (3, 'UK', 'GB');
INSERT INTO COUNTRY (country_id, country_name, country_code) VALUES (4, 'Canada', 'CA');
INSERT INTO COUNTRY (country_id, country_name, country_code) VALUES (5, 'Germany', 'DE');
INSERT INTO COUNTRY (country_id, country_name, country_code) VALUES (6, 'France', 'FR');
INSERT INTO COUNTRY (country_id, country_name, country_code) VALUES (7, 'Japan', 'JP');
INSERT INTO COUNTRY (country_id, country_name, country_code) VALUES (8, 'South Korea', 'KR');
INSERT INTO COUNTRY (country_id, country_name, country_code) VALUES (9, 'Australia', 'AU');
INSERT INTO COUNTRY (country_id, country_name, country_code) VALUES (10, 'Brazil', 'BR');
INSERT INTO COUNTRY (country_id, country_name, country_code) VALUES (11, 'India', 'IN');
INSERT INTO COUNTRY (country_id, country_name, country_code) VALUES (12, 'Spain', 'ES');
INSERT INTO COUNTRY (country_id, country_name, country_code) VALUES (13, 'Italy', 'IT');
INSERT INTO COUNTRY (country_id, country_name, country_code) VALUES (14, 'Mexico', 'MX');
INSERT INTO COUNTRY (country_id, country_name, country_code) VALUES (15, 'Sweden', 'SE');
INSERT INTO COUNTRY (country_id, country_name, country_code) VALUES (16, 'Norway', 'NO');
INSERT INTO COUNTRY (country_id, country_name, country_code) VALUES (17, 'Argentina', 'AR');
INSERT INTO COUNTRY (country_id, country_name, country_code) VALUES (18, 'Egypt', 'EG');
INSERT INTO COUNTRY (country_id, country_name, country_code) VALUES (19, 'China', 'CN');
INSERT INTO COUNTRY (country_id, country_name, country_code) VALUES (20, 'Russia', 'RU');

-- USERS Data --
INSERT INTO USERS (user_id, country_id, age, name, username, email, password, date_joined, last_login, follower_num, subscription_type, top_genre, num_songs_liked, most_played_artist, image) VALUES (1, 14, 48, 'Doruk Ömer', 'doruk', 'orukmer1@example.com', '$2y$10$83SLgI0npQHmfYP7pDggJOsr/dhDZp24ARB7YTWBsv8gpGthN2ZvC', '2022-01-18', '2023-04-14', 49, 'Free', 'Country', 43, 'Emre Doruk', 'https://picsum.photos/id/85/100/100');
INSERT INTO USERS (user_id, country_id, age, name, username, email, password, date_joined, last_login, follower_num, subscription_type, top_genre, num_songs_liked, most_played_artist, image) VALUES (2, 8, 69, 'Sefa Gizem', 'sefa', 'efaizem2@example.com', '$2y$10$6QQC..Jm9V4ApExU5JimleB806Dhwqmz71ZgDLd7ffLQzrhSQH.z2', '2011-04-25', '2017-11-21', 555, 'Free', 'Country', 440, 'Yeliz Murat', 'https://picsum.photos/id/61/100/100');
INSERT INTO USERS (user_id, country_id, age, name, username, email, password, date_joined, last_login, follower_num, subscription_type, top_genre, num_songs_liked, most_played_artist, image) VALUES (3, 16, 26, 'Yasin Zeynep', 'yasin', 'asineynep3@example.com', '$2y$10$jLYLIeaeqCoaD7vOppwqdOLDoSg69/0znCthJlTarE3H1ppTXNysu', '2015-05-10', '2016-08-31', 149, 'Free', 'R&B', 371, 'Rüya Ömer', 'https://picsum.photos/id/58/100/100');
INSERT INTO USERS (user_id, country_id, age, name, username, email, password, date_joined, last_login, follower_num, subscription_type, top_genre, num_songs_liked, most_played_artist, image) VALUES (4, 5, 45, 'Tuba Mert', 'tuba', 'ubaert4@example.com', '$2y$10$gwLuaHuA3/hg0Ph7/OaDAe6mIKdRcyCOg6tkmG1EoiLjpEal/JMjC', '2020-02-29', '2022-08-28', 175, 'Premium', 'Hip Hop', 196, 'Sefa Onur', 'https://picsum.photos/id/5/100/100');
INSERT INTO USERS (user_id, country_id, age, name, username, email, password, date_joined, last_login, follower_num, subscription_type, top_genre, num_songs_liked, most_played_artist, image) VALUES (5, 4, 22, 'Burak Serkan', 'burak', 'urakerkan5@example.com', '$2y$10$n.jnkBysorTZ737xF8py/.LsrANig9NyXorHSgTTIHrEfbknAQbG6', '2013-05-30', '2024-04-04', 795, 'Premium', 'Folk', 126, 'Deniz Yasin', 'https://picsum.photos/id/67/100/100');
INSERT INTO USERS (user_id, country_id, age, name, username, email, password, date_joined, last_login, follower_num, subscription_type, top_genre, num_songs_liked, most_played_artist, image) VALUES (6, 20, 18, 'Merve Merve', 'merve', 'erveerve6@example.com', '$2y$10$F3zyzUAv9j8hz2nygd9VD.eHntVHTv9B2Gu0aZLM/.sWzJRMVxDDa', '2011-03-10', '2015-03-20', 225, 'Free', 'R&B', 11, 'Can Utku', 'https://picsum.photos/id/42/100/100');
INSERT INTO USERS (user_id, country_id, age, name, username, email, password, date_joined, last_login, follower_num, subscription_type, top_genre, num_songs_liked, most_played_artist, image) VALUES (7, 9, 65, 'Utku Bahar', 'utku', 'tkuahar7@example.com', '$2y$10$3gzGZ/xq/8k0SsqqjTYWdOJ36acs3SVh/KkKwJtge6YoPR7X.mewC', '2022-10-10', '2023-12-18', 665, 'Premium', 'Pop', 285, 'Emre Okan', 'https://picsum.photos/id/23/100/100');
INSERT INTO USERS (user_id, country_id, age, name, username, email, password, date_joined, last_login, follower_num, subscription_type, top_genre, num_songs_liked, most_played_artist, image) VALUES (8, 20, 68, 'Gizem Pelin', 'gizem', 'izemelin8@example.com', '$2y$10$tvFeSZM10N55XHBBr4Nb3uGxjzgG2W23ZrvbswG8d2izWU77TsmxK', '2015-10-09', '2019-04-11', 682, 'Premium', 'Folk', 200, 'Rüya Bahar', 'https://picsum.photos/id/4/100/100');
INSERT INTO USERS (user_id, country_id, age, name, username, email, password, date_joined, last_login, follower_num, subscription_type, top_genre, num_songs_liked, most_played_artist, image) VALUES (9, 6, 27, 'Tuba Utku', 'tuba1', 'ubatku9@example.com', '$2y$10$Z/9d1AP15qcL5hjcrT.D8uKkOypusfAh2utalgROjH8jPeGVjGDe2', '2022-03-15', '2023-09-22', 405, 'Free', 'Dance', 320, 'Zeki Volkan', 'https://picsum.photos/id/85/100/100');
INSERT INTO USERS (user_id, country_id, age, name, username, email, password, date_joined, last_login, follower_num, subscription_type, top_genre, num_songs_liked, most_played_artist, image) VALUES (10, 18, 33, 'Okan Sefa', 'okan', 'kanefa10@example.com', '$2y$10$979fIHyNvEaZECHgsamDzeZIykr7kitumXES069M7EZcN4foD1HvK', '2013-12-21', '2016-08-13', 829, 'Premium', 'Country', 199, 'Yeliz Murat', 'https://picsum.photos/id/54/100/100');
INSERT INTO USERS (user_id, country_id, age, name, username, email, password, date_joined, last_login, follower_num, subscription_type, top_genre, num_songs_liked, most_played_artist, image) VALUES (11, 15, 64, 'Ömer Okan', 'Ömer', 'merkan11@example.com', '$2y$10$1STtYSekYBig0X1g5XrM.e4p.vPHea/pO/Flhk0C/9Sxb4bHgIVJu', '2016-02-21', '2020-08-30', 895, 'Premium', 'Classical', 463, 'Deniz Yasin', 'https://picsum.photos/id/90/100/100');
INSERT INTO USERS (user_id, country_id, age, name, username, email, password, date_joined, last_login, follower_num, subscription_type, top_genre, num_songs_liked, most_played_artist, image) VALUES (12, 4, 38, 'Umut Doruk', 'umut', 'mutoruk12@example.com', '$2y$10$M1v8BH7J.BjO1ZNK4ZEUNuf9aaTC8AtiWk0o6XfrU2VkxYIPMrmJy', '2023-01-17', '2023-05-22', 616, 'Premium', 'Pop', 252, 'Rüya Kerem', 'https://picsum.photos/id/12/100/100');
INSERT INTO USERS (user_id, country_id, age, name, username, email, password, date_joined, last_login, follower_num, subscription_type, top_genre, num_songs_liked, most_played_artist, image) VALUES (13, 16, 26, 'Yasin Zeynep', 'yasin1', 'asineynep13@example.com', '$2y$10$ygH8v2S3ZWvdmswftneLy.RtTeFtjycoKJIDyG/uidRqIH8IhY6Qy', '2017-02-13', '2021-10-25', 264, 'Free', 'Folk', 403, 'Eda Elif', 'https://picsum.photos/id/29/100/100');
INSERT INTO USERS (user_id, country_id, age, name, username, email, password, date_joined, last_login, follower_num, subscription_type, top_genre, num_songs_liked, most_played_artist, image) VALUES (14, 4, 59, 'Burak Irem', 'burak1', 'urakrem14@example.com', '$2y$10$nkJ9nOip.zaBOcrM7jJoYeX/4NzayJc7U89d2XTiPyu/jV91iKNZi', '2011-03-24', '2020-11-20', 810, 'Premium', 'Electronic', 277, 'Emre Okan', 'https://picsum.photos/id/9/100/100');
INSERT INTO USERS (user_id, country_id, age, name, username, email, password, date_joined, last_login, follower_num, subscription_type, top_genre, num_songs_liked, most_played_artist, image) VALUES (15, 20, 42, 'Bahar Ayşen', 'bahar', 'aharyen15@example.com', '$2y$10$rUdSMtxBPzwHJJicLOgDe.UTL66BFFHXs/2EmOmNK5T1TRbx/DyGq', '2014-09-16', '2020-06-11', 106, 'Premium', 'Reggae', 322, 'Doruk Rüya', 'https://picsum.photos/id/69/100/100');
INSERT INTO USERS (user_id, country_id, age, name, username, email, password, date_joined, last_login, follower_num, subscription_type, top_genre, num_songs_liked, most_played_artist, image) VALUES (16, 14, 28, 'Can Merve', 'can', 'anerve16@example.com', '$2y$10$Dl.ukX2yODukOpAn.4ZaC.ReoJNk9DUw5nM7EFLd79IwtSkD2FpCC', '2023-06-02', '2023-06-27', 172, 'Free', 'Reggae', 288, 'Elif Pinar', 'https://picsum.photos/id/28/100/100');
INSERT INTO USERS (user_id, country_id, age, name, username, email, password, date_joined, last_login, follower_num, subscription_type, top_genre, num_songs_liked, most_played_artist, image) VALUES (17, 15, 45, 'Emre Can', 'emre', 'mrean17@example.com', '$2y$10$vCy05Iq4MJxWEOsHEQ7Rzu4ZZdGnuDt7QYbQmLJz3SdqIByZL4DJG', '2013-04-01', '2014-02-26', 265, 'Free', 'Electronic', 188, 'Emre Mert', 'https://picsum.photos/id/24/100/100');
INSERT INTO USERS (user_id, country_id, age, name, username, email, password, date_joined, last_login, follower_num, subscription_type, top_genre, num_songs_liked, most_played_artist, image) VALUES (18, 3, 64, 'Irem Okan', 'irem', 'remkan18@example.com', '$2y$10$mPhZhV0K6CyUYotcB9Tu3Oj4mshmlUGscUuKLoy3Vslrq8eVZ9pam', '2015-12-01', '2017-03-11', 70, 'Free', 'Alternative', 288, 'Serkan Nisa', 'https://picsum.photos/id/1/100/100');
INSERT INTO USERS (user_id, country_id, age, name, username, email, password, date_joined, last_login, follower_num, subscription_type, top_genre, num_songs_liked, most_played_artist, image) VALUES (19, 2, 47, 'Irem Bahar', 'irem1', 'remahar19@example.com', '$2y$10$kXBOr5ijn24g4e4vGCl7W.zL4g860SE7wUwOhwAMxGocR7BqmUDHy', '2021-01-31', '2024-01-18', 639, 'Premium', 'Blues', 4, 'Yağmur Ceren', 'https://picsum.photos/id/3/100/100');
INSERT INTO USERS (user_id, country_id, age, name, username, email, password, date_joined, last_login, follower_num, subscription_type, top_genre, num_songs_liked, most_played_artist, image) VALUES (20, 18, 66, 'Pelin Umut', 'pelin', 'elinmut20@example.com', '$2y$10$HMH.nz4zxc2E228wnfcFKuCE3vWFI.PVFLhIP2f5Nmk1XvY.d97xO', '2017-03-13', '2021-09-16', 776, 'Free', 'R&B', 253, 'Nisa Sefa', 'https://picsum.photos/id/43/100/100');
INSERT INTO USERS (user_id, country_id, age, name, username, email, password, date_joined, last_login, follower_num, subscription_type, top_genre, num_songs_liked, most_played_artist, image) VALUES (21, 18, 38, 'Vildan Gizem', 'vildan', 'ildanizem21@example.com', '$2y$10$gq6QFra7Kh1mI3giUuNmj.HlyGnBXxftVtsTHFEMrieYMrO7M1Rry', '2022-10-11', '2022-10-20', 937, 'Premium', 'Classical', 252, 'Zeki Yasin', 'https://picsum.photos/id/41/100/100');
INSERT INTO USERS (user_id, country_id, age, name, username, email, password, date_joined, last_login, follower_num, subscription_type, top_genre, num_songs_liked, most_played_artist, image) VALUES (22, 13, 44, 'Koray Emre', 'koray', 'oraymre22@example.com', '$2y$10$ayBBuHyspcwQLnnImer5ZehmRizTJ.aA7g6gCqspX5Fnn63VfVbhy', '2014-04-09', '2023-04-01', 306, 'Free', 'Dance', 407, 'Volkan Tuba', 'https://picsum.photos/id/36/100/100');
INSERT INTO USERS (user_id, country_id, age, name, username, email, password, date_joined, last_login, follower_num, subscription_type, top_genre, num_songs_liked, most_played_artist, image) VALUES (23, 14, 24, 'Yağmur Utku', 'yağmur', 'amurtku23@example.com', '$2y$10$ZCOKFLEYfTjhxjyrRpLljeS2dC6KpkXENEq50i59ON1VRIZpo.FsO', '2011-05-15', '2016-05-14', 935, 'Free', 'Reggae', 378, 'Ceren Tuba', 'https://picsum.photos/id/23/100/100');
INSERT INTO USERS (user_id, country_id, age, name, username, email, password, date_joined, last_login, follower_num, subscription_type, top_genre, num_songs_liked, most_played_artist, image) VALUES (24, 12, 66, 'Zeki Koray', 'zeki', 'ekioray24@example.com', '$2y$10$bqBMzlEfGgzTkhTrZ0LMwutiR.yhzKYPpM793xdz/JF0E3VfM0UDi', '2016-10-12', '2018-04-12', 872, 'Premium', 'Rock', 432, 'Koray Yağmur', 'https://picsum.photos/id/81/100/100');
INSERT INTO USERS (user_id, country_id, age, name, username, email, password, date_joined, last_login, follower_num, subscription_type, top_genre, num_songs_liked, most_played_artist, image) VALUES (25, 18, 57, 'Yeliz Doruk', 'yeliz', 'elizoruk25@example.com', '$2y$10$nR0C.OBYgaeZGMPEp7G1PeePGm0jCwlxBeo7nTvcqPA5vm/y.91vG', '2023-10-06', '2024-04-01', 482, 'Free', 'Dance', 55, 'Okan Lale', 'https://picsum.photos/id/40/100/100');
INSERT INTO USERS (user_id, country_id, age, name, username, email, password, date_joined, last_login, follower_num, subscription_type, top_genre, num_songs_liked, most_played_artist, image) VALUES (26, 1, 65, 'Okan Mert', 'okan1', 'kanert26@example.com', '$2y$10$OYqTEUTyRThgUPE3K1eWLOE1W.8tefY8KRH27mXHKuyFWGL8B1gTW', '2013-10-02', '2023-08-05', 381, 'Premium', 'Jazz', 102, 'Volkan Sefa', 'https://picsum.photos/id/64/100/100');
INSERT INTO USERS (user_id, country_id, age, name, username, email, password, date_joined, last_login, follower_num, subscription_type, top_genre, num_songs_liked, most_played_artist, image) VALUES (27, 5, 55, 'Rüya Yağmur', 'rüya', 'yaamur27@example.com', '$2y$10$llfLTwJSSy3rshkjPgxP2un4P3bL29geQyyTYZg8fD4j.ZT2cwknq', '2015-04-14', '2023-10-26', 52, 'Premium', 'Folk', 39, 'Bahar Burak', 'https://picsum.photos/id/62/100/100');
INSERT INTO USERS (user_id, country_id, age, name, username, email, password, date_joined, last_login, follower_num, subscription_type, top_genre, num_songs_liked, most_played_artist, image) VALUES (28, 10, 68, 'Irem Burak', 'irem2', 'remurak28@example.com', '$2y$10$qlXiiLgcDEtmadsrljQ7O.HFmd3iiGHGrLCwrteKcK41gmvV9JHVS', '2016-01-10', '2023-02-03', 98, 'Free', 'Folk', 110, 'Ayşen Mert', 'https://picsum.photos/id/89/100/100');
INSERT INTO USERS (user_id, country_id, age, name, username, email, password, date_joined, last_login, follower_num, subscription_type, top_genre, num_songs_liked, most_played_artist, image) VALUES (29, 15, 63, 'Emre Ömer', 'emre1', 'mremer29@example.com', '$2y$10$OGzKfA.tfxmX2xzymY6ZvOmS9B9ceFrUfN.4ank70.6Hc0dtp1PxO', '2021-03-29', '2022-12-13', 375, 'Free', 'Indie', 137, 'Yağmur Elif', 'https://picsum.photos/id/71/100/100');
INSERT INTO USERS (user_id, country_id, age, name, username, email, password, date_joined, last_login, follower_num, subscription_type, top_genre, num_songs_liked, most_played_artist, image) VALUES (30, 16, 23, 'Mert Murat', 'mert', 'erturat30@example.com', '$2y$10$yzMIc46cuAa./U84N9woo.8qhbwih/PMLl90rMXF1C/WxIhxKEWz2', '2015-02-06', '2020-01-09', 55, 'Free', 'Blues', 317, 'Lale Senem', 'https://picsum.photos/id/81/100/100');
INSERT INTO USERS (user_id, country_id, age, name, username, email, password, date_joined, last_login, follower_num, subscription_type, top_genre, num_songs_liked, most_played_artist, image) VALUES (31, 15, 33, 'Can Vildan', 'can1', 'anildan31@example.com', '$2y$10$EXmUnbx1GQ0Cf/vu5rIF.OzNMPwhgv5zYonCBxsIgPvNvWJ6/vKUW', '2010-02-10', '2016-10-30', 416, 'Free', 'Classical', 258, 'Tuba Ömer', 'https://picsum.photos/id/9/100/100');
INSERT INTO USERS (user_id, country_id, age, name, username, email, password, date_joined, last_login, follower_num, subscription_type, top_genre, num_songs_liked, most_played_artist, image) VALUES (32, 8, 23, 'Eda Yasin', 'eda', 'daasin32@example.com', '$2y$10$CghOT0PZagf8RbcWPwtOdO9Ew3FYXrYJP8WzS9eMTk.yvFh5xtiAy', '2021-10-02', '2023-04-06', 850, 'Premium', 'Folk', 319, 'Irem Pelin', 'https://picsum.photos/id/6/100/100');
INSERT INTO USERS (user_id, country_id, age, name, username, email, password, date_joined, last_login, follower_num, subscription_type, top_genre, num_songs_liked, most_played_artist, image) VALUES (33, 11, 19, 'Rüya Can', 'rüya1', 'yaan33@example.com', '$2y$10$BPpZzFILn2uobmBnolOLiu6E.mX0YnRHuSAF8QZHJE9WrQkx3Aw9i', '2021-08-12', '2022-02-24', 30, 'Free', 'Dance', 222, 'Umut Pelin', 'https://picsum.photos/id/88/100/100');
INSERT INTO USERS (user_id, country_id, age, name, username, email, password, date_joined, last_login, follower_num, subscription_type, top_genre, num_songs_liked, most_played_artist, image) VALUES (34, 14, 58, 'Koray Emre', 'koray1', 'oraymre34@example.com', '$2y$10$cuBl99Xr3j5NJRhWYLhXi.eqKFUdFJ6cah2imtm1L/QHogNtktH.m', '2014-08-16', '2023-01-28', 701, 'Premium', 'Electronic', 275, 'Yasin Ömer', 'https://picsum.photos/id/94/100/100');
INSERT INTO USERS (user_id, country_id, age, name, username, email, password, date_joined, last_login, follower_num, subscription_type, top_genre, num_songs_liked, most_played_artist, image) VALUES (35, 16, 70, 'Burak Can', 'burak2', 'urakan35@example.com', '$2y$10$IDpM28la7jHRQAqBG2AUoub8AB3Arbo.7WOpoCv33oyysAxeK5VDW', '2022-05-08', '2022-07-03', 669, 'Free', 'Electronic', 242, 'Gizem Pinar', 'https://picsum.photos/id/22/100/100');
INSERT INTO USERS (user_id, country_id, age, name, username, email, password, date_joined, last_login, follower_num, subscription_type, top_genre, num_songs_liked, most_played_artist, image) VALUES (36, 14, 31, 'Nisa Kerem', 'nisa', 'isaerem36@example.com', '$2y$10$OukH14xWKnnscz4520W.D.80l4Vg0XKe.yhUUMyGeKh5xDlftch/y', '2011-12-26', '2018-10-04', 273, 'Free', 'Electronic', 353, 'Bahar Can', 'https://picsum.photos/id/82/100/100');
INSERT INTO USERS (user_id, country_id, age, name, username, email, password, date_joined, last_login, follower_num, subscription_type, top_genre, num_songs_liked, most_played_artist, image) VALUES (37, 4, 24, 'Pinar Vildan', 'pinar', 'inarildan37@example.com', '$2y$10$UPdUlvN7hqR981zAWtXzVuBgGYCkNGKOLQosrRqxvzYICiWnBmvWW', '2013-01-09', '2016-12-19', 514, 'Free', 'Blues', 199, 'Yağmur Elif', 'https://picsum.photos/id/35/100/100');
INSERT INTO USERS (user_id, country_id, age, name, username, email, password, date_joined, last_login, follower_num, subscription_type, top_genre, num_songs_liked, most_played_artist, image) VALUES (38, 17, 66, 'Doruk Can', 'doruk1', 'orukan38@example.com', '$2y$10$xZNKbVFvHswU4Jl1nEppnuoZyi26cvymuxl5B.2GqFmWtkfbw6Zra', '2022-02-22', '2023-06-22', 111, 'Free', 'Country', 323, 'Bahar Tugçe', 'https://picsum.photos/id/79/100/100');
INSERT INTO USERS (user_id, country_id, age, name, username, email, password, date_joined, last_login, follower_num, subscription_type, top_genre, num_songs_liked, most_played_artist, image) VALUES (39, 8, 28, 'Nisa Kerem', 'nisa1', 'isaerem39@example.com', '$2y$10$sMCzdc47obM14PqJ7vLCn.lgCmoOKwS5tIS4dakvPB7xMELgnw2q2', '2016-05-22', '2018-01-18', 305, 'Premium', 'Classical', 423, 'Rüya Bahar', 'https://picsum.photos/id/25/100/100');
INSERT INTO USERS (user_id, country_id, age, name, username, email, password, date_joined, last_login, follower_num, subscription_type, top_genre, num_songs_liked, most_played_artist, image) VALUES (40, 14, 30, 'Ayşen Lale', 'ayşen', 'yenale40@example.com', '$2y$10$42cxKERx1t7aQfCykVZFN.vND7563DTbXZVDWoTt4vxMTMHGoN82q', '2010-06-25', '2012-03-22', 231, 'Free', 'Blues', 44, 'Zeki Yasin', 'https://picsum.photos/id/9/100/100');
INSERT INTO USERS (user_id, country_id, age, name, username, email, password, date_joined, last_login, follower_num, subscription_type, top_genre, num_songs_liked, most_played_artist, image) VALUES (41, 12, 51, 'Doruk Koray', 'doruk2', 'orukoray41@example.com', '$2y$10$Y69iCyDj/ajUuZLHq1ih.euMW/n2fflF/tBR1OquArcrthzt7Urya', '2015-12-27', '2018-08-22', 243, 'Free', 'Alternative', 407, 'Yasin Ömer', 'https://picsum.photos/id/98/100/100');
INSERT INTO USERS (user_id, country_id, age, name, username, email, password, date_joined, last_login, follower_num, subscription_type, top_genre, num_songs_liked, most_played_artist, image) VALUES (42, 16, 55, 'Zeynep Ayşen', 'zeynep', 'eynepyen42@example.com', '$2y$10$m.qekL5hBQkR.XoNl3FqguoIxuSrFFSCVJAURKxJediy.eXcFz49i', '2022-01-19', '2023-10-28', 146, 'Free', 'R&B', 389, 'Sefa Emre', 'https://picsum.photos/id/30/100/100');
INSERT INTO USERS (user_id, country_id, age, name, username, email, password, date_joined, last_login, follower_num, subscription_type, top_genre, num_songs_liked, most_played_artist, image) VALUES (43, 18, 29, 'Serkan Tugçe', 'serkan', 'erkanuge43@example.com', '$2y$10$Zzd23/pxkB5yRuHpHch9Welp3NxOUMAtdCBYrBYyH9SX6f8u3Ly0G', '2020-10-22', '2024-04-22', 136, 'Free', 'Classical', 93, 'Utku Tugçe', 'https://picsum.photos/id/52/100/100');
INSERT INTO USERS (user_id, country_id, age, name, username, email, password, date_joined, last_login, follower_num, subscription_type, top_genre, num_songs_liked, most_played_artist, image) VALUES (44, 17, 43, 'Pelin Can', 'pelin1', 'elinan44@example.com', '$2y$10$MIjv4rZ.sKzaYJieSN0siuaEuYaCyJ/PVUQVGG2F1QSFR/lQWPua6', '2023-05-30', '2024-02-04', 177, 'Free', 'Alternative', 471, 'Tuba Mert', 'https://picsum.photos/id/88/100/100');
INSERT INTO USERS (user_id, country_id, age, name, username, email, password, date_joined, last_login, follower_num, subscription_type, top_genre, num_songs_liked, most_played_artist, image) VALUES (45, 15, 68, 'Utku Umut', 'utku1', 'tkumut45@example.com', '$2y$10$0JiLJY/pH.QoZaeO8c5u9ufyOtACM7Dagjnk5rJn66wrhh5VhJn46', '2011-12-07', '2014-01-03', 748, 'Premium', 'Jazz', 257, 'Merve Koray', 'https://picsum.photos/id/11/100/100');
INSERT INTO USERS (user_id, country_id, age, name, username, email, password, date_joined, last_login, follower_num, subscription_type, top_genre, num_songs_liked, most_played_artist, image) VALUES (46, 10, 39, 'Pinar Bahar', 'pinar1', 'inarahar46@example.com', '$2y$10$s3kBaU5HcXLwVDN2YazUiuCIbx1l25.k7.cYGhfg3ygsOli6Cjevq', '2011-01-09', '2020-02-19', 930, 'Premium', 'Folk', 165, 'Merve Utku', 'https://picsum.photos/id/33/100/100');
INSERT INTO USERS (user_id, country_id, age, name, username, email, password, date_joined, last_login, follower_num, subscription_type, top_genre, num_songs_liked, most_played_artist, image) VALUES (47, 4, 26, 'Yasin Kaan', 'yasin2', 'asinaan47@example.com', '$2y$10$u4d4vwSmJTiijJkQqwUDGuBCFGBJXA68LTJ2svCkFH5QZBsDgUGNK', '2010-07-23', '2017-09-23', 124, 'Free', 'R&B', 387, 'Zeynep Bahar', 'https://picsum.photos/id/83/100/100');
INSERT INTO USERS (user_id, country_id, age, name, username, email, password, date_joined, last_login, follower_num, subscription_type, top_genre, num_songs_liked, most_played_artist, image) VALUES (48, 1, 63, 'Irem Zeynep', 'irem3', 'remeynep48@example.com', '$2y$10$Et1CCpSbKGbtZaz/VBixfOF/WWOpP/.umyZGfPNgUTEdJZR932ov6', '2023-12-28', '2024-02-06', 266, 'Premium', 'Classical', 334, 'Emre Okan', 'https://picsum.photos/id/18/100/100');
INSERT INTO USERS (user_id, country_id, age, name, username, email, password, date_joined, last_login, follower_num, subscription_type, top_genre, num_songs_liked, most_played_artist, image) VALUES (49, 17, 46, 'Nisa Kerem', 'nisa2', 'isaerem49@example.com', '$2y$10$Z6mljC/KpjtAkdjuJ74MSO7Z2Gel2O4aKnhfb0tGvUAphSyoqCqdW', '2016-01-06', '2023-03-16', 961, 'Premium', 'Classical', 492, 'Zeki Umut', 'https://picsum.photos/id/100/100/100');
INSERT INTO USERS (user_id, country_id, age, name, username, email, password, date_joined, last_login, follower_num, subscription_type, top_genre, num_songs_liked, most_played_artist, image) VALUES (50, 14, 62, 'Kaan Koray', 'kaan', 'aanoray50@example.com', '$2y$10$pe886gL3HL4V.OFYID9RRuzfrvsQLvSMy0op2P1264hYdFnOnFfnG', '2018-06-20', '2023-04-01', 265, 'Free', 'Pop', 316, 'Zeki Yasin', 'https://picsum.photos/id/30/100/100');
INSERT INTO USERS (user_id, country_id, age, name, username, email, password, date_joined, last_login, follower_num, subscription_type, top_genre, num_songs_liked, most_played_artist, image) VALUES (51, 5, 58, 'Ayşen Serkan', 'ayşen1', 'yenerkan51@example.com', '$2y$10$uJk8yHesMtQcmXCO4qXK1eKWELK7ndkOjMq/hmKDXJsEYkrx3u05y', '2019-12-05', '2024-02-04', 258, 'Free', 'Dance', 286, 'Emre Bahar', 'https://picsum.photos/id/13/100/100');
INSERT INTO USERS (user_id, country_id, age, name, username, email, password, date_joined, last_login, follower_num, subscription_type, top_genre, num_songs_liked, most_played_artist, image) VALUES (52, 14, 67, 'Kerem Bahar', 'kerem', 'eremahar52@example.com', '$2y$10$uvSh/ip3mUSLw0OA3iOAq.GfZBGsLI7N8hkkAJ2K0esWnCcTaoKme', '2018-08-03', '2022-03-19', 799, 'Premium', 'Dance', 283, 'Lale Onur', 'https://picsum.photos/id/19/100/100');
INSERT INTO USERS (user_id, country_id, age, name, username, email, password, date_joined, last_login, follower_num, subscription_type, top_genre, num_songs_liked, most_played_artist, image) VALUES (53, 6, 39, 'Yasin Serkan', 'yasin3', 'asinerkan53@example.com', '$2y$10$awTlOZ43PEkb4lAG6pbTm.Ocy/Ma3XpNgBbSoY3jqwJ1XdM/HWiKm', '2018-04-04', '2019-08-09', 455, 'Free', 'Country', 138, 'Tuba Ömer', 'https://picsum.photos/id/30/100/100');
INSERT INTO USERS (user_id, country_id, age, name, username, email, password, date_joined, last_login, follower_num, subscription_type, top_genre, num_songs_liked, most_played_artist, image) VALUES (54, 5, 40, 'Can Umut', 'can2', 'anmut54@example.com', '$2y$10$lVMSCAV32/O8zTaPkJAR3.bHOA0eJekCLCoY1PQNDD7./MzQHXf8i', '2016-09-03', '2019-04-24', 515, 'Premium', 'Alternative', 80, 'Gizem Pinar', 'https://picsum.photos/id/72/100/100');
INSERT INTO USERS (user_id, country_id, age, name, username, email, password, date_joined, last_login, follower_num, subscription_type, top_genre, num_songs_liked, most_played_artist, image) VALUES (55, 20, 44, 'Yağmur Merve', 'yağmur1', 'amurerve55@example.com', '$2y$10$viylyc9re/FckRwiQTjRLuej1acMnk0dlBgIV4C6sCx87j5G6C4Xu', '2012-12-29', '2021-07-23', 769, 'Free', 'Hip Hop', 6, 'Zeki Nisa', 'https://picsum.photos/id/80/100/100');
INSERT INTO USERS (user_id, country_id, age, name, username, email, password, date_joined, last_login, follower_num, subscription_type, top_genre, num_songs_liked, most_played_artist, image) VALUES (56, 15, 28, 'Zeynep Ceren', 'zeynep1', 'eyneperen56@example.com', '$2y$10$zM.jOKUNBl7koWj.84slHOilCKTo.P6qMJSq/fFVSOVzKkcfABn8u', '2022-12-14', '2023-07-19', 199, 'Premium', 'Dance', 214, 'Eda Eda', 'https://picsum.photos/id/27/100/100');
INSERT INTO USERS (user_id, country_id, age, name, username, email, password, date_joined, last_login, follower_num, subscription_type, top_genre, num_songs_liked, most_played_artist, image) VALUES (57, 14, 31, 'Lale Can', 'lale', 'alean57@example.com', '$2y$10$iWZjvCX.khBMmEYML9OhQO6S.IIpecQEnbwLvkyJ/GF7TQVOSKZF6', '2010-12-13', '2016-05-22', 844, 'Free', 'Jazz', 167, 'Volkan Tuba', 'https://picsum.photos/id/90/100/100');
INSERT INTO USERS (user_id, country_id, age, name, username, email, password, date_joined, last_login, follower_num, subscription_type, top_genre, num_songs_liked, most_played_artist, image) VALUES (58, 2, 34, 'Rüya Yeliz', 'rüya2', 'yaeliz58@example.com', '$2y$10$1a7qK47JpkuR9GR30Ht7iO1.2fII6uf4MWMnEtH2/Hvt0d8J8/lQm', '2014-11-24', '2017-08-26', 514, 'Free', 'R&B', 58, 'Yasin Ömer', 'https://picsum.photos/id/40/100/100');
INSERT INTO USERS (user_id, country_id, age, name, username, email, password, date_joined, last_login, follower_num, subscription_type, top_genre, num_songs_liked, most_played_artist, image) VALUES (59, 7, 70, 'Vildan Koray', 'vildan1', 'ildanoray59@example.com', '$2y$10$fWCErUFK1erwojjRjUlOde/bP8w/woki0lYRo0pyMUf.anV3pwo5K', '2018-11-06', '2023-08-18', 200, 'Free', 'R&B', 225, 'Tuba Koray', 'https://picsum.photos/id/24/100/100');
INSERT INTO USERS (user_id, country_id, age, name, username, email, password, date_joined, last_login, follower_num, subscription_type, top_genre, num_songs_liked, most_played_artist, image) VALUES (60, 4, 66, 'Pelin Bahar', 'pelin2', 'elinahar60@example.com', '$2y$10$m/ma.dY/ugjAI4yc89jZ6eYOtovbw.UKpcSvCr5ZctzUssnypo0OC', '2014-02-15', '2017-10-29', 355, 'Free', 'Classical', 153, 'Vildan Elif', 'https://picsum.photos/id/61/100/100');
INSERT INTO USERS (user_id, country_id, age, name, username, email, password, date_joined, last_login, follower_num, subscription_type, top_genre, num_songs_liked, most_played_artist, image) VALUES (61, 14, 50, 'Zeynep Okan', 'zeynep2', 'eynepkan61@example.com', '$2y$10$nW2YPlo3kmqPzcyCswJEz.cUO5IwB2mHAiliaY5JcY0CgSEj3KO1K', '2017-01-19', '2023-06-07', 930, 'Free', 'Folk', 267, 'Pelin Gizem', 'https://picsum.photos/id/73/100/100');
INSERT INTO USERS (user_id, country_id, age, name, username, email, password, date_joined, last_login, follower_num, subscription_type, top_genre, num_songs_liked, most_played_artist, image) VALUES (62, 17, 53, 'Pinar Pelin', 'pinar2', 'inarelin62@example.com', '$2y$10$GFkAAoX9ChHlqaLtZo2weOGzdcSOq0AEAlz3TAHNnhMGgYEGZYH6e', '2016-08-04', '2017-01-02', 334, 'Premium', 'Indie', 279, 'Rüya Serkan', 'https://picsum.photos/id/94/100/100');
INSERT INTO USERS (user_id, country_id, age, name, username, email, password, date_joined, last_login, follower_num, subscription_type, top_genre, num_songs_liked, most_played_artist, image) VALUES (63, 8, 31, 'Emre Volkan', 'emre2', 'mreolkan63@example.com', '$2y$10$mTdD3a39pR39Bt06L1z54ekberw1PDiq.zC5Ikxm2uy3pCWOGZdt6', '2018-10-19', '2020-12-11', 757, 'Premium', 'Folk', 220, 'Onur Yağmur', 'https://picsum.photos/id/89/100/100');
INSERT INTO USERS (user_id, country_id, age, name, username, email, password, date_joined, last_login, follower_num, subscription_type, top_genre, num_songs_liked, most_played_artist, image) VALUES (64, 14, 46, 'Deniz Nisa', 'deniz', 'enizisa64@example.com', '$2y$10$KclFq.NupKKigASQQack.ufB.52bPN7yUUd18UN3HzCK7y3zIjjGi', '2010-08-16', '2022-08-18', 610, 'Premium', 'Pop', 361, 'Rüya Bahar', 'https://picsum.photos/id/65/100/100');
INSERT INTO USERS (user_id, country_id, age, name, username, email, password, date_joined, last_login, follower_num, subscription_type, top_genre, num_songs_liked, most_played_artist, image) VALUES (65, 16, 67, 'Umut Yasin', 'umut1', 'mutasin65@example.com', '$2y$10$Bn4dIC8mOvfN9t9aAHF92OcvvqVCHM7egpGQIyrMphWKT9IAvZ686', '2016-04-08', '2021-08-23', 51, 'Free', 'Jazz', 66, 'Bahar Tugçe', 'https://picsum.photos/id/21/100/100');
INSERT INTO USERS (user_id, country_id, age, name, username, email, password, date_joined, last_login, follower_num, subscription_type, top_genre, num_songs_liked, most_played_artist, image) VALUES (66, 8, 30, 'Murat Can', 'murat', 'uratan66@example.com', '$2y$10$.caxNpZBQ4kE1IR2CcJGFOFPDPVhJzTIiV6SZAjVCEGfpAjtJQL96', '2011-11-10', '2013-02-05', 34, 'Free', 'Indie', 11, 'Onur Emre', 'https://picsum.photos/id/99/100/100');
INSERT INTO USERS (user_id, country_id, age, name, username, email, password, date_joined, last_login, follower_num, subscription_type, top_genre, num_songs_liked, most_played_artist, image) VALUES (67, 13, 27, 'Nisa Kerem', 'nisa3', 'isaerem67@example.com', '$2y$10$lB0Cw4ZdA7JZR.HPcc6pBu8tMUsiD/reCKcNiDDEWLtYkzzp/GbLi', '2011-05-07', '2014-05-06', 584, 'Free', 'Indie', 403, 'Volkan Sefa', 'https://picsum.photos/id/1/100/100');
INSERT INTO USERS (user_id, country_id, age, name, username, email, password, date_joined, last_login, follower_num, subscription_type, top_genre, num_songs_liked, most_played_artist, image) VALUES (68, 17, 62, 'Sefa Yasin', 'sefa1', 'efaasin68@example.com', '$2y$10$aV842QG3fIrSzY09sud1BexgPTbziYufBmjq/mLfBPv4T78aqJ3PC', '2023-04-01', '2024-01-01', 918, 'Premium', 'Indie', 266, 'Yağmur Ceren', 'https://picsum.photos/id/96/100/100');
INSERT INTO USERS (user_id, country_id, age, name, username, email, password, date_joined, last_login, follower_num, subscription_type, top_genre, num_songs_liked, most_played_artist, image) VALUES (69, 12, 50, 'Tugçe Senem', 'tugçe', 'ugeenem69@example.com', '$2y$10$ulfNrZ3Oksh016nI13.B4.Lm94sH.ZP7041SSiCZpu83ZkLeJnuym', '2020-07-06', '2022-09-05', 424, 'Free', 'Hip Hop', 378, 'Vildan Elif', 'https://picsum.photos/id/47/100/100');
INSERT INTO USERS (user_id, country_id, age, name, username, email, password, date_joined, last_login, follower_num, subscription_type, top_genre, num_songs_liked, most_played_artist, image) VALUES (70, 16, 66, 'Gizem Irem', 'gizem1', 'izemrem70@example.com', '$2y$10$YBKvGDJpKyzNMTN2NBbjmuy4Dk/rN4NgJYlUc1P14FljamF6k9MSq', '2012-10-27', '2021-06-15', 823, 'Free', 'Electronic', 344, 'Bahar Can', 'https://picsum.photos/id/42/100/100');
INSERT INTO USERS (user_id, country_id, age, name, username, email, password, date_joined, last_login, follower_num, subscription_type, top_genre, num_songs_liked, most_played_artist, image) VALUES (71, 1, 33, 'Eda Zeynep', 'eda1', 'daeynep71@example.com', '$2y$10$xdaQf0l1bE8RxNenqd/Eb.Olp9.8vio9bKINU9ywDwbVA15hmu.Um', '2020-09-03', '2022-03-12', 962, 'Free', 'Reggae', 352, 'Murat Mert', 'https://picsum.photos/id/77/100/100');
INSERT INTO USERS (user_id, country_id, age, name, username, email, password, date_joined, last_login, follower_num, subscription_type, top_genre, num_songs_liked, most_played_artist, image) VALUES (72, 2, 34, 'Kaan Can', 'kaan1', 'aanan72@example.com', '$2y$10$f.C.pE6d.3h25ugGSrWLPeCEJ7ZBhUnq1nzmQ/yrwSzE1DCfxYqfS', '2012-01-25', '2018-01-21', 532, 'Free', 'R&B', 346, 'Serkan Kerem', 'https://picsum.photos/id/16/100/100');
INSERT INTO USERS (user_id, country_id, age, name, username, email, password, date_joined, last_login, follower_num, subscription_type, top_genre, num_songs_liked, most_played_artist, image) VALUES (73, 15, 53, 'Ayşen Senem', 'ayşen2', 'yenenem73@example.com', '$2y$10$m/Zz2W.W8zjXssIucgf4EO9byAyApEWlV2RgyCr45vpK8evNj68Ae', '2010-04-03', '2023-07-16', 368, 'Free', 'Classical', 413, 'Eda Eda', 'https://picsum.photos/id/35/100/100');
INSERT INTO USERS (user_id, country_id, age, name, username, email, password, date_joined, last_login, follower_num, subscription_type, top_genre, num_songs_liked, most_played_artist, image) VALUES (74, 20, 38, 'Utku Gizem', 'utku2', 'tkuizem74@example.com', '$2y$10$fK3DHifcBvIt2h8Ic6DJkeRQAZykXpxAdSeMUoHEW2pGqTC.xwMoy', '2010-11-29', '2011-06-22', 525, 'Premium', 'Reggae', 118, 'Nisa Sefa', 'https://picsum.photos/id/82/100/100');
INSERT INTO USERS (user_id, country_id, age, name, username, email, password, date_joined, last_login, follower_num, subscription_type, top_genre, num_songs_liked, most_played_artist, image) VALUES (75, 7, 46, 'Eda Okan', 'eda2', 'dakan75@example.com', '$2y$10$cxxDNddstC5Z31A065Yh2uk29COWHkIQ8hjYH8sA4QtufNknkDeTq', '2016-12-01', '2022-02-03', 466, 'Premium', 'Indie', 493, 'Merve Nisa', 'https://picsum.photos/id/73/100/100');
INSERT INTO USERS (user_id, country_id, age, name, username, email, password, date_joined, last_login, follower_num, subscription_type, top_genre, num_songs_liked, most_played_artist, image) VALUES (76, 9, 20, 'Gizem Burak', 'gizem2', 'izemurak76@example.com', '$2y$10$5E3Jtvkk58/hNQu9LSG0c.OxHm4nO39Wq9/DuOiumt7CUsyL0tvL.', '2022-03-15', '2022-09-27', 115, 'Free', 'Blues', 477, 'Serkan Kerem', 'https://picsum.photos/id/42/100/100');
INSERT INTO USERS (user_id, country_id, age, name, username, email, password, date_joined, last_login, follower_num, subscription_type, top_genre, num_songs_liked, most_played_artist, image) VALUES (77, 12, 18, 'Zeki Murat', 'zeki1', 'ekiurat77@example.com', '$2y$10$lttXPoYkqBGIY1gJeGQ4Wehg4doYbb0DembytLYSJj/60EOjhT0US', '2022-07-22', '2024-04-30', 880, 'Free', 'Jazz', 282, 'Eda Eda', 'https://picsum.photos/id/64/100/100');
INSERT INTO USERS (user_id, country_id, age, name, username, email, password, date_joined, last_login, follower_num, subscription_type, top_genre, num_songs_liked, most_played_artist, image) VALUES (78, 9, 65, 'Bahar Yağmur', 'bahar1', 'aharamur78@example.com', '$2y$10$ttW5hJLj.WU.OEpqFrjMReqrdYKhi7NId2ul0QUMZroQ.poAB0K9y', '2015-02-01', '2019-11-06', 545, 'Free', 'R&B', 320, 'Yeliz Murat', 'https://picsum.photos/id/6/100/100');
INSERT INTO USERS (user_id, country_id, age, name, username, email, password, date_joined, last_login, follower_num, subscription_type, top_genre, num_songs_liked, most_played_artist, image) VALUES (79, 1, 33, 'Serkan Eda', 'serkan1', 'erkanda79@example.com', '$2y$10$5OwQOXTnuRPuxbx6gPp.muvqM6K0AkWB81YjgidtOMNuIi14edzsS', '2010-12-19', '2019-11-17', 741, 'Premium', 'Metal', 428, 'Ceren Tuba', 'https://picsum.photos/id/33/100/100');
INSERT INTO USERS (user_id, country_id, age, name, username, email, password, date_joined, last_login, follower_num, subscription_type, top_genre, num_songs_liked, most_played_artist, image) VALUES (80, 5, 21, 'Senem Yağmur', 'senem', 'enemamur80@example.com', '$2y$10$SVHAymNgms8HXwY9aawsDuKSiiL3KGGG/2Jk90V6/fcbEjQI6oEca', '2020-08-05', '2022-09-29', 171, 'Free', 'Electronic', 0, 'Eda Elif', 'https://picsum.photos/id/16/100/100');
INSERT INTO USERS (user_id, country_id, age, name, username, email, password, date_joined, last_login, follower_num, subscription_type, top_genre, num_songs_liked, most_played_artist, image) VALUES (81, 20, 56, 'Sefa Eda', 'sefa2', 'efada81@example.com', '$2y$10$D1HukjFblit3inxxsXA16usQqTxLgYWqdjIO25HXFIPB/l8SZ/WPe', '2011-12-03', '2012-03-22', 623, 'Premium', 'Metal', 207, 'Volkan Volkan', 'https://picsum.photos/id/38/100/100');
INSERT INTO USERS (user_id, country_id, age, name, username, email, password, date_joined, last_login, follower_num, subscription_type, top_genre, num_songs_liked, most_played_artist, image) VALUES (82, 12, 64, 'Gizem Eda', 'gizem3', 'izemda82@example.com', '$2y$10$6NNj0kJOaeyQSQgbm5vOzu5HvwV4tNvmdD/EmLKwUdBSEfrFTIv6y', '2011-08-19', '2020-08-01', 523, 'Premium', 'Metal', 125, 'Gizem Pinar', 'https://picsum.photos/id/72/100/100');
INSERT INTO USERS (user_id, country_id, age, name, username, email, password, date_joined, last_login, follower_num, subscription_type, top_genre, num_songs_liked, most_played_artist, image) VALUES (83, 18, 24, 'Serkan Volkan', 'serkan2', 'erkanolkan83@example.com', '$2y$10$.WfkkAdbq6r/92fF5J/Qreb7u9lG1A0pr7N/9CGuScscbQ4Ig2Nzi', '2010-04-03', '2018-10-20', 51, 'Premium', 'Indie', 113, 'Umut Yasin', 'https://picsum.photos/id/46/100/100');
INSERT INTO USERS (user_id, country_id, age, name, username, email, password, date_joined, last_login, follower_num, subscription_type, top_genre, num_songs_liked, most_played_artist, image) VALUES (84, 14, 64, 'Merve Tugçe', 'merve1', 'erveuge84@example.com', '$2y$10$iT4v111.CF7HxoDOlk4Dd.or5s7omJQac97GhPeafx4EeteG1ysQy', '2018-03-17', '2019-02-03', 879, 'Premium', 'Country', 473, 'Emre Okan', 'https://picsum.photos/id/40/100/100');
INSERT INTO USERS (user_id, country_id, age, name, username, email, password, date_joined, last_login, follower_num, subscription_type, top_genre, num_songs_liked, most_played_artist, image) VALUES (85, 7, 63, 'Koray Ömer', 'koray2', 'oraymer85@example.com', '$2y$10$j7QeciEc9j86GRJmrbM.6u0BcfJXpXde5qHA4wNn6BL.VCyboI7Ue', '2023-05-07', '2023-10-06', 640, 'Free', 'Alternative', 495, 'Merve Utku', 'https://picsum.photos/id/16/100/100');
INSERT INTO USERS (user_id, country_id, age, name, username, email, password, date_joined, last_login, follower_num, subscription_type, top_genre, num_songs_liked, most_played_artist, image) VALUES (86, 18, 42, 'Utku Burak', 'utku3', 'tkuurak86@example.com', '$2y$10$mbxQg6voCSgaskW2B6lWBu5fg5h9t0MJ04z6Gy/ev.Z/DOPP.1HfO', '2019-05-31', '2020-11-03', 657, 'Premium', 'Metal', 123, 'Ceren Tuba', 'https://picsum.photos/id/38/100/100');
INSERT INTO USERS (user_id, country_id, age, name, username, email, password, date_joined, last_login, follower_num, subscription_type, top_genre, num_songs_liked, most_played_artist, image) VALUES (87, 8, 21, 'Deniz Tugçe', 'deniz1', 'enizuge87@example.com', '$2y$10$zIWHvMiRaF9YNxoTuGMo0ukN86OVs/H4swxvjABPWFnwiU4.jAv52', '2015-08-29', '2016-04-02', 510, 'Premium', 'R&B', 484, 'Yasin Ömer', 'https://picsum.photos/id/5/100/100');
INSERT INTO USERS (user_id, country_id, age, name, username, email, password, date_joined, last_login, follower_num, subscription_type, top_genre, num_songs_liked, most_played_artist, image) VALUES (88, 19, 48, 'Nisa Koray', 'nisa4', 'isaoray88@example.com', '$2y$10$OVv.XeKmiw1x8cW.sdy7HOPHnnz7lRaRPgwpMah0sRK7pkAIZgTau', '2023-06-05', '2024-01-28', 674, 'Free', 'R&B', 49, 'Emre Zeynep', 'https://picsum.photos/id/39/100/100');
INSERT INTO USERS (user_id, country_id, age, name, username, email, password, date_joined, last_login, follower_num, subscription_type, top_genre, num_songs_liked, most_played_artist, image) VALUES (89, 2, 67, 'Utku Doruk', 'utku4', 'tkuoruk89@example.com', '$2y$10$ucAOvUOdEAAoUWg0F4nqFO84FzqAt38.Dp87zXz43qYQnB.MLW1zS', '2012-04-25', '2015-04-29', 650, 'Free', 'Alternative', 143, 'Pinar Zeki', 'https://picsum.photos/id/14/100/100');
INSERT INTO USERS (user_id, country_id, age, name, username, email, password, date_joined, last_login, follower_num, subscription_type, top_genre, num_songs_liked, most_played_artist, image) VALUES (90, 6, 29, 'Volkan Eda', 'volkan', 'olkanda90@example.com', '$2y$10$gUPMieLAAIFNiAjQd263euSI.S.nHAo2X3yjVQ3hmYy0501lZP6/i', '2012-12-08', '2022-02-16', 700, 'Premium', 'Indie', 18, 'Tuba Kaan', 'https://picsum.photos/id/23/100/100');
INSERT INTO USERS (user_id, country_id, age, name, username, email, password, date_joined, last_login, follower_num, subscription_type, top_genre, num_songs_liked, most_played_artist, image) VALUES (91, 8, 32, 'Utku Eda', 'utku5', 'tkuda91@example.com', '$2y$10$JEONgt0gw3GNE9pUBj5NoOnE9g2TO.eF0s9QQBvGU6ewz3DYFy/Hi', '2019-08-12', '2022-08-10', 26, 'Free', 'Hip Hop', 220, 'Zeki Umut', 'https://picsum.photos/id/27/100/100');
INSERT INTO USERS (user_id, country_id, age, name, username, email, password, date_joined, last_login, follower_num, subscription_type, top_genre, num_songs_liked, most_played_artist, image) VALUES (92, 20, 54, 'Ömer Burak', 'Ömer1', 'merurak92@example.com', '$2y$10$8SzeAyKmcYowh3jzxA0K2.lnFrS/meBdLFFn4LP3EwqdgXwpZr2kG', '2019-10-14', '2021-10-30', 616, 'Free', 'Dance', 487, 'Yasin Ömer', 'https://picsum.photos/id/57/100/100');
INSERT INTO USERS (user_id, country_id, age, name, username, email, password, date_joined, last_login, follower_num, subscription_type, top_genre, num_songs_liked, most_played_artist, image) VALUES (93, 4, 60, 'Burak Murat', 'burak3', 'urakurat93@example.com', '$2y$10$F0QbzbW2QTrYWoqwNFvwk.m5/SBsxueXJUkMFH8iZjzm.moxgsM56', '2020-07-19', '2021-08-05', 694, 'Premium', 'Dance', 165, 'Onur Yağmur', 'https://picsum.photos/id/56/100/100');
INSERT INTO USERS (user_id, country_id, age, name, username, email, password, date_joined, last_login, follower_num, subscription_type, top_genre, num_songs_liked, most_played_artist, image) VALUES (94, 5, 45, 'Okan Ömer', 'okan2', 'kanmer94@example.com', '$2y$10$sFG7TbZCIYF/cQgTSUKk/eynvRt8QGgRR4.NYjzt7UR7OTmmXESoC', '2022-01-22', '2022-02-24', 310, 'Free', 'Jazz', 44, 'Emre Ömer', 'https://picsum.photos/id/51/100/100');
INSERT INTO USERS (user_id, country_id, age, name, username, email, password, date_joined, last_login, follower_num, subscription_type, top_genre, num_songs_liked, most_played_artist, image) VALUES (95, 2, 44, 'Yeliz Kaan', 'yeliz1', 'elizaan95@example.com', '$2y$10$zaBUYFZ4ZmZtMpDJLnG2WukFbORwiQj4SGQvoAqu46.fGcYYV36xS', '2013-09-09', '2021-04-13', 933, 'Free', 'Pop', 276, 'Ayşen Tuba', 'https://picsum.photos/id/37/100/100');
INSERT INTO USERS (user_id, country_id, age, name, username, email, password, date_joined, last_login, follower_num, subscription_type, top_genre, num_songs_liked, most_played_artist, image) VALUES (96, 20, 47, 'Elif Ayşen', 'elif', 'lifyen96@example.com', '$2y$10$nhTmZxw7ZswqLzZdAS8KDuWLtvGxHe11LI3xqkBRlzROSgar.oYSK', '2012-04-02', '2015-05-06', 72, 'Free', 'Folk', 398, 'Murat Yağmur', 'https://picsum.photos/id/4/100/100');
INSERT INTO USERS (user_id, country_id, age, name, username, email, password, date_joined, last_login, follower_num, subscription_type, top_genre, num_songs_liked, most_played_artist, image) VALUES (97, 9, 66, 'Volkan Sefa', 'volkan1', 'olkanefa97@example.com', '$2y$10$X/rK1zQU/w5slXyJVZyLtuECMe.orMTgo98h7B3pKRp9ymrDUWyRO', '2013-10-26', '2019-05-18', 148, 'Premium', 'Folk', 197, 'Lale Bahar', 'https://picsum.photos/id/2/100/100');
INSERT INTO USERS (user_id, country_id, age, name, username, email, password, date_joined, last_login, follower_num, subscription_type, top_genre, num_songs_liked, most_played_artist, image) VALUES (98, 18, 51, 'Vildan Emre', 'vildan2', 'ildanmre98@example.com', '$2y$10$UhHRSbW4onrCr6copUa2Qe47cKX/3B02a.6sThVmBl.STGcm33Omq', '2012-05-24', '2015-04-22', 499, 'Free', 'Blues', 92, 'Deniz Yasin', 'https://picsum.photos/id/1/100/100');
INSERT INTO USERS (user_id, country_id, age, name, username, email, password, date_joined, last_login, follower_num, subscription_type, top_genre, num_songs_liked, most_played_artist, image) VALUES (99, 10, 43, 'Okan Pinar', 'okan3', 'kaninar99@example.com', '$2y$10$RwIDlDc5FinRLFDRq9VXM.rSJrgqFzhMOsQK3uqDMsSLvm4skUcs.', '2021-12-16', '2023-09-19', 601, 'Premium', 'Electronic', 207, 'Sefa Onur', 'https://picsum.photos/id/25/100/100');
INSERT INTO USERS (user_id, country_id, age, name, username, email, password, date_joined, last_login, follower_num, subscription_type, top_genre, num_songs_liked, most_played_artist, image) VALUES (100, 16, 46, 'Irem Yeliz', 'irem4', 'remeliz100@example.com', '$2y$10$Ltelgz1IVftKhgqvA8jsbO2MK3qRtgtcWrut1UR8pwvuWg6.Se.n2', '2023-11-02', '2023-11-07', 325, 'Free', 'Blues', 297, 'Bahar Can', 'https://picsum.photos/id/67/100/100');

-- ARTISTS Data --
INSERT INTO ARTISTS (artist_id, name, genre, date_joined, total_num_music, total_albums, listeners, bio, country_id, image) VALUES (1, 'Zeynep Bahar', 'Alternative', '2018-10-30', 199, 10, 4315941, 'A passionate artist creating Alternative music.', 4, 'https://picsum.photos/id/155/150/150');
INSERT INTO ARTISTS (artist_id, name, genre, date_joined, total_num_music, total_albums, listeners, bio, country_id, image) VALUES (2, 'Pinar Zeki', 'Dance', '2006-07-07', 44, 5, 4568796, 'A passionate artist creating Dance music.', 14, 'https://picsum.photos/id/180/150/150');
INSERT INTO ARTISTS (artist_id, name, genre, date_joined, total_num_music, total_albums, listeners, bio, country_id, image) VALUES (3, 'Lale Bahar', 'Indie', '2011-02-01', 191, 13, 8190116, 'A passionate artist creating Indie music.', 8, 'https://picsum.photos/id/177/150/150');
INSERT INTO ARTISTS (artist_id, name, genre, date_joined, total_num_music, total_albums, listeners, bio, country_id, image) VALUES (4, 'Doruk Rüya', 'Electronic', '2011-03-16', 54, 6, 6666747, 'A passionate artist creating Electronic music.', 6, 'https://picsum.photos/id/191/150/150');
INSERT INTO ARTISTS (artist_id, name, genre, date_joined, total_num_music, total_albums, listeners, bio, country_id, image) VALUES (5, 'Yeliz Can', 'Metal', '2021-09-20', 146, 12, 3760408, 'A passionate artist creating Metal music.', 4, 'https://picsum.photos/id/144/150/150');
INSERT INTO ARTISTS (artist_id, name, genre, date_joined, total_num_music, total_albums, listeners, bio, country_id, image) VALUES (6, 'Lale Onur', 'Alternative', '2012-04-20', 87, 15, 789802, 'A passionate artist creating Alternative music.', 17, 'https://picsum.photos/id/142/150/150');
INSERT INTO ARTISTS (artist_id, name, genre, date_joined, total_num_music, total_albums, listeners, bio, country_id, image) VALUES (7, 'Emre Zeynep', 'R&B', '2020-07-05', 140, 2, 6726307, 'A passionate artist creating R&B music.', 2, 'https://picsum.photos/id/104/150/150');
INSERT INTO ARTISTS (artist_id, name, genre, date_joined, total_num_music, total_albums, listeners, bio, country_id, image) VALUES (8, 'Tugçe Kaan', 'Alternative', '2018-01-15', 30, 13, 7689627, 'A passionate artist creating Alternative music.', 18, 'https://picsum.photos/id/198/150/150');
INSERT INTO ARTISTS (artist_id, name, genre, date_joined, total_num_music, total_albums, listeners, bio, country_id, image) VALUES (9, 'Tuba Umut', 'R&B', '2007-04-24', 127, 10, 7560836, 'A passionate artist creating R&B music.', 4, 'https://picsum.photos/id/198/150/150');
INSERT INTO ARTISTS (artist_id, name, genre, date_joined, total_num_music, total_albums, listeners, bio, country_id, image) VALUES (10, 'Pinar Pelin', 'Metal', '2011-11-25', 153, 8, 6127148, 'A passionate artist creating Metal music.', 19, 'https://picsum.photos/id/188/150/150');
INSERT INTO ARTISTS (artist_id, name, genre, date_joined, total_num_music, total_albums, listeners, bio, country_id, image) VALUES (11, 'Ayşen Nisa', 'Folk', '2022-04-17', 49, 1, 9320777, 'A passionate artist creating Folk music.', 4, 'https://picsum.photos/id/185/150/150');
INSERT INTO ARTISTS (artist_id, name, genre, date_joined, total_num_music, total_albums, listeners, bio, country_id, image) VALUES (12, 'Utku Tugçe', 'Classical', '2021-07-01', 161, 6, 4294895, 'A passionate artist creating Classical music.', 13, 'https://picsum.photos/id/200/150/150');
INSERT INTO ARTISTS (artist_id, name, genre, date_joined, total_num_music, total_albums, listeners, bio, country_id, image) VALUES (13, 'Nisa Umut', 'Country', '2013-05-01', 126, 4, 6457952, 'A passionate artist creating Country music.', 5, 'https://picsum.photos/id/122/150/150');
INSERT INTO ARTISTS (artist_id, name, genre, date_joined, total_num_music, total_albums, listeners, bio, country_id, image) VALUES (14, 'Ceren Tuba', 'Blues', '2019-07-27', 83, 9, 7705440, 'A passionate artist creating Blues music.', 13, 'https://picsum.photos/id/176/150/150');
INSERT INTO ARTISTS (artist_id, name, genre, date_joined, total_num_music, total_albums, listeners, bio, country_id, image) VALUES (15, 'Koray Yağmur', 'Metal', '2022-10-26', 57, 4, 2998976, 'A passionate artist creating Metal music.', 5, 'https://picsum.photos/id/117/150/150');
INSERT INTO ARTISTS (artist_id, name, genre, date_joined, total_num_music, total_albums, listeners, bio, country_id, image) VALUES (16, 'Nisa Yeliz', 'Folk', '2011-04-17', 194, 12, 7249710, 'A passionate artist creating Folk music.', 3, 'https://picsum.photos/id/188/150/150');
INSERT INTO ARTISTS (artist_id, name, genre, date_joined, total_num_music, total_albums, listeners, bio, country_id, image) VALUES (17, 'Tuba Ömer', 'Pop', '2007-04-11', 171, 10, 1628688, 'A passionate artist creating Pop music.', 8, 'https://picsum.photos/id/163/150/150');
INSERT INTO ARTISTS (artist_id, name, genre, date_joined, total_num_music, total_albums, listeners, bio, country_id, image) VALUES (18, 'Tuba Umut 1', 'Alternative', '2017-03-11', 32, 12, 5005604, 'A passionate artist creating Alternative music.', 1, 'https://picsum.photos/id/161/150/150');
INSERT INTO ARTISTS (artist_id, name, genre, date_joined, total_num_music, total_albums, listeners, bio, country_id, image) VALUES (19, 'Bahar Burak', 'Country', '2022-08-10', 125, 7, 6496032, 'A passionate artist creating Country music.', 3, 'https://picsum.photos/id/101/150/150');
INSERT INTO ARTISTS (artist_id, name, genre, date_joined, total_num_music, total_albums, listeners, bio, country_id, image) VALUES (20, 'Mert Merve', 'R&B', '2017-05-21', 96, 12, 3062776, 'A passionate artist creating R&B music.', 20, 'https://picsum.photos/id/182/150/150');
INSERT INTO ARTISTS (artist_id, name, genre, date_joined, total_num_music, total_albums, listeners, bio, country_id, image) VALUES (21, 'Volkan Volkan', 'Jazz', '2018-06-04', 78, 9, 2033157, 'A passionate artist creating Jazz music.', 7, 'https://picsum.photos/id/157/150/150');
INSERT INTO ARTISTS (artist_id, name, genre, date_joined, total_num_music, total_albums, listeners, bio, country_id, image) VALUES (22, 'Eda Elif', 'Classical', '2005-08-15', 131, 6, 7916160, 'A passionate artist creating Classical music.', 11, 'https://picsum.photos/id/118/150/150');
INSERT INTO ARTISTS (artist_id, name, genre, date_joined, total_num_music, total_albums, listeners, bio, country_id, image) VALUES (23, 'Koray Yağmur 1', 'Blues', '2022-05-02', 182, 12, 9272172, 'A passionate artist creating Blues music.', 8, 'https://picsum.photos/id/132/150/150');
INSERT INTO ARTISTS (artist_id, name, genre, date_joined, total_num_music, total_albums, listeners, bio, country_id, image) VALUES (24, 'Emre Ömer', 'Jazz', '2013-12-01', 141, 7, 9421350, 'A passionate artist creating Jazz music.', 3, 'https://picsum.photos/id/169/150/150');
INSERT INTO ARTISTS (artist_id, name, genre, date_joined, total_num_music, total_albums, listeners, bio, country_id, image) VALUES (25, 'Tuba Koray', 'Country', '2020-04-20', 134, 4, 4433734, 'A passionate artist creating Country music.', 17, 'https://picsum.photos/id/145/150/150');
INSERT INTO ARTISTS (artist_id, name, genre, date_joined, total_num_music, total_albums, listeners, bio, country_id, image) VALUES (26, 'Eda Elif 1', 'Hip Hop', '2017-09-15', 23, 3, 3782792, 'A passionate artist creating Hip Hop music.', 17, 'https://picsum.photos/id/188/150/150');
INSERT INTO ARTISTS (artist_id, name, genre, date_joined, total_num_music, total_albums, listeners, bio, country_id, image) VALUES (27, 'Tugçe Kaan 1', 'Pop', '2018-02-06', 50, 14, 3910943, 'A passionate artist creating Pop music.', 6, 'https://picsum.photos/id/104/150/150');
INSERT INTO ARTISTS (artist_id, name, genre, date_joined, total_num_music, total_albums, listeners, bio, country_id, image) VALUES (28, 'Emre Mert', 'Indie', '2019-09-01', 161, 4, 9942677, 'A passionate artist creating Indie music.', 4, 'https://picsum.photos/id/170/150/150');
INSERT INTO ARTISTS (artist_id, name, genre, date_joined, total_num_music, total_albums, listeners, bio, country_id, image) VALUES (29, 'Zeynep Nisa', 'Jazz', '2015-09-27', 34, 15, 6259924, 'A passionate artist creating Jazz music.', 20, 'https://picsum.photos/id/167/150/150');
INSERT INTO ARTISTS (artist_id, name, genre, date_joined, total_num_music, total_albums, listeners, bio, country_id, image) VALUES (30, 'Gizem Pinar', 'Indie', '2021-03-14', 46, 4, 8395090, 'A passionate artist creating Indie music.', 12, 'https://picsum.photos/id/119/150/150');
INSERT INTO ARTISTS (artist_id, name, genre, date_joined, total_num_music, total_albums, listeners, bio, country_id, image) VALUES (31, 'Utku Tugçe 1', 'R&B', '2019-12-28', 127, 10, 6259332, 'A passionate artist creating R&B music.', 17, 'https://picsum.photos/id/183/150/150');
INSERT INTO ARTISTS (artist_id, name, genre, date_joined, total_num_music, total_albums, listeners, bio, country_id, image) VALUES (32, 'Koray Yağmur 2', 'Reggae', '2008-09-27', 53, 4, 8917580, 'A passionate artist creating Reggae music.', 8, 'https://picsum.photos/id/115/150/150');
INSERT INTO ARTISTS (artist_id, name, genre, date_joined, total_num_music, total_albums, listeners, bio, country_id, image) VALUES (33, 'Umut Yasin', 'Electronic', '2021-04-09', 58, 12, 2703794, 'A passionate artist creating Electronic music.', 8, 'https://picsum.photos/id/103/150/150');
INSERT INTO ARTISTS (artist_id, name, genre, date_joined, total_num_music, total_albums, listeners, bio, country_id, image) VALUES (34, 'Tuba Mert', 'Dance', '2012-11-12', 71, 5, 4525013, 'A passionate artist creating Dance music.', 6, 'https://picsum.photos/id/102/150/150');
INSERT INTO ARTISTS (artist_id, name, genre, date_joined, total_num_music, total_albums, listeners, bio, country_id, image) VALUES (35, 'Yeliz Can 1', 'Hip Hop', '2011-07-26', 10, 8, 2426855, 'A passionate artist creating Hip Hop music.', 4, 'https://picsum.photos/id/165/150/150');
INSERT INTO ARTISTS (artist_id, name, genre, date_joined, total_num_music, total_albums, listeners, bio, country_id, image) VALUES (36, 'Yasin Tuba', 'Rock', '2013-06-17', 83, 10, 6340282, 'A passionate artist creating Rock music.', 1, 'https://picsum.photos/id/200/150/150');
INSERT INTO ARTISTS (artist_id, name, genre, date_joined, total_num_music, total_albums, listeners, bio, country_id, image) VALUES (37, 'Emre Mert 1', 'Rock', '2017-01-08', 48, 14, 8272038, 'A passionate artist creating Rock music.', 9, 'https://picsum.photos/id/160/150/150');
INSERT INTO ARTISTS (artist_id, name, genre, date_joined, total_num_music, total_albums, listeners, bio, country_id, image) VALUES (38, 'Pinar Pelin 1', 'Folk', '2008-10-24', 49, 8, 3427170, 'A passionate artist creating Folk music.', 15, 'https://picsum.photos/id/110/150/150');
INSERT INTO ARTISTS (artist_id, name, genre, date_joined, total_num_music, total_albums, listeners, bio, country_id, image) VALUES (39, 'Emre Bahar', 'Classical', '2006-04-27', 80, 12, 9060244, 'A passionate artist creating Classical music.', 2, 'https://picsum.photos/id/183/150/150');
INSERT INTO ARTISTS (artist_id, name, genre, date_joined, total_num_music, total_albums, listeners, bio, country_id, image) VALUES (40, 'Yağmur Ceren', 'Rock', '2011-05-16', 54, 13, 9752742, 'A passionate artist creating Rock music.', 20, 'https://picsum.photos/id/191/150/150');
INSERT INTO ARTISTS (artist_id, name, genre, date_joined, total_num_music, total_albums, listeners, bio, country_id, image) VALUES (41, 'Elif Pinar', 'Pop', '2013-02-02', 197, 12, 5796921, 'A passionate artist creating Pop music.', 16, 'https://picsum.photos/id/171/150/150');
INSERT INTO ARTISTS (artist_id, name, genre, date_joined, total_num_music, total_albums, listeners, bio, country_id, image) VALUES (42, 'Doruk Rüya 1', 'Indie', '2013-05-27', 87, 10, 2844460, 'A passionate artist creating Indie music.', 2, 'https://picsum.photos/id/101/150/150');
INSERT INTO ARTISTS (artist_id, name, genre, date_joined, total_num_music, total_albums, listeners, bio, country_id, image) VALUES (43, 'Zeynep Nisa 1', 'Electronic', '2013-10-14', 107, 11, 1997888, 'A passionate artist creating Electronic music.', 4, 'https://picsum.photos/id/125/150/150');
INSERT INTO ARTISTS (artist_id, name, genre, date_joined, total_num_music, total_albums, listeners, bio, country_id, image) VALUES (44, 'Ömer Yasin', 'Classical', '2021-08-27', 92, 13, 5067499, 'A passionate artist creating Classical music.', 15, 'https://picsum.photos/id/140/150/150');
INSERT INTO ARTISTS (artist_id, name, genre, date_joined, total_num_music, total_albums, listeners, bio, country_id, image) VALUES (45, 'Serkan Nisa', 'Alternative', '2014-10-29', 74, 6, 182148, 'A passionate artist creating Alternative music.', 9, 'https://picsum.photos/id/173/150/150');
INSERT INTO ARTISTS (artist_id, name, genre, date_joined, total_num_music, total_albums, listeners, bio, country_id, image) VALUES (46, 'Ömer Yasin 1', 'Country', '2017-08-15', 94, 4, 3921193, 'A passionate artist creating Country music.', 17, 'https://picsum.photos/id/189/150/150');
INSERT INTO ARTISTS (artist_id, name, genre, date_joined, total_num_music, total_albums, listeners, bio, country_id, image) VALUES (47, 'Yeliz Murat', 'Metal', '2013-06-30', 65, 12, 3560491, 'A passionate artist creating Metal music.', 1, 'https://picsum.photos/id/141/150/150');
INSERT INTO ARTISTS (artist_id, name, genre, date_joined, total_num_music, total_albums, listeners, bio, country_id, image) VALUES (48, 'Ömer Serkan', 'Classical', '2016-06-25', 15, 10, 1244258, 'A passionate artist creating Classical music.', 8, 'https://picsum.photos/id/146/150/150');
INSERT INTO ARTISTS (artist_id, name, genre, date_joined, total_num_music, total_albums, listeners, bio, country_id, image) VALUES (49, 'Merve Utku', 'Electronic', '2012-08-28', 139, 15, 1034989, 'A passionate artist creating Electronic music.', 19, 'https://picsum.photos/id/158/150/150');
INSERT INTO ARTISTS (artist_id, name, genre, date_joined, total_num_music, total_albums, listeners, bio, country_id, image) VALUES (50, 'Tuba Mert 1', 'Dance', '2006-01-02', 176, 13, 8576287, 'A passionate artist creating Dance music.', 1, 'https://picsum.photos/id/184/150/150');
INSERT INTO ARTISTS (artist_id, name, genre, date_joined, total_num_music, total_albums, listeners, bio, country_id, image) VALUES (51, 'Ayşen Tuba', 'Classical', '2019-07-28', 60, 7, 9548353, 'A passionate artist creating Classical music.', 17, 'https://picsum.photos/id/182/150/150');
INSERT INTO ARTISTS (artist_id, name, genre, date_joined, total_num_music, total_albums, listeners, bio, country_id, image) VALUES (52, 'Deniz Vildan', 'Classical', '2017-09-14', 177, 8, 2064048, 'A passionate artist creating Classical music.', 5, 'https://picsum.photos/id/174/150/150');
INSERT INTO ARTISTS (artist_id, name, genre, date_joined, total_num_music, total_albums, listeners, bio, country_id, image) VALUES (53, 'Ömer Serkan 1', 'Folk', '2018-06-09', 112, 10, 9131328, 'A passionate artist creating Folk music.', 15, 'https://picsum.photos/id/158/150/150');
INSERT INTO ARTISTS (artist_id, name, genre, date_joined, total_num_music, total_albums, listeners, bio, country_id, image) VALUES (54, 'Merve Kaan', 'Metal', '2018-04-20', 52, 4, 801883, 'A passionate artist creating Metal music.', 6, 'https://picsum.photos/id/159/150/150');
INSERT INTO ARTISTS (artist_id, name, genre, date_joined, total_num_music, total_albums, listeners, bio, country_id, image) VALUES (55, 'Tuba Ömer 1', 'Jazz', '2007-01-24', 30, 7, 770532, 'A passionate artist creating Jazz music.', 3, 'https://picsum.photos/id/142/150/150');
INSERT INTO ARTISTS (artist_id, name, genre, date_joined, total_num_music, total_albums, listeners, bio, country_id, image) VALUES (56, 'Umut Nisa', 'R&B', '2014-02-22', 118, 4, 5223694, 'A passionate artist creating R&B music.', 10, 'https://picsum.photos/id/137/150/150');
INSERT INTO ARTISTS (artist_id, name, genre, date_joined, total_num_music, total_albums, listeners, bio, country_id, image) VALUES (57, 'Pinar Zeki 1', 'Blues', '2018-10-11', 128, 6, 6037253, 'A passionate artist creating Blues music.', 10, 'https://picsum.photos/id/188/150/150');
INSERT INTO ARTISTS (artist_id, name, genre, date_joined, total_num_music, total_albums, listeners, bio, country_id, image) VALUES (58, 'Okan Lale', 'Metal', '2010-12-14', 144, 9, 7439208, 'A passionate artist creating Metal music.', 16, 'https://picsum.photos/id/166/150/150');
INSERT INTO ARTISTS (artist_id, name, genre, date_joined, total_num_music, total_albums, listeners, bio, country_id, image) VALUES (59, 'Tuba Mert 2', 'Indie', '2016-04-18', 59, 4, 8965401, 'A passionate artist creating Indie music.', 17, 'https://picsum.photos/id/126/150/150');
INSERT INTO ARTISTS (artist_id, name, genre, date_joined, total_num_music, total_albums, listeners, bio, country_id, image) VALUES (60, 'Okan Lale 1', 'Jazz', '2013-03-18', 50, 10, 8028723, 'A passionate artist creating Jazz music.', 3, 'https://picsum.photos/id/176/150/150');
INSERT INTO ARTISTS (artist_id, name, genre, date_joined, total_num_music, total_albums, listeners, bio, country_id, image) VALUES (61, 'Bahar Tugçe', 'Indie', '2020-04-18', 133, 12, 6746712, 'A passionate artist creating Indie music.', 9, 'https://picsum.photos/id/143/150/150');
INSERT INTO ARTISTS (artist_id, name, genre, date_joined, total_num_music, total_albums, listeners, bio, country_id, image) VALUES (62, 'Serkan Onur', 'Folk', '2020-09-25', 170, 15, 2046624, 'A passionate artist creating Folk music.', 3, 'https://picsum.photos/id/157/150/150');
INSERT INTO ARTISTS (artist_id, name, genre, date_joined, total_num_music, total_albums, listeners, bio, country_id, image) VALUES (63, 'Tuba Mert 3', 'Indie', '2020-05-24', 151, 7, 2024361, 'A passionate artist creating Indie music.', 11, 'https://picsum.photos/id/157/150/150');
INSERT INTO ARTISTS (artist_id, name, genre, date_joined, total_num_music, total_albums, listeners, bio, country_id, image) VALUES (64, 'Lale Bahar 1', 'Metal', '2022-07-07', 135, 14, 8562357, 'A passionate artist creating Metal music.', 18, 'https://picsum.photos/id/112/150/150');
INSERT INTO ARTISTS (artist_id, name, genre, date_joined, total_num_music, total_albums, listeners, bio, country_id, image) VALUES (65, 'Murat Can', 'Folk', '2018-08-25', 21, 4, 8504781, 'A passionate artist creating Folk music.', 20, 'https://picsum.photos/id/153/150/150');
INSERT INTO ARTISTS (artist_id, name, genre, date_joined, total_num_music, total_albums, listeners, bio, country_id, image) VALUES (66, 'Lale Senem', 'Jazz', '2014-06-07', 84, 11, 1130101, 'A passionate artist creating Jazz music.', 5, 'https://picsum.photos/id/199/150/150');
INSERT INTO ARTISTS (artist_id, name, genre, date_joined, total_num_music, total_albums, listeners, bio, country_id, image) VALUES (67, 'Rüya Kerem', 'Blues', '2015-02-20', 190, 13, 5705745, 'A passionate artist creating Blues music.', 18, 'https://picsum.photos/id/156/150/150');
INSERT INTO ARTISTS (artist_id, name, genre, date_joined, total_num_music, total_albums, listeners, bio, country_id, image) VALUES (68, 'Deniz Vildan 1', 'Hip Hop', '2017-04-20', 35, 4, 3089958, 'A passionate artist creating Hip Hop music.', 2, 'https://picsum.photos/id/157/150/150');
INSERT INTO ARTISTS (artist_id, name, genre, date_joined, total_num_music, total_albums, listeners, bio, country_id, image) VALUES (69, 'Nisa Yeliz 1', 'Alternative', '2018-02-02', 33, 13, 5921988, 'A passionate artist creating Alternative music.', 17, 'https://picsum.photos/id/121/150/150');
INSERT INTO ARTISTS (artist_id, name, genre, date_joined, total_num_music, total_albums, listeners, bio, country_id, image) VALUES (70, 'Emre Ömer 1', 'Reggae', '2020-12-25', 162, 2, 1452120, 'A passionate artist creating Reggae music.', 3, 'https://picsum.photos/id/115/150/150');
INSERT INTO ARTISTS (artist_id, name, genre, date_joined, total_num_music, total_albums, listeners, bio, country_id, image) VALUES (71, 'Onur Emre', 'Hip Hop', '2017-09-23', 46, 12, 3830665, 'A passionate artist creating Hip Hop music.', 17, 'https://picsum.photos/id/151/150/150');
INSERT INTO ARTISTS (artist_id, name, genre, date_joined, total_num_music, total_albums, listeners, bio, country_id, image) VALUES (72, 'Okan Lale 2', 'Metal', '2008-06-30', 39, 9, 9901592, 'A passionate artist creating Metal music.', 8, 'https://picsum.photos/id/182/150/150');
INSERT INTO ARTISTS (artist_id, name, genre, date_joined, total_num_music, total_albums, listeners, bio, country_id, image) VALUES (73, 'Ceren Tuba 1', 'Jazz', '2015-08-17', 161, 5, 5636073, 'A passionate artist creating Jazz music.', 14, 'https://picsum.photos/id/147/150/150');
INSERT INTO ARTISTS (artist_id, name, genre, date_joined, total_num_music, total_albums, listeners, bio, country_id, image) VALUES (74, 'Can Utku', 'Electronic', '2011-11-30', 194, 14, 4659877, 'A passionate artist creating Electronic music.', 4, 'https://picsum.photos/id/182/150/150');
INSERT INTO ARTISTS (artist_id, name, genre, date_joined, total_num_music, total_albums, listeners, bio, country_id, image) VALUES (75, 'Serkan Onur 1', 'Alternative', '2011-07-18', 104, 10, 9519181, 'A passionate artist creating Alternative music.', 9, 'https://picsum.photos/id/179/150/150');
INSERT INTO ARTISTS (artist_id, name, genre, date_joined, total_num_music, total_albums, listeners, bio, country_id, image) VALUES (76, 'Emre Kerem', 'Dance', '2019-01-23', 5, 6, 1146756, 'A passionate artist creating Dance music.', 6, 'https://picsum.photos/id/198/150/150');
INSERT INTO ARTISTS (artist_id, name, genre, date_joined, total_num_music, total_albums, listeners, bio, country_id, image) VALUES (77, 'Gizem Pinar 1', 'Metal', '2005-05-19', 44, 7, 3767980, 'A passionate artist creating Metal music.', 8, 'https://picsum.photos/id/159/150/150');
INSERT INTO ARTISTS (artist_id, name, genre, date_joined, total_num_music, total_albums, listeners, bio, country_id, image) VALUES (78, 'Rüya Koray', 'Alternative', '2021-10-28', 146, 9, 5875578, 'A passionate artist creating Alternative music.', 18, 'https://picsum.photos/id/131/150/150');
INSERT INTO ARTISTS (artist_id, name, genre, date_joined, total_num_music, total_albums, listeners, bio, country_id, image) VALUES (79, 'Ayşen Mert', 'Dance', '2012-07-05', 28, 6, 7247693, 'A passionate artist creating Dance music.', 17, 'https://picsum.photos/id/154/150/150');
INSERT INTO ARTISTS (artist_id, name, genre, date_joined, total_num_music, total_albums, listeners, bio, country_id, image) VALUES (80, 'Yeliz Can 2', 'Rock', '2017-07-18', 165, 11, 2521602, 'A passionate artist creating Rock music.', 6, 'https://picsum.photos/id/128/150/150');
INSERT INTO ARTISTS (artist_id, name, genre, date_joined, total_num_music, total_albums, listeners, bio, country_id, image) VALUES (81, 'Rüya Emre', 'Jazz', '2012-01-25', 130, 11, 2424383, 'A passionate artist creating Jazz music.', 20, 'https://picsum.photos/id/199/150/150');
INSERT INTO ARTISTS (artist_id, name, genre, date_joined, total_num_music, total_albums, listeners, bio, country_id, image) VALUES (82, 'Zeki Nisa', 'Indie', '2006-01-12', 148, 1, 3576445, 'A passionate artist creating Indie music.', 19, 'https://picsum.photos/id/157/150/150');
INSERT INTO ARTISTS (artist_id, name, genre, date_joined, total_num_music, total_albums, listeners, bio, country_id, image) VALUES (83, 'Nisa Ceren', 'Rock', '2021-01-23', 200, 5, 2664757, 'A passionate artist creating Rock music.', 17, 'https://picsum.photos/id/103/150/150');
INSERT INTO ARTISTS (artist_id, name, genre, date_joined, total_num_music, total_albums, listeners, bio, country_id, image) VALUES (84, 'Pinar Okan', 'Rock', '2008-06-03', 13, 10, 4816989, 'A passionate artist creating Rock music.', 3, 'https://picsum.photos/id/185/150/150');
INSERT INTO ARTISTS (artist_id, name, genre, date_joined, total_num_music, total_albums, listeners, bio, country_id, image) VALUES (85, 'Tuba Kaan', 'Hip Hop', '2011-12-18', 147, 11, 4008273, 'A passionate artist creating Hip Hop music.', 15, 'https://picsum.photos/id/153/150/150');
INSERT INTO ARTISTS (artist_id, name, genre, date_joined, total_num_music, total_albums, listeners, bio, country_id, image) VALUES (86, 'Ömer Yasin 2', 'Alternative', '2013-12-04', 195, 7, 1138300, 'A passionate artist creating Alternative music.', 4, 'https://picsum.photos/id/147/150/150');
INSERT INTO ARTISTS (artist_id, name, genre, date_joined, total_num_music, total_albums, listeners, bio, country_id, image) VALUES (87, 'Serkan Onur 2', 'R&B', '2022-12-22', 180, 11, 3890773, 'A passionate artist creating R&B music.', 6, 'https://picsum.photos/id/177/150/150');
INSERT INTO ARTISTS (artist_id, name, genre, date_joined, total_num_music, total_albums, listeners, bio, country_id, image) VALUES (88, 'Eda Eda', 'Pop', '2013-08-17', 119, 6, 2865846, 'A passionate artist creating Pop music.', 12, 'https://picsum.photos/id/142/150/150');
INSERT INTO ARTISTS (artist_id, name, genre, date_joined, total_num_music, total_albums, listeners, bio, country_id, image) VALUES (89, 'Tugçe Kaan 2', 'Hip Hop', '2010-10-22', 47, 8, 1960531, 'A passionate artist creating Hip Hop music.', 4, 'https://picsum.photos/id/178/150/150');
INSERT INTO ARTISTS (artist_id, name, genre, date_joined, total_num_music, total_albums, listeners, bio, country_id, image) VALUES (90, 'Emre Kerem 1', 'Hip Hop', '2014-04-04', 75, 6, 817676, 'A passionate artist creating Hip Hop music.', 9, 'https://picsum.photos/id/143/150/150');
INSERT INTO ARTISTS (artist_id, name, genre, date_joined, total_num_music, total_albums, listeners, bio, country_id, image) VALUES (91, 'Koray Mert', 'Electronic', '2022-09-03', 38, 13, 4066300, 'A passionate artist creating Electronic music.', 2, 'https://picsum.photos/id/191/150/150');
INSERT INTO ARTISTS (artist_id, name, genre, date_joined, total_num_music, total_albums, listeners, bio, country_id, image) VALUES (92, 'Ayşen Nisa 1', 'Rock', '2016-07-01', 147, 8, 414063, 'A passionate artist creating Rock music.', 2, 'https://picsum.photos/id/149/150/150');
INSERT INTO ARTISTS (artist_id, name, genre, date_joined, total_num_music, total_albums, listeners, bio, country_id, image) VALUES (93, 'Murat Can 1', 'Indie', '2009-06-22', 120, 2, 5306841, 'A passionate artist creating Indie music.', 18, 'https://picsum.photos/id/170/150/150');
INSERT INTO ARTISTS (artist_id, name, genre, date_joined, total_num_music, total_albums, listeners, bio, country_id, image) VALUES (94, 'Volkan Tuba', 'Reggae', '2018-12-16', 34, 3, 2603254, 'A passionate artist creating Reggae music.', 4, 'https://picsum.photos/id/182/150/150');
INSERT INTO ARTISTS (artist_id, name, genre, date_joined, total_num_music, total_albums, listeners, bio, country_id, image) VALUES (95, 'Serkan Kerem', 'Rock', '2017-08-20', 126, 2, 8911387, 'A passionate artist creating Rock music.', 13, 'https://picsum.photos/id/154/150/150');
INSERT INTO ARTISTS (artist_id, name, genre, date_joined, total_num_music, total_albums, listeners, bio, country_id, image) VALUES (96, 'Ayşen Tuba 1', 'Electronic', '2013-08-08', 130, 12, 3074392, 'A passionate artist creating Electronic music.', 4, 'https://picsum.photos/id/111/150/150');
INSERT INTO ARTISTS (artist_id, name, genre, date_joined, total_num_music, total_albums, listeners, bio, country_id, image) VALUES (97, 'Utku Koray', 'Alternative', '2009-10-16', 164, 1, 3674189, 'A passionate artist creating Alternative music.', 16, 'https://picsum.photos/id/152/150/150');
INSERT INTO ARTISTS (artist_id, name, genre, date_joined, total_num_music, total_albums, listeners, bio, country_id, image) VALUES (98, 'Volkan Sefa', 'Classical', '2022-02-12', 21, 15, 1104157, 'A passionate artist creating Classical music.', 11, 'https://picsum.photos/id/115/150/150');
INSERT INTO ARTISTS (artist_id, name, genre, date_joined, total_num_music, total_albums, listeners, bio, country_id, image) VALUES (99, 'Sefa Emre', 'Pop', '2020-09-11', 112, 14, 5960286, 'A passionate artist creating Pop music.', 6, 'https://picsum.photos/id/177/150/150');
INSERT INTO ARTISTS (artist_id, name, genre, date_joined, total_num_music, total_albums, listeners, bio, country_id, image) VALUES (100, 'Utku Koray 1', 'Alternative', '2022-04-14', 41, 7, 9994097, 'A passionate artist creating Alternative music.', 7, 'https://picsum.photos/id/112/150/150');

-- ALBUMS Data --
INSERT INTO ALBUMS (album_id, artist_id, name, release_date, genre, music_number, image) VALUES (1, 92, 'Album gOD0vpLq', '2021-12-15', 'Pop', 16, 'https://picsum.photos/id/269/200/200');
INSERT INTO ALBUMS (album_id, artist_id, name, release_date, genre, music_number, image) VALUES (2, 56, 'Album 6hJZDVhR', '2023-03-12', 'Alternative', 8, 'https://picsum.photos/id/237/200/200');
INSERT INTO ALBUMS (album_id, artist_id, name, release_date, genre, music_number, image) VALUES (3, 92, 'Album tm7dfgNj', '2010-09-02', 'Dance', 19, 'https://picsum.photos/id/247/200/200');
INSERT INTO ALBUMS (album_id, artist_id, name, release_date, genre, music_number, image) VALUES (4, 34, 'Album bF3U5vD5', '2009-01-21', 'Indie', 13, 'https://picsum.photos/id/264/200/200');
INSERT INTO ALBUMS (album_id, artist_id, name, release_date, genre, music_number, image) VALUES (5, 63, 'Album MOR1gtDN', '2023-07-19', 'Metal', 11, 'https://picsum.photos/id/249/200/200');
INSERT INTO ALBUMS (album_id, artist_id, name, release_date, genre, music_number, image) VALUES (6, 65, 'Album Eis96OBG', '2010-08-10', 'Country', 10, 'https://picsum.photos/id/243/200/200');
INSERT INTO ALBUMS (album_id, artist_id, name, release_date, genre, music_number, image) VALUES (7, 81, 'Album 2ZXas5Z2', '2019-06-17', 'Jazz', 9, 'https://picsum.photos/id/227/200/200');
INSERT INTO ALBUMS (album_id, artist_id, name, release_date, genre, music_number, image) VALUES (8, 20, 'Album jjvcnXI0', '2010-02-16', 'Metal', 10, 'https://picsum.photos/id/211/200/200');
INSERT INTO ALBUMS (album_id, artist_id, name, release_date, genre, music_number, image) VALUES (9, 33, 'Album W3tbis3l', '2019-01-05', 'Dance', 12, 'https://picsum.photos/id/287/200/200');
INSERT INTO ALBUMS (album_id, artist_id, name, release_date, genre, music_number, image) VALUES (10, 77, 'Album GSL8a1fI', '2023-10-06', 'Folk', 16, 'https://picsum.photos/id/220/200/200');
INSERT INTO ALBUMS (album_id, artist_id, name, release_date, genre, music_number, image) VALUES (11, 55, 'Album PVmhBUSo', '2019-09-13', 'Electronic', 18, 'https://picsum.photos/id/268/200/200');
INSERT INTO ALBUMS (album_id, artist_id, name, release_date, genre, music_number, image) VALUES (12, 29, 'Album UAkajvlj', '2015-04-02', 'R&B', 17, 'https://picsum.photos/id/285/200/200');
INSERT INTO ALBUMS (album_id, artist_id, name, release_date, genre, music_number, image) VALUES (13, 2, 'Album CkHnKZ1j', '2010-09-05', 'Rock', 11, 'https://picsum.photos/id/300/200/200');
INSERT INTO ALBUMS (album_id, artist_id, name, release_date, genre, music_number, image) VALUES (14, 39, 'Album 9iq2DrrO', '2023-05-26', 'Country', 15, 'https://picsum.photos/id/210/200/200');
INSERT INTO ALBUMS (album_id, artist_id, name, release_date, genre, music_number, image) VALUES (15, 37, 'Album 794anX4c', '2011-05-08', 'Alternative', 15, 'https://picsum.photos/id/257/200/200');
INSERT INTO ALBUMS (album_id, artist_id, name, release_date, genre, music_number, image) VALUES (16, 22, 'Album yUBcxZW2', '2017-03-21', 'Pop', 10, 'https://picsum.photos/id/252/200/200');
INSERT INTO ALBUMS (album_id, artist_id, name, release_date, genre, music_number, image) VALUES (17, 16, 'Album IJUAhlMe', '2023-05-18', 'Indie', 9, 'https://picsum.photos/id/221/200/200');
INSERT INTO ALBUMS (album_id, artist_id, name, release_date, genre, music_number, image) VALUES (18, 40, 'Album 5pu39Zw5', '2018-10-15', 'Blues', 19, 'https://picsum.photos/id/216/200/200');
INSERT INTO ALBUMS (album_id, artist_id, name, release_date, genre, music_number, image) VALUES (19, 10, 'Album hT2gHuGw', '2017-11-16', 'Reggae', 11, 'https://picsum.photos/id/279/200/200');
INSERT INTO ALBUMS (album_id, artist_id, name, release_date, genre, music_number, image) VALUES (20, 96, 'Album F24RCySg', '2015-05-28', 'Reggae', 9, 'https://picsum.photos/id/298/200/200');
INSERT INTO ALBUMS (album_id, artist_id, name, release_date, genre, music_number, image) VALUES (21, 93, 'Album iH880pgh', '2020-03-30', 'Reggae', 16, 'https://picsum.photos/id/298/200/200');
INSERT INTO ALBUMS (album_id, artist_id, name, release_date, genre, music_number, image) VALUES (22, 39, 'Album qT031FY0', '2014-02-08', 'Alternative', 10, 'https://picsum.photos/id/223/200/200');
INSERT INTO ALBUMS (album_id, artist_id, name, release_date, genre, music_number, image) VALUES (23, 11, 'Album BhU5Ek9P', '2012-06-14', 'Classical', 11, 'https://picsum.photos/id/272/200/200');
INSERT INTO ALBUMS (album_id, artist_id, name, release_date, genre, music_number, image) VALUES (24, 11, 'Album X2W4ZqGl', '2011-11-21', 'Rock', 5, 'https://picsum.photos/id/281/200/200');
INSERT INTO ALBUMS (album_id, artist_id, name, release_date, genre, music_number, image) VALUES (25, 32, 'Album RZktd7Zh', '2008-03-25', 'Indie', 5, 'https://picsum.photos/id/236/200/200');
INSERT INTO ALBUMS (album_id, artist_id, name, release_date, genre, music_number, image) VALUES (26, 73, 'Album hGJqez24', '2009-12-13', 'Folk', 7, 'https://picsum.photos/id/260/200/200');
INSERT INTO ALBUMS (album_id, artist_id, name, release_date, genre, music_number, image) VALUES (27, 46, 'Album TmRFok1m', '2019-03-04', 'Rock', 5, 'https://picsum.photos/id/249/200/200');
INSERT INTO ALBUMS (album_id, artist_id, name, release_date, genre, music_number, image) VALUES (28, 49, 'Album ktoPdr5A', '2016-03-28', 'Alternative', 17, 'https://picsum.photos/id/226/200/200');
INSERT INTO ALBUMS (album_id, artist_id, name, release_date, genre, music_number, image) VALUES (29, 15, 'Album Y8qDWLG3', '2008-11-10', 'Folk', 13, 'https://picsum.photos/id/272/200/200');
INSERT INTO ALBUMS (album_id, artist_id, name, release_date, genre, music_number, image) VALUES (30, 88, 'Album Ek77TMEL', '2020-02-09', 'R&B', 18, 'https://picsum.photos/id/280/200/200');
INSERT INTO ALBUMS (album_id, artist_id, name, release_date, genre, music_number, image) VALUES (31, 78, 'Album YSLc3WxC', '2008-06-16', 'Jazz', 13, 'https://picsum.photos/id/262/200/200');
INSERT INTO ALBUMS (album_id, artist_id, name, release_date, genre, music_number, image) VALUES (32, 43, 'Album MBQjFcwd', '2023-09-08', 'Pop', 14, 'https://picsum.photos/id/244/200/200');
INSERT INTO ALBUMS (album_id, artist_id, name, release_date, genre, music_number, image) VALUES (33, 68, 'Album UN3bVbYl', '2022-09-04', 'Country', 18, 'https://picsum.photos/id/209/200/200');
INSERT INTO ALBUMS (album_id, artist_id, name, release_date, genre, music_number, image) VALUES (34, 89, 'Album IEKZowdb', '2013-07-15', 'Reggae', 14, 'https://picsum.photos/id/277/200/200');
INSERT INTO ALBUMS (album_id, artist_id, name, release_date, genre, music_number, image) VALUES (35, 64, 'Album hFLze3OQ', '2021-11-20', 'Metal', 19, 'https://picsum.photos/id/204/200/200');
INSERT INTO ALBUMS (album_id, artist_id, name, release_date, genre, music_number, image) VALUES (36, 91, 'Album IyqIKQMU', '2021-01-26', 'Electronic', 8, 'https://picsum.photos/id/203/200/200');
INSERT INTO ALBUMS (album_id, artist_id, name, release_date, genre, music_number, image) VALUES (37, 36, 'Album B0m8AYa7', '2021-02-14', 'Dance', 6, 'https://picsum.photos/id/267/200/200');
INSERT INTO ALBUMS (album_id, artist_id, name, release_date, genre, music_number, image) VALUES (38, 60, 'Album a4cwLuST', '2013-11-03', 'Dance', 20, 'https://picsum.photos/id/255/200/200');
INSERT INTO ALBUMS (album_id, artist_id, name, release_date, genre, music_number, image) VALUES (39, 69, 'Album x9F8cgPA', '2022-02-25', 'Blues', 20, 'https://picsum.photos/id/262/200/200');
INSERT INTO ALBUMS (album_id, artist_id, name, release_date, genre, music_number, image) VALUES (40, 28, 'Album XATny0bX', '2019-11-18', 'Reggae', 14, 'https://picsum.photos/id/270/200/200');
INSERT INTO ALBUMS (album_id, artist_id, name, release_date, genre, music_number, image) VALUES (41, 66, 'Album nyZnTUmK', '2021-08-13', 'Blues', 6, 'https://picsum.photos/id/261/200/200');
INSERT INTO ALBUMS (album_id, artist_id, name, release_date, genre, music_number, image) VALUES (42, 60, 'Album yvyyRJyN', '2018-04-21', 'Alternative', 18, 'https://picsum.photos/id/263/200/200');
INSERT INTO ALBUMS (album_id, artist_id, name, release_date, genre, music_number, image) VALUES (43, 93, 'Album 12imgdvc', '2016-09-03', 'Country', 9, 'https://picsum.photos/id/241/200/200');
INSERT INTO ALBUMS (album_id, artist_id, name, release_date, genre, music_number, image) VALUES (44, 60, 'Album 8efQIn7x', '2023-07-09', 'Alternative', 19, 'https://picsum.photos/id/256/200/200');
INSERT INTO ALBUMS (album_id, artist_id, name, release_date, genre, music_number, image) VALUES (45, 94, 'Album LUe5z6Qc', '2012-03-24', 'Hip Hop', 9, 'https://picsum.photos/id/204/200/200');
INSERT INTO ALBUMS (album_id, artist_id, name, release_date, genre, music_number, image) VALUES (46, 12, 'Album soswl1Ua', '2013-08-14', 'R&B', 8, 'https://picsum.photos/id/295/200/200');
INSERT INTO ALBUMS (album_id, artist_id, name, release_date, genre, music_number, image) VALUES (47, 38, 'Album 319Y8Mjj', '2018-07-15', 'Jazz', 11, 'https://picsum.photos/id/202/200/200');
INSERT INTO ALBUMS (album_id, artist_id, name, release_date, genre, music_number, image) VALUES (48, 60, 'Album AX6rG4Ts', '2018-06-10', 'Blues', 13, 'https://picsum.photos/id/300/200/200');
INSERT INTO ALBUMS (album_id, artist_id, name, release_date, genre, music_number, image) VALUES (49, 98, 'Album 976JPVLp', '2023-04-30', 'R&B', 9, 'https://picsum.photos/id/284/200/200');
INSERT INTO ALBUMS (album_id, artist_id, name, release_date, genre, music_number, image) VALUES (50, 54, 'Album iZXmwHbH', '2019-06-13', 'Classical', 16, 'https://picsum.photos/id/206/200/200');
INSERT INTO ALBUMS (album_id, artist_id, name, release_date, genre, music_number, image) VALUES (51, 87, 'Album OhLLRUsQ', '2014-02-11', 'Country', 11, 'https://picsum.photos/id/202/200/200');
INSERT INTO ALBUMS (album_id, artist_id, name, release_date, genre, music_number, image) VALUES (52, 95, 'Album xrh9tnO6', '2017-11-28', 'Metal', 19, 'https://picsum.photos/id/222/200/200');
INSERT INTO ALBUMS (album_id, artist_id, name, release_date, genre, music_number, image) VALUES (53, 30, 'Album gRjT6nKu', '2011-01-10', 'Electronic', 7, 'https://picsum.photos/id/282/200/200');
INSERT INTO ALBUMS (album_id, artist_id, name, release_date, genre, music_number, image) VALUES (54, 10, 'Album EjQPfFjS', '2018-08-29', 'Jazz', 6, 'https://picsum.photos/id/235/200/200');
INSERT INTO ALBUMS (album_id, artist_id, name, release_date, genre, music_number, image) VALUES (55, 47, 'Album 07mniZVc', '2015-02-18', 'Alternative', 8, 'https://picsum.photos/id/281/200/200');
INSERT INTO ALBUMS (album_id, artist_id, name, release_date, genre, music_number, image) VALUES (56, 82, 'Album FftKvmSJ', '2010-05-13', 'Electronic', 11, 'https://picsum.photos/id/251/200/200');
INSERT INTO ALBUMS (album_id, artist_id, name, release_date, genre, music_number, image) VALUES (57, 30, 'Album oQ4B7rmx', '2015-12-08', 'Dance', 8, 'https://picsum.photos/id/276/200/200');
INSERT INTO ALBUMS (album_id, artist_id, name, release_date, genre, music_number, image) VALUES (58, 93, 'Album 3ldEojRm', '2015-03-15', 'Country', 10, 'https://picsum.photos/id/220/200/200');
INSERT INTO ALBUMS (album_id, artist_id, name, release_date, genre, music_number, image) VALUES (59, 26, 'Album oVEDiyAi', '2010-11-09', 'Pop', 18, 'https://picsum.photos/id/267/200/200');
INSERT INTO ALBUMS (album_id, artist_id, name, release_date, genre, music_number, image) VALUES (60, 71, 'Album HJ5zQlKf', '2015-04-03', 'Blues', 16, 'https://picsum.photos/id/297/200/200');
INSERT INTO ALBUMS (album_id, artist_id, name, release_date, genre, music_number, image) VALUES (61, 35, 'Album RKsqkwso', '2018-11-26', 'Classical', 14, 'https://picsum.photos/id/268/200/200');
INSERT INTO ALBUMS (album_id, artist_id, name, release_date, genre, music_number, image) VALUES (62, 61, 'Album 3IOVJpk4', '2019-06-08', 'Classical', 9, 'https://picsum.photos/id/237/200/200');
INSERT INTO ALBUMS (album_id, artist_id, name, release_date, genre, music_number, image) VALUES (63, 74, 'Album UJUu832K', '2015-02-11', 'Indie', 13, 'https://picsum.photos/id/282/200/200');
INSERT INTO ALBUMS (album_id, artist_id, name, release_date, genre, music_number, image) VALUES (64, 37, 'Album hFHeJxlB', '2022-12-13', 'Indie', 7, 'https://picsum.photos/id/288/200/200');
INSERT INTO ALBUMS (album_id, artist_id, name, release_date, genre, music_number, image) VALUES (65, 37, 'Album tOSMcOV0', '2013-08-09', 'Electronic', 7, 'https://picsum.photos/id/234/200/200');
INSERT INTO ALBUMS (album_id, artist_id, name, release_date, genre, music_number, image) VALUES (66, 92, 'Album 7BjwETKZ', '2015-02-25', 'Reggae', 20, 'https://picsum.photos/id/204/200/200');
INSERT INTO ALBUMS (album_id, artist_id, name, release_date, genre, music_number, image) VALUES (67, 99, 'Album Vxj5SkD4', '2022-10-11', 'Rock', 20, 'https://picsum.photos/id/230/200/200');
INSERT INTO ALBUMS (album_id, artist_id, name, release_date, genre, music_number, image) VALUES (68, 45, 'Album nLK0Hbtm', '2011-06-03', 'Classical', 7, 'https://picsum.photos/id/286/200/200');
INSERT INTO ALBUMS (album_id, artist_id, name, release_date, genre, music_number, image) VALUES (69, 8, 'Album qFdf9Tza', '2011-02-07', 'Metal', 20, 'https://picsum.photos/id/260/200/200');
INSERT INTO ALBUMS (album_id, artist_id, name, release_date, genre, music_number, image) VALUES (70, 39, 'Album XOFOQJgr', '2014-10-27', 'Indie', 17, 'https://picsum.photos/id/225/200/200');
INSERT INTO ALBUMS (album_id, artist_id, name, release_date, genre, music_number, image) VALUES (71, 6, 'Album YEXoDDgB', '2012-08-09', 'Pop', 13, 'https://picsum.photos/id/260/200/200');
INSERT INTO ALBUMS (album_id, artist_id, name, release_date, genre, music_number, image) VALUES (72, 59, 'Album qabtw0es', '2014-01-08', 'Hip Hop', 9, 'https://picsum.photos/id/251/200/200');
INSERT INTO ALBUMS (album_id, artist_id, name, release_date, genre, music_number, image) VALUES (73, 16, 'Album pAjCbwBf', '2019-01-18', 'Blues', 20, 'https://picsum.photos/id/216/200/200');
INSERT INTO ALBUMS (album_id, artist_id, name, release_date, genre, music_number, image) VALUES (74, 26, 'Album QrOSRYSy', '2010-06-08', 'Pop', 14, 'https://picsum.photos/id/215/200/200');
INSERT INTO ALBUMS (album_id, artist_id, name, release_date, genre, music_number, image) VALUES (75, 69, 'Album WQxtjNeT', '2018-06-08', 'Indie', 5, 'https://picsum.photos/id/223/200/200');
INSERT INTO ALBUMS (album_id, artist_id, name, release_date, genre, music_number, image) VALUES (76, 21, 'Album Ql4f2UOW', '2019-03-10', 'Metal', 7, 'https://picsum.photos/id/238/200/200');
INSERT INTO ALBUMS (album_id, artist_id, name, release_date, genre, music_number, image) VALUES (77, 62, 'Album GXxZDXeV', '2015-02-05', 'Hip Hop', 18, 'https://picsum.photos/id/211/200/200');
INSERT INTO ALBUMS (album_id, artist_id, name, release_date, genre, music_number, image) VALUES (78, 34, 'Album myF8JiWD', '2022-09-16', 'Reggae', 14, 'https://picsum.photos/id/266/200/200');
INSERT INTO ALBUMS (album_id, artist_id, name, release_date, genre, music_number, image) VALUES (79, 67, 'Album rUE3lYPF', '2023-06-18', 'Country', 19, 'https://picsum.photos/id/239/200/200');
INSERT INTO ALBUMS (album_id, artist_id, name, release_date, genre, music_number, image) VALUES (80, 38, 'Album YHFnh2kP', '2015-09-13', 'Electronic', 16, 'https://picsum.photos/id/295/200/200');
INSERT INTO ALBUMS (album_id, artist_id, name, release_date, genre, music_number, image) VALUES (81, 61, 'Album 8IKmnoQO', '2010-03-19', 'Reggae', 8, 'https://picsum.photos/id/255/200/200');
INSERT INTO ALBUMS (album_id, artist_id, name, release_date, genre, music_number, image) VALUES (82, 38, 'Album lJannjNf', '2021-12-02', 'Country', 18, 'https://picsum.photos/id/229/200/200');
INSERT INTO ALBUMS (album_id, artist_id, name, release_date, genre, music_number, image) VALUES (83, 23, 'Album N2Br54wl', '2018-07-26', 'Reggae', 12, 'https://picsum.photos/id/232/200/200');
INSERT INTO ALBUMS (album_id, artist_id, name, release_date, genre, music_number, image) VALUES (84, 22, 'Album 79QmjEl3', '2024-03-18', 'Metal', 7, 'https://picsum.photos/id/282/200/200');
INSERT INTO ALBUMS (album_id, artist_id, name, release_date, genre, music_number, image) VALUES (85, 19, 'Album 1YFBCHpA', '2018-01-09', 'Electronic', 19, 'https://picsum.photos/id/230/200/200');
INSERT INTO ALBUMS (album_id, artist_id, name, release_date, genre, music_number, image) VALUES (86, 13, 'Album z4Ahz0Im', '2019-04-30', 'Rock', 7, 'https://picsum.photos/id/267/200/200');
INSERT INTO ALBUMS (album_id, artist_id, name, release_date, genre, music_number, image) VALUES (87, 9, 'Album host2acf', '2015-10-13', 'Jazz', 7, 'https://picsum.photos/id/234/200/200');
INSERT INTO ALBUMS (album_id, artist_id, name, release_date, genre, music_number, image) VALUES (88, 47, 'Album bMVUsIR2', '2018-09-13', 'R&B', 18, 'https://picsum.photos/id/258/200/200');
INSERT INTO ALBUMS (album_id, artist_id, name, release_date, genre, music_number, image) VALUES (89, 72, 'Album X2H59VVR', '2010-09-10', 'Blues', 14, 'https://picsum.photos/id/276/200/200');
INSERT INTO ALBUMS (album_id, artist_id, name, release_date, genre, music_number, image) VALUES (90, 47, 'Album HpEl5qZw', '2023-10-05', 'Rock', 13, 'https://picsum.photos/id/230/200/200');
INSERT INTO ALBUMS (album_id, artist_id, name, release_date, genre, music_number, image) VALUES (91, 80, 'Album hewnNRB6', '2010-05-28', 'Reggae', 15, 'https://picsum.photos/id/235/200/200');
INSERT INTO ALBUMS (album_id, artist_id, name, release_date, genre, music_number, image) VALUES (92, 64, 'Album AsGKWZkj', '2012-05-04', 'Folk', 13, 'https://picsum.photos/id/262/200/200');
INSERT INTO ALBUMS (album_id, artist_id, name, release_date, genre, music_number, image) VALUES (93, 2, 'Album 0cKcyQKX', '2023-03-29', 'Alternative', 7, 'https://picsum.photos/id/211/200/200');
INSERT INTO ALBUMS (album_id, artist_id, name, release_date, genre, music_number, image) VALUES (94, 7, 'Album 9cSmobzs', '2016-11-13', 'Reggae', 14, 'https://picsum.photos/id/226/200/200');
INSERT INTO ALBUMS (album_id, artist_id, name, release_date, genre, music_number, image) VALUES (95, 27, 'Album B9MCUh70', '2018-03-08', 'Electronic', 20, 'https://picsum.photos/id/234/200/200');
INSERT INTO ALBUMS (album_id, artist_id, name, release_date, genre, music_number, image) VALUES (96, 1, 'Album esInrAA2', '2013-08-12', 'Indie', 17, 'https://picsum.photos/id/228/200/200');
INSERT INTO ALBUMS (album_id, artist_id, name, release_date, genre, music_number, image) VALUES (97, 1, 'Album dSi80bVT', '2019-02-05', 'Electronic', 11, 'https://picsum.photos/id/297/200/200');
INSERT INTO ALBUMS (album_id, artist_id, name, release_date, genre, music_number, image) VALUES (98, 30, 'Album gzCjIEPT', '2019-11-08', 'Folk', 20, 'https://picsum.photos/id/239/200/200');
INSERT INTO ALBUMS (album_id, artist_id, name, release_date, genre, music_number, image) VALUES (99, 73, 'Album Zr88xjn7', '2012-02-07', 'Jazz', 12, 'https://picsum.photos/id/253/200/200');
INSERT INTO ALBUMS (album_id, artist_id, name, release_date, genre, music_number, image) VALUES (100, 30, 'Album OrKTfiTy', '2009-08-30', 'R&B', 9, 'https://picsum.photos/id/209/200/200');
INSERT INTO ALBUMS (album_id, artist_id, name, release_date, genre, music_number, image) VALUES (101, 17, 'Album HAnMA6Gq', '2022-02-08', 'Classical', 9, 'https://picsum.photos/id/285/200/200');
INSERT INTO ALBUMS (album_id, artist_id, name, release_date, genre, music_number, image) VALUES (102, 53, 'Album ypADrBTE', '2008-06-18', 'Jazz', 15, 'https://picsum.photos/id/209/200/200');
INSERT INTO ALBUMS (album_id, artist_id, name, release_date, genre, music_number, image) VALUES (103, 97, 'Album B7EKz2b0', '2009-10-15', 'Jazz', 10, 'https://picsum.photos/id/251/200/200');
INSERT INTO ALBUMS (album_id, artist_id, name, release_date, genre, music_number, image) VALUES (104, 97, 'Album r6YY9bei', '2013-12-09', 'Reggae', 18, 'https://picsum.photos/id/275/200/200');
INSERT INTO ALBUMS (album_id, artist_id, name, release_date, genre, music_number, image) VALUES (105, 65, 'Album 38NTdX3T', '2016-07-25', 'Folk', 15, 'https://picsum.photos/id/256/200/200');
INSERT INTO ALBUMS (album_id, artist_id, name, release_date, genre, music_number, image) VALUES (106, 63, 'Album xiXaCJME', '2020-06-25', 'Hip Hop', 19, 'https://picsum.photos/id/235/200/200');
INSERT INTO ALBUMS (album_id, artist_id, name, release_date, genre, music_number, image) VALUES (107, 29, 'Album 98FXdKhi', '2023-12-01', 'Indie', 16, 'https://picsum.photos/id/215/200/200');
INSERT INTO ALBUMS (album_id, artist_id, name, release_date, genre, music_number, image) VALUES (108, 66, 'Album pnzJNoY5', '2010-02-24', 'Electronic', 10, 'https://picsum.photos/id/222/200/200');
INSERT INTO ALBUMS (album_id, artist_id, name, release_date, genre, music_number, image) VALUES (109, 91, 'Album r6HYoyqD', '2024-04-16', 'Hip Hop', 19, 'https://picsum.photos/id/234/200/200');
INSERT INTO ALBUMS (album_id, artist_id, name, release_date, genre, music_number, image) VALUES (110, 41, 'Album yi9aivxI', '2014-01-03', 'Pop', 19, 'https://picsum.photos/id/245/200/200');
INSERT INTO ALBUMS (album_id, artist_id, name, release_date, genre, music_number, image) VALUES (111, 29, 'Album HjMRJs9R', '2011-12-20', 'Hip Hop', 14, 'https://picsum.photos/id/236/200/200');
INSERT INTO ALBUMS (album_id, artist_id, name, release_date, genre, music_number, image) VALUES (112, 90, 'Album qhLgiTEK', '2017-01-21', 'Hip Hop', 12, 'https://picsum.photos/id/292/200/200');
INSERT INTO ALBUMS (album_id, artist_id, name, release_date, genre, music_number, image) VALUES (113, 74, 'Album zvDsEhlu', '2019-02-12', 'Metal', 6, 'https://picsum.photos/id/296/200/200');
INSERT INTO ALBUMS (album_id, artist_id, name, release_date, genre, music_number, image) VALUES (114, 46, 'Album 5yR9iFo1', '2012-05-20', 'Indie', 17, 'https://picsum.photos/id/250/200/200');
INSERT INTO ALBUMS (album_id, artist_id, name, release_date, genre, music_number, image) VALUES (115, 59, 'Album cpfjlBoR', '2011-07-23', 'Classical', 18, 'https://picsum.photos/id/298/200/200');
INSERT INTO ALBUMS (album_id, artist_id, name, release_date, genre, music_number, image) VALUES (116, 98, 'Album hYv6WumZ', '2017-03-25', 'Classical', 10, 'https://picsum.photos/id/247/200/200');
INSERT INTO ALBUMS (album_id, artist_id, name, release_date, genre, music_number, image) VALUES (117, 92, 'Album 2K5Azfyp', '2015-03-12', 'Alternative', 20, 'https://picsum.photos/id/206/200/200');
INSERT INTO ALBUMS (album_id, artist_id, name, release_date, genre, music_number, image) VALUES (118, 70, 'Album kVSqGGXn', '2014-08-15', 'R&B', 19, 'https://picsum.photos/id/250/200/200');
INSERT INTO ALBUMS (album_id, artist_id, name, release_date, genre, music_number, image) VALUES (119, 76, 'Album RjSmOmdv', '2008-10-24', 'Classical', 19, 'https://picsum.photos/id/262/200/200');
INSERT INTO ALBUMS (album_id, artist_id, name, release_date, genre, music_number, image) VALUES (120, 36, 'Album 0VBpni3K', '2011-11-09', 'Country', 8, 'https://picsum.photos/id/234/200/200');
INSERT INTO ALBUMS (album_id, artist_id, name, release_date, genre, music_number, image) VALUES (121, 75, 'Album ZSqWEGkz', '2012-07-01', 'Alternative', 17, 'https://picsum.photos/id/228/200/200');
INSERT INTO ALBUMS (album_id, artist_id, name, release_date, genre, music_number, image) VALUES (122, 98, 'Album nmEEF1Bl', '2013-03-01', 'Metal', 19, 'https://picsum.photos/id/224/200/200');
INSERT INTO ALBUMS (album_id, artist_id, name, release_date, genre, music_number, image) VALUES (123, 9, 'Album 5G5497H8', '2014-05-29', 'Rock', 5, 'https://picsum.photos/id/275/200/200');
INSERT INTO ALBUMS (album_id, artist_id, name, release_date, genre, music_number, image) VALUES (124, 69, 'Album Lo2bKmop', '2018-05-31', 'Indie', 10, 'https://picsum.photos/id/269/200/200');
INSERT INTO ALBUMS (album_id, artist_id, name, release_date, genre, music_number, image) VALUES (125, 94, 'Album JMn4Z3Af', '2009-12-25', 'Folk', 8, 'https://picsum.photos/id/223/200/200');
INSERT INTO ALBUMS (album_id, artist_id, name, release_date, genre, music_number, image) VALUES (126, 93, 'Album 7lKwtDd4', '2011-10-10', 'R&B', 10, 'https://picsum.photos/id/274/200/200');
INSERT INTO ALBUMS (album_id, artist_id, name, release_date, genre, music_number, image) VALUES (127, 92, 'Album j4JVPSVk', '2019-03-18', 'Hip Hop', 12, 'https://picsum.photos/id/216/200/200');
INSERT INTO ALBUMS (album_id, artist_id, name, release_date, genre, music_number, image) VALUES (128, 30, 'Album BuD5Yo8K', '2020-01-09', 'Dance', 17, 'https://picsum.photos/id/262/200/200');
INSERT INTO ALBUMS (album_id, artist_id, name, release_date, genre, music_number, image) VALUES (129, 12, 'Album 7regZJNF', '2022-12-13', 'Reggae', 10, 'https://picsum.photos/id/251/200/200');
INSERT INTO ALBUMS (album_id, artist_id, name, release_date, genre, music_number, image) VALUES (130, 3, 'Album iHA1PiBt', '2020-02-27', 'Dance', 9, 'https://picsum.photos/id/216/200/200');
INSERT INTO ALBUMS (album_id, artist_id, name, release_date, genre, music_number, image) VALUES (131, 43, 'Album C1ibkrlF', '2011-06-22', 'Electronic', 6, 'https://picsum.photos/id/206/200/200');
INSERT INTO ALBUMS (album_id, artist_id, name, release_date, genre, music_number, image) VALUES (132, 10, 'Album 2tWlM5Q3', '2012-03-11', 'Folk', 14, 'https://picsum.photos/id/205/200/200');
INSERT INTO ALBUMS (album_id, artist_id, name, release_date, genre, music_number, image) VALUES (133, 94, 'Album dPcgrOGd', '2011-07-25', 'Dance', 8, 'https://picsum.photos/id/231/200/200');
INSERT INTO ALBUMS (album_id, artist_id, name, release_date, genre, music_number, image) VALUES (134, 28, 'Album CtYlvhUg', '2015-05-12', 'Pop', 19, 'https://picsum.photos/id/299/200/200');
INSERT INTO ALBUMS (album_id, artist_id, name, release_date, genre, music_number, image) VALUES (135, 50, 'Album EeXFB1Ul', '2020-07-02', 'Electronic', 6, 'https://picsum.photos/id/217/200/200');
INSERT INTO ALBUMS (album_id, artist_id, name, release_date, genre, music_number, image) VALUES (136, 43, 'Album FRScyyry', '2022-08-30', 'Folk', 11, 'https://picsum.photos/id/275/200/200');
INSERT INTO ALBUMS (album_id, artist_id, name, release_date, genre, music_number, image) VALUES (137, 46, 'Album 7s4xFe7t', '2020-05-11', 'Jazz', 14, 'https://picsum.photos/id/296/200/200');
INSERT INTO ALBUMS (album_id, artist_id, name, release_date, genre, music_number, image) VALUES (138, 73, 'Album BphXhQPh', '2024-04-08', 'Dance', 5, 'https://picsum.photos/id/228/200/200');
INSERT INTO ALBUMS (album_id, artist_id, name, release_date, genre, music_number, image) VALUES (139, 21, 'Album Lfj0cX4L', '2017-03-18', 'Classical', 18, 'https://picsum.photos/id/242/200/200');
INSERT INTO ALBUMS (album_id, artist_id, name, release_date, genre, music_number, image) VALUES (140, 35, 'Album DGpzDk0v', '2022-09-01', 'Blues', 7, 'https://picsum.photos/id/267/200/200');
INSERT INTO ALBUMS (album_id, artist_id, name, release_date, genre, music_number, image) VALUES (141, 85, 'Album XjNcGHUI', '2021-01-09', 'R&B', 15, 'https://picsum.photos/id/245/200/200');
INSERT INTO ALBUMS (album_id, artist_id, name, release_date, genre, music_number, image) VALUES (142, 72, 'Album pLc9hdLq', '2017-10-30', 'Pop', 14, 'https://picsum.photos/id/220/200/200');
INSERT INTO ALBUMS (album_id, artist_id, name, release_date, genre, music_number, image) VALUES (143, 76, 'Album LZENWoI0', '2018-08-30', 'R&B', 14, 'https://picsum.photos/id/292/200/200');
INSERT INTO ALBUMS (album_id, artist_id, name, release_date, genre, music_number, image) VALUES (144, 86, 'Album yTpgQB29', '2021-05-15', 'R&B', 18, 'https://picsum.photos/id/236/200/200');
INSERT INTO ALBUMS (album_id, artist_id, name, release_date, genre, music_number, image) VALUES (145, 67, 'Album x1gSKJjG', '2009-02-21', 'Alternative', 10, 'https://picsum.photos/id/288/200/200');
INSERT INTO ALBUMS (album_id, artist_id, name, release_date, genre, music_number, image) VALUES (146, 75, 'Album vZddLdSa', '2023-05-09', 'Metal', 13, 'https://picsum.photos/id/217/200/200');
INSERT INTO ALBUMS (album_id, artist_id, name, release_date, genre, music_number, image) VALUES (147, 90, 'Album VuJArPTX', '2013-02-18', 'Folk', 11, 'https://picsum.photos/id/271/200/200');
INSERT INTO ALBUMS (album_id, artist_id, name, release_date, genre, music_number, image) VALUES (148, 84, 'Album Q6PIrk3j', '2019-08-14', 'Alternative', 19, 'https://picsum.photos/id/281/200/200');
INSERT INTO ALBUMS (album_id, artist_id, name, release_date, genre, music_number, image) VALUES (149, 72, 'Album 0JDuZ52g', '2021-09-03', 'Pop', 9, 'https://picsum.photos/id/231/200/200');
INSERT INTO ALBUMS (album_id, artist_id, name, release_date, genre, music_number, image) VALUES (150, 98, 'Album cpJuDyBr', '2019-03-04', 'Pop', 20, 'https://picsum.photos/id/242/200/200');
INSERT INTO ALBUMS (album_id, artist_id, name, release_date, genre, music_number, image) VALUES (151, 62, 'Album yDcvkGpt', '2018-03-13', 'Pop', 14, 'https://picsum.photos/id/231/200/200');
INSERT INTO ALBUMS (album_id, artist_id, name, release_date, genre, music_number, image) VALUES (152, 97, 'Album qyidqqjH', '2021-04-20', 'Folk', 6, 'https://picsum.photos/id/282/200/200');
INSERT INTO ALBUMS (album_id, artist_id, name, release_date, genre, music_number, image) VALUES (153, 14, 'Album s6o5rlsT', '2024-02-03', 'Alternative', 12, 'https://picsum.photos/id/279/200/200');
INSERT INTO ALBUMS (album_id, artist_id, name, release_date, genre, music_number, image) VALUES (154, 39, 'Album 9wO82AHR', '2023-04-24', 'Alternative', 14, 'https://picsum.photos/id/215/200/200');
INSERT INTO ALBUMS (album_id, artist_id, name, release_date, genre, music_number, image) VALUES (155, 56, 'Album wgNcwXAv', '2011-03-05', 'Blues', 18, 'https://picsum.photos/id/296/200/200');
INSERT INTO ALBUMS (album_id, artist_id, name, release_date, genre, music_number, image) VALUES (156, 78, 'Album Be9OzkVa', '2014-06-14', 'Hip Hop', 9, 'https://picsum.photos/id/244/200/200');
INSERT INTO ALBUMS (album_id, artist_id, name, release_date, genre, music_number, image) VALUES (157, 30, 'Album 0nVSbffL', '2022-03-04', 'Metal', 15, 'https://picsum.photos/id/260/200/200');
INSERT INTO ALBUMS (album_id, artist_id, name, release_date, genre, music_number, image) VALUES (158, 32, 'Album dcp6sgxh', '2019-06-12', 'Electronic', 19, 'https://picsum.photos/id/266/200/200');
INSERT INTO ALBUMS (album_id, artist_id, name, release_date, genre, music_number, image) VALUES (159, 93, 'Album OPm7jkzg', '2008-04-30', 'R&B', 15, 'https://picsum.photos/id/262/200/200');
INSERT INTO ALBUMS (album_id, artist_id, name, release_date, genre, music_number, image) VALUES (160, 74, 'Album 6mVIqoRj', '2020-03-23', 'Indie', 6, 'https://picsum.photos/id/279/200/200');
INSERT INTO ALBUMS (album_id, artist_id, name, release_date, genre, music_number, image) VALUES (161, 26, 'Album ZPwsKwmt', '2012-12-03', 'Rock', 6, 'https://picsum.photos/id/232/200/200');
INSERT INTO ALBUMS (album_id, artist_id, name, release_date, genre, music_number, image) VALUES (162, 33, 'Album COQFZ0g7', '2011-09-17', 'Rock', 19, 'https://picsum.photos/id/216/200/200');
INSERT INTO ALBUMS (album_id, artist_id, name, release_date, genre, music_number, image) VALUES (163, 24, 'Album r2pPclGU', '2023-06-17', 'Folk', 11, 'https://picsum.photos/id/221/200/200');
INSERT INTO ALBUMS (album_id, artist_id, name, release_date, genre, music_number, image) VALUES (164, 80, 'Album KwM4pzq4', '2014-01-17', 'Folk', 12, 'https://picsum.photos/id/205/200/200');
INSERT INTO ALBUMS (album_id, artist_id, name, release_date, genre, music_number, image) VALUES (165, 4, 'Album A31wn6Q9', '2023-12-09', 'Pop', 14, 'https://picsum.photos/id/203/200/200');
INSERT INTO ALBUMS (album_id, artist_id, name, release_date, genre, music_number, image) VALUES (166, 70, 'Album aHPjdRO2', '2010-10-22', 'Alternative', 13, 'https://picsum.photos/id/291/200/200');
INSERT INTO ALBUMS (album_id, artist_id, name, release_date, genre, music_number, image) VALUES (167, 29, 'Album lmDGAZS7', '2014-08-22', 'Rock', 9, 'https://picsum.photos/id/213/200/200');
INSERT INTO ALBUMS (album_id, artist_id, name, release_date, genre, music_number, image) VALUES (168, 54, 'Album d1BQXOFl', '2010-02-22', 'Rock', 18, 'https://picsum.photos/id/281/200/200');
INSERT INTO ALBUMS (album_id, artist_id, name, release_date, genre, music_number, image) VALUES (169, 75, 'Album PKLTeYGN', '2020-05-29', 'R&B', 18, 'https://picsum.photos/id/295/200/200');
INSERT INTO ALBUMS (album_id, artist_id, name, release_date, genre, music_number, image) VALUES (170, 73, 'Album UzAMFTIL', '2014-03-17', 'Indie', 7, 'https://picsum.photos/id/247/200/200');
INSERT INTO ALBUMS (album_id, artist_id, name, release_date, genre, music_number, image) VALUES (171, 40, 'Album zrVHJN4u', '2011-05-05', 'Electronic', 20, 'https://picsum.photos/id/204/200/200');
INSERT INTO ALBUMS (album_id, artist_id, name, release_date, genre, music_number, image) VALUES (172, 35, 'Album MCIVKv9J', '2015-11-12', 'Country', 10, 'https://picsum.photos/id/300/200/200');
INSERT INTO ALBUMS (album_id, artist_id, name, release_date, genre, music_number, image) VALUES (173, 57, 'Album DoHRujFB', '2020-08-24', 'Classical', 13, 'https://picsum.photos/id/287/200/200');
INSERT INTO ALBUMS (album_id, artist_id, name, release_date, genre, music_number, image) VALUES (174, 80, 'Album Ct46hPtu', '2023-03-15', 'Dance', 5, 'https://picsum.photos/id/213/200/200');
INSERT INTO ALBUMS (album_id, artist_id, name, release_date, genre, music_number, image) VALUES (175, 29, 'Album ewYsWDSv', '2012-05-04', 'Classical', 14, 'https://picsum.photos/id/219/200/200');
INSERT INTO ALBUMS (album_id, artist_id, name, release_date, genre, music_number, image) VALUES (176, 41, 'Album gNT00vdN', '2014-02-02', 'Dance', 20, 'https://picsum.photos/id/275/200/200');
INSERT INTO ALBUMS (album_id, artist_id, name, release_date, genre, music_number, image) VALUES (177, 39, 'Album c8by4pAR', '2020-12-31', 'Electronic', 10, 'https://picsum.photos/id/293/200/200');
INSERT INTO ALBUMS (album_id, artist_id, name, release_date, genre, music_number, image) VALUES (178, 37, 'Album ISGreYqu', '2014-10-30', 'Pop', 7, 'https://picsum.photos/id/216/200/200');
INSERT INTO ALBUMS (album_id, artist_id, name, release_date, genre, music_number, image) VALUES (179, 98, 'Album bBHYV5VT', '2013-10-10', 'Indie', 10, 'https://picsum.photos/id/217/200/200');
INSERT INTO ALBUMS (album_id, artist_id, name, release_date, genre, music_number, image) VALUES (180, 85, 'Album dAm7mFUi', '2011-06-08', 'Folk', 10, 'https://picsum.photos/id/230/200/200');
INSERT INTO ALBUMS (album_id, artist_id, name, release_date, genre, music_number, image) VALUES (181, 3, 'Album bQRtUUuZ', '2022-09-03', 'R&B', 17, 'https://picsum.photos/id/250/200/200');
INSERT INTO ALBUMS (album_id, artist_id, name, release_date, genre, music_number, image) VALUES (182, 8, 'Album StPww8F0', '2011-03-23', 'Blues', 6, 'https://picsum.photos/id/231/200/200');
INSERT INTO ALBUMS (album_id, artist_id, name, release_date, genre, music_number, image) VALUES (183, 58, 'Album GVzbXvNF', '2022-12-02', 'Alternative', 5, 'https://picsum.photos/id/232/200/200');
INSERT INTO ALBUMS (album_id, artist_id, name, release_date, genre, music_number, image) VALUES (184, 16, 'Album kToyv6rc', '2021-07-07', 'Hip Hop', 10, 'https://picsum.photos/id/238/200/200');
INSERT INTO ALBUMS (album_id, artist_id, name, release_date, genre, music_number, image) VALUES (185, 30, 'Album AcTcB1jO', '2015-03-03', 'Dance', 6, 'https://picsum.photos/id/292/200/200');
INSERT INTO ALBUMS (album_id, artist_id, name, release_date, genre, music_number, image) VALUES (186, 45, 'Album KfztuXNG', '2013-03-21', 'Jazz', 20, 'https://picsum.photos/id/262/200/200');
INSERT INTO ALBUMS (album_id, artist_id, name, release_date, genre, music_number, image) VALUES (187, 72, 'Album garQTGpU', '2008-07-17', 'Metal', 12, 'https://picsum.photos/id/214/200/200');
INSERT INTO ALBUMS (album_id, artist_id, name, release_date, genre, music_number, image) VALUES (188, 90, 'Album srMfxxE3', '2008-09-15', 'Folk', 6, 'https://picsum.photos/id/285/200/200');
INSERT INTO ALBUMS (album_id, artist_id, name, release_date, genre, music_number, image) VALUES (189, 21, 'Album GFRqTPLu', '2017-06-06', 'Blues', 14, 'https://picsum.photos/id/287/200/200');
INSERT INTO ALBUMS (album_id, artist_id, name, release_date, genre, music_number, image) VALUES (190, 64, 'Album VNQ6IKH8', '2012-02-01', 'Electronic', 16, 'https://picsum.photos/id/248/200/200');
INSERT INTO ALBUMS (album_id, artist_id, name, release_date, genre, music_number, image) VALUES (191, 65, 'Album RqOh2mNf', '2011-09-13', 'Blues', 20, 'https://picsum.photos/id/238/200/200');
INSERT INTO ALBUMS (album_id, artist_id, name, release_date, genre, music_number, image) VALUES (192, 33, 'Album W0BxN8sA', '2012-11-30', 'R&B', 7, 'https://picsum.photos/id/214/200/200');
INSERT INTO ALBUMS (album_id, artist_id, name, release_date, genre, music_number, image) VALUES (193, 54, 'Album bVSPcZ6Y', '2013-01-19', 'Classical', 17, 'https://picsum.photos/id/222/200/200');
INSERT INTO ALBUMS (album_id, artist_id, name, release_date, genre, music_number, image) VALUES (194, 91, 'Album wsWx41ph', '2018-03-29', 'Rock', 10, 'https://picsum.photos/id/245/200/200');
INSERT INTO ALBUMS (album_id, artist_id, name, release_date, genre, music_number, image) VALUES (195, 13, 'Album Zucp5DqA', '2017-09-11', 'Blues', 16, 'https://picsum.photos/id/296/200/200');
INSERT INTO ALBUMS (album_id, artist_id, name, release_date, genre, music_number, image) VALUES (196, 12, 'Album 0V1pQVs7', '2010-08-13', 'Reggae', 9, 'https://picsum.photos/id/282/200/200');
INSERT INTO ALBUMS (album_id, artist_id, name, release_date, genre, music_number, image) VALUES (197, 65, 'Album L5YIOqZF', '2021-06-04', 'Blues', 5, 'https://picsum.photos/id/287/200/200');
INSERT INTO ALBUMS (album_id, artist_id, name, release_date, genre, music_number, image) VALUES (198, 67, 'Album aor34vnM', '2009-01-16', 'Dance', 13, 'https://picsum.photos/id/284/200/200');
INSERT INTO ALBUMS (album_id, artist_id, name, release_date, genre, music_number, image) VALUES (199, 69, 'Album jmp3KcNd', '2018-04-26', 'Rock', 17, 'https://picsum.photos/id/282/200/200');
INSERT INTO ALBUMS (album_id, artist_id, name, release_date, genre, music_number, image) VALUES (200, 97, 'Album jkppR4XF', '2019-12-26', 'Blues', 7, 'https://picsum.photos/id/207/200/200');

-- SONGS Data --
INSERT INTO SONGS (song_id, album_id, title, duration, genre, release_date, `rank`, image) VALUES (1, 46, 'Song 2w6bFTtmtl', 480, 'Rock', '2018-03-02', 452, 'https://picsum.photos/id/295/200/200');
INSERT INTO SONGS (song_id, album_id, title, duration, genre, release_date, `rank`, image) VALUES (2, 16, 'Song XZ52ELRhWh', 214, 'R&B', '2010-07-25', 189, 'https://picsum.photos/id/252/200/200');
INSERT INTO SONGS (song_id, album_id, title, duration, genre, release_date, `rank`, image) VALUES (3, 63, 'Song a5qV8QIU8O', 418, 'Indie', '2009-12-05', 722, 'https://picsum.photos/id/282/200/200');
INSERT INTO SONGS (song_id, album_id, title, duration, genre, release_date, `rank`, image) VALUES (4, 200, 'Song zDaCxEwn8U', 322, 'Classical', '2020-07-12', 347, 'https://picsum.photos/id/207/200/200');
INSERT INTO SONGS (song_id, album_id, title, duration, genre, release_date, `rank`, image) VALUES (5, 159, 'Song aKqlEdrQY7', 261, 'Blues', '2014-06-02', 307, 'https://picsum.photos/id/262/200/200');
INSERT INTO SONGS (song_id, album_id, title, duration, genre, release_date, `rank`, image) VALUES (6, 76, 'Song VS7PQxqi4w', 434, 'Rock', '2018-03-05', 271, 'https://picsum.photos/id/238/200/200');
INSERT INTO SONGS (song_id, album_id, title, duration, genre, release_date, `rank`, image) VALUES (7, 51, 'Song K8j8x8IpBm', 310, 'Alternative', '2010-06-20', 955, 'https://picsum.photos/id/202/200/200');
INSERT INTO SONGS (song_id, album_id, title, duration, genre, release_date, `rank`, image) VALUES (8, 37, 'Song jskaV65jYN', 320, 'Classical', '2018-04-17', 831, 'https://picsum.photos/id/267/200/200');
INSERT INTO SONGS (song_id, album_id, title, duration, genre, release_date, `rank`, image) VALUES (9, 171, 'Song cgMivClNx7', 390, 'Blues', '2011-06-08', 63, 'https://picsum.photos/id/204/200/200');
INSERT INTO SONGS (song_id, album_id, title, duration, genre, release_date, `rank`, image) VALUES (10, 148, 'Song oQIJvo1n0O', 348, 'Blues', '2008-12-20', 583, 'https://picsum.photos/id/281/200/200');
INSERT INTO SONGS (song_id, album_id, title, duration, genre, release_date, `rank`, image) VALUES (11, 170, 'Song wl77YJqvuR', 225, 'Jazz', '2008-09-26', 289, 'https://picsum.photos/id/247/200/200');
INSERT INTO SONGS (song_id, album_id, title, duration, genre, release_date, `rank`, image) VALUES (12, 181, 'Song YBIIla4MaR', 406, 'Rock', '2023-11-09', 672, 'https://picsum.photos/id/250/200/200');
INSERT INTO SONGS (song_id, album_id, title, duration, genre, release_date, `rank`, image) VALUES (13, 69, 'Song J4oJhdMnFq', 235, 'Indie', '2013-05-24', 718, 'https://picsum.photos/id/260/200/200');
INSERT INTO SONGS (song_id, album_id, title, duration, genre, release_date, `rank`, image) VALUES (14, 191, 'Song bbMnWYfVl2', 231, 'Indie', '2022-05-26', 629, 'https://picsum.photos/id/238/200/200');
INSERT INTO SONGS (song_id, album_id, title, duration, genre, release_date, `rank`, image) VALUES (15, 77, 'Song zqkcGLssHv', 306, 'Metal', '2008-07-19', 142, 'https://picsum.photos/id/211/200/200');
INSERT INTO SONGS (song_id, album_id, title, duration, genre, release_date, `rank`, image) VALUES (16, 141, 'Song W174CDK3bo', 450, 'Folk', '2008-09-09', 32, 'https://picsum.photos/id/245/200/200');
INSERT INTO SONGS (song_id, album_id, title, duration, genre, release_date, `rank`, image) VALUES (17, 26, 'Song 3row6Lapzc', 309, 'Folk', '2012-12-30', 506, 'https://picsum.photos/id/260/200/200');
INSERT INTO SONGS (song_id, album_id, title, duration, genre, release_date, `rank`, image) VALUES (18, 37, 'Song iSnLoD5v54', 214, 'Electronic', '2009-12-03', 919, 'https://picsum.photos/id/267/200/200');
INSERT INTO SONGS (song_id, album_id, title, duration, genre, release_date, `rank`, image) VALUES (19, 27, 'Song q8Kyvr65c4', 367, 'Folk', '2023-04-30', 30, 'https://picsum.photos/id/249/200/200');
INSERT INTO SONGS (song_id, album_id, title, duration, genre, release_date, `rank`, image) VALUES (20, 122, 'Song DKqMZ33hSm', 277, 'Electronic', '2023-09-27', 109, 'https://picsum.photos/id/224/200/200');
INSERT INTO SONGS (song_id, album_id, title, duration, genre, release_date, `rank`, image) VALUES (21, 160, 'Song mEUEOotzkr', 400, 'Indie', '2019-03-12', 4, 'https://picsum.photos/id/279/200/200');
INSERT INTO SONGS (song_id, album_id, title, duration, genre, release_date, `rank`, image) VALUES (22, 120, 'Song bOGGi3fsNt', 321, 'Dance', '2016-09-25', 890, 'https://picsum.photos/id/234/200/200');
INSERT INTO SONGS (song_id, album_id, title, duration, genre, release_date, `rank`, image) VALUES (23, 134, 'Song uN9SF3kvRG', 305, 'Country', '2013-07-27', 22, 'https://picsum.photos/id/299/200/200');
INSERT INTO SONGS (song_id, album_id, title, duration, genre, release_date, `rank`, image) VALUES (24, 121, 'Song ovkf6Qa2CN', 121, 'Jazz', '2011-01-22', 458, 'https://picsum.photos/id/228/200/200');
INSERT INTO SONGS (song_id, album_id, title, duration, genre, release_date, `rank`, image) VALUES (25, 139, 'Song uEahmApJGD', 459, 'Alternative', '2018-02-15', 530, 'https://picsum.photos/id/242/200/200');
INSERT INTO SONGS (song_id, album_id, title, duration, genre, release_date, `rank`, image) VALUES (26, 84, 'Song AQMKnJ84EE', 231, 'R&B', '2009-10-25', 832, 'https://picsum.photos/id/282/200/200');
INSERT INTO SONGS (song_id, album_id, title, duration, genre, release_date, `rank`, image) VALUES (27, 44, 'Song OTNDnvU97D', 261, 'Reggae', '2015-03-25', 161, 'https://picsum.photos/id/256/200/200');
INSERT INTO SONGS (song_id, album_id, title, duration, genre, release_date, `rank`, image) VALUES (28, 94, 'Song Rph3ocSQyT', 148, 'R&B', '2021-02-02', 333, 'https://picsum.photos/id/226/200/200');
INSERT INTO SONGS (song_id, album_id, title, duration, genre, release_date, `rank`, image) VALUES (29, 184, 'Song EbHduhdEo5', 414, 'R&B', '2019-03-28', 953, 'https://picsum.photos/id/238/200/200');
INSERT INTO SONGS (song_id, album_id, title, duration, genre, release_date, `rank`, image) VALUES (30, 171, 'Song kMU1RIvOJw', 259, 'Indie', '2015-03-03', 493, 'https://picsum.photos/id/204/200/200');
INSERT INTO SONGS (song_id, album_id, title, duration, genre, release_date, `rank`, image) VALUES (31, 23, 'Song cTMv2vEsD6', 143, 'Pop', '2022-07-03', 527, 'https://picsum.photos/id/272/200/200');
INSERT INTO SONGS (song_id, album_id, title, duration, genre, release_date, `rank`, image) VALUES (32, 100, 'Song UKzAeQAOe2', 411, 'Electronic', '2010-09-16', 766, 'https://picsum.photos/id/209/200/200');
INSERT INTO SONGS (song_id, album_id, title, duration, genre, release_date, `rank`, image) VALUES (33, 135, 'Song BqKPF6vqGm', 440, 'Blues', '2009-10-22', 353, 'https://picsum.photos/id/217/200/200');
INSERT INTO SONGS (song_id, album_id, title, duration, genre, release_date, `rank`, image) VALUES (34, 9, 'Song l5iiyDywJ1', 280, 'Hip Hop', '2015-03-24', 408, 'https://picsum.photos/id/287/200/200');
INSERT INTO SONGS (song_id, album_id, title, duration, genre, release_date, `rank`, image) VALUES (35, 66, 'Song gAheLNlpsb', 232, 'R&B', '2022-02-04', 920, 'https://picsum.photos/id/204/200/200');
INSERT INTO SONGS (song_id, album_id, title, duration, genre, release_date, `rank`, image) VALUES (36, 38, 'Song MWOWUXaQWa', 284, 'Country', '2019-03-09', 127, 'https://picsum.photos/id/255/200/200');
INSERT INTO SONGS (song_id, album_id, title, duration, genre, release_date, `rank`, image) VALUES (37, 46, 'Song JYmyg5dbcq', 451, 'Country', '2011-03-28', 374, 'https://picsum.photos/id/295/200/200');
INSERT INTO SONGS (song_id, album_id, title, duration, genre, release_date, `rank`, image) VALUES (38, 146, 'Song y4yiKzxt1S', 169, 'Folk', '2020-10-24', 536, 'https://picsum.photos/id/217/200/200');
INSERT INTO SONGS (song_id, album_id, title, duration, genre, release_date, `rank`, image) VALUES (39, 200, 'Song FV6RuMUeHm', 455, 'Jazz', '2010-02-13', 210, 'https://picsum.photos/id/207/200/200');
INSERT INTO SONGS (song_id, album_id, title, duration, genre, release_date, `rank`, image) VALUES (40, 110, 'Song Gw80guBIIR', 234, 'Metal', '2021-09-11', 750, 'https://picsum.photos/id/245/200/200');
INSERT INTO SONGS (song_id, album_id, title, duration, genre, release_date, `rank`, image) VALUES (41, 129, 'Song 6HrzDYDYhk', 127, 'Folk', '2014-05-14', 684, 'https://picsum.photos/id/251/200/200');
INSERT INTO SONGS (song_id, album_id, title, duration, genre, release_date, `rank`, image) VALUES (42, 25, 'Song 3ebklpZ9db', 191, 'Reggae', '2023-07-24', 83, 'https://picsum.photos/id/236/200/200');
INSERT INTO SONGS (song_id, album_id, title, duration, genre, release_date, `rank`, image) VALUES (43, 97, 'Song xSowDCpbSU', 432, 'Jazz', '2013-10-11', 997, 'https://picsum.photos/id/297/200/200');
INSERT INTO SONGS (song_id, album_id, title, duration, genre, release_date, `rank`, image) VALUES (44, 101, 'Song BISREHybVC', 456, 'Indie', '2020-06-13', 192, 'https://picsum.photos/id/285/200/200');
INSERT INTO SONGS (song_id, album_id, title, duration, genre, release_date, `rank`, image) VALUES (45, 107, 'Song rXl9CGYSTO', 433, 'Folk', '2018-11-17', 177, 'https://picsum.photos/id/215/200/200');
INSERT INTO SONGS (song_id, album_id, title, duration, genre, release_date, `rank`, image) VALUES (46, 4, 'Song QuTs5lYLjC', 181, 'Folk', '2021-06-11', 829, 'https://picsum.photos/id/264/200/200');
INSERT INTO SONGS (song_id, album_id, title, duration, genre, release_date, `rank`, image) VALUES (47, 156, 'Song ACL2bknN4E', 272, 'Pop', '2020-11-11', 29, 'https://picsum.photos/id/244/200/200');
INSERT INTO SONGS (song_id, album_id, title, duration, genre, release_date, `rank`, image) VALUES (48, 198, 'Song 3mo1Y1O8Dh', 388, 'Rock', '2017-09-04', 632, 'https://picsum.photos/id/284/200/200');
INSERT INTO SONGS (song_id, album_id, title, duration, genre, release_date, `rank`, image) VALUES (49, 100, 'Song wiK7PqQbTo', 237, 'Jazz', '2022-01-20', 253, 'https://picsum.photos/id/209/200/200');
INSERT INTO SONGS (song_id, album_id, title, duration, genre, release_date, `rank`, image) VALUES (50, 18, 'Song dVjeOn8iV1', 359, 'Folk', '2021-04-25', 507, 'https://picsum.photos/id/216/200/200');
INSERT INTO SONGS (song_id, album_id, title, duration, genre, release_date, `rank`, image) VALUES (51, 55, 'Song bRyyK1rEy3', 239, 'Reggae', '2012-09-21', 482, 'https://picsum.photos/id/281/200/200');
INSERT INTO SONGS (song_id, album_id, title, duration, genre, release_date, `rank`, image) VALUES (52, 58, 'Song SHyh7yimDh', 241, 'Indie', '2017-07-19', 349, 'https://picsum.photos/id/220/200/200');
INSERT INTO SONGS (song_id, album_id, title, duration, genre, release_date, `rank`, image) VALUES (53, 109, 'Song ygjTxkQRVx', 220, 'Reggae', '2008-04-03', 813, 'https://picsum.photos/id/234/200/200');
INSERT INTO SONGS (song_id, album_id, title, duration, genre, release_date, `rank`, image) VALUES (54, 177, 'Song Flxr4OijEC', 132, 'Hip Hop', '2022-09-02', 940, 'https://picsum.photos/id/293/200/200');
INSERT INTO SONGS (song_id, album_id, title, duration, genre, release_date, `rank`, image) VALUES (55, 33, 'Song J9FVrqXYXe', 452, 'Country', '2022-05-19', 237, 'https://picsum.photos/id/209/200/200');
INSERT INTO SONGS (song_id, album_id, title, duration, genre, release_date, `rank`, image) VALUES (56, 154, 'Song 4eVkS7KyWJ', 137, 'Country', '2008-10-06', 976, 'https://picsum.photos/id/215/200/200');
INSERT INTO SONGS (song_id, album_id, title, duration, genre, release_date, `rank`, image) VALUES (57, 185, 'Song IAWxQAnLUM', 361, 'Folk', '2015-07-10', 99, 'https://picsum.photos/id/292/200/200');
INSERT INTO SONGS (song_id, album_id, title, duration, genre, release_date, `rank`, image) VALUES (58, 91, 'Song u3mDsnrN3N', 414, 'Jazz', '2018-07-24', 283, 'https://picsum.photos/id/235/200/200');
INSERT INTO SONGS (song_id, album_id, title, duration, genre, release_date, `rank`, image) VALUES (59, 31, 'Song RsheDuIK2t', 145, 'Rock', '2023-01-22', 193, 'https://picsum.photos/id/262/200/200');
INSERT INTO SONGS (song_id, album_id, title, duration, genre, release_date, `rank`, image) VALUES (60, 159, 'Song JvSvSefpoP', 150, 'Folk', '2022-11-11', 963, 'https://picsum.photos/id/262/200/200');
INSERT INTO SONGS (song_id, album_id, title, duration, genre, release_date, `rank`, image) VALUES (61, 2, 'Song TEYI8dZoJ3', 368, 'Indie', '2016-07-25', 576, 'https://picsum.photos/id/237/200/200');
INSERT INTO SONGS (song_id, album_id, title, duration, genre, release_date, `rank`, image) VALUES (62, 128, 'Song aLj0HwzzDS', 356, 'Folk', '2009-06-02', 627, 'https://picsum.photos/id/262/200/200');
INSERT INTO SONGS (song_id, album_id, title, duration, genre, release_date, `rank`, image) VALUES (63, 79, 'Song BcB0etUIIQ', 121, 'Pop', '2019-05-20', 233, 'https://picsum.photos/id/239/200/200');
INSERT INTO SONGS (song_id, album_id, title, duration, genre, release_date, `rank`, image) VALUES (64, 105, 'Song UTJNGLGMZf', 275, 'Dance', '2009-01-29', 614, 'https://picsum.photos/id/256/200/200');
INSERT INTO SONGS (song_id, album_id, title, duration, genre, release_date, `rank`, image) VALUES (65, 136, 'Song tPogVZFOls', 427, 'Dance', '2022-04-20', 847, 'https://picsum.photos/id/275/200/200');
INSERT INTO SONGS (song_id, album_id, title, duration, genre, release_date, `rank`, image) VALUES (66, 83, 'Song FM8VEsrhQC', 271, 'Classical', '2018-01-29', 788, 'https://picsum.photos/id/232/200/200');
INSERT INTO SONGS (song_id, album_id, title, duration, genre, release_date, `rank`, image) VALUES (67, 186, 'Song WEgPuRBucT', 196, 'Alternative', '2018-07-13', 932, 'https://picsum.photos/id/262/200/200');
INSERT INTO SONGS (song_id, album_id, title, duration, genre, release_date, `rank`, image) VALUES (68, 107, 'Song uqauXybSML', 173, 'Folk', '2008-03-28', 87, 'https://picsum.photos/id/215/200/200');
INSERT INTO SONGS (song_id, album_id, title, duration, genre, release_date, `rank`, image) VALUES (69, 153, 'Song 7tJm7mmSwP', 313, 'Folk', '2021-03-28', 412, 'https://picsum.photos/id/279/200/200');
INSERT INTO SONGS (song_id, album_id, title, duration, genre, release_date, `rank`, image) VALUES (70, 117, 'Song WjfoRVbEcA', 448, 'Hip Hop', '2023-11-10', 174, 'https://picsum.photos/id/206/200/200');
INSERT INTO SONGS (song_id, album_id, title, duration, genre, release_date, `rank`, image) VALUES (71, 88, 'Song GzJ8c2izWy', 324, 'Electronic', '2010-08-15', 346, 'https://picsum.photos/id/258/200/200');
INSERT INTO SONGS (song_id, album_id, title, duration, genre, release_date, `rank`, image) VALUES (72, 191, 'Song 3LZrsPfRXA', 194, 'Electronic', '2011-04-08', 767, 'https://picsum.photos/id/238/200/200');
INSERT INTO SONGS (song_id, album_id, title, duration, genre, release_date, `rank`, image) VALUES (73, 14, 'Song wnr2uvlXHM', 124, 'Country', '2021-08-19', 5, 'https://picsum.photos/id/210/200/200');
INSERT INTO SONGS (song_id, album_id, title, duration, genre, release_date, `rank`, image) VALUES (74, 98, 'Song l8fNZVJY4z', 351, 'Country', '2019-12-13', 262, 'https://picsum.photos/id/239/200/200');
INSERT INTO SONGS (song_id, album_id, title, duration, genre, release_date, `rank`, image) VALUES (75, 177, 'Song fpmE2kzuAV', 290, 'Blues', '2014-12-29', 576, 'https://picsum.photos/id/293/200/200');
INSERT INTO SONGS (song_id, album_id, title, duration, genre, release_date, `rank`, image) VALUES (76, 101, 'Song bEwzVNj3zO', 480, 'Blues', '2013-09-23', 311, 'https://picsum.photos/id/285/200/200');
INSERT INTO SONGS (song_id, album_id, title, duration, genre, release_date, `rank`, image) VALUES (77, 62, 'Song 7826YaVPex', 168, 'Dance', '2018-06-08', 300, 'https://picsum.photos/id/237/200/200');
INSERT INTO SONGS (song_id, album_id, title, duration, genre, release_date, `rank`, image) VALUES (78, 76, 'Song WiiPUvBHqN', 234, 'Jazz', '2021-05-16', 624, 'https://picsum.photos/id/238/200/200');
INSERT INTO SONGS (song_id, album_id, title, duration, genre, release_date, `rank`, image) VALUES (79, 133, 'Song XO3rrmvatk', 184, 'Country', '2023-02-19', 538, 'https://picsum.photos/id/231/200/200');
INSERT INTO SONGS (song_id, album_id, title, duration, genre, release_date, `rank`, image) VALUES (80, 148, 'Song k0QZQ1adYV', 246, 'Alternative', '2022-11-16', 507, 'https://picsum.photos/id/281/200/200');
INSERT INTO SONGS (song_id, album_id, title, duration, genre, release_date, `rank`, image) VALUES (81, 84, 'Song zxbwesYc07', 265, 'Alternative', '2020-02-13', 863, 'https://picsum.photos/id/282/200/200');
INSERT INTO SONGS (song_id, album_id, title, duration, genre, release_date, `rank`, image) VALUES (82, 135, 'Song vLrqKxleig', 402, 'R&B', '2021-10-28', 994, 'https://picsum.photos/id/217/200/200');
INSERT INTO SONGS (song_id, album_id, title, duration, genre, release_date, `rank`, image) VALUES (83, 57, 'Song 1KBKgvYs4s', 167, 'Alternative', '2020-09-30', 666, 'https://picsum.photos/id/276/200/200');
INSERT INTO SONGS (song_id, album_id, title, duration, genre, release_date, `rank`, image) VALUES (84, 5, 'Song spHYxpedHr', 418, 'Reggae', '2014-01-14', 575, 'https://picsum.photos/id/249/200/200');
INSERT INTO SONGS (song_id, album_id, title, duration, genre, release_date, `rank`, image) VALUES (85, 161, 'Song sn5Bd77R2t', 260, 'R&B', '2022-10-27', 818, 'https://picsum.photos/id/232/200/200');
INSERT INTO SONGS (song_id, album_id, title, duration, genre, release_date, `rank`, image) VALUES (86, 79, 'Song 8frNwyGWtu', 368, 'Hip Hop', '2008-09-26', 173, 'https://picsum.photos/id/239/200/200');
INSERT INTO SONGS (song_id, album_id, title, duration, genre, release_date, `rank`, image) VALUES (87, 124, 'Song SKv5SQfbnX', 385, 'Country', '2020-12-08', 293, 'https://picsum.photos/id/269/200/200');
INSERT INTO SONGS (song_id, album_id, title, duration, genre, release_date, `rank`, image) VALUES (88, 66, 'Song tmP77RBWWn', 426, 'Country', '2015-06-12', 648, 'https://picsum.photos/id/204/200/200');
INSERT INTO SONGS (song_id, album_id, title, duration, genre, release_date, `rank`, image) VALUES (89, 79, 'Song AuRHe6mOYd', 152, 'Electronic', '2019-09-06', 147, 'https://picsum.photos/id/239/200/200');
INSERT INTO SONGS (song_id, album_id, title, duration, genre, release_date, `rank`, image) VALUES (90, 118, 'Song dRKn7PC8r7', 390, 'R&B', '2023-10-24', 392, 'https://picsum.photos/id/250/200/200');
INSERT INTO SONGS (song_id, album_id, title, duration, genre, release_date, `rank`, image) VALUES (91, 31, 'Song HBrkMZz7zr', 213, 'Reggae', '2015-05-02', 958, 'https://picsum.photos/id/262/200/200');
INSERT INTO SONGS (song_id, album_id, title, duration, genre, release_date, `rank`, image) VALUES (92, 156, 'Song 56MBCNVwRb', 270, 'Classical', '2012-04-03', 58, 'https://picsum.photos/id/244/200/200');
INSERT INTO SONGS (song_id, album_id, title, duration, genre, release_date, `rank`, image) VALUES (93, 65, 'Song I2oFrcW0nf', 368, 'Blues', '2016-12-18', 664, 'https://picsum.photos/id/234/200/200');
INSERT INTO SONGS (song_id, album_id, title, duration, genre, release_date, `rank`, image) VALUES (94, 170, 'Song SAaj4sscz9', 245, 'Hip Hop', '2016-12-31', 683, 'https://picsum.photos/id/247/200/200');
INSERT INTO SONGS (song_id, album_id, title, duration, genre, release_date, `rank`, image) VALUES (95, 29, 'Song QxtGXri5fL', 122, 'R&B', '2021-10-20', 914, 'https://picsum.photos/id/272/200/200');
INSERT INTO SONGS (song_id, album_id, title, duration, genre, release_date, `rank`, image) VALUES (96, 165, 'Song 6ImSXXp9KE', 246, 'Rock', '2018-10-12', 693, 'https://picsum.photos/id/203/200/200');
INSERT INTO SONGS (song_id, album_id, title, duration, genre, release_date, `rank`, image) VALUES (97, 142, 'Song g0yp1fA1xe', 430, 'R&B', '2015-08-15', 476, 'https://picsum.photos/id/220/200/200');
INSERT INTO SONGS (song_id, album_id, title, duration, genre, release_date, `rank`, image) VALUES (98, 16, 'Song Udoq4Yu7d8', 326, 'Rock', '2023-12-03', 799, 'https://picsum.photos/id/252/200/200');
INSERT INTO SONGS (song_id, album_id, title, duration, genre, release_date, `rank`, image) VALUES (99, 169, 'Song lVjGt6J1z5', 400, 'Dance', '2016-01-28', 291, 'https://picsum.photos/id/295/200/200');
INSERT INTO SONGS (song_id, album_id, title, duration, genre, release_date, `rank`, image) VALUES (100, 121, 'Song tLY8JsLjgx', 350, 'Classical', '2014-04-30', 859, 'https://picsum.photos/id/228/200/200');
INSERT INTO SONGS (song_id, album_id, title, duration, genre, release_date, `rank`, image) VALUES (101, 161, 'Song xMBgVVnCKw', 416, 'Reggae', '2021-01-16', 760, 'https://picsum.photos/id/232/200/200');
INSERT INTO SONGS (song_id, album_id, title, duration, genre, release_date, `rank`, image) VALUES (102, 158, 'Song MWJJD7aIMe', 235, 'Dance', '2008-10-18', 12, 'https://picsum.photos/id/266/200/200');
INSERT INTO SONGS (song_id, album_id, title, duration, genre, release_date, `rank`, image) VALUES (103, 151, 'Song E19DqZqiC9', 128, 'Alternative', '2017-12-01', 944, 'https://picsum.photos/id/231/200/200');
INSERT INTO SONGS (song_id, album_id, title, duration, genre, release_date, `rank`, image) VALUES (104, 94, 'Song 7i99SvB6RG', 449, 'Pop', '2023-03-17', 923, 'https://picsum.photos/id/226/200/200');
INSERT INTO SONGS (song_id, album_id, title, duration, genre, release_date, `rank`, image) VALUES (105, 4, 'Song cpAajpDJWl', 395, 'Dance', '2015-05-25', 522, 'https://picsum.photos/id/264/200/200');
INSERT INTO SONGS (song_id, album_id, title, duration, genre, release_date, `rank`, image) VALUES (106, 183, 'Song H8h9Qo3JDG', 175, 'Metal', '2013-01-05', 678, 'https://picsum.photos/id/232/200/200');
INSERT INTO SONGS (song_id, album_id, title, duration, genre, release_date, `rank`, image) VALUES (107, 23, 'Song jDP78oHs8y', 132, 'Country', '2013-07-15', 835, 'https://picsum.photos/id/272/200/200');
INSERT INTO SONGS (song_id, album_id, title, duration, genre, release_date, `rank`, image) VALUES (108, 45, 'Song iYzAreQGE9', 452, 'Metal', '2011-03-15', 905, 'https://picsum.photos/id/204/200/200');
INSERT INTO SONGS (song_id, album_id, title, duration, genre, release_date, `rank`, image) VALUES (109, 100, 'Song lpeY7jgllK', 194, 'Rock', '2020-04-30', 622, 'https://picsum.photos/id/209/200/200');
INSERT INTO SONGS (song_id, album_id, title, duration, genre, release_date, `rank`, image) VALUES (110, 40, 'Song 0xFlLrfj7y', 354, 'Rock', '2009-03-24', 144, 'https://picsum.photos/id/270/200/200');
INSERT INTO SONGS (song_id, album_id, title, duration, genre, release_date, `rank`, image) VALUES (111, 162, 'Song X42DsXU7Kl', 206, 'R&B', '2014-05-14', 925, 'https://picsum.photos/id/216/200/200');
INSERT INTO SONGS (song_id, album_id, title, duration, genre, release_date, `rank`, image) VALUES (112, 44, 'Song aphueGurrE', 296, 'Metal', '2022-01-22', 580, 'https://picsum.photos/id/256/200/200');
INSERT INTO SONGS (song_id, album_id, title, duration, genre, release_date, `rank`, image) VALUES (113, 85, 'Song td458QVpPp', 466, 'R&B', '2021-10-19', 343, 'https://picsum.photos/id/230/200/200');
INSERT INTO SONGS (song_id, album_id, title, duration, genre, release_date, `rank`, image) VALUES (114, 140, 'Song EQ2KMCpLyz', 237, 'Alternative', '2024-01-27', 751, 'https://picsum.photos/id/267/200/200');
INSERT INTO SONGS (song_id, album_id, title, duration, genre, release_date, `rank`, image) VALUES (115, 83, 'Song TLPa2Smvc2', 431, 'Rock', '2009-06-07', 903, 'https://picsum.photos/id/232/200/200');
INSERT INTO SONGS (song_id, album_id, title, duration, genre, release_date, `rank`, image) VALUES (116, 10, 'Song z90SkMnsZI', 346, 'Pop', '2021-09-13', 380, 'https://picsum.photos/id/220/200/200');
INSERT INTO SONGS (song_id, album_id, title, duration, genre, release_date, `rank`, image) VALUES (117, 31, 'Song 5Nwz4cIRyS', 345, 'Hip Hop', '2014-07-06', 572, 'https://picsum.photos/id/262/200/200');
INSERT INTO SONGS (song_id, album_id, title, duration, genre, release_date, `rank`, image) VALUES (118, 180, 'Song EsecPDyYCe', 316, 'Rock', '2012-01-19', 560, 'https://picsum.photos/id/230/200/200');
INSERT INTO SONGS (song_id, album_id, title, duration, genre, release_date, `rank`, image) VALUES (119, 136, 'Song tylGv37BiM', 310, 'Folk', '2013-10-28', 951, 'https://picsum.photos/id/275/200/200');
INSERT INTO SONGS (song_id, album_id, title, duration, genre, release_date, `rank`, image) VALUES (120, 193, 'Song 6Fd8MMxh0N', 415, 'Country', '2017-01-12', 305, 'https://picsum.photos/id/222/200/200');
INSERT INTO SONGS (song_id, album_id, title, duration, genre, release_date, `rank`, image) VALUES (121, 175, 'Song CwYQoAh73U', 332, 'Indie', '2021-08-04', 648, 'https://picsum.photos/id/219/200/200');
INSERT INTO SONGS (song_id, album_id, title, duration, genre, release_date, `rank`, image) VALUES (122, 53, 'Song a4hhJROwq8', 328, 'Reggae', '2019-12-11', 304, 'https://picsum.photos/id/282/200/200');
INSERT INTO SONGS (song_id, album_id, title, duration, genre, release_date, `rank`, image) VALUES (123, 22, 'Song Y3AYHJVKS7', 227, 'Metal', '2014-09-27', 938, 'https://picsum.photos/id/223/200/200');
INSERT INTO SONGS (song_id, album_id, title, duration, genre, release_date, `rank`, image) VALUES (124, 107, 'Song JDnULHQjGa', 225, 'Alternative', '2008-11-26', 145, 'https://picsum.photos/id/215/200/200');
INSERT INTO SONGS (song_id, album_id, title, duration, genre, release_date, `rank`, image) VALUES (125, 196, 'Song 85AAK4lfMh', 275, 'Hip Hop', '2019-03-10', 439, 'https://picsum.photos/id/282/200/200');
INSERT INTO SONGS (song_id, album_id, title, duration, genre, release_date, `rank`, image) VALUES (126, 70, 'Song XXhIJYeXwd', 278, 'Dance', '2018-01-25', 799, 'https://picsum.photos/id/225/200/200');
INSERT INTO SONGS (song_id, album_id, title, duration, genre, release_date, `rank`, image) VALUES (127, 18, 'Song xvQwRJyYb6', 401, 'Reggae', '2016-06-27', 747, 'https://picsum.photos/id/216/200/200');
INSERT INTO SONGS (song_id, album_id, title, duration, genre, release_date, `rank`, image) VALUES (128, 28, 'Song kQH3gJEJ5z', 445, 'Folk', '2017-01-28', 993, 'https://picsum.photos/id/226/200/200');
INSERT INTO SONGS (song_id, album_id, title, duration, genre, release_date, `rank`, image) VALUES (129, 91, 'Song aH1yCrrBXb', 253, 'Classical', '2020-06-26', 748, 'https://picsum.photos/id/235/200/200');
INSERT INTO SONGS (song_id, album_id, title, duration, genre, release_date, `rank`, image) VALUES (130, 131, 'Song xG51OWcUg8', 444, 'Jazz', '2012-04-29', 691, 'https://picsum.photos/id/206/200/200');
INSERT INTO SONGS (song_id, album_id, title, duration, genre, release_date, `rank`, image) VALUES (131, 173, 'Song 9bqN2vCZSU', 418, 'Dance', '2009-11-03', 839, 'https://picsum.photos/id/287/200/200');
INSERT INTO SONGS (song_id, album_id, title, duration, genre, release_date, `rank`, image) VALUES (132, 73, 'Song EUlXJvEw2T', 146, 'Folk', '2008-11-28', 944, 'https://picsum.photos/id/216/200/200');
INSERT INTO SONGS (song_id, album_id, title, duration, genre, release_date, `rank`, image) VALUES (133, 169, 'Song Kntr8tSuaH', 375, 'Alternative', '2021-05-22', 181, 'https://picsum.photos/id/295/200/200');
INSERT INTO SONGS (song_id, album_id, title, duration, genre, release_date, `rank`, image) VALUES (134, 50, 'Song 7FUWTcK6AW', 466, 'Country', '2008-10-01', 282, 'https://picsum.photos/id/206/200/200');
INSERT INTO SONGS (song_id, album_id, title, duration, genre, release_date, `rank`, image) VALUES (135, 34, 'Song wqNRfTu29I', 450, 'Jazz', '2020-03-04', 563, 'https://picsum.photos/id/277/200/200');
INSERT INTO SONGS (song_id, album_id, title, duration, genre, release_date, `rank`, image) VALUES (136, 111, 'Song 9F6F6uXjOc', 345, 'Metal', '2015-07-09', 237, 'https://picsum.photos/id/236/200/200');
INSERT INTO SONGS (song_id, album_id, title, duration, genre, release_date, `rank`, image) VALUES (137, 87, 'Song zM64uE5ATs', 356, 'Folk', '2013-08-05', 335, 'https://picsum.photos/id/234/200/200');
INSERT INTO SONGS (song_id, album_id, title, duration, genre, release_date, `rank`, image) VALUES (138, 4, 'Song kHtoMpAXFk', 373, 'Pop', '2010-09-11', 431, 'https://picsum.photos/id/264/200/200');
INSERT INTO SONGS (song_id, album_id, title, duration, genre, release_date, `rank`, image) VALUES (139, 22, 'Song t5C1f1IpDF', 354, 'Alternative', '2015-04-27', 54, 'https://picsum.photos/id/223/200/200');
INSERT INTO SONGS (song_id, album_id, title, duration, genre, release_date, `rank`, image) VALUES (140, 40, 'Song 3dupmUsvyN', 251, 'Electronic', '2017-09-13', 380, 'https://picsum.photos/id/270/200/200');
INSERT INTO SONGS (song_id, album_id, title, duration, genre, release_date, `rank`, image) VALUES (141, 142, 'Song BwX3M5QXV7', 387, 'R&B', '2023-11-12', 663, 'https://picsum.photos/id/220/200/200');
INSERT INTO SONGS (song_id, album_id, title, duration, genre, release_date, `rank`, image) VALUES (142, 80, 'Song uaBgJ33AIg', 292, 'Jazz', '2020-11-16', 610, 'https://picsum.photos/id/295/200/200');
INSERT INTO SONGS (song_id, album_id, title, duration, genre, release_date, `rank`, image) VALUES (143, 33, 'Song 3ERFWXTdvo', 136, 'Reggae', '2017-10-17', 817, 'https://picsum.photos/id/209/200/200');
INSERT INTO SONGS (song_id, album_id, title, duration, genre, release_date, `rank`, image) VALUES (144, 21, 'Song l8HTjt9q4I', 304, 'Indie', '2012-07-09', 90, 'https://picsum.photos/id/298/200/200');
INSERT INTO SONGS (song_id, album_id, title, duration, genre, release_date, `rank`, image) VALUES (145, 172, 'Song dwyNti7ry1', 374, 'Blues', '2010-06-12', 779, 'https://picsum.photos/id/300/200/200');
INSERT INTO SONGS (song_id, album_id, title, duration, genre, release_date, `rank`, image) VALUES (146, 139, 'Song zGdmWwn3z5', 310, 'Pop', '2009-12-09', 45, 'https://picsum.photos/id/242/200/200');
INSERT INTO SONGS (song_id, album_id, title, duration, genre, release_date, `rank`, image) VALUES (147, 179, 'Song aXgQv7mfSw', 451, 'Blues', '2012-07-05', 848, 'https://picsum.photos/id/217/200/200');
INSERT INTO SONGS (song_id, album_id, title, duration, genre, release_date, `rank`, image) VALUES (148, 166, 'Song gtn92bSLKL', 259, 'Country', '2014-04-15', 642, 'https://picsum.photos/id/291/200/200');
INSERT INTO SONGS (song_id, album_id, title, duration, genre, release_date, `rank`, image) VALUES (149, 84, 'Song 8WBedISBtB', 261, 'Alternative', '2022-08-16', 197, 'https://picsum.photos/id/282/200/200');
INSERT INTO SONGS (song_id, album_id, title, duration, genre, release_date, `rank`, image) VALUES (150, 7, 'Song La1r0PeHdb', 454, 'Electronic', '2020-09-19', 682, 'https://picsum.photos/id/227/200/200');
INSERT INTO SONGS (song_id, album_id, title, duration, genre, release_date, `rank`, image) VALUES (151, 109, 'Song Z6ygKVVIlF', 132, 'R&B', '2023-11-12', 251, 'https://picsum.photos/id/234/200/200');
INSERT INTO SONGS (song_id, album_id, title, duration, genre, release_date, `rank`, image) VALUES (152, 120, 'Song 9JuWwyvQ8E', 252, 'Alternative', '2012-09-04', 481, 'https://picsum.photos/id/234/200/200');
INSERT INTO SONGS (song_id, album_id, title, duration, genre, release_date, `rank`, image) VALUES (153, 122, 'Song 0imLQrYVtV', 273, 'Jazz', '2022-01-06', 56, 'https://picsum.photos/id/224/200/200');
INSERT INTO SONGS (song_id, album_id, title, duration, genre, release_date, `rank`, image) VALUES (154, 154, 'Song wO8DC0pggA', 132, 'R&B', '2016-04-28', 780, 'https://picsum.photos/id/215/200/200');
INSERT INTO SONGS (song_id, album_id, title, duration, genre, release_date, `rank`, image) VALUES (155, 37, 'Song U11ys6LDZc', 349, 'Dance', '2019-10-18', 459, 'https://picsum.photos/id/267/200/200');
INSERT INTO SONGS (song_id, album_id, title, duration, genre, release_date, `rank`, image) VALUES (156, 15, 'Song y6rNRY7iKL', 377, 'Folk', '2014-04-22', 515, 'https://picsum.photos/id/257/200/200');
INSERT INTO SONGS (song_id, album_id, title, duration, genre, release_date, `rank`, image) VALUES (157, 50, 'Song JlIwMJPEbZ', 243, 'Jazz', '2013-02-10', 175, 'https://picsum.photos/id/206/200/200');
INSERT INTO SONGS (song_id, album_id, title, duration, genre, release_date, `rank`, image) VALUES (158, 57, 'Song 6uFRvyJQmA', 145, 'R&B', '2022-02-25', 315, 'https://picsum.photos/id/276/200/200');
INSERT INTO SONGS (song_id, album_id, title, duration, genre, release_date, `rank`, image) VALUES (159, 159, 'Song g6KhuzxeoG', 263, 'Classical', '2008-10-03', 451, 'https://picsum.photos/id/262/200/200');
INSERT INTO SONGS (song_id, album_id, title, duration, genre, release_date, `rank`, image) VALUES (160, 64, 'Song Ueu7Qk8avN', 384, 'Classical', '2018-09-23', 997, 'https://picsum.photos/id/288/200/200');
INSERT INTO SONGS (song_id, album_id, title, duration, genre, release_date, `rank`, image) VALUES (161, 16, 'Song nhKWRiRcyX', 357, 'Alternative', '2022-07-25', 148, 'https://picsum.photos/id/252/200/200');
INSERT INTO SONGS (song_id, album_id, title, duration, genre, release_date, `rank`, image) VALUES (162, 76, 'Song YWhAwcvO5t', 348, 'Alternative', '2008-01-03', 859, 'https://picsum.photos/id/238/200/200');
INSERT INTO SONGS (song_id, album_id, title, duration, genre, release_date, `rank`, image) VALUES (163, 123, 'Song JgLHoUq20h', 280, 'Metal', '2012-03-10', 484, 'https://picsum.photos/id/275/200/200');
INSERT INTO SONGS (song_id, album_id, title, duration, genre, release_date, `rank`, image) VALUES (164, 73, 'Song Q64Twuz2vg', 452, 'Country', '2012-03-21', 540, 'https://picsum.photos/id/216/200/200');
INSERT INTO SONGS (song_id, album_id, title, duration, genre, release_date, `rank`, image) VALUES (165, 58, 'Song HzzyapneaH', 284, 'Reggae', '2016-07-26', 601, 'https://picsum.photos/id/220/200/200');
INSERT INTO SONGS (song_id, album_id, title, duration, genre, release_date, `rank`, image) VALUES (166, 170, 'Song pqcXjAQazF', 296, 'Rock', '2024-04-07', 802, 'https://picsum.photos/id/247/200/200');
INSERT INTO SONGS (song_id, album_id, title, duration, genre, release_date, `rank`, image) VALUES (167, 16, 'Song NBTAXxhuhS', 221, 'Dance', '2009-04-05', 803, 'https://picsum.photos/id/252/200/200');
INSERT INTO SONGS (song_id, album_id, title, duration, genre, release_date, `rank`, image) VALUES (168, 138, 'Song psijnFX5eB', 451, 'Reggae', '2009-04-22', 929, 'https://picsum.photos/id/228/200/200');
INSERT INTO SONGS (song_id, album_id, title, duration, genre, release_date, `rank`, image) VALUES (169, 126, 'Song ltBZFp2ueD', 418, 'Dance', '2017-07-20', 856, 'https://picsum.photos/id/274/200/200');
INSERT INTO SONGS (song_id, album_id, title, duration, genre, release_date, `rank`, image) VALUES (170, 94, 'Song 78WdTw7nRU', 132, 'Jazz', '2018-03-05', 446, 'https://picsum.photos/id/226/200/200');
INSERT INTO SONGS (song_id, album_id, title, duration, genre, release_date, `rank`, image) VALUES (171, 78, 'Song rHYs3ekN7w', 426, 'Folk', '2011-12-05', 753, 'https://picsum.photos/id/266/200/200');
INSERT INTO SONGS (song_id, album_id, title, duration, genre, release_date, `rank`, image) VALUES (172, 169, 'Song s3KYpq1LwS', 417, 'Folk', '2021-10-17', 185, 'https://picsum.photos/id/295/200/200');
INSERT INTO SONGS (song_id, album_id, title, duration, genre, release_date, `rank`, image) VALUES (173, 157, 'Song IMThxEmaLX', 427, 'Reggae', '2018-02-26', 213, 'https://picsum.photos/id/260/200/200');
INSERT INTO SONGS (song_id, album_id, title, duration, genre, release_date, `rank`, image) VALUES (174, 200, 'Song 4hesU1BqrH', 435, 'Country', '2013-03-09', 725, 'https://picsum.photos/id/207/200/200');
INSERT INTO SONGS (song_id, album_id, title, duration, genre, release_date, `rank`, image) VALUES (175, 115, 'Song 2Oytyzh8Oe', 446, 'Dance', '2012-10-14', 400, 'https://picsum.photos/id/298/200/200');
INSERT INTO SONGS (song_id, album_id, title, duration, genre, release_date, `rank`, image) VALUES (176, 145, 'Song QjyUXhd6eN', 171, 'Alternative', '2020-08-04', 849, 'https://picsum.photos/id/288/200/200');
INSERT INTO SONGS (song_id, album_id, title, duration, genre, release_date, `rank`, image) VALUES (177, 196, 'Song gIztMxHlcU', 143, 'Dance', '2010-06-29', 132, 'https://picsum.photos/id/282/200/200');
INSERT INTO SONGS (song_id, album_id, title, duration, genre, release_date, `rank`, image) VALUES (178, 150, 'Song bIxOo9cULJ', 130, 'Blues', '2017-01-27', 298, 'https://picsum.photos/id/242/200/200');
INSERT INTO SONGS (song_id, album_id, title, duration, genre, release_date, `rank`, image) VALUES (179, 165, 'Song 78EeuQXMb9', 391, 'Alternative', '2010-10-07', 513, 'https://picsum.photos/id/203/200/200');
INSERT INTO SONGS (song_id, album_id, title, duration, genre, release_date, `rank`, image) VALUES (180, 122, 'Song TYcYDYPb4f', 375, 'Electronic', '2017-07-11', 901, 'https://picsum.photos/id/224/200/200');
INSERT INTO SONGS (song_id, album_id, title, duration, genre, release_date, `rank`, image) VALUES (181, 174, 'Song P7Gej6mcZl', 396, 'Country', '2019-02-09', 99, 'https://picsum.photos/id/213/200/200');
INSERT INTO SONGS (song_id, album_id, title, duration, genre, release_date, `rank`, image) VALUES (182, 29, 'Song niahATGX0Z', 304, 'Folk', '2020-09-20', 512, 'https://picsum.photos/id/272/200/200');
INSERT INTO SONGS (song_id, album_id, title, duration, genre, release_date, `rank`, image) VALUES (183, 192, 'Song PPWOqFdixr', 262, 'R&B', '2012-07-09', 13, 'https://picsum.photos/id/214/200/200');
INSERT INTO SONGS (song_id, album_id, title, duration, genre, release_date, `rank`, image) VALUES (184, 42, 'Song 5ConGhFvgk', 331, 'Metal', '2023-06-11', 314, 'https://picsum.photos/id/263/200/200');
INSERT INTO SONGS (song_id, album_id, title, duration, genre, release_date, `rank`, image) VALUES (185, 164, 'Song 8ayKblg5Y2', 143, 'Alternative', '2014-12-10', 142, 'https://picsum.photos/id/205/200/200');
INSERT INTO SONGS (song_id, album_id, title, duration, genre, release_date, `rank`, image) VALUES (186, 120, 'Song 9pQo2r3ugR', 360, 'Classical', '2009-11-01', 302, 'https://picsum.photos/id/234/200/200');
INSERT INTO SONGS (song_id, album_id, title, duration, genre, release_date, `rank`, image) VALUES (187, 114, 'Song sEk0VDzHLa', 332, 'Alternative', '2019-04-09', 831, 'https://picsum.photos/id/250/200/200');
INSERT INTO SONGS (song_id, album_id, title, duration, genre, release_date, `rank`, image) VALUES (188, 116, 'Song okNT6B0fOx', 268, 'Jazz', '2012-06-11', 990, 'https://picsum.photos/id/247/200/200');
INSERT INTO SONGS (song_id, album_id, title, duration, genre, release_date, `rank`, image) VALUES (189, 45, 'Song TwVYgEMTUP', 408, 'Metal', '2023-11-30', 694, 'https://picsum.photos/id/204/200/200');
INSERT INTO SONGS (song_id, album_id, title, duration, genre, release_date, `rank`, image) VALUES (190, 42, 'Song YGcYpQxJ8Z', 409, 'Indie', '2011-12-06', 355, 'https://picsum.photos/id/263/200/200');
INSERT INTO SONGS (song_id, album_id, title, duration, genre, release_date, `rank`, image) VALUES (191, 18, 'Song TuqupX0BwP', 356, 'Rock', '2018-10-31', 816, 'https://picsum.photos/id/216/200/200');
INSERT INTO SONGS (song_id, album_id, title, duration, genre, release_date, `rank`, image) VALUES (192, 26, 'Song RM6qT9hXpf', 380, 'Indie', '2014-02-08', 335, 'https://picsum.photos/id/260/200/200');
INSERT INTO SONGS (song_id, album_id, title, duration, genre, release_date, `rank`, image) VALUES (193, 194, 'Song OuahZPASt7', 161, 'Dance', '2008-04-26', 539, 'https://picsum.photos/id/245/200/200');
INSERT INTO SONGS (song_id, album_id, title, duration, genre, release_date, `rank`, image) VALUES (194, 161, 'Song 0WEwu2oum1', 236, 'Dance', '2010-09-15', 989, 'https://picsum.photos/id/232/200/200');
INSERT INTO SONGS (song_id, album_id, title, duration, genre, release_date, `rank`, image) VALUES (195, 91, 'Song t0uE5v76Gz', 223, 'Dance', '2011-09-07', 59, 'https://picsum.photos/id/235/200/200');
INSERT INTO SONGS (song_id, album_id, title, duration, genre, release_date, `rank`, image) VALUES (196, 85, 'Song 1knS5fhsXQ', 397, 'Country', '2021-05-09', 423, 'https://picsum.photos/id/230/200/200');
INSERT INTO SONGS (song_id, album_id, title, duration, genre, release_date, `rank`, image) VALUES (197, 56, 'Song pXYLM6K35m', 456, 'Dance', '2008-05-21', 521, 'https://picsum.photos/id/251/200/200');
INSERT INTO SONGS (song_id, album_id, title, duration, genre, release_date, `rank`, image) VALUES (198, 156, 'Song GTMZErcvNj', 442, 'Rock', '2012-05-19', 816, 'https://picsum.photos/id/244/200/200');
INSERT INTO SONGS (song_id, album_id, title, duration, genre, release_date, `rank`, image) VALUES (199, 9, 'Song PgiMzTuWKi', 335, 'Hip Hop', '2023-12-31', 93, 'https://picsum.photos/id/287/200/200');
INSERT INTO SONGS (song_id, album_id, title, duration, genre, release_date, `rank`, image) VALUES (200, 160, 'Song iJzG6HrbAo', 150, 'Jazz', '2015-06-09', 820, 'https://picsum.photos/id/279/200/200');
INSERT INTO SONGS (song_id, album_id, title, duration, genre, release_date, `rank`, image) VALUES (201, 169, 'Song RthCFGAkrM', 150, 'Folk', '2016-02-20', 405, 'https://picsum.photos/id/295/200/200');
INSERT INTO SONGS (song_id, album_id, title, duration, genre, release_date, `rank`, image) VALUES (202, 153, 'Song 7l64K7aN5Z', 311, 'Classical', '2010-05-17', 574, 'https://picsum.photos/id/279/200/200');
INSERT INTO SONGS (song_id, album_id, title, duration, genre, release_date, `rank`, image) VALUES (203, 65, 'Song NY7KmInFND', 145, 'Reggae', '2013-07-08', 481, 'https://picsum.photos/id/234/200/200');
INSERT INTO SONGS (song_id, album_id, title, duration, genre, release_date, `rank`, image) VALUES (204, 186, 'Song AB7VbbvShZ', 195, 'Folk', '2024-02-28', 822, 'https://picsum.photos/id/262/200/200');
INSERT INTO SONGS (song_id, album_id, title, duration, genre, release_date, `rank`, image) VALUES (205, 129, 'Song zC6BWkCrEq', 227, 'Jazz', '2011-06-28', 705, 'https://picsum.photos/id/251/200/200');
INSERT INTO SONGS (song_id, album_id, title, duration, genre, release_date, `rank`, image) VALUES (206, 157, 'Song ysHeHPq34g', 409, 'Electronic', '2018-07-21', 407, 'https://picsum.photos/id/260/200/200');
INSERT INTO SONGS (song_id, album_id, title, duration, genre, release_date, `rank`, image) VALUES (207, 185, 'Song JMCfTwV5wM', 339, 'Electronic', '2009-02-21', 902, 'https://picsum.photos/id/292/200/200');
INSERT INTO SONGS (song_id, album_id, title, duration, genre, release_date, `rank`, image) VALUES (208, 44, 'Song JpESYEVdyM', 243, 'Blues', '2014-02-08', 23, 'https://picsum.photos/id/256/200/200');
INSERT INTO SONGS (song_id, album_id, title, duration, genre, release_date, `rank`, image) VALUES (209, 45, 'Song YlCMjIImB5', 378, 'Blues', '2017-07-29', 626, 'https://picsum.photos/id/204/200/200');
INSERT INTO SONGS (song_id, album_id, title, duration, genre, release_date, `rank`, image) VALUES (210, 124, 'Song IAidVIb3O8', 344, 'Jazz', '2009-03-02', 668, 'https://picsum.photos/id/269/200/200');
INSERT INTO SONGS (song_id, album_id, title, duration, genre, release_date, `rank`, image) VALUES (211, 178, 'Song jIiDyFIoa2', 420, 'Hip Hop', '2014-05-26', 892, 'https://picsum.photos/id/216/200/200');
INSERT INTO SONGS (song_id, album_id, title, duration, genre, release_date, `rank`, image) VALUES (212, 167, 'Song AziFp79Xem', 413, 'Jazz', '2020-06-13', 983, 'https://picsum.photos/id/213/200/200');
INSERT INTO SONGS (song_id, album_id, title, duration, genre, release_date, `rank`, image) VALUES (213, 119, 'Song ipiWJp3kzv', 255, 'Electronic', '2008-05-22', 578, 'https://picsum.photos/id/262/200/200');
INSERT INTO SONGS (song_id, album_id, title, duration, genre, release_date, `rank`, image) VALUES (214, 61, 'Song kKz97efJ72', 421, 'Electronic', '2023-11-03', 227, 'https://picsum.photos/id/268/200/200');
INSERT INTO SONGS (song_id, album_id, title, duration, genre, release_date, `rank`, image) VALUES (215, 112, 'Song THetHRyXwf', 310, 'Blues', '2021-02-11', 894, 'https://picsum.photos/id/292/200/200');
INSERT INTO SONGS (song_id, album_id, title, duration, genre, release_date, `rank`, image) VALUES (216, 134, 'Song HdzfCZlMfy', 160, 'Reggae', '2014-06-25', 781, 'https://picsum.photos/id/299/200/200');
INSERT INTO SONGS (song_id, album_id, title, duration, genre, release_date, `rank`, image) VALUES (217, 121, 'Song ibxLj16zGD', 344, 'Hip Hop', '2011-03-03', 677, 'https://picsum.photos/id/228/200/200');
INSERT INTO SONGS (song_id, album_id, title, duration, genre, release_date, `rank`, image) VALUES (218, 124, 'Song 4TKuu4WT6g', 308, 'Alternative', '2009-09-18', 89, 'https://picsum.photos/id/269/200/200');
INSERT INTO SONGS (song_id, album_id, title, duration, genre, release_date, `rank`, image) VALUES (219, 98, 'Song bO4IBdCYYb', 423, 'Metal', '2020-04-27', 16, 'https://picsum.photos/id/239/200/200');
INSERT INTO SONGS (song_id, album_id, title, duration, genre, release_date, `rank`, image) VALUES (220, 23, 'Song BCObUZneNB', 457, 'Jazz', '2009-02-24', 720, 'https://picsum.photos/id/272/200/200');
INSERT INTO SONGS (song_id, album_id, title, duration, genre, release_date, `rank`, image) VALUES (221, 167, 'Song elZIxEzHdX', 292, 'Rock', '2010-05-25', 173, 'https://picsum.photos/id/213/200/200');
INSERT INTO SONGS (song_id, album_id, title, duration, genre, release_date, `rank`, image) VALUES (222, 104, 'Song 4pFUHkx987', 399, 'Rock', '2023-10-11', 749, 'https://picsum.photos/id/275/200/200');
INSERT INTO SONGS (song_id, album_id, title, duration, genre, release_date, `rank`, image) VALUES (223, 135, 'Song cubDDz6tTq', 294, 'Reggae', '2013-06-02', 288, 'https://picsum.photos/id/217/200/200');
INSERT INTO SONGS (song_id, album_id, title, duration, genre, release_date, `rank`, image) VALUES (224, 113, 'Song gyFsYaD0Gg', 248, 'Folk', '2022-06-13', 934, 'https://picsum.photos/id/296/200/200');
INSERT INTO SONGS (song_id, album_id, title, duration, genre, release_date, `rank`, image) VALUES (225, 176, 'Song HfCg8Cs59c', 139, 'Indie', '2018-08-13', 347, 'https://picsum.photos/id/275/200/200');
INSERT INTO SONGS (song_id, album_id, title, duration, genre, release_date, `rank`, image) VALUES (226, 23, 'Song lybedhWxbp', 368, 'Electronic', '2023-12-07', 364, 'https://picsum.photos/id/272/200/200');
INSERT INTO SONGS (song_id, album_id, title, duration, genre, release_date, `rank`, image) VALUES (227, 64, 'Song YNRR4Zds45', 124, 'Country', '2013-02-14', 47, 'https://picsum.photos/id/288/200/200');
INSERT INTO SONGS (song_id, album_id, title, duration, genre, release_date, `rank`, image) VALUES (228, 95, 'Song mcEceAi5Qc', 374, 'Blues', '2021-07-02', 927, 'https://picsum.photos/id/234/200/200');
INSERT INTO SONGS (song_id, album_id, title, duration, genre, release_date, `rank`, image) VALUES (229, 132, 'Song 7IhmTq5Dl7', 422, 'Jazz', '2024-03-16', 134, 'https://picsum.photos/id/205/200/200');
INSERT INTO SONGS (song_id, album_id, title, duration, genre, release_date, `rank`, image) VALUES (230, 26, 'Song JENfOQ97TL', 188, 'Jazz', '2019-07-11', 239, 'https://picsum.photos/id/260/200/200');
INSERT INTO SONGS (song_id, album_id, title, duration, genre, release_date, `rank`, image) VALUES (231, 190, 'Song V4ZQnPjESR', 317, 'Folk', '2008-06-22', 224, 'https://picsum.photos/id/248/200/200');
INSERT INTO SONGS (song_id, album_id, title, duration, genre, release_date, `rank`, image) VALUES (232, 160, 'Song QAHVidRmER', 415, 'Hip Hop', '2022-09-19', 502, 'https://picsum.photos/id/279/200/200');
INSERT INTO SONGS (song_id, album_id, title, duration, genre, release_date, `rank`, image) VALUES (233, 150, 'Song mZ7gbw1xQO', 189, 'Jazz', '2015-05-02', 953, 'https://picsum.photos/id/242/200/200');
INSERT INTO SONGS (song_id, album_id, title, duration, genre, release_date, `rank`, image) VALUES (234, 33, 'Song w8DfeWJUTD', 260, 'Rock', '2019-06-08', 840, 'https://picsum.photos/id/209/200/200');
INSERT INTO SONGS (song_id, album_id, title, duration, genre, release_date, `rank`, image) VALUES (235, 37, 'Song AmKkoNynsA', 161, 'Indie', '2022-09-11', 333, 'https://picsum.photos/id/267/200/200');
INSERT INTO SONGS (song_id, album_id, title, duration, genre, release_date, `rank`, image) VALUES (236, 56, 'Song YqGeo4NwI1', 198, 'Classical', '2011-02-21', 604, 'https://picsum.photos/id/251/200/200');
INSERT INTO SONGS (song_id, album_id, title, duration, genre, release_date, `rank`, image) VALUES (237, 147, 'Song qcdXPpgTE3', 357, 'Country', '2020-01-08', 627, 'https://picsum.photos/id/271/200/200');
INSERT INTO SONGS (song_id, album_id, title, duration, genre, release_date, `rank`, image) VALUES (238, 129, 'Song wCf9g4TH7b', 126, 'Rock', '2020-05-12', 701, 'https://picsum.photos/id/251/200/200');
INSERT INTO SONGS (song_id, album_id, title, duration, genre, release_date, `rank`, image) VALUES (239, 116, 'Song Mair3uN7E6', 165, 'Reggae', '2011-01-09', 535, 'https://picsum.photos/id/247/200/200');
INSERT INTO SONGS (song_id, album_id, title, duration, genre, release_date, `rank`, image) VALUES (240, 72, 'Song NWAwB6QKrs', 149, 'Jazz', '2008-09-25', 178, 'https://picsum.photos/id/251/200/200');
INSERT INTO SONGS (song_id, album_id, title, duration, genre, release_date, `rank`, image) VALUES (241, 23, 'Song ym7dXijzBf', 155, 'Rock', '2011-06-22', 47, 'https://picsum.photos/id/272/200/200');
INSERT INTO SONGS (song_id, album_id, title, duration, genre, release_date, `rank`, image) VALUES (242, 132, 'Song C8TjxJtPEX', 177, 'Reggae', '2016-05-22', 291, 'https://picsum.photos/id/205/200/200');
INSERT INTO SONGS (song_id, album_id, title, duration, genre, release_date, `rank`, image) VALUES (243, 200, 'Song Q0MzSeEbdp', 171, 'Blues', '2013-03-18', 352, 'https://picsum.photos/id/207/200/200');
INSERT INTO SONGS (song_id, album_id, title, duration, genre, release_date, `rank`, image) VALUES (244, 114, 'Song uNXV5NUEh1', 445, 'Electronic', '2019-10-19', 249, 'https://picsum.photos/id/250/200/200');
INSERT INTO SONGS (song_id, album_id, title, duration, genre, release_date, `rank`, image) VALUES (245, 34, 'Song 1Y78yVstmC', 194, 'Rock', '2008-03-26', 185, 'https://picsum.photos/id/277/200/200');
INSERT INTO SONGS (song_id, album_id, title, duration, genre, release_date, `rank`, image) VALUES (246, 163, 'Song jDu2m1Q2b9', 143, 'Alternative', '2018-03-30', 203, 'https://picsum.photos/id/221/200/200');
INSERT INTO SONGS (song_id, album_id, title, duration, genre, release_date, `rank`, image) VALUES (247, 157, 'Song klYWVhRbdm', 476, 'Pop', '2016-07-06', 550, 'https://picsum.photos/id/260/200/200');
INSERT INTO SONGS (song_id, album_id, title, duration, genre, release_date, `rank`, image) VALUES (248, 114, 'Song qOqyJsqjFP', 415, 'Pop', '2022-10-14', 700, 'https://picsum.photos/id/250/200/200');
INSERT INTO SONGS (song_id, album_id, title, duration, genre, release_date, `rank`, image) VALUES (249, 164, 'Song QH3U8UtgYb', 405, 'Electronic', '2014-05-12', 914, 'https://picsum.photos/id/205/200/200');
INSERT INTO SONGS (song_id, album_id, title, duration, genre, release_date, `rank`, image) VALUES (250, 173, 'Song vZnbnPIQ7t', 162, 'Alternative', '2012-05-28', 163, 'https://picsum.photos/id/287/200/200');
INSERT INTO SONGS (song_id, album_id, title, duration, genre, release_date, `rank`, image) VALUES (251, 50, 'Song GsMlBuveeO', 299, 'Jazz', '2020-10-23', 462, 'https://picsum.photos/id/206/200/200');
INSERT INTO SONGS (song_id, album_id, title, duration, genre, release_date, `rank`, image) VALUES (252, 86, 'Song dKS9t7fb27', 427, 'Blues', '2008-03-05', 289, 'https://picsum.photos/id/267/200/200');
INSERT INTO SONGS (song_id, album_id, title, duration, genre, release_date, `rank`, image) VALUES (253, 112, 'Song UiVovKNIBN', 365, 'Jazz', '2010-08-11', 687, 'https://picsum.photos/id/292/200/200');
INSERT INTO SONGS (song_id, album_id, title, duration, genre, release_date, `rank`, image) VALUES (254, 16, 'Song iR0du6RTMm', 409, 'Pop', '2016-02-17', 142, 'https://picsum.photos/id/252/200/200');
INSERT INTO SONGS (song_id, album_id, title, duration, genre, release_date, `rank`, image) VALUES (255, 29, 'Song Qj7KirZsi4', 260, 'Electronic', '2021-10-28', 285, 'https://picsum.photos/id/272/200/200');
INSERT INTO SONGS (song_id, album_id, title, duration, genre, release_date, `rank`, image) VALUES (256, 56, 'Song FPs5C2rS78', 417, 'Metal', '2013-11-17', 258, 'https://picsum.photos/id/251/200/200');
INSERT INTO SONGS (song_id, album_id, title, duration, genre, release_date, `rank`, image) VALUES (257, 153, 'Song gIXO7kvldW', 196, 'Jazz', '2011-08-21', 409, 'https://picsum.photos/id/279/200/200');
INSERT INTO SONGS (song_id, album_id, title, duration, genre, release_date, `rank`, image) VALUES (258, 60, 'Song o6e9EWl5l7', 441, 'Blues', '2023-07-26', 399, 'https://picsum.photos/id/297/200/200');
INSERT INTO SONGS (song_id, album_id, title, duration, genre, release_date, `rank`, image) VALUES (259, 83, 'Song eXd0ma9ROL', 329, 'R&B', '2014-09-29', 303, 'https://picsum.photos/id/232/200/200');
INSERT INTO SONGS (song_id, album_id, title, duration, genre, release_date, `rank`, image) VALUES (260, 93, 'Song W35BpTu7g7', 389, 'Folk', '2017-09-29', 285, 'https://picsum.photos/id/211/200/200');
INSERT INTO SONGS (song_id, album_id, title, duration, genre, release_date, `rank`, image) VALUES (261, 162, 'Song CvVdIFhDM2', 300, 'Folk', '2015-09-01', 475, 'https://picsum.photos/id/216/200/200');
INSERT INTO SONGS (song_id, album_id, title, duration, genre, release_date, `rank`, image) VALUES (262, 16, 'Song uklHsKRPTp', 218, 'Country', '2019-03-23', 954, 'https://picsum.photos/id/252/200/200');
INSERT INTO SONGS (song_id, album_id, title, duration, genre, release_date, `rank`, image) VALUES (263, 185, 'Song efTh1AR8Mq', 348, 'Dance', '2017-07-30', 213, 'https://picsum.photos/id/292/200/200');
INSERT INTO SONGS (song_id, album_id, title, duration, genre, release_date, `rank`, image) VALUES (264, 127, 'Song gUs2TzncYD', 289, 'Pop', '2016-11-20', 300, 'https://picsum.photos/id/216/200/200');
INSERT INTO SONGS (song_id, album_id, title, duration, genre, release_date, `rank`, image) VALUES (265, 24, 'Song M7imuuTPPc', 256, 'Alternative', '2015-04-25', 854, 'https://picsum.photos/id/281/200/200');
INSERT INTO SONGS (song_id, album_id, title, duration, genre, release_date, `rank`, image) VALUES (266, 51, 'Song Vk7VkUEc3q', 258, 'Electronic', '2021-05-15', 259, 'https://picsum.photos/id/202/200/200');
INSERT INTO SONGS (song_id, album_id, title, duration, genre, release_date, `rank`, image) VALUES (267, 120, 'Song xYyrmFRobM', 369, 'Rock', '2008-08-01', 28, 'https://picsum.photos/id/234/200/200');
INSERT INTO SONGS (song_id, album_id, title, duration, genre, release_date, `rank`, image) VALUES (268, 123, 'Song 4TAB98CVm2', 135, 'Rock', '2008-08-12', 973, 'https://picsum.photos/id/275/200/200');
INSERT INTO SONGS (song_id, album_id, title, duration, genre, release_date, `rank`, image) VALUES (269, 13, 'Song vJUTDNEdlO', 219, 'Hip Hop', '2018-11-12', 187, 'https://picsum.photos/id/300/200/200');
INSERT INTO SONGS (song_id, album_id, title, duration, genre, release_date, `rank`, image) VALUES (270, 180, 'Song K4Pf80s9TN', 167, 'Country', '2019-10-10', 618, 'https://picsum.photos/id/230/200/200');
INSERT INTO SONGS (song_id, album_id, title, duration, genre, release_date, `rank`, image) VALUES (271, 100, 'Song YknoK6lMWr', 191, 'Alternative', '2009-12-17', 544, 'https://picsum.photos/id/209/200/200');
INSERT INTO SONGS (song_id, album_id, title, duration, genre, release_date, `rank`, image) VALUES (272, 153, 'Song OJ5Bsjnqcr', 365, 'Classical', '2022-12-18', 640, 'https://picsum.photos/id/279/200/200');
INSERT INTO SONGS (song_id, album_id, title, duration, genre, release_date, `rank`, image) VALUES (273, 50, 'Song gdBp8nAkzt', 368, 'Alternative', '2022-02-28', 887, 'https://picsum.photos/id/206/200/200');
INSERT INTO SONGS (song_id, album_id, title, duration, genre, release_date, `rank`, image) VALUES (274, 146, 'Song VYrDo8N6Mi', 235, 'Hip Hop', '2017-06-16', 302, 'https://picsum.photos/id/217/200/200');
INSERT INTO SONGS (song_id, album_id, title, duration, genre, release_date, `rank`, image) VALUES (275, 154, 'Song 67jyvUa5lQ', 208, 'Dance', '2017-10-25', 150, 'https://picsum.photos/id/215/200/200');
INSERT INTO SONGS (song_id, album_id, title, duration, genre, release_date, `rank`, image) VALUES (276, 142, 'Song Xi9y6uP129', 427, 'Metal', '2021-01-01', 246, 'https://picsum.photos/id/220/200/200');
INSERT INTO SONGS (song_id, album_id, title, duration, genre, release_date, `rank`, image) VALUES (277, 93, 'Song q5YwgfQmN1', 226, 'Indie', '2010-06-22', 128, 'https://picsum.photos/id/211/200/200');
INSERT INTO SONGS (song_id, album_id, title, duration, genre, release_date, `rank`, image) VALUES (278, 198, 'Song mSKdScnNsB', 386, 'Dance', '2018-03-23', 809, 'https://picsum.photos/id/284/200/200');
INSERT INTO SONGS (song_id, album_id, title, duration, genre, release_date, `rank`, image) VALUES (279, 52, 'Song hLEVRgilbD', 217, 'Electronic', '2015-10-12', 987, 'https://picsum.photos/id/222/200/200');
INSERT INTO SONGS (song_id, album_id, title, duration, genre, release_date, `rank`, image) VALUES (280, 138, 'Song ltLFjX6Nny', 127, 'Hip Hop', '2018-01-15', 436, 'https://picsum.photos/id/228/200/200');
INSERT INTO SONGS (song_id, album_id, title, duration, genre, release_date, `rank`, image) VALUES (281, 94, 'Song rMCGfXk21y', 184, 'Electronic', '2010-05-22', 15, 'https://picsum.photos/id/226/200/200');
INSERT INTO SONGS (song_id, album_id, title, duration, genre, release_date, `rank`, image) VALUES (282, 29, 'Song zMEjTdyfcE', 397, 'Country', '2018-09-11', 914, 'https://picsum.photos/id/272/200/200');
INSERT INTO SONGS (song_id, album_id, title, duration, genre, release_date, `rank`, image) VALUES (283, 29, 'Song O8cZzxZa8w', 290, 'Jazz', '2014-12-29', 845, 'https://picsum.photos/id/272/200/200');
INSERT INTO SONGS (song_id, album_id, title, duration, genre, release_date, `rank`, image) VALUES (284, 179, 'Song WZwVjKPMIf', 443, 'Blues', '2019-05-17', 873, 'https://picsum.photos/id/217/200/200');
INSERT INTO SONGS (song_id, album_id, title, duration, genre, release_date, `rank`, image) VALUES (285, 70, 'Song pb9i3SiRb7', 123, 'Blues', '2014-11-18', 608, 'https://picsum.photos/id/225/200/200');
INSERT INTO SONGS (song_id, album_id, title, duration, genre, release_date, `rank`, image) VALUES (286, 14, 'Song QNHQSLZAAW', 214, 'Alternative', '2023-05-21', 44, 'https://picsum.photos/id/210/200/200');
INSERT INTO SONGS (song_id, album_id, title, duration, genre, release_date, `rank`, image) VALUES (287, 41, 'Song JKMenho0o2', 318, 'Alternative', '2014-05-02', 921, 'https://picsum.photos/id/261/200/200');
INSERT INTO SONGS (song_id, album_id, title, duration, genre, release_date, `rank`, image) VALUES (288, 50, 'Song 3Twe9YLG3P', 337, 'Country', '2013-06-28', 62, 'https://picsum.photos/id/206/200/200');
INSERT INTO SONGS (song_id, album_id, title, duration, genre, release_date, `rank`, image) VALUES (289, 89, 'Song jm9SBQyvN8', 350, 'Folk', '2015-04-02', 971, 'https://picsum.photos/id/276/200/200');
INSERT INTO SONGS (song_id, album_id, title, duration, genre, release_date, `rank`, image) VALUES (290, 181, 'Song iIYNwB76kG', 321, 'Dance', '2013-12-31', 401, 'https://picsum.photos/id/250/200/200');
INSERT INTO SONGS (song_id, album_id, title, duration, genre, release_date, `rank`, image) VALUES (291, 124, 'Song UBMcdJLM66', 342, 'Folk', '2019-08-16', 421, 'https://picsum.photos/id/269/200/200');
INSERT INTO SONGS (song_id, album_id, title, duration, genre, release_date, `rank`, image) VALUES (292, 168, 'Song 4w0E7zkFYG', 375, 'Electronic', '2014-03-16', 286, 'https://picsum.photos/id/281/200/200');
INSERT INTO SONGS (song_id, album_id, title, duration, genre, release_date, `rank`, image) VALUES (293, 68, 'Song 9pZ7Hxu93A', 371, 'Blues', '2009-01-15', 4, 'https://picsum.photos/id/286/200/200');
INSERT INTO SONGS (song_id, album_id, title, duration, genre, release_date, `rank`, image) VALUES (294, 153, 'Song e13Wkc4Xni', 459, 'Folk', '2018-04-23', 774, 'https://picsum.photos/id/279/200/200');
INSERT INTO SONGS (song_id, album_id, title, duration, genre, release_date, `rank`, image) VALUES (295, 41, 'Song It4d1P9A94', 404, 'Country', '2020-07-17', 693, 'https://picsum.photos/id/261/200/200');
INSERT INTO SONGS (song_id, album_id, title, duration, genre, release_date, `rank`, image) VALUES (296, 194, 'Song GYvvkVnQjx', 248, 'Jazz', '2008-10-15', 477, 'https://picsum.photos/id/245/200/200');
INSERT INTO SONGS (song_id, album_id, title, duration, genre, release_date, `rank`, image) VALUES (297, 145, 'Song fINhbXPzH1', 297, 'Dance', '2008-03-20', 499, 'https://picsum.photos/id/288/200/200');
INSERT INTO SONGS (song_id, album_id, title, duration, genre, release_date, `rank`, image) VALUES (298, 89, 'Song KdfDiEYG4E', 186, 'Country', '2023-02-03', 903, 'https://picsum.photos/id/276/200/200');
INSERT INTO SONGS (song_id, album_id, title, duration, genre, release_date, `rank`, image) VALUES (299, 175, 'Song NuiRD9S52K', 138, 'Dance', '2010-08-03', 888, 'https://picsum.photos/id/219/200/200');
INSERT INTO SONGS (song_id, album_id, title, duration, genre, release_date, `rank`, image) VALUES (300, 73, 'Song GVPdJvDS8O', 403, 'Pop', '2009-11-07', 371, 'https://picsum.photos/id/216/200/200');
INSERT INTO SONGS (song_id, album_id, title, duration, genre, release_date, `rank`, image) VALUES (301, 88, 'Song UPjP5mb91d', 418, 'Blues', '2016-08-06', 868, 'https://picsum.photos/id/258/200/200');
INSERT INTO SONGS (song_id, album_id, title, duration, genre, release_date, `rank`, image) VALUES (302, 42, 'Song cLLn0S96uw', 206, 'Jazz', '2019-03-19', 962, 'https://picsum.photos/id/263/200/200');
INSERT INTO SONGS (song_id, album_id, title, duration, genre, release_date, `rank`, image) VALUES (303, 109, 'Song SRb78MHnh5', 389, 'R&B', '2013-04-02', 840, 'https://picsum.photos/id/234/200/200');
INSERT INTO SONGS (song_id, album_id, title, duration, genre, release_date, `rank`, image) VALUES (304, 101, 'Song AHdAa7ozy5', 389, 'Jazz', '2022-10-24', 99, 'https://picsum.photos/id/285/200/200');
INSERT INTO SONGS (song_id, album_id, title, duration, genre, release_date, `rank`, image) VALUES (305, 40, 'Song nSbZvTpCaE', 127, 'Pop', '2017-05-28', 925, 'https://picsum.photos/id/270/200/200');
INSERT INTO SONGS (song_id, album_id, title, duration, genre, release_date, `rank`, image) VALUES (306, 192, 'Song WrypZAUJ6n', 410, 'Metal', '2023-09-05', 930, 'https://picsum.photos/id/214/200/200');
INSERT INTO SONGS (song_id, album_id, title, duration, genre, release_date, `rank`, image) VALUES (307, 152, 'Song ob36cshGEn', 424, 'Indie', '2011-02-05', 190, 'https://picsum.photos/id/282/200/200');
INSERT INTO SONGS (song_id, album_id, title, duration, genre, release_date, `rank`, image) VALUES (308, 146, 'Song 3DgdJHmc6G', 471, 'Classical', '2013-05-30', 754, 'https://picsum.photos/id/217/200/200');
INSERT INTO SONGS (song_id, album_id, title, duration, genre, release_date, `rank`, image) VALUES (309, 112, 'Song azd0dejClJ', 410, 'Electronic', '2021-06-26', 301, 'https://picsum.photos/id/292/200/200');
INSERT INTO SONGS (song_id, album_id, title, duration, genre, release_date, `rank`, image) VALUES (310, 69, 'Song 79bilAgExS', 260, 'Reggae', '2020-04-23', 739, 'https://picsum.photos/id/260/200/200');
INSERT INTO SONGS (song_id, album_id, title, duration, genre, release_date, `rank`, image) VALUES (311, 194, 'Song yLgZjnwg7J', 169, 'Blues', '2011-01-25', 372, 'https://picsum.photos/id/245/200/200');
INSERT INTO SONGS (song_id, album_id, title, duration, genre, release_date, `rank`, image) VALUES (312, 36, 'Song 8LZdXaC4l0', 253, 'Dance', '2018-07-27', 397, 'https://picsum.photos/id/203/200/200');
INSERT INTO SONGS (song_id, album_id, title, duration, genre, release_date, `rank`, image) VALUES (313, 172, 'Song dUmyBO1bWl', 421, 'Hip Hop', '2008-10-24', 152, 'https://picsum.photos/id/300/200/200');
INSERT INTO SONGS (song_id, album_id, title, duration, genre, release_date, `rank`, image) VALUES (314, 71, 'Song zR8Rv9JWzx', 273, 'Alternative', '2023-05-07', 850, 'https://picsum.photos/id/260/200/200');
INSERT INTO SONGS (song_id, album_id, title, duration, genre, release_date, `rank`, image) VALUES (315, 180, 'Song AsMZ0ktxUJ', 416, 'Metal', '2019-01-30', 648, 'https://picsum.photos/id/230/200/200');
INSERT INTO SONGS (song_id, album_id, title, duration, genre, release_date, `rank`, image) VALUES (316, 45, 'Song A4rqUVW0gS', 286, 'Blues', '2012-07-01', 678, 'https://picsum.photos/id/204/200/200');
INSERT INTO SONGS (song_id, album_id, title, duration, genre, release_date, `rank`, image) VALUES (317, 143, 'Song uvN7l56tmz', 269, 'Pop', '2014-05-07', 284, 'https://picsum.photos/id/292/200/200');
INSERT INTO SONGS (song_id, album_id, title, duration, genre, release_date, `rank`, image) VALUES (318, 51, 'Song uHearsLl0B', 388, 'Classical', '2014-11-15', 59, 'https://picsum.photos/id/202/200/200');
INSERT INTO SONGS (song_id, album_id, title, duration, genre, release_date, `rank`, image) VALUES (319, 59, 'Song 3VdJGS2bB1', 120, 'Hip Hop', '2010-11-13', 817, 'https://picsum.photos/id/267/200/200');
INSERT INTO SONGS (song_id, album_id, title, duration, genre, release_date, `rank`, image) VALUES (320, 82, 'Song 1QqDCJ1leO', 476, 'Dance', '2022-01-30', 6, 'https://picsum.photos/id/229/200/200');
INSERT INTO SONGS (song_id, album_id, title, duration, genre, release_date, `rank`, image) VALUES (321, 137, 'Song 2cs9YOYSLK', 254, 'Indie', '2018-09-07', 701, 'https://picsum.photos/id/296/200/200');
INSERT INTO SONGS (song_id, album_id, title, duration, genre, release_date, `rank`, image) VALUES (322, 199, 'Song G3MHy500fx', 224, 'Electronic', '2008-09-11', 812, 'https://picsum.photos/id/282/200/200');
INSERT INTO SONGS (song_id, album_id, title, duration, genre, release_date, `rank`, image) VALUES (323, 159, 'Song 9HJXmk4Kq0', 268, 'Hip Hop', '2009-07-07', 779, 'https://picsum.photos/id/262/200/200');
INSERT INTO SONGS (song_id, album_id, title, duration, genre, release_date, `rank`, image) VALUES (324, 113, 'Song smqz8Gth03', 418, 'Hip Hop', '2023-09-14', 409, 'https://picsum.photos/id/296/200/200');
INSERT INTO SONGS (song_id, album_id, title, duration, genre, release_date, `rank`, image) VALUES (325, 182, 'Song u1wjt4SOLL', 347, 'Pop', '2010-10-23', 130, 'https://picsum.photos/id/231/200/200');
INSERT INTO SONGS (song_id, album_id, title, duration, genre, release_date, `rank`, image) VALUES (326, 120, 'Song CS2nXXx9eB', 462, 'Alternative', '2010-07-09', 665, 'https://picsum.photos/id/234/200/200');
INSERT INTO SONGS (song_id, album_id, title, duration, genre, release_date, `rank`, image) VALUES (327, 21, 'Song y4dK52dg7B', 443, 'Dance', '2016-10-30', 787, 'https://picsum.photos/id/298/200/200');
INSERT INTO SONGS (song_id, album_id, title, duration, genre, release_date, `rank`, image) VALUES (328, 85, 'Song L3LeSSCWbV', 350, 'Rock', '2010-05-05', 939, 'https://picsum.photos/id/230/200/200');
INSERT INTO SONGS (song_id, album_id, title, duration, genre, release_date, `rank`, image) VALUES (329, 90, 'Song 0Im9aasJOG', 182, 'Metal', '2011-11-18', 622, 'https://picsum.photos/id/230/200/200');
INSERT INTO SONGS (song_id, album_id, title, duration, genre, release_date, `rank`, image) VALUES (330, 31, 'Song xD4WABKaEX', 351, 'Alternative', '2010-06-19', 734, 'https://picsum.photos/id/262/200/200');
INSERT INTO SONGS (song_id, album_id, title, duration, genre, release_date, `rank`, image) VALUES (331, 51, 'Song gwgqxJmJH9', 210, 'Reggae', '2009-07-09', 68, 'https://picsum.photos/id/202/200/200');
INSERT INTO SONGS (song_id, album_id, title, duration, genre, release_date, `rank`, image) VALUES (332, 153, 'Song qWmaecEii9', 456, 'Jazz', '2017-10-09', 272, 'https://picsum.photos/id/279/200/200');
INSERT INTO SONGS (song_id, album_id, title, duration, genre, release_date, `rank`, image) VALUES (333, 35, 'Song uUzjdQLpZq', 456, 'Hip Hop', '2020-10-20', 662, 'https://picsum.photos/id/204/200/200');
INSERT INTO SONGS (song_id, album_id, title, duration, genre, release_date, `rank`, image) VALUES (334, 74, 'Song gNTTYqCgL3', 210, 'Jazz', '2019-03-04', 591, 'https://picsum.photos/id/215/200/200');
INSERT INTO SONGS (song_id, album_id, title, duration, genre, release_date, `rank`, image) VALUES (335, 113, 'Song 2ADdBCcKi2', 408, 'Country', '2019-12-13', 722, 'https://picsum.photos/id/296/200/200');
INSERT INTO SONGS (song_id, album_id, title, duration, genre, release_date, `rank`, image) VALUES (336, 21, 'Song xFOjCoCV8A', 453, 'Rock', '2008-09-19', 547, 'https://picsum.photos/id/298/200/200');
INSERT INTO SONGS (song_id, album_id, title, duration, genre, release_date, `rank`, image) VALUES (337, 152, 'Song 4dQLbH9AJ7', 337, 'Indie', '2016-09-30', 408, 'https://picsum.photos/id/282/200/200');
INSERT INTO SONGS (song_id, album_id, title, duration, genre, release_date, `rank`, image) VALUES (338, 135, 'Song rlGlJS1e1p', 181, 'Reggae', '2015-09-06', 336, 'https://picsum.photos/id/217/200/200');
INSERT INTO SONGS (song_id, album_id, title, duration, genre, release_date, `rank`, image) VALUES (339, 20, 'Song JdR76Ii1AF', 355, 'R&B', '2017-08-23', 431, 'https://picsum.photos/id/298/200/200');
INSERT INTO SONGS (song_id, album_id, title, duration, genre, release_date, `rank`, image) VALUES (340, 56, 'Song PX7rFUWzSb', 363, 'Hip Hop', '2010-05-10', 680, 'https://picsum.photos/id/251/200/200');
INSERT INTO SONGS (song_id, album_id, title, duration, genre, release_date, `rank`, image) VALUES (341, 50, 'Song ljEaTRKiL9', 151, 'Alternative', '2018-06-06', 505, 'https://picsum.photos/id/206/200/200');
INSERT INTO SONGS (song_id, album_id, title, duration, genre, release_date, `rank`, image) VALUES (342, 161, 'Song FEWqruf1pg', 272, 'Dance', '2012-07-29', 396, 'https://picsum.photos/id/232/200/200');
INSERT INTO SONGS (song_id, album_id, title, duration, genre, release_date, `rank`, image) VALUES (343, 31, 'Song ZN3EjkoBYg', 268, 'Electronic', '2011-10-15', 351, 'https://picsum.photos/id/262/200/200');
INSERT INTO SONGS (song_id, album_id, title, duration, genre, release_date, `rank`, image) VALUES (344, 185, 'Song 9r4rL06oiy', 306, 'Reggae', '2023-10-18', 237, 'https://picsum.photos/id/292/200/200');
INSERT INTO SONGS (song_id, album_id, title, duration, genre, release_date, `rank`, image) VALUES (345, 171, 'Song eSghywUfqh', 416, 'Alternative', '2022-09-17', 733, 'https://picsum.photos/id/204/200/200');
INSERT INTO SONGS (song_id, album_id, title, duration, genre, release_date, `rank`, image) VALUES (346, 123, 'Song XJtkRJQZkn', 382, 'Electronic', '2011-06-29', 12, 'https://picsum.photos/id/275/200/200');
INSERT INTO SONGS (song_id, album_id, title, duration, genre, release_date, `rank`, image) VALUES (347, 163, 'Song vmZPWkcToX', 366, 'Pop', '2013-06-14', 3, 'https://picsum.photos/id/221/200/200');
INSERT INTO SONGS (song_id, album_id, title, duration, genre, release_date, `rank`, image) VALUES (348, 188, 'Song aDcl87bn1s', 327, 'Electronic', '2012-08-15', 175, 'https://picsum.photos/id/285/200/200');
INSERT INTO SONGS (song_id, album_id, title, duration, genre, release_date, `rank`, image) VALUES (349, 121, 'Song taG8XB6mbf', 183, 'Metal', '2010-05-20', 639, 'https://picsum.photos/id/228/200/200');
INSERT INTO SONGS (song_id, album_id, title, duration, genre, release_date, `rank`, image) VALUES (350, 167, 'Song T2WcMSurRN', 123, 'Classical', '2012-01-19', 654, 'https://picsum.photos/id/213/200/200');
INSERT INTO SONGS (song_id, album_id, title, duration, genre, release_date, `rank`, image) VALUES (351, 174, 'Song XtdqDHjz9u', 453, 'Reggae', '2018-07-13', 10, 'https://picsum.photos/id/213/200/200');
INSERT INTO SONGS (song_id, album_id, title, duration, genre, release_date, `rank`, image) VALUES (352, 92, 'Song lqU3FrMOO6', 421, 'Dance', '2013-08-26', 342, 'https://picsum.photos/id/262/200/200');
INSERT INTO SONGS (song_id, album_id, title, duration, genre, release_date, `rank`, image) VALUES (353, 133, 'Song EEnklN15PE', 392, 'Reggae', '2017-02-07', 458, 'https://picsum.photos/id/231/200/200');
INSERT INTO SONGS (song_id, album_id, title, duration, genre, release_date, `rank`, image) VALUES (354, 75, 'Song HYAgwp9Flj', 327, 'Folk', '2020-11-16', 37, 'https://picsum.photos/id/223/200/200');
INSERT INTO SONGS (song_id, album_id, title, duration, genre, release_date, `rank`, image) VALUES (355, 50, 'Song KQO40tmqdX', 362, 'Reggae', '2020-12-14', 871, 'https://picsum.photos/id/206/200/200');
INSERT INTO SONGS (song_id, album_id, title, duration, genre, release_date, `rank`, image) VALUES (356, 137, 'Song LHUm9CsIvF', 207, 'Folk', '2019-05-03', 119, 'https://picsum.photos/id/296/200/200');
INSERT INTO SONGS (song_id, album_id, title, duration, genre, release_date, `rank`, image) VALUES (357, 139, 'Song t02S6SStY8', 237, 'Dance', '2018-01-30', 554, 'https://picsum.photos/id/242/200/200');
INSERT INTO SONGS (song_id, album_id, title, duration, genre, release_date, `rank`, image) VALUES (358, 59, 'Song vSWUWoxm3k', 180, 'Hip Hop', '2023-11-14', 423, 'https://picsum.photos/id/267/200/200');
INSERT INTO SONGS (song_id, album_id, title, duration, genre, release_date, `rank`, image) VALUES (359, 95, 'Song YT1oSLlUI0', 330, 'Blues', '2011-10-16', 236, 'https://picsum.photos/id/234/200/200');
INSERT INTO SONGS (song_id, album_id, title, duration, genre, release_date, `rank`, image) VALUES (360, 128, 'Song ghzk5FOSNk', 432, 'Country', '2015-06-28', 350, 'https://picsum.photos/id/262/200/200');
INSERT INTO SONGS (song_id, album_id, title, duration, genre, release_date, `rank`, image) VALUES (361, 113, 'Song Tfsbngt10W', 471, 'Hip Hop', '2010-04-26', 154, 'https://picsum.photos/id/296/200/200');
INSERT INTO SONGS (song_id, album_id, title, duration, genre, release_date, `rank`, image) VALUES (362, 82, 'Song PYKCmfmnLe', 202, 'Alternative', '2015-08-17', 110, 'https://picsum.photos/id/229/200/200');
INSERT INTO SONGS (song_id, album_id, title, duration, genre, release_date, `rank`, image) VALUES (363, 74, 'Song iqUwi7l2c9', 276, 'Indie', '2021-06-29', 174, 'https://picsum.photos/id/215/200/200');
INSERT INTO SONGS (song_id, album_id, title, duration, genre, release_date, `rank`, image) VALUES (364, 26, 'Song 2JZrI2FnDt', 139, 'Hip Hop', '2016-03-19', 714, 'https://picsum.photos/id/260/200/200');
INSERT INTO SONGS (song_id, album_id, title, duration, genre, release_date, `rank`, image) VALUES (365, 114, 'Song LuuIGtroBb', 186, 'Rock', '2016-12-17', 956, 'https://picsum.photos/id/250/200/200');
INSERT INTO SONGS (song_id, album_id, title, duration, genre, release_date, `rank`, image) VALUES (366, 71, 'Song 33kNXAW9FN', 202, 'Dance', '2022-12-09', 450, 'https://picsum.photos/id/260/200/200');
INSERT INTO SONGS (song_id, album_id, title, duration, genre, release_date, `rank`, image) VALUES (367, 145, 'Song eekxqJmAkd', 342, 'Electronic', '2020-10-17', 607, 'https://picsum.photos/id/288/200/200');
INSERT INTO SONGS (song_id, album_id, title, duration, genre, release_date, `rank`, image) VALUES (368, 57, 'Song KssMY1YkEh', 328, 'Pop', '2021-10-10', 390, 'https://picsum.photos/id/276/200/200');
INSERT INTO SONGS (song_id, album_id, title, duration, genre, release_date, `rank`, image) VALUES (369, 72, 'Song 8BEwbZoQKb', 321, 'Indie', '2009-08-24', 448, 'https://picsum.photos/id/251/200/200');
INSERT INTO SONGS (song_id, album_id, title, duration, genre, release_date, `rank`, image) VALUES (370, 46, 'Song bJoFRzNUPB', 298, 'Indie', '2013-02-13', 295, 'https://picsum.photos/id/295/200/200');
INSERT INTO SONGS (song_id, album_id, title, duration, genre, release_date, `rank`, image) VALUES (371, 33, 'Song bKhig2qey3', 456, 'Rock', '2013-09-05', 73, 'https://picsum.photos/id/209/200/200');
INSERT INTO SONGS (song_id, album_id, title, duration, genre, release_date, `rank`, image) VALUES (372, 24, 'Song GkAqqWQim0', 208, 'Jazz', '2024-02-16', 500, 'https://picsum.photos/id/281/200/200');
INSERT INTO SONGS (song_id, album_id, title, duration, genre, release_date, `rank`, image) VALUES (373, 55, 'Song JLj2spSwTc', 300, 'Dance', '2017-08-22', 721, 'https://picsum.photos/id/281/200/200');
INSERT INTO SONGS (song_id, album_id, title, duration, genre, release_date, `rank`, image) VALUES (374, 114, 'Song urWUxbf14q', 476, 'Electronic', '2019-11-15', 533, 'https://picsum.photos/id/250/200/200');
INSERT INTO SONGS (song_id, album_id, title, duration, genre, release_date, `rank`, image) VALUES (375, 117, 'Song G1P8DbS9CR', 180, 'Indie', '2011-07-29', 354, 'https://picsum.photos/id/206/200/200');
INSERT INTO SONGS (song_id, album_id, title, duration, genre, release_date, `rank`, image) VALUES (376, 52, 'Song IxGBnb1Sa6', 390, 'Electronic', '2021-04-27', 843, 'https://picsum.photos/id/222/200/200');
INSERT INTO SONGS (song_id, album_id, title, duration, genre, release_date, `rank`, image) VALUES (377, 169, 'Song v29Kst442a', 303, 'Alternative', '2014-12-15', 391, 'https://picsum.photos/id/295/200/200');
INSERT INTO SONGS (song_id, album_id, title, duration, genre, release_date, `rank`, image) VALUES (378, 32, 'Song 1Yo2WY7EnP', 197, 'Alternative', '2017-03-28', 294, 'https://picsum.photos/id/244/200/200');
INSERT INTO SONGS (song_id, album_id, title, duration, genre, release_date, `rank`, image) VALUES (379, 145, 'Song lvBBsm6SRH', 429, 'Folk', '2021-12-15', 537, 'https://picsum.photos/id/288/200/200');
INSERT INTO SONGS (song_id, album_id, title, duration, genre, release_date, `rank`, image) VALUES (380, 87, 'Song Lxdk3YqihM', 431, 'Blues', '2023-09-24', 105, 'https://picsum.photos/id/234/200/200');
INSERT INTO SONGS (song_id, album_id, title, duration, genre, release_date, `rank`, image) VALUES (381, 2, 'Song BULY9wAWUR', 335, 'Country', '2012-09-25', 500, 'https://picsum.photos/id/237/200/200');
INSERT INTO SONGS (song_id, album_id, title, duration, genre, release_date, `rank`, image) VALUES (382, 128, 'Song mkNoSc7qaZ', 373, 'Indie', '2016-03-17', 749, 'https://picsum.photos/id/262/200/200');
INSERT INTO SONGS (song_id, album_id, title, duration, genre, release_date, `rank`, image) VALUES (383, 94, 'Song p0h0qxrJsM', 128, 'Jazz', '2009-11-25', 43, 'https://picsum.photos/id/226/200/200');
INSERT INTO SONGS (song_id, album_id, title, duration, genre, release_date, `rank`, image) VALUES (384, 164, 'Song Fx7giuH8Jk', 274, 'Classical', '2017-01-10', 600, 'https://picsum.photos/id/205/200/200');
INSERT INTO SONGS (song_id, album_id, title, duration, genre, release_date, `rank`, image) VALUES (385, 190, 'Song tx6WLPGv4F', 376, 'Reggae', '2008-05-21', 764, 'https://picsum.photos/id/248/200/200');
INSERT INTO SONGS (song_id, album_id, title, duration, genre, release_date, `rank`, image) VALUES (386, 8, 'Song jzR40X35Kg', 406, 'Folk', '2019-01-02', 282, 'https://picsum.photos/id/211/200/200');
INSERT INTO SONGS (song_id, album_id, title, duration, genre, release_date, `rank`, image) VALUES (387, 37, 'Song PPmoLRrGwr', 148, 'Hip Hop', '2015-07-13', 47, 'https://picsum.photos/id/267/200/200');
INSERT INTO SONGS (song_id, album_id, title, duration, genre, release_date, `rank`, image) VALUES (388, 33, 'Song jLcQcC2Rkc', 183, 'Pop', '2009-06-21', 113, 'https://picsum.photos/id/209/200/200');
INSERT INTO SONGS (song_id, album_id, title, duration, genre, release_date, `rank`, image) VALUES (389, 20, 'Song x6IMmY4D05', 146, 'Indie', '2021-12-02', 279, 'https://picsum.photos/id/298/200/200');
INSERT INTO SONGS (song_id, album_id, title, duration, genre, release_date, `rank`, image) VALUES (390, 170, 'Song ibi6aGj9e1', 223, 'Blues', '2020-09-27', 33, 'https://picsum.photos/id/247/200/200');
INSERT INTO SONGS (song_id, album_id, title, duration, genre, release_date, `rank`, image) VALUES (391, 173, 'Song r7H8E3p2Ya', 467, 'Rock', '2013-09-29', 269, 'https://picsum.photos/id/287/200/200');
INSERT INTO SONGS (song_id, album_id, title, duration, genre, release_date, `rank`, image) VALUES (392, 13, 'Song F47Hi9HnF0', 386, 'Metal', '2010-03-10', 428, 'https://picsum.photos/id/300/200/200');
INSERT INTO SONGS (song_id, album_id, title, duration, genre, release_date, `rank`, image) VALUES (393, 159, 'Song Mp4k8V7wK9', 343, 'Hip Hop', '2016-02-13', 20, 'https://picsum.photos/id/262/200/200');
INSERT INTO SONGS (song_id, album_id, title, duration, genre, release_date, `rank`, image) VALUES (394, 115, 'Song B1T2IDoikP', 212, 'Indie', '2013-03-15', 631, 'https://picsum.photos/id/298/200/200');
INSERT INTO SONGS (song_id, album_id, title, duration, genre, release_date, `rank`, image) VALUES (395, 192, 'Song snUxf05oIa', 225, 'Reggae', '2015-05-08', 990, 'https://picsum.photos/id/214/200/200');
INSERT INTO SONGS (song_id, album_id, title, duration, genre, release_date, `rank`, image) VALUES (396, 27, 'Song eow5fW8icE', 269, 'R&B', '2018-10-08', 978, 'https://picsum.photos/id/249/200/200');
INSERT INTO SONGS (song_id, album_id, title, duration, genre, release_date, `rank`, image) VALUES (397, 179, 'Song WgEsWQNJtO', 157, 'Rock', '2008-08-08', 786, 'https://picsum.photos/id/217/200/200');
INSERT INTO SONGS (song_id, album_id, title, duration, genre, release_date, `rank`, image) VALUES (398, 181, 'Song wK4iuwmIvW', 460, 'Alternative', '2024-04-03', 935, 'https://picsum.photos/id/250/200/200');
INSERT INTO SONGS (song_id, album_id, title, duration, genre, release_date, `rank`, image) VALUES (399, 156, 'Song mRiNx82oFR', 259, 'Alternative', '2014-07-31', 75, 'https://picsum.photos/id/244/200/200');
INSERT INTO SONGS (song_id, album_id, title, duration, genre, release_date, `rank`, image) VALUES (400, 177, 'Song urikp1KUnw', 132, 'Blues', '2022-04-09', 992, 'https://picsum.photos/id/293/200/200');
INSERT INTO SONGS (song_id, album_id, title, duration, genre, release_date, `rank`, image) VALUES (401, 110, 'Song 5SRt3TwV8v', 477, 'R&B', '2009-02-18', 192, 'https://picsum.photos/id/245/200/200');
INSERT INTO SONGS (song_id, album_id, title, duration, genre, release_date, `rank`, image) VALUES (402, 7, 'Song kK50Nhqges', 329, 'Country', '2013-04-07', 87, 'https://picsum.photos/id/227/200/200');
INSERT INTO SONGS (song_id, album_id, title, duration, genre, release_date, `rank`, image) VALUES (403, 94, 'Song BOTjYla6bb', 277, 'Country', '2017-06-08', 78, 'https://picsum.photos/id/226/200/200');
INSERT INTO SONGS (song_id, album_id, title, duration, genre, release_date, `rank`, image) VALUES (404, 93, 'Song 8Wtn8tEGPL', 179, 'Country', '2008-12-21', 344, 'https://picsum.photos/id/211/200/200');
INSERT INTO SONGS (song_id, album_id, title, duration, genre, release_date, `rank`, image) VALUES (405, 14, 'Song MVVexzqH9V', 131, 'Country', '2015-11-07', 398, 'https://picsum.photos/id/210/200/200');
INSERT INTO SONGS (song_id, album_id, title, duration, genre, release_date, `rank`, image) VALUES (406, 177, 'Song Q6OZXPLvow', 291, 'Jazz', '2016-09-06', 40, 'https://picsum.photos/id/293/200/200');
INSERT INTO SONGS (song_id, album_id, title, duration, genre, release_date, `rank`, image) VALUES (407, 189, 'Song 4rbFF61OSy', 279, 'R&B', '2018-10-08', 676, 'https://picsum.photos/id/287/200/200');
INSERT INTO SONGS (song_id, album_id, title, duration, genre, release_date, `rank`, image) VALUES (408, 86, 'Song LuGBRYAR9H', 144, 'Alternative', '2019-12-27', 608, 'https://picsum.photos/id/267/200/200');
INSERT INTO SONGS (song_id, album_id, title, duration, genre, release_date, `rank`, image) VALUES (409, 12, 'Song VRCXapG7wK', 305, 'R&B', '2013-06-05', 311, 'https://picsum.photos/id/285/200/200');
INSERT INTO SONGS (song_id, album_id, title, duration, genre, release_date, `rank`, image) VALUES (410, 38, 'Song 1jv7wu5CRS', 340, 'Blues', '2021-01-15', 739, 'https://picsum.photos/id/255/200/200');
INSERT INTO SONGS (song_id, album_id, title, duration, genre, release_date, `rank`, image) VALUES (411, 77, 'Song 1rQ0Scxpgg', 356, 'Alternative', '2009-10-27', 796, 'https://picsum.photos/id/211/200/200');
INSERT INTO SONGS (song_id, album_id, title, duration, genre, release_date, `rank`, image) VALUES (412, 100, 'Song 3X3ahHfQE5', 410, 'Folk', '2023-07-07', 910, 'https://picsum.photos/id/209/200/200');
INSERT INTO SONGS (song_id, album_id, title, duration, genre, release_date, `rank`, image) VALUES (413, 102, 'Song 7EAqj7asZP', 138, 'Classical', '2016-04-14', 520, 'https://picsum.photos/id/209/200/200');
INSERT INTO SONGS (song_id, album_id, title, duration, genre, release_date, `rank`, image) VALUES (414, 81, 'Song rOslcPaQI9', 159, 'Folk', '2008-08-05', 865, 'https://picsum.photos/id/255/200/200');
INSERT INTO SONGS (song_id, album_id, title, duration, genre, release_date, `rank`, image) VALUES (415, 116, 'Song fOwxZDOdbN', 168, 'Blues', '2016-08-06', 696, 'https://picsum.photos/id/247/200/200');
INSERT INTO SONGS (song_id, album_id, title, duration, genre, release_date, `rank`, image) VALUES (416, 105, 'Song xkfhuFRDQz', 268, 'Rock', '2019-08-09', 260, 'https://picsum.photos/id/256/200/200');
INSERT INTO SONGS (song_id, album_id, title, duration, genre, release_date, `rank`, image) VALUES (417, 1, 'Song aEN8Fha1Qm', 284, 'Folk', '2020-01-16', 929, 'https://picsum.photos/id/269/200/200');
INSERT INTO SONGS (song_id, album_id, title, duration, genre, release_date, `rank`, image) VALUES (418, 145, 'Song ppKZsVCyJs', 358, 'R&B', '2016-10-12', 128, 'https://picsum.photos/id/288/200/200');
INSERT INTO SONGS (song_id, album_id, title, duration, genre, release_date, `rank`, image) VALUES (419, 89, 'Song b9KtjAjDng', 166, 'Reggae', '2018-07-04', 24, 'https://picsum.photos/id/276/200/200');
INSERT INTO SONGS (song_id, album_id, title, duration, genre, release_date, `rank`, image) VALUES (420, 163, 'Song qvs6qSHodq', 451, 'Reggae', '2019-11-22', 991, 'https://picsum.photos/id/221/200/200');
INSERT INTO SONGS (song_id, album_id, title, duration, genre, release_date, `rank`, image) VALUES (421, 139, 'Song PXlfSp1gkR', 246, 'Reggae', '2008-05-15', 739, 'https://picsum.photos/id/242/200/200');
INSERT INTO SONGS (song_id, album_id, title, duration, genre, release_date, `rank`, image) VALUES (422, 95, 'Song mtXmgMT8wU', 311, 'Pop', '2021-01-16', 150, 'https://picsum.photos/id/234/200/200');
INSERT INTO SONGS (song_id, album_id, title, duration, genre, release_date, `rank`, image) VALUES (423, 187, 'Song j9qfIUSRpi', 300, 'Hip Hop', '2016-01-16', 669, 'https://picsum.photos/id/214/200/200');
INSERT INTO SONGS (song_id, album_id, title, duration, genre, release_date, `rank`, image) VALUES (424, 18, 'Song edqQan2MhF', 224, 'Indie', '2009-10-17', 445, 'https://picsum.photos/id/216/200/200');
INSERT INTO SONGS (song_id, album_id, title, duration, genre, release_date, `rank`, image) VALUES (425, 106, 'Song RvrT5096Cl', 427, 'Electronic', '2015-06-09', 517, 'https://picsum.photos/id/235/200/200');
INSERT INTO SONGS (song_id, album_id, title, duration, genre, release_date, `rank`, image) VALUES (426, 53, 'Song EHI1GldTwg', 476, 'Dance', '2021-11-11', 14, 'https://picsum.photos/id/282/200/200');
INSERT INTO SONGS (song_id, album_id, title, duration, genre, release_date, `rank`, image) VALUES (427, 119, 'Song EOTuXW03M9', 430, 'Electronic', '2014-06-10', 721, 'https://picsum.photos/id/262/200/200');
INSERT INTO SONGS (song_id, album_id, title, duration, genre, release_date, `rank`, image) VALUES (428, 191, 'Song Cd0j0F2FV8', 446, 'Reggae', '2017-03-28', 229, 'https://picsum.photos/id/238/200/200');
INSERT INTO SONGS (song_id, album_id, title, duration, genre, release_date, `rank`, image) VALUES (429, 140, 'Song wfPd7xz9yd', 384, 'Jazz', '2017-02-02', 844, 'https://picsum.photos/id/267/200/200');
INSERT INTO SONGS (song_id, album_id, title, duration, genre, release_date, `rank`, image) VALUES (430, 65, 'Song YmcZl1i73s', 307, 'Reggae', '2021-08-22', 218, 'https://picsum.photos/id/234/200/200');
INSERT INTO SONGS (song_id, album_id, title, duration, genre, release_date, `rank`, image) VALUES (431, 111, 'Song kigj2TLH5n', 480, 'Hip Hop', '2010-06-12', 385, 'https://picsum.photos/id/236/200/200');
INSERT INTO SONGS (song_id, album_id, title, duration, genre, release_date, `rank`, image) VALUES (432, 151, 'Song yN5hEeGgvW', 269, 'Hip Hop', '2013-01-10', 803, 'https://picsum.photos/id/231/200/200');
INSERT INTO SONGS (song_id, album_id, title, duration, genre, release_date, `rank`, image) VALUES (433, 30, 'Song aXfeI95f9z', 125, 'Alternative', '2012-12-25', 775, 'https://picsum.photos/id/280/200/200');
INSERT INTO SONGS (song_id, album_id, title, duration, genre, release_date, `rank`, image) VALUES (434, 94, 'Song hPwSSyieEX', 441, 'R&B', '2015-02-22', 983, 'https://picsum.photos/id/226/200/200');
INSERT INTO SONGS (song_id, album_id, title, duration, genre, release_date, `rank`, image) VALUES (435, 3, 'Song 78h3bVbkM9', 305, 'Folk', '2013-08-28', 619, 'https://picsum.photos/id/247/200/200');
INSERT INTO SONGS (song_id, album_id, title, duration, genre, release_date, `rank`, image) VALUES (436, 172, 'Song DKuFqXqksg', 220, 'Indie', '2020-03-20', 101, 'https://picsum.photos/id/300/200/200');
INSERT INTO SONGS (song_id, album_id, title, duration, genre, release_date, `rank`, image) VALUES (437, 124, 'Song 8nNiUf5PJT', 288, 'Folk', '2021-12-12', 322, 'https://picsum.photos/id/269/200/200');
INSERT INTO SONGS (song_id, album_id, title, duration, genre, release_date, `rank`, image) VALUES (438, 74, 'Song ru0ZSUofiK', 261, 'Hip Hop', '2020-03-04', 346, 'https://picsum.photos/id/215/200/200');
INSERT INTO SONGS (song_id, album_id, title, duration, genre, release_date, `rank`, image) VALUES (439, 110, 'Song oWecm5NYSD', 302, 'Electronic', '2020-02-18', 821, 'https://picsum.photos/id/245/200/200');
INSERT INTO SONGS (song_id, album_id, title, duration, genre, release_date, `rank`, image) VALUES (440, 37, 'Song DV2uiWBWZR', 351, 'Jazz', '2018-02-07', 327, 'https://picsum.photos/id/267/200/200');
INSERT INTO SONGS (song_id, album_id, title, duration, genre, release_date, `rank`, image) VALUES (441, 64, 'Song mx6DQHvcm1', 405, 'Folk', '2011-04-07', 389, 'https://picsum.photos/id/288/200/200');
INSERT INTO SONGS (song_id, album_id, title, duration, genre, release_date, `rank`, image) VALUES (442, 119, 'Song VDxgeHPQ2E', 323, 'Alternative', '2021-01-07', 988, 'https://picsum.photos/id/262/200/200');
INSERT INTO SONGS (song_id, album_id, title, duration, genre, release_date, `rank`, image) VALUES (443, 74, 'Song WWFW1albQ2', 198, 'R&B', '2012-06-10', 630, 'https://picsum.photos/id/215/200/200');
INSERT INTO SONGS (song_id, album_id, title, duration, genre, release_date, `rank`, image) VALUES (444, 48, 'Song 1lYxiah0AS', 244, 'Electronic', '2013-05-05', 897, 'https://picsum.photos/id/300/200/200');
INSERT INTO SONGS (song_id, album_id, title, duration, genre, release_date, `rank`, image) VALUES (445, 94, 'Song JG3AVdhirG', 266, 'Electronic', '2014-03-29', 849, 'https://picsum.photos/id/226/200/200');
INSERT INTO SONGS (song_id, album_id, title, duration, genre, release_date, `rank`, image) VALUES (446, 69, 'Song VqaCoa3D4f', 120, 'R&B', '2020-05-06', 997, 'https://picsum.photos/id/260/200/200');
INSERT INTO SONGS (song_id, album_id, title, duration, genre, release_date, `rank`, image) VALUES (447, 182, 'Song rPKIHvhuhq', 467, 'Classical', '2020-01-30', 145, 'https://picsum.photos/id/231/200/200');
INSERT INTO SONGS (song_id, album_id, title, duration, genre, release_date, `rank`, image) VALUES (448, 42, 'Song a2UhtBeXD8', 167, 'Indie', '2022-03-23', 43, 'https://picsum.photos/id/263/200/200');
INSERT INTO SONGS (song_id, album_id, title, duration, genre, release_date, `rank`, image) VALUES (449, 75, 'Song Zs8RlM7ByY', 237, 'Blues', '2017-02-14', 292, 'https://picsum.photos/id/223/200/200');
INSERT INTO SONGS (song_id, album_id, title, duration, genre, release_date, `rank`, image) VALUES (450, 183, 'Song euZPVxyixN', 471, 'Blues', '2009-07-10', 92, 'https://picsum.photos/id/232/200/200');
INSERT INTO SONGS (song_id, album_id, title, duration, genre, release_date, `rank`, image) VALUES (451, 149, 'Song MceTIbp0Ds', 254, 'Folk', '2012-01-10', 904, 'https://picsum.photos/id/231/200/200');
INSERT INTO SONGS (song_id, album_id, title, duration, genre, release_date, `rank`, image) VALUES (452, 59, 'Song 9YAftGgbOp', 351, 'Pop', '2011-12-24', 323, 'https://picsum.photos/id/267/200/200');
INSERT INTO SONGS (song_id, album_id, title, duration, genre, release_date, `rank`, image) VALUES (453, 194, 'Song qCpdrE5UNU', 252, 'Dance', '2019-08-07', 781, 'https://picsum.photos/id/245/200/200');
INSERT INTO SONGS (song_id, album_id, title, duration, genre, release_date, `rank`, image) VALUES (454, 114, 'Song iKEFN1vyNd', 347, 'Metal', '2022-01-26', 889, 'https://picsum.photos/id/250/200/200');
INSERT INTO SONGS (song_id, album_id, title, duration, genre, release_date, `rank`, image) VALUES (455, 156, 'Song urFvbpCSL5', 404, 'Hip Hop', '2009-05-22', 796, 'https://picsum.photos/id/244/200/200');
INSERT INTO SONGS (song_id, album_id, title, duration, genre, release_date, `rank`, image) VALUES (456, 77, 'Song UT8Rcm256f', 222, 'Classical', '2021-01-22', 48, 'https://picsum.photos/id/211/200/200');
INSERT INTO SONGS (song_id, album_id, title, duration, genre, release_date, `rank`, image) VALUES (457, 64, 'Song wSqq2f62f1', 244, 'R&B', '2022-10-15', 701, 'https://picsum.photos/id/288/200/200');
INSERT INTO SONGS (song_id, album_id, title, duration, genre, release_date, `rank`, image) VALUES (458, 124, 'Song 2WVBvx6hVm', 253, 'Blues', '2009-07-10', 766, 'https://picsum.photos/id/269/200/200');
INSERT INTO SONGS (song_id, album_id, title, duration, genre, release_date, `rank`, image) VALUES (459, 164, 'Song hx4NX8sWAi', 340, 'Blues', '2016-04-14', 540, 'https://picsum.photos/id/205/200/200');
INSERT INTO SONGS (song_id, album_id, title, duration, genre, release_date, `rank`, image) VALUES (460, 145, 'Song R0DcWUB7xZ', 217, 'Alternative', '2019-07-04', 293, 'https://picsum.photos/id/288/200/200');
INSERT INTO SONGS (song_id, album_id, title, duration, genre, release_date, `rank`, image) VALUES (461, 168, 'Song rwQwWuXoQT', 168, 'Pop', '2024-04-30', 24, 'https://picsum.photos/id/281/200/200');
INSERT INTO SONGS (song_id, album_id, title, duration, genre, release_date, `rank`, image) VALUES (462, 89, 'Song 1mQPOXbi4l', 355, 'Rock', '2020-06-07', 516, 'https://picsum.photos/id/276/200/200');
INSERT INTO SONGS (song_id, album_id, title, duration, genre, release_date, `rank`, image) VALUES (463, 181, 'Song WAM9vLBTEU', 450, 'Alternative', '2009-11-09', 377, 'https://picsum.photos/id/250/200/200');
INSERT INTO SONGS (song_id, album_id, title, duration, genre, release_date, `rank`, image) VALUES (464, 97, 'Song SgvKuziggr', 314, 'Pop', '2019-06-23', 627, 'https://picsum.photos/id/297/200/200');
INSERT INTO SONGS (song_id, album_id, title, duration, genre, release_date, `rank`, image) VALUES (465, 24, 'Song HB83DSRJAh', 368, 'Country', '2019-06-28', 15, 'https://picsum.photos/id/281/200/200');
INSERT INTO SONGS (song_id, album_id, title, duration, genre, release_date, `rank`, image) VALUES (466, 156, 'Song JHaF1L6CHI', 295, 'Pop', '2020-12-15', 614, 'https://picsum.photos/id/244/200/200');
INSERT INTO SONGS (song_id, album_id, title, duration, genre, release_date, `rank`, image) VALUES (467, 123, 'Song pUlmw6qNmx', 205, 'Pop', '2021-07-13', 596, 'https://picsum.photos/id/275/200/200');
INSERT INTO SONGS (song_id, album_id, title, duration, genre, release_date, `rank`, image) VALUES (468, 97, 'Song i7Dse0UFbn', 475, 'Jazz', '2009-09-29', 681, 'https://picsum.photos/id/297/200/200');
INSERT INTO SONGS (song_id, album_id, title, duration, genre, release_date, `rank`, image) VALUES (469, 33, 'Song cQTKyXh5Wk', 230, 'R&B', '2020-04-07', 261, 'https://picsum.photos/id/209/200/200');
INSERT INTO SONGS (song_id, album_id, title, duration, genre, release_date, `rank`, image) VALUES (470, 16, 'Song 2sNIyaE5B7', 342, 'Indie', '2021-07-30', 865, 'https://picsum.photos/id/252/200/200');
INSERT INTO SONGS (song_id, album_id, title, duration, genre, release_date, `rank`, image) VALUES (471, 146, 'Song NsZU4DqahD', 420, 'Country', '2012-01-03', 26, 'https://picsum.photos/id/217/200/200');
INSERT INTO SONGS (song_id, album_id, title, duration, genre, release_date, `rank`, image) VALUES (472, 1, 'Song XrwxN7ruS3', 360, 'Pop', '2014-02-09', 62, 'https://picsum.photos/id/269/200/200');
INSERT INTO SONGS (song_id, album_id, title, duration, genre, release_date, `rank`, image) VALUES (473, 32, 'Song XxArG1Xt2w', 178, 'Reggae', '2009-07-12', 663, 'https://picsum.photos/id/244/200/200');
INSERT INTO SONGS (song_id, album_id, title, duration, genre, release_date, `rank`, image) VALUES (474, 111, 'Song S8cjbR8OVC', 305, 'Dance', '2018-12-20', 26, 'https://picsum.photos/id/236/200/200');
INSERT INTO SONGS (song_id, album_id, title, duration, genre, release_date, `rank`, image) VALUES (475, 166, 'Song A1a6oIDKbR', 290, 'Jazz', '2023-04-06', 3, 'https://picsum.photos/id/291/200/200');
INSERT INTO SONGS (song_id, album_id, title, duration, genre, release_date, `rank`, image) VALUES (476, 156, 'Song K08aCLFSjt', 355, 'Rock', '2011-03-06', 25, 'https://picsum.photos/id/244/200/200');
INSERT INTO SONGS (song_id, album_id, title, duration, genre, release_date, `rank`, image) VALUES (477, 144, 'Song NaUHHYfHpY', 285, 'Reggae', '2008-02-21', 58, 'https://picsum.photos/id/236/200/200');
INSERT INTO SONGS (song_id, album_id, title, duration, genre, release_date, `rank`, image) VALUES (478, 152, 'Song g9fh3doqhy', 313, 'Blues', '2013-09-26', 829, 'https://picsum.photos/id/282/200/200');
INSERT INTO SONGS (song_id, album_id, title, duration, genre, release_date, `rank`, image) VALUES (479, 195, 'Song s7oD0yCa0f', 327, 'Pop', '2008-07-18', 696, 'https://picsum.photos/id/296/200/200');
INSERT INTO SONGS (song_id, album_id, title, duration, genre, release_date, `rank`, image) VALUES (480, 78, 'Song g6biLOaJyw', 297, 'Dance', '2020-04-20', 975, 'https://picsum.photos/id/266/200/200');
INSERT INTO SONGS (song_id, album_id, title, duration, genre, release_date, `rank`, image) VALUES (481, 195, 'Song cuoKFPhIBC', 263, 'Classical', '2016-09-15', 943, 'https://picsum.photos/id/296/200/200');
INSERT INTO SONGS (song_id, album_id, title, duration, genre, release_date, `rank`, image) VALUES (482, 25, 'Song HTxZfHJecy', 254, 'Hip Hop', '2017-10-14', 520, 'https://picsum.photos/id/236/200/200');
INSERT INTO SONGS (song_id, album_id, title, duration, genre, release_date, `rank`, image) VALUES (483, 16, 'Song aj9k3UNM5D', 347, 'Alternative', '2008-03-29', 161, 'https://picsum.photos/id/252/200/200');
INSERT INTO SONGS (song_id, album_id, title, duration, genre, release_date, `rank`, image) VALUES (484, 52, 'Song S6w6Kock3s', 239, 'Folk', '2014-04-10', 579, 'https://picsum.photos/id/222/200/200');
INSERT INTO SONGS (song_id, album_id, title, duration, genre, release_date, `rank`, image) VALUES (485, 110, 'Song UUlPBSwb1M', 245, 'Blues', '2018-10-15', 816, 'https://picsum.photos/id/245/200/200');
INSERT INTO SONGS (song_id, album_id, title, duration, genre, release_date, `rank`, image) VALUES (486, 51, 'Song Yg1WzMOyeH', 225, 'Jazz', '2020-05-31', 247, 'https://picsum.photos/id/202/200/200');
INSERT INTO SONGS (song_id, album_id, title, duration, genre, release_date, `rank`, image) VALUES (487, 174, 'Song Lo80GKSRHO', 403, 'Reggae', '2024-03-03', 101, 'https://picsum.photos/id/213/200/200');
INSERT INTO SONGS (song_id, album_id, title, duration, genre, release_date, `rank`, image) VALUES (488, 163, 'Song HOgafbWIAF', 379, 'Alternative', '2021-11-03', 154, 'https://picsum.photos/id/221/200/200');
INSERT INTO SONGS (song_id, album_id, title, duration, genre, release_date, `rank`, image) VALUES (489, 194, 'Song SK3yQopDRj', 222, 'Country', '2017-11-07', 139, 'https://picsum.photos/id/245/200/200');
INSERT INTO SONGS (song_id, album_id, title, duration, genre, release_date, `rank`, image) VALUES (490, 129, 'Song YLSkfPkxa6', 414, 'Folk', '2012-05-29', 905, 'https://picsum.photos/id/251/200/200');
INSERT INTO SONGS (song_id, album_id, title, duration, genre, release_date, `rank`, image) VALUES (491, 114, 'Song kEN90p3X7d', 426, 'Classical', '2016-03-06', 779, 'https://picsum.photos/id/250/200/200');
INSERT INTO SONGS (song_id, album_id, title, duration, genre, release_date, `rank`, image) VALUES (492, 173, 'Song i6WZIvmMIc', 403, 'Rock', '2010-09-04', 558, 'https://picsum.photos/id/287/200/200');
INSERT INTO SONGS (song_id, album_id, title, duration, genre, release_date, `rank`, image) VALUES (493, 187, 'Song oQbpj14i1E', 436, 'Alternative', '2010-09-11', 278, 'https://picsum.photos/id/214/200/200');
INSERT INTO SONGS (song_id, album_id, title, duration, genre, release_date, `rank`, image) VALUES (494, 7, 'Song wrkut3PmfZ', 125, 'Classical', '2015-09-02', 209, 'https://picsum.photos/id/227/200/200');
INSERT INTO SONGS (song_id, album_id, title, duration, genre, release_date, `rank`, image) VALUES (495, 129, 'Song W8QHTOHhyN', 442, 'R&B', '2017-10-02', 165, 'https://picsum.photos/id/251/200/200');
INSERT INTO SONGS (song_id, album_id, title, duration, genre, release_date, `rank`, image) VALUES (496, 53, 'Song dnXaCdDOwf', 182, 'Electronic', '2008-12-11', 119, 'https://picsum.photos/id/282/200/200');
INSERT INTO SONGS (song_id, album_id, title, duration, genre, release_date, `rank`, image) VALUES (497, 89, 'Song qhx7jrZl6a', 413, 'Rock', '2015-03-01', 928, 'https://picsum.photos/id/276/200/200');
INSERT INTO SONGS (song_id, album_id, title, duration, genre, release_date, `rank`, image) VALUES (498, 135, 'Song aV4po2Ec7j', 167, 'Hip Hop', '2010-11-14', 424, 'https://picsum.photos/id/217/200/200');
INSERT INTO SONGS (song_id, album_id, title, duration, genre, release_date, `rank`, image) VALUES (499, 172, 'Song bWRhJNycQ6', 285, 'Indie', '2014-07-30', 282, 'https://picsum.photos/id/300/200/200');
INSERT INTO SONGS (song_id, album_id, title, duration, genre, release_date, `rank`, image) VALUES (500, 82, 'Song CQiMLgiegq', 175, 'Folk', '2017-03-23', 307, 'https://picsum.photos/id/229/200/200');
INSERT INTO SONGS (song_id, album_id, title, duration, genre, release_date, `rank`, image) VALUES (501, 81, 'Song m8Aq0dVjAv', 281, 'Hip Hop', '2015-09-12', 295, 'https://picsum.photos/id/255/200/200');
INSERT INTO SONGS (song_id, album_id, title, duration, genre, release_date, `rank`, image) VALUES (502, 52, 'Song QAtXHAoJ3X', 375, 'Electronic', '2010-02-21', 627, 'https://picsum.photos/id/222/200/200');
INSERT INTO SONGS (song_id, album_id, title, duration, genre, release_date, `rank`, image) VALUES (503, 44, 'Song xA7ddC5xMt', 393, 'Reggae', '2014-01-10', 445, 'https://picsum.photos/id/256/200/200');
INSERT INTO SONGS (song_id, album_id, title, duration, genre, release_date, `rank`, image) VALUES (504, 11, 'Song ZQmEL0nnNz', 167, 'Dance', '2008-03-22', 950, 'https://picsum.photos/id/268/200/200');
INSERT INTO SONGS (song_id, album_id, title, duration, genre, release_date, `rank`, image) VALUES (505, 177, 'Song l4q72RI04k', 423, 'Indie', '2023-03-28', 275, 'https://picsum.photos/id/293/200/200');
INSERT INTO SONGS (song_id, album_id, title, duration, genre, release_date, `rank`, image) VALUES (506, 80, 'Song KPf6xxvzru', 267, 'Blues', '2009-10-25', 360, 'https://picsum.photos/id/295/200/200');
INSERT INTO SONGS (song_id, album_id, title, duration, genre, release_date, `rank`, image) VALUES (507, 17, 'Song 6Giljb5RQT', 144, 'Electronic', '2018-06-15', 954, 'https://picsum.photos/id/221/200/200');
INSERT INTO SONGS (song_id, album_id, title, duration, genre, release_date, `rank`, image) VALUES (508, 139, 'Song wRw5HgTSTJ', 376, 'Reggae', '2015-10-12', 680, 'https://picsum.photos/id/242/200/200');
INSERT INTO SONGS (song_id, album_id, title, duration, genre, release_date, `rank`, image) VALUES (509, 87, 'Song 9MVliItfeN', 333, 'Blues', '2019-07-23', 672, 'https://picsum.photos/id/234/200/200');
INSERT INTO SONGS (song_id, album_id, title, duration, genre, release_date, `rank`, image) VALUES (510, 161, 'Song 0FIuJhVu3n', 155, 'Pop', '2015-04-16', 772, 'https://picsum.photos/id/232/200/200');
INSERT INTO SONGS (song_id, album_id, title, duration, genre, release_date, `rank`, image) VALUES (511, 114, 'Song 2Y8zssSk9x', 305, 'Pop', '2019-11-27', 52, 'https://picsum.photos/id/250/200/200');
INSERT INTO SONGS (song_id, album_id, title, duration, genre, release_date, `rank`, image) VALUES (512, 43, 'Song 8selkNOipN', 251, 'Rock', '2013-10-17', 885, 'https://picsum.photos/id/241/200/200');
INSERT INTO SONGS (song_id, album_id, title, duration, genre, release_date, `rank`, image) VALUES (513, 95, 'Song 7h8C2qf7yU', 181, 'Pop', '2014-08-20', 884, 'https://picsum.photos/id/234/200/200');
INSERT INTO SONGS (song_id, album_id, title, duration, genre, release_date, `rank`, image) VALUES (514, 162, 'Song SG105ZGVcd', 334, 'Jazz', '2012-09-11', 310, 'https://picsum.photos/id/216/200/200');
INSERT INTO SONGS (song_id, album_id, title, duration, genre, release_date, `rank`, image) VALUES (515, 52, 'Song 0UnZvKFF1q', 208, 'Indie', '2018-04-19', 258, 'https://picsum.photos/id/222/200/200');
INSERT INTO SONGS (song_id, album_id, title, duration, genre, release_date, `rank`, image) VALUES (516, 47, 'Song uyG3gwzIo5', 220, 'Hip Hop', '2018-05-08', 347, 'https://picsum.photos/id/202/200/200');
INSERT INTO SONGS (song_id, album_id, title, duration, genre, release_date, `rank`, image) VALUES (517, 13, 'Song cBHse2ZsyA', 179, 'Metal', '2012-01-11', 159, 'https://picsum.photos/id/300/200/200');
INSERT INTO SONGS (song_id, album_id, title, duration, genre, release_date, `rank`, image) VALUES (518, 2, 'Song JEtWe27zoV', 343, 'Country', '2020-06-09', 989, 'https://picsum.photos/id/237/200/200');
INSERT INTO SONGS (song_id, album_id, title, duration, genre, release_date, `rank`, image) VALUES (519, 51, 'Song w8QLlffhu8', 419, 'Reggae', '2012-05-12', 433, 'https://picsum.photos/id/202/200/200');
INSERT INTO SONGS (song_id, album_id, title, duration, genre, release_date, `rank`, image) VALUES (520, 179, 'Song nKDKl3LCir', 243, 'Pop', '2009-01-27', 133, 'https://picsum.photos/id/217/200/200');
INSERT INTO SONGS (song_id, album_id, title, duration, genre, release_date, `rank`, image) VALUES (521, 156, 'Song BVvEhLzcYp', 189, 'Pop', '2016-01-06', 792, 'https://picsum.photos/id/244/200/200');
INSERT INTO SONGS (song_id, album_id, title, duration, genre, release_date, `rank`, image) VALUES (522, 200, 'Song ogAOOYnjwz', 468, 'Pop', '2016-02-27', 206, 'https://picsum.photos/id/207/200/200');
INSERT INTO SONGS (song_id, album_id, title, duration, genre, release_date, `rank`, image) VALUES (523, 103, 'Song HNKFG3pAKg', 316, 'Alternative', '2011-12-12', 247, 'https://picsum.photos/id/251/200/200');
INSERT INTO SONGS (song_id, album_id, title, duration, genre, release_date, `rank`, image) VALUES (524, 145, 'Song 4JNOS9NNFP', 434, 'Classical', '2012-03-10', 154, 'https://picsum.photos/id/288/200/200');
INSERT INTO SONGS (song_id, album_id, title, duration, genre, release_date, `rank`, image) VALUES (525, 59, 'Song BCoSAG1cR4', 324, 'Rock', '2016-04-13', 332, 'https://picsum.photos/id/267/200/200');
INSERT INTO SONGS (song_id, album_id, title, duration, genre, release_date, `rank`, image) VALUES (526, 76, 'Song Zd3yW1TRxH', 306, 'Alternative', '2024-01-23', 164, 'https://picsum.photos/id/238/200/200');
INSERT INTO SONGS (song_id, album_id, title, duration, genre, release_date, `rank`, image) VALUES (527, 84, 'Song QUuEgPVhfU', 129, 'Folk', '2021-06-20', 974, 'https://picsum.photos/id/282/200/200');
INSERT INTO SONGS (song_id, album_id, title, duration, genre, release_date, `rank`, image) VALUES (528, 24, 'Song lJrQonklIh', 123, 'Classical', '2009-10-02', 482, 'https://picsum.photos/id/281/200/200');
INSERT INTO SONGS (song_id, album_id, title, duration, genre, release_date, `rank`, image) VALUES (529, 69, 'Song RQj0etMfH4', 385, 'Classical', '2011-12-05', 150, 'https://picsum.photos/id/260/200/200');
INSERT INTO SONGS (song_id, album_id, title, duration, genre, release_date, `rank`, image) VALUES (530, 69, 'Song 63QlwszZet', 225, 'R&B', '2008-09-26', 557, 'https://picsum.photos/id/260/200/200');
INSERT INTO SONGS (song_id, album_id, title, duration, genre, release_date, `rank`, image) VALUES (531, 118, 'Song kgBL4g4eaG', 333, 'Blues', '2022-03-13', 562, 'https://picsum.photos/id/250/200/200');
INSERT INTO SONGS (song_id, album_id, title, duration, genre, release_date, `rank`, image) VALUES (532, 45, 'Song X4qUyIMz46', 280, 'Jazz', '2023-03-11', 255, 'https://picsum.photos/id/204/200/200');
INSERT INTO SONGS (song_id, album_id, title, duration, genre, release_date, `rank`, image) VALUES (533, 177, 'Song easIK4xX9T', 281, 'Blues', '2021-06-18', 511, 'https://picsum.photos/id/293/200/200');
INSERT INTO SONGS (song_id, album_id, title, duration, genre, release_date, `rank`, image) VALUES (534, 42, 'Song eaSxmtVpCq', 323, 'Country', '2011-04-18', 767, 'https://picsum.photos/id/263/200/200');
INSERT INTO SONGS (song_id, album_id, title, duration, genre, release_date, `rank`, image) VALUES (535, 175, 'Song bRSUl8GT0y', 162, 'Country', '2018-11-21', 278, 'https://picsum.photos/id/219/200/200');
INSERT INTO SONGS (song_id, album_id, title, duration, genre, release_date, `rank`, image) VALUES (536, 103, 'Song O5ksQq7T9s', 455, 'Rock', '2010-03-13', 471, 'https://picsum.photos/id/251/200/200');
INSERT INTO SONGS (song_id, album_id, title, duration, genre, release_date, `rank`, image) VALUES (537, 90, 'Song FLFEapUvJZ', 418, 'Reggae', '2021-06-02', 261, 'https://picsum.photos/id/230/200/200');
INSERT INTO SONGS (song_id, album_id, title, duration, genre, release_date, `rank`, image) VALUES (538, 151, 'Song ff7uYdh1Xt', 429, 'Reggae', '2020-11-18', 897, 'https://picsum.photos/id/231/200/200');
INSERT INTO SONGS (song_id, album_id, title, duration, genre, release_date, `rank`, image) VALUES (539, 199, 'Song S7Au7yAuOR', 468, 'Indie', '2016-06-24', 660, 'https://picsum.photos/id/282/200/200');
INSERT INTO SONGS (song_id, album_id, title, duration, genre, release_date, `rank`, image) VALUES (540, 86, 'Song TkftRktN9D', 192, 'Alternative', '2018-01-09', 185, 'https://picsum.photos/id/267/200/200');
INSERT INTO SONGS (song_id, album_id, title, duration, genre, release_date, `rank`, image) VALUES (541, 41, 'Song aN1DsXuNvQ', 225, 'Dance', '2022-12-28', 281, 'https://picsum.photos/id/261/200/200');
INSERT INTO SONGS (song_id, album_id, title, duration, genre, release_date, `rank`, image) VALUES (542, 96, 'Song 1EWq1ouJmL', 216, 'Jazz', '2012-12-16', 985, 'https://picsum.photos/id/228/200/200');
INSERT INTO SONGS (song_id, album_id, title, duration, genre, release_date, `rank`, image) VALUES (543, 8, 'Song 0qCIBUNkod', 374, 'Metal', '2021-07-27', 870, 'https://picsum.photos/id/211/200/200');
INSERT INTO SONGS (song_id, album_id, title, duration, genre, release_date, `rank`, image) VALUES (544, 125, 'Song 4dviesqvJf', 121, 'Reggae', '2021-02-22', 909, 'https://picsum.photos/id/223/200/200');
INSERT INTO SONGS (song_id, album_id, title, duration, genre, release_date, `rank`, image) VALUES (545, 192, 'Song 5r60RTPtgW', 144, 'Folk', '2016-11-17', 158, 'https://picsum.photos/id/214/200/200');
INSERT INTO SONGS (song_id, album_id, title, duration, genre, release_date, `rank`, image) VALUES (546, 151, 'Song P2LlZnK3UH', 261, 'R&B', '2019-08-12', 750, 'https://picsum.photos/id/231/200/200');
INSERT INTO SONGS (song_id, album_id, title, duration, genre, release_date, `rank`, image) VALUES (547, 107, 'Song xfs3JC2PYf', 424, 'Jazz', '2015-11-28', 510, 'https://picsum.photos/id/215/200/200');
INSERT INTO SONGS (song_id, album_id, title, duration, genre, release_date, `rank`, image) VALUES (548, 98, 'Song 8VxMo3Ptrw', 393, 'Reggae', '2009-07-04', 308, 'https://picsum.photos/id/239/200/200');
INSERT INTO SONGS (song_id, album_id, title, duration, genre, release_date, `rank`, image) VALUES (549, 113, 'Song QxVkfNRFTe', 286, 'Rock', '2019-08-15', 916, 'https://picsum.photos/id/296/200/200');
INSERT INTO SONGS (song_id, album_id, title, duration, genre, release_date, `rank`, image) VALUES (550, 62, 'Song S6g49lpILk', 233, 'Country', '2015-08-15', 130, 'https://picsum.photos/id/237/200/200');
INSERT INTO SONGS (song_id, album_id, title, duration, genre, release_date, `rank`, image) VALUES (551, 114, 'Song 9QZR9ybeXm', 279, 'Hip Hop', '2023-04-02', 474, 'https://picsum.photos/id/250/200/200');
INSERT INTO SONGS (song_id, album_id, title, duration, genre, release_date, `rank`, image) VALUES (552, 127, 'Song 4HXmIfimTw', 406, 'Jazz', '2012-10-09', 920, 'https://picsum.photos/id/216/200/200');
INSERT INTO SONGS (song_id, album_id, title, duration, genre, release_date, `rank`, image) VALUES (553, 188, 'Song 2ONvWSlDa4', 253, 'R&B', '2018-02-03', 21, 'https://picsum.photos/id/285/200/200');
INSERT INTO SONGS (song_id, album_id, title, duration, genre, release_date, `rank`, image) VALUES (554, 60, 'Song y6gDVABcRk', 354, 'Folk', '2012-01-02', 381, 'https://picsum.photos/id/297/200/200');
INSERT INTO SONGS (song_id, album_id, title, duration, genre, release_date, `rank`, image) VALUES (555, 35, 'Song TQDipjWoNP', 163, 'Blues', '2016-03-08', 376, 'https://picsum.photos/id/204/200/200');
INSERT INTO SONGS (song_id, album_id, title, duration, genre, release_date, `rank`, image) VALUES (556, 128, 'Song EsefhUzymZ', 460, 'Classical', '2015-04-27', 646, 'https://picsum.photos/id/262/200/200');
INSERT INTO SONGS (song_id, album_id, title, duration, genre, release_date, `rank`, image) VALUES (557, 38, 'Song e4HplXCOtn', 311, 'Jazz', '2008-04-06', 964, 'https://picsum.photos/id/255/200/200');
INSERT INTO SONGS (song_id, album_id, title, duration, genre, release_date, `rank`, image) VALUES (558, 44, 'Song wUsNRAVbQl', 448, 'Rock', '2021-01-13', 631, 'https://picsum.photos/id/256/200/200');
INSERT INTO SONGS (song_id, album_id, title, duration, genre, release_date, `rank`, image) VALUES (559, 8, 'Song xjgoxoVeEo', 400, 'Hip Hop', '2011-07-12', 339, 'https://picsum.photos/id/211/200/200');
INSERT INTO SONGS (song_id, album_id, title, duration, genre, release_date, `rank`, image) VALUES (560, 171, 'Song izgkpcd2Ih', 308, 'Hip Hop', '2009-10-16', 609, 'https://picsum.photos/id/204/200/200');
INSERT INTO SONGS (song_id, album_id, title, duration, genre, release_date, `rank`, image) VALUES (561, 26, 'Song xsGOOLTJCJ', 345, 'Hip Hop', '2024-01-26', 162, 'https://picsum.photos/id/260/200/200');
INSERT INTO SONGS (song_id, album_id, title, duration, genre, release_date, `rank`, image) VALUES (562, 166, 'Song JHdPY47q0u', 132, 'R&B', '2009-02-27', 994, 'https://picsum.photos/id/291/200/200');
INSERT INTO SONGS (song_id, album_id, title, duration, genre, release_date, `rank`, image) VALUES (563, 31, 'Song vX3RGUJIsK', 432, 'Blues', '2014-12-29', 328, 'https://picsum.photos/id/262/200/200');
INSERT INTO SONGS (song_id, album_id, title, duration, genre, release_date, `rank`, image) VALUES (564, 72, 'Song 8iWc3bihn7', 330, 'Classical', '2012-06-27', 826, 'https://picsum.photos/id/251/200/200');
INSERT INTO SONGS (song_id, album_id, title, duration, genre, release_date, `rank`, image) VALUES (565, 89, 'Song OlwnNsL43j', 324, 'Electronic', '2008-05-22', 109, 'https://picsum.photos/id/276/200/200');
INSERT INTO SONGS (song_id, album_id, title, duration, genre, release_date, `rank`, image) VALUES (566, 19, 'Song YyCp0fTEan', 143, 'Indie', '2010-07-17', 646, 'https://picsum.photos/id/279/200/200');
INSERT INTO SONGS (song_id, album_id, title, duration, genre, release_date, `rank`, image) VALUES (567, 33, 'Song w2KhpgF08m', 203, 'Hip Hop', '2014-07-30', 536, 'https://picsum.photos/id/209/200/200');
INSERT INTO SONGS (song_id, album_id, title, duration, genre, release_date, `rank`, image) VALUES (568, 153, 'Song HTf08bdS8I', 388, 'Folk', '2015-01-03', 757, 'https://picsum.photos/id/279/200/200');
INSERT INTO SONGS (song_id, album_id, title, duration, genre, release_date, `rank`, image) VALUES (569, 51, 'Song 7mvc43Y08H', 171, 'Blues', '2021-05-06', 599, 'https://picsum.photos/id/202/200/200');
INSERT INTO SONGS (song_id, album_id, title, duration, genre, release_date, `rank`, image) VALUES (570, 182, 'Song AlB8U9yxNQ', 465, 'R&B', '2018-09-21', 764, 'https://picsum.photos/id/231/200/200');
INSERT INTO SONGS (song_id, album_id, title, duration, genre, release_date, `rank`, image) VALUES (571, 55, 'Song 552uGiLoyb', 434, 'Folk', '2022-10-23', 562, 'https://picsum.photos/id/281/200/200');
INSERT INTO SONGS (song_id, album_id, title, duration, genre, release_date, `rank`, image) VALUES (572, 115, 'Song GUkmVrFqEf', 396, 'Pop', '2017-04-16', 276, 'https://picsum.photos/id/298/200/200');
INSERT INTO SONGS (song_id, album_id, title, duration, genre, release_date, `rank`, image) VALUES (573, 57, 'Song cBh6NE0zEu', 315, 'Jazz', '2015-08-10', 656, 'https://picsum.photos/id/276/200/200');
INSERT INTO SONGS (song_id, album_id, title, duration, genre, release_date, `rank`, image) VALUES (574, 92, 'Song mJp5ufMwqk', 221, 'Jazz', '2024-01-18', 489, 'https://picsum.photos/id/262/200/200');
INSERT INTO SONGS (song_id, album_id, title, duration, genre, release_date, `rank`, image) VALUES (575, 56, 'Song MclIKAMobH', 158, 'Alternative', '2016-10-03', 481, 'https://picsum.photos/id/251/200/200');
INSERT INTO SONGS (song_id, album_id, title, duration, genre, release_date, `rank`, image) VALUES (576, 118, 'Song 43N7leIj5D', 363, 'Pop', '2015-08-07', 261, 'https://picsum.photos/id/250/200/200');
INSERT INTO SONGS (song_id, album_id, title, duration, genre, release_date, `rank`, image) VALUES (577, 135, 'Song nzhxyNeuyi', 248, 'Folk', '2012-08-20', 796, 'https://picsum.photos/id/217/200/200');
INSERT INTO SONGS (song_id, album_id, title, duration, genre, release_date, `rank`, image) VALUES (578, 93, 'Song 2c1JP2vqb5', 187, 'Metal', '2008-08-27', 849, 'https://picsum.photos/id/211/200/200');
INSERT INTO SONGS (song_id, album_id, title, duration, genre, release_date, `rank`, image) VALUES (579, 40, 'Song 3R77b7J5X8', 399, 'Pop', '2011-06-29', 177, 'https://picsum.photos/id/270/200/200');
INSERT INTO SONGS (song_id, album_id, title, duration, genre, release_date, `rank`, image) VALUES (580, 5, 'Song KmctZ1UuSN', 194, 'Metal', '2012-03-19', 743, 'https://picsum.photos/id/249/200/200');
INSERT INTO SONGS (song_id, album_id, title, duration, genre, release_date, `rank`, image) VALUES (581, 178, 'Song CctMbqTfc5', 178, 'Pop', '2022-02-16', 463, 'https://picsum.photos/id/216/200/200');
INSERT INTO SONGS (song_id, album_id, title, duration, genre, release_date, `rank`, image) VALUES (582, 73, 'Song TqKl9DaL99', 453, 'Country', '2010-12-10', 758, 'https://picsum.photos/id/216/200/200');
INSERT INTO SONGS (song_id, album_id, title, duration, genre, release_date, `rank`, image) VALUES (583, 34, 'Song KlWsdu6fmy', 327, 'Folk', '2010-05-22', 617, 'https://picsum.photos/id/277/200/200');
INSERT INTO SONGS (song_id, album_id, title, duration, genre, release_date, `rank`, image) VALUES (584, 184, 'Song Bb8PkJ9hNb', 174, 'Pop', '2020-08-19', 379, 'https://picsum.photos/id/238/200/200');
INSERT INTO SONGS (song_id, album_id, title, duration, genre, release_date, `rank`, image) VALUES (585, 117, 'Song AamDAEQhCP', 474, 'Classical', '2014-08-19', 933, 'https://picsum.photos/id/206/200/200');
INSERT INTO SONGS (song_id, album_id, title, duration, genre, release_date, `rank`, image) VALUES (586, 90, 'Song YxeC13Y4t4', 401, 'R&B', '2010-04-20', 109, 'https://picsum.photos/id/230/200/200');
INSERT INTO SONGS (song_id, album_id, title, duration, genre, release_date, `rank`, image) VALUES (587, 128, 'Song vVP1mGi4Wu', 377, 'Classical', '2023-05-17', 697, 'https://picsum.photos/id/262/200/200');
INSERT INTO SONGS (song_id, album_id, title, duration, genre, release_date, `rank`, image) VALUES (588, 164, 'Song vkyTarSzAS', 412, 'Jazz', '2018-10-17', 58, 'https://picsum.photos/id/205/200/200');
INSERT INTO SONGS (song_id, album_id, title, duration, genre, release_date, `rank`, image) VALUES (589, 99, 'Song eG8QBc8S6w', 341, 'Indie', '2018-12-31', 942, 'https://picsum.photos/id/253/200/200');
INSERT INTO SONGS (song_id, album_id, title, duration, genre, release_date, `rank`, image) VALUES (590, 70, 'Song Lvjl2aZiA8', 189, 'Indie', '2015-09-05', 468, 'https://picsum.photos/id/225/200/200');
INSERT INTO SONGS (song_id, album_id, title, duration, genre, release_date, `rank`, image) VALUES (591, 137, 'Song 7km4g2ETNi', 268, 'Metal', '2020-01-23', 103, 'https://picsum.photos/id/296/200/200');
INSERT INTO SONGS (song_id, album_id, title, duration, genre, release_date, `rank`, image) VALUES (592, 129, 'Song a6V0RL4q5z', 130, 'Reggae', '2019-08-19', 46, 'https://picsum.photos/id/251/200/200');
INSERT INTO SONGS (song_id, album_id, title, duration, genre, release_date, `rank`, image) VALUES (593, 32, 'Song ZZFPKgul3r', 312, 'Blues', '2020-03-01', 179, 'https://picsum.photos/id/244/200/200');
INSERT INTO SONGS (song_id, album_id, title, duration, genre, release_date, `rank`, image) VALUES (594, 54, 'Song 26f0XwwgJj', 305, 'Dance', '2008-10-30', 54, 'https://picsum.photos/id/235/200/200');
INSERT INTO SONGS (song_id, album_id, title, duration, genre, release_date, `rank`, image) VALUES (595, 90, 'Song cSAKuhAbQq', 184, 'Blues', '2023-09-08', 119, 'https://picsum.photos/id/230/200/200');
INSERT INTO SONGS (song_id, album_id, title, duration, genre, release_date, `rank`, image) VALUES (596, 79, 'Song dpEWMr4jCI', 166, 'Metal', '2018-12-09', 79, 'https://picsum.photos/id/239/200/200');
INSERT INTO SONGS (song_id, album_id, title, duration, genre, release_date, `rank`, image) VALUES (597, 118, 'Song 16WVumT9YQ', 313, 'Jazz', '2019-06-18', 555, 'https://picsum.photos/id/250/200/200');
INSERT INTO SONGS (song_id, album_id, title, duration, genre, release_date, `rank`, image) VALUES (598, 199, 'Song FU8kt9aPGe', 279, 'Hip Hop', '2012-03-07', 216, 'https://picsum.photos/id/282/200/200');
INSERT INTO SONGS (song_id, album_id, title, duration, genre, release_date, `rank`, image) VALUES (599, 184, 'Song RNT5gXXYgN', 353, 'Alternative', '2009-05-21', 171, 'https://picsum.photos/id/238/200/200');
INSERT INTO SONGS (song_id, album_id, title, duration, genre, release_date, `rank`, image) VALUES (600, 139, 'Song kOvFCkYE93', 397, 'Indie', '2012-05-02', 104, 'https://picsum.photos/id/242/200/200');
INSERT INTO SONGS (song_id, album_id, title, duration, genre, release_date, `rank`, image) VALUES (601, 196, 'Song 33NMjqPu1C', 261, 'Indie', '2012-02-01', 938, 'https://picsum.photos/id/282/200/200');
INSERT INTO SONGS (song_id, album_id, title, duration, genre, release_date, `rank`, image) VALUES (602, 66, 'Song mVQ4BWiDYo', 198, 'Metal', '2012-02-03', 123, 'https://picsum.photos/id/204/200/200');
INSERT INTO SONGS (song_id, album_id, title, duration, genre, release_date, `rank`, image) VALUES (603, 49, 'Song xcowm4nYjZ', 404, 'Folk', '2023-03-24', 702, 'https://picsum.photos/id/284/200/200');
INSERT INTO SONGS (song_id, album_id, title, duration, genre, release_date, `rank`, image) VALUES (604, 8, 'Song BkHhtPGbBb', 380, 'Metal', '2018-04-07', 876, 'https://picsum.photos/id/211/200/200');
INSERT INTO SONGS (song_id, album_id, title, duration, genre, release_date, `rank`, image) VALUES (605, 65, 'Song 6qZytePOxE', 419, 'Electronic', '2012-12-31', 87, 'https://picsum.photos/id/234/200/200');
INSERT INTO SONGS (song_id, album_id, title, duration, genre, release_date, `rank`, image) VALUES (606, 3, 'Song StIOO6FlEy', 383, 'Dance', '2022-04-14', 439, 'https://picsum.photos/id/247/200/200');
INSERT INTO SONGS (song_id, album_id, title, duration, genre, release_date, `rank`, image) VALUES (607, 137, 'Song 5CmirGnUfF', 130, 'Country', '2010-02-06', 252, 'https://picsum.photos/id/296/200/200');
INSERT INTO SONGS (song_id, album_id, title, duration, genre, release_date, `rank`, image) VALUES (608, 52, 'Song IgANRbMGdm', 472, 'Rock', '2013-04-19', 923, 'https://picsum.photos/id/222/200/200');
INSERT INTO SONGS (song_id, album_id, title, duration, genre, release_date, `rank`, image) VALUES (609, 57, 'Song GFSy3cNUND', 455, 'Hip Hop', '2019-07-01', 668, 'https://picsum.photos/id/276/200/200');
INSERT INTO SONGS (song_id, album_id, title, duration, genre, release_date, `rank`, image) VALUES (610, 43, 'Song r60Lx3JpLZ', 186, 'Blues', '2018-05-03', 14, 'https://picsum.photos/id/241/200/200');
INSERT INTO SONGS (song_id, album_id, title, duration, genre, release_date, `rank`, image) VALUES (611, 172, 'Song HIqTHuoRHm', 191, 'Alternative', '2020-06-15', 630, 'https://picsum.photos/id/300/200/200');
INSERT INTO SONGS (song_id, album_id, title, duration, genre, release_date, `rank`, image) VALUES (612, 131, 'Song EpvwUXyBCK', 477, 'Classical', '2020-03-27', 59, 'https://picsum.photos/id/206/200/200');
INSERT INTO SONGS (song_id, album_id, title, duration, genre, release_date, `rank`, image) VALUES (613, 161, 'Song WqvedzDQTF', 274, 'R&B', '2008-06-26', 621, 'https://picsum.photos/id/232/200/200');
INSERT INTO SONGS (song_id, album_id, title, duration, genre, release_date, `rank`, image) VALUES (614, 171, 'Song Nnyu9ffXuL', 412, 'Metal', '2023-04-17', 146, 'https://picsum.photos/id/204/200/200');
INSERT INTO SONGS (song_id, album_id, title, duration, genre, release_date, `rank`, image) VALUES (615, 155, 'Song aDA3DEsqhF', 261, 'R&B', '2012-11-13', 597, 'https://picsum.photos/id/296/200/200');
INSERT INTO SONGS (song_id, album_id, title, duration, genre, release_date, `rank`, image) VALUES (616, 197, 'Song 6Jknr5eKzh', 166, 'Metal', '2018-03-29', 309, 'https://picsum.photos/id/287/200/200');
INSERT INTO SONGS (song_id, album_id, title, duration, genre, release_date, `rank`, image) VALUES (617, 156, 'Song JEWomHwJgS', 241, 'Metal', '2011-08-22', 775, 'https://picsum.photos/id/244/200/200');
INSERT INTO SONGS (song_id, album_id, title, duration, genre, release_date, `rank`, image) VALUES (618, 17, 'Song F4mdhb0mWJ', 370, 'R&B', '2008-02-08', 987, 'https://picsum.photos/id/221/200/200');
INSERT INTO SONGS (song_id, album_id, title, duration, genre, release_date, `rank`, image) VALUES (619, 162, 'Song zxYCmEM66t', 434, 'Country', '2017-11-14', 237, 'https://picsum.photos/id/216/200/200');
INSERT INTO SONGS (song_id, album_id, title, duration, genre, release_date, `rank`, image) VALUES (620, 93, 'Song cFyXxXZIAF', 123, 'Folk', '2013-06-07', 180, 'https://picsum.photos/id/211/200/200');
INSERT INTO SONGS (song_id, album_id, title, duration, genre, release_date, `rank`, image) VALUES (621, 159, 'Song goX7z8M4nj', 335, 'Electronic', '2016-02-23', 982, 'https://picsum.photos/id/262/200/200');
INSERT INTO SONGS (song_id, album_id, title, duration, genre, release_date, `rank`, image) VALUES (622, 108, 'Song sCr9gHHewq', 208, 'Country', '2010-05-01', 329, 'https://picsum.photos/id/222/200/200');
INSERT INTO SONGS (song_id, album_id, title, duration, genre, release_date, `rank`, image) VALUES (623, 75, 'Song ejXxMHjT7y', 342, 'Dance', '2010-09-13', 423, 'https://picsum.photos/id/223/200/200');
INSERT INTO SONGS (song_id, album_id, title, duration, genre, release_date, `rank`, image) VALUES (624, 118, 'Song oJt9iSdq4W', 388, 'Indie', '2010-09-29', 387, 'https://picsum.photos/id/250/200/200');
INSERT INTO SONGS (song_id, album_id, title, duration, genre, release_date, `rank`, image) VALUES (625, 78, 'Song Et17GFYTGu', 456, 'Dance', '2015-06-04', 916, 'https://picsum.photos/id/266/200/200');
INSERT INTO SONGS (song_id, album_id, title, duration, genre, release_date, `rank`, image) VALUES (626, 159, 'Song xBQj3tJ0Qs', 418, 'Country', '2010-06-11', 281, 'https://picsum.photos/id/262/200/200');
INSERT INTO SONGS (song_id, album_id, title, duration, genre, release_date, `rank`, image) VALUES (627, 24, 'Song r2Z07W1KHO', 196, 'Folk', '2010-04-13', 726, 'https://picsum.photos/id/281/200/200');
INSERT INTO SONGS (song_id, album_id, title, duration, genre, release_date, `rank`, image) VALUES (628, 66, 'Song T51Pwe4WrC', 240, 'Metal', '2011-08-18', 668, 'https://picsum.photos/id/204/200/200');
INSERT INTO SONGS (song_id, album_id, title, duration, genre, release_date, `rank`, image) VALUES (629, 31, 'Song 3n0nAqlnvn', 412, 'Alternative', '2016-11-28', 265, 'https://picsum.photos/id/262/200/200');
INSERT INTO SONGS (song_id, album_id, title, duration, genre, release_date, `rank`, image) VALUES (630, 153, 'Song MX9ppp8kCF', 273, 'R&B', '2013-08-15', 692, 'https://picsum.photos/id/279/200/200');
INSERT INTO SONGS (song_id, album_id, title, duration, genre, release_date, `rank`, image) VALUES (631, 121, 'Song InMap10mep', 343, 'Electronic', '2008-12-25', 175, 'https://picsum.photos/id/228/200/200');
INSERT INTO SONGS (song_id, album_id, title, duration, genre, release_date, `rank`, image) VALUES (632, 37, 'Song YZjLS6T1Dg', 160, 'Alternative', '2017-09-13', 537, 'https://picsum.photos/id/267/200/200');
INSERT INTO SONGS (song_id, album_id, title, duration, genre, release_date, `rank`, image) VALUES (633, 136, 'Song O5rQ1b3OKL', 388, 'Reggae', '2008-08-21', 747, 'https://picsum.photos/id/275/200/200');
INSERT INTO SONGS (song_id, album_id, title, duration, genre, release_date, `rank`, image) VALUES (634, 170, 'Song 3Ex9e1IrtC', 434, 'Indie', '2011-08-12', 354, 'https://picsum.photos/id/247/200/200');
INSERT INTO SONGS (song_id, album_id, title, duration, genre, release_date, `rank`, image) VALUES (635, 72, 'Song rmsKCK2evE', 289, 'Classical', '2019-07-11', 308, 'https://picsum.photos/id/251/200/200');
INSERT INTO SONGS (song_id, album_id, title, duration, genre, release_date, `rank`, image) VALUES (636, 57, 'Song vH6LtwWLbT', 154, 'Classical', '2011-04-23', 602, 'https://picsum.photos/id/276/200/200');
INSERT INTO SONGS (song_id, album_id, title, duration, genre, release_date, `rank`, image) VALUES (637, 30, 'Song DpZEhZYx1W', 140, 'Country', '2020-06-22', 844, 'https://picsum.photos/id/280/200/200');
INSERT INTO SONGS (song_id, album_id, title, duration, genre, release_date, `rank`, image) VALUES (638, 146, 'Song 5sNy3NT49D', 407, 'R&B', '2014-06-16', 795, 'https://picsum.photos/id/217/200/200');
INSERT INTO SONGS (song_id, album_id, title, duration, genre, release_date, `rank`, image) VALUES (639, 72, 'Song G5Bkr8fwLp', 220, 'R&B', '2021-10-24', 471, 'https://picsum.photos/id/251/200/200');
INSERT INTO SONGS (song_id, album_id, title, duration, genre, release_date, `rank`, image) VALUES (640, 129, 'Song rhcVRcEIff', 146, 'Reggae', '2021-11-25', 815, 'https://picsum.photos/id/251/200/200');
INSERT INTO SONGS (song_id, album_id, title, duration, genre, release_date, `rank`, image) VALUES (641, 46, 'Song ACkWdB2XGV', 270, 'Classical', '2014-06-09', 946, 'https://picsum.photos/id/295/200/200');
INSERT INTO SONGS (song_id, album_id, title, duration, genre, release_date, `rank`, image) VALUES (642, 131, 'Song yYXrqTYHg8', 425, 'Jazz', '2010-02-17', 86, 'https://picsum.photos/id/206/200/200');
INSERT INTO SONGS (song_id, album_id, title, duration, genre, release_date, `rank`, image) VALUES (643, 142, 'Song 51MqC9hvSc', 382, 'Indie', '2008-05-03', 956, 'https://picsum.photos/id/220/200/200');
INSERT INTO SONGS (song_id, album_id, title, duration, genre, release_date, `rank`, image) VALUES (644, 100, 'Song 5R0YxGgZ3d', 201, 'R&B', '2018-09-09', 948, 'https://picsum.photos/id/209/200/200');
INSERT INTO SONGS (song_id, album_id, title, duration, genre, release_date, `rank`, image) VALUES (645, 188, 'Song b0ImuR4Hc9', 361, 'Hip Hop', '2017-08-15', 479, 'https://picsum.photos/id/285/200/200');
INSERT INTO SONGS (song_id, album_id, title, duration, genre, release_date, `rank`, image) VALUES (646, 159, 'Song Rnvkfz7oic', 365, 'Indie', '2021-10-09', 532, 'https://picsum.photos/id/262/200/200');
INSERT INTO SONGS (song_id, album_id, title, duration, genre, release_date, `rank`, image) VALUES (647, 56, 'Song leX3zT1kqI', 429, 'Dance', '2018-09-18', 952, 'https://picsum.photos/id/251/200/200');
INSERT INTO SONGS (song_id, album_id, title, duration, genre, release_date, `rank`, image) VALUES (648, 99, 'Song DMvc5RjZJE', 240, 'Folk', '2019-01-14', 439, 'https://picsum.photos/id/253/200/200');
INSERT INTO SONGS (song_id, album_id, title, duration, genre, release_date, `rank`, image) VALUES (649, 28, 'Song w8O2iK1xAp', 434, 'Alternative', '2023-09-11', 382, 'https://picsum.photos/id/226/200/200');
INSERT INTO SONGS (song_id, album_id, title, duration, genre, release_date, `rank`, image) VALUES (650, 22, 'Song rH87LYJ9SR', 218, 'Hip Hop', '2020-04-08', 125, 'https://picsum.photos/id/223/200/200');
INSERT INTO SONGS (song_id, album_id, title, duration, genre, release_date, `rank`, image) VALUES (651, 124, 'Song dAXhwdifuZ', 229, 'Electronic', '2020-03-09', 22, 'https://picsum.photos/id/269/200/200');
INSERT INTO SONGS (song_id, album_id, title, duration, genre, release_date, `rank`, image) VALUES (652, 113, 'Song UUrK8FWocu', 400, 'Classical', '2010-11-05', 757, 'https://picsum.photos/id/296/200/200');
INSERT INTO SONGS (song_id, album_id, title, duration, genre, release_date, `rank`, image) VALUES (653, 45, 'Song 6qu2nCrMco', 410, 'Country', '2020-02-11', 801, 'https://picsum.photos/id/204/200/200');
INSERT INTO SONGS (song_id, album_id, title, duration, genre, release_date, `rank`, image) VALUES (654, 181, 'Song jYEtVm2I39', 264, 'Electronic', '2021-11-02', 807, 'https://picsum.photos/id/250/200/200');
INSERT INTO SONGS (song_id, album_id, title, duration, genre, release_date, `rank`, image) VALUES (655, 83, 'Song 94gpwUALJ4', 392, 'Electronic', '2023-06-05', 762, 'https://picsum.photos/id/232/200/200');
INSERT INTO SONGS (song_id, album_id, title, duration, genre, release_date, `rank`, image) VALUES (656, 157, 'Song lASOWa0cCv', 225, 'Dance', '2024-01-21', 524, 'https://picsum.photos/id/260/200/200');
INSERT INTO SONGS (song_id, album_id, title, duration, genre, release_date, `rank`, image) VALUES (657, 128, 'Song rLFshDe1wt', 417, 'Indie', '2015-02-15', 691, 'https://picsum.photos/id/262/200/200');
INSERT INTO SONGS (song_id, album_id, title, duration, genre, release_date, `rank`, image) VALUES (658, 138, 'Song pWHYjUgF6e', 465, 'Alternative', '2010-10-27', 523, 'https://picsum.photos/id/228/200/200');
INSERT INTO SONGS (song_id, album_id, title, duration, genre, release_date, `rank`, image) VALUES (659, 80, 'Song vnUyI87OpW', 342, 'Blues', '2024-01-02', 545, 'https://picsum.photos/id/295/200/200');
INSERT INTO SONGS (song_id, album_id, title, duration, genre, release_date, `rank`, image) VALUES (660, 146, 'Song zEbPuPD0Mv', 276, 'Folk', '2019-02-07', 557, 'https://picsum.photos/id/217/200/200');
INSERT INTO SONGS (song_id, album_id, title, duration, genre, release_date, `rank`, image) VALUES (661, 27, 'Song CSDygWFSQX', 380, 'Reggae', '2008-03-27', 479, 'https://picsum.photos/id/249/200/200');
INSERT INTO SONGS (song_id, album_id, title, duration, genre, release_date, `rank`, image) VALUES (662, 162, 'Song XkG4nYYQd2', 359, 'Blues', '2022-09-09', 229, 'https://picsum.photos/id/216/200/200');
INSERT INTO SONGS (song_id, album_id, title, duration, genre, release_date, `rank`, image) VALUES (663, 153, 'Song TnaVT5MTBS', 167, 'Metal', '2022-05-12', 739, 'https://picsum.photos/id/279/200/200');
INSERT INTO SONGS (song_id, album_id, title, duration, genre, release_date, `rank`, image) VALUES (664, 79, 'Song nXagv3y3oB', 190, 'Metal', '2018-03-01', 446, 'https://picsum.photos/id/239/200/200');
INSERT INTO SONGS (song_id, album_id, title, duration, genre, release_date, `rank`, image) VALUES (665, 57, 'Song jdRogj7Fd4', 255, 'Indie', '2008-08-07', 947, 'https://picsum.photos/id/276/200/200');
INSERT INTO SONGS (song_id, album_id, title, duration, genre, release_date, `rank`, image) VALUES (666, 185, 'Song Vyq5bztzxq', 442, 'Classical', '2015-07-03', 621, 'https://picsum.photos/id/292/200/200');
INSERT INTO SONGS (song_id, album_id, title, duration, genre, release_date, `rank`, image) VALUES (667, 46, 'Song qgcycyjmlH', 455, 'Alternative', '2021-02-19', 448, 'https://picsum.photos/id/295/200/200');
INSERT INTO SONGS (song_id, album_id, title, duration, genre, release_date, `rank`, image) VALUES (668, 170, 'Song HoPegpauOy', 257, 'Electronic', '2018-06-06', 824, 'https://picsum.photos/id/247/200/200');
INSERT INTO SONGS (song_id, album_id, title, duration, genre, release_date, `rank`, image) VALUES (669, 69, 'Song Umn4aLzHQF', 440, 'Reggae', '2020-12-20', 805, 'https://picsum.photos/id/260/200/200');
INSERT INTO SONGS (song_id, album_id, title, duration, genre, release_date, `rank`, image) VALUES (670, 40, 'Song VvYKQi2erX', 429, 'Dance', '2014-08-24', 628, 'https://picsum.photos/id/270/200/200');
INSERT INTO SONGS (song_id, album_id, title, duration, genre, release_date, `rank`, image) VALUES (671, 38, 'Song 9AHZ0z5f2w', 440, 'Indie', '2020-07-26', 333, 'https://picsum.photos/id/255/200/200');
INSERT INTO SONGS (song_id, album_id, title, duration, genre, release_date, `rank`, image) VALUES (672, 88, 'Song UWUadZ31W7', 202, 'R&B', '2008-02-22', 746, 'https://picsum.photos/id/258/200/200');
INSERT INTO SONGS (song_id, album_id, title, duration, genre, release_date, `rank`, image) VALUES (673, 45, 'Song NyKERvkQMT', 387, 'R&B', '2012-08-21', 926, 'https://picsum.photos/id/204/200/200');
INSERT INTO SONGS (song_id, album_id, title, duration, genre, release_date, `rank`, image) VALUES (674, 37, 'Song SM6wbmEbPV', 299, 'R&B', '2022-08-17', 548, 'https://picsum.photos/id/267/200/200');
INSERT INTO SONGS (song_id, album_id, title, duration, genre, release_date, `rank`, image) VALUES (675, 82, 'Song xhhUiUOrIu', 390, 'Reggae', '2012-10-04', 387, 'https://picsum.photos/id/229/200/200');
INSERT INTO SONGS (song_id, album_id, title, duration, genre, release_date, `rank`, image) VALUES (676, 169, 'Song FLqUc6gvMc', 152, 'Folk', '2015-04-19', 616, 'https://picsum.photos/id/295/200/200');
INSERT INTO SONGS (song_id, album_id, title, duration, genre, release_date, `rank`, image) VALUES (677, 38, 'Song BbQsocPNAd', 238, 'Classical', '2021-09-05', 99, 'https://picsum.photos/id/255/200/200');
INSERT INTO SONGS (song_id, album_id, title, duration, genre, release_date, `rank`, image) VALUES (678, 57, 'Song dYVBonizdH', 321, 'Classical', '2015-11-19', 464, 'https://picsum.photos/id/276/200/200');
INSERT INTO SONGS (song_id, album_id, title, duration, genre, release_date, `rank`, image) VALUES (679, 28, 'Song C7r255NTTR', 441, 'Blues', '2011-07-05', 684, 'https://picsum.photos/id/226/200/200');
INSERT INTO SONGS (song_id, album_id, title, duration, genre, release_date, `rank`, image) VALUES (680, 4, 'Song IK0iwMgPLk', 193, 'Jazz', '2021-10-11', 831, 'https://picsum.photos/id/264/200/200');
INSERT INTO SONGS (song_id, album_id, title, duration, genre, release_date, `rank`, image) VALUES (681, 180, 'Song 1F03zBALvx', 156, 'Blues', '2018-02-06', 148, 'https://picsum.photos/id/230/200/200');
INSERT INTO SONGS (song_id, album_id, title, duration, genre, release_date, `rank`, image) VALUES (682, 179, 'Song 58Aka9KT8x', 343, 'Pop', '2011-12-24', 828, 'https://picsum.photos/id/217/200/200');
INSERT INTO SONGS (song_id, album_id, title, duration, genre, release_date, `rank`, image) VALUES (683, 32, 'Song R97loT0XZ7', 276, 'Pop', '2019-04-18', 731, 'https://picsum.photos/id/244/200/200');
INSERT INTO SONGS (song_id, album_id, title, duration, genre, release_date, `rank`, image) VALUES (684, 144, 'Song k7OIZDxZil', 435, 'Blues', '2014-05-23', 826, 'https://picsum.photos/id/236/200/200');
INSERT INTO SONGS (song_id, album_id, title, duration, genre, release_date, `rank`, image) VALUES (685, 104, 'Song iDChhAfrMx', 135, 'Dance', '2020-02-11', 647, 'https://picsum.photos/id/275/200/200');
INSERT INTO SONGS (song_id, album_id, title, duration, genre, release_date, `rank`, image) VALUES (686, 105, 'Song b4xP4k661k', 168, 'Electronic', '2021-06-15', 796, 'https://picsum.photos/id/256/200/200');
INSERT INTO SONGS (song_id, album_id, title, duration, genre, release_date, `rank`, image) VALUES (687, 96, 'Song u8F5rYJev6', 419, 'Metal', '2013-08-04', 453, 'https://picsum.photos/id/228/200/200');
INSERT INTO SONGS (song_id, album_id, title, duration, genre, release_date, `rank`, image) VALUES (688, 104, 'Song T5ilkoWChG', 175, 'Country', '2011-10-01', 821, 'https://picsum.photos/id/275/200/200');
INSERT INTO SONGS (song_id, album_id, title, duration, genre, release_date, `rank`, image) VALUES (689, 24, 'Song 9VBOgTWRD1', 436, 'R&B', '2019-03-16', 138, 'https://picsum.photos/id/281/200/200');
INSERT INTO SONGS (song_id, album_id, title, duration, genre, release_date, `rank`, image) VALUES (690, 37, 'Song LlWIwSTYo8', 378, 'Hip Hop', '2019-04-29', 128, 'https://picsum.photos/id/267/200/200');
INSERT INTO SONGS (song_id, album_id, title, duration, genre, release_date, `rank`, image) VALUES (691, 29, 'Song XIvJRgKTGd', 345, 'R&B', '2021-06-23', 567, 'https://picsum.photos/id/272/200/200');
INSERT INTO SONGS (song_id, album_id, title, duration, genre, release_date, `rank`, image) VALUES (692, 71, 'Song joloCXKNFq', 443, 'Blues', '2010-01-18', 531, 'https://picsum.photos/id/260/200/200');
INSERT INTO SONGS (song_id, album_id, title, duration, genre, release_date, `rank`, image) VALUES (693, 77, 'Song xY3ISUUmDl', 161, 'Jazz', '2010-03-10', 18, 'https://picsum.photos/id/211/200/200');
INSERT INTO SONGS (song_id, album_id, title, duration, genre, release_date, `rank`, image) VALUES (694, 85, 'Song fYUueMyJEw', 169, 'Classical', '2014-06-27', 462, 'https://picsum.photos/id/230/200/200');
INSERT INTO SONGS (song_id, album_id, title, duration, genre, release_date, `rank`, image) VALUES (695, 41, 'Song TlgTTiAPxI', 187, 'Dance', '2011-07-03', 268, 'https://picsum.photos/id/261/200/200');
INSERT INTO SONGS (song_id, album_id, title, duration, genre, release_date, `rank`, image) VALUES (696, 163, 'Song XjOFNBvSMi', 249, 'Pop', '2021-10-16', 586, 'https://picsum.photos/id/221/200/200');
INSERT INTO SONGS (song_id, album_id, title, duration, genre, release_date, `rank`, image) VALUES (697, 130, 'Song pvxUyyNjwu', 446, 'Blues', '2017-08-18', 367, 'https://picsum.photos/id/216/200/200');
INSERT INTO SONGS (song_id, album_id, title, duration, genre, release_date, `rank`, image) VALUES (698, 121, 'Song 9XZRwahrj2', 256, 'Classical', '2016-05-24', 981, 'https://picsum.photos/id/228/200/200');
INSERT INTO SONGS (song_id, album_id, title, duration, genre, release_date, `rank`, image) VALUES (699, 6, 'Song O5ZBgSGvAp', 306, 'Reggae', '2016-09-09', 67, 'https://picsum.photos/id/243/200/200');
INSERT INTO SONGS (song_id, album_id, title, duration, genre, release_date, `rank`, image) VALUES (700, 108, 'Song mJFJKA8H3C', 126, 'Rock', '2018-04-01', 996, 'https://picsum.photos/id/222/200/200');
INSERT INTO SONGS (song_id, album_id, title, duration, genre, release_date, `rank`, image) VALUES (701, 41, 'Song Ekzs3qfPK1', 218, 'Pop', '2019-08-06', 474, 'https://picsum.photos/id/261/200/200');
INSERT INTO SONGS (song_id, album_id, title, duration, genre, release_date, `rank`, image) VALUES (702, 61, 'Song svfjHPqWiA', 379, 'Reggae', '2018-12-24', 494, 'https://picsum.photos/id/268/200/200');
INSERT INTO SONGS (song_id, album_id, title, duration, genre, release_date, `rank`, image) VALUES (703, 111, 'Song iDnNhMJpwG', 149, 'Reggae', '2019-06-18', 99, 'https://picsum.photos/id/236/200/200');
INSERT INTO SONGS (song_id, album_id, title, duration, genre, release_date, `rank`, image) VALUES (704, 136, 'Song ff7jvTYSb1', 218, 'Hip Hop', '2019-07-17', 552, 'https://picsum.photos/id/275/200/200');
INSERT INTO SONGS (song_id, album_id, title, duration, genre, release_date, `rank`, image) VALUES (705, 9, 'Song 1MYTZDUiH5', 288, 'Blues', '2019-07-18', 412, 'https://picsum.photos/id/287/200/200');
INSERT INTO SONGS (song_id, album_id, title, duration, genre, release_date, `rank`, image) VALUES (706, 68, 'Song rPh82ctWIR', 478, 'Classical', '2019-06-28', 923, 'https://picsum.photos/id/286/200/200');
INSERT INTO SONGS (song_id, album_id, title, duration, genre, release_date, `rank`, image) VALUES (707, 136, 'Song hlc8IGC3S6', 360, 'Reggae', '2022-06-18', 909, 'https://picsum.photos/id/275/200/200');
INSERT INTO SONGS (song_id, album_id, title, duration, genre, release_date, `rank`, image) VALUES (708, 167, 'Song ou2L4ZIOU0', 468, 'Reggae', '2011-05-04', 370, 'https://picsum.photos/id/213/200/200');
INSERT INTO SONGS (song_id, album_id, title, duration, genre, release_date, `rank`, image) VALUES (709, 177, 'Song vw2BziX2Ql', 373, 'Reggae', '2024-01-20', 98, 'https://picsum.photos/id/293/200/200');
INSERT INTO SONGS (song_id, album_id, title, duration, genre, release_date, `rank`, image) VALUES (710, 64, 'Song M5OPGCK7O8', 460, 'Pop', '2009-08-31', 806, 'https://picsum.photos/id/288/200/200');
INSERT INTO SONGS (song_id, album_id, title, duration, genre, release_date, `rank`, image) VALUES (711, 73, 'Song kyr2wlYo7s', 268, 'Electronic', '2015-07-18', 952, 'https://picsum.photos/id/216/200/200');
INSERT INTO SONGS (song_id, album_id, title, duration, genre, release_date, `rank`, image) VALUES (712, 169, 'Song WUJpcyMRmv', 248, 'Blues', '2013-07-10', 978, 'https://picsum.photos/id/295/200/200');
INSERT INTO SONGS (song_id, album_id, title, duration, genre, release_date, `rank`, image) VALUES (713, 69, 'Song YcgNTI5azo', 381, 'Country', '2014-02-16', 238, 'https://picsum.photos/id/260/200/200');
INSERT INTO SONGS (song_id, album_id, title, duration, genre, release_date, `rank`, image) VALUES (714, 4, 'Song A9qJESYooP', 157, 'Classical', '2008-03-01', 674, 'https://picsum.photos/id/264/200/200');
INSERT INTO SONGS (song_id, album_id, title, duration, genre, release_date, `rank`, image) VALUES (715, 39, 'Song EB9vCMvCeI', 244, 'Dance', '2016-03-11', 997, 'https://picsum.photos/id/262/200/200');
INSERT INTO SONGS (song_id, album_id, title, duration, genre, release_date, `rank`, image) VALUES (716, 68, 'Song ctqfMnUuvs', 178, 'Country', '2024-04-24', 899, 'https://picsum.photos/id/286/200/200');
INSERT INTO SONGS (song_id, album_id, title, duration, genre, release_date, `rank`, image) VALUES (717, 10, 'Song U1KBe1uTiD', 409, 'Jazz', '2008-05-13', 197, 'https://picsum.photos/id/220/200/200');
INSERT INTO SONGS (song_id, album_id, title, duration, genre, release_date, `rank`, image) VALUES (718, 191, 'Song Qm1Ock9VFN', 225, 'Blues', '2017-07-10', 799, 'https://picsum.photos/id/238/200/200');
INSERT INTO SONGS (song_id, album_id, title, duration, genre, release_date, `rank`, image) VALUES (719, 6, 'Song rF3QetAA6c', 446, 'Classical', '2010-06-15', 552, 'https://picsum.photos/id/243/200/200');
INSERT INTO SONGS (song_id, album_id, title, duration, genre, release_date, `rank`, image) VALUES (720, 15, 'Song hjMuU4LA7A', 309, 'Jazz', '2017-08-17', 609, 'https://picsum.photos/id/257/200/200');
INSERT INTO SONGS (song_id, album_id, title, duration, genre, release_date, `rank`, image) VALUES (721, 62, 'Song whcYlGU1lk', 324, 'Reggae', '2015-03-08', 894, 'https://picsum.photos/id/237/200/200');
INSERT INTO SONGS (song_id, album_id, title, duration, genre, release_date, `rank`, image) VALUES (722, 106, 'Song C7BMBGZ2Ox', 284, 'Dance', '2010-07-11', 81, 'https://picsum.photos/id/235/200/200');
INSERT INTO SONGS (song_id, album_id, title, duration, genre, release_date, `rank`, image) VALUES (723, 70, 'Song 3Jd43Ct2xr', 475, 'Pop', '2010-06-26', 194, 'https://picsum.photos/id/225/200/200');
INSERT INTO SONGS (song_id, album_id, title, duration, genre, release_date, `rank`, image) VALUES (724, 109, 'Song q5XdhfDBZV', 185, 'Hip Hop', '2024-04-15', 829, 'https://picsum.photos/id/234/200/200');
INSERT INTO SONGS (song_id, album_id, title, duration, genre, release_date, `rank`, image) VALUES (725, 130, 'Song kqLBnQLOsk', 343, 'Country', '2016-01-24', 992, 'https://picsum.photos/id/216/200/200');
INSERT INTO SONGS (song_id, album_id, title, duration, genre, release_date, `rank`, image) VALUES (726, 14, 'Song gjtiya4zGl', 199, 'R&B', '2021-09-07', 457, 'https://picsum.photos/id/210/200/200');
INSERT INTO SONGS (song_id, album_id, title, duration, genre, release_date, `rank`, image) VALUES (727, 116, 'Song ULy6ZVN6ye', 173, 'Hip Hop', '2014-11-30', 222, 'https://picsum.photos/id/247/200/200');
INSERT INTO SONGS (song_id, album_id, title, duration, genre, release_date, `rank`, image) VALUES (728, 43, 'Song 0AHc55cOkn', 361, 'R&B', '2020-03-26', 477, 'https://picsum.photos/id/241/200/200');
INSERT INTO SONGS (song_id, album_id, title, duration, genre, release_date, `rank`, image) VALUES (729, 194, 'Song CfRro7iVfi', 373, 'Classical', '2011-06-22', 130, 'https://picsum.photos/id/245/200/200');
INSERT INTO SONGS (song_id, album_id, title, duration, genre, release_date, `rank`, image) VALUES (730, 136, 'Song oCiqGyswTR', 258, 'Classical', '2020-05-31', 361, 'https://picsum.photos/id/275/200/200');
INSERT INTO SONGS (song_id, album_id, title, duration, genre, release_date, `rank`, image) VALUES (731, 83, 'Song 1G4LRmeuiY', 347, 'Reggae', '2008-03-30', 849, 'https://picsum.photos/id/232/200/200');
INSERT INTO SONGS (song_id, album_id, title, duration, genre, release_date, `rank`, image) VALUES (732, 199, 'Song 6JW18vGISN', 422, 'Electronic', '2013-01-24', 966, 'https://picsum.photos/id/282/200/200');
INSERT INTO SONGS (song_id, album_id, title, duration, genre, release_date, `rank`, image) VALUES (733, 23, 'Song Vvl73FBaBu', 132, 'Rock', '2017-10-09', 693, 'https://picsum.photos/id/272/200/200');
INSERT INTO SONGS (song_id, album_id, title, duration, genre, release_date, `rank`, image) VALUES (734, 192, 'Song pb5KTU01B3', 303, 'Blues', '2008-11-18', 594, 'https://picsum.photos/id/214/200/200');
INSERT INTO SONGS (song_id, album_id, title, duration, genre, release_date, `rank`, image) VALUES (735, 57, 'Song yUmDid6kWd', 271, 'Rock', '2018-04-24', 986, 'https://picsum.photos/id/276/200/200');
INSERT INTO SONGS (song_id, album_id, title, duration, genre, release_date, `rank`, image) VALUES (736, 175, 'Song dwne7ngqq9', 416, 'Alternative', '2012-10-04', 74, 'https://picsum.photos/id/219/200/200');
INSERT INTO SONGS (song_id, album_id, title, duration, genre, release_date, `rank`, image) VALUES (737, 113, 'Song oa1R5kbs1g', 161, 'Folk', '2014-01-04', 484, 'https://picsum.photos/id/296/200/200');
INSERT INTO SONGS (song_id, album_id, title, duration, genre, release_date, `rank`, image) VALUES (738, 73, 'Song jYynybZspt', 453, 'Blues', '2013-09-19', 676, 'https://picsum.photos/id/216/200/200');
INSERT INTO SONGS (song_id, album_id, title, duration, genre, release_date, `rank`, image) VALUES (739, 62, 'Song A0n1zGkigU', 229, 'Reggae', '2009-07-27', 461, 'https://picsum.photos/id/237/200/200');
INSERT INTO SONGS (song_id, album_id, title, duration, genre, release_date, `rank`, image) VALUES (740, 198, 'Song evlF86aBHg', 348, 'Alternative', '2008-02-10', 8, 'https://picsum.photos/id/284/200/200');
INSERT INTO SONGS (song_id, album_id, title, duration, genre, release_date, `rank`, image) VALUES (741, 23, 'Song aVgl7izv52', 400, 'Dance', '2011-08-31', 617, 'https://picsum.photos/id/272/200/200');
INSERT INTO SONGS (song_id, album_id, title, duration, genre, release_date, `rank`, image) VALUES (742, 127, 'Song FuKbUGSs1i', 281, 'Jazz', '2020-09-03', 290, 'https://picsum.photos/id/216/200/200');
INSERT INTO SONGS (song_id, album_id, title, duration, genre, release_date, `rank`, image) VALUES (743, 12, 'Song HRUwFtkFPm', 301, 'Metal', '2012-06-17', 676, 'https://picsum.photos/id/285/200/200');
INSERT INTO SONGS (song_id, album_id, title, duration, genre, release_date, `rank`, image) VALUES (744, 178, 'Song QuTEMZi4LW', 401, 'Reggae', '2023-04-11', 750, 'https://picsum.photos/id/216/200/200');
INSERT INTO SONGS (song_id, album_id, title, duration, genre, release_date, `rank`, image) VALUES (745, 129, 'Song H7hsKSPtLa', 237, 'Jazz', '2017-09-26', 444, 'https://picsum.photos/id/251/200/200');
INSERT INTO SONGS (song_id, album_id, title, duration, genre, release_date, `rank`, image) VALUES (746, 76, 'Song y8MRr80Q3w', 397, 'Reggae', '2017-05-12', 57, 'https://picsum.photos/id/238/200/200');
INSERT INTO SONGS (song_id, album_id, title, duration, genre, release_date, `rank`, image) VALUES (747, 39, 'Song Fvjb9ks53j', 267, 'Alternative', '2017-12-23', 437, 'https://picsum.photos/id/262/200/200');
INSERT INTO SONGS (song_id, album_id, title, duration, genre, release_date, `rank`, image) VALUES (748, 151, 'Song k27dKQaqYm', 246, 'Folk', '2009-05-23', 918, 'https://picsum.photos/id/231/200/200');
INSERT INTO SONGS (song_id, album_id, title, duration, genre, release_date, `rank`, image) VALUES (749, 46, 'Song 8FBB0643ET', 241, 'Metal', '2023-02-10', 490, 'https://picsum.photos/id/295/200/200');
INSERT INTO SONGS (song_id, album_id, title, duration, genre, release_date, `rank`, image) VALUES (750, 36, 'Song cbdYP7GuZ3', 331, 'R&B', '2023-05-25', 739, 'https://picsum.photos/id/203/200/200');
INSERT INTO SONGS (song_id, album_id, title, duration, genre, release_date, `rank`, image) VALUES (751, 170, 'Song otfq8qHAXs', 424, 'Pop', '2015-01-19', 260, 'https://picsum.photos/id/247/200/200');
INSERT INTO SONGS (song_id, album_id, title, duration, genre, release_date, `rank`, image) VALUES (752, 141, 'Song ZwKaLFvDTq', 445, 'Dance', '2015-10-22', 558, 'https://picsum.photos/id/245/200/200');
INSERT INTO SONGS (song_id, album_id, title, duration, genre, release_date, `rank`, image) VALUES (753, 66, 'Song h1h1lzJQa6', 300, 'Hip Hop', '2021-01-16', 880, 'https://picsum.photos/id/204/200/200');
INSERT INTO SONGS (song_id, album_id, title, duration, genre, release_date, `rank`, image) VALUES (754, 30, 'Song dKUTtqzh7Z', 184, 'Dance', '2016-01-30', 462, 'https://picsum.photos/id/280/200/200');
INSERT INTO SONGS (song_id, album_id, title, duration, genre, release_date, `rank`, image) VALUES (755, 120, 'Song sbRHwRhiMU', 190, 'Folk', '2022-04-18', 852, 'https://picsum.photos/id/234/200/200');
INSERT INTO SONGS (song_id, album_id, title, duration, genre, release_date, `rank`, image) VALUES (756, 82, 'Song a2rP8VtYw9', 268, 'Hip Hop', '2010-01-21', 20, 'https://picsum.photos/id/229/200/200');
INSERT INTO SONGS (song_id, album_id, title, duration, genre, release_date, `rank`, image) VALUES (757, 183, 'Song r5repjOYKk', 298, 'Reggae', '2021-04-03', 850, 'https://picsum.photos/id/232/200/200');
INSERT INTO SONGS (song_id, album_id, title, duration, genre, release_date, `rank`, image) VALUES (758, 149, 'Song NC6otyoQUx', 170, 'R&B', '2020-06-17', 396, 'https://picsum.photos/id/231/200/200');
INSERT INTO SONGS (song_id, album_id, title, duration, genre, release_date, `rank`, image) VALUES (759, 86, 'Song ZT0iYol0fR', 460, 'Dance', '2022-01-24', 640, 'https://picsum.photos/id/267/200/200');
INSERT INTO SONGS (song_id, album_id, title, duration, genre, release_date, `rank`, image) VALUES (760, 197, 'Song kaiZjyyXqj', 233, 'Blues', '2020-01-29', 39, 'https://picsum.photos/id/287/200/200');
INSERT INTO SONGS (song_id, album_id, title, duration, genre, release_date, `rank`, image) VALUES (761, 34, 'Song ZadmEYlxuM', 179, 'Hip Hop', '2012-05-29', 772, 'https://picsum.photos/id/277/200/200');
INSERT INTO SONGS (song_id, album_id, title, duration, genre, release_date, `rank`, image) VALUES (762, 78, 'Song hUNRmJoREv', 124, 'Electronic', '2021-04-18', 741, 'https://picsum.photos/id/266/200/200');
INSERT INTO SONGS (song_id, album_id, title, duration, genre, release_date, `rank`, image) VALUES (763, 101, 'Song px8J2BjwKA', 440, 'Folk', '2010-12-10', 930, 'https://picsum.photos/id/285/200/200');
INSERT INTO SONGS (song_id, album_id, title, duration, genre, release_date, `rank`, image) VALUES (764, 95, 'Song gX3huaWfIB', 268, 'Folk', '2016-01-14', 646, 'https://picsum.photos/id/234/200/200');
INSERT INTO SONGS (song_id, album_id, title, duration, genre, release_date, `rank`, image) VALUES (765, 133, 'Song mgBcGxY50R', 355, 'Reggae', '2015-09-12', 718, 'https://picsum.photos/id/231/200/200');
INSERT INTO SONGS (song_id, album_id, title, duration, genre, release_date, `rank`, image) VALUES (766, 13, 'Song 5ajjVmq6MH', 222, 'Metal', '2015-01-09', 555, 'https://picsum.photos/id/300/200/200');
INSERT INTO SONGS (song_id, album_id, title, duration, genre, release_date, `rank`, image) VALUES (767, 84, 'Song 5TNekaBKhQ', 244, 'Metal', '2021-04-23', 282, 'https://picsum.photos/id/282/200/200');
INSERT INTO SONGS (song_id, album_id, title, duration, genre, release_date, `rank`, image) VALUES (768, 180, 'Song vUESiBKkYI', 433, 'Jazz', '2017-10-05', 946, 'https://picsum.photos/id/230/200/200');
INSERT INTO SONGS (song_id, album_id, title, duration, genre, release_date, `rank`, image) VALUES (769, 145, 'Song pdIgtuWHPy', 277, 'Blues', '2017-07-22', 274, 'https://picsum.photos/id/288/200/200');
INSERT INTO SONGS (song_id, album_id, title, duration, genre, release_date, `rank`, image) VALUES (770, 96, 'Song NIRLu5ESPN', 154, 'Blues', '2023-10-23', 303, 'https://picsum.photos/id/228/200/200');
INSERT INTO SONGS (song_id, album_id, title, duration, genre, release_date, `rank`, image) VALUES (771, 12, 'Song dJ3N5BuPQE', 350, 'Electronic', '2011-08-20', 546, 'https://picsum.photos/id/285/200/200');
INSERT INTO SONGS (song_id, album_id, title, duration, genre, release_date, `rank`, image) VALUES (772, 166, 'Song mUe8z9j6mn', 234, 'Pop', '2010-01-15', 834, 'https://picsum.photos/id/291/200/200');
INSERT INTO SONGS (song_id, album_id, title, duration, genre, release_date, `rank`, image) VALUES (773, 147, 'Song G718rbn4Bz', 431, 'Classical', '2012-07-29', 546, 'https://picsum.photos/id/271/200/200');
INSERT INTO SONGS (song_id, album_id, title, duration, genre, release_date, `rank`, image) VALUES (774, 18, 'Song QODbNiTCu7', 460, 'Alternative', '2009-02-25', 217, 'https://picsum.photos/id/216/200/200');
INSERT INTO SONGS (song_id, album_id, title, duration, genre, release_date, `rank`, image) VALUES (775, 197, 'Song MLtbzbNQLK', 329, 'Rock', '2022-10-25', 594, 'https://picsum.photos/id/287/200/200');
INSERT INTO SONGS (song_id, album_id, title, duration, genre, release_date, `rank`, image) VALUES (776, 61, 'Song VrPi2wuiRZ', 266, 'Hip Hop', '2017-07-14', 979, 'https://picsum.photos/id/268/200/200');
INSERT INTO SONGS (song_id, album_id, title, duration, genre, release_date, `rank`, image) VALUES (777, 35, 'Song yKw2Y5vbKe', 215, 'Indie', '2022-06-25', 724, 'https://picsum.photos/id/204/200/200');
INSERT INTO SONGS (song_id, album_id, title, duration, genre, release_date, `rank`, image) VALUES (778, 186, 'Song 0l8xNZACYL', 262, 'Hip Hop', '2010-05-18', 61, 'https://picsum.photos/id/262/200/200');
INSERT INTO SONGS (song_id, album_id, title, duration, genre, release_date, `rank`, image) VALUES (779, 125, 'Song 3OEBxQ0y1H', 368, 'Rock', '2022-03-27', 508, 'https://picsum.photos/id/223/200/200');
INSERT INTO SONGS (song_id, album_id, title, duration, genre, release_date, `rank`, image) VALUES (780, 73, 'Song SKySvO97lf', 478, 'Pop', '2021-10-05', 756, 'https://picsum.photos/id/216/200/200');
INSERT INTO SONGS (song_id, album_id, title, duration, genre, release_date, `rank`, image) VALUES (781, 43, 'Song ieczpWMbRP', 193, 'Dance', '2008-02-21', 439, 'https://picsum.photos/id/241/200/200');
INSERT INTO SONGS (song_id, album_id, title, duration, genre, release_date, `rank`, image) VALUES (782, 51, 'Song TltnFxsvD6', 312, 'Jazz', '2016-03-18', 422, 'https://picsum.photos/id/202/200/200');
INSERT INTO SONGS (song_id, album_id, title, duration, genre, release_date, `rank`, image) VALUES (783, 32, 'Song F1NoBkAH84', 268, 'Rock', '2013-12-18', 703, 'https://picsum.photos/id/244/200/200');
INSERT INTO SONGS (song_id, album_id, title, duration, genre, release_date, `rank`, image) VALUES (784, 100, 'Song e3v0wGfa5r', 277, 'Pop', '2021-10-14', 312, 'https://picsum.photos/id/209/200/200');
INSERT INTO SONGS (song_id, album_id, title, duration, genre, release_date, `rank`, image) VALUES (785, 182, 'Song Na7U8xuKwI', 413, 'Pop', '2017-08-28', 677, 'https://picsum.photos/id/231/200/200');
INSERT INTO SONGS (song_id, album_id, title, duration, genre, release_date, `rank`, image) VALUES (786, 31, 'Song QpfO3x3gjn', 304, 'R&B', '2014-07-29', 375, 'https://picsum.photos/id/262/200/200');
INSERT INTO SONGS (song_id, album_id, title, duration, genre, release_date, `rank`, image) VALUES (787, 96, 'Song YwmVtFgYm5', 159, 'Reggae', '2010-05-20', 505, 'https://picsum.photos/id/228/200/200');
INSERT INTO SONGS (song_id, album_id, title, duration, genre, release_date, `rank`, image) VALUES (788, 74, 'Song oVYWtjxH8o', 142, 'Classical', '2020-05-08', 305, 'https://picsum.photos/id/215/200/200');
INSERT INTO SONGS (song_id, album_id, title, duration, genre, release_date, `rank`, image) VALUES (789, 98, 'Song ZfmlomraBu', 266, 'Dance', '2015-04-17', 443, 'https://picsum.photos/id/239/200/200');
INSERT INTO SONGS (song_id, album_id, title, duration, genre, release_date, `rank`, image) VALUES (790, 121, 'Song ipGeHDTk3L', 254, 'Jazz', '2021-05-08', 612, 'https://picsum.photos/id/228/200/200');
INSERT INTO SONGS (song_id, album_id, title, duration, genre, release_date, `rank`, image) VALUES (791, 71, 'Song 1XeR0ckBcq', 271, 'Jazz', '2013-04-25', 992, 'https://picsum.photos/id/260/200/200');
INSERT INTO SONGS (song_id, album_id, title, duration, genre, release_date, `rank`, image) VALUES (792, 35, 'Song uxkl8d3HNd', 257, 'R&B', '2022-07-31', 623, 'https://picsum.photos/id/204/200/200');
INSERT INTO SONGS (song_id, album_id, title, duration, genre, release_date, `rank`, image) VALUES (793, 169, 'Song zOGDoZMcUg', 427, 'Alternative', '2012-11-13', 343, 'https://picsum.photos/id/295/200/200');
INSERT INTO SONGS (song_id, album_id, title, duration, genre, release_date, `rank`, image) VALUES (794, 160, 'Song x9h7PTqRUM', 417, 'Indie', '2009-04-05', 533, 'https://picsum.photos/id/279/200/200');
INSERT INTO SONGS (song_id, album_id, title, duration, genre, release_date, `rank`, image) VALUES (795, 99, 'Song cOlQQZAWWe', 275, 'Jazz', '2023-09-11', 837, 'https://picsum.photos/id/253/200/200');
INSERT INTO SONGS (song_id, album_id, title, duration, genre, release_date, `rank`, image) VALUES (796, 63, 'Song RhNhaW7Len', 211, 'Folk', '2013-06-14', 963, 'https://picsum.photos/id/282/200/200');
INSERT INTO SONGS (song_id, album_id, title, duration, genre, release_date, `rank`, image) VALUES (797, 52, 'Song 4ij6sRzZfh', 187, 'Alternative', '2018-12-03', 574, 'https://picsum.photos/id/222/200/200');
INSERT INTO SONGS (song_id, album_id, title, duration, genre, release_date, `rank`, image) VALUES (798, 7, 'Song vvOkZuvGZx', 263, 'Hip Hop', '2017-04-22', 892, 'https://picsum.photos/id/227/200/200');
INSERT INTO SONGS (song_id, album_id, title, duration, genre, release_date, `rank`, image) VALUES (799, 61, 'Song nFQUEhDWc2', 433, 'Jazz', '2019-12-24', 271, 'https://picsum.photos/id/268/200/200');
INSERT INTO SONGS (song_id, album_id, title, duration, genre, release_date, `rank`, image) VALUES (800, 136, 'Song gkLYpLeYVP', 306, 'Jazz', '2022-02-12', 601, 'https://picsum.photos/id/275/200/200');
INSERT INTO SONGS (song_id, album_id, title, duration, genre, release_date, `rank`, image) VALUES (801, 5, 'Song 7AsMJlxHgh', 292, 'R&B', '2015-11-09', 233, 'https://picsum.photos/id/249/200/200');
INSERT INTO SONGS (song_id, album_id, title, duration, genre, release_date, `rank`, image) VALUES (802, 6, 'Song 27FNjjW4PU', 216, 'Pop', '2015-02-06', 947, 'https://picsum.photos/id/243/200/200');
INSERT INTO SONGS (song_id, album_id, title, duration, genre, release_date, `rank`, image) VALUES (803, 21, 'Song 0nc1Tpvu5o', 357, 'Classical', '2015-06-10', 646, 'https://picsum.photos/id/298/200/200');
INSERT INTO SONGS (song_id, album_id, title, duration, genre, release_date, `rank`, image) VALUES (804, 47, 'Song tQ9YUENo2P', 216, 'Metal', '2009-06-17', 749, 'https://picsum.photos/id/202/200/200');
INSERT INTO SONGS (song_id, album_id, title, duration, genre, release_date, `rank`, image) VALUES (805, 112, 'Song 90K35UH1NS', 201, 'Jazz', '2017-04-08', 548, 'https://picsum.photos/id/292/200/200');
INSERT INTO SONGS (song_id, album_id, title, duration, genre, release_date, `rank`, image) VALUES (806, 6, 'Song OlCC1lTVXQ', 480, 'R&B', '2008-09-15', 305, 'https://picsum.photos/id/243/200/200');
INSERT INTO SONGS (song_id, album_id, title, duration, genre, release_date, `rank`, image) VALUES (807, 87, 'Song Z9qWBvILGx', 335, 'R&B', '2013-10-24', 861, 'https://picsum.photos/id/234/200/200');
INSERT INTO SONGS (song_id, album_id, title, duration, genre, release_date, `rank`, image) VALUES (808, 36, 'Song Od6c4UeCb1', 269, 'Pop', '2012-01-30', 724, 'https://picsum.photos/id/203/200/200');
INSERT INTO SONGS (song_id, album_id, title, duration, genre, release_date, `rank`, image) VALUES (809, 153, 'Song MUCHvfKvAS', 421, 'Indie', '2012-10-25', 924, 'https://picsum.photos/id/279/200/200');
INSERT INTO SONGS (song_id, album_id, title, duration, genre, release_date, `rank`, image) VALUES (810, 140, 'Song 3fv3WSkUQ8', 294, 'Folk', '2009-05-02', 18, 'https://picsum.photos/id/267/200/200');
INSERT INTO SONGS (song_id, album_id, title, duration, genre, release_date, `rank`, image) VALUES (811, 64, 'Song Za2rq2IxmG', 339, 'Metal', '2022-11-08', 17, 'https://picsum.photos/id/288/200/200');
INSERT INTO SONGS (song_id, album_id, title, duration, genre, release_date, `rank`, image) VALUES (812, 14, 'Song xLExuH8gZi', 375, 'Metal', '2014-11-21', 642, 'https://picsum.photos/id/210/200/200');
INSERT INTO SONGS (song_id, album_id, title, duration, genre, release_date, `rank`, image) VALUES (813, 123, 'Song MyPwRqc77O', 479, 'Alternative', '2012-07-02', 617, 'https://picsum.photos/id/275/200/200');
INSERT INTO SONGS (song_id, album_id, title, duration, genre, release_date, `rank`, image) VALUES (814, 66, 'Song i1zkzKPNai', 435, 'Blues', '2012-10-16', 595, 'https://picsum.photos/id/204/200/200');
INSERT INTO SONGS (song_id, album_id, title, duration, genre, release_date, `rank`, image) VALUES (815, 117, 'Song T0eXkoKvSO', 151, 'Dance', '2022-06-20', 498, 'https://picsum.photos/id/206/200/200');
INSERT INTO SONGS (song_id, album_id, title, duration, genre, release_date, `rank`, image) VALUES (816, 184, 'Song 7tdLQegWN5', 273, 'Electronic', '2010-09-28', 515, 'https://picsum.photos/id/238/200/200');
INSERT INTO SONGS (song_id, album_id, title, duration, genre, release_date, `rank`, image) VALUES (817, 129, 'Song CvSMQj5jsn', 299, 'Hip Hop', '2014-05-06', 552, 'https://picsum.photos/id/251/200/200');
INSERT INTO SONGS (song_id, album_id, title, duration, genre, release_date, `rank`, image) VALUES (818, 67, 'Song sejwyRS4OM', 179, 'Indie', '2008-08-09', 199, 'https://picsum.photos/id/230/200/200');
INSERT INTO SONGS (song_id, album_id, title, duration, genre, release_date, `rank`, image) VALUES (819, 157, 'Song FCrWSASUVX', 210, 'Country', '2008-08-11', 872, 'https://picsum.photos/id/260/200/200');
INSERT INTO SONGS (song_id, album_id, title, duration, genre, release_date, `rank`, image) VALUES (820, 141, 'Song ghZ2ZGbWwM', 257, 'Alternative', '2011-06-22', 139, 'https://picsum.photos/id/245/200/200');
INSERT INTO SONGS (song_id, album_id, title, duration, genre, release_date, `rank`, image) VALUES (821, 156, 'Song xflT3AqWUd', 475, 'Reggae', '2011-10-12', 138, 'https://picsum.photos/id/244/200/200');
INSERT INTO SONGS (song_id, album_id, title, duration, genre, release_date, `rank`, image) VALUES (822, 182, 'Song LbLwAqiAZV', 285, 'Electronic', '2008-02-01', 489, 'https://picsum.photos/id/231/200/200');
INSERT INTO SONGS (song_id, album_id, title, duration, genre, release_date, `rank`, image) VALUES (823, 116, 'Song 9FmS5QJM5q', 240, 'Electronic', '2019-04-09', 543, 'https://picsum.photos/id/247/200/200');
INSERT INTO SONGS (song_id, album_id, title, duration, genre, release_date, `rank`, image) VALUES (824, 57, 'Song 00JZLBZ4QW', 239, 'Rock', '2015-06-11', 644, 'https://picsum.photos/id/276/200/200');
INSERT INTO SONGS (song_id, album_id, title, duration, genre, release_date, `rank`, image) VALUES (825, 160, 'Song MBGnsIUk0Y', 216, 'Indie', '2020-06-09', 410, 'https://picsum.photos/id/279/200/200');
INSERT INTO SONGS (song_id, album_id, title, duration, genre, release_date, `rank`, image) VALUES (826, 195, 'Song uEBcVhk6no', 447, 'Country', '2020-04-23', 380, 'https://picsum.photos/id/296/200/200');
INSERT INTO SONGS (song_id, album_id, title, duration, genre, release_date, `rank`, image) VALUES (827, 196, 'Song 0luOcTKd4y', 342, 'Reggae', '2022-08-16', 491, 'https://picsum.photos/id/282/200/200');
INSERT INTO SONGS (song_id, album_id, title, duration, genre, release_date, `rank`, image) VALUES (828, 56, 'Song suuZkp0kZC', 459, 'Folk', '2019-10-14', 94, 'https://picsum.photos/id/251/200/200');
INSERT INTO SONGS (song_id, album_id, title, duration, genre, release_date, `rank`, image) VALUES (829, 106, 'Song Fr3AfYFhhy', 294, 'Rock', '2014-06-20', 854, 'https://picsum.photos/id/235/200/200');
INSERT INTO SONGS (song_id, album_id, title, duration, genre, release_date, `rank`, image) VALUES (830, 114, 'Song AciptnLsLP', 210, 'Reggae', '2010-05-03', 685, 'https://picsum.photos/id/250/200/200');
INSERT INTO SONGS (song_id, album_id, title, duration, genre, release_date, `rank`, image) VALUES (831, 151, 'Song MkAtcdH6HN', 373, 'Pop', '2023-08-18', 809, 'https://picsum.photos/id/231/200/200');
INSERT INTO SONGS (song_id, album_id, title, duration, genre, release_date, `rank`, image) VALUES (832, 30, 'Song 6zDfoWw8du', 325, 'Classical', '2011-08-29', 764, 'https://picsum.photos/id/280/200/200');
INSERT INTO SONGS (song_id, album_id, title, duration, genre, release_date, `rank`, image) VALUES (833, 72, 'Song kA5rDbSH7x', 126, 'Rock', '2014-12-27', 373, 'https://picsum.photos/id/251/200/200');
INSERT INTO SONGS (song_id, album_id, title, duration, genre, release_date, `rank`, image) VALUES (834, 16, 'Song 67sTiWZNok', 253, 'Alternative', '2012-04-29', 116, 'https://picsum.photos/id/252/200/200');
INSERT INTO SONGS (song_id, album_id, title, duration, genre, release_date, `rank`, image) VALUES (835, 107, 'Song p3UpQpdWGi', 241, 'Jazz', '2020-02-05', 642, 'https://picsum.photos/id/215/200/200');
INSERT INTO SONGS (song_id, album_id, title, duration, genre, release_date, `rank`, image) VALUES (836, 191, 'Song F07xAeNABe', 345, 'Indie', '2019-06-01', 480, 'https://picsum.photos/id/238/200/200');
INSERT INTO SONGS (song_id, album_id, title, duration, genre, release_date, `rank`, image) VALUES (837, 60, 'Song bYKQDNFZoc', 257, 'Indie', '2010-12-19', 349, 'https://picsum.photos/id/297/200/200');
INSERT INTO SONGS (song_id, album_id, title, duration, genre, release_date, `rank`, image) VALUES (838, 61, 'Song AmIgscedPU', 241, 'Electronic', '2011-08-02', 103, 'https://picsum.photos/id/268/200/200');
INSERT INTO SONGS (song_id, album_id, title, duration, genre, release_date, `rank`, image) VALUES (839, 108, 'Song rpOJaDBGEe', 439, 'Classical', '2018-02-17', 329, 'https://picsum.photos/id/222/200/200');
INSERT INTO SONGS (song_id, album_id, title, duration, genre, release_date, `rank`, image) VALUES (840, 147, 'Song 2f45Lwv4Ap', 241, 'Rock', '2012-07-22', 519, 'https://picsum.photos/id/271/200/200');
INSERT INTO SONGS (song_id, album_id, title, duration, genre, release_date, `rank`, image) VALUES (841, 195, 'Song NpCS6jTcOP', 342, 'Blues', '2018-07-08', 896, 'https://picsum.photos/id/296/200/200');
INSERT INTO SONGS (song_id, album_id, title, duration, genre, release_date, `rank`, image) VALUES (842, 134, 'Song zCtdBlwPBm', 125, 'Hip Hop', '2015-11-21', 428, 'https://picsum.photos/id/299/200/200');
INSERT INTO SONGS (song_id, album_id, title, duration, genre, release_date, `rank`, image) VALUES (843, 173, 'Song 0EZJuLyNTT', 182, 'Hip Hop', '2015-11-30', 901, 'https://picsum.photos/id/287/200/200');
INSERT INTO SONGS (song_id, album_id, title, duration, genre, release_date, `rank`, image) VALUES (844, 153, 'Song HKkCIik7n9', 208, 'Electronic', '2010-03-20', 35, 'https://picsum.photos/id/279/200/200');
INSERT INTO SONGS (song_id, album_id, title, duration, genre, release_date, `rank`, image) VALUES (845, 155, 'Song 7MP7dfB90l', 455, 'Alternative', '2022-01-04', 548, 'https://picsum.photos/id/296/200/200');
INSERT INTO SONGS (song_id, album_id, title, duration, genre, release_date, `rank`, image) VALUES (846, 115, 'Song uzCUPcUsrF', 452, 'Jazz', '2019-01-10', 981, 'https://picsum.photos/id/298/200/200');
INSERT INTO SONGS (song_id, album_id, title, duration, genre, release_date, `rank`, image) VALUES (847, 193, 'Song 1U7nOiM1gl', 267, 'Pop', '2024-04-17', 922, 'https://picsum.photos/id/222/200/200');
INSERT INTO SONGS (song_id, album_id, title, duration, genre, release_date, `rank`, image) VALUES (848, 58, 'Song c3YFQcluTh', 357, 'Classical', '2022-08-19', 232, 'https://picsum.photos/id/220/200/200');
INSERT INTO SONGS (song_id, album_id, title, duration, genre, release_date, `rank`, image) VALUES (849, 85, 'Song bSLXorV2Ep', 449, 'Indie', '2017-02-03', 769, 'https://picsum.photos/id/230/200/200');
INSERT INTO SONGS (song_id, album_id, title, duration, genre, release_date, `rank`, image) VALUES (850, 150, 'Song nF5dOYx7ck', 233, 'Classical', '2012-05-05', 830, 'https://picsum.photos/id/242/200/200');
INSERT INTO SONGS (song_id, album_id, title, duration, genre, release_date, `rank`, image) VALUES (851, 41, 'Song D4p2XvkBEv', 220, 'Hip Hop', '2020-12-27', 448, 'https://picsum.photos/id/261/200/200');
INSERT INTO SONGS (song_id, album_id, title, duration, genre, release_date, `rank`, image) VALUES (852, 159, 'Song dvwdYKABep', 225, 'Indie', '2016-02-23', 242, 'https://picsum.photos/id/262/200/200');
INSERT INTO SONGS (song_id, album_id, title, duration, genre, release_date, `rank`, image) VALUES (853, 151, 'Song wRySEQvN0q', 277, 'Metal', '2015-04-19', 765, 'https://picsum.photos/id/231/200/200');
INSERT INTO SONGS (song_id, album_id, title, duration, genre, release_date, `rank`, image) VALUES (854, 118, 'Song sUkOVy5LYS', 249, 'Folk', '2015-07-22', 194, 'https://picsum.photos/id/250/200/200');
INSERT INTO SONGS (song_id, album_id, title, duration, genre, release_date, `rank`, image) VALUES (855, 60, 'Song k7qqXrXVVW', 359, 'Classical', '2013-12-12', 688, 'https://picsum.photos/id/297/200/200');
INSERT INTO SONGS (song_id, album_id, title, duration, genre, release_date, `rank`, image) VALUES (856, 40, 'Song SWJ8xqOnwp', 195, 'Rock', '2022-09-23', 488, 'https://picsum.photos/id/270/200/200');
INSERT INTO SONGS (song_id, album_id, title, duration, genre, release_date, `rank`, image) VALUES (857, 90, 'Song xtcg36zGYE', 313, 'Country', '2023-04-16', 119, 'https://picsum.photos/id/230/200/200');
INSERT INTO SONGS (song_id, album_id, title, duration, genre, release_date, `rank`, image) VALUES (858, 56, 'Song RIa8wjmVSa', 249, 'R&B', '2014-01-31', 494, 'https://picsum.photos/id/251/200/200');
INSERT INTO SONGS (song_id, album_id, title, duration, genre, release_date, `rank`, image) VALUES (859, 34, 'Song B9tcYuCraJ', 135, 'Rock', '2019-08-23', 821, 'https://picsum.photos/id/277/200/200');
INSERT INTO SONGS (song_id, album_id, title, duration, genre, release_date, `rank`, image) VALUES (860, 48, 'Song R6AAnnn8GS', 236, 'Indie', '2020-10-05', 705, 'https://picsum.photos/id/300/200/200');
INSERT INTO SONGS (song_id, album_id, title, duration, genre, release_date, `rank`, image) VALUES (861, 177, 'Song 4vmOHQP9uC', 384, 'Dance', '2011-03-09', 844, 'https://picsum.photos/id/293/200/200');
INSERT INTO SONGS (song_id, album_id, title, duration, genre, release_date, `rank`, image) VALUES (862, 142, 'Song SECRgl14Sm', 235, 'Dance', '2010-02-01', 435, 'https://picsum.photos/id/220/200/200');
INSERT INTO SONGS (song_id, album_id, title, duration, genre, release_date, `rank`, image) VALUES (863, 161, 'Song CwuPC2strJ', 141, 'Alternative', '2015-06-19', 127, 'https://picsum.photos/id/232/200/200');
INSERT INTO SONGS (song_id, album_id, title, duration, genre, release_date, `rank`, image) VALUES (864, 64, 'Song QgjxJGiKRe', 240, 'Alternative', '2018-06-29', 498, 'https://picsum.photos/id/288/200/200');
INSERT INTO SONGS (song_id, album_id, title, duration, genre, release_date, `rank`, image) VALUES (865, 23, 'Song 6nbAwuldQq', 335, 'Blues', '2013-10-06', 236, 'https://picsum.photos/id/272/200/200');
INSERT INTO SONGS (song_id, album_id, title, duration, genre, release_date, `rank`, image) VALUES (866, 134, 'Song RcNEsJyMMe', 235, 'Dance', '2023-09-14', 186, 'https://picsum.photos/id/299/200/200');
INSERT INTO SONGS (song_id, album_id, title, duration, genre, release_date, `rank`, image) VALUES (867, 97, 'Song 706SsfP4zd', 384, 'Pop', '2010-07-30', 385, 'https://picsum.photos/id/297/200/200');
INSERT INTO SONGS (song_id, album_id, title, duration, genre, release_date, `rank`, image) VALUES (868, 76, 'Song vhtlnjYRwv', 429, 'R&B', '2019-06-01', 992, 'https://picsum.photos/id/238/200/200');
INSERT INTO SONGS (song_id, album_id, title, duration, genre, release_date, `rank`, image) VALUES (869, 97, 'Song aZFti6hg79', 227, 'Indie', '2023-12-20', 240, 'https://picsum.photos/id/297/200/200');
INSERT INTO SONGS (song_id, album_id, title, duration, genre, release_date, `rank`, image) VALUES (870, 102, 'Song IVAAOBE2Dp', 212, 'Rock', '2011-11-03', 595, 'https://picsum.photos/id/209/200/200');
INSERT INTO SONGS (song_id, album_id, title, duration, genre, release_date, `rank`, image) VALUES (871, 119, 'Song QRdz6hcujh', 279, 'Electronic', '2022-09-28', 715, 'https://picsum.photos/id/262/200/200');
INSERT INTO SONGS (song_id, album_id, title, duration, genre, release_date, `rank`, image) VALUES (872, 194, 'Song xk3ffQW1gq', 444, 'Dance', '2023-08-16', 503, 'https://picsum.photos/id/245/200/200');
INSERT INTO SONGS (song_id, album_id, title, duration, genre, release_date, `rank`, image) VALUES (873, 94, 'Song Ba1EPoG8zg', 268, 'Classical', '2019-11-25', 653, 'https://picsum.photos/id/226/200/200');
INSERT INTO SONGS (song_id, album_id, title, duration, genre, release_date, `rank`, image) VALUES (874, 28, 'Song wucK2Oawae', 190, 'Folk', '2023-08-09', 105, 'https://picsum.photos/id/226/200/200');
INSERT INTO SONGS (song_id, album_id, title, duration, genre, release_date, `rank`, image) VALUES (875, 100, 'Song jD2ZacDtmv', 360, 'Reggae', '2016-10-30', 90, 'https://picsum.photos/id/209/200/200');
INSERT INTO SONGS (song_id, album_id, title, duration, genre, release_date, `rank`, image) VALUES (876, 78, 'Song xSR7drN2B9', 217, 'Folk', '2010-10-04', 878, 'https://picsum.photos/id/266/200/200');
INSERT INTO SONGS (song_id, album_id, title, duration, genre, release_date, `rank`, image) VALUES (877, 153, 'Song ukeSnoJVJP', 439, 'Dance', '2012-10-12', 38, 'https://picsum.photos/id/279/200/200');
INSERT INTO SONGS (song_id, album_id, title, duration, genre, release_date, `rank`, image) VALUES (878, 80, 'Song PRCUL8EbjS', 222, 'Rock', '2014-12-24', 344, 'https://picsum.photos/id/295/200/200');
INSERT INTO SONGS (song_id, album_id, title, duration, genre, release_date, `rank`, image) VALUES (879, 46, 'Song AI86aH875B', 383, 'Electronic', '2021-02-12', 482, 'https://picsum.photos/id/295/200/200');
INSERT INTO SONGS (song_id, album_id, title, duration, genre, release_date, `rank`, image) VALUES (880, 165, 'Song HnO3PDv90E', 336, 'Electronic', '2011-01-07', 35, 'https://picsum.photos/id/203/200/200');
INSERT INTO SONGS (song_id, album_id, title, duration, genre, release_date, `rank`, image) VALUES (881, 159, 'Song xgdgWPdG55', 348, 'Blues', '2023-11-21', 805, 'https://picsum.photos/id/262/200/200');
INSERT INTO SONGS (song_id, album_id, title, duration, genre, release_date, `rank`, image) VALUES (882, 142, 'Song KC2LStyvUB', 241, 'Hip Hop', '2023-10-04', 395, 'https://picsum.photos/id/220/200/200');
INSERT INTO SONGS (song_id, album_id, title, duration, genre, release_date, `rank`, image) VALUES (883, 142, 'Song sMDLASFzWm', 462, 'Electronic', '2019-04-13', 433, 'https://picsum.photos/id/220/200/200');
INSERT INTO SONGS (song_id, album_id, title, duration, genre, release_date, `rank`, image) VALUES (884, 117, 'Song 9ikthaGnvn', 159, 'Jazz', '2011-04-17', 16, 'https://picsum.photos/id/206/200/200');
INSERT INTO SONGS (song_id, album_id, title, duration, genre, release_date, `rank`, image) VALUES (885, 199, 'Song MURrg4WmLI', 227, 'Hip Hop', '2016-09-30', 675, 'https://picsum.photos/id/282/200/200');
INSERT INTO SONGS (song_id, album_id, title, duration, genre, release_date, `rank`, image) VALUES (886, 80, 'Song qhZzA6GBA7', 430, 'Reggae', '2022-07-29', 975, 'https://picsum.photos/id/295/200/200');
INSERT INTO SONGS (song_id, album_id, title, duration, genre, release_date, `rank`, image) VALUES (887, 18, 'Song ADcehhtJyy', 184, 'Country', '2022-03-06', 234, 'https://picsum.photos/id/216/200/200');
INSERT INTO SONGS (song_id, album_id, title, duration, genre, release_date, `rank`, image) VALUES (888, 14, 'Song lrQGHxrAao', 458, 'Electronic', '2018-02-11', 465, 'https://picsum.photos/id/210/200/200');
INSERT INTO SONGS (song_id, album_id, title, duration, genre, release_date, `rank`, image) VALUES (889, 8, 'Song Hr3BaprYUV', 406, 'R&B', '2016-10-08', 765, 'https://picsum.photos/id/211/200/200');
INSERT INTO SONGS (song_id, album_id, title, duration, genre, release_date, `rank`, image) VALUES (890, 59, 'Song ZuO57QJpKK', 251, 'Indie', '2019-04-27', 114, 'https://picsum.photos/id/267/200/200');
INSERT INTO SONGS (song_id, album_id, title, duration, genre, release_date, `rank`, image) VALUES (891, 19, 'Song 1dkn4lYJyi', 278, 'Indie', '2018-06-15', 281, 'https://picsum.photos/id/279/200/200');
INSERT INTO SONGS (song_id, album_id, title, duration, genre, release_date, `rank`, image) VALUES (892, 5, 'Song MTtAoja21a', 451, 'Classical', '2011-09-19', 150, 'https://picsum.photos/id/249/200/200');
INSERT INTO SONGS (song_id, album_id, title, duration, genre, release_date, `rank`, image) VALUES (893, 171, 'Song lbUUMwQCIY', 132, 'Classical', '2022-12-20', 402, 'https://picsum.photos/id/204/200/200');
INSERT INTO SONGS (song_id, album_id, title, duration, genre, release_date, `rank`, image) VALUES (894, 4, 'Song 5IKqVWxa7T', 399, 'Classical', '2014-07-21', 193, 'https://picsum.photos/id/264/200/200');
INSERT INTO SONGS (song_id, album_id, title, duration, genre, release_date, `rank`, image) VALUES (895, 156, 'Song B6NB9JT4BL', 432, 'Blues', '2022-08-24', 897, 'https://picsum.photos/id/244/200/200');
INSERT INTO SONGS (song_id, album_id, title, duration, genre, release_date, `rank`, image) VALUES (896, 199, 'Song 6pnYFbkR0t', 225, 'Indie', '2008-12-21', 917, 'https://picsum.photos/id/282/200/200');
INSERT INTO SONGS (song_id, album_id, title, duration, genre, release_date, `rank`, image) VALUES (897, 128, 'Song HuGqEc2uHp', 444, 'Metal', '2010-06-12', 406, 'https://picsum.photos/id/262/200/200');
INSERT INTO SONGS (song_id, album_id, title, duration, genre, release_date, `rank`, image) VALUES (898, 149, 'Song MxHXqyI3Ak', 125, 'R&B', '2013-01-31', 160, 'https://picsum.photos/id/231/200/200');
INSERT INTO SONGS (song_id, album_id, title, duration, genre, release_date, `rank`, image) VALUES (899, 86, 'Song 9FgykLhEHH', 366, 'Rock', '2018-07-19', 493, 'https://picsum.photos/id/267/200/200');
INSERT INTO SONGS (song_id, album_id, title, duration, genre, release_date, `rank`, image) VALUES (900, 182, 'Song OrT6HyuDx9', 168, 'R&B', '2010-05-14', 24, 'https://picsum.photos/id/231/200/200');
INSERT INTO SONGS (song_id, album_id, title, duration, genre, release_date, `rank`, image) VALUES (901, 151, 'Song qee3bK5ZXw', 423, 'Metal', '2018-04-15', 2, 'https://picsum.photos/id/231/200/200');
INSERT INTO SONGS (song_id, album_id, title, duration, genre, release_date, `rank`, image) VALUES (902, 128, 'Song wES96H2i5S', 126, 'Classical', '2016-07-08', 509, 'https://picsum.photos/id/262/200/200');
INSERT INTO SONGS (song_id, album_id, title, duration, genre, release_date, `rank`, image) VALUES (903, 185, 'Song Ueaox1cXpZ', 370, 'Folk', '2019-04-15', 732, 'https://picsum.photos/id/292/200/200');
INSERT INTO SONGS (song_id, album_id, title, duration, genre, release_date, `rank`, image) VALUES (904, 16, 'Song hvKjk2uh5I', 394, 'Hip Hop', '2011-04-14', 928, 'https://picsum.photos/id/252/200/200');
INSERT INTO SONGS (song_id, album_id, title, duration, genre, release_date, `rank`, image) VALUES (905, 182, 'Song E83TzWX4Ai', 239, 'Jazz', '2011-11-02', 672, 'https://picsum.photos/id/231/200/200');
INSERT INTO SONGS (song_id, album_id, title, duration, genre, release_date, `rank`, image) VALUES (906, 175, 'Song fWdpU907dI', 455, 'Reggae', '2008-02-04', 750, 'https://picsum.photos/id/219/200/200');
INSERT INTO SONGS (song_id, album_id, title, duration, genre, release_date, `rank`, image) VALUES (907, 117, 'Song NWuz918AGr', 189, 'Pop', '2019-11-20', 219, 'https://picsum.photos/id/206/200/200');
INSERT INTO SONGS (song_id, album_id, title, duration, genre, release_date, `rank`, image) VALUES (908, 155, 'Song XUn9v7c9Aq', 216, 'Pop', '2024-02-25', 359, 'https://picsum.photos/id/296/200/200');
INSERT INTO SONGS (song_id, album_id, title, duration, genre, release_date, `rank`, image) VALUES (909, 129, 'Song bUrRZ27M0Z', 315, 'Metal', '2010-05-24', 294, 'https://picsum.photos/id/251/200/200');
INSERT INTO SONGS (song_id, album_id, title, duration, genre, release_date, `rank`, image) VALUES (910, 63, 'Song Ry6cQ15nm5', 408, 'Classical', '2010-06-22', 860, 'https://picsum.photos/id/282/200/200');
INSERT INTO SONGS (song_id, album_id, title, duration, genre, release_date, `rank`, image) VALUES (911, 33, 'Song JkiarraTZS', 451, 'Alternative', '2010-02-05', 954, 'https://picsum.photos/id/209/200/200');
INSERT INTO SONGS (song_id, album_id, title, duration, genre, release_date, `rank`, image) VALUES (912, 198, 'Song EIi0BcjatB', 437, 'Jazz', '2017-11-29', 663, 'https://picsum.photos/id/284/200/200');
INSERT INTO SONGS (song_id, album_id, title, duration, genre, release_date, `rank`, image) VALUES (913, 78, 'Song gbdH8orlXI', 214, 'Hip Hop', '2017-07-20', 481, 'https://picsum.photos/id/266/200/200');
INSERT INTO SONGS (song_id, album_id, title, duration, genre, release_date, `rank`, image) VALUES (914, 31, 'Song 8hJ9ZK3L4Z', 297, 'Classical', '2017-12-23', 268, 'https://picsum.photos/id/262/200/200');
INSERT INTO SONGS (song_id, album_id, title, duration, genre, release_date, `rank`, image) VALUES (915, 55, 'Song uwC4XNvqpZ', 453, 'Rock', '2009-05-08', 804, 'https://picsum.photos/id/281/200/200');
INSERT INTO SONGS (song_id, album_id, title, duration, genre, release_date, `rank`, image) VALUES (916, 122, 'Song HzVd6y8CQq', 143, 'Reggae', '2009-10-01', 977, 'https://picsum.photos/id/224/200/200');
INSERT INTO SONGS (song_id, album_id, title, duration, genre, release_date, `rank`, image) VALUES (917, 66, 'Song 4RK9At0nIO', 259, 'Blues', '2014-08-31', 759, 'https://picsum.photos/id/204/200/200');
INSERT INTO SONGS (song_id, album_id, title, duration, genre, release_date, `rank`, image) VALUES (918, 196, 'Song 2XcnZ0xIjQ', 457, 'Classical', '2022-07-21', 52, 'https://picsum.photos/id/282/200/200');
INSERT INTO SONGS (song_id, album_id, title, duration, genre, release_date, `rank`, image) VALUES (919, 52, 'Song TZZAXT4b8a', 136, 'Reggae', '2019-03-21', 244, 'https://picsum.photos/id/222/200/200');
INSERT INTO SONGS (song_id, album_id, title, duration, genre, release_date, `rank`, image) VALUES (920, 38, 'Song A5H4eMU4yu', 437, 'Rock', '2016-05-02', 612, 'https://picsum.photos/id/255/200/200');
INSERT INTO SONGS (song_id, album_id, title, duration, genre, release_date, `rank`, image) VALUES (921, 88, 'Song PVeObRCZzm', 259, 'Hip Hop', '2020-05-23', 869, 'https://picsum.photos/id/258/200/200');
INSERT INTO SONGS (song_id, album_id, title, duration, genre, release_date, `rank`, image) VALUES (922, 87, 'Song 8AxN05UGXb', 296, 'Country', '2011-05-15', 597, 'https://picsum.photos/id/234/200/200');
INSERT INTO SONGS (song_id, album_id, title, duration, genre, release_date, `rank`, image) VALUES (923, 34, 'Song sxqQpsHaYH', 331, 'Pop', '2015-05-23', 897, 'https://picsum.photos/id/277/200/200');
INSERT INTO SONGS (song_id, album_id, title, duration, genre, release_date, `rank`, image) VALUES (924, 126, 'Song Yqo5Khkq24', 279, 'Electronic', '2016-05-02', 463, 'https://picsum.photos/id/274/200/200');
INSERT INTO SONGS (song_id, album_id, title, duration, genre, release_date, `rank`, image) VALUES (925, 195, 'Song slzttEUNOL', 248, 'Blues', '2023-03-03', 511, 'https://picsum.photos/id/296/200/200');
INSERT INTO SONGS (song_id, album_id, title, duration, genre, release_date, `rank`, image) VALUES (926, 104, 'Song gL32rqk8hk', 285, 'Hip Hop', '2019-04-07', 170, 'https://picsum.photos/id/275/200/200');
INSERT INTO SONGS (song_id, album_id, title, duration, genre, release_date, `rank`, image) VALUES (927, 10, 'Song iIMrFsrQF4', 357, 'Folk', '2016-07-16', 693, 'https://picsum.photos/id/220/200/200');
INSERT INTO SONGS (song_id, album_id, title, duration, genre, release_date, `rank`, image) VALUES (928, 25, 'Song lpurRW7RNQ', 175, 'R&B', '2022-02-19', 450, 'https://picsum.photos/id/236/200/200');
INSERT INTO SONGS (song_id, album_id, title, duration, genre, release_date, `rank`, image) VALUES (929, 28, 'Song 5y1mi7ayxP', 303, 'Dance', '2015-01-13', 289, 'https://picsum.photos/id/226/200/200');
INSERT INTO SONGS (song_id, album_id, title, duration, genre, release_date, `rank`, image) VALUES (930, 30, 'Song p7BqXoFuWV', 351, 'Pop', '2019-01-11', 726, 'https://picsum.photos/id/280/200/200');
INSERT INTO SONGS (song_id, album_id, title, duration, genre, release_date, `rank`, image) VALUES (931, 74, 'Song NM2ZTkNXUd', 289, 'Country', '2012-11-14', 32, 'https://picsum.photos/id/215/200/200');
INSERT INTO SONGS (song_id, album_id, title, duration, genre, release_date, `rank`, image) VALUES (932, 132, 'Song exoTYHTBhG', 206, 'Pop', '2014-04-21', 710, 'https://picsum.photos/id/205/200/200');
INSERT INTO SONGS (song_id, album_id, title, duration, genre, release_date, `rank`, image) VALUES (933, 42, 'Song kQFbRPH1Pe', 436, 'R&B', '2020-03-04', 734, 'https://picsum.photos/id/263/200/200');
INSERT INTO SONGS (song_id, album_id, title, duration, genre, release_date, `rank`, image) VALUES (934, 84, 'Song 6qtphCLwJN', 159, 'Electronic', '2019-01-16', 287, 'https://picsum.photos/id/282/200/200');
INSERT INTO SONGS (song_id, album_id, title, duration, genre, release_date, `rank`, image) VALUES (935, 199, 'Song jvFGtud4ol', 188, 'Blues', '2023-07-31', 902, 'https://picsum.photos/id/282/200/200');
INSERT INTO SONGS (song_id, album_id, title, duration, genre, release_date, `rank`, image) VALUES (936, 156, 'Song yUwMGI5SZv', 253, 'Electronic', '2016-08-13', 327, 'https://picsum.photos/id/244/200/200');
INSERT INTO SONGS (song_id, album_id, title, duration, genre, release_date, `rank`, image) VALUES (937, 30, 'Song VN7dEHXDAE', 222, 'R&B', '2020-11-19', 153, 'https://picsum.photos/id/280/200/200');
INSERT INTO SONGS (song_id, album_id, title, duration, genre, release_date, `rank`, image) VALUES (938, 91, 'Song yf0StLlY0P', 146, 'Reggae', '2013-05-24', 79, 'https://picsum.photos/id/235/200/200');
INSERT INTO SONGS (song_id, album_id, title, duration, genre, release_date, `rank`, image) VALUES (939, 185, 'Song jRf5XJSzVT', 300, 'Metal', '2010-08-06', 90, 'https://picsum.photos/id/292/200/200');
INSERT INTO SONGS (song_id, album_id, title, duration, genre, release_date, `rank`, image) VALUES (940, 17, 'Song DBSDrHGrlQ', 387, 'R&B', '2012-03-05', 536, 'https://picsum.photos/id/221/200/200');
INSERT INTO SONGS (song_id, album_id, title, duration, genre, release_date, `rank`, image) VALUES (941, 141, 'Song ee7wx3SFid', 307, 'Jazz', '2021-08-08', 766, 'https://picsum.photos/id/245/200/200');
INSERT INTO SONGS (song_id, album_id, title, duration, genre, release_date, `rank`, image) VALUES (942, 94, 'Song O52EUimFoU', 329, 'Rock', '2021-03-17', 237, 'https://picsum.photos/id/226/200/200');
INSERT INTO SONGS (song_id, album_id, title, duration, genre, release_date, `rank`, image) VALUES (943, 82, 'Song 4FLNJ3zzSk', 227, 'Dance', '2013-03-01', 928, 'https://picsum.photos/id/229/200/200');
INSERT INTO SONGS (song_id, album_id, title, duration, genre, release_date, `rank`, image) VALUES (944, 199, 'Song edFYGT6woQ', 264, 'Folk', '2012-02-01', 891, 'https://picsum.photos/id/282/200/200');
INSERT INTO SONGS (song_id, album_id, title, duration, genre, release_date, `rank`, image) VALUES (945, 39, 'Song juaJwmmDYs', 426, 'Reggae', '2018-07-03', 867, 'https://picsum.photos/id/262/200/200');
INSERT INTO SONGS (song_id, album_id, title, duration, genre, release_date, `rank`, image) VALUES (946, 38, 'Song d9dGyM6Unt', 324, 'Alternative', '2013-08-28', 927, 'https://picsum.photos/id/255/200/200');
INSERT INTO SONGS (song_id, album_id, title, duration, genre, release_date, `rank`, image) VALUES (947, 170, 'Song 8AkXIS3PVG', 394, 'R&B', '2015-06-25', 391, 'https://picsum.photos/id/247/200/200');
INSERT INTO SONGS (song_id, album_id, title, duration, genre, release_date, `rank`, image) VALUES (948, 103, 'Song TKW88W0yI9', 174, 'Folk', '2024-02-12', 292, 'https://picsum.photos/id/251/200/200');
INSERT INTO SONGS (song_id, album_id, title, duration, genre, release_date, `rank`, image) VALUES (949, 21, 'Song PbJ3ucSPp8', 302, 'R&B', '2009-02-14', 861, 'https://picsum.photos/id/298/200/200');
INSERT INTO SONGS (song_id, album_id, title, duration, genre, release_date, `rank`, image) VALUES (950, 138, 'Song HqeVLp7xd6', 398, 'Metal', '2021-04-24', 483, 'https://picsum.photos/id/228/200/200');
INSERT INTO SONGS (song_id, album_id, title, duration, genre, release_date, `rank`, image) VALUES (951, 179, 'Song zlArn7vsqp', 270, 'Folk', '2016-10-10', 51, 'https://picsum.photos/id/217/200/200');
INSERT INTO SONGS (song_id, album_id, title, duration, genre, release_date, `rank`, image) VALUES (952, 196, 'Song sYXSoQDKNI', 166, 'Folk', '2012-08-01', 519, 'https://picsum.photos/id/282/200/200');
INSERT INTO SONGS (song_id, album_id, title, duration, genre, release_date, `rank`, image) VALUES (953, 33, 'Song I9W6urkxdQ', 411, 'Reggae', '2010-03-24', 425, 'https://picsum.photos/id/209/200/200');
INSERT INTO SONGS (song_id, album_id, title, duration, genre, release_date, `rank`, image) VALUES (954, 187, 'Song Xlo7CEB1i3', 186, 'Alternative', '2017-02-24', 991, 'https://picsum.photos/id/214/200/200');
INSERT INTO SONGS (song_id, album_id, title, duration, genre, release_date, `rank`, image) VALUES (955, 168, 'Song cjwcNGiqIZ', 131, 'Dance', '2024-01-28', 952, 'https://picsum.photos/id/281/200/200');
INSERT INTO SONGS (song_id, album_id, title, duration, genre, release_date, `rank`, image) VALUES (956, 159, 'Song EXEraSCxFB', 154, 'Dance', '2013-09-17', 256, 'https://picsum.photos/id/262/200/200');
INSERT INTO SONGS (song_id, album_id, title, duration, genre, release_date, `rank`, image) VALUES (957, 131, 'Song vPXc3dP7cQ', 199, 'Rock', '2021-06-11', 126, 'https://picsum.photos/id/206/200/200');
INSERT INTO SONGS (song_id, album_id, title, duration, genre, release_date, `rank`, image) VALUES (958, 67, 'Song zfZ4S9QHoJ', 197, 'Dance', '2011-12-09', 376, 'https://picsum.photos/id/230/200/200');
INSERT INTO SONGS (song_id, album_id, title, duration, genre, release_date, `rank`, image) VALUES (959, 161, 'Song 54WQgeQLNg', 194, 'Rock', '2010-05-24', 465, 'https://picsum.photos/id/232/200/200');
INSERT INTO SONGS (song_id, album_id, title, duration, genre, release_date, `rank`, image) VALUES (960, 20, 'Song QVnrSWxU0Q', 183, 'Rock', '2013-03-19', 903, 'https://picsum.photos/id/298/200/200');
INSERT INTO SONGS (song_id, album_id, title, duration, genre, release_date, `rank`, image) VALUES (961, 155, 'Song I6cuhR0YdY', 353, 'Alternative', '2014-07-10', 281, 'https://picsum.photos/id/296/200/200');
INSERT INTO SONGS (song_id, album_id, title, duration, genre, release_date, `rank`, image) VALUES (962, 92, 'Song 9R0igadJ8d', 384, 'R&B', '2011-03-19', 686, 'https://picsum.photos/id/262/200/200');
INSERT INTO SONGS (song_id, album_id, title, duration, genre, release_date, `rank`, image) VALUES (963, 198, 'Song kZW40gtknM', 241, 'Hip Hop', '2016-04-04', 747, 'https://picsum.photos/id/284/200/200');
INSERT INTO SONGS (song_id, album_id, title, duration, genre, release_date, `rank`, image) VALUES (964, 152, 'Song QrBshd7vo4', 367, 'Alternative', '2014-03-01', 826, 'https://picsum.photos/id/282/200/200');
INSERT INTO SONGS (song_id, album_id, title, duration, genre, release_date, `rank`, image) VALUES (965, 19, 'Song uYoAcn6HAX', 331, 'Hip Hop', '2008-08-22', 67, 'https://picsum.photos/id/279/200/200');
INSERT INTO SONGS (song_id, album_id, title, duration, genre, release_date, `rank`, image) VALUES (966, 173, 'Song CstXOqpjai', 205, 'Pop', '2009-09-18', 610, 'https://picsum.photos/id/287/200/200');
INSERT INTO SONGS (song_id, album_id, title, duration, genre, release_date, `rank`, image) VALUES (967, 172, 'Song BiXl79MAx0', 133, 'Alternative', '2022-07-07', 229, 'https://picsum.photos/id/300/200/200');
INSERT INTO SONGS (song_id, album_id, title, duration, genre, release_date, `rank`, image) VALUES (968, 186, 'Song 9L0neqs1bc', 134, 'Folk', '2020-02-28', 471, 'https://picsum.photos/id/262/200/200');
INSERT INTO SONGS (song_id, album_id, title, duration, genre, release_date, `rank`, image) VALUES (969, 103, 'Song AsDt06S5ol', 268, 'Country', '2018-04-20', 801, 'https://picsum.photos/id/251/200/200');
INSERT INTO SONGS (song_id, album_id, title, duration, genre, release_date, `rank`, image) VALUES (970, 159, 'Song nD6aSOe6w1', 330, 'Alternative', '2008-11-14', 18, 'https://picsum.photos/id/262/200/200');
INSERT INTO SONGS (song_id, album_id, title, duration, genre, release_date, `rank`, image) VALUES (971, 132, 'Song bxCdEnYuxM', 408, 'Electronic', '2012-10-23', 761, 'https://picsum.photos/id/205/200/200');
INSERT INTO SONGS (song_id, album_id, title, duration, genre, release_date, `rank`, image) VALUES (972, 175, 'Song FDmhuFJsPh', 338, 'Electronic', '2013-10-20', 785, 'https://picsum.photos/id/219/200/200');
INSERT INTO SONGS (song_id, album_id, title, duration, genre, release_date, `rank`, image) VALUES (973, 164, 'Song NcoFubWMGX', 156, 'Metal', '2009-07-06', 824, 'https://picsum.photos/id/205/200/200');
INSERT INTO SONGS (song_id, album_id, title, duration, genre, release_date, `rank`, image) VALUES (974, 172, 'Song GOxsMDwAZ5', 173, 'Electronic', '2010-11-11', 762, 'https://picsum.photos/id/300/200/200');
INSERT INTO SONGS (song_id, album_id, title, duration, genre, release_date, `rank`, image) VALUES (975, 47, 'Song WR99Ae91ZN', 259, 'Electronic', '2021-06-26', 100, 'https://picsum.photos/id/202/200/200');
INSERT INTO SONGS (song_id, album_id, title, duration, genre, release_date, `rank`, image) VALUES (976, 132, 'Song yTnKEGByvD', 408, 'Folk', '2009-10-13', 364, 'https://picsum.photos/id/205/200/200');
INSERT INTO SONGS (song_id, album_id, title, duration, genre, release_date, `rank`, image) VALUES (977, 101, 'Song SUgIPksfBY', 279, 'Reggae', '2017-04-25', 598, 'https://picsum.photos/id/285/200/200');
INSERT INTO SONGS (song_id, album_id, title, duration, genre, release_date, `rank`, image) VALUES (978, 108, 'Song ERjqKpSmda', 372, 'Pop', '2015-12-11', 430, 'https://picsum.photos/id/222/200/200');
INSERT INTO SONGS (song_id, album_id, title, duration, genre, release_date, `rank`, image) VALUES (979, 83, 'Song Q53K2TQihY', 344, 'Dance', '2012-12-15', 663, 'https://picsum.photos/id/232/200/200');
INSERT INTO SONGS (song_id, album_id, title, duration, genre, release_date, `rank`, image) VALUES (980, 51, 'Song J7DCKiST0o', 260, 'Dance', '2013-12-12', 724, 'https://picsum.photos/id/202/200/200');
INSERT INTO SONGS (song_id, album_id, title, duration, genre, release_date, `rank`, image) VALUES (981, 165, 'Song WjnhlveZ2N', 449, 'Folk', '2012-02-27', 234, 'https://picsum.photos/id/203/200/200');
INSERT INTO SONGS (song_id, album_id, title, duration, genre, release_date, `rank`, image) VALUES (982, 69, 'Song kvhrUHdmJm', 331, 'Hip Hop', '2018-10-01', 82, 'https://picsum.photos/id/260/200/200');
INSERT INTO SONGS (song_id, album_id, title, duration, genre, release_date, `rank`, image) VALUES (983, 83, 'Song fZbGD6zwpX', 343, 'Alternative', '2008-10-03', 18, 'https://picsum.photos/id/232/200/200');
INSERT INTO SONGS (song_id, album_id, title, duration, genre, release_date, `rank`, image) VALUES (984, 165, 'Song adwgxACk5m', 295, 'Dance', '2023-10-24', 582, 'https://picsum.photos/id/203/200/200');
INSERT INTO SONGS (song_id, album_id, title, duration, genre, release_date, `rank`, image) VALUES (985, 1, 'Song 8xi31Ze0F9', 410, 'Folk', '2015-12-07', 689, 'https://picsum.photos/id/269/200/200');
INSERT INTO SONGS (song_id, album_id, title, duration, genre, release_date, `rank`, image) VALUES (986, 79, 'Song uUNDGLBUn9', 364, 'Blues', '2011-01-08', 981, 'https://picsum.photos/id/239/200/200');
INSERT INTO SONGS (song_id, album_id, title, duration, genre, release_date, `rank`, image) VALUES (987, 110, 'Song lBt37spiFM', 178, 'Metal', '2014-12-28', 871, 'https://picsum.photos/id/245/200/200');
INSERT INTO SONGS (song_id, album_id, title, duration, genre, release_date, `rank`, image) VALUES (988, 172, 'Song Yu9mRaRHjz', 392, 'Reggae', '2021-03-16', 994, 'https://picsum.photos/id/300/200/200');
INSERT INTO SONGS (song_id, album_id, title, duration, genre, release_date, `rank`, image) VALUES (989, 101, 'Song dT6UJi2Yme', 139, 'Reggae', '2020-12-14', 621, 'https://picsum.photos/id/285/200/200');
INSERT INTO SONGS (song_id, album_id, title, duration, genre, release_date, `rank`, image) VALUES (990, 150, 'Song vF0DgILAf2', 149, 'R&B', '2014-10-22', 606, 'https://picsum.photos/id/242/200/200');
INSERT INTO SONGS (song_id, album_id, title, duration, genre, release_date, `rank`, image) VALUES (991, 59, 'Song CGPI8HUMFg', 152, 'Dance', '2014-05-24', 988, 'https://picsum.photos/id/267/200/200');
INSERT INTO SONGS (song_id, album_id, title, duration, genre, release_date, `rank`, image) VALUES (992, 158, 'Song GBzXlZKMWM', 436, 'Folk', '2017-04-02', 411, 'https://picsum.photos/id/266/200/200');
INSERT INTO SONGS (song_id, album_id, title, duration, genre, release_date, `rank`, image) VALUES (993, 31, 'Song GOT4XxGBDt', 393, 'Blues', '2016-06-25', 385, 'https://picsum.photos/id/262/200/200');
INSERT INTO SONGS (song_id, album_id, title, duration, genre, release_date, `rank`, image) VALUES (994, 99, 'Song 2oAc74ydIY', 359, 'Dance', '2014-05-06', 434, 'https://picsum.photos/id/253/200/200');
INSERT INTO SONGS (song_id, album_id, title, duration, genre, release_date, `rank`, image) VALUES (995, 124, 'Song H7RXfEXvTv', 316, 'Metal', '2011-02-05', 719, 'https://picsum.photos/id/269/200/200');
INSERT INTO SONGS (song_id, album_id, title, duration, genre, release_date, `rank`, image) VALUES (996, 26, 'Song A9ljxbGjiZ', 179, 'Rock', '2013-03-03', 400, 'https://picsum.photos/id/260/200/200');
INSERT INTO SONGS (song_id, album_id, title, duration, genre, release_date, `rank`, image) VALUES (997, 59, 'Song up4elUTLi9', 440, 'R&B', '2008-03-01', 832, 'https://picsum.photos/id/267/200/200');
INSERT INTO SONGS (song_id, album_id, title, duration, genre, release_date, `rank`, image) VALUES (998, 147, 'Song xaPSRJclxF', 425, 'Folk', '2019-08-29', 66, 'https://picsum.photos/id/271/200/200');
INSERT INTO SONGS (song_id, album_id, title, duration, genre, release_date, `rank`, image) VALUES (999, 200, 'Song lksmw1Jk2u', 479, 'Classical', '2012-03-03', 43, 'https://picsum.photos/id/207/200/200');
INSERT INTO SONGS (song_id, album_id, title, duration, genre, release_date, `rank`, image) VALUES (1000, 23, 'Song 2zWZWstGmz', 466, 'Metal', '2014-08-02', 603, 'https://picsum.photos/id/272/200/200');

-- PLAYLISTS Data --
INSERT INTO PLAYLISTS (playlist_id, user_id, title, description, date_created, image) VALUES (1, 54, 'My Alternative Playlist 88', 'A collection of Jazz tunes.', '2021-07-13', 'https://picsum.photos/id/392/180/180');
INSERT INTO PLAYLISTS (playlist_id, user_id, title, description, date_created, image) VALUES (2, 90, 'My Blues Playlist 73', 'A collection of Reggae tunes.', '2023-04-12', 'https://picsum.photos/id/376/180/180');
INSERT INTO PLAYLISTS (playlist_id, user_id, title, description, date_created, image) VALUES (3, 70, 'My Alternative Playlist 80', 'A collection of Rock tunes.', '2022-09-10', 'https://picsum.photos/id/333/180/180');
INSERT INTO PLAYLISTS (playlist_id, user_id, title, description, date_created, image) VALUES (4, 79, 'My Alternative Playlist 99', 'A collection of Alternative tunes.', '2020-01-21', 'https://picsum.photos/id/368/180/180');
INSERT INTO PLAYLISTS (playlist_id, user_id, title, description, date_created, image) VALUES (5, 28, 'My Indie Playlist 21', 'A collection of Folk tunes.', '2022-12-29', 'https://picsum.photos/id/348/180/180');
INSERT INTO PLAYLISTS (playlist_id, user_id, title, description, date_created, image) VALUES (6, 3, 'My Metal Playlist 9', 'A collection of Blues tunes.', '2021-10-15', 'https://picsum.photos/id/387/180/180');
INSERT INTO PLAYLISTS (playlist_id, user_id, title, description, date_created, image) VALUES (7, 91, 'My Classical Playlist 57', 'A collection of Country tunes.', '2023-07-01', 'https://picsum.photos/id/383/180/180');
INSERT INTO PLAYLISTS (playlist_id, user_id, title, description, date_created, image) VALUES (8, 46, 'My Folk Playlist 42', 'A collection of R&B tunes.', '2021-05-22', 'https://picsum.photos/id/310/180/180');
INSERT INTO PLAYLISTS (playlist_id, user_id, title, description, date_created, image) VALUES (9, 11, 'My Pop Playlist 95', 'A collection of Alternative tunes.', '2023-08-25', 'https://picsum.photos/id/318/180/180');
INSERT INTO PLAYLISTS (playlist_id, user_id, title, description, date_created, image) VALUES (10, 45, 'My Country Playlist 30', 'A collection of Indie tunes.', '2023-02-25', 'https://picsum.photos/id/369/180/180');
INSERT INTO PLAYLISTS (playlist_id, user_id, title, description, date_created, image) VALUES (11, 88, 'My Hip Hop Playlist 2', 'A collection of Folk tunes.', '2023-02-25', 'https://picsum.photos/id/305/180/180');
INSERT INTO PLAYLISTS (playlist_id, user_id, title, description, date_created, image) VALUES (12, 19, 'My Dance Playlist 75', 'A collection of Rock tunes.', '2022-10-09', 'https://picsum.photos/id/361/180/180');
INSERT INTO PLAYLISTS (playlist_id, user_id, title, description, date_created, image) VALUES (13, 40, 'My Jazz Playlist 79', 'A collection of Rock tunes.', '2021-07-17', 'https://picsum.photos/id/380/180/180');
INSERT INTO PLAYLISTS (playlist_id, user_id, title, description, date_created, image) VALUES (14, 82, 'My R&B Playlist 33', 'A collection of Alternative tunes.', '2022-05-03', 'https://picsum.photos/id/365/180/180');
INSERT INTO PLAYLISTS (playlist_id, user_id, title, description, date_created, image) VALUES (15, 98, 'My Alternative Playlist 33', 'A collection of Alternative tunes.', '2022-08-16', 'https://picsum.photos/id/355/180/180');
INSERT INTO PLAYLISTS (playlist_id, user_id, title, description, date_created, image) VALUES (16, 66, 'My Jazz Playlist 29', 'A collection of Folk tunes.', '2020-09-19', 'https://picsum.photos/id/360/180/180');
INSERT INTO PLAYLISTS (playlist_id, user_id, title, description, date_created, image) VALUES (17, 5, 'My Blues Playlist 4', 'A collection of Indie tunes.', '2024-05-05', 'https://picsum.photos/id/390/180/180');
INSERT INTO PLAYLISTS (playlist_id, user_id, title, description, date_created, image) VALUES (18, 58, 'My Dance Playlist 44', 'A collection of Blues tunes.', '2023-10-25', 'https://picsum.photos/id/322/180/180');
INSERT INTO PLAYLISTS (playlist_id, user_id, title, description, date_created, image) VALUES (19, 50, 'My Electronic Playlist 90', 'A collection of R&B tunes.', '2021-07-22', 'https://picsum.photos/id/309/180/180');
INSERT INTO PLAYLISTS (playlist_id, user_id, title, description, date_created, image) VALUES (20, 19, 'My Dance Playlist 75', 'A collection of Classical tunes.', '2021-12-21', 'https://picsum.photos/id/359/180/180');
INSERT INTO PLAYLISTS (playlist_id, user_id, title, description, date_created, image) VALUES (21, 4, 'My Folk Playlist 15', 'A collection of Dance tunes.', '2024-05-06', 'https://picsum.photos/id/316/180/180');
INSERT INTO PLAYLISTS (playlist_id, user_id, title, description, date_created, image) VALUES (22, 92, 'My Jazz Playlist 3', 'A collection of Jazz tunes.', '2024-03-22', 'https://picsum.photos/id/386/180/180');
INSERT INTO PLAYLISTS (playlist_id, user_id, title, description, date_created, image) VALUES (23, 88, 'My Hip Hop Playlist 52', 'A collection of Electronic tunes.', '2021-04-06', 'https://picsum.photos/id/353/180/180');
INSERT INTO PLAYLISTS (playlist_id, user_id, title, description, date_created, image) VALUES (24, 61, 'My Classical Playlist 34', 'A collection of Blues tunes.', '2020-08-18', 'https://picsum.photos/id/307/180/180');
INSERT INTO PLAYLISTS (playlist_id, user_id, title, description, date_created, image) VALUES (25, 4, 'My Country Playlist 29', 'A collection of Classical tunes.', '2024-04-02', 'https://picsum.photos/id/367/180/180');
INSERT INTO PLAYLISTS (playlist_id, user_id, title, description, date_created, image) VALUES (26, 26, 'My Classical Playlist 88', 'A collection of Hip Hop tunes.', '2020-05-10', 'https://picsum.photos/id/348/180/180');
INSERT INTO PLAYLISTS (playlist_id, user_id, title, description, date_created, image) VALUES (27, 58, 'My Reggae Playlist 9', 'A collection of Folk tunes.', '2021-10-01', 'https://picsum.photos/id/386/180/180');
INSERT INTO PLAYLISTS (playlist_id, user_id, title, description, date_created, image) VALUES (28, 23, 'My Rock Playlist 83', 'A collection of Jazz tunes.', '2021-05-15', 'https://picsum.photos/id/398/180/180');
INSERT INTO PLAYLISTS (playlist_id, user_id, title, description, date_created, image) VALUES (29, 54, 'My Folk Playlist 92', 'A collection of Blues tunes.', '2021-12-24', 'https://picsum.photos/id/318/180/180');
INSERT INTO PLAYLISTS (playlist_id, user_id, title, description, date_created, image) VALUES (30, 74, 'My Hip Hop Playlist 51', 'A collection of Metal tunes.', '2020-11-09', 'https://picsum.photos/id/389/180/180');
INSERT INTO PLAYLISTS (playlist_id, user_id, title, description, date_created, image) VALUES (31, 29, 'My Hip Hop Playlist 84', 'A collection of Reggae tunes.', '2020-12-04', 'https://picsum.photos/id/358/180/180');
INSERT INTO PLAYLISTS (playlist_id, user_id, title, description, date_created, image) VALUES (32, 34, 'My Hip Hop Playlist 5', 'A collection of Blues tunes.', '2021-01-30', 'https://picsum.photos/id/379/180/180');
INSERT INTO PLAYLISTS (playlist_id, user_id, title, description, date_created, image) VALUES (33, 83, 'My Pop Playlist 85', 'A collection of Alternative tunes.', '2022-09-19', 'https://picsum.photos/id/343/180/180');
INSERT INTO PLAYLISTS (playlist_id, user_id, title, description, date_created, image) VALUES (34, 80, 'My Alternative Playlist 69', 'A collection of Metal tunes.', '2020-03-15', 'https://picsum.photos/id/365/180/180');
INSERT INTO PLAYLISTS (playlist_id, user_id, title, description, date_created, image) VALUES (35, 89, 'My Alternative Playlist 40', 'A collection of Country tunes.', '2021-10-10', 'https://picsum.photos/id/319/180/180');
INSERT INTO PLAYLISTS (playlist_id, user_id, title, description, date_created, image) VALUES (36, 84, 'My Electronic Playlist 49', 'A collection of Indie tunes.', '2023-04-17', 'https://picsum.photos/id/384/180/180');
INSERT INTO PLAYLISTS (playlist_id, user_id, title, description, date_created, image) VALUES (37, 1, 'My Pop Playlist 88', 'A collection of Dance tunes.', '2021-01-19', 'https://picsum.photos/id/324/180/180');
INSERT INTO PLAYLISTS (playlist_id, user_id, title, description, date_created, image) VALUES (38, 41, 'My Indie Playlist 60', 'A collection of R&B tunes.', '2022-08-31', 'https://picsum.photos/id/306/180/180');
INSERT INTO PLAYLISTS (playlist_id, user_id, title, description, date_created, image) VALUES (39, 86, 'My Country Playlist 24', 'A collection of Pop tunes.', '2023-12-08', 'https://picsum.photos/id/344/180/180');
INSERT INTO PLAYLISTS (playlist_id, user_id, title, description, date_created, image) VALUES (40, 68, 'My R&B Playlist 26', 'A collection of Country tunes.', '2020-01-06', 'https://picsum.photos/id/332/180/180');
INSERT INTO PLAYLISTS (playlist_id, user_id, title, description, date_created, image) VALUES (41, 77, 'My R&B Playlist 13', 'A collection of Folk tunes.', '2021-09-23', 'https://picsum.photos/id/312/180/180');
INSERT INTO PLAYLISTS (playlist_id, user_id, title, description, date_created, image) VALUES (42, 27, 'My Jazz Playlist 99', 'A collection of Indie tunes.', '2022-03-18', 'https://picsum.photos/id/339/180/180');
INSERT INTO PLAYLISTS (playlist_id, user_id, title, description, date_created, image) VALUES (43, 13, 'My Reggae Playlist 98', 'A collection of Pop tunes.', '2022-07-08', 'https://picsum.photos/id/342/180/180');
INSERT INTO PLAYLISTS (playlist_id, user_id, title, description, date_created, image) VALUES (44, 63, 'My Blues Playlist 10', 'A collection of Electronic tunes.', '2024-03-20', 'https://picsum.photos/id/370/180/180');
INSERT INTO PLAYLISTS (playlist_id, user_id, title, description, date_created, image) VALUES (45, 64, 'My Classical Playlist 73', 'A collection of Blues tunes.', '2021-01-14', 'https://picsum.photos/id/353/180/180');
INSERT INTO PLAYLISTS (playlist_id, user_id, title, description, date_created, image) VALUES (46, 43, 'My R&B Playlist 91', 'A collection of Pop tunes.', '2024-03-09', 'https://picsum.photos/id/317/180/180');
INSERT INTO PLAYLISTS (playlist_id, user_id, title, description, date_created, image) VALUES (47, 77, 'My Alternative Playlist 71', 'A collection of Country tunes.', '2021-10-10', 'https://picsum.photos/id/306/180/180');
INSERT INTO PLAYLISTS (playlist_id, user_id, title, description, date_created, image) VALUES (48, 35, 'My Alternative Playlist 98', 'A collection of Reggae tunes.', '2022-09-21', 'https://picsum.photos/id/357/180/180');
INSERT INTO PLAYLISTS (playlist_id, user_id, title, description, date_created, image) VALUES (49, 67, 'My Classical Playlist 20', 'A collection of Electronic tunes.', '2021-01-06', 'https://picsum.photos/id/368/180/180');
INSERT INTO PLAYLISTS (playlist_id, user_id, title, description, date_created, image) VALUES (50, 54, 'My Pop Playlist 31', 'A collection of Pop tunes.', '2021-08-27', 'https://picsum.photos/id/358/180/180');
INSERT INTO PLAYLISTS (playlist_id, user_id, title, description, date_created, image) VALUES (51, 16, 'My Pop Playlist 35', 'A collection of Dance tunes.', '2021-10-17', 'https://picsum.photos/id/329/180/180');
INSERT INTO PLAYLISTS (playlist_id, user_id, title, description, date_created, image) VALUES (52, 9, 'My Blues Playlist 36', 'A collection of Country tunes.', '2024-05-10', 'https://picsum.photos/id/305/180/180');
INSERT INTO PLAYLISTS (playlist_id, user_id, title, description, date_created, image) VALUES (53, 23, 'My Dance Playlist 16', 'A collection of Hip Hop tunes.', '2020-09-01', 'https://picsum.photos/id/384/180/180');
INSERT INTO PLAYLISTS (playlist_id, user_id, title, description, date_created, image) VALUES (54, 26, 'My Dance Playlist 97', 'A collection of Classical tunes.', '2020-08-09', 'https://picsum.photos/id/363/180/180');
INSERT INTO PLAYLISTS (playlist_id, user_id, title, description, date_created, image) VALUES (55, 57, 'My Blues Playlist 1', 'A collection of Dance tunes.', '2021-12-14', 'https://picsum.photos/id/381/180/180');
INSERT INTO PLAYLISTS (playlist_id, user_id, title, description, date_created, image) VALUES (56, 55, 'My Jazz Playlist 91', 'A collection of R&B tunes.', '2024-04-12', 'https://picsum.photos/id/306/180/180');
INSERT INTO PLAYLISTS (playlist_id, user_id, title, description, date_created, image) VALUES (57, 89, 'My Country Playlist 55', 'A collection of Reggae tunes.', '2022-03-03', 'https://picsum.photos/id/352/180/180');
INSERT INTO PLAYLISTS (playlist_id, user_id, title, description, date_created, image) VALUES (58, 57, 'My Blues Playlist 3', 'A collection of Country tunes.', '2023-06-06', 'https://picsum.photos/id/317/180/180');
INSERT INTO PLAYLISTS (playlist_id, user_id, title, description, date_created, image) VALUES (59, 70, 'My Blues Playlist 81', 'A collection of Jazz tunes.', '2023-09-03', 'https://picsum.photos/id/389/180/180');
INSERT INTO PLAYLISTS (playlist_id, user_id, title, description, date_created, image) VALUES (60, 16, 'My Country Playlist 21', 'A collection of Country tunes.', '2023-10-27', 'https://picsum.photos/id/396/180/180');
INSERT INTO PLAYLISTS (playlist_id, user_id, title, description, date_created, image) VALUES (61, 29, 'My Hip Hop Playlist 66', 'A collection of Classical tunes.', '2020-06-15', 'https://picsum.photos/id/307/180/180');
INSERT INTO PLAYLISTS (playlist_id, user_id, title, description, date_created, image) VALUES (62, 55, 'My Rock Playlist 33', 'A collection of Country tunes.', '2022-01-04', 'https://picsum.photos/id/399/180/180');
INSERT INTO PLAYLISTS (playlist_id, user_id, title, description, date_created, image) VALUES (63, 29, 'My Classical Playlist 41', 'A collection of Classical tunes.', '2020-05-06', 'https://picsum.photos/id/372/180/180');
INSERT INTO PLAYLISTS (playlist_id, user_id, title, description, date_created, image) VALUES (64, 6, 'My Country Playlist 100', 'A collection of Jazz tunes.', '2024-02-23', 'https://picsum.photos/id/318/180/180');
INSERT INTO PLAYLISTS (playlist_id, user_id, title, description, date_created, image) VALUES (65, 64, 'My Rock Playlist 92', 'A collection of Folk tunes.', '2022-10-01', 'https://picsum.photos/id/378/180/180');
INSERT INTO PLAYLISTS (playlist_id, user_id, title, description, date_created, image) VALUES (66, 67, 'My Metal Playlist 63', 'A collection of Reggae tunes.', '2021-10-08', 'https://picsum.photos/id/319/180/180');
INSERT INTO PLAYLISTS (playlist_id, user_id, title, description, date_created, image) VALUES (67, 24, 'My Jazz Playlist 56', 'A collection of Rock tunes.', '2021-10-27', 'https://picsum.photos/id/381/180/180');
INSERT INTO PLAYLISTS (playlist_id, user_id, title, description, date_created, image) VALUES (68, 75, 'My Blues Playlist 38', 'A collection of Hip Hop tunes.', '2023-05-08', 'https://picsum.photos/id/301/180/180');
INSERT INTO PLAYLISTS (playlist_id, user_id, title, description, date_created, image) VALUES (69, 35, 'My Country Playlist 3', 'A collection of R&B tunes.', '2023-06-07', 'https://picsum.photos/id/392/180/180');
INSERT INTO PLAYLISTS (playlist_id, user_id, title, description, date_created, image) VALUES (70, 69, 'My Country Playlist 94', 'A collection of Jazz tunes.', '2021-04-28', 'https://picsum.photos/id/400/180/180');
INSERT INTO PLAYLISTS (playlist_id, user_id, title, description, date_created, image) VALUES (71, 51, 'My Alternative Playlist 86', 'A collection of Indie tunes.', '2020-11-10', 'https://picsum.photos/id/384/180/180');
INSERT INTO PLAYLISTS (playlist_id, user_id, title, description, date_created, image) VALUES (72, 15, 'My R&B Playlist 99', 'A collection of Blues tunes.', '2022-08-16', 'https://picsum.photos/id/393/180/180');
INSERT INTO PLAYLISTS (playlist_id, user_id, title, description, date_created, image) VALUES (73, 81, 'My Rock Playlist 8', 'A collection of Classical tunes.', '2020-10-26', 'https://picsum.photos/id/397/180/180');
INSERT INTO PLAYLISTS (playlist_id, user_id, title, description, date_created, image) VALUES (74, 60, 'My Rock Playlist 58', 'A collection of Alternative tunes.', '2020-07-28', 'https://picsum.photos/id/354/180/180');
INSERT INTO PLAYLISTS (playlist_id, user_id, title, description, date_created, image) VALUES (75, 30, 'My Electronic Playlist 61', 'A collection of Rock tunes.', '2022-09-27', 'https://picsum.photos/id/359/180/180');
INSERT INTO PLAYLISTS (playlist_id, user_id, title, description, date_created, image) VALUES (76, 79, 'My Folk Playlist 52', 'A collection of Pop tunes.', '2021-11-29', 'https://picsum.photos/id/360/180/180');
INSERT INTO PLAYLISTS (playlist_id, user_id, title, description, date_created, image) VALUES (77, 32, 'My Rock Playlist 98', 'A collection of Folk tunes.', '2023-08-29', 'https://picsum.photos/id/376/180/180');
INSERT INTO PLAYLISTS (playlist_id, user_id, title, description, date_created, image) VALUES (78, 9, 'My Metal Playlist 87', 'A collection of Hip Hop tunes.', '2023-01-05', 'https://picsum.photos/id/380/180/180');
INSERT INTO PLAYLISTS (playlist_id, user_id, title, description, date_created, image) VALUES (79, 95, 'My Pop Playlist 50', 'A collection of Electronic tunes.', '2020-06-06', 'https://picsum.photos/id/348/180/180');
INSERT INTO PLAYLISTS (playlist_id, user_id, title, description, date_created, image) VALUES (80, 89, 'My Jazz Playlist 94', 'A collection of Dance tunes.', '2020-08-02', 'https://picsum.photos/id/314/180/180');
INSERT INTO PLAYLISTS (playlist_id, user_id, title, description, date_created, image) VALUES (81, 71, 'My Metal Playlist 42', 'A collection of Jazz tunes.', '2020-08-24', 'https://picsum.photos/id/317/180/180');
INSERT INTO PLAYLISTS (playlist_id, user_id, title, description, date_created, image) VALUES (82, 22, 'My Blues Playlist 31', 'A collection of Folk tunes.', '2022-09-20', 'https://picsum.photos/id/303/180/180');
INSERT INTO PLAYLISTS (playlist_id, user_id, title, description, date_created, image) VALUES (83, 72, 'My R&B Playlist 41', 'A collection of Metal tunes.', '2020-11-25', 'https://picsum.photos/id/369/180/180');
INSERT INTO PLAYLISTS (playlist_id, user_id, title, description, date_created, image) VALUES (84, 29, 'My Blues Playlist 60', 'A collection of Dance tunes.', '2021-08-29', 'https://picsum.photos/id/357/180/180');
INSERT INTO PLAYLISTS (playlist_id, user_id, title, description, date_created, image) VALUES (85, 63, 'My Blues Playlist 89', 'A collection of Classical tunes.', '2020-02-24', 'https://picsum.photos/id/314/180/180');
INSERT INTO PLAYLISTS (playlist_id, user_id, title, description, date_created, image) VALUES (86, 74, 'My Jazz Playlist 67', 'A collection of Blues tunes.', '2020-07-14', 'https://picsum.photos/id/398/180/180');
INSERT INTO PLAYLISTS (playlist_id, user_id, title, description, date_created, image) VALUES (87, 98, 'My Electronic Playlist 22', 'A collection of Blues tunes.', '2023-06-24', 'https://picsum.photos/id/315/180/180');
INSERT INTO PLAYLISTS (playlist_id, user_id, title, description, date_created, image) VALUES (88, 46, 'My Dance Playlist 55', 'A collection of Metal tunes.', '2020-10-07', 'https://picsum.photos/id/304/180/180');
INSERT INTO PLAYLISTS (playlist_id, user_id, title, description, date_created, image) VALUES (89, 65, 'My Metal Playlist 28', 'A collection of Alternative tunes.', '2023-03-26', 'https://picsum.photos/id/394/180/180');
INSERT INTO PLAYLISTS (playlist_id, user_id, title, description, date_created, image) VALUES (90, 55, 'My Hip Hop Playlist 57', 'A collection of Blues tunes.', '2022-11-07', 'https://picsum.photos/id/360/180/180');
INSERT INTO PLAYLISTS (playlist_id, user_id, title, description, date_created, image) VALUES (91, 94, 'My Dance Playlist 50', 'A collection of Jazz tunes.', '2023-10-02', 'https://picsum.photos/id/370/180/180');
INSERT INTO PLAYLISTS (playlist_id, user_id, title, description, date_created, image) VALUES (92, 8, 'My Hip Hop Playlist 45', 'A collection of Reggae tunes.', '2023-11-28', 'https://picsum.photos/id/384/180/180');
INSERT INTO PLAYLISTS (playlist_id, user_id, title, description, date_created, image) VALUES (93, 46, 'My Pop Playlist 33', 'A collection of Electronic tunes.', '2021-02-23', 'https://picsum.photos/id/333/180/180');
INSERT INTO PLAYLISTS (playlist_id, user_id, title, description, date_created, image) VALUES (94, 35, 'My Classical Playlist 54', 'A collection of Classical tunes.', '2022-08-22', 'https://picsum.photos/id/398/180/180');
INSERT INTO PLAYLISTS (playlist_id, user_id, title, description, date_created, image) VALUES (95, 44, 'My Country Playlist 83', 'A collection of Indie tunes.', '2024-02-07', 'https://picsum.photos/id/376/180/180');
INSERT INTO PLAYLISTS (playlist_id, user_id, title, description, date_created, image) VALUES (96, 43, 'My Reggae Playlist 75', 'A collection of Country tunes.', '2023-12-06', 'https://picsum.photos/id/339/180/180');
INSERT INTO PLAYLISTS (playlist_id, user_id, title, description, date_created, image) VALUES (97, 86, 'My Dance Playlist 13', 'A collection of Metal tunes.', '2021-06-20', 'https://picsum.photos/id/365/180/180');
INSERT INTO PLAYLISTS (playlist_id, user_id, title, description, date_created, image) VALUES (98, 25, 'My Dance Playlist 89', 'A collection of Indie tunes.', '2020-03-02', 'https://picsum.photos/id/308/180/180');
INSERT INTO PLAYLISTS (playlist_id, user_id, title, description, date_created, image) VALUES (99, 66, 'My Indie Playlist 81', 'A collection of Dance tunes.', '2023-07-31', 'https://picsum.photos/id/302/180/180');
INSERT INTO PLAYLISTS (playlist_id, user_id, title, description, date_created, image) VALUES (100, 91, 'My Alternative Playlist 11', 'A collection of R&B tunes.', '2021-03-04', 'https://picsum.photos/id/335/180/180');
INSERT INTO PLAYLISTS (playlist_id, user_id, title, description, date_created, image) VALUES (101, 23, 'My Electronic Playlist 13', 'A collection of Country tunes.', '2021-12-30', 'https://picsum.photos/id/371/180/180');
INSERT INTO PLAYLISTS (playlist_id, user_id, title, description, date_created, image) VALUES (102, 11, 'My Indie Playlist 90', 'A collection of Reggae tunes.', '2020-05-27', 'https://picsum.photos/id/353/180/180');
INSERT INTO PLAYLISTS (playlist_id, user_id, title, description, date_created, image) VALUES (103, 70, 'My Electronic Playlist 3', 'A collection of Rock tunes.', '2022-12-16', 'https://picsum.photos/id/305/180/180');
INSERT INTO PLAYLISTS (playlist_id, user_id, title, description, date_created, image) VALUES (104, 13, 'My Blues Playlist 85', 'A collection of Classical tunes.', '2020-01-14', 'https://picsum.photos/id/385/180/180');
INSERT INTO PLAYLISTS (playlist_id, user_id, title, description, date_created, image) VALUES (105, 45, 'My Pop Playlist 36', 'A collection of Hip Hop tunes.', '2021-01-06', 'https://picsum.photos/id/301/180/180');
INSERT INTO PLAYLISTS (playlist_id, user_id, title, description, date_created, image) VALUES (106, 88, 'My Hip Hop Playlist 11', 'A collection of Electronic tunes.', '2020-08-02', 'https://picsum.photos/id/351/180/180');
INSERT INTO PLAYLISTS (playlist_id, user_id, title, description, date_created, image) VALUES (107, 17, 'My Metal Playlist 83', 'A collection of Dance tunes.', '2020-06-02', 'https://picsum.photos/id/307/180/180');
INSERT INTO PLAYLISTS (playlist_id, user_id, title, description, date_created, image) VALUES (108, 99, 'My Pop Playlist 12', 'A collection of Indie tunes.', '2021-07-30', 'https://picsum.photos/id/353/180/180');
INSERT INTO PLAYLISTS (playlist_id, user_id, title, description, date_created, image) VALUES (109, 93, 'My Blues Playlist 73', 'A collection of Alternative tunes.', '2023-06-08', 'https://picsum.photos/id/381/180/180');
INSERT INTO PLAYLISTS (playlist_id, user_id, title, description, date_created, image) VALUES (110, 39, 'My Indie Playlist 90', 'A collection of Blues tunes.', '2020-05-30', 'https://picsum.photos/id/304/180/180');
INSERT INTO PLAYLISTS (playlist_id, user_id, title, description, date_created, image) VALUES (111, 61, 'My Folk Playlist 21', 'A collection of Jazz tunes.', '2023-12-18', 'https://picsum.photos/id/349/180/180');
INSERT INTO PLAYLISTS (playlist_id, user_id, title, description, date_created, image) VALUES (112, 59, 'My Country Playlist 26', 'A collection of Jazz tunes.', '2022-03-19', 'https://picsum.photos/id/375/180/180');
INSERT INTO PLAYLISTS (playlist_id, user_id, title, description, date_created, image) VALUES (113, 90, 'My Classical Playlist 14', 'A collection of Pop tunes.', '2023-04-22', 'https://picsum.photos/id/395/180/180');
INSERT INTO PLAYLISTS (playlist_id, user_id, title, description, date_created, image) VALUES (114, 67, 'My Indie Playlist 30', 'A collection of R&B tunes.', '2024-01-28', 'https://picsum.photos/id/394/180/180');
INSERT INTO PLAYLISTS (playlist_id, user_id, title, description, date_created, image) VALUES (115, 87, 'My Folk Playlist 5', 'A collection of Reggae tunes.', '2024-05-03', 'https://picsum.photos/id/305/180/180');
INSERT INTO PLAYLISTS (playlist_id, user_id, title, description, date_created, image) VALUES (116, 79, 'My Country Playlist 50', 'A collection of Metal tunes.', '2024-02-22', 'https://picsum.photos/id/368/180/180');
INSERT INTO PLAYLISTS (playlist_id, user_id, title, description, date_created, image) VALUES (117, 21, 'My Hip Hop Playlist 77', 'A collection of Classical tunes.', '2020-08-09', 'https://picsum.photos/id/391/180/180');
INSERT INTO PLAYLISTS (playlist_id, user_id, title, description, date_created, image) VALUES (118, 11, 'My Indie Playlist 37', 'A collection of Reggae tunes.', '2020-12-08', 'https://picsum.photos/id/381/180/180');
INSERT INTO PLAYLISTS (playlist_id, user_id, title, description, date_created, image) VALUES (119, 95, 'My Country Playlist 92', 'A collection of Alternative tunes.', '2020-04-24', 'https://picsum.photos/id/353/180/180');
INSERT INTO PLAYLISTS (playlist_id, user_id, title, description, date_created, image) VALUES (120, 62, 'My Reggae Playlist 68', 'A collection of Classical tunes.', '2024-03-25', 'https://picsum.photos/id/342/180/180');
INSERT INTO PLAYLISTS (playlist_id, user_id, title, description, date_created, image) VALUES (121, 6, 'My Electronic Playlist 5', 'A collection of Dance tunes.', '2022-08-15', 'https://picsum.photos/id/375/180/180');
INSERT INTO PLAYLISTS (playlist_id, user_id, title, description, date_created, image) VALUES (122, 88, 'My Blues Playlist 44', 'A collection of Country tunes.', '2024-02-14', 'https://picsum.photos/id/352/180/180');
INSERT INTO PLAYLISTS (playlist_id, user_id, title, description, date_created, image) VALUES (123, 91, 'My Hip Hop Playlist 35', 'A collection of Dance tunes.', '2021-05-10', 'https://picsum.photos/id/356/180/180');
INSERT INTO PLAYLISTS (playlist_id, user_id, title, description, date_created, image) VALUES (124, 82, 'My Folk Playlist 77', 'A collection of Classical tunes.', '2021-06-04', 'https://picsum.photos/id/338/180/180');
INSERT INTO PLAYLISTS (playlist_id, user_id, title, description, date_created, image) VALUES (125, 67, 'My Country Playlist 85', 'A collection of Folk tunes.', '2021-03-19', 'https://picsum.photos/id/389/180/180');
INSERT INTO PLAYLISTS (playlist_id, user_id, title, description, date_created, image) VALUES (126, 13, 'My Jazz Playlist 64', 'A collection of Alternative tunes.', '2021-01-13', 'https://picsum.photos/id/387/180/180');
INSERT INTO PLAYLISTS (playlist_id, user_id, title, description, date_created, image) VALUES (127, 22, 'My Indie Playlist 53', 'A collection of Country tunes.', '2020-11-17', 'https://picsum.photos/id/371/180/180');
INSERT INTO PLAYLISTS (playlist_id, user_id, title, description, date_created, image) VALUES (128, 13, 'My Electronic Playlist 53', 'A collection of Rock tunes.', '2021-07-20', 'https://picsum.photos/id/340/180/180');
INSERT INTO PLAYLISTS (playlist_id, user_id, title, description, date_created, image) VALUES (129, 74, 'My Jazz Playlist 57', 'A collection of Metal tunes.', '2023-08-07', 'https://picsum.photos/id/397/180/180');
INSERT INTO PLAYLISTS (playlist_id, user_id, title, description, date_created, image) VALUES (130, 58, 'My Country Playlist 34', 'A collection of Hip Hop tunes.', '2023-04-18', 'https://picsum.photos/id/337/180/180');
INSERT INTO PLAYLISTS (playlist_id, user_id, title, description, date_created, image) VALUES (131, 35, 'My Electronic Playlist 95', 'A collection of Dance tunes.', '2023-09-01', 'https://picsum.photos/id/361/180/180');
INSERT INTO PLAYLISTS (playlist_id, user_id, title, description, date_created, image) VALUES (132, 95, 'My R&B Playlist 15', 'A collection of Alternative tunes.', '2022-03-13', 'https://picsum.photos/id/352/180/180');
INSERT INTO PLAYLISTS (playlist_id, user_id, title, description, date_created, image) VALUES (133, 4, 'My Electronic Playlist 14', 'A collection of Classical tunes.', '2022-10-27', 'https://picsum.photos/id/355/180/180');
INSERT INTO PLAYLISTS (playlist_id, user_id, title, description, date_created, image) VALUES (134, 42, 'My Folk Playlist 67', 'A collection of Jazz tunes.', '2023-11-12', 'https://picsum.photos/id/367/180/180');
INSERT INTO PLAYLISTS (playlist_id, user_id, title, description, date_created, image) VALUES (135, 91, 'My Classical Playlist 86', 'A collection of Pop tunes.', '2021-11-10', 'https://picsum.photos/id/353/180/180');
INSERT INTO PLAYLISTS (playlist_id, user_id, title, description, date_created, image) VALUES (136, 61, 'My Indie Playlist 20', 'A collection of Pop tunes.', '2021-08-11', 'https://picsum.photos/id/388/180/180');
INSERT INTO PLAYLISTS (playlist_id, user_id, title, description, date_created, image) VALUES (137, 36, 'My Country Playlist 27', 'A collection of Blues tunes.', '2023-02-25', 'https://picsum.photos/id/391/180/180');
INSERT INTO PLAYLISTS (playlist_id, user_id, title, description, date_created, image) VALUES (138, 41, 'My Hip Hop Playlist 62', 'A collection of Classical tunes.', '2022-09-14', 'https://picsum.photos/id/343/180/180');
INSERT INTO PLAYLISTS (playlist_id, user_id, title, description, date_created, image) VALUES (139, 37, 'My Electronic Playlist 71', 'A collection of Pop tunes.', '2021-11-22', 'https://picsum.photos/id/303/180/180');
INSERT INTO PLAYLISTS (playlist_id, user_id, title, description, date_created, image) VALUES (140, 66, 'My Classical Playlist 26', 'A collection of R&B tunes.', '2022-07-31', 'https://picsum.photos/id/330/180/180');
INSERT INTO PLAYLISTS (playlist_id, user_id, title, description, date_created, image) VALUES (141, 54, 'My Alternative Playlist 75', 'A collection of Folk tunes.', '2020-01-12', 'https://picsum.photos/id/381/180/180');
INSERT INTO PLAYLISTS (playlist_id, user_id, title, description, date_created, image) VALUES (142, 23, 'My Pop Playlist 65', 'A collection of Hip Hop tunes.', '2020-02-26', 'https://picsum.photos/id/347/180/180');
INSERT INTO PLAYLISTS (playlist_id, user_id, title, description, date_created, image) VALUES (143, 7, 'My Alternative Playlist 88', 'A collection of Jazz tunes.', '2022-12-31', 'https://picsum.photos/id/314/180/180');
INSERT INTO PLAYLISTS (playlist_id, user_id, title, description, date_created, image) VALUES (144, 98, 'My Hip Hop Playlist 66', 'A collection of Indie tunes.', '2023-09-12', 'https://picsum.photos/id/346/180/180');
INSERT INTO PLAYLISTS (playlist_id, user_id, title, description, date_created, image) VALUES (145, 95, 'My Rock Playlist 20', 'A collection of Blues tunes.', '2020-02-26', 'https://picsum.photos/id/327/180/180');
INSERT INTO PLAYLISTS (playlist_id, user_id, title, description, date_created, image) VALUES (146, 97, 'My Rock Playlist 6', 'A collection of Hip Hop tunes.', '2021-12-14', 'https://picsum.photos/id/343/180/180');
INSERT INTO PLAYLISTS (playlist_id, user_id, title, description, date_created, image) VALUES (147, 66, 'My Hip Hop Playlist 58', 'A collection of Blues tunes.', '2022-07-05', 'https://picsum.photos/id/371/180/180');
INSERT INTO PLAYLISTS (playlist_id, user_id, title, description, date_created, image) VALUES (148, 16, 'My Indie Playlist 92', 'A collection of Folk tunes.', '2021-11-24', 'https://picsum.photos/id/320/180/180');
INSERT INTO PLAYLISTS (playlist_id, user_id, title, description, date_created, image) VALUES (149, 42, 'My Dance Playlist 90', 'A collection of Classical tunes.', '2023-07-04', 'https://picsum.photos/id/353/180/180');
INSERT INTO PLAYLISTS (playlist_id, user_id, title, description, date_created, image) VALUES (150, 24, 'My Pop Playlist 41', 'A collection of Indie tunes.', '2023-04-17', 'https://picsum.photos/id/364/180/180');
INSERT INTO PLAYLISTS (playlist_id, user_id, title, description, date_created, image) VALUES (151, 85, 'My Rock Playlist 13', 'A collection of Country tunes.', '2024-03-08', 'https://picsum.photos/id/360/180/180');
INSERT INTO PLAYLISTS (playlist_id, user_id, title, description, date_created, image) VALUES (152, 35, 'My Hip Hop Playlist 32', 'A collection of Country tunes.', '2020-01-23', 'https://picsum.photos/id/367/180/180');
INSERT INTO PLAYLISTS (playlist_id, user_id, title, description, date_created, image) VALUES (153, 79, 'My Blues Playlist 61', 'A collection of Blues tunes.', '2023-01-18', 'https://picsum.photos/id/366/180/180');
INSERT INTO PLAYLISTS (playlist_id, user_id, title, description, date_created, image) VALUES (154, 94, 'My Folk Playlist 40', 'A collection of Country tunes.', '2023-02-01', 'https://picsum.photos/id/373/180/180');
INSERT INTO PLAYLISTS (playlist_id, user_id, title, description, date_created, image) VALUES (155, 9, 'My R&B Playlist 57', 'A collection of Electronic tunes.', '2023-03-29', 'https://picsum.photos/id/372/180/180');
INSERT INTO PLAYLISTS (playlist_id, user_id, title, description, date_created, image) VALUES (156, 97, 'My Reggae Playlist 67', 'A collection of Blues tunes.', '2021-01-21', 'https://picsum.photos/id/396/180/180');
INSERT INTO PLAYLISTS (playlist_id, user_id, title, description, date_created, image) VALUES (157, 37, 'My Blues Playlist 99', 'A collection of Classical tunes.', '2020-04-03', 'https://picsum.photos/id/318/180/180');
INSERT INTO PLAYLISTS (playlist_id, user_id, title, description, date_created, image) VALUES (158, 62, 'My Jazz Playlist 33', 'A collection of Country tunes.', '2024-04-07', 'https://picsum.photos/id/362/180/180');
INSERT INTO PLAYLISTS (playlist_id, user_id, title, description, date_created, image) VALUES (159, 79, 'My Classical Playlist 31', 'A collection of Classical tunes.', '2021-09-07', 'https://picsum.photos/id/351/180/180');
INSERT INTO PLAYLISTS (playlist_id, user_id, title, description, date_created, image) VALUES (160, 15, 'My Classical Playlist 24', 'A collection of Classical tunes.', '2022-05-29', 'https://picsum.photos/id/367/180/180');
INSERT INTO PLAYLISTS (playlist_id, user_id, title, description, date_created, image) VALUES (161, 73, 'My Alternative Playlist 64', 'A collection of Pop tunes.', '2021-11-09', 'https://picsum.photos/id/317/180/180');
INSERT INTO PLAYLISTS (playlist_id, user_id, title, description, date_created, image) VALUES (162, 73, 'My R&B Playlist 59', 'A collection of Alternative tunes.', '2022-02-19', 'https://picsum.photos/id/379/180/180');
INSERT INTO PLAYLISTS (playlist_id, user_id, title, description, date_created, image) VALUES (163, 21, 'My Folk Playlist 20', 'A collection of Electronic tunes.', '2022-08-06', 'https://picsum.photos/id/378/180/180');
INSERT INTO PLAYLISTS (playlist_id, user_id, title, description, date_created, image) VALUES (164, 77, 'My Classical Playlist 95', 'A collection of Reggae tunes.', '2020-10-11', 'https://picsum.photos/id/306/180/180');
INSERT INTO PLAYLISTS (playlist_id, user_id, title, description, date_created, image) VALUES (165, 23, 'My Rock Playlist 15', 'A collection of Folk tunes.', '2022-01-08', 'https://picsum.photos/id/364/180/180');
INSERT INTO PLAYLISTS (playlist_id, user_id, title, description, date_created, image) VALUES (166, 41, 'My Alternative Playlist 4', 'A collection of Pop tunes.', '2021-02-25', 'https://picsum.photos/id/398/180/180');
INSERT INTO PLAYLISTS (playlist_id, user_id, title, description, date_created, image) VALUES (167, 4, 'My R&B Playlist 82', 'A collection of Folk tunes.', '2023-07-30', 'https://picsum.photos/id/378/180/180');
INSERT INTO PLAYLISTS (playlist_id, user_id, title, description, date_created, image) VALUES (168, 46, 'My Pop Playlist 48', 'A collection of Hip Hop tunes.', '2021-04-11', 'https://picsum.photos/id/400/180/180');
INSERT INTO PLAYLISTS (playlist_id, user_id, title, description, date_created, image) VALUES (169, 16, 'My Pop Playlist 35', 'A collection of R&B tunes.', '2020-06-17', 'https://picsum.photos/id/321/180/180');
INSERT INTO PLAYLISTS (playlist_id, user_id, title, description, date_created, image) VALUES (170, 84, 'My Jazz Playlist 86', 'A collection of Rock tunes.', '2024-02-22', 'https://picsum.photos/id/342/180/180');
INSERT INTO PLAYLISTS (playlist_id, user_id, title, description, date_created, image) VALUES (171, 11, 'My Metal Playlist 3', 'A collection of Metal tunes.', '2023-10-10', 'https://picsum.photos/id/328/180/180');
INSERT INTO PLAYLISTS (playlist_id, user_id, title, description, date_created, image) VALUES (172, 57, 'My Classical Playlist 91', 'A collection of Rock tunes.', '2020-08-08', 'https://picsum.photos/id/391/180/180');
INSERT INTO PLAYLISTS (playlist_id, user_id, title, description, date_created, image) VALUES (173, 83, 'My Classical Playlist 50', 'A collection of Metal tunes.', '2021-08-13', 'https://picsum.photos/id/330/180/180');
INSERT INTO PLAYLISTS (playlist_id, user_id, title, description, date_created, image) VALUES (174, 64, 'My Electronic Playlist 27', 'A collection of R&B tunes.', '2022-01-25', 'https://picsum.photos/id/350/180/180');
INSERT INTO PLAYLISTS (playlist_id, user_id, title, description, date_created, image) VALUES (175, 74, 'My Rock Playlist 1', 'A collection of Blues tunes.', '2021-02-05', 'https://picsum.photos/id/384/180/180');
INSERT INTO PLAYLISTS (playlist_id, user_id, title, description, date_created, image) VALUES (176, 15, 'My Dance Playlist 23', 'A collection of Blues tunes.', '2022-07-11', 'https://picsum.photos/id/397/180/180');
INSERT INTO PLAYLISTS (playlist_id, user_id, title, description, date_created, image) VALUES (177, 38, 'My Indie Playlist 66', 'A collection of Indie tunes.', '2022-06-13', 'https://picsum.photos/id/317/180/180');
INSERT INTO PLAYLISTS (playlist_id, user_id, title, description, date_created, image) VALUES (178, 7, 'My Hip Hop Playlist 93', 'A collection of Alternative tunes.', '2023-09-25', 'https://picsum.photos/id/378/180/180');
INSERT INTO PLAYLISTS (playlist_id, user_id, title, description, date_created, image) VALUES (179, 60, 'My Pop Playlist 27', 'A collection of Metal tunes.', '2024-02-08', 'https://picsum.photos/id/352/180/180');
INSERT INTO PLAYLISTS (playlist_id, user_id, title, description, date_created, image) VALUES (180, 9, 'My Hip Hop Playlist 8', 'A collection of Electronic tunes.', '2024-02-24', 'https://picsum.photos/id/334/180/180');
INSERT INTO PLAYLISTS (playlist_id, user_id, title, description, date_created, image) VALUES (181, 96, 'My Blues Playlist 82', 'A collection of Classical tunes.', '2023-10-05', 'https://picsum.photos/id/305/180/180');
INSERT INTO PLAYLISTS (playlist_id, user_id, title, description, date_created, image) VALUES (182, 26, 'My Dance Playlist 15', 'A collection of Reggae tunes.', '2022-04-25', 'https://picsum.photos/id/309/180/180');
INSERT INTO PLAYLISTS (playlist_id, user_id, title, description, date_created, image) VALUES (183, 76, 'My Dance Playlist 7', 'A collection of Jazz tunes.', '2023-11-25', 'https://picsum.photos/id/336/180/180');
INSERT INTO PLAYLISTS (playlist_id, user_id, title, description, date_created, image) VALUES (184, 48, 'My Hip Hop Playlist 24', 'A collection of Pop tunes.', '2022-08-19', 'https://picsum.photos/id/358/180/180');
INSERT INTO PLAYLISTS (playlist_id, user_id, title, description, date_created, image) VALUES (185, 25, 'My Indie Playlist 63', 'A collection of Alternative tunes.', '2022-08-16', 'https://picsum.photos/id/311/180/180');
INSERT INTO PLAYLISTS (playlist_id, user_id, title, description, date_created, image) VALUES (186, 33, 'My Reggae Playlist 10', 'A collection of Indie tunes.', '2022-12-11', 'https://picsum.photos/id/327/180/180');
INSERT INTO PLAYLISTS (playlist_id, user_id, title, description, date_created, image) VALUES (187, 63, 'My Rock Playlist 60', 'A collection of Pop tunes.', '2022-01-19', 'https://picsum.photos/id/318/180/180');
INSERT INTO PLAYLISTS (playlist_id, user_id, title, description, date_created, image) VALUES (188, 67, 'My Dance Playlist 25', 'A collection of Dance tunes.', '2021-04-21', 'https://picsum.photos/id/331/180/180');
INSERT INTO PLAYLISTS (playlist_id, user_id, title, description, date_created, image) VALUES (189, 68, 'My R&B Playlist 25', 'A collection of Jazz tunes.', '2021-05-08', 'https://picsum.photos/id/348/180/180');
INSERT INTO PLAYLISTS (playlist_id, user_id, title, description, date_created, image) VALUES (190, 46, 'My Hip Hop Playlist 95', 'A collection of Pop tunes.', '2022-09-30', 'https://picsum.photos/id/304/180/180');
INSERT INTO PLAYLISTS (playlist_id, user_id, title, description, date_created, image) VALUES (191, 28, 'My Metal Playlist 100', 'A collection of Indie tunes.', '2022-09-28', 'https://picsum.photos/id/303/180/180');
INSERT INTO PLAYLISTS (playlist_id, user_id, title, description, date_created, image) VALUES (192, 50, 'My Jazz Playlist 21', 'A collection of Rock tunes.', '2021-03-22', 'https://picsum.photos/id/351/180/180');
INSERT INTO PLAYLISTS (playlist_id, user_id, title, description, date_created, image) VALUES (193, 62, 'My Rock Playlist 24', 'A collection of Dance tunes.', '2022-08-29', 'https://picsum.photos/id/365/180/180');
INSERT INTO PLAYLISTS (playlist_id, user_id, title, description, date_created, image) VALUES (194, 40, 'My Country Playlist 85', 'A collection of Pop tunes.', '2020-05-07', 'https://picsum.photos/id/398/180/180');
INSERT INTO PLAYLISTS (playlist_id, user_id, title, description, date_created, image) VALUES (195, 96, 'My Pop Playlist 100', 'A collection of Blues tunes.', '2022-06-20', 'https://picsum.photos/id/361/180/180');
INSERT INTO PLAYLISTS (playlist_id, user_id, title, description, date_created, image) VALUES (196, 23, 'My Classical Playlist 44', 'A collection of Hip Hop tunes.', '2022-04-14', 'https://picsum.photos/id/356/180/180');
INSERT INTO PLAYLISTS (playlist_id, user_id, title, description, date_created, image) VALUES (197, 61, 'My Indie Playlist 94', 'A collection of Reggae tunes.', '2020-02-24', 'https://picsum.photos/id/396/180/180');
INSERT INTO PLAYLISTS (playlist_id, user_id, title, description, date_created, image) VALUES (198, 50, 'My Rock Playlist 51', 'A collection of Reggae tunes.', '2024-04-11', 'https://picsum.photos/id/342/180/180');
INSERT INTO PLAYLISTS (playlist_id, user_id, title, description, date_created, image) VALUES (199, 88, 'My Country Playlist 88', 'A collection of Alternative tunes.', '2021-10-11', 'https://picsum.photos/id/352/180/180');
INSERT INTO PLAYLISTS (playlist_id, user_id, title, description, date_created, image) VALUES (200, 51, 'My Blues Playlist 34', 'A collection of Folk tunes.', '2020-03-02', 'https://picsum.photos/id/340/180/180');
INSERT INTO PLAYLISTS (playlist_id, user_id, title, description, date_created, image) VALUES (201, 12, 'My Electronic Playlist 13', 'A collection of Alternative tunes.', '2024-03-02', 'https://picsum.photos/id/341/180/180');
INSERT INTO PLAYLISTS (playlist_id, user_id, title, description, date_created, image) VALUES (202, 94, 'My Alternative Playlist 18', 'A collection of Folk tunes.', '2022-09-13', 'https://picsum.photos/id/396/180/180');
INSERT INTO PLAYLISTS (playlist_id, user_id, title, description, date_created, image) VALUES (203, 68, 'My Reggae Playlist 93', 'A collection of Classical tunes.', '2023-10-24', 'https://picsum.photos/id/378/180/180');
INSERT INTO PLAYLISTS (playlist_id, user_id, title, description, date_created, image) VALUES (204, 11, 'My Classical Playlist 77', 'A collection of Jazz tunes.', '2020-02-25', 'https://picsum.photos/id/386/180/180');
INSERT INTO PLAYLISTS (playlist_id, user_id, title, description, date_created, image) VALUES (205, 42, 'My Country Playlist 72', 'A collection of Country tunes.', '2023-09-24', 'https://picsum.photos/id/340/180/180');
INSERT INTO PLAYLISTS (playlist_id, user_id, title, description, date_created, image) VALUES (206, 68, 'My Indie Playlist 97', 'A collection of Folk tunes.', '2022-11-25', 'https://picsum.photos/id/394/180/180');
INSERT INTO PLAYLISTS (playlist_id, user_id, title, description, date_created, image) VALUES (207, 64, 'My Blues Playlist 81', 'A collection of Folk tunes.', '2020-09-18', 'https://picsum.photos/id/376/180/180');
INSERT INTO PLAYLISTS (playlist_id, user_id, title, description, date_created, image) VALUES (208, 60, 'My Classical Playlist 86', 'A collection of Electronic tunes.', '2021-04-08', 'https://picsum.photos/id/378/180/180');
INSERT INTO PLAYLISTS (playlist_id, user_id, title, description, date_created, image) VALUES (209, 95, 'My Blues Playlist 65', 'A collection of Jazz tunes.', '2020-05-15', 'https://picsum.photos/id/340/180/180');
INSERT INTO PLAYLISTS (playlist_id, user_id, title, description, date_created, image) VALUES (210, 67, 'My Jazz Playlist 36', 'A collection of Alternative tunes.', '2023-02-03', 'https://picsum.photos/id/350/180/180');
INSERT INTO PLAYLISTS (playlist_id, user_id, title, description, date_created, image) VALUES (211, 20, 'My Dance Playlist 15', 'A collection of Electronic tunes.', '2020-06-18', 'https://picsum.photos/id/363/180/180');
INSERT INTO PLAYLISTS (playlist_id, user_id, title, description, date_created, image) VALUES (212, 76, 'My Pop Playlist 46', 'A collection of Alternative tunes.', '2023-10-09', 'https://picsum.photos/id/399/180/180');
INSERT INTO PLAYLISTS (playlist_id, user_id, title, description, date_created, image) VALUES (213, 96, 'My Indie Playlist 4', 'A collection of Jazz tunes.', '2022-05-27', 'https://picsum.photos/id/368/180/180');
INSERT INTO PLAYLISTS (playlist_id, user_id, title, description, date_created, image) VALUES (214, 88, 'My Jazz Playlist 88', 'A collection of Blues tunes.', '2023-12-17', 'https://picsum.photos/id/384/180/180');
INSERT INTO PLAYLISTS (playlist_id, user_id, title, description, date_created, image) VALUES (215, 29, 'My Hip Hop Playlist 68', 'A collection of Classical tunes.', '2024-02-04', 'https://picsum.photos/id/336/180/180');
INSERT INTO PLAYLISTS (playlist_id, user_id, title, description, date_created, image) VALUES (216, 80, 'My Blues Playlist 99', 'A collection of Jazz tunes.', '2024-03-31', 'https://picsum.photos/id/376/180/180');
INSERT INTO PLAYLISTS (playlist_id, user_id, title, description, date_created, image) VALUES (217, 60, 'My Metal Playlist 95', 'A collection of Folk tunes.', '2022-12-20', 'https://picsum.photos/id/332/180/180');
INSERT INTO PLAYLISTS (playlist_id, user_id, title, description, date_created, image) VALUES (218, 17, 'My Alternative Playlist 30', 'A collection of Country tunes.', '2024-03-24', 'https://picsum.photos/id/360/180/180');
INSERT INTO PLAYLISTS (playlist_id, user_id, title, description, date_created, image) VALUES (219, 78, 'My Classical Playlist 58', 'A collection of Classical tunes.', '2022-08-19', 'https://picsum.photos/id/306/180/180');
INSERT INTO PLAYLISTS (playlist_id, user_id, title, description, date_created, image) VALUES (220, 17, 'My Dance Playlist 75', 'A collection of Electronic tunes.', '2022-02-17', 'https://picsum.photos/id/380/180/180');
INSERT INTO PLAYLISTS (playlist_id, user_id, title, description, date_created, image) VALUES (221, 42, 'My Dance Playlist 59', 'A collection of Hip Hop tunes.', '2024-02-13', 'https://picsum.photos/id/345/180/180');
INSERT INTO PLAYLISTS (playlist_id, user_id, title, description, date_created, image) VALUES (222, 3, 'My Metal Playlist 6', 'A collection of Folk tunes.', '2020-11-24', 'https://picsum.photos/id/397/180/180');
INSERT INTO PLAYLISTS (playlist_id, user_id, title, description, date_created, image) VALUES (223, 82, 'My Metal Playlist 21', 'A collection of R&B tunes.', '2023-03-19', 'https://picsum.photos/id/386/180/180');
INSERT INTO PLAYLISTS (playlist_id, user_id, title, description, date_created, image) VALUES (224, 23, 'My Electronic Playlist 23', 'A collection of Blues tunes.', '2023-01-13', 'https://picsum.photos/id/357/180/180');
INSERT INTO PLAYLISTS (playlist_id, user_id, title, description, date_created, image) VALUES (225, 40, 'My Classical Playlist 17', 'A collection of Folk tunes.', '2024-04-17', 'https://picsum.photos/id/311/180/180');
INSERT INTO PLAYLISTS (playlist_id, user_id, title, description, date_created, image) VALUES (226, 28, 'My Rock Playlist 29', 'A collection of Classical tunes.', '2021-09-09', 'https://picsum.photos/id/350/180/180');
INSERT INTO PLAYLISTS (playlist_id, user_id, title, description, date_created, image) VALUES (227, 100, 'My Folk Playlist 69', 'A collection of Classical tunes.', '2020-08-09', 'https://picsum.photos/id/347/180/180');
INSERT INTO PLAYLISTS (playlist_id, user_id, title, description, date_created, image) VALUES (228, 4, 'My Classical Playlist 18', 'A collection of R&B tunes.', '2021-12-09', 'https://picsum.photos/id/387/180/180');
INSERT INTO PLAYLISTS (playlist_id, user_id, title, description, date_created, image) VALUES (229, 98, 'My Country Playlist 9', 'A collection of Classical tunes.', '2021-01-07', 'https://picsum.photos/id/392/180/180');
INSERT INTO PLAYLISTS (playlist_id, user_id, title, description, date_created, image) VALUES (230, 75, 'My Alternative Playlist 3', 'A collection of Rock tunes.', '2022-04-05', 'https://picsum.photos/id/386/180/180');
INSERT INTO PLAYLISTS (playlist_id, user_id, title, description, date_created, image) VALUES (231, 45, 'My Reggae Playlist 25', 'A collection of Indie tunes.', '2022-07-24', 'https://picsum.photos/id/365/180/180');
INSERT INTO PLAYLISTS (playlist_id, user_id, title, description, date_created, image) VALUES (232, 50, 'My Pop Playlist 37', 'A collection of Electronic tunes.', '2022-02-15', 'https://picsum.photos/id/305/180/180');
INSERT INTO PLAYLISTS (playlist_id, user_id, title, description, date_created, image) VALUES (233, 9, 'My Classical Playlist 43', 'A collection of Dance tunes.', '2024-03-24', 'https://picsum.photos/id/366/180/180');
INSERT INTO PLAYLISTS (playlist_id, user_id, title, description, date_created, image) VALUES (234, 99, 'My Blues Playlist 5', 'A collection of Alternative tunes.', '2022-04-08', 'https://picsum.photos/id/378/180/180');
INSERT INTO PLAYLISTS (playlist_id, user_id, title, description, date_created, image) VALUES (235, 78, 'My Indie Playlist 63', 'A collection of Blues tunes.', '2020-10-10', 'https://picsum.photos/id/389/180/180');
INSERT INTO PLAYLISTS (playlist_id, user_id, title, description, date_created, image) VALUES (236, 79, 'My Indie Playlist 14', 'A collection of Folk tunes.', '2021-10-17', 'https://picsum.photos/id/383/180/180');
INSERT INTO PLAYLISTS (playlist_id, user_id, title, description, date_created, image) VALUES (237, 95, 'My Jazz Playlist 23', 'A collection of Alternative tunes.', '2020-08-16', 'https://picsum.photos/id/350/180/180');
INSERT INTO PLAYLISTS (playlist_id, user_id, title, description, date_created, image) VALUES (238, 77, 'My Folk Playlist 72', 'A collection of Pop tunes.', '2024-04-22', 'https://picsum.photos/id/365/180/180');
INSERT INTO PLAYLISTS (playlist_id, user_id, title, description, date_created, image) VALUES (239, 67, 'My R&B Playlist 54', 'A collection of Metal tunes.', '2021-08-20', 'https://picsum.photos/id/321/180/180');
INSERT INTO PLAYLISTS (playlist_id, user_id, title, description, date_created, image) VALUES (240, 22, 'My Rock Playlist 17', 'A collection of Jazz tunes.', '2024-03-28', 'https://picsum.photos/id/368/180/180');
INSERT INTO PLAYLISTS (playlist_id, user_id, title, description, date_created, image) VALUES (241, 58, 'My Jazz Playlist 45', 'A collection of Reggae tunes.', '2023-05-01', 'https://picsum.photos/id/364/180/180');
INSERT INTO PLAYLISTS (playlist_id, user_id, title, description, date_created, image) VALUES (242, 7, 'My Hip Hop Playlist 44', 'A collection of R&B tunes.', '2021-03-31', 'https://picsum.photos/id/351/180/180');
INSERT INTO PLAYLISTS (playlist_id, user_id, title, description, date_created, image) VALUES (243, 31, 'My Electronic Playlist 100', 'A collection of Rock tunes.', '2024-03-28', 'https://picsum.photos/id/356/180/180');
INSERT INTO PLAYLISTS (playlist_id, user_id, title, description, date_created, image) VALUES (244, 48, 'My Rock Playlist 65', 'A collection of Alternative tunes.', '2021-01-18', 'https://picsum.photos/id/326/180/180');
INSERT INTO PLAYLISTS (playlist_id, user_id, title, description, date_created, image) VALUES (245, 58, 'My Pop Playlist 12', 'A collection of Pop tunes.', '2021-02-03', 'https://picsum.photos/id/378/180/180');
INSERT INTO PLAYLISTS (playlist_id, user_id, title, description, date_created, image) VALUES (246, 13, 'My Hip Hop Playlist 5', 'A collection of Hip Hop tunes.', '2021-10-11', 'https://picsum.photos/id/306/180/180');
INSERT INTO PLAYLISTS (playlist_id, user_id, title, description, date_created, image) VALUES (247, 34, 'My Folk Playlist 96', 'A collection of Classical tunes.', '2022-08-29', 'https://picsum.photos/id/324/180/180');
INSERT INTO PLAYLISTS (playlist_id, user_id, title, description, date_created, image) VALUES (248, 91, 'My R&B Playlist 84', 'A collection of Jazz tunes.', '2021-08-29', 'https://picsum.photos/id/357/180/180');
INSERT INTO PLAYLISTS (playlist_id, user_id, title, description, date_created, image) VALUES (249, 29, 'My Country Playlist 89', 'A collection of Reggae tunes.', '2022-04-29', 'https://picsum.photos/id/338/180/180');
INSERT INTO PLAYLISTS (playlist_id, user_id, title, description, date_created, image) VALUES (250, 56, 'My Metal Playlist 33', 'A collection of Country tunes.', '2020-08-05', 'https://picsum.photos/id/397/180/180');
INSERT INTO PLAYLISTS (playlist_id, user_id, title, description, date_created, image) VALUES (251, 8, 'My Reggae Playlist 1', 'A collection of Metal tunes.', '2021-08-02', 'https://picsum.photos/id/325/180/180');
INSERT INTO PLAYLISTS (playlist_id, user_id, title, description, date_created, image) VALUES (252, 53, 'My Rock Playlist 99', 'A collection of Classical tunes.', '2022-10-04', 'https://picsum.photos/id/396/180/180');
INSERT INTO PLAYLISTS (playlist_id, user_id, title, description, date_created, image) VALUES (253, 36, 'My Dance Playlist 39', 'A collection of Dance tunes.', '2022-10-12', 'https://picsum.photos/id/399/180/180');
INSERT INTO PLAYLISTS (playlist_id, user_id, title, description, date_created, image) VALUES (254, 28, 'My R&B Playlist 64', 'A collection of Country tunes.', '2022-04-01', 'https://picsum.photos/id/356/180/180');
INSERT INTO PLAYLISTS (playlist_id, user_id, title, description, date_created, image) VALUES (255, 49, 'My Hip Hop Playlist 48', 'A collection of Hip Hop tunes.', '2021-01-25', 'https://picsum.photos/id/302/180/180');
INSERT INTO PLAYLISTS (playlist_id, user_id, title, description, date_created, image) VALUES (256, 85, 'My Alternative Playlist 46', 'A collection of Metal tunes.', '2021-09-09', 'https://picsum.photos/id/360/180/180');
INSERT INTO PLAYLISTS (playlist_id, user_id, title, description, date_created, image) VALUES (257, 58, 'My Pop Playlist 17', 'A collection of Hip Hop tunes.', '2020-09-24', 'https://picsum.photos/id/351/180/180');
INSERT INTO PLAYLISTS (playlist_id, user_id, title, description, date_created, image) VALUES (258, 10, 'My Folk Playlist 86', 'A collection of Indie tunes.', '2020-11-01', 'https://picsum.photos/id/313/180/180');
INSERT INTO PLAYLISTS (playlist_id, user_id, title, description, date_created, image) VALUES (259, 32, 'My Rock Playlist 28', 'A collection of Jazz tunes.', '2021-01-06', 'https://picsum.photos/id/341/180/180');
INSERT INTO PLAYLISTS (playlist_id, user_id, title, description, date_created, image) VALUES (260, 44, 'My Country Playlist 7', 'A collection of R&B tunes.', '2020-08-15', 'https://picsum.photos/id/390/180/180');
INSERT INTO PLAYLISTS (playlist_id, user_id, title, description, date_created, image) VALUES (261, 40, 'My Folk Playlist 40', 'A collection of Pop tunes.', '2023-01-09', 'https://picsum.photos/id/356/180/180');
INSERT INTO PLAYLISTS (playlist_id, user_id, title, description, date_created, image) VALUES (262, 100, 'My Country Playlist 3', 'A collection of Jazz tunes.', '2023-04-24', 'https://picsum.photos/id/302/180/180');
INSERT INTO PLAYLISTS (playlist_id, user_id, title, description, date_created, image) VALUES (263, 92, 'My Classical Playlist 86', 'A collection of Electronic tunes.', '2021-09-28', 'https://picsum.photos/id/306/180/180');
INSERT INTO PLAYLISTS (playlist_id, user_id, title, description, date_created, image) VALUES (264, 34, 'My Pop Playlist 30', 'A collection of Alternative tunes.', '2023-04-29', 'https://picsum.photos/id/381/180/180');
INSERT INTO PLAYLISTS (playlist_id, user_id, title, description, date_created, image) VALUES (265, 53, 'My Indie Playlist 12', 'A collection of Hip Hop tunes.', '2023-11-29', 'https://picsum.photos/id/347/180/180');
INSERT INTO PLAYLISTS (playlist_id, user_id, title, description, date_created, image) VALUES (266, 30, 'My Classical Playlist 61', 'A collection of Dance tunes.', '2023-02-16', 'https://picsum.photos/id/342/180/180');
INSERT INTO PLAYLISTS (playlist_id, user_id, title, description, date_created, image) VALUES (267, 14, 'My Metal Playlist 55', 'A collection of Reggae tunes.', '2023-02-26', 'https://picsum.photos/id/343/180/180');
INSERT INTO PLAYLISTS (playlist_id, user_id, title, description, date_created, image) VALUES (268, 80, 'My Jazz Playlist 70', 'A collection of Country tunes.', '2024-04-13', 'https://picsum.photos/id/355/180/180');
INSERT INTO PLAYLISTS (playlist_id, user_id, title, description, date_created, image) VALUES (269, 82, 'My Rock Playlist 47', 'A collection of Dance tunes.', '2022-08-14', 'https://picsum.photos/id/356/180/180');
INSERT INTO PLAYLISTS (playlist_id, user_id, title, description, date_created, image) VALUES (270, 50, 'My Hip Hop Playlist 72', 'A collection of Alternative tunes.', '2023-08-23', 'https://picsum.photos/id/355/180/180');
INSERT INTO PLAYLISTS (playlist_id, user_id, title, description, date_created, image) VALUES (271, 86, 'My Pop Playlist 4', 'A collection of Alternative tunes.', '2022-06-09', 'https://picsum.photos/id/361/180/180');
INSERT INTO PLAYLISTS (playlist_id, user_id, title, description, date_created, image) VALUES (272, 84, 'My Folk Playlist 61', 'A collection of Reggae tunes.', '2024-01-24', 'https://picsum.photos/id/318/180/180');
INSERT INTO PLAYLISTS (playlist_id, user_id, title, description, date_created, image) VALUES (273, 61, 'My Rock Playlist 63', 'A collection of Reggae tunes.', '2023-09-07', 'https://picsum.photos/id/365/180/180');
INSERT INTO PLAYLISTS (playlist_id, user_id, title, description, date_created, image) VALUES (274, 20, 'My Hip Hop Playlist 63', 'A collection of Hip Hop tunes.', '2020-12-28', 'https://picsum.photos/id/358/180/180');
INSERT INTO PLAYLISTS (playlist_id, user_id, title, description, date_created, image) VALUES (275, 64, 'My Rock Playlist 13', 'A collection of Dance tunes.', '2020-11-29', 'https://picsum.photos/id/352/180/180');
INSERT INTO PLAYLISTS (playlist_id, user_id, title, description, date_created, image) VALUES (276, 32, 'My Hip Hop Playlist 71', 'A collection of R&B tunes.', '2023-05-16', 'https://picsum.photos/id/391/180/180');
INSERT INTO PLAYLISTS (playlist_id, user_id, title, description, date_created, image) VALUES (277, 50, 'My Country Playlist 59', 'A collection of Dance tunes.', '2021-10-24', 'https://picsum.photos/id/380/180/180');
INSERT INTO PLAYLISTS (playlist_id, user_id, title, description, date_created, image) VALUES (278, 96, 'My Electronic Playlist 82', 'A collection of R&B tunes.', '2021-07-26', 'https://picsum.photos/id/392/180/180');
INSERT INTO PLAYLISTS (playlist_id, user_id, title, description, date_created, image) VALUES (279, 18, 'My Blues Playlist 57', 'A collection of Electronic tunes.', '2021-02-22', 'https://picsum.photos/id/343/180/180');
INSERT INTO PLAYLISTS (playlist_id, user_id, title, description, date_created, image) VALUES (280, 4, 'My Dance Playlist 52', 'A collection of Electronic tunes.', '2021-04-16', 'https://picsum.photos/id/330/180/180');
INSERT INTO PLAYLISTS (playlist_id, user_id, title, description, date_created, image) VALUES (281, 7, 'My Metal Playlist 23', 'A collection of Hip Hop tunes.', '2022-07-04', 'https://picsum.photos/id/331/180/180');
INSERT INTO PLAYLISTS (playlist_id, user_id, title, description, date_created, image) VALUES (282, 87, 'My Blues Playlist 49', 'A collection of Classical tunes.', '2021-04-14', 'https://picsum.photos/id/317/180/180');
INSERT INTO PLAYLISTS (playlist_id, user_id, title, description, date_created, image) VALUES (283, 41, 'My Rock Playlist 93', 'A collection of Jazz tunes.', '2022-09-12', 'https://picsum.photos/id/327/180/180');
INSERT INTO PLAYLISTS (playlist_id, user_id, title, description, date_created, image) VALUES (284, 84, 'My Indie Playlist 11', 'A collection of Folk tunes.', '2021-07-14', 'https://picsum.photos/id/386/180/180');
INSERT INTO PLAYLISTS (playlist_id, user_id, title, description, date_created, image) VALUES (285, 19, 'My Indie Playlist 93', 'A collection of Folk tunes.', '2021-01-10', 'https://picsum.photos/id/361/180/180');
INSERT INTO PLAYLISTS (playlist_id, user_id, title, description, date_created, image) VALUES (286, 98, 'My R&B Playlist 31', 'A collection of Hip Hop tunes.', '2023-03-22', 'https://picsum.photos/id/352/180/180');
INSERT INTO PLAYLISTS (playlist_id, user_id, title, description, date_created, image) VALUES (287, 44, 'My Dance Playlist 76', 'A collection of Folk tunes.', '2020-01-14', 'https://picsum.photos/id/400/180/180');
INSERT INTO PLAYLISTS (playlist_id, user_id, title, description, date_created, image) VALUES (288, 11, 'My Hip Hop Playlist 3', 'A collection of Dance tunes.', '2022-02-26', 'https://picsum.photos/id/376/180/180');
INSERT INTO PLAYLISTS (playlist_id, user_id, title, description, date_created, image) VALUES (289, 86, 'My Rock Playlist 90', 'A collection of Classical tunes.', '2021-09-03', 'https://picsum.photos/id/375/180/180');
INSERT INTO PLAYLISTS (playlist_id, user_id, title, description, date_created, image) VALUES (290, 88, 'My Metal Playlist 66', 'A collection of Metal tunes.', '2022-07-24', 'https://picsum.photos/id/387/180/180');
INSERT INTO PLAYLISTS (playlist_id, user_id, title, description, date_created, image) VALUES (291, 80, 'My Jazz Playlist 70', 'A collection of Reggae tunes.', '2021-09-20', 'https://picsum.photos/id/309/180/180');
INSERT INTO PLAYLISTS (playlist_id, user_id, title, description, date_created, image) VALUES (292, 60, 'My Jazz Playlist 86', 'A collection of Hip Hop tunes.', '2022-06-12', 'https://picsum.photos/id/353/180/180');
INSERT INTO PLAYLISTS (playlist_id, user_id, title, description, date_created, image) VALUES (293, 80, 'My Indie Playlist 88', 'A collection of Metal tunes.', '2022-05-31', 'https://picsum.photos/id/352/180/180');
INSERT INTO PLAYLISTS (playlist_id, user_id, title, description, date_created, image) VALUES (294, 81, 'My Rock Playlist 49', 'A collection of Rock tunes.', '2023-04-11', 'https://picsum.photos/id/373/180/180');
INSERT INTO PLAYLISTS (playlist_id, user_id, title, description, date_created, image) VALUES (295, 82, 'My Rock Playlist 40', 'A collection of Metal tunes.', '2022-08-19', 'https://picsum.photos/id/320/180/180');
INSERT INTO PLAYLISTS (playlist_id, user_id, title, description, date_created, image) VALUES (296, 82, 'My Electronic Playlist 44', 'A collection of Dance tunes.', '2023-11-23', 'https://picsum.photos/id/321/180/180');
INSERT INTO PLAYLISTS (playlist_id, user_id, title, description, date_created, image) VALUES (297, 3, 'My R&B Playlist 85', 'A collection of Jazz tunes.', '2020-05-26', 'https://picsum.photos/id/385/180/180');
INSERT INTO PLAYLISTS (playlist_id, user_id, title, description, date_created, image) VALUES (298, 5, 'My Alternative Playlist 65', 'A collection of Jazz tunes.', '2021-09-20', 'https://picsum.photos/id/390/180/180');
INSERT INTO PLAYLISTS (playlist_id, user_id, title, description, date_created, image) VALUES (299, 9, 'My Classical Playlist 55', 'A collection of Electronic tunes.', '2023-06-21', 'https://picsum.photos/id/316/180/180');
INSERT INTO PLAYLISTS (playlist_id, user_id, title, description, date_created, image) VALUES (300, 5, 'My R&B Playlist 96', 'A collection of Rock tunes.', '2022-06-19', 'https://picsum.photos/id/380/180/180');
INSERT INTO PLAYLISTS (playlist_id, user_id, title, description, date_created, image) VALUES (301, 92, 'My Classical Playlist 12', 'A collection of Jazz tunes.', '2020-04-06', 'https://picsum.photos/id/315/180/180');
INSERT INTO PLAYLISTS (playlist_id, user_id, title, description, date_created, image) VALUES (302, 42, 'My Jazz Playlist 57', 'A collection of Country tunes.', '2020-06-21', 'https://picsum.photos/id/329/180/180');
INSERT INTO PLAYLISTS (playlist_id, user_id, title, description, date_created, image) VALUES (303, 22, 'My Blues Playlist 95', 'A collection of Hip Hop tunes.', '2020-06-23', 'https://picsum.photos/id/320/180/180');
INSERT INTO PLAYLISTS (playlist_id, user_id, title, description, date_created, image) VALUES (304, 27, 'My R&B Playlist 78', 'A collection of Indie tunes.', '2021-12-01', 'https://picsum.photos/id/372/180/180');
INSERT INTO PLAYLISTS (playlist_id, user_id, title, description, date_created, image) VALUES (305, 79, 'My Indie Playlist 80', 'A collection of Classical tunes.', '2021-01-23', 'https://picsum.photos/id/306/180/180');
INSERT INTO PLAYLISTS (playlist_id, user_id, title, description, date_created, image) VALUES (306, 66, 'My Dance Playlist 91', 'A collection of Alternative tunes.', '2021-06-22', 'https://picsum.photos/id/346/180/180');
INSERT INTO PLAYLISTS (playlist_id, user_id, title, description, date_created, image) VALUES (307, 66, 'My R&B Playlist 11', 'A collection of Alternative tunes.', '2023-10-17', 'https://picsum.photos/id/344/180/180');
INSERT INTO PLAYLISTS (playlist_id, user_id, title, description, date_created, image) VALUES (308, 73, 'My Metal Playlist 66', 'A collection of Rock tunes.', '2022-11-11', 'https://picsum.photos/id/323/180/180');
INSERT INTO PLAYLISTS (playlist_id, user_id, title, description, date_created, image) VALUES (309, 72, 'My Reggae Playlist 53', 'A collection of Jazz tunes.', '2020-07-20', 'https://picsum.photos/id/376/180/180');
INSERT INTO PLAYLISTS (playlist_id, user_id, title, description, date_created, image) VALUES (310, 30, 'My Reggae Playlist 83', 'A collection of Pop tunes.', '2022-05-02', 'https://picsum.photos/id/313/180/180');
INSERT INTO PLAYLISTS (playlist_id, user_id, title, description, date_created, image) VALUES (311, 92, 'My Metal Playlist 95', 'A collection of Rock tunes.', '2023-03-03', 'https://picsum.photos/id/396/180/180');
INSERT INTO PLAYLISTS (playlist_id, user_id, title, description, date_created, image) VALUES (312, 72, 'My Dance Playlist 82', 'A collection of Indie tunes.', '2023-01-07', 'https://picsum.photos/id/377/180/180');
INSERT INTO PLAYLISTS (playlist_id, user_id, title, description, date_created, image) VALUES (313, 65, 'My Reggae Playlist 78', 'A collection of Country tunes.', '2023-07-07', 'https://picsum.photos/id/336/180/180');
INSERT INTO PLAYLISTS (playlist_id, user_id, title, description, date_created, image) VALUES (314, 19, 'My Blues Playlist 88', 'A collection of Classical tunes.', '2023-04-27', 'https://picsum.photos/id/384/180/180');
INSERT INTO PLAYLISTS (playlist_id, user_id, title, description, date_created, image) VALUES (315, 38, 'My Jazz Playlist 38', 'A collection of Hip Hop tunes.', '2022-12-08', 'https://picsum.photos/id/302/180/180');
INSERT INTO PLAYLISTS (playlist_id, user_id, title, description, date_created, image) VALUES (316, 57, 'My Hip Hop Playlist 58', 'A collection of R&B tunes.', '2021-08-23', 'https://picsum.photos/id/325/180/180');
INSERT INTO PLAYLISTS (playlist_id, user_id, title, description, date_created, image) VALUES (317, 22, 'My Hip Hop Playlist 17', 'A collection of Rock tunes.', '2020-01-02', 'https://picsum.photos/id/357/180/180');
INSERT INTO PLAYLISTS (playlist_id, user_id, title, description, date_created, image) VALUES (318, 83, 'My Alternative Playlist 13', 'A collection of Classical tunes.', '2022-05-30', 'https://picsum.photos/id/371/180/180');
INSERT INTO PLAYLISTS (playlist_id, user_id, title, description, date_created, image) VALUES (319, 92, 'My Dance Playlist 93', 'A collection of Alternative tunes.', '2022-04-26', 'https://picsum.photos/id/375/180/180');
INSERT INTO PLAYLISTS (playlist_id, user_id, title, description, date_created, image) VALUES (320, 22, 'My R&B Playlist 87', 'A collection of Indie tunes.', '2021-03-16', 'https://picsum.photos/id/355/180/180');
INSERT INTO PLAYLISTS (playlist_id, user_id, title, description, date_created, image) VALUES (321, 36, 'My Blues Playlist 14', 'A collection of Blues tunes.', '2022-02-18', 'https://picsum.photos/id/320/180/180');
INSERT INTO PLAYLISTS (playlist_id, user_id, title, description, date_created, image) VALUES (322, 91, 'My Hip Hop Playlist 54', 'A collection of Rock tunes.', '2022-01-02', 'https://picsum.photos/id/347/180/180');
INSERT INTO PLAYLISTS (playlist_id, user_id, title, description, date_created, image) VALUES (323, 24, 'My R&B Playlist 19', 'A collection of Hip Hop tunes.', '2020-12-04', 'https://picsum.photos/id/328/180/180');
INSERT INTO PLAYLISTS (playlist_id, user_id, title, description, date_created, image) VALUES (324, 68, 'My Blues Playlist 93', 'A collection of Hip Hop tunes.', '2022-03-16', 'https://picsum.photos/id/367/180/180');
INSERT INTO PLAYLISTS (playlist_id, user_id, title, description, date_created, image) VALUES (325, 34, 'My Reggae Playlist 100', 'A collection of Dance tunes.', '2024-01-06', 'https://picsum.photos/id/310/180/180');
INSERT INTO PLAYLISTS (playlist_id, user_id, title, description, date_created, image) VALUES (326, 58, 'My Dance Playlist 50', 'A collection of Indie tunes.', '2020-08-24', 'https://picsum.photos/id/322/180/180');
INSERT INTO PLAYLISTS (playlist_id, user_id, title, description, date_created, image) VALUES (327, 3, 'My Hip Hop Playlist 10', 'A collection of Blues tunes.', '2020-07-09', 'https://picsum.photos/id/347/180/180');
INSERT INTO PLAYLISTS (playlist_id, user_id, title, description, date_created, image) VALUES (328, 27, 'My Hip Hop Playlist 9', 'A collection of Rock tunes.', '2024-02-29', 'https://picsum.photos/id/388/180/180');
INSERT INTO PLAYLISTS (playlist_id, user_id, title, description, date_created, image) VALUES (329, 25, 'My Folk Playlist 42', 'A collection of Hip Hop tunes.', '2021-08-21', 'https://picsum.photos/id/301/180/180');
INSERT INTO PLAYLISTS (playlist_id, user_id, title, description, date_created, image) VALUES (330, 82, 'My Alternative Playlist 98', 'A collection of Folk tunes.', '2021-01-15', 'https://picsum.photos/id/379/180/180');
INSERT INTO PLAYLISTS (playlist_id, user_id, title, description, date_created, image) VALUES (331, 51, 'My Electronic Playlist 4', 'A collection of Metal tunes.', '2022-01-03', 'https://picsum.photos/id/307/180/180');
INSERT INTO PLAYLISTS (playlist_id, user_id, title, description, date_created, image) VALUES (332, 55, 'My Rock Playlist 32', 'A collection of Blues tunes.', '2020-05-09', 'https://picsum.photos/id/306/180/180');
INSERT INTO PLAYLISTS (playlist_id, user_id, title, description, date_created, image) VALUES (333, 26, 'My Pop Playlist 84', 'A collection of Jazz tunes.', '2023-11-08', 'https://picsum.photos/id/320/180/180');
INSERT INTO PLAYLISTS (playlist_id, user_id, title, description, date_created, image) VALUES (334, 74, 'My Reggae Playlist 46', 'A collection of Rock tunes.', '2021-01-10', 'https://picsum.photos/id/369/180/180');
INSERT INTO PLAYLISTS (playlist_id, user_id, title, description, date_created, image) VALUES (335, 40, 'My R&B Playlist 23', 'A collection of Metal tunes.', '2024-02-23', 'https://picsum.photos/id/313/180/180');
INSERT INTO PLAYLISTS (playlist_id, user_id, title, description, date_created, image) VALUES (336, 82, 'My Dance Playlist 1', 'A collection of Alternative tunes.', '2020-08-04', 'https://picsum.photos/id/367/180/180');
INSERT INTO PLAYLISTS (playlist_id, user_id, title, description, date_created, image) VALUES (337, 13, 'My R&B Playlist 48', 'A collection of Indie tunes.', '2023-05-22', 'https://picsum.photos/id/351/180/180');
INSERT INTO PLAYLISTS (playlist_id, user_id, title, description, date_created, image) VALUES (338, 92, 'My Folk Playlist 3', 'A collection of Dance tunes.', '2021-02-03', 'https://picsum.photos/id/397/180/180');
INSERT INTO PLAYLISTS (playlist_id, user_id, title, description, date_created, image) VALUES (339, 26, 'My Country Playlist 84', 'A collection of Country tunes.', '2024-03-28', 'https://picsum.photos/id/352/180/180');
INSERT INTO PLAYLISTS (playlist_id, user_id, title, description, date_created, image) VALUES (340, 97, 'My Reggae Playlist 10', 'A collection of Metal tunes.', '2020-02-27', 'https://picsum.photos/id/357/180/180');
INSERT INTO PLAYLISTS (playlist_id, user_id, title, description, date_created, image) VALUES (341, 16, 'My Alternative Playlist 71', 'A collection of Indie tunes.', '2020-08-27', 'https://picsum.photos/id/325/180/180');
INSERT INTO PLAYLISTS (playlist_id, user_id, title, description, date_created, image) VALUES (342, 22, 'My R&B Playlist 70', 'A collection of Folk tunes.', '2022-07-07', 'https://picsum.photos/id/305/180/180');
INSERT INTO PLAYLISTS (playlist_id, user_id, title, description, date_created, image) VALUES (343, 82, 'My Alternative Playlist 83', 'A collection of Classical tunes.', '2022-06-10', 'https://picsum.photos/id/322/180/180');
INSERT INTO PLAYLISTS (playlist_id, user_id, title, description, date_created, image) VALUES (344, 28, 'My Jazz Playlist 94', 'A collection of R&B tunes.', '2021-04-17', 'https://picsum.photos/id/316/180/180');
INSERT INTO PLAYLISTS (playlist_id, user_id, title, description, date_created, image) VALUES (345, 58, 'My Folk Playlist 79', 'A collection of R&B tunes.', '2024-01-14', 'https://picsum.photos/id/357/180/180');
INSERT INTO PLAYLISTS (playlist_id, user_id, title, description, date_created, image) VALUES (346, 73, 'My Indie Playlist 82', 'A collection of Jazz tunes.', '2021-11-30', 'https://picsum.photos/id/315/180/180');
INSERT INTO PLAYLISTS (playlist_id, user_id, title, description, date_created, image) VALUES (347, 27, 'My Dance Playlist 66', 'A collection of Blues tunes.', '2023-08-03', 'https://picsum.photos/id/393/180/180');
INSERT INTO PLAYLISTS (playlist_id, user_id, title, description, date_created, image) VALUES (348, 12, 'My Alternative Playlist 17', 'A collection of Electronic tunes.', '2021-05-03', 'https://picsum.photos/id/387/180/180');
INSERT INTO PLAYLISTS (playlist_id, user_id, title, description, date_created, image) VALUES (349, 70, 'My Folk Playlist 84', 'A collection of Rock tunes.', '2024-03-01', 'https://picsum.photos/id/395/180/180');
INSERT INTO PLAYLISTS (playlist_id, user_id, title, description, date_created, image) VALUES (350, 72, 'My Hip Hop Playlist 23', 'A collection of Folk tunes.', '2020-11-14', 'https://picsum.photos/id/364/180/180');
INSERT INTO PLAYLISTS (playlist_id, user_id, title, description, date_created, image) VALUES (351, 11, 'My Jazz Playlist 4', 'A collection of Pop tunes.', '2021-01-02', 'https://picsum.photos/id/353/180/180');
INSERT INTO PLAYLISTS (playlist_id, user_id, title, description, date_created, image) VALUES (352, 63, 'My Country Playlist 19', 'A collection of Country tunes.', '2020-05-18', 'https://picsum.photos/id/358/180/180');
INSERT INTO PLAYLISTS (playlist_id, user_id, title, description, date_created, image) VALUES (353, 63, 'My Jazz Playlist 59', 'A collection of Alternative tunes.', '2023-03-09', 'https://picsum.photos/id/384/180/180');
INSERT INTO PLAYLISTS (playlist_id, user_id, title, description, date_created, image) VALUES (354, 30, 'My Rock Playlist 48', 'A collection of Country tunes.', '2022-09-02', 'https://picsum.photos/id/381/180/180');
INSERT INTO PLAYLISTS (playlist_id, user_id, title, description, date_created, image) VALUES (355, 30, 'My Metal Playlist 78', 'A collection of Electronic tunes.', '2022-05-23', 'https://picsum.photos/id/354/180/180');
INSERT INTO PLAYLISTS (playlist_id, user_id, title, description, date_created, image) VALUES (356, 46, 'My Metal Playlist 13', 'A collection of Hip Hop tunes.', '2023-03-05', 'https://picsum.photos/id/383/180/180');
INSERT INTO PLAYLISTS (playlist_id, user_id, title, description, date_created, image) VALUES (357, 99, 'My Alternative Playlist 92', 'A collection of Electronic tunes.', '2023-05-15', 'https://picsum.photos/id/311/180/180');
INSERT INTO PLAYLISTS (playlist_id, user_id, title, description, date_created, image) VALUES (358, 95, 'My Hip Hop Playlist 100', 'A collection of Metal tunes.', '2023-04-01', 'https://picsum.photos/id/372/180/180');
INSERT INTO PLAYLISTS (playlist_id, user_id, title, description, date_created, image) VALUES (359, 43, 'My Dance Playlist 16', 'A collection of Reggae tunes.', '2023-04-22', 'https://picsum.photos/id/339/180/180');
INSERT INTO PLAYLISTS (playlist_id, user_id, title, description, date_created, image) VALUES (360, 13, 'My Jazz Playlist 79', 'A collection of Rock tunes.', '2023-03-17', 'https://picsum.photos/id/395/180/180');
INSERT INTO PLAYLISTS (playlist_id, user_id, title, description, date_created, image) VALUES (361, 91, 'My Rock Playlist 90', 'A collection of Reggae tunes.', '2022-02-16', 'https://picsum.photos/id/372/180/180');
INSERT INTO PLAYLISTS (playlist_id, user_id, title, description, date_created, image) VALUES (362, 86, 'My Rock Playlist 35', 'A collection of Reggae tunes.', '2024-02-29', 'https://picsum.photos/id/353/180/180');
INSERT INTO PLAYLISTS (playlist_id, user_id, title, description, date_created, image) VALUES (363, 70, 'My Blues Playlist 10', 'A collection of Country tunes.', '2021-10-24', 'https://picsum.photos/id/353/180/180');
INSERT INTO PLAYLISTS (playlist_id, user_id, title, description, date_created, image) VALUES (364, 53, 'My Electronic Playlist 62', 'A collection of R&B tunes.', '2021-01-27', 'https://picsum.photos/id/367/180/180');
INSERT INTO PLAYLISTS (playlist_id, user_id, title, description, date_created, image) VALUES (365, 18, 'My Rock Playlist 79', 'A collection of Blues tunes.', '2020-08-13', 'https://picsum.photos/id/357/180/180');
INSERT INTO PLAYLISTS (playlist_id, user_id, title, description, date_created, image) VALUES (366, 75, 'My Reggae Playlist 61', 'A collection of Dance tunes.', '2023-02-26', 'https://picsum.photos/id/344/180/180');
INSERT INTO PLAYLISTS (playlist_id, user_id, title, description, date_created, image) VALUES (367, 86, 'My Dance Playlist 26', 'A collection of Folk tunes.', '2022-11-05', 'https://picsum.photos/id/395/180/180');
INSERT INTO PLAYLISTS (playlist_id, user_id, title, description, date_created, image) VALUES (368, 93, 'My Folk Playlist 91', 'A collection of R&B tunes.', '2024-04-24', 'https://picsum.photos/id/319/180/180');
INSERT INTO PLAYLISTS (playlist_id, user_id, title, description, date_created, image) VALUES (369, 63, 'My Hip Hop Playlist 6', 'A collection of Dance tunes.', '2020-03-10', 'https://picsum.photos/id/302/180/180');
INSERT INTO PLAYLISTS (playlist_id, user_id, title, description, date_created, image) VALUES (370, 53, 'My R&B Playlist 69', 'A collection of Jazz tunes.', '2021-11-18', 'https://picsum.photos/id/376/180/180');
INSERT INTO PLAYLISTS (playlist_id, user_id, title, description, date_created, image) VALUES (371, 79, 'My Indie Playlist 19', 'A collection of Jazz tunes.', '2022-06-29', 'https://picsum.photos/id/329/180/180');
INSERT INTO PLAYLISTS (playlist_id, user_id, title, description, date_created, image) VALUES (372, 1, 'My Folk Playlist 87', 'A collection of Metal tunes.', '2021-09-27', 'https://picsum.photos/id/334/180/180');
INSERT INTO PLAYLISTS (playlist_id, user_id, title, description, date_created, image) VALUES (373, 58, 'My Dance Playlist 48', 'A collection of Reggae tunes.', '2023-10-16', 'https://picsum.photos/id/356/180/180');
INSERT INTO PLAYLISTS (playlist_id, user_id, title, description, date_created, image) VALUES (374, 97, 'My Country Playlist 1', 'A collection of Rock tunes.', '2023-02-14', 'https://picsum.photos/id/381/180/180');
INSERT INTO PLAYLISTS (playlist_id, user_id, title, description, date_created, image) VALUES (375, 64, 'My Dance Playlist 25', 'A collection of Electronic tunes.', '2020-11-05', 'https://picsum.photos/id/383/180/180');
INSERT INTO PLAYLISTS (playlist_id, user_id, title, description, date_created, image) VALUES (376, 95, 'My Folk Playlist 88', 'A collection of Pop tunes.', '2020-07-07', 'https://picsum.photos/id/347/180/180');
INSERT INTO PLAYLISTS (playlist_id, user_id, title, description, date_created, image) VALUES (377, 52, 'My Classical Playlist 48', 'A collection of Pop tunes.', '2021-08-26', 'https://picsum.photos/id/331/180/180');
INSERT INTO PLAYLISTS (playlist_id, user_id, title, description, date_created, image) VALUES (378, 68, 'My Country Playlist 72', 'A collection of Alternative tunes.', '2022-08-01', 'https://picsum.photos/id/387/180/180');
INSERT INTO PLAYLISTS (playlist_id, user_id, title, description, date_created, image) VALUES (379, 83, 'My R&B Playlist 87', 'A collection of Dance tunes.', '2022-08-10', 'https://picsum.photos/id/383/180/180');
INSERT INTO PLAYLISTS (playlist_id, user_id, title, description, date_created, image) VALUES (380, 66, 'My Indie Playlist 56', 'A collection of Electronic tunes.', '2023-07-15', 'https://picsum.photos/id/398/180/180');
INSERT INTO PLAYLISTS (playlist_id, user_id, title, description, date_created, image) VALUES (381, 9, 'My Dance Playlist 15', 'A collection of Metal tunes.', '2023-02-06', 'https://picsum.photos/id/340/180/180');
INSERT INTO PLAYLISTS (playlist_id, user_id, title, description, date_created, image) VALUES (382, 41, 'My Dance Playlist 67', 'A collection of Folk tunes.', '2020-08-12', 'https://picsum.photos/id/332/180/180');
INSERT INTO PLAYLISTS (playlist_id, user_id, title, description, date_created, image) VALUES (383, 59, 'My Dance Playlist 21', 'A collection of Reggae tunes.', '2022-07-29', 'https://picsum.photos/id/323/180/180');
INSERT INTO PLAYLISTS (playlist_id, user_id, title, description, date_created, image) VALUES (384, 6, 'My Country Playlist 36', 'A collection of Electronic tunes.', '2020-11-23', 'https://picsum.photos/id/333/180/180');
INSERT INTO PLAYLISTS (playlist_id, user_id, title, description, date_created, image) VALUES (385, 13, 'My Indie Playlist 87', 'A collection of Hip Hop tunes.', '2022-01-08', 'https://picsum.photos/id/310/180/180');
INSERT INTO PLAYLISTS (playlist_id, user_id, title, description, date_created, image) VALUES (386, 42, 'My Rock Playlist 76', 'A collection of Reggae tunes.', '2022-09-06', 'https://picsum.photos/id/329/180/180');
INSERT INTO PLAYLISTS (playlist_id, user_id, title, description, date_created, image) VALUES (387, 76, 'My Indie Playlist 41', 'A collection of Country tunes.', '2024-05-18', 'https://picsum.photos/id/365/180/180');
INSERT INTO PLAYLISTS (playlist_id, user_id, title, description, date_created, image) VALUES (388, 68, 'My Alternative Playlist 11', 'A collection of Jazz tunes.', '2024-02-24', 'https://picsum.photos/id/392/180/180');
INSERT INTO PLAYLISTS (playlist_id, user_id, title, description, date_created, image) VALUES (389, 85, 'My Classical Playlist 8', 'A collection of Electronic tunes.', '2023-07-27', 'https://picsum.photos/id/333/180/180');
INSERT INTO PLAYLISTS (playlist_id, user_id, title, description, date_created, image) VALUES (390, 7, 'My Hip Hop Playlist 5', 'A collection of Electronic tunes.', '2024-04-19', 'https://picsum.photos/id/382/180/180');
INSERT INTO PLAYLISTS (playlist_id, user_id, title, description, date_created, image) VALUES (391, 4, 'My Alternative Playlist 34', 'A collection of Country tunes.', '2020-06-05', 'https://picsum.photos/id/349/180/180');
INSERT INTO PLAYLISTS (playlist_id, user_id, title, description, date_created, image) VALUES (392, 65, 'My Alternative Playlist 38', 'A collection of Country tunes.', '2020-05-05', 'https://picsum.photos/id/362/180/180');
INSERT INTO PLAYLISTS (playlist_id, user_id, title, description, date_created, image) VALUES (393, 89, 'My R&B Playlist 43', 'A collection of Dance tunes.', '2022-02-27', 'https://picsum.photos/id/360/180/180');
INSERT INTO PLAYLISTS (playlist_id, user_id, title, description, date_created, image) VALUES (394, 33, 'My Country Playlist 23', 'A collection of Country tunes.', '2022-11-04', 'https://picsum.photos/id/379/180/180');
INSERT INTO PLAYLISTS (playlist_id, user_id, title, description, date_created, image) VALUES (395, 11, 'My Jazz Playlist 92', 'A collection of Classical tunes.', '2021-12-05', 'https://picsum.photos/id/358/180/180');
INSERT INTO PLAYLISTS (playlist_id, user_id, title, description, date_created, image) VALUES (396, 62, 'My Classical Playlist 24', 'A collection of Metal tunes.', '2021-03-14', 'https://picsum.photos/id/315/180/180');
INSERT INTO PLAYLISTS (playlist_id, user_id, title, description, date_created, image) VALUES (397, 93, 'My Indie Playlist 99', 'A collection of R&B tunes.', '2023-06-23', 'https://picsum.photos/id/302/180/180');
INSERT INTO PLAYLISTS (playlist_id, user_id, title, description, date_created, image) VALUES (398, 71, 'My Classical Playlist 20', 'A collection of Jazz tunes.', '2022-09-01', 'https://picsum.photos/id/307/180/180');
INSERT INTO PLAYLISTS (playlist_id, user_id, title, description, date_created, image) VALUES (399, 1, 'My R&B Playlist 27', 'A collection of Rock tunes.', '2020-06-15', 'https://picsum.photos/id/319/180/180');
INSERT INTO PLAYLISTS (playlist_id, user_id, title, description, date_created, image) VALUES (400, 19, 'My Jazz Playlist 99', 'A collection of Alternative tunes.', '2022-11-05', 'https://picsum.photos/id/345/180/180');
INSERT INTO PLAYLISTS (playlist_id, user_id, title, description, date_created, image) VALUES (401, 80, 'My R&B Playlist 97', 'A collection of Alternative tunes.', '2020-05-21', 'https://picsum.photos/id/395/180/180');
INSERT INTO PLAYLISTS (playlist_id, user_id, title, description, date_created, image) VALUES (402, 58, 'My Pop Playlist 88', 'A collection of Electronic tunes.', '2020-01-18', 'https://picsum.photos/id/335/180/180');
INSERT INTO PLAYLISTS (playlist_id, user_id, title, description, date_created, image) VALUES (403, 87, 'My Hip Hop Playlist 25', 'A collection of Pop tunes.', '2021-09-16', 'https://picsum.photos/id/363/180/180');
INSERT INTO PLAYLISTS (playlist_id, user_id, title, description, date_created, image) VALUES (404, 52, 'My Classical Playlist 21', 'A collection of Pop tunes.', '2021-05-20', 'https://picsum.photos/id/305/180/180');
INSERT INTO PLAYLISTS (playlist_id, user_id, title, description, date_created, image) VALUES (405, 40, 'My Indie Playlist 81', 'A collection of Alternative tunes.', '2023-11-19', 'https://picsum.photos/id/346/180/180');
INSERT INTO PLAYLISTS (playlist_id, user_id, title, description, date_created, image) VALUES (406, 71, 'My Electronic Playlist 86', 'A collection of Blues tunes.', '2022-09-02', 'https://picsum.photos/id/319/180/180');
INSERT INTO PLAYLISTS (playlist_id, user_id, title, description, date_created, image) VALUES (407, 39, 'My R&B Playlist 36', 'A collection of Hip Hop tunes.', '2020-05-29', 'https://picsum.photos/id/308/180/180');
INSERT INTO PLAYLISTS (playlist_id, user_id, title, description, date_created, image) VALUES (408, 76, 'My Country Playlist 5', 'A collection of Metal tunes.', '2021-04-26', 'https://picsum.photos/id/395/180/180');
INSERT INTO PLAYLISTS (playlist_id, user_id, title, description, date_created, image) VALUES (409, 13, 'My Electronic Playlist 44', 'A collection of Metal tunes.', '2023-02-12', 'https://picsum.photos/id/342/180/180');
INSERT INTO PLAYLISTS (playlist_id, user_id, title, description, date_created, image) VALUES (410, 75, 'My Indie Playlist 66', 'A collection of Blues tunes.', '2023-04-28', 'https://picsum.photos/id/361/180/180');
INSERT INTO PLAYLISTS (playlist_id, user_id, title, description, date_created, image) VALUES (411, 71, 'My Rock Playlist 29', 'A collection of Folk tunes.', '2024-05-15', 'https://picsum.photos/id/348/180/180');
INSERT INTO PLAYLISTS (playlist_id, user_id, title, description, date_created, image) VALUES (412, 31, 'My Classical Playlist 91', 'A collection of R&B tunes.', '2022-02-15', 'https://picsum.photos/id/357/180/180');
INSERT INTO PLAYLISTS (playlist_id, user_id, title, description, date_created, image) VALUES (413, 47, 'My Alternative Playlist 70', 'A collection of Metal tunes.', '2020-02-12', 'https://picsum.photos/id/366/180/180');
INSERT INTO PLAYLISTS (playlist_id, user_id, title, description, date_created, image) VALUES (414, 40, 'My Pop Playlist 39', 'A collection of Pop tunes.', '2021-05-28', 'https://picsum.photos/id/368/180/180');
INSERT INTO PLAYLISTS (playlist_id, user_id, title, description, date_created, image) VALUES (415, 78, 'My Indie Playlist 29', 'A collection of Metal tunes.', '2023-11-04', 'https://picsum.photos/id/396/180/180');
INSERT INTO PLAYLISTS (playlist_id, user_id, title, description, date_created, image) VALUES (416, 4, 'My Electronic Playlist 33', 'A collection of Indie tunes.', '2021-06-30', 'https://picsum.photos/id/334/180/180');
INSERT INTO PLAYLISTS (playlist_id, user_id, title, description, date_created, image) VALUES (417, 79, 'My Jazz Playlist 61', 'A collection of Pop tunes.', '2023-11-14', 'https://picsum.photos/id/350/180/180');
INSERT INTO PLAYLISTS (playlist_id, user_id, title, description, date_created, image) VALUES (418, 97, 'My R&B Playlist 63', 'A collection of Metal tunes.', '2022-08-30', 'https://picsum.photos/id/311/180/180');
INSERT INTO PLAYLISTS (playlist_id, user_id, title, description, date_created, image) VALUES (419, 14, 'My R&B Playlist 15', 'A collection of Folk tunes.', '2023-05-05', 'https://picsum.photos/id/332/180/180');
INSERT INTO PLAYLISTS (playlist_id, user_id, title, description, date_created, image) VALUES (420, 5, 'My Pop Playlist 50', 'A collection of Dance tunes.', '2021-10-25', 'https://picsum.photos/id/394/180/180');
INSERT INTO PLAYLISTS (playlist_id, user_id, title, description, date_created, image) VALUES (421, 61, 'My Reggae Playlist 41', 'A collection of Hip Hop tunes.', '2022-07-18', 'https://picsum.photos/id/332/180/180');
INSERT INTO PLAYLISTS (playlist_id, user_id, title, description, date_created, image) VALUES (422, 69, 'My Electronic Playlist 12', 'A collection of Classical tunes.', '2023-06-24', 'https://picsum.photos/id/304/180/180');
INSERT INTO PLAYLISTS (playlist_id, user_id, title, description, date_created, image) VALUES (423, 41, 'My Reggae Playlist 52', 'A collection of Electronic tunes.', '2021-04-18', 'https://picsum.photos/id/358/180/180');
INSERT INTO PLAYLISTS (playlist_id, user_id, title, description, date_created, image) VALUES (424, 56, 'My Jazz Playlist 61', 'A collection of Hip Hop tunes.', '2022-07-18', 'https://picsum.photos/id/345/180/180');
INSERT INTO PLAYLISTS (playlist_id, user_id, title, description, date_created, image) VALUES (425, 28, 'My Hip Hop Playlist 79', 'A collection of Metal tunes.', '2023-11-07', 'https://picsum.photos/id/355/180/180');
INSERT INTO PLAYLISTS (playlist_id, user_id, title, description, date_created, image) VALUES (426, 40, 'My Pop Playlist 54', 'A collection of Pop tunes.', '2020-10-25', 'https://picsum.photos/id/388/180/180');
INSERT INTO PLAYLISTS (playlist_id, user_id, title, description, date_created, image) VALUES (427, 8, 'My Pop Playlist 31', 'A collection of Indie tunes.', '2023-12-09', 'https://picsum.photos/id/371/180/180');
INSERT INTO PLAYLISTS (playlist_id, user_id, title, description, date_created, image) VALUES (428, 45, 'My Folk Playlist 50', 'A collection of Jazz tunes.', '2023-07-10', 'https://picsum.photos/id/377/180/180');
INSERT INTO PLAYLISTS (playlist_id, user_id, title, description, date_created, image) VALUES (429, 54, 'My Rock Playlist 15', 'A collection of Pop tunes.', '2022-12-01', 'https://picsum.photos/id/311/180/180');
INSERT INTO PLAYLISTS (playlist_id, user_id, title, description, date_created, image) VALUES (430, 74, 'My Pop Playlist 12', 'A collection of Reggae tunes.', '2020-06-05', 'https://picsum.photos/id/386/180/180');
INSERT INTO PLAYLISTS (playlist_id, user_id, title, description, date_created, image) VALUES (431, 64, 'My Jazz Playlist 41', 'A collection of Jazz tunes.', '2023-10-03', 'https://picsum.photos/id/328/180/180');
INSERT INTO PLAYLISTS (playlist_id, user_id, title, description, date_created, image) VALUES (432, 4, 'My Indie Playlist 20', 'A collection of Jazz tunes.', '2023-01-09', 'https://picsum.photos/id/314/180/180');
INSERT INTO PLAYLISTS (playlist_id, user_id, title, description, date_created, image) VALUES (433, 38, 'My Pop Playlist 31', 'A collection of Dance tunes.', '2021-08-09', 'https://picsum.photos/id/301/180/180');
INSERT INTO PLAYLISTS (playlist_id, user_id, title, description, date_created, image) VALUES (434, 20, 'My Metal Playlist 46', 'A collection of Indie tunes.', '2020-04-01', 'https://picsum.photos/id/327/180/180');
INSERT INTO PLAYLISTS (playlist_id, user_id, title, description, date_created, image) VALUES (435, 99, 'My Hip Hop Playlist 3', 'A collection of Metal tunes.', '2022-07-29', 'https://picsum.photos/id/358/180/180');
INSERT INTO PLAYLISTS (playlist_id, user_id, title, description, date_created, image) VALUES (436, 44, 'My Rock Playlist 13', 'A collection of R&B tunes.', '2020-05-08', 'https://picsum.photos/id/310/180/180');
INSERT INTO PLAYLISTS (playlist_id, user_id, title, description, date_created, image) VALUES (437, 81, 'My Dance Playlist 4', 'A collection of Folk tunes.', '2020-03-17', 'https://picsum.photos/id/327/180/180');
INSERT INTO PLAYLISTS (playlist_id, user_id, title, description, date_created, image) VALUES (438, 46, 'My Jazz Playlist 31', 'A collection of Pop tunes.', '2023-03-04', 'https://picsum.photos/id/352/180/180');
INSERT INTO PLAYLISTS (playlist_id, user_id, title, description, date_created, image) VALUES (439, 26, 'My Blues Playlist 35', 'A collection of R&B tunes.', '2022-06-20', 'https://picsum.photos/id/363/180/180');
INSERT INTO PLAYLISTS (playlist_id, user_id, title, description, date_created, image) VALUES (440, 11, 'My Metal Playlist 4', 'A collection of R&B tunes.', '2020-08-28', 'https://picsum.photos/id/353/180/180');
INSERT INTO PLAYLISTS (playlist_id, user_id, title, description, date_created, image) VALUES (441, 7, 'My Rock Playlist 33', 'A collection of Country tunes.', '2024-03-08', 'https://picsum.photos/id/389/180/180');
INSERT INTO PLAYLISTS (playlist_id, user_id, title, description, date_created, image) VALUES (442, 78, 'My Rock Playlist 48', 'A collection of Metal tunes.', '2023-04-21', 'https://picsum.photos/id/320/180/180');
INSERT INTO PLAYLISTS (playlist_id, user_id, title, description, date_created, image) VALUES (443, 19, 'My Folk Playlist 74', 'A collection of Classical tunes.', '2024-04-26', 'https://picsum.photos/id/359/180/180');
INSERT INTO PLAYLISTS (playlist_id, user_id, title, description, date_created, image) VALUES (444, 92, 'My Hip Hop Playlist 7', 'A collection of Rock tunes.', '2020-06-02', 'https://picsum.photos/id/315/180/180');
INSERT INTO PLAYLISTS (playlist_id, user_id, title, description, date_created, image) VALUES (445, 45, 'My Alternative Playlist 50', 'A collection of Jazz tunes.', '2023-06-28', 'https://picsum.photos/id/354/180/180');
INSERT INTO PLAYLISTS (playlist_id, user_id, title, description, date_created, image) VALUES (446, 68, 'My Metal Playlist 64', 'A collection of Classical tunes.', '2021-06-04', 'https://picsum.photos/id/363/180/180');
INSERT INTO PLAYLISTS (playlist_id, user_id, title, description, date_created, image) VALUES (447, 13, 'My Country Playlist 28', 'A collection of Dance tunes.', '2024-05-07', 'https://picsum.photos/id/322/180/180');
INSERT INTO PLAYLISTS (playlist_id, user_id, title, description, date_created, image) VALUES (448, 71, 'My Indie Playlist 11', 'A collection of Indie tunes.', '2022-09-21', 'https://picsum.photos/id/326/180/180');
INSERT INTO PLAYLISTS (playlist_id, user_id, title, description, date_created, image) VALUES (449, 28, 'My Hip Hop Playlist 92', 'A collection of Classical tunes.', '2023-04-26', 'https://picsum.photos/id/368/180/180');
INSERT INTO PLAYLISTS (playlist_id, user_id, title, description, date_created, image) VALUES (450, 29, 'My Hip Hop Playlist 88', 'A collection of R&B tunes.', '2022-10-16', 'https://picsum.photos/id/383/180/180');
INSERT INTO PLAYLISTS (playlist_id, user_id, title, description, date_created, image) VALUES (451, 9, 'My Reggae Playlist 36', 'A collection of Country tunes.', '2021-10-24', 'https://picsum.photos/id/311/180/180');
INSERT INTO PLAYLISTS (playlist_id, user_id, title, description, date_created, image) VALUES (452, 72, 'My Folk Playlist 100', 'A collection of Jazz tunes.', '2023-03-08', 'https://picsum.photos/id/318/180/180');
INSERT INTO PLAYLISTS (playlist_id, user_id, title, description, date_created, image) VALUES (453, 70, 'My Metal Playlist 35', 'A collection of Electronic tunes.', '2021-07-18', 'https://picsum.photos/id/353/180/180');
INSERT INTO PLAYLISTS (playlist_id, user_id, title, description, date_created, image) VALUES (454, 34, 'My Reggae Playlist 39', 'A collection of Hip Hop tunes.', '2021-11-29', 'https://picsum.photos/id/304/180/180');
INSERT INTO PLAYLISTS (playlist_id, user_id, title, description, date_created, image) VALUES (455, 1, 'My R&B Playlist 10', 'A collection of Classical tunes.', '2021-04-04', 'https://picsum.photos/id/379/180/180');
INSERT INTO PLAYLISTS (playlist_id, user_id, title, description, date_created, image) VALUES (456, 83, 'My Folk Playlist 78', 'A collection of Classical tunes.', '2021-05-24', 'https://picsum.photos/id/335/180/180');
INSERT INTO PLAYLISTS (playlist_id, user_id, title, description, date_created, image) VALUES (457, 13, 'My Reggae Playlist 24', 'A collection of Country tunes.', '2023-05-10', 'https://picsum.photos/id/326/180/180');
INSERT INTO PLAYLISTS (playlist_id, user_id, title, description, date_created, image) VALUES (458, 14, 'My Jazz Playlist 64', 'A collection of Folk tunes.', '2022-11-26', 'https://picsum.photos/id/377/180/180');
INSERT INTO PLAYLISTS (playlist_id, user_id, title, description, date_created, image) VALUES (459, 36, 'My Metal Playlist 15', 'A collection of Hip Hop tunes.', '2020-01-11', 'https://picsum.photos/id/302/180/180');
INSERT INTO PLAYLISTS (playlist_id, user_id, title, description, date_created, image) VALUES (460, 36, 'My R&B Playlist 61', 'A collection of Pop tunes.', '2024-05-02', 'https://picsum.photos/id/390/180/180');
INSERT INTO PLAYLISTS (playlist_id, user_id, title, description, date_created, image) VALUES (461, 52, 'My Pop Playlist 100', 'A collection of Pop tunes.', '2021-05-13', 'https://picsum.photos/id/332/180/180');
INSERT INTO PLAYLISTS (playlist_id, user_id, title, description, date_created, image) VALUES (462, 50, 'My R&B Playlist 36', 'A collection of Reggae tunes.', '2022-06-14', 'https://picsum.photos/id/388/180/180');
INSERT INTO PLAYLISTS (playlist_id, user_id, title, description, date_created, image) VALUES (463, 13, 'My Country Playlist 26', 'A collection of Pop tunes.', '2023-09-26', 'https://picsum.photos/id/341/180/180');
INSERT INTO PLAYLISTS (playlist_id, user_id, title, description, date_created, image) VALUES (464, 62, 'My Rock Playlist 70', 'A collection of R&B tunes.', '2021-10-12', 'https://picsum.photos/id/314/180/180');
INSERT INTO PLAYLISTS (playlist_id, user_id, title, description, date_created, image) VALUES (465, 4, 'My Electronic Playlist 94', 'A collection of Rock tunes.', '2020-10-09', 'https://picsum.photos/id/376/180/180');
INSERT INTO PLAYLISTS (playlist_id, user_id, title, description, date_created, image) VALUES (466, 97, 'My Dance Playlist 58', 'A collection of Dance tunes.', '2022-11-20', 'https://picsum.photos/id/328/180/180');
INSERT INTO PLAYLISTS (playlist_id, user_id, title, description, date_created, image) VALUES (467, 17, 'My Blues Playlist 73', 'A collection of Blues tunes.', '2022-04-11', 'https://picsum.photos/id/397/180/180');
INSERT INTO PLAYLISTS (playlist_id, user_id, title, description, date_created, image) VALUES (468, 37, 'My Classical Playlist 76', 'A collection of Metal tunes.', '2022-11-10', 'https://picsum.photos/id/345/180/180');
INSERT INTO PLAYLISTS (playlist_id, user_id, title, description, date_created, image) VALUES (469, 17, 'My Country Playlist 74', 'A collection of Jazz tunes.', '2022-01-07', 'https://picsum.photos/id/337/180/180');
INSERT INTO PLAYLISTS (playlist_id, user_id, title, description, date_created, image) VALUES (470, 67, 'My Reggae Playlist 12', 'A collection of Pop tunes.', '2022-09-08', 'https://picsum.photos/id/349/180/180');
INSERT INTO PLAYLISTS (playlist_id, user_id, title, description, date_created, image) VALUES (471, 52, 'My Classical Playlist 43', 'A collection of Dance tunes.', '2021-09-10', 'https://picsum.photos/id/391/180/180');
INSERT INTO PLAYLISTS (playlist_id, user_id, title, description, date_created, image) VALUES (472, 79, 'My Country Playlist 85', 'A collection of Hip Hop tunes.', '2020-11-20', 'https://picsum.photos/id/317/180/180');
INSERT INTO PLAYLISTS (playlist_id, user_id, title, description, date_created, image) VALUES (473, 49, 'My Pop Playlist 52', 'A collection of Alternative tunes.', '2020-12-04', 'https://picsum.photos/id/348/180/180');
INSERT INTO PLAYLISTS (playlist_id, user_id, title, description, date_created, image) VALUES (474, 70, 'My Pop Playlist 43', 'A collection of Hip Hop tunes.', '2021-07-26', 'https://picsum.photos/id/326/180/180');
INSERT INTO PLAYLISTS (playlist_id, user_id, title, description, date_created, image) VALUES (475, 33, 'My Rock Playlist 98', 'A collection of Reggae tunes.', '2021-10-04', 'https://picsum.photos/id/379/180/180');
INSERT INTO PLAYLISTS (playlist_id, user_id, title, description, date_created, image) VALUES (476, 84, 'My Electronic Playlist 34', 'A collection of Alternative tunes.', '2021-03-21', 'https://picsum.photos/id/304/180/180');
INSERT INTO PLAYLISTS (playlist_id, user_id, title, description, date_created, image) VALUES (477, 23, 'My Pop Playlist 16', 'A collection of Hip Hop tunes.', '2023-01-24', 'https://picsum.photos/id/335/180/180');
INSERT INTO PLAYLISTS (playlist_id, user_id, title, description, date_created, image) VALUES (478, 48, 'My Reggae Playlist 23', 'A collection of Pop tunes.', '2020-10-16', 'https://picsum.photos/id/379/180/180');
INSERT INTO PLAYLISTS (playlist_id, user_id, title, description, date_created, image) VALUES (479, 28, 'My Electronic Playlist 81', 'A collection of Electronic tunes.', '2021-10-31', 'https://picsum.photos/id/367/180/180');
INSERT INTO PLAYLISTS (playlist_id, user_id, title, description, date_created, image) VALUES (480, 15, 'My Jazz Playlist 99', 'A collection of Electronic tunes.', '2024-05-14', 'https://picsum.photos/id/376/180/180');
INSERT INTO PLAYLISTS (playlist_id, user_id, title, description, date_created, image) VALUES (481, 46, 'My Hip Hop Playlist 92', 'A collection of R&B tunes.', '2021-02-14', 'https://picsum.photos/id/329/180/180');
INSERT INTO PLAYLISTS (playlist_id, user_id, title, description, date_created, image) VALUES (482, 57, 'My Electronic Playlist 57', 'A collection of Pop tunes.', '2020-10-22', 'https://picsum.photos/id/377/180/180');
INSERT INTO PLAYLISTS (playlist_id, user_id, title, description, date_created, image) VALUES (483, 88, 'My Rock Playlist 37', 'A collection of Jazz tunes.', '2023-02-15', 'https://picsum.photos/id/378/180/180');
INSERT INTO PLAYLISTS (playlist_id, user_id, title, description, date_created, image) VALUES (484, 72, 'My Dance Playlist 58', 'A collection of Jazz tunes.', '2020-07-24', 'https://picsum.photos/id/382/180/180');
INSERT INTO PLAYLISTS (playlist_id, user_id, title, description, date_created, image) VALUES (485, 82, 'My Rock Playlist 36', 'A collection of Classical tunes.', '2022-11-07', 'https://picsum.photos/id/361/180/180');
INSERT INTO PLAYLISTS (playlist_id, user_id, title, description, date_created, image) VALUES (486, 70, 'My Reggae Playlist 69', 'A collection of Jazz tunes.', '2022-06-01', 'https://picsum.photos/id/382/180/180');
INSERT INTO PLAYLISTS (playlist_id, user_id, title, description, date_created, image) VALUES (487, 66, 'My Jazz Playlist 70', 'A collection of Folk tunes.', '2022-01-07', 'https://picsum.photos/id/399/180/180');
INSERT INTO PLAYLISTS (playlist_id, user_id, title, description, date_created, image) VALUES (488, 58, 'My Folk Playlist 26', 'A collection of Dance tunes.', '2021-09-23', 'https://picsum.photos/id/344/180/180');
INSERT INTO PLAYLISTS (playlist_id, user_id, title, description, date_created, image) VALUES (489, 23, 'My Dance Playlist 56', 'A collection of R&B tunes.', '2023-07-22', 'https://picsum.photos/id/372/180/180');
INSERT INTO PLAYLISTS (playlist_id, user_id, title, description, date_created, image) VALUES (490, 61, 'My Folk Playlist 62', 'A collection of Indie tunes.', '2020-01-28', 'https://picsum.photos/id/330/180/180');
INSERT INTO PLAYLISTS (playlist_id, user_id, title, description, date_created, image) VALUES (491, 7, 'My Classical Playlist 19', 'A collection of Jazz tunes.', '2023-06-06', 'https://picsum.photos/id/319/180/180');
INSERT INTO PLAYLISTS (playlist_id, user_id, title, description, date_created, image) VALUES (492, 1, 'My Classical Playlist 12', 'A collection of R&B tunes.', '2021-10-05', 'https://picsum.photos/id/340/180/180');
INSERT INTO PLAYLISTS (playlist_id, user_id, title, description, date_created, image) VALUES (493, 74, 'My Reggae Playlist 18', 'A collection of Electronic tunes.', '2023-07-09', 'https://picsum.photos/id/334/180/180');
INSERT INTO PLAYLISTS (playlist_id, user_id, title, description, date_created, image) VALUES (494, 30, 'My Country Playlist 61', 'A collection of Folk tunes.', '2022-06-28', 'https://picsum.photos/id/399/180/180');
INSERT INTO PLAYLISTS (playlist_id, user_id, title, description, date_created, image) VALUES (495, 21, 'My R&B Playlist 77', 'A collection of Pop tunes.', '2023-02-21', 'https://picsum.photos/id/398/180/180');
INSERT INTO PLAYLISTS (playlist_id, user_id, title, description, date_created, image) VALUES (496, 43, 'My Hip Hop Playlist 16', 'A collection of Hip Hop tunes.', '2023-01-25', 'https://picsum.photos/id/320/180/180');
INSERT INTO PLAYLISTS (playlist_id, user_id, title, description, date_created, image) VALUES (497, 62, 'My Hip Hop Playlist 52', 'A collection of Electronic tunes.', '2022-02-13', 'https://picsum.photos/id/376/180/180');
INSERT INTO PLAYLISTS (playlist_id, user_id, title, description, date_created, image) VALUES (498, 93, 'My Electronic Playlist 63', 'A collection of R&B tunes.', '2021-05-03', 'https://picsum.photos/id/378/180/180');
INSERT INTO PLAYLISTS (playlist_id, user_id, title, description, date_created, image) VALUES (499, 57, 'My Rock Playlist 31', 'A collection of Alternative tunes.', '2023-05-29', 'https://picsum.photos/id/399/180/180');
INSERT INTO PLAYLISTS (playlist_id, user_id, title, description, date_created, image) VALUES (500, 12, 'My Reggae Playlist 7', 'A collection of Dance tunes.', '2024-01-08', 'https://picsum.photos/id/310/180/180');

-- PLAYLIST_SONGS Data --
INSERT INTO PLAYLIST_SONGS (playlistsong_id, playlist_id, song_id, date_added) VALUES (1, 237, 404, '2023-06-20');
INSERT INTO PLAYLIST_SONGS (playlistsong_id, playlist_id, song_id, date_added) VALUES (2, 55, 411, '2023-11-13');
INSERT INTO PLAYLIST_SONGS (playlistsong_id, playlist_id, song_id, date_added) VALUES (3, 15, 201, '2023-11-16');
INSERT INTO PLAYLIST_SONGS (playlistsong_id, playlist_id, song_id, date_added) VALUES (4, 243, 11, '2023-06-09');
INSERT INTO PLAYLIST_SONGS (playlistsong_id, playlist_id, song_id, date_added) VALUES (5, 75, 77, '2024-02-17');
INSERT INTO PLAYLIST_SONGS (playlistsong_id, playlist_id, song_id, date_added) VALUES (6, 228, 809, '2023-04-29');
INSERT INTO PLAYLIST_SONGS (playlistsong_id, playlist_id, song_id, date_added) VALUES (7, 71, 51, '2023-02-13');
INSERT INTO PLAYLIST_SONGS (playlistsong_id, playlist_id, song_id, date_added) VALUES (8, 485, 335, '2024-02-21');
INSERT INTO PLAYLIST_SONGS (playlistsong_id, playlist_id, song_id, date_added) VALUES (9, 10, 798, '2024-01-20');
INSERT INTO PLAYLIST_SONGS (playlistsong_id, playlist_id, song_id, date_added) VALUES (10, 395, 776, '2023-06-27');
INSERT INTO PLAYLIST_SONGS (playlistsong_id, playlist_id, song_id, date_added) VALUES (11, 266, 635, '2024-01-25');
INSERT INTO PLAYLIST_SONGS (playlistsong_id, playlist_id, song_id, date_added) VALUES (12, 475, 42, '2024-02-07');
INSERT INTO PLAYLIST_SONGS (playlistsong_id, playlist_id, song_id, date_added) VALUES (13, 185, 645, '2023-04-29');
INSERT INTO PLAYLIST_SONGS (playlistsong_id, playlist_id, song_id, date_added) VALUES (14, 220, 587, '2023-04-24');
INSERT INTO PLAYLIST_SONGS (playlistsong_id, playlist_id, song_id, date_added) VALUES (15, 463, 312, '2023-08-24');
INSERT INTO PLAYLIST_SONGS (playlistsong_id, playlist_id, song_id, date_added) VALUES (16, 368, 372, '2024-02-16');
INSERT INTO PLAYLIST_SONGS (playlistsong_id, playlist_id, song_id, date_added) VALUES (17, 286, 568, '2024-01-12');
INSERT INTO PLAYLIST_SONGS (playlistsong_id, playlist_id, song_id, date_added) VALUES (18, 308, 91, '2023-12-23');
INSERT INTO PLAYLIST_SONGS (playlistsong_id, playlist_id, song_id, date_added) VALUES (19, 99, 248, '2023-09-24');
INSERT INTO PLAYLIST_SONGS (playlistsong_id, playlist_id, song_id, date_added) VALUES (20, 481, 808, '2024-04-28');
INSERT INTO PLAYLIST_SONGS (playlistsong_id, playlist_id, song_id, date_added) VALUES (21, 420, 2, '2023-06-02');
INSERT INTO PLAYLIST_SONGS (playlistsong_id, playlist_id, song_id, date_added) VALUES (22, 491, 170, '2023-05-26');
INSERT INTO PLAYLIST_SONGS (playlistsong_id, playlist_id, song_id, date_added) VALUES (23, 481, 793, '2024-03-10');
INSERT INTO PLAYLIST_SONGS (playlistsong_id, playlist_id, song_id, date_added) VALUES (24, 249, 569, '2023-05-29');
INSERT INTO PLAYLIST_SONGS (playlistsong_id, playlist_id, song_id, date_added) VALUES (25, 42, 623, '2023-05-16');
INSERT INTO PLAYLIST_SONGS (playlistsong_id, playlist_id, song_id, date_added) VALUES (26, 32, 240, '2023-12-29');
INSERT INTO PLAYLIST_SONGS (playlistsong_id, playlist_id, song_id, date_added) VALUES (27, 56, 494, '2023-08-17');
INSERT INTO PLAYLIST_SONGS (playlistsong_id, playlist_id, song_id, date_added) VALUES (28, 5, 68, '2023-10-26');
INSERT INTO PLAYLIST_SONGS (playlistsong_id, playlist_id, song_id, date_added) VALUES (29, 4, 149, '2024-02-14');
INSERT INTO PLAYLIST_SONGS (playlistsong_id, playlist_id, song_id, date_added) VALUES (30, 29, 462, '2024-03-19');
INSERT INTO PLAYLIST_SONGS (playlistsong_id, playlist_id, song_id, date_added) VALUES (31, 139, 370, '2024-02-28');
INSERT INTO PLAYLIST_SONGS (playlistsong_id, playlist_id, song_id, date_added) VALUES (32, 168, 597, '2024-05-08');
INSERT INTO PLAYLIST_SONGS (playlistsong_id, playlist_id, song_id, date_added) VALUES (33, 112, 156, '2023-07-03');
INSERT INTO PLAYLIST_SONGS (playlistsong_id, playlist_id, song_id, date_added) VALUES (34, 460, 981, '2023-12-05');
INSERT INTO PLAYLIST_SONGS (playlistsong_id, playlist_id, song_id, date_added) VALUES (35, 448, 797, '2023-01-28');
INSERT INTO PLAYLIST_SONGS (playlistsong_id, playlist_id, song_id, date_added) VALUES (36, 188, 426, '2023-01-10');
INSERT INTO PLAYLIST_SONGS (playlistsong_id, playlist_id, song_id, date_added) VALUES (37, 131, 734, '2023-11-03');
INSERT INTO PLAYLIST_SONGS (playlistsong_id, playlist_id, song_id, date_added) VALUES (38, 23, 145, '2023-12-25');
INSERT INTO PLAYLIST_SONGS (playlistsong_id, playlist_id, song_id, date_added) VALUES (39, 394, 779, '2023-10-17');
INSERT INTO PLAYLIST_SONGS (playlistsong_id, playlist_id, song_id, date_added) VALUES (40, 397, 446, '2024-04-04');
INSERT INTO PLAYLIST_SONGS (playlistsong_id, playlist_id, song_id, date_added) VALUES (41, 41, 296, '2023-04-11');
INSERT INTO PLAYLIST_SONGS (playlistsong_id, playlist_id, song_id, date_added) VALUES (42, 442, 452, '2024-02-10');
INSERT INTO PLAYLIST_SONGS (playlistsong_id, playlist_id, song_id, date_added) VALUES (43, 191, 328, '2023-03-15');
INSERT INTO PLAYLIST_SONGS (playlistsong_id, playlist_id, song_id, date_added) VALUES (44, 468, 207, '2023-07-27');
INSERT INTO PLAYLIST_SONGS (playlistsong_id, playlist_id, song_id, date_added) VALUES (45, 55, 246, '2023-10-13');
INSERT INTO PLAYLIST_SONGS (playlistsong_id, playlist_id, song_id, date_added) VALUES (46, 28, 50, '2024-04-15');
INSERT INTO PLAYLIST_SONGS (playlistsong_id, playlist_id, song_id, date_added) VALUES (47, 470, 946, '2024-04-04');
INSERT INTO PLAYLIST_SONGS (playlistsong_id, playlist_id, song_id, date_added) VALUES (48, 496, 64, '2023-10-22');
INSERT INTO PLAYLIST_SONGS (playlistsong_id, playlist_id, song_id, date_added) VALUES (49, 165, 547, '2023-10-17');
INSERT INTO PLAYLIST_SONGS (playlistsong_id, playlist_id, song_id, date_added) VALUES (50, 119, 825, '2023-11-16');
INSERT INTO PLAYLIST_SONGS (playlistsong_id, playlist_id, song_id, date_added) VALUES (51, 327, 145, '2023-11-28');
INSERT INTO PLAYLIST_SONGS (playlistsong_id, playlist_id, song_id, date_added) VALUES (52, 245, 164, '2023-04-08');
INSERT INTO PLAYLIST_SONGS (playlistsong_id, playlist_id, song_id, date_added) VALUES (53, 295, 304, '2023-07-12');
INSERT INTO PLAYLIST_SONGS (playlistsong_id, playlist_id, song_id, date_added) VALUES (54, 86, 965, '2023-11-20');
INSERT INTO PLAYLIST_SONGS (playlistsong_id, playlist_id, song_id, date_added) VALUES (55, 16, 416, '2023-10-14');
INSERT INTO PLAYLIST_SONGS (playlistsong_id, playlist_id, song_id, date_added) VALUES (56, 246, 518, '2023-05-26');
INSERT INTO PLAYLIST_SONGS (playlistsong_id, playlist_id, song_id, date_added) VALUES (57, 455, 488, '2023-12-13');
INSERT INTO PLAYLIST_SONGS (playlistsong_id, playlist_id, song_id, date_added) VALUES (58, 363, 877, '2024-01-21');
INSERT INTO PLAYLIST_SONGS (playlistsong_id, playlist_id, song_id, date_added) VALUES (59, 302, 322, '2023-10-03');
INSERT INTO PLAYLIST_SONGS (playlistsong_id, playlist_id, song_id, date_added) VALUES (60, 78, 772, '2023-04-22');
INSERT INTO PLAYLIST_SONGS (playlistsong_id, playlist_id, song_id, date_added) VALUES (61, 33, 13, '2023-04-14');
INSERT INTO PLAYLIST_SONGS (playlistsong_id, playlist_id, song_id, date_added) VALUES (62, 137, 801, '2023-03-05');
INSERT INTO PLAYLIST_SONGS (playlistsong_id, playlist_id, song_id, date_added) VALUES (63, 425, 907, '2024-03-11');
INSERT INTO PLAYLIST_SONGS (playlistsong_id, playlist_id, song_id, date_added) VALUES (64, 406, 469, '2024-04-01');
INSERT INTO PLAYLIST_SONGS (playlistsong_id, playlist_id, song_id, date_added) VALUES (65, 325, 233, '2023-05-11');
INSERT INTO PLAYLIST_SONGS (playlistsong_id, playlist_id, song_id, date_added) VALUES (66, 353, 858, '2023-08-29');
INSERT INTO PLAYLIST_SONGS (playlistsong_id, playlist_id, song_id, date_added) VALUES (67, 193, 365, '2023-12-09');
INSERT INTO PLAYLIST_SONGS (playlistsong_id, playlist_id, song_id, date_added) VALUES (68, 41, 359, '2023-11-28');
INSERT INTO PLAYLIST_SONGS (playlistsong_id, playlist_id, song_id, date_added) VALUES (69, 413, 33, '2023-01-28');
INSERT INTO PLAYLIST_SONGS (playlistsong_id, playlist_id, song_id, date_added) VALUES (70, 457, 194, '2023-08-01');
INSERT INTO PLAYLIST_SONGS (playlistsong_id, playlist_id, song_id, date_added) VALUES (71, 235, 233, '2023-12-19');
INSERT INTO PLAYLIST_SONGS (playlistsong_id, playlist_id, song_id, date_added) VALUES (72, 75, 20, '2023-05-28');
INSERT INTO PLAYLIST_SONGS (playlistsong_id, playlist_id, song_id, date_added) VALUES (73, 382, 410, '2023-06-24');
INSERT INTO PLAYLIST_SONGS (playlistsong_id, playlist_id, song_id, date_added) VALUES (74, 463, 964, '2024-02-06');
INSERT INTO PLAYLIST_SONGS (playlistsong_id, playlist_id, song_id, date_added) VALUES (75, 375, 199, '2023-04-23');
INSERT INTO PLAYLIST_SONGS (playlistsong_id, playlist_id, song_id, date_added) VALUES (76, 377, 678, '2023-03-12');
INSERT INTO PLAYLIST_SONGS (playlistsong_id, playlist_id, song_id, date_added) VALUES (77, 339, 931, '2023-09-18');
INSERT INTO PLAYLIST_SONGS (playlistsong_id, playlist_id, song_id, date_added) VALUES (78, 427, 215, '2024-05-13');
INSERT INTO PLAYLIST_SONGS (playlistsong_id, playlist_id, song_id, date_added) VALUES (79, 110, 975, '2023-05-07');
INSERT INTO PLAYLIST_SONGS (playlistsong_id, playlist_id, song_id, date_added) VALUES (80, 49, 441, '2023-03-12');
INSERT INTO PLAYLIST_SONGS (playlistsong_id, playlist_id, song_id, date_added) VALUES (81, 264, 457, '2023-06-26');
INSERT INTO PLAYLIST_SONGS (playlistsong_id, playlist_id, song_id, date_added) VALUES (82, 185, 235, '2023-04-12');
INSERT INTO PLAYLIST_SONGS (playlistsong_id, playlist_id, song_id, date_added) VALUES (83, 73, 930, '2023-12-02');
INSERT INTO PLAYLIST_SONGS (playlistsong_id, playlist_id, song_id, date_added) VALUES (84, 271, 388, '2023-01-28');
INSERT INTO PLAYLIST_SONGS (playlistsong_id, playlist_id, song_id, date_added) VALUES (85, 296, 211, '2023-05-24');
INSERT INTO PLAYLIST_SONGS (playlistsong_id, playlist_id, song_id, date_added) VALUES (86, 91, 768, '2024-05-06');
INSERT INTO PLAYLIST_SONGS (playlistsong_id, playlist_id, song_id, date_added) VALUES (87, 282, 919, '2023-02-02');
INSERT INTO PLAYLIST_SONGS (playlistsong_id, playlist_id, song_id, date_added) VALUES (88, 444, 689, '2023-03-12');
INSERT INTO PLAYLIST_SONGS (playlistsong_id, playlist_id, song_id, date_added) VALUES (89, 6, 177, '2023-03-24');
INSERT INTO PLAYLIST_SONGS (playlistsong_id, playlist_id, song_id, date_added) VALUES (90, 486, 662, '2024-03-06');
INSERT INTO PLAYLIST_SONGS (playlistsong_id, playlist_id, song_id, date_added) VALUES (91, 206, 212, '2024-02-13');
INSERT INTO PLAYLIST_SONGS (playlistsong_id, playlist_id, song_id, date_added) VALUES (92, 356, 4, '2023-04-02');
INSERT INTO PLAYLIST_SONGS (playlistsong_id, playlist_id, song_id, date_added) VALUES (93, 384, 499, '2024-03-22');
INSERT INTO PLAYLIST_SONGS (playlistsong_id, playlist_id, song_id, date_added) VALUES (94, 429, 172, '2024-01-11');
INSERT INTO PLAYLIST_SONGS (playlistsong_id, playlist_id, song_id, date_added) VALUES (95, 49, 363, '2023-03-12');
INSERT INTO PLAYLIST_SONGS (playlistsong_id, playlist_id, song_id, date_added) VALUES (96, 228, 797, '2024-03-21');
INSERT INTO PLAYLIST_SONGS (playlistsong_id, playlist_id, song_id, date_added) VALUES (97, 121, 304, '2023-01-20');
INSERT INTO PLAYLIST_SONGS (playlistsong_id, playlist_id, song_id, date_added) VALUES (98, 223, 225, '2023-01-01');
INSERT INTO PLAYLIST_SONGS (playlistsong_id, playlist_id, song_id, date_added) VALUES (99, 333, 552, '2023-08-29');
INSERT INTO PLAYLIST_SONGS (playlistsong_id, playlist_id, song_id, date_added) VALUES (100, 68, 47, '2023-01-18');
INSERT INTO PLAYLIST_SONGS (playlistsong_id, playlist_id, song_id, date_added) VALUES (101, 323, 732, '2023-05-08');
INSERT INTO PLAYLIST_SONGS (playlistsong_id, playlist_id, song_id, date_added) VALUES (102, 320, 26, '2023-02-17');
INSERT INTO PLAYLIST_SONGS (playlistsong_id, playlist_id, song_id, date_added) VALUES (103, 132, 216, '2024-01-05');
INSERT INTO PLAYLIST_SONGS (playlistsong_id, playlist_id, song_id, date_added) VALUES (104, 310, 138, '2024-01-06');
INSERT INTO PLAYLIST_SONGS (playlistsong_id, playlist_id, song_id, date_added) VALUES (105, 69, 609, '2023-03-28');
INSERT INTO PLAYLIST_SONGS (playlistsong_id, playlist_id, song_id, date_added) VALUES (106, 120, 627, '2023-11-24');
INSERT INTO PLAYLIST_SONGS (playlistsong_id, playlist_id, song_id, date_added) VALUES (107, 34, 690, '2023-03-29');
INSERT INTO PLAYLIST_SONGS (playlistsong_id, playlist_id, song_id, date_added) VALUES (108, 94, 108, '2024-05-04');
INSERT INTO PLAYLIST_SONGS (playlistsong_id, playlist_id, song_id, date_added) VALUES (109, 198, 67, '2023-05-17');
INSERT INTO PLAYLIST_SONGS (playlistsong_id, playlist_id, song_id, date_added) VALUES (110, 385, 642, '2024-02-25');
INSERT INTO PLAYLIST_SONGS (playlistsong_id, playlist_id, song_id, date_added) VALUES (111, 330, 519, '2023-01-21');
INSERT INTO PLAYLIST_SONGS (playlistsong_id, playlist_id, song_id, date_added) VALUES (112, 288, 225, '2023-12-05');
INSERT INTO PLAYLIST_SONGS (playlistsong_id, playlist_id, song_id, date_added) VALUES (113, 322, 801, '2023-05-06');
INSERT INTO PLAYLIST_SONGS (playlistsong_id, playlist_id, song_id, date_added) VALUES (114, 316, 112, '2023-01-19');
INSERT INTO PLAYLIST_SONGS (playlistsong_id, playlist_id, song_id, date_added) VALUES (115, 374, 80, '2023-01-23');
INSERT INTO PLAYLIST_SONGS (playlistsong_id, playlist_id, song_id, date_added) VALUES (116, 333, 761, '2023-01-07');
INSERT INTO PLAYLIST_SONGS (playlistsong_id, playlist_id, song_id, date_added) VALUES (117, 228, 186, '2024-01-20');
INSERT INTO PLAYLIST_SONGS (playlistsong_id, playlist_id, song_id, date_added) VALUES (118, 173, 445, '2024-01-31');
INSERT INTO PLAYLIST_SONGS (playlistsong_id, playlist_id, song_id, date_added) VALUES (119, 238, 411, '2024-05-13');
INSERT INTO PLAYLIST_SONGS (playlistsong_id, playlist_id, song_id, date_added) VALUES (120, 273, 78, '2023-11-21');
INSERT INTO PLAYLIST_SONGS (playlistsong_id, playlist_id, song_id, date_added) VALUES (121, 184, 781, '2023-08-31');
INSERT INTO PLAYLIST_SONGS (playlistsong_id, playlist_id, song_id, date_added) VALUES (122, 282, 271, '2024-04-17');
INSERT INTO PLAYLIST_SONGS (playlistsong_id, playlist_id, song_id, date_added) VALUES (123, 89, 211, '2023-06-04');
INSERT INTO PLAYLIST_SONGS (playlistsong_id, playlist_id, song_id, date_added) VALUES (124, 485, 381, '2023-09-21');
INSERT INTO PLAYLIST_SONGS (playlistsong_id, playlist_id, song_id, date_added) VALUES (125, 245, 450, '2023-07-01');
INSERT INTO PLAYLIST_SONGS (playlistsong_id, playlist_id, song_id, date_added) VALUES (126, 275, 470, '2023-02-15');
INSERT INTO PLAYLIST_SONGS (playlistsong_id, playlist_id, song_id, date_added) VALUES (127, 151, 553, '2024-05-17');
INSERT INTO PLAYLIST_SONGS (playlistsong_id, playlist_id, song_id, date_added) VALUES (128, 340, 30, '2023-06-17');
INSERT INTO PLAYLIST_SONGS (playlistsong_id, playlist_id, song_id, date_added) VALUES (129, 116, 871, '2023-02-24');
INSERT INTO PLAYLIST_SONGS (playlistsong_id, playlist_id, song_id, date_added) VALUES (130, 121, 121, '2023-09-04');
INSERT INTO PLAYLIST_SONGS (playlistsong_id, playlist_id, song_id, date_added) VALUES (131, 135, 503, '2023-06-03');
INSERT INTO PLAYLIST_SONGS (playlistsong_id, playlist_id, song_id, date_added) VALUES (132, 71, 344, '2023-01-27');
INSERT INTO PLAYLIST_SONGS (playlistsong_id, playlist_id, song_id, date_added) VALUES (133, 411, 117, '2023-11-18');
INSERT INTO PLAYLIST_SONGS (playlistsong_id, playlist_id, song_id, date_added) VALUES (134, 493, 70, '2023-06-17');
INSERT INTO PLAYLIST_SONGS (playlistsong_id, playlist_id, song_id, date_added) VALUES (135, 330, 288, '2023-03-05');
INSERT INTO PLAYLIST_SONGS (playlistsong_id, playlist_id, song_id, date_added) VALUES (136, 257, 677, '2024-05-12');
INSERT INTO PLAYLIST_SONGS (playlistsong_id, playlist_id, song_id, date_added) VALUES (137, 126, 27, '2024-04-06');
INSERT INTO PLAYLIST_SONGS (playlistsong_id, playlist_id, song_id, date_added) VALUES (138, 346, 381, '2023-02-15');
INSERT INTO PLAYLIST_SONGS (playlistsong_id, playlist_id, song_id, date_added) VALUES (139, 48, 819, '2023-05-17');
INSERT INTO PLAYLIST_SONGS (playlistsong_id, playlist_id, song_id, date_added) VALUES (140, 40, 499, '2024-02-25');
INSERT INTO PLAYLIST_SONGS (playlistsong_id, playlist_id, song_id, date_added) VALUES (141, 323, 936, '2023-07-14');
INSERT INTO PLAYLIST_SONGS (playlistsong_id, playlist_id, song_id, date_added) VALUES (142, 347, 580, '2023-11-28');
INSERT INTO PLAYLIST_SONGS (playlistsong_id, playlist_id, song_id, date_added) VALUES (143, 350, 719, '2023-10-03');
INSERT INTO PLAYLIST_SONGS (playlistsong_id, playlist_id, song_id, date_added) VALUES (144, 257, 805, '2024-03-01');
INSERT INTO PLAYLIST_SONGS (playlistsong_id, playlist_id, song_id, date_added) VALUES (145, 259, 177, '2023-03-13');
INSERT INTO PLAYLIST_SONGS (playlistsong_id, playlist_id, song_id, date_added) VALUES (146, 40, 185, '2023-02-21');
INSERT INTO PLAYLIST_SONGS (playlistsong_id, playlist_id, song_id, date_added) VALUES (147, 478, 865, '2023-06-10');
INSERT INTO PLAYLIST_SONGS (playlistsong_id, playlist_id, song_id, date_added) VALUES (148, 291, 884, '2023-10-31');
INSERT INTO PLAYLIST_SONGS (playlistsong_id, playlist_id, song_id, date_added) VALUES (149, 16, 472, '2023-04-28');
INSERT INTO PLAYLIST_SONGS (playlistsong_id, playlist_id, song_id, date_added) VALUES (150, 433, 749, '2023-03-20');
INSERT INTO PLAYLIST_SONGS (playlistsong_id, playlist_id, song_id, date_added) VALUES (151, 17, 200, '2023-03-13');
INSERT INTO PLAYLIST_SONGS (playlistsong_id, playlist_id, song_id, date_added) VALUES (152, 308, 77, '2023-03-29');
INSERT INTO PLAYLIST_SONGS (playlistsong_id, playlist_id, song_id, date_added) VALUES (153, 63, 395, '2023-07-23');
INSERT INTO PLAYLIST_SONGS (playlistsong_id, playlist_id, song_id, date_added) VALUES (154, 93, 811, '2023-07-18');
INSERT INTO PLAYLIST_SONGS (playlistsong_id, playlist_id, song_id, date_added) VALUES (155, 14, 257, '2023-03-25');
INSERT INTO PLAYLIST_SONGS (playlistsong_id, playlist_id, song_id, date_added) VALUES (156, 73, 636, '2023-11-26');
INSERT INTO PLAYLIST_SONGS (playlistsong_id, playlist_id, song_id, date_added) VALUES (157, 201, 245, '2024-05-05');
INSERT INTO PLAYLIST_SONGS (playlistsong_id, playlist_id, song_id, date_added) VALUES (158, 444, 631, '2023-04-13');
INSERT INTO PLAYLIST_SONGS (playlistsong_id, playlist_id, song_id, date_added) VALUES (159, 274, 448, '2024-05-02');
INSERT INTO PLAYLIST_SONGS (playlistsong_id, playlist_id, song_id, date_added) VALUES (160, 88, 491, '2023-10-27');
INSERT INTO PLAYLIST_SONGS (playlistsong_id, playlist_id, song_id, date_added) VALUES (161, 381, 581, '2023-10-16');
INSERT INTO PLAYLIST_SONGS (playlistsong_id, playlist_id, song_id, date_added) VALUES (162, 107, 207, '2023-10-13');
INSERT INTO PLAYLIST_SONGS (playlistsong_id, playlist_id, song_id, date_added) VALUES (163, 99, 920, '2023-07-21');
INSERT INTO PLAYLIST_SONGS (playlistsong_id, playlist_id, song_id, date_added) VALUES (164, 160, 683, '2023-10-28');
INSERT INTO PLAYLIST_SONGS (playlistsong_id, playlist_id, song_id, date_added) VALUES (165, 476, 925, '2023-05-08');
INSERT INTO PLAYLIST_SONGS (playlistsong_id, playlist_id, song_id, date_added) VALUES (166, 152, 447, '2023-07-10');
INSERT INTO PLAYLIST_SONGS (playlistsong_id, playlist_id, song_id, date_added) VALUES (167, 92, 849, '2023-11-18');
INSERT INTO PLAYLIST_SONGS (playlistsong_id, playlist_id, song_id, date_added) VALUES (168, 197, 124, '2023-08-22');
INSERT INTO PLAYLIST_SONGS (playlistsong_id, playlist_id, song_id, date_added) VALUES (169, 402, 870, '2023-11-19');
INSERT INTO PLAYLIST_SONGS (playlistsong_id, playlist_id, song_id, date_added) VALUES (170, 194, 542, '2023-09-09');
INSERT INTO PLAYLIST_SONGS (playlistsong_id, playlist_id, song_id, date_added) VALUES (171, 125, 545, '2023-01-12');
INSERT INTO PLAYLIST_SONGS (playlistsong_id, playlist_id, song_id, date_added) VALUES (172, 443, 112, '2023-12-27');
INSERT INTO PLAYLIST_SONGS (playlistsong_id, playlist_id, song_id, date_added) VALUES (173, 84, 590, '2023-02-04');
INSERT INTO PLAYLIST_SONGS (playlistsong_id, playlist_id, song_id, date_added) VALUES (174, 497, 494, '2023-12-20');
INSERT INTO PLAYLIST_SONGS (playlistsong_id, playlist_id, song_id, date_added) VALUES (175, 290, 11, '2023-06-16');
INSERT INTO PLAYLIST_SONGS (playlistsong_id, playlist_id, song_id, date_added) VALUES (176, 10, 136, '2023-04-14');
INSERT INTO PLAYLIST_SONGS (playlistsong_id, playlist_id, song_id, date_added) VALUES (177, 182, 326, '2023-09-16');
INSERT INTO PLAYLIST_SONGS (playlistsong_id, playlist_id, song_id, date_added) VALUES (178, 199, 125, '2023-11-18');
INSERT INTO PLAYLIST_SONGS (playlistsong_id, playlist_id, song_id, date_added) VALUES (179, 452, 904, '2023-06-08');
INSERT INTO PLAYLIST_SONGS (playlistsong_id, playlist_id, song_id, date_added) VALUES (180, 296, 222, '2023-10-18');
INSERT INTO PLAYLIST_SONGS (playlistsong_id, playlist_id, song_id, date_added) VALUES (181, 242, 787, '2023-08-18');
INSERT INTO PLAYLIST_SONGS (playlistsong_id, playlist_id, song_id, date_added) VALUES (182, 230, 696, '2023-01-19');
INSERT INTO PLAYLIST_SONGS (playlistsong_id, playlist_id, song_id, date_added) VALUES (183, 268, 139, '2023-01-20');
INSERT INTO PLAYLIST_SONGS (playlistsong_id, playlist_id, song_id, date_added) VALUES (184, 310, 764, '2023-03-24');
INSERT INTO PLAYLIST_SONGS (playlistsong_id, playlist_id, song_id, date_added) VALUES (185, 435, 763, '2023-02-27');
INSERT INTO PLAYLIST_SONGS (playlistsong_id, playlist_id, song_id, date_added) VALUES (186, 254, 897, '2023-05-10');
INSERT INTO PLAYLIST_SONGS (playlistsong_id, playlist_id, song_id, date_added) VALUES (187, 384, 79, '2023-06-21');
INSERT INTO PLAYLIST_SONGS (playlistsong_id, playlist_id, song_id, date_added) VALUES (188, 313, 703, '2023-05-02');
INSERT INTO PLAYLIST_SONGS (playlistsong_id, playlist_id, song_id, date_added) VALUES (189, 457, 520, '2023-04-30');
INSERT INTO PLAYLIST_SONGS (playlistsong_id, playlist_id, song_id, date_added) VALUES (190, 481, 329, '2023-03-27');
INSERT INTO PLAYLIST_SONGS (playlistsong_id, playlist_id, song_id, date_added) VALUES (191, 352, 318, '2023-04-21');
INSERT INTO PLAYLIST_SONGS (playlistsong_id, playlist_id, song_id, date_added) VALUES (192, 104, 814, '2023-06-18');
INSERT INTO PLAYLIST_SONGS (playlistsong_id, playlist_id, song_id, date_added) VALUES (193, 32, 706, '2023-06-19');
INSERT INTO PLAYLIST_SONGS (playlistsong_id, playlist_id, song_id, date_added) VALUES (194, 370, 981, '2024-05-07');
INSERT INTO PLAYLIST_SONGS (playlistsong_id, playlist_id, song_id, date_added) VALUES (195, 356, 235, '2023-03-01');
INSERT INTO PLAYLIST_SONGS (playlistsong_id, playlist_id, song_id, date_added) VALUES (196, 226, 298, '2023-08-19');
INSERT INTO PLAYLIST_SONGS (playlistsong_id, playlist_id, song_id, date_added) VALUES (197, 292, 699, '2023-09-18');
INSERT INTO PLAYLIST_SONGS (playlistsong_id, playlist_id, song_id, date_added) VALUES (198, 149, 753, '2024-03-30');
INSERT INTO PLAYLIST_SONGS (playlistsong_id, playlist_id, song_id, date_added) VALUES (199, 219, 102, '2023-03-04');
INSERT INTO PLAYLIST_SONGS (playlistsong_id, playlist_id, song_id, date_added) VALUES (200, 417, 70, '2024-05-10');
INSERT INTO PLAYLIST_SONGS (playlistsong_id, playlist_id, song_id, date_added) VALUES (201, 417, 803, '2024-01-26');
INSERT INTO PLAYLIST_SONGS (playlistsong_id, playlist_id, song_id, date_added) VALUES (202, 148, 687, '2024-02-01');
INSERT INTO PLAYLIST_SONGS (playlistsong_id, playlist_id, song_id, date_added) VALUES (203, 410, 867, '2023-06-27');
INSERT INTO PLAYLIST_SONGS (playlistsong_id, playlist_id, song_id, date_added) VALUES (204, 398, 464, '2023-10-23');
INSERT INTO PLAYLIST_SONGS (playlistsong_id, playlist_id, song_id, date_added) VALUES (205, 192, 419, '2023-01-04');
INSERT INTO PLAYLIST_SONGS (playlistsong_id, playlist_id, song_id, date_added) VALUES (206, 99, 567, '2024-02-14');
INSERT INTO PLAYLIST_SONGS (playlistsong_id, playlist_id, song_id, date_added) VALUES (207, 428, 557, '2023-01-07');
INSERT INTO PLAYLIST_SONGS (playlistsong_id, playlist_id, song_id, date_added) VALUES (208, 58, 778, '2023-06-16');
INSERT INTO PLAYLIST_SONGS (playlistsong_id, playlist_id, song_id, date_added) VALUES (209, 228, 324, '2023-12-01');
INSERT INTO PLAYLIST_SONGS (playlistsong_id, playlist_id, song_id, date_added) VALUES (210, 281, 651, '2023-06-12');
INSERT INTO PLAYLIST_SONGS (playlistsong_id, playlist_id, song_id, date_added) VALUES (211, 187, 187, '2023-01-21');
INSERT INTO PLAYLIST_SONGS (playlistsong_id, playlist_id, song_id, date_added) VALUES (212, 119, 134, '2023-02-25');
INSERT INTO PLAYLIST_SONGS (playlistsong_id, playlist_id, song_id, date_added) VALUES (213, 250, 441, '2023-12-29');
INSERT INTO PLAYLIST_SONGS (playlistsong_id, playlist_id, song_id, date_added) VALUES (214, 12, 900, '2023-07-16');
INSERT INTO PLAYLIST_SONGS (playlistsong_id, playlist_id, song_id, date_added) VALUES (215, 339, 869, '2023-05-09');
INSERT INTO PLAYLIST_SONGS (playlistsong_id, playlist_id, song_id, date_added) VALUES (216, 298, 339, '2024-04-19');
INSERT INTO PLAYLIST_SONGS (playlistsong_id, playlist_id, song_id, date_added) VALUES (217, 413, 790, '2024-05-02');
INSERT INTO PLAYLIST_SONGS (playlistsong_id, playlist_id, song_id, date_added) VALUES (218, 220, 713, '2023-08-07');
INSERT INTO PLAYLIST_SONGS (playlistsong_id, playlist_id, song_id, date_added) VALUES (219, 91, 62, '2023-06-09');
INSERT INTO PLAYLIST_SONGS (playlistsong_id, playlist_id, song_id, date_added) VALUES (220, 104, 996, '2023-04-20');
INSERT INTO PLAYLIST_SONGS (playlistsong_id, playlist_id, song_id, date_added) VALUES (221, 61, 332, '2023-05-20');
INSERT INTO PLAYLIST_SONGS (playlistsong_id, playlist_id, song_id, date_added) VALUES (222, 445, 34, '2024-01-22');
INSERT INTO PLAYLIST_SONGS (playlistsong_id, playlist_id, song_id, date_added) VALUES (223, 367, 309, '2023-02-25');
INSERT INTO PLAYLIST_SONGS (playlistsong_id, playlist_id, song_id, date_added) VALUES (224, 394, 334, '2024-01-03');
INSERT INTO PLAYLIST_SONGS (playlistsong_id, playlist_id, song_id, date_added) VALUES (225, 349, 116, '2023-06-24');
INSERT INTO PLAYLIST_SONGS (playlistsong_id, playlist_id, song_id, date_added) VALUES (226, 448, 951, '2023-07-30');
INSERT INTO PLAYLIST_SONGS (playlistsong_id, playlist_id, song_id, date_added) VALUES (227, 465, 724, '2023-10-06');
INSERT INTO PLAYLIST_SONGS (playlistsong_id, playlist_id, song_id, date_added) VALUES (228, 145, 922, '2023-02-16');
INSERT INTO PLAYLIST_SONGS (playlistsong_id, playlist_id, song_id, date_added) VALUES (229, 489, 504, '2023-04-28');
INSERT INTO PLAYLIST_SONGS (playlistsong_id, playlist_id, song_id, date_added) VALUES (230, 149, 619, '2023-11-01');
INSERT INTO PLAYLIST_SONGS (playlistsong_id, playlist_id, song_id, date_added) VALUES (231, 110, 570, '2024-03-26');
INSERT INTO PLAYLIST_SONGS (playlistsong_id, playlist_id, song_id, date_added) VALUES (232, 44, 321, '2023-06-28');
INSERT INTO PLAYLIST_SONGS (playlistsong_id, playlist_id, song_id, date_added) VALUES (233, 402, 650, '2024-02-19');
INSERT INTO PLAYLIST_SONGS (playlistsong_id, playlist_id, song_id, date_added) VALUES (234, 205, 306, '2023-09-02');
INSERT INTO PLAYLIST_SONGS (playlistsong_id, playlist_id, song_id, date_added) VALUES (235, 318, 62, '2024-01-30');
INSERT INTO PLAYLIST_SONGS (playlistsong_id, playlist_id, song_id, date_added) VALUES (236, 305, 540, '2023-06-24');
INSERT INTO PLAYLIST_SONGS (playlistsong_id, playlist_id, song_id, date_added) VALUES (237, 288, 58, '2024-04-25');
INSERT INTO PLAYLIST_SONGS (playlistsong_id, playlist_id, song_id, date_added) VALUES (238, 486, 35, '2023-01-31');
INSERT INTO PLAYLIST_SONGS (playlistsong_id, playlist_id, song_id, date_added) VALUES (239, 293, 166, '2023-10-20');
INSERT INTO PLAYLIST_SONGS (playlistsong_id, playlist_id, song_id, date_added) VALUES (240, 375, 30, '2023-06-14');
INSERT INTO PLAYLIST_SONGS (playlistsong_id, playlist_id, song_id, date_added) VALUES (241, 172, 42, '2023-03-11');
INSERT INTO PLAYLIST_SONGS (playlistsong_id, playlist_id, song_id, date_added) VALUES (242, 384, 98, '2023-04-30');
INSERT INTO PLAYLIST_SONGS (playlistsong_id, playlist_id, song_id, date_added) VALUES (243, 383, 49, '2023-10-25');
INSERT INTO PLAYLIST_SONGS (playlistsong_id, playlist_id, song_id, date_added) VALUES (244, 363, 769, '2023-03-05');
INSERT INTO PLAYLIST_SONGS (playlistsong_id, playlist_id, song_id, date_added) VALUES (245, 86, 300, '2023-08-02');
INSERT INTO PLAYLIST_SONGS (playlistsong_id, playlist_id, song_id, date_added) VALUES (246, 90, 559, '2023-12-31');
INSERT INTO PLAYLIST_SONGS (playlistsong_id, playlist_id, song_id, date_added) VALUES (247, 385, 902, '2024-01-18');
INSERT INTO PLAYLIST_SONGS (playlistsong_id, playlist_id, song_id, date_added) VALUES (248, 411, 223, '2023-07-07');
INSERT INTO PLAYLIST_SONGS (playlistsong_id, playlist_id, song_id, date_added) VALUES (249, 75, 384, '2023-05-22');
INSERT INTO PLAYLIST_SONGS (playlistsong_id, playlist_id, song_id, date_added) VALUES (250, 157, 335, '2023-09-30');
INSERT INTO PLAYLIST_SONGS (playlistsong_id, playlist_id, song_id, date_added) VALUES (251, 429, 458, '2023-07-09');
INSERT INTO PLAYLIST_SONGS (playlistsong_id, playlist_id, song_id, date_added) VALUES (252, 204, 946, '2023-12-21');
INSERT INTO PLAYLIST_SONGS (playlistsong_id, playlist_id, song_id, date_added) VALUES (253, 416, 431, '2024-01-03');
INSERT INTO PLAYLIST_SONGS (playlistsong_id, playlist_id, song_id, date_added) VALUES (254, 228, 969, '2023-12-31');
INSERT INTO PLAYLIST_SONGS (playlistsong_id, playlist_id, song_id, date_added) VALUES (255, 123, 285, '2023-11-21');
INSERT INTO PLAYLIST_SONGS (playlistsong_id, playlist_id, song_id, date_added) VALUES (256, 226, 197, '2024-03-04');
INSERT INTO PLAYLIST_SONGS (playlistsong_id, playlist_id, song_id, date_added) VALUES (257, 135, 828, '2023-09-27');
INSERT INTO PLAYLIST_SONGS (playlistsong_id, playlist_id, song_id, date_added) VALUES (258, 293, 233, '2023-04-19');
INSERT INTO PLAYLIST_SONGS (playlistsong_id, playlist_id, song_id, date_added) VALUES (259, 353, 595, '2024-05-03');
INSERT INTO PLAYLIST_SONGS (playlistsong_id, playlist_id, song_id, date_added) VALUES (260, 273, 179, '2023-03-08');
INSERT INTO PLAYLIST_SONGS (playlistsong_id, playlist_id, song_id, date_added) VALUES (261, 207, 23, '2023-12-06');
INSERT INTO PLAYLIST_SONGS (playlistsong_id, playlist_id, song_id, date_added) VALUES (262, 246, 227, '2023-02-22');
INSERT INTO PLAYLIST_SONGS (playlistsong_id, playlist_id, song_id, date_added) VALUES (263, 109, 566, '2023-10-08');
INSERT INTO PLAYLIST_SONGS (playlistsong_id, playlist_id, song_id, date_added) VALUES (264, 305, 475, '2023-08-07');
INSERT INTO PLAYLIST_SONGS (playlistsong_id, playlist_id, song_id, date_added) VALUES (265, 123, 351, '2023-05-19');
INSERT INTO PLAYLIST_SONGS (playlistsong_id, playlist_id, song_id, date_added) VALUES (266, 199, 833, '2024-01-09');
INSERT INTO PLAYLIST_SONGS (playlistsong_id, playlist_id, song_id, date_added) VALUES (267, 302, 142, '2023-09-07');
INSERT INTO PLAYLIST_SONGS (playlistsong_id, playlist_id, song_id, date_added) VALUES (268, 417, 366, '2024-02-28');
INSERT INTO PLAYLIST_SONGS (playlistsong_id, playlist_id, song_id, date_added) VALUES (269, 250, 539, '2023-07-31');
INSERT INTO PLAYLIST_SONGS (playlistsong_id, playlist_id, song_id, date_added) VALUES (270, 43, 932, '2023-05-30');
INSERT INTO PLAYLIST_SONGS (playlistsong_id, playlist_id, song_id, date_added) VALUES (271, 335, 661, '2023-10-19');
INSERT INTO PLAYLIST_SONGS (playlistsong_id, playlist_id, song_id, date_added) VALUES (272, 92, 715, '2023-04-11');
INSERT INTO PLAYLIST_SONGS (playlistsong_id, playlist_id, song_id, date_added) VALUES (273, 191, 726, '2023-10-30');
INSERT INTO PLAYLIST_SONGS (playlistsong_id, playlist_id, song_id, date_added) VALUES (274, 429, 329, '2023-04-04');
INSERT INTO PLAYLIST_SONGS (playlistsong_id, playlist_id, song_id, date_added) VALUES (275, 261, 402, '2023-08-01');
INSERT INTO PLAYLIST_SONGS (playlistsong_id, playlist_id, song_id, date_added) VALUES (276, 438, 114, '2023-12-05');
INSERT INTO PLAYLIST_SONGS (playlistsong_id, playlist_id, song_id, date_added) VALUES (277, 185, 55, '2023-02-06');
INSERT INTO PLAYLIST_SONGS (playlistsong_id, playlist_id, song_id, date_added) VALUES (278, 471, 323, '2023-02-10');
INSERT INTO PLAYLIST_SONGS (playlistsong_id, playlist_id, song_id, date_added) VALUES (279, 189, 899, '2023-09-04');
INSERT INTO PLAYLIST_SONGS (playlistsong_id, playlist_id, song_id, date_added) VALUES (280, 383, 226, '2023-01-12');
INSERT INTO PLAYLIST_SONGS (playlistsong_id, playlist_id, song_id, date_added) VALUES (281, 179, 39, '2023-09-12');
INSERT INTO PLAYLIST_SONGS (playlistsong_id, playlist_id, song_id, date_added) VALUES (282, 24, 642, '2023-10-06');
INSERT INTO PLAYLIST_SONGS (playlistsong_id, playlist_id, song_id, date_added) VALUES (283, 276, 661, '2023-01-03');
INSERT INTO PLAYLIST_SONGS (playlistsong_id, playlist_id, song_id, date_added) VALUES (284, 401, 772, '2023-08-16');
INSERT INTO PLAYLIST_SONGS (playlistsong_id, playlist_id, song_id, date_added) VALUES (285, 195, 54, '2024-03-17');
INSERT INTO PLAYLIST_SONGS (playlistsong_id, playlist_id, song_id, date_added) VALUES (286, 213, 703, '2023-10-17');
INSERT INTO PLAYLIST_SONGS (playlistsong_id, playlist_id, song_id, date_added) VALUES (287, 128, 557, '2023-02-04');
INSERT INTO PLAYLIST_SONGS (playlistsong_id, playlist_id, song_id, date_added) VALUES (288, 240, 666, '2023-11-07');
INSERT INTO PLAYLIST_SONGS (playlistsong_id, playlist_id, song_id, date_added) VALUES (289, 218, 180, '2023-09-30');
INSERT INTO PLAYLIST_SONGS (playlistsong_id, playlist_id, song_id, date_added) VALUES (290, 302, 622, '2024-05-09');
INSERT INTO PLAYLIST_SONGS (playlistsong_id, playlist_id, song_id, date_added) VALUES (291, 258, 898, '2023-01-30');
INSERT INTO PLAYLIST_SONGS (playlistsong_id, playlist_id, song_id, date_added) VALUES (292, 167, 737, '2023-08-21');
INSERT INTO PLAYLIST_SONGS (playlistsong_id, playlist_id, song_id, date_added) VALUES (293, 105, 606, '2023-07-18');
INSERT INTO PLAYLIST_SONGS (playlistsong_id, playlist_id, song_id, date_added) VALUES (294, 402, 927, '2024-03-29');
INSERT INTO PLAYLIST_SONGS (playlistsong_id, playlist_id, song_id, date_added) VALUES (295, 150, 107, '2024-01-04');
INSERT INTO PLAYLIST_SONGS (playlistsong_id, playlist_id, song_id, date_added) VALUES (296, 167, 383, '2023-12-06');
INSERT INTO PLAYLIST_SONGS (playlistsong_id, playlist_id, song_id, date_added) VALUES (297, 199, 552, '2023-07-15');
INSERT INTO PLAYLIST_SONGS (playlistsong_id, playlist_id, song_id, date_added) VALUES (298, 237, 677, '2023-07-15');
INSERT INTO PLAYLIST_SONGS (playlistsong_id, playlist_id, song_id, date_added) VALUES (299, 132, 271, '2023-06-03');
INSERT INTO PLAYLIST_SONGS (playlistsong_id, playlist_id, song_id, date_added) VALUES (300, 15, 113, '2023-07-28');
INSERT INTO PLAYLIST_SONGS (playlistsong_id, playlist_id, song_id, date_added) VALUES (301, 137, 422, '2023-05-11');
INSERT INTO PLAYLIST_SONGS (playlistsong_id, playlist_id, song_id, date_added) VALUES (302, 404, 413, '2023-07-27');
INSERT INTO PLAYLIST_SONGS (playlistsong_id, playlist_id, song_id, date_added) VALUES (303, 458, 116, '2023-01-30');
INSERT INTO PLAYLIST_SONGS (playlistsong_id, playlist_id, song_id, date_added) VALUES (304, 426, 678, '2023-06-06');
INSERT INTO PLAYLIST_SONGS (playlistsong_id, playlist_id, song_id, date_added) VALUES (305, 348, 341, '2024-03-19');
INSERT INTO PLAYLIST_SONGS (playlistsong_id, playlist_id, song_id, date_added) VALUES (306, 329, 865, '2023-11-02');
INSERT INTO PLAYLIST_SONGS (playlistsong_id, playlist_id, song_id, date_added) VALUES (307, 128, 978, '2024-04-18');
INSERT INTO PLAYLIST_SONGS (playlistsong_id, playlist_id, song_id, date_added) VALUES (308, 377, 609, '2024-04-07');
INSERT INTO PLAYLIST_SONGS (playlistsong_id, playlist_id, song_id, date_added) VALUES (309, 95, 771, '2023-10-17');
INSERT INTO PLAYLIST_SONGS (playlistsong_id, playlist_id, song_id, date_added) VALUES (310, 172, 662, '2023-05-21');
INSERT INTO PLAYLIST_SONGS (playlistsong_id, playlist_id, song_id, date_added) VALUES (311, 387, 199, '2023-03-15');
INSERT INTO PLAYLIST_SONGS (playlistsong_id, playlist_id, song_id, date_added) VALUES (312, 204, 26, '2024-02-11');
INSERT INTO PLAYLIST_SONGS (playlistsong_id, playlist_id, song_id, date_added) VALUES (313, 197, 895, '2023-06-10');
INSERT INTO PLAYLIST_SONGS (playlistsong_id, playlist_id, song_id, date_added) VALUES (314, 260, 183, '2024-01-03');
INSERT INTO PLAYLIST_SONGS (playlistsong_id, playlist_id, song_id, date_added) VALUES (315, 160, 866, '2023-08-11');
INSERT INTO PLAYLIST_SONGS (playlistsong_id, playlist_id, song_id, date_added) VALUES (316, 97, 879, '2023-04-30');
INSERT INTO PLAYLIST_SONGS (playlistsong_id, playlist_id, song_id, date_added) VALUES (317, 273, 760, '2023-02-11');
INSERT INTO PLAYLIST_SONGS (playlistsong_id, playlist_id, song_id, date_added) VALUES (318, 465, 948, '2023-07-10');
INSERT INTO PLAYLIST_SONGS (playlistsong_id, playlist_id, song_id, date_added) VALUES (319, 114, 453, '2024-05-18');
INSERT INTO PLAYLIST_SONGS (playlistsong_id, playlist_id, song_id, date_added) VALUES (320, 60, 448, '2024-02-11');
INSERT INTO PLAYLIST_SONGS (playlistsong_id, playlist_id, song_id, date_added) VALUES (321, 324, 313, '2023-12-02');
INSERT INTO PLAYLIST_SONGS (playlistsong_id, playlist_id, song_id, date_added) VALUES (322, 204, 229, '2024-02-03');
INSERT INTO PLAYLIST_SONGS (playlistsong_id, playlist_id, song_id, date_added) VALUES (323, 266, 766, '2024-04-22');
INSERT INTO PLAYLIST_SONGS (playlistsong_id, playlist_id, song_id, date_added) VALUES (324, 391, 860, '2023-11-11');
INSERT INTO PLAYLIST_SONGS (playlistsong_id, playlist_id, song_id, date_added) VALUES (325, 24, 27, '2023-05-28');
INSERT INTO PLAYLIST_SONGS (playlistsong_id, playlist_id, song_id, date_added) VALUES (326, 272, 531, '2024-02-24');
INSERT INTO PLAYLIST_SONGS (playlistsong_id, playlist_id, song_id, date_added) VALUES (327, 499, 517, '2023-10-02');
INSERT INTO PLAYLIST_SONGS (playlistsong_id, playlist_id, song_id, date_added) VALUES (328, 126, 38, '2024-04-09');
INSERT INTO PLAYLIST_SONGS (playlistsong_id, playlist_id, song_id, date_added) VALUES (329, 431, 262, '2023-12-13');
INSERT INTO PLAYLIST_SONGS (playlistsong_id, playlist_id, song_id, date_added) VALUES (330, 92, 80, '2024-03-06');
INSERT INTO PLAYLIST_SONGS (playlistsong_id, playlist_id, song_id, date_added) VALUES (331, 60, 166, '2023-04-15');
INSERT INTO PLAYLIST_SONGS (playlistsong_id, playlist_id, song_id, date_added) VALUES (332, 490, 20, '2024-02-15');
INSERT INTO PLAYLIST_SONGS (playlistsong_id, playlist_id, song_id, date_added) VALUES (333, 365, 612, '2024-03-22');
INSERT INTO PLAYLIST_SONGS (playlistsong_id, playlist_id, song_id, date_added) VALUES (334, 8, 405, '2023-05-22');
INSERT INTO PLAYLIST_SONGS (playlistsong_id, playlist_id, song_id, date_added) VALUES (335, 2, 89, '2023-10-18');
INSERT INTO PLAYLIST_SONGS (playlistsong_id, playlist_id, song_id, date_added) VALUES (336, 101, 973, '2024-01-21');
INSERT INTO PLAYLIST_SONGS (playlistsong_id, playlist_id, song_id, date_added) VALUES (337, 336, 254, '2024-05-04');
INSERT INTO PLAYLIST_SONGS (playlistsong_id, playlist_id, song_id, date_added) VALUES (338, 489, 763, '2024-03-22');
INSERT INTO PLAYLIST_SONGS (playlistsong_id, playlist_id, song_id, date_added) VALUES (339, 320, 490, '2024-04-20');
INSERT INTO PLAYLIST_SONGS (playlistsong_id, playlist_id, song_id, date_added) VALUES (340, 295, 389, '2023-08-28');
INSERT INTO PLAYLIST_SONGS (playlistsong_id, playlist_id, song_id, date_added) VALUES (341, 8, 860, '2023-06-24');
INSERT INTO PLAYLIST_SONGS (playlistsong_id, playlist_id, song_id, date_added) VALUES (342, 395, 653, '2023-04-12');
INSERT INTO PLAYLIST_SONGS (playlistsong_id, playlist_id, song_id, date_added) VALUES (343, 13, 973, '2023-12-10');
INSERT INTO PLAYLIST_SONGS (playlistsong_id, playlist_id, song_id, date_added) VALUES (344, 460, 653, '2023-03-17');
INSERT INTO PLAYLIST_SONGS (playlistsong_id, playlist_id, song_id, date_added) VALUES (345, 253, 778, '2024-04-08');
INSERT INTO PLAYLIST_SONGS (playlistsong_id, playlist_id, song_id, date_added) VALUES (346, 250, 317, '2023-09-08');
INSERT INTO PLAYLIST_SONGS (playlistsong_id, playlist_id, song_id, date_added) VALUES (347, 69, 311, '2023-05-27');
INSERT INTO PLAYLIST_SONGS (playlistsong_id, playlist_id, song_id, date_added) VALUES (348, 315, 498, '2023-08-03');
INSERT INTO PLAYLIST_SONGS (playlistsong_id, playlist_id, song_id, date_added) VALUES (349, 244, 581, '2023-08-07');
INSERT INTO PLAYLIST_SONGS (playlistsong_id, playlist_id, song_id, date_added) VALUES (350, 27, 143, '2023-12-15');
INSERT INTO PLAYLIST_SONGS (playlistsong_id, playlist_id, song_id, date_added) VALUES (351, 310, 745, '2024-02-10');
INSERT INTO PLAYLIST_SONGS (playlistsong_id, playlist_id, song_id, date_added) VALUES (352, 462, 839, '2023-03-30');
INSERT INTO PLAYLIST_SONGS (playlistsong_id, playlist_id, song_id, date_added) VALUES (353, 398, 350, '2023-11-06');
INSERT INTO PLAYLIST_SONGS (playlistsong_id, playlist_id, song_id, date_added) VALUES (354, 93, 778, '2023-01-17');
INSERT INTO PLAYLIST_SONGS (playlistsong_id, playlist_id, song_id, date_added) VALUES (355, 329, 516, '2023-05-09');
INSERT INTO PLAYLIST_SONGS (playlistsong_id, playlist_id, song_id, date_added) VALUES (356, 60, 148, '2023-07-01');
INSERT INTO PLAYLIST_SONGS (playlistsong_id, playlist_id, song_id, date_added) VALUES (357, 268, 337, '2023-12-21');
INSERT INTO PLAYLIST_SONGS (playlistsong_id, playlist_id, song_id, date_added) VALUES (358, 85, 518, '2024-01-23');
INSERT INTO PLAYLIST_SONGS (playlistsong_id, playlist_id, song_id, date_added) VALUES (359, 184, 555, '2023-12-08');
INSERT INTO PLAYLIST_SONGS (playlistsong_id, playlist_id, song_id, date_added) VALUES (360, 262, 199, '2023-11-17');
INSERT INTO PLAYLIST_SONGS (playlistsong_id, playlist_id, song_id, date_added) VALUES (361, 128, 508, '2023-12-22');
INSERT INTO PLAYLIST_SONGS (playlistsong_id, playlist_id, song_id, date_added) VALUES (362, 378, 346, '2023-01-21');
INSERT INTO PLAYLIST_SONGS (playlistsong_id, playlist_id, song_id, date_added) VALUES (363, 130, 920, '2023-05-15');
INSERT INTO PLAYLIST_SONGS (playlistsong_id, playlist_id, song_id, date_added) VALUES (364, 151, 103, '2024-05-17');
INSERT INTO PLAYLIST_SONGS (playlistsong_id, playlist_id, song_id, date_added) VALUES (365, 208, 426, '2023-03-16');
INSERT INTO PLAYLIST_SONGS (playlistsong_id, playlist_id, song_id, date_added) VALUES (366, 18, 929, '2024-05-17');
INSERT INTO PLAYLIST_SONGS (playlistsong_id, playlist_id, song_id, date_added) VALUES (367, 203, 729, '2023-05-22');
INSERT INTO PLAYLIST_SONGS (playlistsong_id, playlist_id, song_id, date_added) VALUES (368, 243, 85, '2024-03-31');
INSERT INTO PLAYLIST_SONGS (playlistsong_id, playlist_id, song_id, date_added) VALUES (369, 180, 577, '2023-08-15');
INSERT INTO PLAYLIST_SONGS (playlistsong_id, playlist_id, song_id, date_added) VALUES (370, 48, 360, '2023-07-02');
INSERT INTO PLAYLIST_SONGS (playlistsong_id, playlist_id, song_id, date_added) VALUES (371, 399, 264, '2023-08-27');
INSERT INTO PLAYLIST_SONGS (playlistsong_id, playlist_id, song_id, date_added) VALUES (372, 63, 767, '2023-10-07');
INSERT INTO PLAYLIST_SONGS (playlistsong_id, playlist_id, song_id, date_added) VALUES (373, 269, 758, '2023-07-27');
INSERT INTO PLAYLIST_SONGS (playlistsong_id, playlist_id, song_id, date_added) VALUES (374, 16, 104, '2023-04-15');
INSERT INTO PLAYLIST_SONGS (playlistsong_id, playlist_id, song_id, date_added) VALUES (375, 11, 34, '2023-02-18');
INSERT INTO PLAYLIST_SONGS (playlistsong_id, playlist_id, song_id, date_added) VALUES (376, 369, 247, '2023-06-24');
INSERT INTO PLAYLIST_SONGS (playlistsong_id, playlist_id, song_id, date_added) VALUES (377, 120, 479, '2023-06-06');
INSERT INTO PLAYLIST_SONGS (playlistsong_id, playlist_id, song_id, date_added) VALUES (378, 417, 708, '2024-05-04');
INSERT INTO PLAYLIST_SONGS (playlistsong_id, playlist_id, song_id, date_added) VALUES (379, 182, 783, '2023-09-19');
INSERT INTO PLAYLIST_SONGS (playlistsong_id, playlist_id, song_id, date_added) VALUES (380, 194, 652, '2023-02-13');
INSERT INTO PLAYLIST_SONGS (playlistsong_id, playlist_id, song_id, date_added) VALUES (381, 266, 661, '2023-11-01');
INSERT INTO PLAYLIST_SONGS (playlistsong_id, playlist_id, song_id, date_added) VALUES (382, 12, 724, '2023-01-22');
INSERT INTO PLAYLIST_SONGS (playlistsong_id, playlist_id, song_id, date_added) VALUES (383, 33, 250, '2023-10-23');
INSERT INTO PLAYLIST_SONGS (playlistsong_id, playlist_id, song_id, date_added) VALUES (384, 154, 922, '2023-04-30');
INSERT INTO PLAYLIST_SONGS (playlistsong_id, playlist_id, song_id, date_added) VALUES (385, 378, 256, '2024-05-14');
INSERT INTO PLAYLIST_SONGS (playlistsong_id, playlist_id, song_id, date_added) VALUES (386, 103, 289, '2023-05-20');
INSERT INTO PLAYLIST_SONGS (playlistsong_id, playlist_id, song_id, date_added) VALUES (387, 389, 25, '2023-03-23');
INSERT INTO PLAYLIST_SONGS (playlistsong_id, playlist_id, song_id, date_added) VALUES (388, 475, 222, '2023-09-16');
INSERT INTO PLAYLIST_SONGS (playlistsong_id, playlist_id, song_id, date_added) VALUES (389, 41, 845, '2023-10-05');
INSERT INTO PLAYLIST_SONGS (playlistsong_id, playlist_id, song_id, date_added) VALUES (390, 249, 977, '2023-02-09');
INSERT INTO PLAYLIST_SONGS (playlistsong_id, playlist_id, song_id, date_added) VALUES (391, 108, 10, '2023-02-23');
INSERT INTO PLAYLIST_SONGS (playlistsong_id, playlist_id, song_id, date_added) VALUES (392, 28, 860, '2024-04-16');
INSERT INTO PLAYLIST_SONGS (playlistsong_id, playlist_id, song_id, date_added) VALUES (393, 452, 406, '2023-12-18');
INSERT INTO PLAYLIST_SONGS (playlistsong_id, playlist_id, song_id, date_added) VALUES (394, 285, 132, '2023-02-13');
INSERT INTO PLAYLIST_SONGS (playlistsong_id, playlist_id, song_id, date_added) VALUES (395, 157, 567, '2023-06-17');
INSERT INTO PLAYLIST_SONGS (playlistsong_id, playlist_id, song_id, date_added) VALUES (396, 183, 378, '2023-02-13');
INSERT INTO PLAYLIST_SONGS (playlistsong_id, playlist_id, song_id, date_added) VALUES (397, 280, 277, '2023-08-28');
INSERT INTO PLAYLIST_SONGS (playlistsong_id, playlist_id, song_id, date_added) VALUES (398, 398, 791, '2023-09-13');
INSERT INTO PLAYLIST_SONGS (playlistsong_id, playlist_id, song_id, date_added) VALUES (399, 122, 698, '2023-04-13');
INSERT INTO PLAYLIST_SONGS (playlistsong_id, playlist_id, song_id, date_added) VALUES (400, 493, 753, '2023-06-19');
INSERT INTO PLAYLIST_SONGS (playlistsong_id, playlist_id, song_id, date_added) VALUES (401, 364, 292, '2023-04-12');
INSERT INTO PLAYLIST_SONGS (playlistsong_id, playlist_id, song_id, date_added) VALUES (402, 285, 913, '2023-08-26');
INSERT INTO PLAYLIST_SONGS (playlistsong_id, playlist_id, song_id, date_added) VALUES (403, 130, 992, '2023-01-09');
INSERT INTO PLAYLIST_SONGS (playlistsong_id, playlist_id, song_id, date_added) VALUES (404, 124, 185, '2024-03-31');
INSERT INTO PLAYLIST_SONGS (playlistsong_id, playlist_id, song_id, date_added) VALUES (405, 298, 709, '2023-08-01');
INSERT INTO PLAYLIST_SONGS (playlistsong_id, playlist_id, song_id, date_added) VALUES (406, 94, 107, '2023-02-28');
INSERT INTO PLAYLIST_SONGS (playlistsong_id, playlist_id, song_id, date_added) VALUES (407, 117, 451, '2023-08-18');
INSERT INTO PLAYLIST_SONGS (playlistsong_id, playlist_id, song_id, date_added) VALUES (408, 260, 1000, '2023-12-02');
INSERT INTO PLAYLIST_SONGS (playlistsong_id, playlist_id, song_id, date_added) VALUES (409, 189, 997, '2023-10-03');
INSERT INTO PLAYLIST_SONGS (playlistsong_id, playlist_id, song_id, date_added) VALUES (410, 472, 598, '2024-03-31');
INSERT INTO PLAYLIST_SONGS (playlistsong_id, playlist_id, song_id, date_added) VALUES (411, 6, 662, '2023-07-27');
INSERT INTO PLAYLIST_SONGS (playlistsong_id, playlist_id, song_id, date_added) VALUES (412, 200, 360, '2023-08-11');
INSERT INTO PLAYLIST_SONGS (playlistsong_id, playlist_id, song_id, date_added) VALUES (413, 233, 99, '2024-04-18');
INSERT INTO PLAYLIST_SONGS (playlistsong_id, playlist_id, song_id, date_added) VALUES (414, 100, 708, '2023-10-11');
INSERT INTO PLAYLIST_SONGS (playlistsong_id, playlist_id, song_id, date_added) VALUES (415, 178, 531, '2024-01-01');
INSERT INTO PLAYLIST_SONGS (playlistsong_id, playlist_id, song_id, date_added) VALUES (416, 273, 878, '2023-05-22');
INSERT INTO PLAYLIST_SONGS (playlistsong_id, playlist_id, song_id, date_added) VALUES (417, 319, 649, '2023-02-26');
INSERT INTO PLAYLIST_SONGS (playlistsong_id, playlist_id, song_id, date_added) VALUES (418, 338, 464, '2023-08-02');
INSERT INTO PLAYLIST_SONGS (playlistsong_id, playlist_id, song_id, date_added) VALUES (419, 66, 301, '2023-03-31');
INSERT INTO PLAYLIST_SONGS (playlistsong_id, playlist_id, song_id, date_added) VALUES (420, 243, 135, '2024-05-15');
INSERT INTO PLAYLIST_SONGS (playlistsong_id, playlist_id, song_id, date_added) VALUES (421, 156, 176, '2023-06-11');
INSERT INTO PLAYLIST_SONGS (playlistsong_id, playlist_id, song_id, date_added) VALUES (422, 154, 131, '2023-10-08');
INSERT INTO PLAYLIST_SONGS (playlistsong_id, playlist_id, song_id, date_added) VALUES (423, 250, 862, '2023-06-10');
INSERT INTO PLAYLIST_SONGS (playlistsong_id, playlist_id, song_id, date_added) VALUES (424, 388, 818, '2024-04-06');
INSERT INTO PLAYLIST_SONGS (playlistsong_id, playlist_id, song_id, date_added) VALUES (425, 102, 301, '2024-02-10');
INSERT INTO PLAYLIST_SONGS (playlistsong_id, playlist_id, song_id, date_added) VALUES (426, 444, 889, '2024-03-05');
INSERT INTO PLAYLIST_SONGS (playlistsong_id, playlist_id, song_id, date_added) VALUES (427, 453, 207, '2023-06-17');
INSERT INTO PLAYLIST_SONGS (playlistsong_id, playlist_id, song_id, date_added) VALUES (428, 246, 660, '2023-04-20');
INSERT INTO PLAYLIST_SONGS (playlistsong_id, playlist_id, song_id, date_added) VALUES (429, 461, 670, '2023-07-09');
INSERT INTO PLAYLIST_SONGS (playlistsong_id, playlist_id, song_id, date_added) VALUES (430, 379, 80, '2023-05-19');
INSERT INTO PLAYLIST_SONGS (playlistsong_id, playlist_id, song_id, date_added) VALUES (431, 145, 939, '2023-03-23');
INSERT INTO PLAYLIST_SONGS (playlistsong_id, playlist_id, song_id, date_added) VALUES (432, 481, 670, '2024-01-23');
INSERT INTO PLAYLIST_SONGS (playlistsong_id, playlist_id, song_id, date_added) VALUES (433, 263, 203, '2023-10-31');
INSERT INTO PLAYLIST_SONGS (playlistsong_id, playlist_id, song_id, date_added) VALUES (434, 98, 634, '2024-05-17');
INSERT INTO PLAYLIST_SONGS (playlistsong_id, playlist_id, song_id, date_added) VALUES (435, 222, 370, '2023-07-15');
INSERT INTO PLAYLIST_SONGS (playlistsong_id, playlist_id, song_id, date_added) VALUES (436, 443, 522, '2023-01-09');
INSERT INTO PLAYLIST_SONGS (playlistsong_id, playlist_id, song_id, date_added) VALUES (437, 223, 153, '2023-06-28');
INSERT INTO PLAYLIST_SONGS (playlistsong_id, playlist_id, song_id, date_added) VALUES (438, 456, 26, '2023-09-14');
INSERT INTO PLAYLIST_SONGS (playlistsong_id, playlist_id, song_id, date_added) VALUES (439, 284, 852, '2023-02-03');
INSERT INTO PLAYLIST_SONGS (playlistsong_id, playlist_id, song_id, date_added) VALUES (440, 457, 794, '2023-05-05');
INSERT INTO PLAYLIST_SONGS (playlistsong_id, playlist_id, song_id, date_added) VALUES (441, 23, 672, '2023-09-29');
INSERT INTO PLAYLIST_SONGS (playlistsong_id, playlist_id, song_id, date_added) VALUES (442, 122, 389, '2023-03-19');
INSERT INTO PLAYLIST_SONGS (playlistsong_id, playlist_id, song_id, date_added) VALUES (443, 44, 360, '2023-03-27');
INSERT INTO PLAYLIST_SONGS (playlistsong_id, playlist_id, song_id, date_added) VALUES (444, 144, 590, '2023-02-14');
INSERT INTO PLAYLIST_SONGS (playlistsong_id, playlist_id, song_id, date_added) VALUES (445, 256, 517, '2024-03-10');
INSERT INTO PLAYLIST_SONGS (playlistsong_id, playlist_id, song_id, date_added) VALUES (446, 23, 226, '2023-03-19');
INSERT INTO PLAYLIST_SONGS (playlistsong_id, playlist_id, song_id, date_added) VALUES (447, 165, 251, '2024-02-26');
INSERT INTO PLAYLIST_SONGS (playlistsong_id, playlist_id, song_id, date_added) VALUES (448, 68, 97, '2024-03-08');
INSERT INTO PLAYLIST_SONGS (playlistsong_id, playlist_id, song_id, date_added) VALUES (449, 283, 522, '2024-01-07');
INSERT INTO PLAYLIST_SONGS (playlistsong_id, playlist_id, song_id, date_added) VALUES (450, 238, 313, '2023-01-16');
INSERT INTO PLAYLIST_SONGS (playlistsong_id, playlist_id, song_id, date_added) VALUES (451, 281, 776, '2024-01-27');
INSERT INTO PLAYLIST_SONGS (playlistsong_id, playlist_id, song_id, date_added) VALUES (452, 451, 267, '2023-07-08');
INSERT INTO PLAYLIST_SONGS (playlistsong_id, playlist_id, song_id, date_added) VALUES (453, 206, 792, '2024-01-31');
INSERT INTO PLAYLIST_SONGS (playlistsong_id, playlist_id, song_id, date_added) VALUES (454, 148, 495, '2023-09-30');
INSERT INTO PLAYLIST_SONGS (playlistsong_id, playlist_id, song_id, date_added) VALUES (455, 446, 634, '2023-01-15');
INSERT INTO PLAYLIST_SONGS (playlistsong_id, playlist_id, song_id, date_added) VALUES (456, 326, 442, '2023-05-09');
INSERT INTO PLAYLIST_SONGS (playlistsong_id, playlist_id, song_id, date_added) VALUES (457, 130, 317, '2023-06-25');
INSERT INTO PLAYLIST_SONGS (playlistsong_id, playlist_id, song_id, date_added) VALUES (458, 299, 254, '2024-03-04');
INSERT INTO PLAYLIST_SONGS (playlistsong_id, playlist_id, song_id, date_added) VALUES (459, 113, 988, '2023-01-07');
INSERT INTO PLAYLIST_SONGS (playlistsong_id, playlist_id, song_id, date_added) VALUES (460, 373, 754, '2023-12-14');
INSERT INTO PLAYLIST_SONGS (playlistsong_id, playlist_id, song_id, date_added) VALUES (461, 239, 616, '2024-03-13');
INSERT INTO PLAYLIST_SONGS (playlistsong_id, playlist_id, song_id, date_added) VALUES (462, 427, 184, '2023-05-14');
INSERT INTO PLAYLIST_SONGS (playlistsong_id, playlist_id, song_id, date_added) VALUES (463, 154, 853, '2023-05-10');
INSERT INTO PLAYLIST_SONGS (playlistsong_id, playlist_id, song_id, date_added) VALUES (464, 364, 57, '2024-02-29');
INSERT INTO PLAYLIST_SONGS (playlistsong_id, playlist_id, song_id, date_added) VALUES (465, 286, 931, '2023-03-25');
INSERT INTO PLAYLIST_SONGS (playlistsong_id, playlist_id, song_id, date_added) VALUES (466, 490, 495, '2023-05-15');
INSERT INTO PLAYLIST_SONGS (playlistsong_id, playlist_id, song_id, date_added) VALUES (467, 423, 726, '2023-10-15');
INSERT INTO PLAYLIST_SONGS (playlistsong_id, playlist_id, song_id, date_added) VALUES (468, 361, 923, '2023-06-19');
INSERT INTO PLAYLIST_SONGS (playlistsong_id, playlist_id, song_id, date_added) VALUES (469, 316, 870, '2023-12-29');
INSERT INTO PLAYLIST_SONGS (playlistsong_id, playlist_id, song_id, date_added) VALUES (470, 76, 935, '2023-02-02');
INSERT INTO PLAYLIST_SONGS (playlistsong_id, playlist_id, song_id, date_added) VALUES (471, 202, 861, '2023-05-31');
INSERT INTO PLAYLIST_SONGS (playlistsong_id, playlist_id, song_id, date_added) VALUES (472, 261, 653, '2023-06-10');
INSERT INTO PLAYLIST_SONGS (playlistsong_id, playlist_id, song_id, date_added) VALUES (473, 148, 804, '2023-05-07');
INSERT INTO PLAYLIST_SONGS (playlistsong_id, playlist_id, song_id, date_added) VALUES (474, 331, 702, '2023-12-24');
INSERT INTO PLAYLIST_SONGS (playlistsong_id, playlist_id, song_id, date_added) VALUES (475, 182, 619, '2023-11-06');
INSERT INTO PLAYLIST_SONGS (playlistsong_id, playlist_id, song_id, date_added) VALUES (476, 263, 951, '2024-05-04');
INSERT INTO PLAYLIST_SONGS (playlistsong_id, playlist_id, song_id, date_added) VALUES (477, 377, 591, '2023-11-08');
INSERT INTO PLAYLIST_SONGS (playlistsong_id, playlist_id, song_id, date_added) VALUES (478, 107, 916, '2023-08-16');
INSERT INTO PLAYLIST_SONGS (playlistsong_id, playlist_id, song_id, date_added) VALUES (479, 132, 909, '2024-02-28');
INSERT INTO PLAYLIST_SONGS (playlistsong_id, playlist_id, song_id, date_added) VALUES (480, 35, 536, '2023-07-12');
INSERT INTO PLAYLIST_SONGS (playlistsong_id, playlist_id, song_id, date_added) VALUES (481, 186, 467, '2023-02-23');
INSERT INTO PLAYLIST_SONGS (playlistsong_id, playlist_id, song_id, date_added) VALUES (482, 107, 943, '2024-02-18');
INSERT INTO PLAYLIST_SONGS (playlistsong_id, playlist_id, song_id, date_added) VALUES (483, 79, 515, '2023-04-26');
INSERT INTO PLAYLIST_SONGS (playlistsong_id, playlist_id, song_id, date_added) VALUES (484, 85, 620, '2023-09-11');
INSERT INTO PLAYLIST_SONGS (playlistsong_id, playlist_id, song_id, date_added) VALUES (485, 454, 44, '2023-10-26');
INSERT INTO PLAYLIST_SONGS (playlistsong_id, playlist_id, song_id, date_added) VALUES (486, 66, 276, '2023-10-13');
INSERT INTO PLAYLIST_SONGS (playlistsong_id, playlist_id, song_id, date_added) VALUES (487, 282, 630, '2023-06-07');
INSERT INTO PLAYLIST_SONGS (playlistsong_id, playlist_id, song_id, date_added) VALUES (488, 447, 596, '2023-01-13');
INSERT INTO PLAYLIST_SONGS (playlistsong_id, playlist_id, song_id, date_added) VALUES (489, 352, 278, '2023-03-14');
INSERT INTO PLAYLIST_SONGS (playlistsong_id, playlist_id, song_id, date_added) VALUES (490, 8, 643, '2024-05-11');
INSERT INTO PLAYLIST_SONGS (playlistsong_id, playlist_id, song_id, date_added) VALUES (491, 373, 759, '2023-10-21');
INSERT INTO PLAYLIST_SONGS (playlistsong_id, playlist_id, song_id, date_added) VALUES (492, 104, 461, '2023-08-07');
INSERT INTO PLAYLIST_SONGS (playlistsong_id, playlist_id, song_id, date_added) VALUES (493, 327, 252, '2024-04-29');
INSERT INTO PLAYLIST_SONGS (playlistsong_id, playlist_id, song_id, date_added) VALUES (494, 104, 227, '2023-10-04');
INSERT INTO PLAYLIST_SONGS (playlistsong_id, playlist_id, song_id, date_added) VALUES (495, 324, 244, '2024-05-17');
INSERT INTO PLAYLIST_SONGS (playlistsong_id, playlist_id, song_id, date_added) VALUES (496, 72, 589, '2023-12-08');
INSERT INTO PLAYLIST_SONGS (playlistsong_id, playlist_id, song_id, date_added) VALUES (497, 309, 674, '2023-06-04');
INSERT INTO PLAYLIST_SONGS (playlistsong_id, playlist_id, song_id, date_added) VALUES (498, 231, 891, '2024-02-18');
INSERT INTO PLAYLIST_SONGS (playlistsong_id, playlist_id, song_id, date_added) VALUES (499, 309, 695, '2023-03-06');
INSERT INTO PLAYLIST_SONGS (playlistsong_id, playlist_id, song_id, date_added) VALUES (500, 437, 670, '2023-02-25');

-- PLAY_HISTORY Data --
INSERT INTO PLAY_HISTORY (play_id, user_id, song_id, playtime) VALUES (1, 61, 847, '2024-01-10 16:01:20');
INSERT INTO PLAY_HISTORY (play_id, user_id, song_id, playtime) VALUES (2, 100, 644, '2024-02-16 07:13:36');
INSERT INTO PLAY_HISTORY (play_id, user_id, song_id, playtime) VALUES (3, 15, 758, '2024-04-30 05:06:55');
INSERT INTO PLAY_HISTORY (play_id, user_id, song_id, playtime) VALUES (4, 96, 915, '2024-02-05 11:14:56');
INSERT INTO PLAY_HISTORY (play_id, user_id, song_id, playtime) VALUES (5, 80, 972, '2024-05-01 21:50:25');
INSERT INTO PLAY_HISTORY (play_id, user_id, song_id, playtime) VALUES (6, 19, 898, '2024-05-10 10:03:02');
INSERT INTO PLAY_HISTORY (play_id, user_id, song_id, playtime) VALUES (7, 45, 13, '2024-02-02 13:51:35');
INSERT INTO PLAY_HISTORY (play_id, user_id, song_id, playtime) VALUES (8, 39, 944, '2024-03-24 06:22:53');
INSERT INTO PLAY_HISTORY (play_id, user_id, song_id, playtime) VALUES (9, 18, 5, '2024-02-12 19:01:23');
INSERT INTO PLAY_HISTORY (play_id, user_id, song_id, playtime) VALUES (10, 45, 439, '2024-04-04 03:07:16');
INSERT INTO PLAY_HISTORY (play_id, user_id, song_id, playtime) VALUES (11, 86, 956, '2024-04-20 07:27:43');
INSERT INTO PLAY_HISTORY (play_id, user_id, song_id, playtime) VALUES (12, 45, 803, '2024-02-29 00:58:19');
INSERT INTO PLAY_HISTORY (play_id, user_id, song_id, playtime) VALUES (13, 25, 726, '2024-05-01 21:17:28');
INSERT INTO PLAY_HISTORY (play_id, user_id, song_id, playtime) VALUES (14, 80, 492, '2024-03-10 17:09:04');
INSERT INTO PLAY_HISTORY (play_id, user_id, song_id, playtime) VALUES (15, 99, 103, '2024-01-31 04:00:08');
INSERT INTO PLAY_HISTORY (play_id, user_id, song_id, playtime) VALUES (16, 5, 931, '2024-01-10 08:44:24');
INSERT INTO PLAY_HISTORY (play_id, user_id, song_id, playtime) VALUES (17, 56, 945, '2024-03-03 08:50:59');
INSERT INTO PLAY_HISTORY (play_id, user_id, song_id, playtime) VALUES (18, 43, 809, '2024-03-26 19:18:52');
INSERT INTO PLAY_HISTORY (play_id, user_id, song_id, playtime) VALUES (19, 67, 727, '2024-04-28 10:30:36');
INSERT INTO PLAY_HISTORY (play_id, user_id, song_id, playtime) VALUES (20, 51, 799, '2024-05-02 09:08:02');
INSERT INTO PLAY_HISTORY (play_id, user_id, song_id, playtime) VALUES (21, 88, 29, '2024-04-09 10:03:13');
INSERT INTO PLAY_HISTORY (play_id, user_id, song_id, playtime) VALUES (22, 90, 429, '2024-01-11 02:41:29');
INSERT INTO PLAY_HISTORY (play_id, user_id, song_id, playtime) VALUES (23, 96, 558, '2024-03-13 10:46:08');
INSERT INTO PLAY_HISTORY (play_id, user_id, song_id, playtime) VALUES (24, 32, 624, '2024-01-13 03:56:14');
INSERT INTO PLAY_HISTORY (play_id, user_id, song_id, playtime) VALUES (25, 58, 261, '2024-03-01 00:10:30');
INSERT INTO PLAY_HISTORY (play_id, user_id, song_id, playtime) VALUES (26, 58, 255, '2024-04-02 03:38:48');
INSERT INTO PLAY_HISTORY (play_id, user_id, song_id, playtime) VALUES (27, 60, 663, '2024-01-05 05:51:45');
INSERT INTO PLAY_HISTORY (play_id, user_id, song_id, playtime) VALUES (28, 66, 341, '2024-03-17 18:26:12');
INSERT INTO PLAY_HISTORY (play_id, user_id, song_id, playtime) VALUES (29, 82, 452, '2024-03-19 21:50:40');
INSERT INTO PLAY_HISTORY (play_id, user_id, song_id, playtime) VALUES (30, 64, 202, '2024-01-26 18:37:57');
INSERT INTO PLAY_HISTORY (play_id, user_id, song_id, playtime) VALUES (31, 22, 946, '2024-04-27 01:52:24');
INSERT INTO PLAY_HISTORY (play_id, user_id, song_id, playtime) VALUES (32, 3, 520, '2024-03-15 01:07:26');
INSERT INTO PLAY_HISTORY (play_id, user_id, song_id, playtime) VALUES (33, 88, 495, '2024-01-26 09:19:12');
INSERT INTO PLAY_HISTORY (play_id, user_id, song_id, playtime) VALUES (34, 51, 96, '2024-05-01 10:03:19');
INSERT INTO PLAY_HISTORY (play_id, user_id, song_id, playtime) VALUES (35, 41, 755, '2024-04-24 02:45:44');
INSERT INTO PLAY_HISTORY (play_id, user_id, song_id, playtime) VALUES (36, 68, 98, '2024-05-04 18:47:02');
INSERT INTO PLAY_HISTORY (play_id, user_id, song_id, playtime) VALUES (37, 49, 247, '2024-04-02 16:37:59');
INSERT INTO PLAY_HISTORY (play_id, user_id, song_id, playtime) VALUES (38, 41, 731, '2024-04-15 23:22:12');
INSERT INTO PLAY_HISTORY (play_id, user_id, song_id, playtime) VALUES (39, 58, 315, '2024-01-28 04:15:10');
INSERT INTO PLAY_HISTORY (play_id, user_id, song_id, playtime) VALUES (40, 44, 641, '2024-04-08 06:10:00');
INSERT INTO PLAY_HISTORY (play_id, user_id, song_id, playtime) VALUES (41, 55, 360, '2024-03-26 17:39:55');
INSERT INTO PLAY_HISTORY (play_id, user_id, song_id, playtime) VALUES (42, 71, 420, '2024-03-01 17:22:53');
INSERT INTO PLAY_HISTORY (play_id, user_id, song_id, playtime) VALUES (43, 50, 511, '2024-05-08 13:03:46');
INSERT INTO PLAY_HISTORY (play_id, user_id, song_id, playtime) VALUES (44, 90, 950, '2024-01-08 04:20:51');
INSERT INTO PLAY_HISTORY (play_id, user_id, song_id, playtime) VALUES (45, 15, 385, '2024-01-09 17:00:43');
INSERT INTO PLAY_HISTORY (play_id, user_id, song_id, playtime) VALUES (46, 40, 849, '2024-02-21 02:34:38');
INSERT INTO PLAY_HISTORY (play_id, user_id, song_id, playtime) VALUES (47, 94, 59, '2024-04-30 10:12:31');
INSERT INTO PLAY_HISTORY (play_id, user_id, song_id, playtime) VALUES (48, 1, 515, '2024-02-24 13:11:15');
INSERT INTO PLAY_HISTORY (play_id, user_id, song_id, playtime) VALUES (49, 9, 744, '2024-03-03 14:01:07');
INSERT INTO PLAY_HISTORY (play_id, user_id, song_id, playtime) VALUES (50, 21, 415, '2024-03-25 02:54:49');
INSERT INTO PLAY_HISTORY (play_id, user_id, song_id, playtime) VALUES (51, 24, 670, '2024-04-13 18:59:50');
INSERT INTO PLAY_HISTORY (play_id, user_id, song_id, playtime) VALUES (52, 82, 657, '2024-05-16 15:26:32');
INSERT INTO PLAY_HISTORY (play_id, user_id, song_id, playtime) VALUES (53, 86, 282, '2024-03-13 20:26:18');
INSERT INTO PLAY_HISTORY (play_id, user_id, song_id, playtime) VALUES (54, 50, 166, '2024-04-14 22:54:07');
INSERT INTO PLAY_HISTORY (play_id, user_id, song_id, playtime) VALUES (55, 23, 358, '2024-03-19 05:21:54');
INSERT INTO PLAY_HISTORY (play_id, user_id, song_id, playtime) VALUES (56, 62, 763, '2024-02-01 03:19:24');
INSERT INTO PLAY_HISTORY (play_id, user_id, song_id, playtime) VALUES (57, 67, 550, '2024-01-22 05:49:08');
INSERT INTO PLAY_HISTORY (play_id, user_id, song_id, playtime) VALUES (58, 49, 811, '2024-02-12 18:42:00');
INSERT INTO PLAY_HISTORY (play_id, user_id, song_id, playtime) VALUES (59, 100, 865, '2024-03-09 16:47:41');
INSERT INTO PLAY_HISTORY (play_id, user_id, song_id, playtime) VALUES (60, 52, 129, '2024-03-07 16:22:49');
INSERT INTO PLAY_HISTORY (play_id, user_id, song_id, playtime) VALUES (61, 18, 117, '2024-03-02 12:01:57');
INSERT INTO PLAY_HISTORY (play_id, user_id, song_id, playtime) VALUES (62, 88, 862, '2024-03-02 21:39:47');
INSERT INTO PLAY_HISTORY (play_id, user_id, song_id, playtime) VALUES (63, 50, 830, '2024-05-01 12:44:40');
INSERT INTO PLAY_HISTORY (play_id, user_id, song_id, playtime) VALUES (64, 78, 257, '2024-02-29 20:02:40');
INSERT INTO PLAY_HISTORY (play_id, user_id, song_id, playtime) VALUES (65, 7, 528, '2024-04-24 02:18:12');
INSERT INTO PLAY_HISTORY (play_id, user_id, song_id, playtime) VALUES (66, 18, 571, '2024-04-16 08:40:00');
INSERT INTO PLAY_HISTORY (play_id, user_id, song_id, playtime) VALUES (67, 91, 287, '2024-03-28 10:58:44');
INSERT INTO PLAY_HISTORY (play_id, user_id, song_id, playtime) VALUES (68, 21, 545, '2024-01-23 06:27:41');
INSERT INTO PLAY_HISTORY (play_id, user_id, song_id, playtime) VALUES (69, 21, 41, '2024-02-21 03:06:44');
INSERT INTO PLAY_HISTORY (play_id, user_id, song_id, playtime) VALUES (70, 42, 48, '2024-02-25 16:31:20');
INSERT INTO PLAY_HISTORY (play_id, user_id, song_id, playtime) VALUES (71, 54, 554, '2024-04-25 16:21:18');
INSERT INTO PLAY_HISTORY (play_id, user_id, song_id, playtime) VALUES (72, 35, 673, '2024-01-17 15:24:02');
INSERT INTO PLAY_HISTORY (play_id, user_id, song_id, playtime) VALUES (73, 62, 553, '2024-04-08 01:18:25');
INSERT INTO PLAY_HISTORY (play_id, user_id, song_id, playtime) VALUES (74, 85, 416, '2024-02-10 07:57:05');
INSERT INTO PLAY_HISTORY (play_id, user_id, song_id, playtime) VALUES (75, 23, 731, '2024-04-13 12:31:25');
INSERT INTO PLAY_HISTORY (play_id, user_id, song_id, playtime) VALUES (76, 49, 26, '2024-04-16 12:09:24');
INSERT INTO PLAY_HISTORY (play_id, user_id, song_id, playtime) VALUES (77, 4, 456, '2024-03-14 18:20:11');
INSERT INTO PLAY_HISTORY (play_id, user_id, song_id, playtime) VALUES (78, 47, 302, '2024-04-15 18:59:57');
INSERT INTO PLAY_HISTORY (play_id, user_id, song_id, playtime) VALUES (79, 80, 42, '2024-01-15 02:23:10');
INSERT INTO PLAY_HISTORY (play_id, user_id, song_id, playtime) VALUES (80, 69, 734, '2024-05-18 17:13:33');
INSERT INTO PLAY_HISTORY (play_id, user_id, song_id, playtime) VALUES (81, 7, 77, '2024-01-30 22:31:14');
INSERT INTO PLAY_HISTORY (play_id, user_id, song_id, playtime) VALUES (82, 36, 742, '2024-01-14 09:22:19');
INSERT INTO PLAY_HISTORY (play_id, user_id, song_id, playtime) VALUES (83, 28, 384, '2024-03-16 11:53:08');
INSERT INTO PLAY_HISTORY (play_id, user_id, song_id, playtime) VALUES (84, 18, 269, '2024-04-20 10:01:50');
INSERT INTO PLAY_HISTORY (play_id, user_id, song_id, playtime) VALUES (85, 32, 548, '2024-04-05 02:48:31');
INSERT INTO PLAY_HISTORY (play_id, user_id, song_id, playtime) VALUES (86, 95, 941, '2024-04-07 05:44:31');
INSERT INTO PLAY_HISTORY (play_id, user_id, song_id, playtime) VALUES (87, 10, 308, '2024-04-05 13:35:40');
INSERT INTO PLAY_HISTORY (play_id, user_id, song_id, playtime) VALUES (88, 79, 282, '2024-04-06 06:55:32');
INSERT INTO PLAY_HISTORY (play_id, user_id, song_id, playtime) VALUES (89, 5, 27, '2024-05-01 14:54:39');
INSERT INTO PLAY_HISTORY (play_id, user_id, song_id, playtime) VALUES (90, 33, 202, '2024-01-27 11:19:44');
INSERT INTO PLAY_HISTORY (play_id, user_id, song_id, playtime) VALUES (91, 23, 580, '2024-03-29 00:09:30');
INSERT INTO PLAY_HISTORY (play_id, user_id, song_id, playtime) VALUES (92, 23, 288, '2024-03-04 17:45:29');
INSERT INTO PLAY_HISTORY (play_id, user_id, song_id, playtime) VALUES (93, 94, 36, '2024-03-31 13:13:01');
INSERT INTO PLAY_HISTORY (play_id, user_id, song_id, playtime) VALUES (94, 60, 629, '2024-05-10 21:32:10');
INSERT INTO PLAY_HISTORY (play_id, user_id, song_id, playtime) VALUES (95, 30, 247, '2024-03-12 11:32:36');
INSERT INTO PLAY_HISTORY (play_id, user_id, song_id, playtime) VALUES (96, 92, 618, '2024-01-20 23:31:04');
INSERT INTO PLAY_HISTORY (play_id, user_id, song_id, playtime) VALUES (97, 87, 775, '2024-04-07 19:06:58');
INSERT INTO PLAY_HISTORY (play_id, user_id, song_id, playtime) VALUES (98, 42, 828, '2024-02-16 16:28:44');
INSERT INTO PLAY_HISTORY (play_id, user_id, song_id, playtime) VALUES (99, 100, 738, '2024-01-01 19:20:18');
INSERT INTO PLAY_HISTORY (play_id, user_id, song_id, playtime) VALUES (100, 61, 479, '2024-03-14 23:53:09');

SET FOREIGN_KEY_CHECKS = 1;
