-- SQL INSERT statements for Music Player Database
-- Generated by generate_data.php
-- Student Name: [Your Name]
-- Student ID: [Your Student ID]

SET FOREIGN_KEY_CHECKS = 0;
TRUNCATE TABLE PLAY_HISTORY;
TRUNCATE TABLE PLAYLIST_SONGS;
TRUNCATE TABLE PLAYLISTS;
TRUNCATE TABLE SONGS;
TRUNCATE TABLE ALBUMS;
TRUNCATE TABLE ARTISTS;
TRUNCATE TABLE USERS;
TRUNCATE TABLE COUNTRY;
SET FOREIGN_KEY_CHECKS = 1;


-- COUNTRY Data --
INSERT INTO COUNTRY (country_id, country_name, country_code) VALUES (1, 'Türkiye', 'TR');
INSERT INTO COUNTRY (country_id, country_name, country_code) VALUES (2, 'USA', 'US');
INSERT INTO COUNTRY (country_id, country_name, country_code) VALUES (3, 'UK', 'GB');
INSERT INTO COUNTRY (country_id, country_name, country_code) VALUES (4, 'Canada', 'CA');
INSERT INTO COUNTRY (country_id, country_name, country_code) VALUES (5, 'Germany', 'DE');
INSERT INTO COUNTRY (country_id, country_name, country_code) VALUES (6, 'France', 'FR');
INSERT INTO COUNTRY (country_id, country_name, country_code) VALUES (7, 'Japan', 'JP');
INSERT INTO COUNTRY (country_id, country_name, country_code) VALUES (8, 'South Korea', 'KR');
INSERT INTO COUNTRY (country_id, country_name, country_code) VALUES (9, 'Australia', 'AU');
INSERT INTO COUNTRY (country_id, country_name, country_code) VALUES (10, 'Brazil', 'BR');
INSERT INTO COUNTRY (country_id, country_name, country_code) VALUES (11, 'India', 'IN');
INSERT INTO COUNTRY (country_id, country_name, country_code) VALUES (12, 'Spain', 'ES');
INSERT INTO COUNTRY (country_id, country_name, country_code) VALUES (13, 'Italy', 'IT');
INSERT INTO COUNTRY (country_id, country_name, country_code) VALUES (14, 'Mexico', 'MX');
INSERT INTO COUNTRY (country_id, country_name, country_code) VALUES (15, 'Sweden', 'SE');
INSERT INTO COUNTRY (country_id, country_name, country_code) VALUES (16, 'Norway', 'NO');
INSERT INTO COUNTRY (country_id, country_name, country_code) VALUES (17, 'Argentina', 'AR');
INSERT INTO COUNTRY (country_id, country_name, country_code) VALUES (18, 'Egypt', 'EG');
INSERT INTO COUNTRY (country_id, country_name, country_code) VALUES (19, 'China', 'CN');
INSERT INTO COUNTRY (country_id, country_name, country_code) VALUES (20, 'Russia', 'RU');

-- USERS Data --
INSERT INTO USERS (user_id, country_id, age, name, username, email, password, date_joined, last_login, follower_num, subscription_type, top_genre, num_songs_liked, most_played_artist, image) VALUES (1, 13, 54, 'Kaan Burak', 'kaan', 'aanurak1@example.com', '$2y$10$2LbU3UW.tQaHGf54fiHLe.DoRk7Gw9QvJr7L6Ss7p2xCHqB/fyUuS', '2012-01-17', '2023-10-08', 111, 'Free', 'Electronic', 209, 'Yağmur Zeki', 'https://picsum.photos/id/90/100/100');
INSERT INTO USERS (user_id, country_id, age, name, username, email, password, date_joined, last_login, follower_num, subscription_type, top_genre, num_songs_liked, most_played_artist, image) VALUES (2, 2, 25, 'Okan Kaan', 'okan', 'kanaan2@example.com', '$2y$10$ABqIHsNPB9s4iryRIVRq9ewwk/fe8vJZrwgO6VekZ0.bc1GIA4Nam', '2020-04-18', '2022-04-10', 260, 'Free', 'Folk', 421, 'Can Gizem', 'https://picsum.photos/id/70/100/100');
INSERT INTO USERS (user_id, country_id, age, name, username, email, password, date_joined, last_login, follower_num, subscription_type, top_genre, num_songs_liked, most_played_artist, image) VALUES (3, 5, 62, 'Koray Zeynep', 'koray', 'orayeynep3@example.com', '$2y$10$MR2EkupLJOXSnZHG6uCKm.jGqbo864LpNv8R34vxyB5nwQoUJZy66', '2022-04-24', '2023-03-08', 894, 'Free', 'Dance', 62, 'Irem Merve', 'https://picsum.photos/id/78/100/100');
INSERT INTO USERS (user_id, country_id, age, name, username, email, password, date_joined, last_login, follower_num, subscription_type, top_genre, num_songs_liked, most_played_artist, image) VALUES (4, 9, 22, 'Zeki Doruk', 'zeki', 'ekioruk4@example.com', '$2y$10$JZ41y85RQrtkrwkvpmRZAOa50gDPVowqdILdB80lINuj8TNZ.D702', '2014-04-26', '2023-03-14', 458, 'Premium', 'Electronic', 154, 'Zeki Irem', 'https://picsum.photos/id/84/100/100');
INSERT INTO USERS (user_id, country_id, age, name, username, email, password, date_joined, last_login, follower_num, subscription_type, top_genre, num_songs_liked, most_played_artist, image) VALUES (5, 9, 26, 'Deniz Tugçe', 'deniz', 'enizuge5@example.com', '$2y$10$QM1bgwzNztIsdurt9rls2uP.JfCAA2aIU4vJRlhuDuyNMOl3H9Pv.', '2016-10-11', '2021-11-30', 381, 'Free', 'Electronic', 77, 'Ömer Irem', 'https://picsum.photos/id/6/100/100');
INSERT INTO USERS (user_id, country_id, age, name, username, email, password, date_joined, last_login, follower_num, subscription_type, top_genre, num_songs_liked, most_played_artist, image) VALUES (6, 8, 55, 'Murat Bahar', 'murat', 'uratahar6@example.com', '$2y$10$Q6k8R85ASixMoYqCzoGmxeVEc6yGfDXsfdPenBkNa2bHSZ1o7wk0e', '2022-05-20', '2022-06-23', 890, 'Free', 'Classical', 463, 'Utku Irem', 'https://picsum.photos/id/78/100/100');
INSERT INTO USERS (user_id, country_id, age, name, username, email, password, date_joined, last_login, follower_num, subscription_type, top_genre, num_songs_liked, most_played_artist, image) VALUES (7, 20, 51, 'Rüya Senem', 'rüya', 'yaenem7@example.com', '$2y$10$fh6FUhx8RB9gTp6oov1a2uYmDaa7vFJ1kGhX2d5AG5Nf1aceWFkuq', '2010-11-30', '2018-07-13', 52, 'Free', 'R&B', 214, 'Utku Doruk', 'https://picsum.photos/id/17/100/100');
INSERT INTO USERS (user_id, country_id, age, name, username, email, password, date_joined, last_login, follower_num, subscription_type, top_genre, num_songs_liked, most_played_artist, image) VALUES (8, 4, 55, 'Eda Yağmur', 'eda', 'daamur8@example.com', '$2y$10$O2e.KCHgaxmaO6ixMIrM0.FJY3Dkn3PJ13Ggx7SrGb784lrWBfS4O', '2023-08-08', '2024-01-12', 94, 'Free', 'Metal', 496, 'Vildan Pinar', 'https://picsum.photos/id/47/100/100');
INSERT INTO USERS (user_id, country_id, age, name, username, email, password, date_joined, last_login, follower_num, subscription_type, top_genre, num_songs_liked, most_played_artist, image) VALUES (9, 8, 60, 'Deniz Pinar', 'deniz1', 'enizinar9@example.com', '$2y$10$ZP4H27zwCUqWlzulWs6/N.tsdzGpMi5GuAuj.A97vSr75hBHL6M1m', '2023-12-22', '2024-04-19', 1000, 'Free', 'Hip Hop', 320, 'Vildan Pinar', 'https://picsum.photos/id/5/100/100');
INSERT INTO USERS (user_id, country_id, age, name, username, email, password, date_joined, last_login, follower_num, subscription_type, top_genre, num_songs_liked, most_played_artist, image) VALUES (10, 8, 29, 'Irem Ayşen', 'irem', 'remyen10@example.com', '$2y$10$8yT/Efvb2p5JPnrNLfQLmeVkOAmYvIxhKqx8S64wi5AP/aTs20qaC', '2021-03-05', '2023-01-08', 687, 'Free', 'Metal', 122, 'Ceren Bahar', 'https://picsum.photos/id/1/100/100');
INSERT INTO USERS (user_id, country_id, age, name, username, email, password, date_joined, last_login, follower_num, subscription_type, top_genre, num_songs_liked, most_played_artist, image) VALUES (11, 19, 35, 'Ömer Can', 'Ömer', 'meran11@example.com', '$2y$10$HOguPsEcn1nD3lN1gpa2G.VO1Nx8Kdm/rAxEmeZb5zmM3zNlNrkn.', '2020-08-16', '2020-12-31', 914, 'Free', 'Pop', 61, 'Ceren Bahar', 'https://picsum.photos/id/22/100/100');
INSERT INTO USERS (user_id, country_id, age, name, username, email, password, date_joined, last_login, follower_num, subscription_type, top_genre, num_songs_liked, most_played_artist, image) VALUES (12, 11, 54, 'Murat Nisa', 'murat1', 'uratisa12@example.com', '$2y$10$EZMA6JLiVU9HVn9w6.PH7.jixL1KtE6E3NOZ8VX5Cmvw6870bevJO', '2019-09-30', '2021-08-24', 862, 'Premium', 'Classical', 39, 'Pelin Nisa', 'https://picsum.photos/id/38/100/100');
INSERT INTO USERS (user_id, country_id, age, name, username, email, password, date_joined, last_login, follower_num, subscription_type, top_genre, num_songs_liked, most_played_artist, image) VALUES (13, 1, 42, 'Vildan Okan', 'vildan', 'ildankan13@example.com', '$2y$10$Cbfl/ml8ovv533PYusSnPOTOB6rqEDEM9SenSUlXOmxs04OhU4grG', '2020-03-03', '2021-10-07', 515, 'Free', 'Blues', 33, 'Sefa Can', 'https://picsum.photos/id/56/100/100');
INSERT INTO USERS (user_id, country_id, age, name, username, email, password, date_joined, last_login, follower_num, subscription_type, top_genre, num_songs_liked, most_played_artist, image) VALUES (14, 18, 21, 'Gizem Koray', 'gizem', 'izemoray14@example.com', '$2y$10$t.0sQT.0RKq52dlbB7N9v.D.VoTkKxU6KwrZxOTnlWGP7G7M1nb6u', '2017-01-29', '2017-06-22', 23, 'Premium', 'Reggae', 383, 'Ayşen Rüya', 'https://picsum.photos/id/43/100/100');
INSERT INTO USERS (user_id, country_id, age, name, username, email, password, date_joined, last_login, follower_num, subscription_type, top_genre, num_songs_liked, most_played_artist, image) VALUES (15, 3, 43, 'Burak Murat', 'burak', 'urakurat15@example.com', '$2y$10$Wp8aml5pC0r1LdpAkxs1R.NSqeqXQuX9iuAoQ0e58lN2iTiRr0uoS', '2013-06-09', '2018-12-29', 251, 'Free', 'Classical', 177, 'Tuba Yasin', 'https://picsum.photos/id/98/100/100');
INSERT INTO USERS (user_id, country_id, age, name, username, email, password, date_joined, last_login, follower_num, subscription_type, top_genre, num_songs_liked, most_played_artist, image) VALUES (16, 2, 21, 'Zeki Deniz', 'zeki1', 'ekieniz16@example.com', '$2y$10$LXoZt3WvuoFKvYgb6VIKd.sI50f2ilaIYI9MjDI7Rch2jUOa9POGi', '2014-05-26', '2015-04-07', 325, 'Premium', 'Classical', 98, 'Mert Zeynep', 'https://picsum.photos/id/75/100/100');
INSERT INTO USERS (user_id, country_id, age, name, username, email, password, date_joined, last_login, follower_num, subscription_type, top_genre, num_songs_liked, most_played_artist, image) VALUES (17, 9, 32, 'Ömer Emre', 'Ömer1', 'mermre17@example.com', '$2y$10$g7.cUAP/E1T/x34mtDie8OKaDeT7O.cbUrOFf99DijrJIb2fALDZa', '2020-03-18', '2022-09-11', 779, 'Free', 'Country', 194, 'Zeynep Deniz', 'https://picsum.photos/id/64/100/100');
INSERT INTO USERS (user_id, country_id, age, name, username, email, password, date_joined, last_login, follower_num, subscription_type, top_genre, num_songs_liked, most_played_artist, image) VALUES (18, 15, 69, 'Nisa Murat', 'nisa', 'isaurat18@example.com', '$2y$10$4IccWzGSXtnca2F8exR9AeVFrCJmEhI8pYd5wuOTZxw/PxWvWMvVG', '2015-11-16', '2023-12-21', 791, 'Free', 'Metal', 382, 'Volkan Vildan', 'https://picsum.photos/id/26/100/100');
INSERT INTO USERS (user_id, country_id, age, name, username, email, password, date_joined, last_login, follower_num, subscription_type, top_genre, num_songs_liked, most_played_artist, image) VALUES (19, 12, 36, 'Eda Kerem', 'eda1', 'daerem19@example.com', '$2y$10$3VRCnXZzN5UalMJga8kmru/48SCqUVPsafmQIDyfzfIwP7eSXd7qu', '2012-05-14', '2021-12-01', 440, 'Free', 'Dance', 2, 'Zeynep Gizem', 'https://picsum.photos/id/55/100/100');
INSERT INTO USERS (user_id, country_id, age, name, username, email, password, date_joined, last_login, follower_num, subscription_type, top_genre, num_songs_liked, most_played_artist, image) VALUES (20, 14, 34, 'Tuba Elif', 'tuba', 'ubalif20@example.com', '$2y$10$H5EfeonwiWPckCu6Jmx0Cu42Yyxjt/K9vX4OFlrOX22TQxHtU9oba', '2017-11-15', '2022-03-27', 785, 'Premium', 'R&B', 374, 'Murat Ömer', 'https://picsum.photos/id/36/100/100');
INSERT INTO USERS (user_id, country_id, age, name, username, email, password, date_joined, last_login, follower_num, subscription_type, top_genre, num_songs_liked, most_played_artist, image) VALUES (21, 9, 50, 'Kerem Tuba', 'kerem', 'eremuba21@example.com', '$2y$10$OCAo4vvKdd7HQ5JJSP8Kduc2I3XhNIbVsr0iTqIjQo2hZUiBtmPYC', '2022-10-26', '2023-06-13', 780, 'Free', 'Classical', 471, 'Ceren Doruk', 'https://picsum.photos/id/43/100/100');
INSERT INTO USERS (user_id, country_id, age, name, username, email, password, date_joined, last_login, follower_num, subscription_type, top_genre, num_songs_liked, most_played_artist, image) VALUES (22, 4, 70, 'Bahar Bahar', 'bahar', 'aharahar22@example.com', '$2y$10$JpBe1ga3Qj3wu/3yRSP4f.qJ/JDsP4BlM2..k84gCZIm6dUI67Fga', '2018-06-29', '2018-10-20', 185, 'Free', 'Hip Hop', 383, 'Ömer Irem', 'https://picsum.photos/id/92/100/100');
INSERT INTO USERS (user_id, country_id, age, name, username, email, password, date_joined, last_login, follower_num, subscription_type, top_genre, num_songs_liked, most_played_artist, image) VALUES (23, 1, 39, 'Ayşen Okan', 'ayşen', 'yenkan23@example.com', '$2y$10$6IayKnUPf3abLrC0fvY9U.VN9lY2LibUh/IRy7JoRjqxqozdaDd8e', '2018-01-04', '2021-05-13', 236, 'Premium', 'Reggae', 113, 'Yasin Bahar', 'https://picsum.photos/id/87/100/100');
INSERT INTO USERS (user_id, country_id, age, name, username, email, password, date_joined, last_login, follower_num, subscription_type, top_genre, num_songs_liked, most_played_artist, image) VALUES (24, 18, 18, 'Sefa Rüya', 'sefa', 'efaya24@example.com', '$2y$10$srznPr4Rr.knRPPj14cE5OlGq.mwOgQ6Y7BVkI5ruNbuGDoWN2OH6', '2016-10-28', '2020-06-02', 505, 'Free', 'Classical', 460, 'Ceren Irem', 'https://picsum.photos/id/61/100/100');
INSERT INTO USERS (user_id, country_id, age, name, username, email, password, date_joined, last_login, follower_num, subscription_type, top_genre, num_songs_liked, most_played_artist, image) VALUES (25, 10, 27, 'Eda Ayşen', 'eda2', 'dayen25@example.com', '$2y$10$8RFiziXWapgwiETU62IrGO4cYiNbyJ4cUa/stiYHmFS4lteo89J86', '2016-06-26', '2017-06-22', 595, 'Free', 'Jazz', 209, 'Nisa Tuba', 'https://picsum.photos/id/67/100/100');
INSERT INTO USERS (user_id, country_id, age, name, username, email, password, date_joined, last_login, follower_num, subscription_type, top_genre, num_songs_liked, most_played_artist, image) VALUES (26, 17, 36, 'Nisa Merve', 'nisa1', 'isaerve26@example.com', '$2y$10$GwEn9.NZnzuF7e8pPQWcgON38YUmpgw8HrshBa8x1MRcsVpJHvhDS', '2012-01-13', '2021-08-18', 920, 'Free', 'Blues', 59, 'Merve Eda', 'https://picsum.photos/id/89/100/100');
INSERT INTO USERS (user_id, country_id, age, name, username, email, password, date_joined, last_login, follower_num, subscription_type, top_genre, num_songs_liked, most_played_artist, image) VALUES (27, 6, 49, 'Murat Onur', 'murat2', 'uratnur27@example.com', '$2y$10$8SrziGn8fgu.cITCy4P5o.myI6NBgv1rn88QK8LA/tRkKpXMN9yi.', '2013-09-22', '2019-12-02', 554, 'Free', 'R&B', 376, 'Irem Merve', 'https://picsum.photos/id/99/100/100');
INSERT INTO USERS (user_id, country_id, age, name, username, email, password, date_joined, last_login, follower_num, subscription_type, top_genre, num_songs_liked, most_played_artist, image) VALUES (28, 12, 25, 'Serkan Mert', 'serkan', 'erkanert28@example.com', '$2y$10$XurWEwDhUrroUWgbn5kxBOCAKVQrkU7vnYQ2eeoYZj8iSWIY5x1DC', '2020-09-26', '2021-09-05', 639, 'Free', 'R&B', 166, 'Vildan Utku', 'https://picsum.photos/id/17/100/100');
INSERT INTO USERS (user_id, country_id, age, name, username, email, password, date_joined, last_login, follower_num, subscription_type, top_genre, num_songs_liked, most_played_artist, image) VALUES (29, 6, 20, 'Burak Tuba', 'burak1', 'urakuba29@example.com', '$2y$10$gtN4XECe07M1biKiQvmyvOxtvVa0JD8/z9gKMk5QB4Q3znHBL9R3.', '2013-04-25', '2014-12-28', 892, 'Premium', 'Jazz', 161, 'Ceren Bahar', 'https://picsum.photos/id/91/100/100');
INSERT INTO USERS (user_id, country_id, age, name, username, email, password, date_joined, last_login, follower_num, subscription_type, top_genre, num_songs_liked, most_played_artist, image) VALUES (30, 6, 21, 'Mert Eda', 'mert', 'ertda30@example.com', '$2y$10$7k1qR4CE1IOn4qauP.yClu3txW.0GEMUG1F1c0Yu.nr2fBJq9qp9C', '2010-06-24', '2013-07-25', 757, 'Free', 'Dance', 325, 'Koray Irem', 'https://picsum.photos/id/79/100/100');
INSERT INTO USERS (user_id, country_id, age, name, username, email, password, date_joined, last_login, follower_num, subscription_type, top_genre, num_songs_liked, most_played_artist, image) VALUES (31, 12, 37, 'Murat Tuba', 'murat3', 'uratuba31@example.com', '$2y$10$9vkH8QLswciUy7lO5HFvMOoT7Cpm9NYjS6/UZlzQ9z2EXILrgSA8G', '2014-11-26', '2015-07-24', 827, 'Premium', 'Country', 28, 'Tugçe Zeynep', 'https://picsum.photos/id/93/100/100');
INSERT INTO USERS (user_id, country_id, age, name, username, email, password, date_joined, last_login, follower_num, subscription_type, top_genre, num_songs_liked, most_played_artist, image) VALUES (32, 20, 52, 'Onur Mert', 'onur', 'nurert32@example.com', '$2y$10$uAeufhAmTFR7orO4q5j9QObmmt8/cs1Q/UhcbdhHCWbBZrbnw/ucW', '2014-12-10', '2017-02-08', 747, 'Free', 'Pop', 195, 'Ömer Lale', 'https://picsum.photos/id/47/100/100');
INSERT INTO USERS (user_id, country_id, age, name, username, email, password, date_joined, last_login, follower_num, subscription_type, top_genre, num_songs_liked, most_played_artist, image) VALUES (33, 16, 26, 'Burak Yeliz', 'burak2', 'urakeliz33@example.com', '$2y$10$aJK55owU.ROylGBqqSxaceLm2uQflOWAR5QWxGSyhCk0Bqg6zE0xa', '2012-08-07', '2023-09-12', 290, 'Premium', 'Pop', 335, 'Murat Ömer', 'https://picsum.photos/id/93/100/100');
INSERT INTO USERS (user_id, country_id, age, name, username, email, password, date_joined, last_login, follower_num, subscription_type, top_genre, num_songs_liked, most_played_artist, image) VALUES (34, 5, 58, 'Irem Bahar', 'irem1', 'remahar34@example.com', '$2y$10$ku6eye6dq5QqeCuXnaqotuMGvQGgzUE6vO4W7EtDnLt97r02bu6YK', '2023-09-22', '2024-01-03', 277, 'Free', 'Classical', 332, 'Nisa Can', 'https://picsum.photos/id/11/100/100');
INSERT INTO USERS (user_id, country_id, age, name, username, email, password, date_joined, last_login, follower_num, subscription_type, top_genre, num_songs_liked, most_played_artist, image) VALUES (35, 17, 32, 'Onur Yağmur', 'onur1', 'nuramur35@example.com', '$2y$10$YNaSGq0itCv40ETR/JDwM.HYH/dhdWSwhYw8gnvnb4bZnRacZWZgW', '2023-08-22', '2024-02-07', 810, 'Premium', 'Folk', 395, 'Elif Volkan', 'https://picsum.photos/id/26/100/100');
INSERT INTO USERS (user_id, country_id, age, name, username, email, password, date_joined, last_login, follower_num, subscription_type, top_genre, num_songs_liked, most_played_artist, image) VALUES (36, 18, 57, 'Yağmur Kaan', 'yağmur', 'amuraan36@example.com', '$2y$10$c8bG5dVSdYC6hU5PUk6oyu8Ca6pBsrMssCO9bFOE1Ej/JpLmP6Uei', '2010-10-22', '2022-06-20', 541, 'Free', 'Country', 434, 'Vildan Pinar', 'https://picsum.photos/id/55/100/100');
INSERT INTO USERS (user_id, country_id, age, name, username, email, password, date_joined, last_login, follower_num, subscription_type, top_genre, num_songs_liked, most_played_artist, image) VALUES (37, 7, 61, 'Rüya Can', 'rüya1', 'yaan37@example.com', '$2y$10$VM3BFC.7kxX1HB1edclHrelmtuLEUpDRoW50xxs8fX4z5z70uxa6C', '2013-08-17', '2018-05-15', 380, 'Premium', 'Alternative', 203, 'Can Mert', 'https://picsum.photos/id/9/100/100');
INSERT INTO USERS (user_id, country_id, age, name, username, email, password, date_joined, last_login, follower_num, subscription_type, top_genre, num_songs_liked, most_played_artist, image) VALUES (38, 6, 24, 'Zeynep Tuba', 'zeynep', 'eynepuba38@example.com', '$2y$10$d72ThQUXla.wPNWXNt2qpOkRjD5.HEGGKG4o3scdW7NQABLcGuRtG', '2012-12-19', '2018-04-04', 81, 'Premium', 'Country', 367, 'Emre Emre', 'https://picsum.photos/id/52/100/100');
INSERT INTO USERS (user_id, country_id, age, name, username, email, password, date_joined, last_login, follower_num, subscription_type, top_genre, num_songs_liked, most_played_artist, image) VALUES (39, 18, 40, 'Ömer Volkan', 'Ömer2', 'merolkan39@example.com', '$2y$10$ZmNDjbr.5qMQmwhof4FTj.mj4S.QrNanfD6m9ODhfNMU8kZLXH8BW', '2021-08-09', '2022-02-09', 889, 'Free', 'Pop', 39, 'Volkan Vildan', 'https://picsum.photos/id/55/100/100');
INSERT INTO USERS (user_id, country_id, age, name, username, email, password, date_joined, last_login, follower_num, subscription_type, top_genre, num_songs_liked, most_played_artist, image) VALUES (40, 7, 50, 'Mert Deniz', 'mert1', 'erteniz40@example.com', '$2y$10$HiLVbKSmknqHcgUmZQefIeqIGBiEmA6BDrR9792LH5yQjCKSgZPDW', '2010-07-27', '2021-01-05', 446, 'Free', 'Electronic', 315, 'Emre Utku', 'https://picsum.photos/id/27/100/100');
INSERT INTO USERS (user_id, country_id, age, name, username, email, password, date_joined, last_login, follower_num, subscription_type, top_genre, num_songs_liked, most_played_artist, image) VALUES (41, 14, 56, 'Tugçe Deniz', 'tugçe', 'ugeeniz41@example.com', '$2y$10$WVAQd.oATGgL5xW8Vhkx1e4TEEKI0teHKbzAzitWABn0sf6FPdQyW', '2018-02-02', '2018-03-31', 709, 'Premium', 'Dance', 472, 'Elif Volkan', 'https://picsum.photos/id/96/100/100');
INSERT INTO USERS (user_id, country_id, age, name, username, email, password, date_joined, last_login, follower_num, subscription_type, top_genre, num_songs_liked, most_played_artist, image) VALUES (42, 11, 46, 'Can Yasin', 'can', 'anasin42@example.com', '$2y$10$FV82VdECUpdimpbbfoNOVuw4tw9OIOdF59dEGWIf4Fegjzoj8QSIi', '2021-10-22', '2023-08-08', 955, 'Premium', 'Alternative', 407, 'Eda Serkan', 'https://picsum.photos/id/63/100/100');
INSERT INTO USERS (user_id, country_id, age, name, username, email, password, date_joined, last_login, follower_num, subscription_type, top_genre, num_songs_liked, most_played_artist, image) VALUES (43, 15, 39, 'Vildan Tugçe', 'vildan1', 'ildanuge43@example.com', '$2y$10$kKbW4oFALVf4WeDE2IG9suPLUEkE5K3/u3iTCBx6wYRc5/1aNzZJS', '2014-10-20', '2022-12-28', 673, 'Free', 'Dance', 129, 'Yasin Bahar', 'https://picsum.photos/id/64/100/100');
INSERT INTO USERS (user_id, country_id, age, name, username, email, password, date_joined, last_login, follower_num, subscription_type, top_genre, num_songs_liked, most_played_artist, image) VALUES (44, 8, 32, 'Serkan Zeynep', 'serkan1', 'erkaneynep44@example.com', '$2y$10$XlBW72PvL9D7FJXwHSphYO1Wj7tr1Lyc6e6EiE5E10rmF6fd/dJPu', '2020-08-14', '2022-02-10', 717, 'Free', 'Rock', 39, 'Can Mert', 'https://picsum.photos/id/93/100/100');
INSERT INTO USERS (user_id, country_id, age, name, username, email, password, date_joined, last_login, follower_num, subscription_type, top_genre, num_songs_liked, most_played_artist, image) VALUES (45, 12, 33, 'Pinar Yağmur', 'pinar', 'inaramur45@example.com', '$2y$10$2vYkaC5R4E24S.MDZxAtWeh1keBY9Od8XJTlAjU8.oSnJkXdRNRV2', '2018-09-24', '2023-10-19', 7, 'Free', 'Indie', 170, 'Sefa Yağmur', 'https://picsum.photos/id/41/100/100');
INSERT INTO USERS (user_id, country_id, age, name, username, email, password, date_joined, last_login, follower_num, subscription_type, top_genre, num_songs_liked, most_played_artist, image) VALUES (46, 2, 68, 'Rüya Zeynep', 'rüya2', 'yaeynep46@example.com', '$2y$10$.S6OWmep13AioKWko5vZkOEgl.B06FeiGc3l8rFKew3AaoIoADJtO', '2017-08-28', '2022-05-19', 527, 'Free', 'Electronic', 325, 'Can Gizem', 'https://picsum.photos/id/91/100/100');
INSERT INTO USERS (user_id, country_id, age, name, username, email, password, date_joined, last_login, follower_num, subscription_type, top_genre, num_songs_liked, most_played_artist, image) VALUES (47, 1, 68, 'Can Yasin', 'can1', 'anasin47@example.com', '$2y$10$bW4Ugn7op4.YN5D9Iy3iS.CkEG6Bj9XkvPPO3Md7QQwPSwCEupI4W', '2023-06-27', '2023-08-21', 736, 'Free', 'Classical', 204, 'Elif Volkan', 'https://picsum.photos/id/18/100/100');
INSERT INTO USERS (user_id, country_id, age, name, username, email, password, date_joined, last_login, follower_num, subscription_type, top_genre, num_songs_liked, most_played_artist, image) VALUES (48, 1, 32, 'Umut Mert', 'umut', 'mutert48@example.com', '$2y$10$daN63wZtbD48gsT64vKZTOqSkE8PNKqr6s6BX.SupR6o1VaeFnK0q', '2014-07-18', '2014-10-24', 373, 'Free', 'Country', 166, 'Pelin Ömer', 'https://picsum.photos/id/98/100/100');
INSERT INTO USERS (user_id, country_id, age, name, username, email, password, date_joined, last_login, follower_num, subscription_type, top_genre, num_songs_liked, most_played_artist, image) VALUES (49, 6, 39, 'Onur Mert', 'onur2', 'nurert49@example.com', '$2y$10$CXAW3H2QEky/.W.FkIY8.OQ/aZHlD.A6GP3ctfTnucFwuZYh8HhM.', '2022-04-08', '2024-04-14', 254, 'Free', 'Blues', 235, 'Pinar Deniz', 'https://picsum.photos/id/36/100/100');
INSERT INTO USERS (user_id, country_id, age, name, username, email, password, date_joined, last_login, follower_num, subscription_type, top_genre, num_songs_liked, most_played_artist, image) VALUES (50, 12, 27, 'Can Deniz', 'can2', 'aneniz50@example.com', '$2y$10$mrsIfAH5NLzU5O.g118IseNTs5dCYO05At0bhJ7jHc9HXwHTXEJUa', '2013-02-18', '2015-04-18', 171, 'Premium', 'Metal', 223, 'Emre Vildan', 'https://picsum.photos/id/2/100/100');
INSERT INTO USERS (user_id, country_id, age, name, username, email, password, date_joined, last_login, follower_num, subscription_type, top_genre, num_songs_liked, most_played_artist, image) VALUES (51, 1, 23, 'Irem Okan', 'irem2', 'remkan51@example.com', '$2y$10$LMAytaJOEtfpHIyIVfwGVuJ6naKoKfDnlwX8x./k4h8zKMRqdmLF.', '2010-12-09', '2022-05-22', 790, 'Premium', 'Blues', 17, 'Eda Ceren', 'https://picsum.photos/id/57/100/100');
INSERT INTO USERS (user_id, country_id, age, name, username, email, password, date_joined, last_login, follower_num, subscription_type, top_genre, num_songs_liked, most_played_artist, image) VALUES (52, 2, 50, 'Ceren Irem', 'ceren', 'erenrem52@example.com', '$2y$10$uBUZF8LXDP891GTLk5x.LOMsdZN78F6li.7UoITYdk1RB2vnteFwW', '2017-12-21', '2020-07-02', 861, 'Premium', 'Hip Hop', 449, 'Tugçe Zeynep', 'https://picsum.photos/id/66/100/100');
INSERT INTO USERS (user_id, country_id, age, name, username, email, password, date_joined, last_login, follower_num, subscription_type, top_genre, num_songs_liked, most_played_artist, image) VALUES (53, 11, 49, 'Pelin Yağmur', 'pelin', 'elinamur53@example.com', '$2y$10$KPbuix9x95gdarur9/Mh/eAvLSh.O2lI2Nhvt.91DgEAUu9AlzKl2', '2010-03-08', '2016-10-07', 473, 'Free', 'Metal', 44, 'Zeynep Deniz', 'https://picsum.photos/id/66/100/100');
INSERT INTO USERS (user_id, country_id, age, name, username, email, password, date_joined, last_login, follower_num, subscription_type, top_genre, num_songs_liked, most_played_artist, image) VALUES (54, 10, 20, 'Doruk Deniz', 'doruk', 'orukeniz54@example.com', '$2y$10$UXEX0li3XsEipAXTniYPMOM4SxJouNz41zmsjXZKqbxYV5RwpKQHG', '2023-06-13', '2023-10-20', 870, 'Free', 'Folk', 278, 'Emre Emre', 'https://picsum.photos/id/41/100/100');
INSERT INTO USERS (user_id, country_id, age, name, username, email, password, date_joined, last_login, follower_num, subscription_type, top_genre, num_songs_liked, most_played_artist, image) VALUES (55, 16, 70, 'Ceren Nisa', 'ceren1', 'erenisa55@example.com', '$2y$10$0q8dJX.8e/UXfmj/4e3cr..jxszDmcBconVmoxv/X4wYmap6VyyZi', '2012-04-25', '2018-01-08', 840, 'Free', 'Folk', 372, 'Utku Irem', 'https://picsum.photos/id/57/100/100');
INSERT INTO USERS (user_id, country_id, age, name, username, email, password, date_joined, last_login, follower_num, subscription_type, top_genre, num_songs_liked, most_played_artist, image) VALUES (56, 6, 47, 'Emre Zeynep', 'emre', 'mreeynep56@example.com', '$2y$10$pgeat4n9Esh2nqMJpWLBo.pSIYtG3wselQDl2Ss5SFCBaXACcWrIa', '2023-05-02', '2024-01-31', 850, 'Premium', 'Reggae', 396, 'Tuba Okan', 'https://picsum.photos/id/56/100/100');
INSERT INTO USERS (user_id, country_id, age, name, username, email, password, date_joined, last_login, follower_num, subscription_type, top_genre, num_songs_liked, most_played_artist, image) VALUES (57, 12, 33, 'Ömer Ceren', 'Ömer3', 'mereren57@example.com', '$2y$10$1T3CPgWyvDGx6/.23elFL.pH8S5ObuwHFSLp.o14s7g.ojBUMQoqe', '2010-10-23', '2023-03-06', 107, 'Free', 'Alternative', 189, 'Elif Vildan', 'https://picsum.photos/id/73/100/100');
INSERT INTO USERS (user_id, country_id, age, name, username, email, password, date_joined, last_login, follower_num, subscription_type, top_genre, num_songs_liked, most_played_artist, image) VALUES (58, 12, 62, 'Zeynep Zeki', 'zeynep1', 'eynepeki58@example.com', '$2y$10$g0jTuopM8e6aAiHUkQDdGOODfL145wwDeOpg7MOxeIdUfxSVsvyd2', '2012-09-03', '2024-04-21', 576, 'Premium', 'Folk', 156, 'Irem Merve', 'https://picsum.photos/id/81/100/100');
INSERT INTO USERS (user_id, country_id, age, name, username, email, password, date_joined, last_login, follower_num, subscription_type, top_genre, num_songs_liked, most_played_artist, image) VALUES (59, 9, 54, 'Serkan Deniz', 'serkan2', 'erkaneniz59@example.com', '$2y$10$kPAiJxH040Mkil.ZRWYzLeqP.BCDT9PzmREULjpj70s4Whf6fMYTm', '2015-09-21', '2023-03-11', 822, 'Premium', 'Alternative', 204, 'Tuba Yasin', 'https://picsum.photos/id/71/100/100');
INSERT INTO USERS (user_id, country_id, age, name, username, email, password, date_joined, last_login, follower_num, subscription_type, top_genre, num_songs_liked, most_played_artist, image) VALUES (60, 12, 30, 'Onur Yeliz', 'onur3', 'nureliz60@example.com', '$2y$10$oqXkUULklD7z1ztiB0qSrObjgiEy4wBgNOKUfgrG4pjZ/N7LCoZAK', '2019-02-27', '2021-12-03', 850, 'Free', 'Country', 196, 'Elif Volkan', 'https://picsum.photos/id/42/100/100');
INSERT INTO USERS (user_id, country_id, age, name, username, email, password, date_joined, last_login, follower_num, subscription_type, top_genre, num_songs_liked, most_played_artist, image) VALUES (61, 17, 44, 'Murat Vildan', 'murat4', 'uratildan61@example.com', '$2y$10$nwz6Sjd4/jKyBCGKjBcT/eaO4.nxoaqp3EdewAELR.spUABIEh3cS', '2020-10-15', '2024-04-09', 119, 'Premium', 'Blues', 466, 'Zeki Volkan', 'https://picsum.photos/id/75/100/100');
INSERT INTO USERS (user_id, country_id, age, name, username, email, password, date_joined, last_login, follower_num, subscription_type, top_genre, num_songs_liked, most_played_artist, image) VALUES (62, 6, 61, 'Zeki Tugçe', 'zeki2', 'ekiuge62@example.com', '$2y$10$xoUrL6HmOzb4wsbgqqDsqu/XadGn2kM6XZZRmZDcLSwG/odYb4/B.', '2020-07-29', '2020-09-16', 920, 'Premium', 'Indie', 91, 'Tuba Ayşen', 'https://picsum.photos/id/4/100/100');
INSERT INTO USERS (user_id, country_id, age, name, username, email, password, date_joined, last_login, follower_num, subscription_type, top_genre, num_songs_liked, most_played_artist, image) VALUES (63, 1, 56, 'Eda Okan', 'eda3', 'dakan63@example.com', '$2y$10$ZvTDKRhQ1sjoVe0Rgw.cQ.Jj97nNLlSkf/QWFRZ.XVGUJZgsQjS.K', '2020-07-06', '2023-02-14', 391, 'Free', 'Jazz', 228, 'Kerem Tugçe', 'https://picsum.photos/id/19/100/100');
INSERT INTO USERS (user_id, country_id, age, name, username, email, password, date_joined, last_login, follower_num, subscription_type, top_genre, num_songs_liked, most_played_artist, image) VALUES (64, 10, 63, 'Yağmur Ömer', 'yağmur1', 'amurmer64@example.com', '$2y$10$Pt7Xi8o2bL/GSBfMaU9w8e7KPJBpgXkTRBt1xXv6HqGHg.iZYL0.m', '2011-04-06', '2015-09-21', 694, 'Free', 'Reggae', 79, 'Umut Ayşen', 'https://picsum.photos/id/82/100/100');
INSERT INTO USERS (user_id, country_id, age, name, username, email, password, date_joined, last_login, follower_num, subscription_type, top_genre, num_songs_liked, most_played_artist, image) VALUES (65, 12, 62, 'Pinar Kaan', 'pinar1', 'inaraan65@example.com', '$2y$10$rGYKbICUCTkL1VICRTJvru..xr5N2ygdgIJpkXzytooH1pbKt12WK', '2011-03-09', '2022-12-20', 113, 'Free', 'R&B', 400, 'Okan Koray', 'https://picsum.photos/id/94/100/100');
INSERT INTO USERS (user_id, country_id, age, name, username, email, password, date_joined, last_login, follower_num, subscription_type, top_genre, num_songs_liked, most_played_artist, image) VALUES (66, 10, 64, 'Bahar Vildan', 'bahar1', 'aharildan66@example.com', '$2y$10$4RfoCuortcdATd57XFMngOpyTSNzqe0xfLALtJvMrkSOg0snR3VWO', '2016-01-07', '2021-03-09', 972, 'Premium', 'R&B', 306, 'Zeynep Onur', 'https://picsum.photos/id/90/100/100');
INSERT INTO USERS (user_id, country_id, age, name, username, email, password, date_joined, last_login, follower_num, subscription_type, top_genre, num_songs_liked, most_played_artist, image) VALUES (67, 11, 31, 'Tuba Onur', 'tuba1', 'ubanur67@example.com', '$2y$10$VTxclO.D.6kKJiP7C5squOfSws/OwpXxSFZ9GjsIYsGSVVq0dGBhe', '2018-08-22', '2022-05-17', 50, 'Free', 'Rock', 232, 'Rüya Onur', 'https://picsum.photos/id/12/100/100');
INSERT INTO USERS (user_id, country_id, age, name, username, email, password, date_joined, last_login, follower_num, subscription_type, top_genre, num_songs_liked, most_played_artist, image) VALUES (68, 15, 24, 'Vildan Elif', 'vildan2', 'ildanlif68@example.com', '$2y$10$Hvkzij4hqmJ7rwcy5OSOy.a/z0HkEnq6oqQjWMCkkNRAZx/fg9Jxu', '2022-08-04', '2023-05-14', 809, 'Free', 'Indie', 163, 'Elif Vildan', 'https://picsum.photos/id/14/100/100');
INSERT INTO USERS (user_id, country_id, age, name, username, email, password, date_joined, last_login, follower_num, subscription_type, top_genre, num_songs_liked, most_played_artist, image) VALUES (69, 11, 40, 'Okan Okan', 'okan1', 'kankan69@example.com', '$2y$10$LAM/2xOqd0wJZIx5LiqHcucN.1MZl.NDiZnuXUUezYrmovXLOPrfK', '2016-04-03', '2019-04-04', 294, 'Free', 'Electronic', 422, 'Elif Vildan', 'https://picsum.photos/id/79/100/100');
INSERT INTO USERS (user_id, country_id, age, name, username, email, password, date_joined, last_login, follower_num, subscription_type, top_genre, num_songs_liked, most_played_artist, image) VALUES (70, 11, 43, 'Yasin Pinar', 'yasin', 'asininar70@example.com', '$2y$10$zLLhdQZ5VW8Ksa/Aohwqp.OyKY41cEfJH3tbgPsYZ07k/e7wfJ7O.', '2010-05-26', '2013-11-23', 351, 'Premium', 'Jazz', 59, 'Onur Pelin', 'https://picsum.photos/id/22/100/100');
INSERT INTO USERS (user_id, country_id, age, name, username, email, password, date_joined, last_login, follower_num, subscription_type, top_genre, num_songs_liked, most_played_artist, image) VALUES (71, 8, 37, 'Yasin Pelin', 'yasin1', 'asinelin71@example.com', '$2y$10$VSJWQAR.3Rok/QAU15wwLevEfNvcwaSgE/RXXgWUd1hGhiSFTUtJK', '2016-02-12', '2018-01-04', 436, 'Premium', 'Electronic', 119, 'Emre Utku', 'https://picsum.photos/id/18/100/100');
INSERT INTO USERS (user_id, country_id, age, name, username, email, password, date_joined, last_login, follower_num, subscription_type, top_genre, num_songs_liked, most_played_artist, image) VALUES (72, 18, 24, 'Tuba Tuba', 'tuba2', 'ubauba72@example.com', '$2y$10$Hj3gQ5XWHNxUKmoemUzmNuD1zbfH1Zbp6hisHlwZFsIvW43O3E9f2', '2023-12-09', '2024-03-10', 575, 'Free', 'R&B', 308, 'Onur Pelin', 'https://picsum.photos/id/77/100/100');
INSERT INTO USERS (user_id, country_id, age, name, username, email, password, date_joined, last_login, follower_num, subscription_type, top_genre, num_songs_liked, most_played_artist, image) VALUES (73, 2, 69, 'Nisa Zeki', 'nisa2', 'isaeki73@example.com', '$2y$10$JxA3a/Fw59C7d0kUtPBAG.xh9E7UMJlg9O/KCBho3Ncq1hvQG6Yjm', '2023-08-11', '2024-05-10', 2, 'Free', 'R&B', 168, 'Volkan Ömer', 'https://picsum.photos/id/77/100/100');
INSERT INTO USERS (user_id, country_id, age, name, username, email, password, date_joined, last_login, follower_num, subscription_type, top_genre, num_songs_liked, most_played_artist, image) VALUES (74, 8, 59, 'Irem Koray', 'irem3', 'remoray74@example.com', '$2y$10$kB0E9SUU.9TeC8qQkVdpLOaynM2K6MBBn8y98wRXlCdBLmt/HSWSy', '2021-07-02', '2024-03-01', 60, 'Free', 'R&B', 222, 'Nisa Can', 'https://picsum.photos/id/17/100/100');
INSERT INTO USERS (user_id, country_id, age, name, username, email, password, date_joined, last_login, follower_num, subscription_type, top_genre, num_songs_liked, most_played_artist, image) VALUES (75, 5, 50, 'Tugçe Okan', 'tugçe1', 'ugekan75@example.com', '$2y$10$v6FNJKe5hicvhfMldoNCcOhaJQQSHJoeMZMkb.526DWcZfob4QlPS', '2018-10-13', '2021-04-27', 427, 'Free', 'Rock', 304, 'Utku Doruk', 'https://picsum.photos/id/89/100/100');
INSERT INTO USERS (user_id, country_id, age, name, username, email, password, date_joined, last_login, follower_num, subscription_type, top_genre, num_songs_liked, most_played_artist, image) VALUES (76, 7, 45, 'Elif Senem', 'elif', 'lifenem76@example.com', '$2y$10$A.y9FM7IyW24E1ezzc8QZ.k4zUHK0sqZoHBILz5W.KxlM5vMhda36', '2011-04-01', '2022-01-24', 478, 'Free', 'Dance', 310, 'Koray Irem', 'https://picsum.photos/id/64/100/100');
INSERT INTO USERS (user_id, country_id, age, name, username, email, password, date_joined, last_login, follower_num, subscription_type, top_genre, num_songs_liked, most_played_artist, image) VALUES (77, 1, 52, 'Pinar Doruk', 'pinar2', 'inaroruk77@example.com', '$2y$10$8eqIUKiTK31hTEAkkLN2yuBAR2b3rcxKOXp0EATXMTTu8FDAYANvS', '2019-01-04', '2019-12-13', 350, 'Premium', 'R&B', 308, 'Sefa Yağmur', 'https://picsum.photos/id/10/100/100');
INSERT INTO USERS (user_id, country_id, age, name, username, email, password, date_joined, last_login, follower_num, subscription_type, top_genre, num_songs_liked, most_played_artist, image) VALUES (78, 12, 57, 'Ömer Ayşen', 'Ömer4', 'meryen78@example.com', '$2y$10$EZadxxlxV.YLOGSr84rOTu8269ICj7SkElh9QHuLT9ptV4E3uOnDC', '2018-12-05', '2023-07-16', 179, 'Free', 'Alternative', 102, 'Elif Vildan', 'https://picsum.photos/id/43/100/100');
INSERT INTO USERS (user_id, country_id, age, name, username, email, password, date_joined, last_login, follower_num, subscription_type, top_genre, num_songs_liked, most_played_artist, image) VALUES (79, 2, 69, 'Doruk Eda', 'doruk1', 'orukda79@example.com', '$2y$10$vZmxqfyPs1.W2.kNwSHK..kWDWcn6gcUhxjwi8dAE3JtgJPJ951im', '2018-08-25', '2024-03-30', 930, 'Free', 'Alternative', 176, 'Senem Okan', 'https://picsum.photos/id/86/100/100');
INSERT INTO USERS (user_id, country_id, age, name, username, email, password, date_joined, last_login, follower_num, subscription_type, top_genre, num_songs_liked, most_played_artist, image) VALUES (80, 9, 51, 'Utku Ayşen', 'utku', 'tkuyen80@example.com', '$2y$10$ZtlXek360vdKPbgEz8JzGeajUcjFhDqdq8YGv6EqGKmuI5xQov3d2', '2021-03-14', '2021-12-14', 490, 'Premium', 'Indie', 387, 'Ceren Irem', 'https://picsum.photos/id/94/100/100');
INSERT INTO USERS (user_id, country_id, age, name, username, email, password, date_joined, last_login, follower_num, subscription_type, top_genre, num_songs_liked, most_played_artist, image) VALUES (81, 14, 57, 'Ömer Vildan', 'Ömer5', 'merildan81@example.com', '$2y$10$pMiA9aqYRWH8iVc.mBN42.SdEB0AbxWg48wQpNluQokB4bQK6l22G', '2012-10-30', '2019-08-10', 3, 'Premium', 'Rock', 470, 'Sefa Can', 'https://picsum.photos/id/97/100/100');
INSERT INTO USERS (user_id, country_id, age, name, username, email, password, date_joined, last_login, follower_num, subscription_type, top_genre, num_songs_liked, most_played_artist, image) VALUES (82, 12, 59, 'Onur Tuba', 'onur4', 'nuruba82@example.com', '$2y$10$rIveVbF5Km0I48/QroyUB.wfApMsqLnrDjMraEGiws9zBHRBEOQMS', '2019-08-18', '2021-10-09', 947, 'Premium', 'Alternative', 74, 'Merve Koray', 'https://picsum.photos/id/59/100/100');
INSERT INTO USERS (user_id, country_id, age, name, username, email, password, date_joined, last_login, follower_num, subscription_type, top_genre, num_songs_liked, most_played_artist, image) VALUES (83, 6, 42, 'Ceren Deniz', 'ceren2', 'ereneniz83@example.com', '$2y$10$GA/UadnfYOa216zLP/nQ4.1TwmR8aykLqeFwe5gObs2va3i2t12uG', '2012-03-16', '2022-05-28', 5, 'Premium', 'Pop', 97, 'Zeki Irem', 'https://picsum.photos/id/92/100/100');
INSERT INTO USERS (user_id, country_id, age, name, username, email, password, date_joined, last_login, follower_num, subscription_type, top_genre, num_songs_liked, most_played_artist, image) VALUES (84, 2, 28, 'Burak Ceren', 'burak3', 'urakeren84@example.com', '$2y$10$Q.ASP5htRsvr8VJuQIBDs.CRH5vi68gxslrlBfMFXGi4E/AR29SDC', '2019-06-20', '2020-12-18', 10, 'Free', 'Hip Hop', 336, 'Zeki Irem', 'https://picsum.photos/id/51/100/100');
INSERT INTO USERS (user_id, country_id, age, name, username, email, password, date_joined, last_login, follower_num, subscription_type, top_genre, num_songs_liked, most_played_artist, image) VALUES (85, 8, 38, 'Yeliz Merve', 'yeliz', 'elizerve85@example.com', '$2y$10$AUG2.8kQqXh5cd04V7QuUeEFV/gvbO1p.8NAMwUGuoTP8sCgUPrVa', '2023-10-20', '2023-10-31', 94, 'Free', 'Dance', 103, 'Pelin Nisa', 'https://picsum.photos/id/79/100/100');
INSERT INTO USERS (user_id, country_id, age, name, username, email, password, date_joined, last_login, follower_num, subscription_type, top_genre, num_songs_liked, most_played_artist, image) VALUES (86, 1, 43, 'Ceren Elif', 'ceren3', 'erenlif86@example.com', '$2y$10$xiFk4pCXNBRQpc49IWtgFujZNtAbHw07EnZjzQJsZJbrSoq25Hsd6', '2018-09-12', '2021-12-20', 875, 'Free', 'Rock', 81, 'Okan Yeliz', 'https://picsum.photos/id/59/100/100');
INSERT INTO USERS (user_id, country_id, age, name, username, email, password, date_joined, last_login, follower_num, subscription_type, top_genre, num_songs_liked, most_played_artist, image) VALUES (87, 17, 32, 'Deniz Volkan', 'deniz2', 'enizolkan87@example.com', '$2y$10$.wLbU8Ky0f8Ttog9hJtxauUxo0CE3hBbxHhcxJpCil8sjJlpNm/by', '2016-05-22', '2023-11-28', 879, 'Premium', 'Reggae', 166, 'Zeki Volkan', 'https://picsum.photos/id/40/100/100');
INSERT INTO USERS (user_id, country_id, age, name, username, email, password, date_joined, last_login, follower_num, subscription_type, top_genre, num_songs_liked, most_played_artist, image) VALUES (88, 7, 38, 'Irem Burak', 'irem4', 'remurak88@example.com', '$2y$10$WHCuhmHVXVee6bknSCxxCu6Ww/pMYJGKh9TCft4Q.Dz/YQUQFXY4a', '2013-05-13', '2022-01-16', 282, 'Free', 'Pop', 416, 'Nisa Can', 'https://picsum.photos/id/18/100/100');
INSERT INTO USERS (user_id, country_id, age, name, username, email, password, date_joined, last_login, follower_num, subscription_type, top_genre, num_songs_liked, most_played_artist, image) VALUES (89, 19, 65, 'Yağmur Zeki', 'yağmur2', 'amureki89@example.com', '$2y$10$vKXNiRAoLCIXeUPi.Oh2CuhrI0YZYiwE3KnX0jKZHVtQEsrHv9F7G', '2016-03-04', '2017-02-14', 613, 'Premium', 'Blues', 405, 'Can Gizem', 'https://picsum.photos/id/91/100/100');
INSERT INTO USERS (user_id, country_id, age, name, username, email, password, date_joined, last_login, follower_num, subscription_type, top_genre, num_songs_liked, most_played_artist, image) VALUES (90, 14, 67, 'Irem Rüya', 'irem5', 'remya90@example.com', '$2y$10$3RbTVOUWQSNAp474v5bPAuH5W8MwSL6VO362snXUSVTHUUjw60JL6', '2020-07-19', '2020-11-23', 789, 'Free', 'Folk', 87, 'Tuba Yasin', 'https://picsum.photos/id/69/100/100');
INSERT INTO USERS (user_id, country_id, age, name, username, email, password, date_joined, last_login, follower_num, subscription_type, top_genre, num_songs_liked, most_played_artist, image) VALUES (91, 10, 50, 'Serkan Bahar', 'serkan3', 'erkanahar91@example.com', '$2y$10$gIp3MWuwmNIq9I3oUY93JuxQuiO8tyW9MpqHA11HyeLLUoWFBAhGm', '2012-01-30', '2015-01-26', 857, 'Premium', 'Jazz', 481, 'Emre Elif', 'https://picsum.photos/id/99/100/100');
INSERT INTO USERS (user_id, country_id, age, name, username, email, password, date_joined, last_login, follower_num, subscription_type, top_genre, num_songs_liked, most_played_artist, image) VALUES (92, 13, 26, 'Gizem Ömer', 'gizem1', 'izemmer92@example.com', '$2y$10$neiwgabyL3swU7NvbafZ8OYxAOQTOCkZpqT/go8sz9gYU0eIxsSGG', '2019-04-26', '2021-11-18', 605, 'Premium', 'Hip Hop', 464, 'Vildan Utku', 'https://picsum.photos/id/97/100/100');
INSERT INTO USERS (user_id, country_id, age, name, username, email, password, date_joined, last_login, follower_num, subscription_type, top_genre, num_songs_liked, most_played_artist, image) VALUES (93, 13, 64, 'Volkan Tuba', 'volkan', 'olkanuba93@example.com', '$2y$10$fIF9SNN4.lWdFWzAaNZgn.pkMCxbPt3nXPjyXhsSi0TCXkCg4iufG', '2011-07-27', '2015-12-24', 477, 'Free', 'Reggae', 80, 'Elif Can', 'https://picsum.photos/id/44/100/100');
INSERT INTO USERS (user_id, country_id, age, name, username, email, password, date_joined, last_login, follower_num, subscription_type, top_genre, num_songs_liked, most_played_artist, image) VALUES (94, 16, 43, 'Koray Yeliz', 'koray1', 'orayeliz94@example.com', '$2y$10$9gdpr.I66nTbItsvg5I1OO31dPUsT3eFbpI7NWNoaO6HeKQcmZlsm', '2020-07-25', '2021-11-23', 335, 'Free', 'Hip Hop', 325, 'Yeliz Irem', 'https://picsum.photos/id/11/100/100');
INSERT INTO USERS (user_id, country_id, age, name, username, email, password, date_joined, last_login, follower_num, subscription_type, top_genre, num_songs_liked, most_played_artist, image) VALUES (95, 9, 22, 'Gizem Zeynep', 'gizem2', 'izemeynep95@example.com', '$2y$10$Wu2zMSovCDHI0l.e5gHgTO1pJrPq2zarECDbLY8nwrnir.THPwyBW', '2018-12-25', '2021-11-07', 943, 'Free', 'Electronic', 396, 'Okan Koray', 'https://picsum.photos/id/68/100/100');
INSERT INTO USERS (user_id, country_id, age, name, username, email, password, date_joined, last_login, follower_num, subscription_type, top_genre, num_songs_liked, most_played_artist, image) VALUES (96, 7, 40, 'Pelin Yasin', 'pelin1', 'elinasin96@example.com', '$2y$10$De5sjejuUf.PDx/r67N0aO.TKCRV7Q3lkpdP4CY1TiSxvdtq5fivy', '2016-10-13', '2024-04-22', 545, 'Premium', 'Reggae', 462, 'Zeynep Gizem', 'https://picsum.photos/id/36/100/100');
INSERT INTO USERS (user_id, country_id, age, name, username, email, password, date_joined, last_login, follower_num, subscription_type, top_genre, num_songs_liked, most_played_artist, image) VALUES (97, 15, 66, 'Sefa Deniz', 'sefa1', 'efaeniz97@example.com', '$2y$10$HgxMy2FUDU6Kvm9A8UNVLOcmuOs3fwLynXiLBbMpFcBIUnqzQDaUS', '2020-02-03', '2021-08-18', 528, 'Free', 'Indie', 153, 'Vildan Pinar', 'https://picsum.photos/id/27/100/100');
INSERT INTO USERS (user_id, country_id, age, name, username, email, password, date_joined, last_login, follower_num, subscription_type, top_genre, num_songs_liked, most_played_artist, image) VALUES (98, 20, 38, 'Merve Volkan', 'merve', 'erveolkan98@example.com', '$2y$10$8nZ7p5DX69L5ZwNwQ0eJz.lnJt0CbIgBjIC7zv3tEqsm3gra/0kwe', '2013-01-24', '2013-09-25', 460, 'Premium', 'Classical', 180, 'Emre Vildan', 'https://picsum.photos/id/94/100/100');
INSERT INTO USERS (user_id, country_id, age, name, username, email, password, date_joined, last_login, follower_num, subscription_type, top_genre, num_songs_liked, most_played_artist, image) VALUES (99, 20, 55, 'Yasin Emre', 'yasin2', 'asinmre99@example.com', '$2y$10$xdwCsRspw1XcjkHhwZmfnuXnsuQSygm01.j6wxNX4iZNqJzBygiG6', '2015-07-30', '2021-05-24', 755, 'Premium', 'Reggae', 358, 'Yağmur Zeki', 'https://picsum.photos/id/86/100/100');
INSERT INTO USERS (user_id, country_id, age, name, username, email, password, date_joined, last_login, follower_num, subscription_type, top_genre, num_songs_liked, most_played_artist, image) VALUES (100, 15, 50, 'Rüya Pinar', 'rüya3', 'yainar100@example.com', '$2y$10$XLOHCkOFBKoBhqjvfSNc3ucdDLzudOSWZgLFKwWglF6YohMRjV.3.', '2012-07-04', '2013-05-06', 340, 'Free', 'R&B', 45, 'Volkan Zeynep', 'https://picsum.photos/id/11/100/100');

-- ARTISTS Data --
INSERT INTO ARTISTS (artist_id, name, genre, date_joined, total_num_music, total_albums, listeners, bio, country_id, image) VALUES (1, 'Elif Can', 'Blues', '2019-11-02', 117, 13, 8482754, 'A passionate artist creating Blues music.', 9, 'https://picsum.photos/id/130/150/150');
INSERT INTO ARTISTS (artist_id, name, genre, date_joined, total_num_music, total_albums, listeners, bio, country_id, image) VALUES (2, 'Zeki Volkan', 'Reggae', '2015-04-17', 73, 8, 6433442, 'A passionate artist creating Reggae music.', 6, 'https://picsum.photos/id/122/150/150');
INSERT INTO ARTISTS (artist_id, name, genre, date_joined, total_num_music, total_albums, listeners, bio, country_id, image) VALUES (3, 'Sefa Can', 'Alternative', '2008-06-28', 54, 5, 6028941, 'A passionate artist creating Alternative music.', 3, 'https://picsum.photos/id/135/150/150');
INSERT INTO ARTISTS (artist_id, name, genre, date_joined, total_num_music, total_albums, listeners, bio, country_id, image) VALUES (4, 'Yasin Rüya', 'Alternative', '2006-10-06', 45, 11, 2902431, 'A passionate artist creating Alternative music.', 9, 'https://picsum.photos/id/138/150/150');
INSERT INTO ARTISTS (artist_id, name, genre, date_joined, total_num_music, total_albums, listeners, bio, country_id, image) VALUES (5, 'Utku Doruk', 'Jazz', '2013-11-07', 178, 1, 6005606, 'A passionate artist creating Jazz music.', 20, 'https://picsum.photos/id/164/150/150');
INSERT INTO ARTISTS (artist_id, name, genre, date_joined, total_num_music, total_albums, listeners, bio, country_id, image) VALUES (6, 'Deniz Yasin', 'Metal', '2015-12-28', 96, 11, 6809080, 'A passionate artist creating Metal music.', 8, 'https://picsum.photos/id/173/150/150');
INSERT INTO ARTISTS (artist_id, name, genre, date_joined, total_num_music, total_albums, listeners, bio, country_id, image) VALUES (7, 'Murat Pelin', 'Country', '2006-11-30', 76, 13, 7885576, 'A passionate artist creating Country music.', 18, 'https://picsum.photos/id/169/150/150');
INSERT INTO ARTISTS (artist_id, name, genre, date_joined, total_num_music, total_albums, listeners, bio, country_id, image) VALUES (8, 'Koray Serkan', 'Folk', '2011-08-28', 93, 8, 1956619, 'A passionate artist creating Folk music.', 3, 'https://picsum.photos/id/150/150/150');
INSERT INTO ARTISTS (artist_id, name, genre, date_joined, total_num_music, total_albums, listeners, bio, country_id, image) VALUES (9, 'Kaan Serkan', 'Rock', '2017-07-20', 163, 13, 3960632, 'A passionate artist creating Rock music.', 19, 'https://picsum.photos/id/157/150/150');
INSERT INTO ARTISTS (artist_id, name, genre, date_joined, total_num_music, total_albums, listeners, bio, country_id, image) VALUES (10, 'Nisa Can', 'Reggae', '2019-07-30', 8, 4, 5792193, 'A passionate artist creating Reggae music.', 15, 'https://picsum.photos/id/160/150/150');
INSERT INTO ARTISTS (artist_id, name, genre, date_joined, total_num_music, total_albums, listeners, bio, country_id, image) VALUES (11, 'Pelin Rüya', 'Metal', '2013-02-13', 162, 4, 8226440, 'A passionate artist creating Metal music.', 14, 'https://picsum.photos/id/166/150/150');
INSERT INTO ARTISTS (artist_id, name, genre, date_joined, total_num_music, total_albums, listeners, bio, country_id, image) VALUES (12, 'Elif Umut', 'Country', '2014-08-14', 38, 7, 9767574, 'A passionate artist creating Country music.', 10, 'https://picsum.photos/id/191/150/150');
INSERT INTO ARTISTS (artist_id, name, genre, date_joined, total_num_music, total_albums, listeners, bio, country_id, image) VALUES (13, 'Tuba Okan', 'Classical', '2015-07-13', 48, 11, 9226048, 'A passionate artist creating Classical music.', 9, 'https://picsum.photos/id/132/150/150');
INSERT INTO ARTISTS (artist_id, name, genre, date_joined, total_num_music, total_albums, listeners, bio, country_id, image) VALUES (14, 'Doruk Vildan', 'Rock', '2021-06-16', 109, 1, 3483823, 'A passionate artist creating Rock music.', 6, 'https://picsum.photos/id/125/150/150');
INSERT INTO ARTISTS (artist_id, name, genre, date_joined, total_num_music, total_albums, listeners, bio, country_id, image) VALUES (15, 'Onur Pelin', 'Reggae', '2012-04-20', 44, 7, 417956, 'A passionate artist creating Reggae music.', 7, 'https://picsum.photos/id/137/150/150');
INSERT INTO ARTISTS (artist_id, name, genre, date_joined, total_num_music, total_albums, listeners, bio, country_id, image) VALUES (16, 'Ayşen Tuba', 'Rock', '2020-08-25', 127, 2, 9868040, 'A passionate artist creating Rock music.', 17, 'https://picsum.photos/id/129/150/150');
INSERT INTO ARTISTS (artist_id, name, genre, date_joined, total_num_music, total_albums, listeners, bio, country_id, image) VALUES (17, 'Deniz Yasin 1', 'Classical', '2006-07-13', 6, 9, 9282183, 'A passionate artist creating Classical music.', 2, 'https://picsum.photos/id/103/150/150');
INSERT INTO ARTISTS (artist_id, name, genre, date_joined, total_num_music, total_albums, listeners, bio, country_id, image) VALUES (18, 'Umut Ayşen', 'Rock', '2020-11-22', 145, 2, 6287383, 'A passionate artist creating Rock music.', 10, 'https://picsum.photos/id/166/150/150');
INSERT INTO ARTISTS (artist_id, name, genre, date_joined, total_num_music, total_albums, listeners, bio, country_id, image) VALUES (19, 'Kerem Pelin', 'Classical', '2017-09-14', 57, 12, 9113773, 'A passionate artist creating Classical music.', 19, 'https://picsum.photos/id/165/150/150');
INSERT INTO ARTISTS (artist_id, name, genre, date_joined, total_num_music, total_albums, listeners, bio, country_id, image) VALUES (20, 'Murat Pelin 1', 'Country', '2005-02-08', 7, 4, 4888851, 'A passionate artist creating Country music.', 16, 'https://picsum.photos/id/175/150/150');
INSERT INTO ARTISTS (artist_id, name, genre, date_joined, total_num_music, total_albums, listeners, bio, country_id, image) VALUES (21, 'Ömer Irem', 'Jazz', '2010-11-19', 5, 7, 1093052, 'A passionate artist creating Jazz music.', 2, 'https://picsum.photos/id/191/150/150');
INSERT INTO ARTISTS (artist_id, name, genre, date_joined, total_num_music, total_albums, listeners, bio, country_id, image) VALUES (22, 'Pelin Koray', 'Folk', '2019-08-15', 128, 8, 7320522, 'A passionate artist creating Folk music.', 9, 'https://picsum.photos/id/189/150/150');
INSERT INTO ARTISTS (artist_id, name, genre, date_joined, total_num_music, total_albums, listeners, bio, country_id, image) VALUES (23, 'Irem Merve', 'R&B', '2021-09-20', 57, 12, 5887937, 'A passionate artist creating R&B music.', 11, 'https://picsum.photos/id/132/150/150');
INSERT INTO ARTISTS (artist_id, name, genre, date_joined, total_num_music, total_albums, listeners, bio, country_id, image) VALUES (24, 'Kerem Pelin 1', 'Dance', '2008-09-03', 61, 13, 1334309, 'A passionate artist creating Dance music.', 5, 'https://picsum.photos/id/173/150/150');
INSERT INTO ARTISTS (artist_id, name, genre, date_joined, total_num_music, total_albums, listeners, bio, country_id, image) VALUES (25, 'Murat Ömer', 'R&B', '2010-06-18', 200, 7, 2447460, 'A passionate artist creating R&B music.', 3, 'https://picsum.photos/id/169/150/150');
INSERT INTO ARTISTS (artist_id, name, genre, date_joined, total_num_music, total_albums, listeners, bio, country_id, image) VALUES (26, 'Vildan Utku', 'Country', '2006-04-02', 110, 8, 3752137, 'A passionate artist creating Country music.', 4, 'https://picsum.photos/id/177/150/150');
INSERT INTO ARTISTS (artist_id, name, genre, date_joined, total_num_music, total_albums, listeners, bio, country_id, image) VALUES (27, 'Mert Zeynep', 'Dance', '2015-02-03', 92, 12, 3977852, 'A passionate artist creating Dance music.', 5, 'https://picsum.photos/id/200/150/150');
INSERT INTO ARTISTS (artist_id, name, genre, date_joined, total_num_music, total_albums, listeners, bio, country_id, image) VALUES (28, 'Ömer Irem 1', 'Country', '2010-07-28', 70, 13, 6647148, 'A passionate artist creating Country music.', 20, 'https://picsum.photos/id/200/150/150');
INSERT INTO ARTISTS (artist_id, name, genre, date_joined, total_num_music, total_albums, listeners, bio, country_id, image) VALUES (29, 'Murat Pelin 2', 'Hip Hop', '2006-08-28', 68, 15, 872524, 'A passionate artist creating Hip Hop music.', 18, 'https://picsum.photos/id/165/150/150');
INSERT INTO ARTISTS (artist_id, name, genre, date_joined, total_num_music, total_albums, listeners, bio, country_id, image) VALUES (30, 'Murat Ömer 1', 'Pop', '2021-11-04', 147, 14, 3906880, 'A passionate artist creating Pop music.', 3, 'https://picsum.photos/id/119/150/150');
INSERT INTO ARTISTS (artist_id, name, genre, date_joined, total_num_music, total_albums, listeners, bio, country_id, image) VALUES (31, 'Murat Ayşen', 'Hip Hop', '2005-09-29', 181, 3, 4647775, 'A passionate artist creating Hip Hop music.', 6, 'https://picsum.photos/id/130/150/150');
INSERT INTO ARTISTS (artist_id, name, genre, date_joined, total_num_music, total_albums, listeners, bio, country_id, image) VALUES (32, 'Pinar Deniz', 'Classical', '2013-06-04', 131, 4, 6324544, 'A passionate artist creating Classical music.', 20, 'https://picsum.photos/id/161/150/150');
INSERT INTO ARTISTS (artist_id, name, genre, date_joined, total_num_music, total_albums, listeners, bio, country_id, image) VALUES (33, 'Yasin Bahar', 'Jazz', '2007-04-22', 117, 14, 384472, 'A passionate artist creating Jazz music.', 6, 'https://picsum.photos/id/199/150/150');
INSERT INTO ARTISTS (artist_id, name, genre, date_joined, total_num_music, total_albums, listeners, bio, country_id, image) VALUES (34, 'Mert Zeynep 1', 'Classical', '2012-01-30', 168, 11, 6617099, 'A passionate artist creating Classical music.', 4, 'https://picsum.photos/id/118/150/150');
INSERT INTO ARTISTS (artist_id, name, genre, date_joined, total_num_music, total_albums, listeners, bio, country_id, image) VALUES (35, 'Sefa Rüya', 'Dance', '2022-06-12', 120, 5, 5641788, 'A passionate artist creating Dance music.', 1, 'https://picsum.photos/id/190/150/150');
INSERT INTO ARTISTS (artist_id, name, genre, date_joined, total_num_music, total_albums, listeners, bio, country_id, image) VALUES (36, 'Can Mert', 'Reggae', '2014-06-05', 5, 5, 6285045, 'A passionate artist creating Reggae music.', 9, 'https://picsum.photos/id/116/150/150');
INSERT INTO ARTISTS (artist_id, name, genre, date_joined, total_num_music, total_albums, listeners, bio, country_id, image) VALUES (37, 'Elif Umut 1', 'R&B', '2006-08-14', 134, 3, 4459058, 'A passionate artist creating R&B music.', 11, 'https://picsum.photos/id/110/150/150');
INSERT INTO ARTISTS (artist_id, name, genre, date_joined, total_num_music, total_albums, listeners, bio, country_id, image) VALUES (38, 'Yasin Bahar 1', 'Electronic', '2006-07-02', 29, 7, 4306218, 'A passionate artist creating Electronic music.', 14, 'https://picsum.photos/id/169/150/150');
INSERT INTO ARTISTS (artist_id, name, genre, date_joined, total_num_music, total_albums, listeners, bio, country_id, image) VALUES (39, 'Deniz Yasin 2', 'Electronic', '2008-08-29', 34, 6, 3754201, 'A passionate artist creating Electronic music.', 18, 'https://picsum.photos/id/190/150/150');
INSERT INTO ARTISTS (artist_id, name, genre, date_joined, total_num_music, total_albums, listeners, bio, country_id, image) VALUES (40, 'Merve Serkan', 'Hip Hop', '2021-09-06', 157, 6, 3358897, 'A passionate artist creating Hip Hop music.', 6, 'https://picsum.photos/id/172/150/150');
INSERT INTO ARTISTS (artist_id, name, genre, date_joined, total_num_music, total_albums, listeners, bio, country_id, image) VALUES (41, 'Elif Volkan', 'Folk', '2007-08-17', 55, 1, 9245756, 'A passionate artist creating Folk music.', 1, 'https://picsum.photos/id/175/150/150');
INSERT INTO ARTISTS (artist_id, name, genre, date_joined, total_num_music, total_albums, listeners, bio, country_id, image) VALUES (42, 'Zeynep Gizem', 'Blues', '2015-06-11', 105, 1, 1368621, 'A passionate artist creating Blues music.', 12, 'https://picsum.photos/id/154/150/150');
INSERT INTO ARTISTS (artist_id, name, genre, date_joined, total_num_music, total_albums, listeners, bio, country_id, image) VALUES (43, 'Rüya Onur', 'Reggae', '2021-07-19', 161, 4, 6496965, 'A passionate artist creating Reggae music.', 4, 'https://picsum.photos/id/200/150/150');
INSERT INTO ARTISTS (artist_id, name, genre, date_joined, total_num_music, total_albums, listeners, bio, country_id, image) VALUES (44, 'Zeki Elif', 'Rock', '2014-10-15', 171, 10, 3459892, 'A passionate artist creating Rock music.', 5, 'https://picsum.photos/id/121/150/150');
INSERT INTO ARTISTS (artist_id, name, genre, date_joined, total_num_music, total_albums, listeners, bio, country_id, image) VALUES (45, 'Ceren Irem', 'Folk', '2018-05-20', 52, 12, 3838671, 'A passionate artist creating Folk music.', 6, 'https://picsum.photos/id/125/150/150');
INSERT INTO ARTISTS (artist_id, name, genre, date_joined, total_num_music, total_albums, listeners, bio, country_id, image) VALUES (46, 'Pinar Deniz 1', 'Reggae', '2012-05-04', 127, 5, 8827926, 'A passionate artist creating Reggae music.', 17, 'https://picsum.photos/id/162/150/150');
INSERT INTO ARTISTS (artist_id, name, genre, date_joined, total_num_music, total_albums, listeners, bio, country_id, image) VALUES (47, 'Elif Merve', 'Dance', '2012-07-20', 171, 7, 2767695, 'A passionate artist creating Dance music.', 3, 'https://picsum.photos/id/183/150/150');
INSERT INTO ARTISTS (artist_id, name, genre, date_joined, total_num_music, total_albums, listeners, bio, country_id, image) VALUES (48, 'Murat Ömer 2', 'Hip Hop', '2006-04-17', 16, 10, 264741, 'A passionate artist creating Hip Hop music.', 17, 'https://picsum.photos/id/116/150/150');
INSERT INTO ARTISTS (artist_id, name, genre, date_joined, total_num_music, total_albums, listeners, bio, country_id, image) VALUES (49, 'Koray Serkan 1', 'Electronic', '2014-06-29', 184, 6, 5858087, 'A passionate artist creating Electronic music.', 1, 'https://picsum.photos/id/163/150/150');
INSERT INTO ARTISTS (artist_id, name, genre, date_joined, total_num_music, total_albums, listeners, bio, country_id, image) VALUES (50, 'Kerem Tugçe', 'Rock', '2019-01-25', 106, 2, 1929778, 'A passionate artist creating Rock music.', 14, 'https://picsum.photos/id/163/150/150');
INSERT INTO ARTISTS (artist_id, name, genre, date_joined, total_num_music, total_albums, listeners, bio, country_id, image) VALUES (51, 'Ceren Irem 1', 'Rock', '2011-01-06', 17, 10, 5443205, 'A passionate artist creating Rock music.', 13, 'https://picsum.photos/id/122/150/150');
INSERT INTO ARTISTS (artist_id, name, genre, date_joined, total_num_music, total_albums, listeners, bio, country_id, image) VALUES (52, 'Deniz Zeki', 'Alternative', '2007-08-08', 40, 1, 5025027, 'A passionate artist creating Alternative music.', 5, 'https://picsum.photos/id/158/150/150');
INSERT INTO ARTISTS (artist_id, name, genre, date_joined, total_num_music, total_albums, listeners, bio, country_id, image) VALUES (53, 'Eda Ceren', 'Classical', '2011-04-28', 48, 7, 1727533, 'A passionate artist creating Classical music.', 14, 'https://picsum.photos/id/174/150/150');
INSERT INTO ARTISTS (artist_id, name, genre, date_joined, total_num_music, total_albums, listeners, bio, country_id, image) VALUES (54, 'Sefa Yağmur', 'Folk', '2012-08-30', 155, 7, 778380, 'A passionate artist creating Folk music.', 1, 'https://picsum.photos/id/131/150/150');
INSERT INTO ARTISTS (artist_id, name, genre, date_joined, total_num_music, total_albums, listeners, bio, country_id, image) VALUES (55, 'Serkan Doruk', 'Country', '2006-05-26', 86, 15, 9756754, 'A passionate artist creating Country music.', 17, 'https://picsum.photos/id/189/150/150');
INSERT INTO ARTISTS (artist_id, name, genre, date_joined, total_num_music, total_albums, listeners, bio, country_id, image) VALUES (56, 'Sefa Kerem', 'Dance', '2007-07-10', 82, 15, 8921635, 'A passionate artist creating Dance music.', 20, 'https://picsum.photos/id/182/150/150');
INSERT INTO ARTISTS (artist_id, name, genre, date_joined, total_num_music, total_albums, listeners, bio, country_id, image) VALUES (57, 'Yasin Bahar 2', 'Metal', '2009-12-26', 17, 11, 7487021, 'A passionate artist creating Metal music.', 5, 'https://picsum.photos/id/130/150/150');
INSERT INTO ARTISTS (artist_id, name, genre, date_joined, total_num_music, total_albums, listeners, bio, country_id, image) VALUES (58, 'Zeki Irem', 'Pop', '2020-11-23', 144, 1, 979281, 'A passionate artist creating Pop music.', 20, 'https://picsum.photos/id/199/150/150');
INSERT INTO ARTISTS (artist_id, name, genre, date_joined, total_num_music, total_albums, listeners, bio, country_id, image) VALUES (59, 'Murat Ömer 3', 'Blues', '2007-06-10', 82, 8, 9195915, 'A passionate artist creating Blues music.', 9, 'https://picsum.photos/id/196/150/150');
INSERT INTO ARTISTS (artist_id, name, genre, date_joined, total_num_music, total_albums, listeners, bio, country_id, image) VALUES (60, 'Volkan Onur', 'Rock', '2022-06-14', 143, 6, 8689072, 'A passionate artist creating Rock music.', 18, 'https://picsum.photos/id/145/150/150');
INSERT INTO ARTISTS (artist_id, name, genre, date_joined, total_num_music, total_albums, listeners, bio, country_id, image) VALUES (61, 'Burak Yeliz', 'Electronic', '2016-07-09', 136, 5, 6356476, 'A passionate artist creating Electronic music.', 7, 'https://picsum.photos/id/162/150/150');
INSERT INTO ARTISTS (artist_id, name, genre, date_joined, total_num_music, total_albums, listeners, bio, country_id, image) VALUES (62, 'Ömer Irem 2', 'Hip Hop', '2006-01-18', 46, 8, 3460615, 'A passionate artist creating Hip Hop music.', 10, 'https://picsum.photos/id/125/150/150');
INSERT INTO ARTISTS (artist_id, name, genre, date_joined, total_num_music, total_albums, listeners, bio, country_id, image) VALUES (63, 'Okan Yeliz', 'Electronic', '2006-09-26', 21, 11, 4054110, 'A passionate artist creating Electronic music.', 7, 'https://picsum.photos/id/166/150/150');
INSERT INTO ARTISTS (artist_id, name, genre, date_joined, total_num_music, total_albums, listeners, bio, country_id, image) VALUES (64, 'Okan Koray', 'Metal', '2015-08-26', 36, 15, 7058905, 'A passionate artist creating Metal music.', 17, 'https://picsum.photos/id/151/150/150');
INSERT INTO ARTISTS (artist_id, name, genre, date_joined, total_num_music, total_albums, listeners, bio, country_id, image) VALUES (65, 'Ceren Bahar', 'Hip Hop', '2019-03-07', 100, 7, 7054648, 'A passionate artist creating Hip Hop music.', 19, 'https://picsum.photos/id/186/150/150');
INSERT INTO ARTISTS (artist_id, name, genre, date_joined, total_num_music, total_albums, listeners, bio, country_id, image) VALUES (66, 'Koray Irem', 'Folk', '2015-05-08', 136, 7, 7750125, 'A passionate artist creating Folk music.', 18, 'https://picsum.photos/id/162/150/150');
INSERT INTO ARTISTS (artist_id, name, genre, date_joined, total_num_music, total_albums, listeners, bio, country_id, image) VALUES (67, 'Tuba Zeki', 'Hip Hop', '2015-03-25', 154, 15, 5447679, 'A passionate artist creating Hip Hop music.', 16, 'https://picsum.photos/id/128/150/150');
INSERT INTO ARTISTS (artist_id, name, genre, date_joined, total_num_music, total_albums, listeners, bio, country_id, image) VALUES (68, 'Yağmur Can', 'Hip Hop', '2020-08-17', 90, 6, 2349260, 'A passionate artist creating Hip Hop music.', 6, 'https://picsum.photos/id/137/150/150');
INSERT INTO ARTISTS (artist_id, name, genre, date_joined, total_num_music, total_albums, listeners, bio, country_id, image) VALUES (69, 'Pelin Rüya 1', 'Jazz', '2006-05-25', 97, 13, 3621817, 'A passionate artist creating Jazz music.', 10, 'https://picsum.photos/id/102/150/150');
INSERT INTO ARTISTS (artist_id, name, genre, date_joined, total_num_music, total_albums, listeners, bio, country_id, image) VALUES (70, 'Mert Zeynep 2', 'Rock', '2005-04-23', 134, 12, 1095006, 'A passionate artist creating Rock music.', 20, 'https://picsum.photos/id/197/150/150');
INSERT INTO ARTISTS (artist_id, name, genre, date_joined, total_num_music, total_albums, listeners, bio, country_id, image) VALUES (71, 'Murat Pelin 3', 'Blues', '2008-01-06', 67, 7, 2596820, 'A passionate artist creating Blues music.', 18, 'https://picsum.photos/id/129/150/150');
INSERT INTO ARTISTS (artist_id, name, genre, date_joined, total_num_music, total_albums, listeners, bio, country_id, image) VALUES (72, 'Doruk Vildan 1', 'Electronic', '2022-05-30', 75, 10, 4759711, 'A passionate artist creating Electronic music.', 12, 'https://picsum.photos/id/145/150/150');
INSERT INTO ARTISTS (artist_id, name, genre, date_joined, total_num_music, total_albums, listeners, bio, country_id, image) VALUES (73, 'Rüya Onur 1', 'Blues', '2020-01-25', 82, 12, 6527779, 'A passionate artist creating Blues music.', 19, 'https://picsum.photos/id/107/150/150');
INSERT INTO ARTISTS (artist_id, name, genre, date_joined, total_num_music, total_albums, listeners, bio, country_id, image) VALUES (74, 'Emre Elif', 'Indie', '2016-07-04', 175, 14, 3957450, 'A passionate artist creating Indie music.', 12, 'https://picsum.photos/id/155/150/150');
INSERT INTO ARTISTS (artist_id, name, genre, date_joined, total_num_music, total_albums, listeners, bio, country_id, image) VALUES (75, 'Deniz Gizem', 'Rock', '2020-01-03', 34, 13, 8542298, 'A passionate artist creating Rock music.', 13, 'https://picsum.photos/id/178/150/150');
INSERT INTO ARTISTS (artist_id, name, genre, date_joined, total_num_music, total_albums, listeners, bio, country_id, image) VALUES (76, 'Volkan Vildan', 'Dance', '2022-01-14', 199, 12, 542700, 'A passionate artist creating Dance music.', 2, 'https://picsum.photos/id/196/150/150');
INSERT INTO ARTISTS (artist_id, name, genre, date_joined, total_num_music, total_albums, listeners, bio, country_id, image) VALUES (77, 'Sefa Can 1', 'Pop', '2009-04-15', 75, 6, 103849, 'A passionate artist creating Pop music.', 4, 'https://picsum.photos/id/152/150/150');
INSERT INTO ARTISTS (artist_id, name, genre, date_joined, total_num_music, total_albums, listeners, bio, country_id, image) VALUES (78, 'Zeki Doruk', 'Electronic', '2018-09-03', 45, 15, 2002742, 'A passionate artist creating Electronic music.', 16, 'https://picsum.photos/id/104/150/150');
INSERT INTO ARTISTS (artist_id, name, genre, date_joined, total_num_music, total_albums, listeners, bio, country_id, image) VALUES (79, 'Kerem Emre', 'Electronic', '2005-08-22', 28, 11, 8579475, 'A passionate artist creating Electronic music.', 11, 'https://picsum.photos/id/113/150/150');
INSERT INTO ARTISTS (artist_id, name, genre, date_joined, total_num_music, total_albums, listeners, bio, country_id, image) VALUES (80, 'Emre Vildan', 'Blues', '2021-11-23', 50, 12, 7241056, 'A passionate artist creating Blues music.', 17, 'https://picsum.photos/id/175/150/150');
INSERT INTO ARTISTS (artist_id, name, genre, date_joined, total_num_music, total_albums, listeners, bio, country_id, image) VALUES (81, 'Pelin Koray 1', 'Blues', '2006-07-27', 162, 2, 1105639, 'A passionate artist creating Blues music.', 12, 'https://picsum.photos/id/190/150/150');
INSERT INTO ARTISTS (artist_id, name, genre, date_joined, total_num_music, total_albums, listeners, bio, country_id, image) VALUES (82, 'Yasin Rüya 1', 'Dance', '2014-12-12', 176, 8, 617809, 'A passionate artist creating Dance music.', 11, 'https://picsum.photos/id/126/150/150');
INSERT INTO ARTISTS (artist_id, name, genre, date_joined, total_num_music, total_albums, listeners, bio, country_id, image) VALUES (83, 'Volkan Serkan', 'Reggae', '2020-01-29', 83, 14, 8751679, 'A passionate artist creating Reggae music.', 18, 'https://picsum.photos/id/199/150/150');
INSERT INTO ARTISTS (artist_id, name, genre, date_joined, total_num_music, total_albums, listeners, bio, country_id, image) VALUES (84, 'Murat Pelin 4', 'Jazz', '2006-07-24', 198, 5, 3739613, 'A passionate artist creating Jazz music.', 1, 'https://picsum.photos/id/159/150/150');
INSERT INTO ARTISTS (artist_id, name, genre, date_joined, total_num_music, total_albums, listeners, bio, country_id, image) VALUES (85, 'Elif Vildan', 'Reggae', '2008-08-11', 106, 2, 7313135, 'A passionate artist creating Reggae music.', 3, 'https://picsum.photos/id/198/150/150');
INSERT INTO ARTISTS (artist_id, name, genre, date_joined, total_num_music, total_albums, listeners, bio, country_id, image) VALUES (86, 'Yağmur Zeki', 'R&B', '2007-02-23', 127, 1, 6959657, 'A passionate artist creating R&B music.', 2, 'https://picsum.photos/id/186/150/150');
INSERT INTO ARTISTS (artist_id, name, genre, date_joined, total_num_music, total_albums, listeners, bio, country_id, image) VALUES (87, 'Zeki Volkan 1', 'Folk', '2008-08-20', 67, 13, 853887, 'A passionate artist creating Folk music.', 8, 'https://picsum.photos/id/145/150/150');
INSERT INTO ARTISTS (artist_id, name, genre, date_joined, total_num_music, total_albums, listeners, bio, country_id, image) VALUES (88, 'Sefa Rüya 1', 'Blues', '2016-09-25', 117, 6, 755690, 'A passionate artist creating Blues music.', 14, 'https://picsum.photos/id/134/150/150');
INSERT INTO ARTISTS (artist_id, name, genre, date_joined, total_num_music, total_albums, listeners, bio, country_id, image) VALUES (89, 'Elif Umut 2', 'Country', '2017-07-18', 157, 2, 4610125, 'A passionate artist creating Country music.', 19, 'https://picsum.photos/id/119/150/150');
INSERT INTO ARTISTS (artist_id, name, genre, date_joined, total_num_music, total_albums, listeners, bio, country_id, image) VALUES (90, 'Zeynep Deniz', 'Alternative', '2011-04-08', 42, 10, 5729330, 'A passionate artist creating Alternative music.', 6, 'https://picsum.photos/id/183/150/150');
INSERT INTO ARTISTS (artist_id, name, genre, date_joined, total_num_music, total_albums, listeners, bio, country_id, image) VALUES (91, 'Yağmur Sefa', 'Blues', '2014-03-28', 64, 5, 2537874, 'A passionate artist creating Blues music.', 18, 'https://picsum.photos/id/198/150/150');
INSERT INTO ARTISTS (artist_id, name, genre, date_joined, total_num_music, total_albums, listeners, bio, country_id, image) VALUES (92, 'Yağmur Sefa 1', 'Blues', '2016-11-22', 174, 9, 7209015, 'A passionate artist creating Blues music.', 7, 'https://picsum.photos/id/168/150/150');
INSERT INTO ARTISTS (artist_id, name, genre, date_joined, total_num_music, total_albums, listeners, bio, country_id, image) VALUES (93, 'Nisa Tuba', 'Hip Hop', '2018-02-23', 15, 15, 6874368, 'A passionate artist creating Hip Hop music.', 5, 'https://picsum.photos/id/112/150/150');
INSERT INTO ARTISTS (artist_id, name, genre, date_joined, total_num_music, total_albums, listeners, bio, country_id, image) VALUES (94, 'Serkan Umut', 'Pop', '2013-04-19', 166, 3, 616107, 'A passionate artist creating Pop music.', 3, 'https://picsum.photos/id/171/150/150');
INSERT INTO ARTISTS (artist_id, name, genre, date_joined, total_num_music, total_albums, listeners, bio, country_id, image) VALUES (95, 'Pelin Irem', 'Reggae', '2020-01-04', 55, 12, 1421067, 'A passionate artist creating Reggae music.', 19, 'https://picsum.photos/id/179/150/150');
INSERT INTO ARTISTS (artist_id, name, genre, date_joined, total_num_music, total_albums, listeners, bio, country_id, image) VALUES (96, 'Ceren Doruk', 'Metal', '2020-12-01', 39, 15, 5901853, 'A passionate artist creating Metal music.', 18, 'https://picsum.photos/id/119/150/150');
INSERT INTO ARTISTS (artist_id, name, genre, date_joined, total_num_music, total_albums, listeners, bio, country_id, image) VALUES (97, 'Yeliz Irem', 'R&B', '2008-07-02', 98, 8, 1360852, 'A passionate artist creating R&B music.', 13, 'https://picsum.photos/id/169/150/150');
INSERT INTO ARTISTS (artist_id, name, genre, date_joined, total_num_music, total_albums, listeners, bio, country_id, image) VALUES (98, 'Serkan Umut 1', 'Electronic', '2017-09-14', 101, 7, 2784966, 'A passionate artist creating Electronic music.', 14, 'https://picsum.photos/id/128/150/150');
INSERT INTO ARTISTS (artist_id, name, genre, date_joined, total_num_music, total_albums, listeners, bio, country_id, image) VALUES (99, 'Ayşen Tuba 1', 'Dance', '2020-01-03', 141, 8, 8824697, 'A passionate artist creating Dance music.', 17, 'https://picsum.photos/id/106/150/150');
INSERT INTO ARTISTS (artist_id, name, genre, date_joined, total_num_music, total_albums, listeners, bio, country_id, image) VALUES (100, 'Vildan Utku 1', 'Blues', '2010-01-30', 37, 7, 6430816, 'A passionate artist creating Blues music.', 18, 'https://picsum.photos/id/109/150/150');

-- ALBUMS Data --
INSERT INTO ALBUMS (album_id, artist_id, name, release_date, genre, music_number, image) VALUES (1, 14, 'Album TU0KtmYy', '2013-04-15', 'Classical', 7, 'https://picsum.photos/id/248/200/200');
INSERT INTO ALBUMS (album_id, artist_id, name, release_date, genre, music_number, image) VALUES (2, 54, 'Album 8EI2IN43', '2012-05-06', 'Alternative', 15, 'https://picsum.photos/id/272/200/200');
INSERT INTO ALBUMS (album_id, artist_id, name, release_date, genre, music_number, image) VALUES (3, 32, 'Album 9Mw5yU4x', '2018-01-31', 'Hip Hop', 16, 'https://picsum.photos/id/233/200/200');
INSERT INTO ALBUMS (album_id, artist_id, name, release_date, genre, music_number, image) VALUES (4, 74, 'Album yxrsPSdi', '2018-09-18', 'Reggae', 9, 'https://picsum.photos/id/262/200/200');
INSERT INTO ALBUMS (album_id, artist_id, name, release_date, genre, music_number, image) VALUES (5, 41, 'Album i58d0dZX', '2011-04-25', 'Folk', 9, 'https://picsum.photos/id/268/200/200');
INSERT INTO ALBUMS (album_id, artist_id, name, release_date, genre, music_number, image) VALUES (6, 86, 'Album bzz3rQjX', '2012-06-10', 'Hip Hop', 14, 'https://picsum.photos/id/252/200/200');
INSERT INTO ALBUMS (album_id, artist_id, name, release_date, genre, music_number, image) VALUES (7, 90, 'Album r58nVzCv', '2011-12-08', 'Metal', 11, 'https://picsum.photos/id/299/200/200');
INSERT INTO ALBUMS (album_id, artist_id, name, release_date, genre, music_number, image) VALUES (8, 33, 'Album RcJDh5DZ', '2021-11-30', 'Metal', 17, 'https://picsum.photos/id/209/200/200');
INSERT INTO ALBUMS (album_id, artist_id, name, release_date, genre, music_number, image) VALUES (9, 37, 'Album T4Dq2s0h', '2015-03-23', 'Pop', 20, 'https://picsum.photos/id/260/200/200');
INSERT INTO ALBUMS (album_id, artist_id, name, release_date, genre, music_number, image) VALUES (10, 75, 'Album cXc3oIjk', '2021-08-16', 'Classical', 13, 'https://picsum.photos/id/228/200/200');
INSERT INTO ALBUMS (album_id, artist_id, name, release_date, genre, music_number, image) VALUES (11, 54, 'Album dOqiEUAS', '2019-11-20', 'Pop', 18, 'https://picsum.photos/id/267/200/200');
INSERT INTO ALBUMS (album_id, artist_id, name, release_date, genre, music_number, image) VALUES (12, 68, 'Album lUPFB1mF', '2011-08-20', 'Jazz', 11, 'https://picsum.photos/id/276/200/200');
INSERT INTO ALBUMS (album_id, artist_id, name, release_date, genre, music_number, image) VALUES (13, 47, 'Album eKQkFu8X', '2014-10-02', 'Classical', 9, 'https://picsum.photos/id/244/200/200');
INSERT INTO ALBUMS (album_id, artist_id, name, release_date, genre, music_number, image) VALUES (14, 90, 'Album ggjV4lmN', '2015-11-22', 'Blues', 19, 'https://picsum.photos/id/204/200/200');
INSERT INTO ALBUMS (album_id, artist_id, name, release_date, genre, music_number, image) VALUES (15, 99, 'Album tuMDRB1l', '2015-05-12', 'Classical', 5, 'https://picsum.photos/id/202/200/200');
INSERT INTO ALBUMS (album_id, artist_id, name, release_date, genre, music_number, image) VALUES (16, 14, 'Album KdsyfPef', '2017-06-02', 'Folk', 5, 'https://picsum.photos/id/210/200/200');
INSERT INTO ALBUMS (album_id, artist_id, name, release_date, genre, music_number, image) VALUES (17, 94, 'Album IMsCMBPN', '2021-09-09', 'Folk', 7, 'https://picsum.photos/id/298/200/200');
INSERT INTO ALBUMS (album_id, artist_id, name, release_date, genre, music_number, image) VALUES (18, 65, 'Album V168fIX3', '2013-03-29', 'Rock', 13, 'https://picsum.photos/id/277/200/200');
INSERT INTO ALBUMS (album_id, artist_id, name, release_date, genre, music_number, image) VALUES (19, 33, 'Album XWuaULMu', '2021-11-14', 'Blues', 6, 'https://picsum.photos/id/208/200/200');
INSERT INTO ALBUMS (album_id, artist_id, name, release_date, genre, music_number, image) VALUES (20, 82, 'Album ABH9QyqY', '2021-08-01', 'Hip Hop', 5, 'https://picsum.photos/id/205/200/200');
INSERT INTO ALBUMS (album_id, artist_id, name, release_date, genre, music_number, image) VALUES (21, 11, 'Album HQahcJTO', '2020-10-14', 'Alternative', 5, 'https://picsum.photos/id/284/200/200');
INSERT INTO ALBUMS (album_id, artist_id, name, release_date, genre, music_number, image) VALUES (22, 53, 'Album lvF2eXwV', '2021-07-23', 'Indie', 13, 'https://picsum.photos/id/267/200/200');
INSERT INTO ALBUMS (album_id, artist_id, name, release_date, genre, music_number, image) VALUES (23, 75, 'Album ACzNjkaw', '2018-03-03', 'Folk', 6, 'https://picsum.photos/id/227/200/200');
INSERT INTO ALBUMS (album_id, artist_id, name, release_date, genre, music_number, image) VALUES (24, 60, 'Album bkiFLJK7', '2013-02-13', 'Classical', 12, 'https://picsum.photos/id/233/200/200');
INSERT INTO ALBUMS (album_id, artist_id, name, release_date, genre, music_number, image) VALUES (25, 37, 'Album 1wquhRgy', '2008-11-12', 'Electronic', 17, 'https://picsum.photos/id/236/200/200');
INSERT INTO ALBUMS (album_id, artist_id, name, release_date, genre, music_number, image) VALUES (26, 63, 'Album X5XgGhes', '2012-04-05', 'Pop', 18, 'https://picsum.photos/id/267/200/200');
INSERT INTO ALBUMS (album_id, artist_id, name, release_date, genre, music_number, image) VALUES (27, 27, 'Album U8Q3swJa', '2019-06-21', 'R&B', 6, 'https://picsum.photos/id/248/200/200');
INSERT INTO ALBUMS (album_id, artist_id, name, release_date, genre, music_number, image) VALUES (28, 20, 'Album EabW68AG', '2016-10-15', 'Hip Hop', 20, 'https://picsum.photos/id/250/200/200');
INSERT INTO ALBUMS (album_id, artist_id, name, release_date, genre, music_number, image) VALUES (29, 23, 'Album rEKazRgx', '2022-12-04', 'Electronic', 6, 'https://picsum.photos/id/218/200/200');
INSERT INTO ALBUMS (album_id, artist_id, name, release_date, genre, music_number, image) VALUES (30, 25, 'Album NXDgGd3o', '2016-08-06', 'Classical', 6, 'https://picsum.photos/id/225/200/200');
INSERT INTO ALBUMS (album_id, artist_id, name, release_date, genre, music_number, image) VALUES (31, 67, 'Album jvHVTINb', '2012-09-07', 'Metal', 8, 'https://picsum.photos/id/285/200/200');
INSERT INTO ALBUMS (album_id, artist_id, name, release_date, genre, music_number, image) VALUES (32, 30, 'Album pEcm0rvz', '2023-12-20', 'Country', 17, 'https://picsum.photos/id/231/200/200');
INSERT INTO ALBUMS (album_id, artist_id, name, release_date, genre, music_number, image) VALUES (33, 24, 'Album UZW8AsVd', '2020-04-19', 'Alternative', 15, 'https://picsum.photos/id/295/200/200');
INSERT INTO ALBUMS (album_id, artist_id, name, release_date, genre, music_number, image) VALUES (34, 98, 'Album GjDfZ84z', '2017-05-29', 'Alternative', 16, 'https://picsum.photos/id/245/200/200');
INSERT INTO ALBUMS (album_id, artist_id, name, release_date, genre, music_number, image) VALUES (35, 30, 'Album KxagWOuv', '2012-02-23', 'Classical', 20, 'https://picsum.photos/id/208/200/200');
INSERT INTO ALBUMS (album_id, artist_id, name, release_date, genre, music_number, image) VALUES (36, 32, 'Album hSZMuGyX', '2010-08-30', 'Country', 9, 'https://picsum.photos/id/245/200/200');
INSERT INTO ALBUMS (album_id, artist_id, name, release_date, genre, music_number, image) VALUES (37, 95, 'Album BLROuhaR', '2018-02-12', 'Electronic', 17, 'https://picsum.photos/id/281/200/200');
INSERT INTO ALBUMS (album_id, artist_id, name, release_date, genre, music_number, image) VALUES (38, 93, 'Album 1pPh8tSK', '2020-01-20', 'Rock', 16, 'https://picsum.photos/id/291/200/200');
INSERT INTO ALBUMS (album_id, artist_id, name, release_date, genre, music_number, image) VALUES (39, 91, 'Album Zv8FeULW', '2023-04-29', 'Blues', 6, 'https://picsum.photos/id/208/200/200');
INSERT INTO ALBUMS (album_id, artist_id, name, release_date, genre, music_number, image) VALUES (40, 50, 'Album K0rzJKAR', '2024-01-12', 'Reggae', 10, 'https://picsum.photos/id/217/200/200');
INSERT INTO ALBUMS (album_id, artist_id, name, release_date, genre, music_number, image) VALUES (41, 33, 'Album 8ND0CW31', '2023-06-05', 'Electronic', 14, 'https://picsum.photos/id/242/200/200');
INSERT INTO ALBUMS (album_id, artist_id, name, release_date, genre, music_number, image) VALUES (42, 5, 'Album zD6KMEIO', '2023-07-19', 'Indie', 17, 'https://picsum.photos/id/245/200/200');
INSERT INTO ALBUMS (album_id, artist_id, name, release_date, genre, music_number, image) VALUES (43, 6, 'Album 1YaCzDVt', '2017-04-06', 'Blues', 5, 'https://picsum.photos/id/208/200/200');
INSERT INTO ALBUMS (album_id, artist_id, name, release_date, genre, music_number, image) VALUES (44, 52, 'Album JQP011UK', '2024-01-13', 'Reggae', 5, 'https://picsum.photos/id/250/200/200');
INSERT INTO ALBUMS (album_id, artist_id, name, release_date, genre, music_number, image) VALUES (45, 58, 'Album iGgmSz4y', '2017-02-09', 'Indie', 11, 'https://picsum.photos/id/212/200/200');
INSERT INTO ALBUMS (album_id, artist_id, name, release_date, genre, music_number, image) VALUES (46, 92, 'Album dfTa1Uf9', '2018-08-08', 'Country', 16, 'https://picsum.photos/id/257/200/200');
INSERT INTO ALBUMS (album_id, artist_id, name, release_date, genre, music_number, image) VALUES (47, 13, 'Album QECM8FB8', '2020-03-24', 'Jazz', 16, 'https://picsum.photos/id/243/200/200');
INSERT INTO ALBUMS (album_id, artist_id, name, release_date, genre, music_number, image) VALUES (48, 64, 'Album vcnOz1e0', '2009-07-31', 'Dance', 14, 'https://picsum.photos/id/220/200/200');
INSERT INTO ALBUMS (album_id, artist_id, name, release_date, genre, music_number, image) VALUES (49, 24, 'Album 7BilpD5Q', '2015-02-26', 'Hip Hop', 12, 'https://picsum.photos/id/279/200/200');
INSERT INTO ALBUMS (album_id, artist_id, name, release_date, genre, music_number, image) VALUES (50, 60, 'Album DH1lkpzi', '2010-07-18', 'Metal', 18, 'https://picsum.photos/id/239/200/200');
INSERT INTO ALBUMS (album_id, artist_id, name, release_date, genre, music_number, image) VALUES (51, 61, 'Album BKcsoZXI', '2014-12-08', 'Dance', 8, 'https://picsum.photos/id/218/200/200');
INSERT INTO ALBUMS (album_id, artist_id, name, release_date, genre, music_number, image) VALUES (52, 97, 'Album TJXniVvp', '2012-08-19', 'Pop', 12, 'https://picsum.photos/id/281/200/200');
INSERT INTO ALBUMS (album_id, artist_id, name, release_date, genre, music_number, image) VALUES (53, 41, 'Album ivUz4Rby', '2011-12-14', 'Blues', 9, 'https://picsum.photos/id/225/200/200');
INSERT INTO ALBUMS (album_id, artist_id, name, release_date, genre, music_number, image) VALUES (54, 62, 'Album T1c0ywl3', '2016-10-11', 'Blues', 11, 'https://picsum.photos/id/205/200/200');
INSERT INTO ALBUMS (album_id, artist_id, name, release_date, genre, music_number, image) VALUES (55, 84, 'Album ZXGloy2d', '2015-12-30', 'Electronic', 10, 'https://picsum.photos/id/252/200/200');
INSERT INTO ALBUMS (album_id, artist_id, name, release_date, genre, music_number, image) VALUES (56, 77, 'Album MaE55TrM', '2021-07-20', 'Alternative', 15, 'https://picsum.photos/id/254/200/200');
INSERT INTO ALBUMS (album_id, artist_id, name, release_date, genre, music_number, image) VALUES (57, 88, 'Album 8zQfxyMM', '2011-10-18', 'Jazz', 5, 'https://picsum.photos/id/235/200/200');
INSERT INTO ALBUMS (album_id, artist_id, name, release_date, genre, music_number, image) VALUES (58, 64, 'Album lE8NtDhD', '2012-10-27', 'Reggae', 13, 'https://picsum.photos/id/220/200/200');
INSERT INTO ALBUMS (album_id, artist_id, name, release_date, genre, music_number, image) VALUES (59, 26, 'Album vLcMglle', '2015-04-18', 'Rock', 18, 'https://picsum.photos/id/219/200/200');
INSERT INTO ALBUMS (album_id, artist_id, name, release_date, genre, music_number, image) VALUES (60, 32, 'Album x8FSxeWW', '2015-04-09', 'Metal', 17, 'https://picsum.photos/id/260/200/200');
INSERT INTO ALBUMS (album_id, artist_id, name, release_date, genre, music_number, image) VALUES (61, 13, 'Album z85KLLga', '2010-07-18', 'Blues', 10, 'https://picsum.photos/id/252/200/200');
INSERT INTO ALBUMS (album_id, artist_id, name, release_date, genre, music_number, image) VALUES (62, 95, 'Album 5sf44f1s', '2022-03-30', 'Dance', 20, 'https://picsum.photos/id/222/200/200');
INSERT INTO ALBUMS (album_id, artist_id, name, release_date, genre, music_number, image) VALUES (63, 16, 'Album ZqUAni6i', '2010-03-17', 'Alternative', 6, 'https://picsum.photos/id/227/200/200');
INSERT INTO ALBUMS (album_id, artist_id, name, release_date, genre, music_number, image) VALUES (64, 27, 'Album qKv1M4Jg', '2009-12-29', 'Reggae', 18, 'https://picsum.photos/id/277/200/200');
INSERT INTO ALBUMS (album_id, artist_id, name, release_date, genre, music_number, image) VALUES (65, 100, 'Album pif7j6J3', '2014-05-01', 'Hip Hop', 20, 'https://picsum.photos/id/284/200/200');
INSERT INTO ALBUMS (album_id, artist_id, name, release_date, genre, music_number, image) VALUES (66, 85, 'Album i0B4WqQ0', '2018-07-27', 'R&B', 12, 'https://picsum.photos/id/239/200/200');
INSERT INTO ALBUMS (album_id, artist_id, name, release_date, genre, music_number, image) VALUES (67, 48, 'Album tHGITh3U', '2017-09-15', 'Reggae', 11, 'https://picsum.photos/id/242/200/200');
INSERT INTO ALBUMS (album_id, artist_id, name, release_date, genre, music_number, image) VALUES (68, 90, 'Album 5BC4dj92', '2013-10-13', 'Country', 7, 'https://picsum.photos/id/241/200/200');
INSERT INTO ALBUMS (album_id, artist_id, name, release_date, genre, music_number, image) VALUES (69, 87, 'Album gappCP5X', '2022-02-08', 'Pop', 15, 'https://picsum.photos/id/273/200/200');
INSERT INTO ALBUMS (album_id, artist_id, name, release_date, genre, music_number, image) VALUES (70, 24, 'Album P04veWk9', '2012-05-17', 'Folk', 16, 'https://picsum.photos/id/216/200/200');
INSERT INTO ALBUMS (album_id, artist_id, name, release_date, genre, music_number, image) VALUES (71, 27, 'Album xGWRwwQ4', '2024-04-04', 'R&B', 15, 'https://picsum.photos/id/273/200/200');
INSERT INTO ALBUMS (album_id, artist_id, name, release_date, genre, music_number, image) VALUES (72, 34, 'Album v3ObVoRy', '2016-11-09', 'Dance', 14, 'https://picsum.photos/id/203/200/200');
INSERT INTO ALBUMS (album_id, artist_id, name, release_date, genre, music_number, image) VALUES (73, 43, 'Album bSAd8glY', '2019-12-30', 'Rock', 20, 'https://picsum.photos/id/216/200/200');
INSERT INTO ALBUMS (album_id, artist_id, name, release_date, genre, music_number, image) VALUES (74, 84, 'Album TUYuQEfs', '2021-04-01', 'Indie', 10, 'https://picsum.photos/id/263/200/200');
INSERT INTO ALBUMS (album_id, artist_id, name, release_date, genre, music_number, image) VALUES (75, 54, 'Album N8iLaDko', '2023-01-22', 'Reggae', 8, 'https://picsum.photos/id/248/200/200');
INSERT INTO ALBUMS (album_id, artist_id, name, release_date, genre, music_number, image) VALUES (76, 77, 'Album 8Kue7Gf6', '2015-09-25', 'R&B', 15, 'https://picsum.photos/id/248/200/200');
INSERT INTO ALBUMS (album_id, artist_id, name, release_date, genre, music_number, image) VALUES (77, 76, 'Album Jdw9vRlC', '2020-11-13', 'Electronic', 12, 'https://picsum.photos/id/240/200/200');
INSERT INTO ALBUMS (album_id, artist_id, name, release_date, genre, music_number, image) VALUES (78, 72, 'Album UuHYhCd7', '2010-09-11', 'Folk', 20, 'https://picsum.photos/id/288/200/200');
INSERT INTO ALBUMS (album_id, artist_id, name, release_date, genre, music_number, image) VALUES (79, 53, 'Album qnxCcegd', '2016-09-05', 'Reggae', 18, 'https://picsum.photos/id/236/200/200');
INSERT INTO ALBUMS (album_id, artist_id, name, release_date, genre, music_number, image) VALUES (80, 56, 'Album wCUgfsaa', '2016-07-09', 'R&B', 13, 'https://picsum.photos/id/271/200/200');
INSERT INTO ALBUMS (album_id, artist_id, name, release_date, genre, music_number, image) VALUES (81, 86, 'Album GfruAtpr', '2024-03-25', 'R&B', 7, 'https://picsum.photos/id/219/200/200');
INSERT INTO ALBUMS (album_id, artist_id, name, release_date, genre, music_number, image) VALUES (82, 90, 'Album PfoKwVZL', '2020-04-07', 'Rock', 16, 'https://picsum.photos/id/275/200/200');
INSERT INTO ALBUMS (album_id, artist_id, name, release_date, genre, music_number, image) VALUES (83, 100, 'Album xLB8JTNx', '2010-12-21', 'Rock', 18, 'https://picsum.photos/id/204/200/200');
INSERT INTO ALBUMS (album_id, artist_id, name, release_date, genre, music_number, image) VALUES (84, 23, 'Album HmGu83JF', '2012-11-27', 'Rock', 6, 'https://picsum.photos/id/297/200/200');
INSERT INTO ALBUMS (album_id, artist_id, name, release_date, genre, music_number, image) VALUES (85, 64, 'Album 8fBL75vT', '2023-08-29', 'Hip Hop', 20, 'https://picsum.photos/id/281/200/200');
INSERT INTO ALBUMS (album_id, artist_id, name, release_date, genre, music_number, image) VALUES (86, 33, 'Album JjSQb3H3', '2014-08-26', 'Blues', 12, 'https://picsum.photos/id/266/200/200');
INSERT INTO ALBUMS (album_id, artist_id, name, release_date, genre, music_number, image) VALUES (87, 23, 'Album bVDTD9Gg', '2015-11-08', 'Classical', 5, 'https://picsum.photos/id/287/200/200');
INSERT INTO ALBUMS (album_id, artist_id, name, release_date, genre, music_number, image) VALUES (88, 81, 'Album 6y28wFw0', '2020-04-13', 'Alternative', 18, 'https://picsum.photos/id/221/200/200');
INSERT INTO ALBUMS (album_id, artist_id, name, release_date, genre, music_number, image) VALUES (89, 91, 'Album HIh6rSaL', '2022-11-21', 'Classical', 15, 'https://picsum.photos/id/206/200/200');
INSERT INTO ALBUMS (album_id, artist_id, name, release_date, genre, music_number, image) VALUES (90, 91, 'Album PrSlLxET', '2015-04-28', 'Reggae', 10, 'https://picsum.photos/id/208/200/200');
INSERT INTO ALBUMS (album_id, artist_id, name, release_date, genre, music_number, image) VALUES (91, 18, 'Album Z1buQInc', '2015-06-02', 'Reggae', 9, 'https://picsum.photos/id/221/200/200');
INSERT INTO ALBUMS (album_id, artist_id, name, release_date, genre, music_number, image) VALUES (92, 19, 'Album 2Eq8m7MA', '2013-05-04', 'Electronic', 12, 'https://picsum.photos/id/250/200/200');
INSERT INTO ALBUMS (album_id, artist_id, name, release_date, genre, music_number, image) VALUES (93, 1, 'Album S3Xh8mCj', '2020-04-01', 'Hip Hop', 5, 'https://picsum.photos/id/262/200/200');
INSERT INTO ALBUMS (album_id, artist_id, name, release_date, genre, music_number, image) VALUES (94, 6, 'Album SPRaLd9t', '2012-11-22', 'Classical', 18, 'https://picsum.photos/id/274/200/200');
INSERT INTO ALBUMS (album_id, artist_id, name, release_date, genre, music_number, image) VALUES (95, 43, 'Album Gndezmit', '2024-04-12', 'Blues', 18, 'https://picsum.photos/id/262/200/200');
INSERT INTO ALBUMS (album_id, artist_id, name, release_date, genre, music_number, image) VALUES (96, 16, 'Album xuSLsHeh', '2021-03-28', 'Folk', 20, 'https://picsum.photos/id/249/200/200');
INSERT INTO ALBUMS (album_id, artist_id, name, release_date, genre, music_number, image) VALUES (97, 69, 'Album MeqIkBKA', '2011-06-07', 'Reggae', 12, 'https://picsum.photos/id/282/200/200');
INSERT INTO ALBUMS (album_id, artist_id, name, release_date, genre, music_number, image) VALUES (98, 26, 'Album PogQaUDD', '2019-07-27', 'Blues', 18, 'https://picsum.photos/id/246/200/200');
INSERT INTO ALBUMS (album_id, artist_id, name, release_date, genre, music_number, image) VALUES (99, 47, 'Album 4mWQqhKt', '2017-02-04', 'Hip Hop', 14, 'https://picsum.photos/id/285/200/200');
INSERT INTO ALBUMS (album_id, artist_id, name, release_date, genre, music_number, image) VALUES (100, 94, 'Album WIi5Yijl', '2022-09-10', 'Classical', 13, 'https://picsum.photos/id/245/200/200');
INSERT INTO ALBUMS (album_id, artist_id, name, release_date, genre, music_number, image) VALUES (101, 40, 'Album zosjRNGn', '2008-10-07', 'R&B', 7, 'https://picsum.photos/id/244/200/200');
INSERT INTO ALBUMS (album_id, artist_id, name, release_date, genre, music_number, image) VALUES (102, 58, 'Album PBTzNOdN', '2012-11-22', 'Indie', 17, 'https://picsum.photos/id/235/200/200');
INSERT INTO ALBUMS (album_id, artist_id, name, release_date, genre, music_number, image) VALUES (103, 92, 'Album trXcub5Y', '2017-08-28', 'Reggae', 13, 'https://picsum.photos/id/280/200/200');
INSERT INTO ALBUMS (album_id, artist_id, name, release_date, genre, music_number, image) VALUES (104, 96, 'Album JiFgsgRH', '2015-01-28', 'Classical', 15, 'https://picsum.photos/id/262/200/200');
INSERT INTO ALBUMS (album_id, artist_id, name, release_date, genre, music_number, image) VALUES (105, 52, 'Album 7IO8xArr', '2008-12-10', 'Electronic', 13, 'https://picsum.photos/id/265/200/200');
INSERT INTO ALBUMS (album_id, artist_id, name, release_date, genre, music_number, image) VALUES (106, 47, 'Album Bm4Bbnwq', '2009-01-06', 'Blues', 15, 'https://picsum.photos/id/273/200/200');
INSERT INTO ALBUMS (album_id, artist_id, name, release_date, genre, music_number, image) VALUES (107, 98, 'Album 2sNgGdhU', '2017-12-01', 'Indie', 13, 'https://picsum.photos/id/267/200/200');
INSERT INTO ALBUMS (album_id, artist_id, name, release_date, genre, music_number, image) VALUES (108, 75, 'Album 0r2CaUIo', '2020-02-11', 'Folk', 13, 'https://picsum.photos/id/206/200/200');
INSERT INTO ALBUMS (album_id, artist_id, name, release_date, genre, music_number, image) VALUES (109, 49, 'Album rSSmbZvE', '2015-12-19', 'Country', 17, 'https://picsum.photos/id/267/200/200');
INSERT INTO ALBUMS (album_id, artist_id, name, release_date, genre, music_number, image) VALUES (110, 69, 'Album uQ6h6tIi', '2018-02-13', 'Rock', 13, 'https://picsum.photos/id/211/200/200');
INSERT INTO ALBUMS (album_id, artist_id, name, release_date, genre, music_number, image) VALUES (111, 42, 'Album bd8nlFE8', '2012-08-02', 'Indie', 16, 'https://picsum.photos/id/257/200/200');
INSERT INTO ALBUMS (album_id, artist_id, name, release_date, genre, music_number, image) VALUES (112, 87, 'Album kjycTART', '2018-08-27', 'Alternative', 12, 'https://picsum.photos/id/233/200/200');
INSERT INTO ALBUMS (album_id, artist_id, name, release_date, genre, music_number, image) VALUES (113, 93, 'Album mGn3zlbG', '2013-12-09', 'R&B', 15, 'https://picsum.photos/id/236/200/200');
INSERT INTO ALBUMS (album_id, artist_id, name, release_date, genre, music_number, image) VALUES (114, 88, 'Album 9CJGywtt', '2016-07-18', 'Dance', 17, 'https://picsum.photos/id/231/200/200');
INSERT INTO ALBUMS (album_id, artist_id, name, release_date, genre, music_number, image) VALUES (115, 43, 'Album yBxMRETf', '2013-12-10', 'Electronic', 20, 'https://picsum.photos/id/296/200/200');
INSERT INTO ALBUMS (album_id, artist_id, name, release_date, genre, music_number, image) VALUES (116, 48, 'Album b2V8DZ3L', '2011-06-23', 'Dance', 5, 'https://picsum.photos/id/212/200/200');
INSERT INTO ALBUMS (album_id, artist_id, name, release_date, genre, music_number, image) VALUES (117, 21, 'Album xLvCw6vX', '2022-09-04', 'Blues', 19, 'https://picsum.photos/id/238/200/200');
INSERT INTO ALBUMS (album_id, artist_id, name, release_date, genre, music_number, image) VALUES (118, 41, 'Album 5a7wwINA', '2011-09-06', 'Dance', 19, 'https://picsum.photos/id/246/200/200');
INSERT INTO ALBUMS (album_id, artist_id, name, release_date, genre, music_number, image) VALUES (119, 8, 'Album GlF9gZ0i', '2012-05-19', 'R&B', 16, 'https://picsum.photos/id/288/200/200');
INSERT INTO ALBUMS (album_id, artist_id, name, release_date, genre, music_number, image) VALUES (120, 58, 'Album lZA8AaN3', '2013-02-21', 'Alternative', 6, 'https://picsum.photos/id/255/200/200');
INSERT INTO ALBUMS (album_id, artist_id, name, release_date, genre, music_number, image) VALUES (121, 95, 'Album qMtdUMCG', '2013-06-02', 'Hip Hop', 20, 'https://picsum.photos/id/214/200/200');
INSERT INTO ALBUMS (album_id, artist_id, name, release_date, genre, music_number, image) VALUES (122, 16, 'Album AojKwsiu', '2008-07-30', 'Metal', 7, 'https://picsum.photos/id/203/200/200');
INSERT INTO ALBUMS (album_id, artist_id, name, release_date, genre, music_number, image) VALUES (123, 37, 'Album 0csftwQ5', '2022-09-03', 'Hip Hop', 17, 'https://picsum.photos/id/225/200/200');
INSERT INTO ALBUMS (album_id, artist_id, name, release_date, genre, music_number, image) VALUES (124, 28, 'Album 4n9P3UJh', '2023-03-31', 'Classical', 12, 'https://picsum.photos/id/291/200/200');
INSERT INTO ALBUMS (album_id, artist_id, name, release_date, genre, music_number, image) VALUES (125, 88, 'Album hZhoNp2H', '2013-09-04', 'Electronic', 7, 'https://picsum.photos/id/239/200/200');
INSERT INTO ALBUMS (album_id, artist_id, name, release_date, genre, music_number, image) VALUES (126, 11, 'Album Y9BrwEmC', '2016-05-20', 'Rock', 10, 'https://picsum.photos/id/226/200/200');
INSERT INTO ALBUMS (album_id, artist_id, name, release_date, genre, music_number, image) VALUES (127, 18, 'Album XV5E2Ay6', '2014-04-10', 'Indie', 15, 'https://picsum.photos/id/247/200/200');
INSERT INTO ALBUMS (album_id, artist_id, name, release_date, genre, music_number, image) VALUES (128, 55, 'Album ikLrlnDZ', '2014-07-12', 'Pop', 13, 'https://picsum.photos/id/209/200/200');
INSERT INTO ALBUMS (album_id, artist_id, name, release_date, genre, music_number, image) VALUES (129, 71, 'Album yllxMDRc', '2010-04-20', 'Folk', 19, 'https://picsum.photos/id/212/200/200');
INSERT INTO ALBUMS (album_id, artist_id, name, release_date, genre, music_number, image) VALUES (130, 43, 'Album eFzL1oSo', '2019-02-10', 'Country', 17, 'https://picsum.photos/id/290/200/200');
INSERT INTO ALBUMS (album_id, artist_id, name, release_date, genre, music_number, image) VALUES (131, 50, 'Album v9EUHzG3', '2010-09-09', 'R&B', 14, 'https://picsum.photos/id/268/200/200');
INSERT INTO ALBUMS (album_id, artist_id, name, release_date, genre, music_number, image) VALUES (132, 41, 'Album LpmR4siu', '2009-09-09', 'Country', 11, 'https://picsum.photos/id/227/200/200');
INSERT INTO ALBUMS (album_id, artist_id, name, release_date, genre, music_number, image) VALUES (133, 63, 'Album Ost5PFtb', '2021-02-07', 'Classical', 9, 'https://picsum.photos/id/214/200/200');
INSERT INTO ALBUMS (album_id, artist_id, name, release_date, genre, music_number, image) VALUES (134, 9, 'Album UKnSv1tG', '2021-02-02', 'Alternative', 5, 'https://picsum.photos/id/230/200/200');
INSERT INTO ALBUMS (album_id, artist_id, name, release_date, genre, music_number, image) VALUES (135, 98, 'Album tSV7Vehv', '2016-09-08', 'Dance', 12, 'https://picsum.photos/id/209/200/200');
INSERT INTO ALBUMS (album_id, artist_id, name, release_date, genre, music_number, image) VALUES (136, 9, 'Album nBCiqsqB', '2014-06-22', 'Indie', 16, 'https://picsum.photos/id/219/200/200');
INSERT INTO ALBUMS (album_id, artist_id, name, release_date, genre, music_number, image) VALUES (137, 21, 'Album JIKTbJDI', '2013-10-21', 'Blues', 20, 'https://picsum.photos/id/228/200/200');
INSERT INTO ALBUMS (album_id, artist_id, name, release_date, genre, music_number, image) VALUES (138, 58, 'Album GXs4xbiy', '2021-03-07', 'Blues', 9, 'https://picsum.photos/id/237/200/200');
INSERT INTO ALBUMS (album_id, artist_id, name, release_date, genre, music_number, image) VALUES (139, 86, 'Album MAag9ZZ0', '2016-12-12', 'Classical', 6, 'https://picsum.photos/id/270/200/200');
INSERT INTO ALBUMS (album_id, artist_id, name, release_date, genre, music_number, image) VALUES (140, 45, 'Album GunaEGSv', '2018-11-10', 'Reggae', 5, 'https://picsum.photos/id/227/200/200');
INSERT INTO ALBUMS (album_id, artist_id, name, release_date, genre, music_number, image) VALUES (141, 95, 'Album NqTMZRYj', '2015-10-07', 'Reggae', 10, 'https://picsum.photos/id/260/200/200');
INSERT INTO ALBUMS (album_id, artist_id, name, release_date, genre, music_number, image) VALUES (142, 14, 'Album ffKkt8Km', '2019-07-21', 'Folk', 20, 'https://picsum.photos/id/297/200/200');
INSERT INTO ALBUMS (album_id, artist_id, name, release_date, genre, music_number, image) VALUES (143, 71, 'Album dkCJ36Mb', '2008-03-18', 'Pop', 20, 'https://picsum.photos/id/265/200/200');
INSERT INTO ALBUMS (album_id, artist_id, name, release_date, genre, music_number, image) VALUES (144, 18, 'Album ccmlfSo4', '2016-10-07', 'Indie', 14, 'https://picsum.photos/id/208/200/200');
INSERT INTO ALBUMS (album_id, artist_id, name, release_date, genre, music_number, image) VALUES (145, 61, 'Album XkfFNxIk', '2013-12-23', 'Indie', 19, 'https://picsum.photos/id/227/200/200');
INSERT INTO ALBUMS (album_id, artist_id, name, release_date, genre, music_number, image) VALUES (146, 41, 'Album 87y5WUfp', '2023-10-23', 'Pop', 12, 'https://picsum.photos/id/246/200/200');
INSERT INTO ALBUMS (album_id, artist_id, name, release_date, genre, music_number, image) VALUES (147, 13, 'Album Ii20vrCW', '2013-11-21', 'Jazz', 11, 'https://picsum.photos/id/204/200/200');
INSERT INTO ALBUMS (album_id, artist_id, name, release_date, genre, music_number, image) VALUES (148, 77, 'Album tXAqUQ4s', '2013-02-06', 'Dance', 18, 'https://picsum.photos/id/246/200/200');
INSERT INTO ALBUMS (album_id, artist_id, name, release_date, genre, music_number, image) VALUES (149, 46, 'Album 6ZkQoffH', '2016-04-09', 'Folk', 7, 'https://picsum.photos/id/227/200/200');
INSERT INTO ALBUMS (album_id, artist_id, name, release_date, genre, music_number, image) VALUES (150, 70, 'Album yvONYCbk', '2013-01-31', 'Classical', 5, 'https://picsum.photos/id/231/200/200');
INSERT INTO ALBUMS (album_id, artist_id, name, release_date, genre, music_number, image) VALUES (151, 68, 'Album l7Wy0EXU', '2016-04-08', 'Indie', 8, 'https://picsum.photos/id/241/200/200');
INSERT INTO ALBUMS (album_id, artist_id, name, release_date, genre, music_number, image) VALUES (152, 91, 'Album mpygmxBO', '2017-06-27', 'Country', 5, 'https://picsum.photos/id/294/200/200');
INSERT INTO ALBUMS (album_id, artist_id, name, release_date, genre, music_number, image) VALUES (153, 29, 'Album U8xzn3M1', '2014-09-13', 'Pop', 12, 'https://picsum.photos/id/241/200/200');
INSERT INTO ALBUMS (album_id, artist_id, name, release_date, genre, music_number, image) VALUES (154, 42, 'Album Q4BFMPtD', '2012-05-30', 'Dance', 5, 'https://picsum.photos/id/299/200/200');
INSERT INTO ALBUMS (album_id, artist_id, name, release_date, genre, music_number, image) VALUES (155, 4, 'Album t2TAkN4K', '2020-03-11', 'Electronic', 20, 'https://picsum.photos/id/286/200/200');
INSERT INTO ALBUMS (album_id, artist_id, name, release_date, genre, music_number, image) VALUES (156, 19, 'Album eLv0yHew', '2008-04-02', 'Country', 11, 'https://picsum.photos/id/206/200/200');
INSERT INTO ALBUMS (album_id, artist_id, name, release_date, genre, music_number, image) VALUES (157, 89, 'Album x8eNE88I', '2016-04-12', 'R&B', 6, 'https://picsum.photos/id/239/200/200');
INSERT INTO ALBUMS (album_id, artist_id, name, release_date, genre, music_number, image) VALUES (158, 35, 'Album TXVGuQDW', '2019-10-12', 'Folk', 8, 'https://picsum.photos/id/231/200/200');
INSERT INTO ALBUMS (album_id, artist_id, name, release_date, genre, music_number, image) VALUES (159, 65, 'Album EACInED6', '2021-12-03', 'Reggae', 15, 'https://picsum.photos/id/278/200/200');
INSERT INTO ALBUMS (album_id, artist_id, name, release_date, genre, music_number, image) VALUES (160, 7, 'Album KIkryL97', '2014-03-03', 'Hip Hop', 14, 'https://picsum.photos/id/206/200/200');
INSERT INTO ALBUMS (album_id, artist_id, name, release_date, genre, music_number, image) VALUES (161, 40, 'Album IUwhzlAv', '2021-08-02', 'Classical', 9, 'https://picsum.photos/id/279/200/200');
INSERT INTO ALBUMS (album_id, artist_id, name, release_date, genre, music_number, image) VALUES (162, 3, 'Album dmqwOn82', '2015-12-31', 'Blues', 17, 'https://picsum.photos/id/222/200/200');
INSERT INTO ALBUMS (album_id, artist_id, name, release_date, genre, music_number, image) VALUES (163, 35, 'Album Mcapr4kG', '2019-04-08', 'Electronic', 5, 'https://picsum.photos/id/294/200/200');
INSERT INTO ALBUMS (album_id, artist_id, name, release_date, genre, music_number, image) VALUES (164, 96, 'Album 9Td6NeWd', '2011-12-24', 'Pop', 13, 'https://picsum.photos/id/224/200/200');
INSERT INTO ALBUMS (album_id, artist_id, name, release_date, genre, music_number, image) VALUES (165, 53, 'Album 2SUNHIvi', '2008-10-03', 'Metal', 8, 'https://picsum.photos/id/289/200/200');
INSERT INTO ALBUMS (album_id, artist_id, name, release_date, genre, music_number, image) VALUES (166, 73, 'Album uJxyyGLU', '2021-10-08', 'Metal', 10, 'https://picsum.photos/id/249/200/200');
INSERT INTO ALBUMS (album_id, artist_id, name, release_date, genre, music_number, image) VALUES (167, 9, 'Album iwmTR2qa', '2008-12-05', 'Indie', 5, 'https://picsum.photos/id/283/200/200');
INSERT INTO ALBUMS (album_id, artist_id, name, release_date, genre, music_number, image) VALUES (168, 75, 'Album RG4o6C1l', '2014-03-29', 'Jazz', 11, 'https://picsum.photos/id/283/200/200');
INSERT INTO ALBUMS (album_id, artist_id, name, release_date, genre, music_number, image) VALUES (169, 84, 'Album 4g14k73c', '2020-11-10', 'Alternative', 13, 'https://picsum.photos/id/232/200/200');
INSERT INTO ALBUMS (album_id, artist_id, name, release_date, genre, music_number, image) VALUES (170, 18, 'Album HpjMJax6', '2016-07-15', 'Electronic', 17, 'https://picsum.photos/id/229/200/200');
INSERT INTO ALBUMS (album_id, artist_id, name, release_date, genre, music_number, image) VALUES (171, 96, 'Album 1hsldaK4', '2009-12-01', 'Hip Hop', 16, 'https://picsum.photos/id/226/200/200');
INSERT INTO ALBUMS (album_id, artist_id, name, release_date, genre, music_number, image) VALUES (172, 72, 'Album SxpMebQW', '2017-01-02', 'R&B', 17, 'https://picsum.photos/id/271/200/200');
INSERT INTO ALBUMS (album_id, artist_id, name, release_date, genre, music_number, image) VALUES (173, 63, 'Album 33kTjwua', '2023-01-06', 'Pop', 20, 'https://picsum.photos/id/220/200/200');
INSERT INTO ALBUMS (album_id, artist_id, name, release_date, genre, music_number, image) VALUES (174, 23, 'Album 4Ao4iG3g', '2013-10-19', 'Pop', 9, 'https://picsum.photos/id/252/200/200');
INSERT INTO ALBUMS (album_id, artist_id, name, release_date, genre, music_number, image) VALUES (175, 67, 'Album tJ3hDPxL', '2024-02-09', 'Blues', 10, 'https://picsum.photos/id/253/200/200');
INSERT INTO ALBUMS (album_id, artist_id, name, release_date, genre, music_number, image) VALUES (176, 6, 'Album BrgPQDjb', '2018-06-20', 'Reggae', 6, 'https://picsum.photos/id/264/200/200');
INSERT INTO ALBUMS (album_id, artist_id, name, release_date, genre, music_number, image) VALUES (177, 13, 'Album O9qcfUeI', '2012-02-11', 'Metal', 13, 'https://picsum.photos/id/289/200/200');
INSERT INTO ALBUMS (album_id, artist_id, name, release_date, genre, music_number, image) VALUES (178, 1, 'Album lkbCvwaW', '2023-04-07', 'Country', 18, 'https://picsum.photos/id/219/200/200');
INSERT INTO ALBUMS (album_id, artist_id, name, release_date, genre, music_number, image) VALUES (179, 15, 'Album 1kzbmo3p', '2011-11-12', 'Dance', 5, 'https://picsum.photos/id/269/200/200');
INSERT INTO ALBUMS (album_id, artist_id, name, release_date, genre, music_number, image) VALUES (180, 90, 'Album 5yweHT6V', '2020-01-26', 'Jazz', 14, 'https://picsum.photos/id/259/200/200');
INSERT INTO ALBUMS (album_id, artist_id, name, release_date, genre, music_number, image) VALUES (181, 44, 'Album E5MfsiJ7', '2011-11-10', 'Alternative', 9, 'https://picsum.photos/id/291/200/200');
INSERT INTO ALBUMS (album_id, artist_id, name, release_date, genre, music_number, image) VALUES (182, 99, 'Album n3J282Uv', '2021-02-12', 'Alternative', 9, 'https://picsum.photos/id/271/200/200');
INSERT INTO ALBUMS (album_id, artist_id, name, release_date, genre, music_number, image) VALUES (183, 49, 'Album i1WPF4qV', '2014-10-06', 'Reggae', 8, 'https://picsum.photos/id/266/200/200');
INSERT INTO ALBUMS (album_id, artist_id, name, release_date, genre, music_number, image) VALUES (184, 5, 'Album ymLNSC4o', '2022-02-11', 'Blues', 17, 'https://picsum.photos/id/272/200/200');
INSERT INTO ALBUMS (album_id, artist_id, name, release_date, genre, music_number, image) VALUES (185, 45, 'Album 9UOBu3hc', '2018-07-29', 'Hip Hop', 16, 'https://picsum.photos/id/230/200/200');
INSERT INTO ALBUMS (album_id, artist_id, name, release_date, genre, music_number, image) VALUES (186, 26, 'Album g33AlcNX', '2016-05-23', 'Jazz', 13, 'https://picsum.photos/id/300/200/200');
INSERT INTO ALBUMS (album_id, artist_id, name, release_date, genre, music_number, image) VALUES (187, 25, 'Album G9f8N8xb', '2013-09-11', 'Metal', 16, 'https://picsum.photos/id/208/200/200');
INSERT INTO ALBUMS (album_id, artist_id, name, release_date, genre, music_number, image) VALUES (188, 5, 'Album WWuUmDlk', '2015-11-18', 'Electronic', 7, 'https://picsum.photos/id/222/200/200');
INSERT INTO ALBUMS (album_id, artist_id, name, release_date, genre, music_number, image) VALUES (189, 43, 'Album jAlB2s7f', '2009-03-22', 'Country', 19, 'https://picsum.photos/id/237/200/200');
INSERT INTO ALBUMS (album_id, artist_id, name, release_date, genre, music_number, image) VALUES (190, 20, 'Album RzA1zk90', '2015-01-27', 'Electronic', 7, 'https://picsum.photos/id/226/200/200');
INSERT INTO ALBUMS (album_id, artist_id, name, release_date, genre, music_number, image) VALUES (191, 29, 'Album Z8J73bik', '2019-01-17', 'Alternative', 18, 'https://picsum.photos/id/269/200/200');
INSERT INTO ALBUMS (album_id, artist_id, name, release_date, genre, music_number, image) VALUES (192, 2, 'Album NmOtjzav', '2017-05-15', 'Jazz', 12, 'https://picsum.photos/id/281/200/200');
INSERT INTO ALBUMS (album_id, artist_id, name, release_date, genre, music_number, image) VALUES (193, 19, 'Album rQkPkbzB', '2023-04-07', 'Classical', 5, 'https://picsum.photos/id/208/200/200');
INSERT INTO ALBUMS (album_id, artist_id, name, release_date, genre, music_number, image) VALUES (194, 10, 'Album GuYWWAOZ', '2022-03-14', 'Hip Hop', 13, 'https://picsum.photos/id/225/200/200');
INSERT INTO ALBUMS (album_id, artist_id, name, release_date, genre, music_number, image) VALUES (195, 16, 'Album 8rGtLr3Y', '2018-05-05', 'Pop', 8, 'https://picsum.photos/id/237/200/200');
INSERT INTO ALBUMS (album_id, artist_id, name, release_date, genre, music_number, image) VALUES (196, 26, 'Album y7AMtHFw', '2014-06-26', 'Electronic', 15, 'https://picsum.photos/id/227/200/200');
INSERT INTO ALBUMS (album_id, artist_id, name, release_date, genre, music_number, image) VALUES (197, 68, 'Album PoieKxGz', '2017-04-07', 'Hip Hop', 17, 'https://picsum.photos/id/275/200/200');
INSERT INTO ALBUMS (album_id, artist_id, name, release_date, genre, music_number, image) VALUES (198, 88, 'Album rbSynXL9', '2019-02-20', 'Classical', 20, 'https://picsum.photos/id/246/200/200');
INSERT INTO ALBUMS (album_id, artist_id, name, release_date, genre, music_number, image) VALUES (199, 56, 'Album wC1SnX2u', '2011-07-17', 'Jazz', 13, 'https://picsum.photos/id/270/200/200');
INSERT INTO ALBUMS (album_id, artist_id, name, release_date, genre, music_number, image) VALUES (200, 40, 'Album p8cxpPiv', '2024-01-26', 'Reggae', 6, 'https://picsum.photos/id/283/200/200');

-- SONGS Data --
INSERT INTO SONGS (song_id, album_id, title, duration, genre, release_date, popularity_rank, image) VALUES (1, 177, 'Song 7Ru3e0tJQb', 223, 'Hip Hop', '2009-02-25', 837, 'https://picsum.photos/id/266/200/200');
INSERT INTO SONGS (song_id, album_id, title, duration, genre, release_date, popularity_rank, image) VALUES (2, 173, 'Song v6KRZhxyJZ', 139, 'Classical', '2017-06-20', 555, 'https://picsum.photos/id/227/200/200');
INSERT INTO SONGS (song_id, album_id, title, duration, genre, release_date, popularity_rank, image) VALUES (3, 99, 'Song d0AGUkm440', 399, 'Alternative', '2015-12-08', 950, 'https://picsum.photos/id/269/200/200');
INSERT INTO SONGS (song_id, album_id, title, duration, genre, release_date, popularity_rank, image) VALUES (4, 170, 'Song NxXTMyfc5P', 289, 'Classical', '2011-08-13', 707, 'https://picsum.photos/id/268/200/200');
INSERT INTO SONGS (song_id, album_id, title, duration, genre, release_date, popularity_rank, image) VALUES (5, 101, 'Song lu369NM61j', 324, 'Classical', '2021-10-11', 964, 'https://picsum.photos/id/212/200/200');
INSERT INTO SONGS (song_id, album_id, title, duration, genre, release_date, popularity_rank, image) VALUES (6, 48, 'Song 9mLCBePYUf', 404, 'Classical', '2011-01-26', 827, 'https://picsum.photos/id/281/200/200');
INSERT INTO SONGS (song_id, album_id, title, duration, genre, release_date, popularity_rank, image) VALUES (7, 103, 'Song D9eKzXMr6c', 247, 'Classical', '2009-07-20', 594, 'https://picsum.photos/id/285/200/200');
INSERT INTO SONGS (song_id, album_id, title, duration, genre, release_date, popularity_rank, image) VALUES (8, 8, 'Song hCIWDPaoPT', 172, 'Classical', '2020-06-13', 233, 'https://picsum.photos/id/281/200/200');
INSERT INTO SONGS (song_id, album_id, title, duration, genre, release_date, popularity_rank, image) VALUES (9, 118, 'Song 15ufkcOAX2', 424, 'Electronic', '2011-04-23', 160, 'https://picsum.photos/id/216/200/200');
INSERT INTO SONGS (song_id, album_id, title, duration, genre, release_date, popularity_rank, image) VALUES (10, 118, 'Song LpUSKK9Z7g', 297, 'Country', '2023-03-28', 974, 'https://picsum.photos/id/266/200/200');
INSERT INTO SONGS (song_id, album_id, title, duration, genre, release_date, popularity_rank, image) VALUES (11, 109, 'Song bfthGZVbM2', 269, 'Rock', '2019-06-10', 549, 'https://picsum.photos/id/238/200/200');
INSERT INTO SONGS (song_id, album_id, title, duration, genre, release_date, popularity_rank, image) VALUES (12, 127, 'Song 6rtdgRWf6s', 126, 'Blues', '2022-04-03', 218, 'https://picsum.photos/id/221/200/200');
INSERT INTO SONGS (song_id, album_id, title, duration, genre, release_date, popularity_rank, image) VALUES (13, 36, 'Song TylDD6L0dK', 206, 'Jazz', '2010-11-29', 927, 'https://picsum.photos/id/211/200/200');
INSERT INTO SONGS (song_id, album_id, title, duration, genre, release_date, popularity_rank, image) VALUES (14, 146, 'Song YeNKMvsFMw', 193, 'Jazz', '2020-03-02', 383, 'https://picsum.photos/id/241/200/200');
INSERT INTO SONGS (song_id, album_id, title, duration, genre, release_date, popularity_rank, image) VALUES (15, 193, 'Song I750Lzs5di', 280, 'Electronic', '2010-11-18', 28, 'https://picsum.photos/id/291/200/200');
INSERT INTO SONGS (song_id, album_id, title, duration, genre, release_date, popularity_rank, image) VALUES (16, 157, 'Song YdWfd5qRe5', 476, 'Dance', '2018-01-22', 685, 'https://picsum.photos/id/238/200/200');
INSERT INTO SONGS (song_id, album_id, title, duration, genre, release_date, popularity_rank, image) VALUES (17, 51, 'Song teVdkVog0I', 406, 'Metal', '2008-08-27', 249, 'https://picsum.photos/id/256/200/200');
INSERT INTO SONGS (song_id, album_id, title, duration, genre, release_date, popularity_rank, image) VALUES (18, 41, 'Song L6of7c2w7j', 393, 'Pop', '2021-05-12', 928, 'https://picsum.photos/id/231/200/200');
INSERT INTO SONGS (song_id, album_id, title, duration, genre, release_date, popularity_rank, image) VALUES (19, 74, 'Song 2daDCpRonW', 132, 'Rock', '2012-01-16', 547, 'https://picsum.photos/id/237/200/200');
INSERT INTO SONGS (song_id, album_id, title, duration, genre, release_date, popularity_rank, image) VALUES (20, 163, 'Song CAAnE3d96y', 197, 'Country', '2009-12-11', 193, 'https://picsum.photos/id/295/200/200');
INSERT INTO SONGS (song_id, album_id, title, duration, genre, release_date, popularity_rank, image) VALUES (21, 139, 'Song K1eEDFFBiz', 188, 'Pop', '2014-04-02', 241, 'https://picsum.photos/id/255/200/200');
INSERT INTO SONGS (song_id, album_id, title, duration, genre, release_date, popularity_rank, image) VALUES (22, 122, 'Song 3ThWUN97O6', 262, 'Dance', '2021-06-26', 448, 'https://picsum.photos/id/291/200/200');
INSERT INTO SONGS (song_id, album_id, title, duration, genre, release_date, popularity_rank, image) VALUES (23, 20, 'Song iI18lV9njK', 475, 'Classical', '2012-02-13', 868, 'https://picsum.photos/id/241/200/200');
INSERT INTO SONGS (song_id, album_id, title, duration, genre, release_date, popularity_rank, image) VALUES (24, 53, 'Song nYKHx09Hqz', 415, 'Jazz', '2022-09-27', 260, 'https://picsum.photos/id/218/200/200');
INSERT INTO SONGS (song_id, album_id, title, duration, genre, release_date, popularity_rank, image) VALUES (25, 45, 'Song i6apoWmd9n', 127, 'Jazz', '2012-07-06', 584, 'https://picsum.photos/id/299/200/200');
INSERT INTO SONGS (song_id, album_id, title, duration, genre, release_date, popularity_rank, image) VALUES (26, 24, 'Song khVk9ml93Z', 359, 'Indie', '2018-06-14', 879, 'https://picsum.photos/id/212/200/200');
INSERT INTO SONGS (song_id, album_id, title, duration, genre, release_date, popularity_rank, image) VALUES (27, 82, 'Song el5xad50YH', 299, 'Hip Hop', '2018-02-07', 840, 'https://picsum.photos/id/240/200/200');
INSERT INTO SONGS (song_id, album_id, title, duration, genre, release_date, popularity_rank, image) VALUES (28, 25, 'Song QMfoWNZqbC', 361, 'Rock', '2011-06-03', 812, 'https://picsum.photos/id/271/200/200');
INSERT INTO SONGS (song_id, album_id, title, duration, genre, release_date, popularity_rank, image) VALUES (29, 109, 'Song I1FQsknSgc', 236, 'Country', '2016-08-23', 984, 'https://picsum.photos/id/212/200/200');
INSERT INTO SONGS (song_id, album_id, title, duration, genre, release_date, popularity_rank, image) VALUES (30, 97, 'Song wQdM0OtE6K', 301, 'Rock', '2021-12-25', 592, 'https://picsum.photos/id/249/200/200');
INSERT INTO SONGS (song_id, album_id, title, duration, genre, release_date, popularity_rank, image) VALUES (31, 84, 'Song tiwLXuKON0', 367, 'Hip Hop', '2010-11-08', 769, 'https://picsum.photos/id/270/200/200');
INSERT INTO SONGS (song_id, album_id, title, duration, genre, release_date, popularity_rank, image) VALUES (32, 139, 'Song WZZqcyp5w3', 172, 'Pop', '2021-06-07', 262, 'https://picsum.photos/id/219/200/200');
INSERT INTO SONGS (song_id, album_id, title, duration, genre, release_date, popularity_rank, image) VALUES (33, 128, 'Song btValtmLjg', 165, 'Metal', '2010-05-01', 343, 'https://picsum.photos/id/288/200/200');
INSERT INTO SONGS (song_id, album_id, title, duration, genre, release_date, popularity_rank, image) VALUES (34, 166, 'Song LrdUyv4IuA', 384, 'Pop', '2020-05-17', 646, 'https://picsum.photos/id/268/200/200');
INSERT INTO SONGS (song_id, album_id, title, duration, genre, release_date, popularity_rank, image) VALUES (35, 73, 'Song Cbs6xzvXZG', 289, 'Hip Hop', '2020-01-28', 928, 'https://picsum.photos/id/299/200/200');
INSERT INTO SONGS (song_id, album_id, title, duration, genre, release_date, popularity_rank, image) VALUES (36, 174, 'Song RbzvLwo1bs', 176, 'Indie', '2008-04-29', 642, 'https://picsum.photos/id/286/200/200');
INSERT INTO SONGS (song_id, album_id, title, duration, genre, release_date, popularity_rank, image) VALUES (37, 102, 'Song 5ooqCmSv6Z', 289, 'Rock', '2014-10-07', 909, 'https://picsum.photos/id/225/200/200');
INSERT INTO SONGS (song_id, album_id, title, duration, genre, release_date, popularity_rank, image) VALUES (38, 138, 'Song DrEZBfMI7P', 428, 'Rock', '2011-05-30', 649, 'https://picsum.photos/id/238/200/200');
INSERT INTO SONGS (song_id, album_id, title, duration, genre, release_date, popularity_rank, image) VALUES (39, 11, 'Song pxDWgJdmPR', 265, 'Classical', '2022-07-14', 788, 'https://picsum.photos/id/297/200/200');
INSERT INTO SONGS (song_id, album_id, title, duration, genre, release_date, popularity_rank, image) VALUES (40, 10, 'Song qkRWlFFgSB', 271, 'Alternative', '2008-05-02', 927, 'https://picsum.photos/id/249/200/200');
INSERT INTO SONGS (song_id, album_id, title, duration, genre, release_date, popularity_rank, image) VALUES (41, 45, 'Song dSwLAkZv2l', 256, 'Alternative', '2008-01-31', 918, 'https://picsum.photos/id/251/200/200');
INSERT INTO SONGS (song_id, album_id, title, duration, genre, release_date, popularity_rank, image) VALUES (42, 181, 'Song Dy7Atzyvut', 187, 'Folk', '2022-04-06', 481, 'https://picsum.photos/id/255/200/200');
INSERT INTO SONGS (song_id, album_id, title, duration, genre, release_date, popularity_rank, image) VALUES (43, 17, 'Song BX0qQK5GUl', 389, 'R&B', '2023-08-22', 914, 'https://picsum.photos/id/215/200/200');
INSERT INTO SONGS (song_id, album_id, title, duration, genre, release_date, popularity_rank, image) VALUES (44, 7, 'Song ng1NodAGyt', 357, 'Hip Hop', '2017-07-14', 662, 'https://picsum.photos/id/228/200/200');
INSERT INTO SONGS (song_id, album_id, title, duration, genre, release_date, popularity_rank, image) VALUES (45, 155, 'Song odOpzHJSKi', 405, 'Blues', '2020-04-01', 726, 'https://picsum.photos/id/242/200/200');
INSERT INTO SONGS (song_id, album_id, title, duration, genre, release_date, popularity_rank, image) VALUES (46, 133, 'Song Wesn9Y6AZm', 442, 'Electronic', '2015-11-21', 901, 'https://picsum.photos/id/228/200/200');
INSERT INTO SONGS (song_id, album_id, title, duration, genre, release_date, popularity_rank, image) VALUES (47, 118, 'Song jDrPQJ0OZF', 151, 'Reggae', '2019-07-12', 998, 'https://picsum.photos/id/237/200/200');
INSERT INTO SONGS (song_id, album_id, title, duration, genre, release_date, popularity_rank, image) VALUES (48, 133, 'Song Oe9eJy7jZA', 283, 'Metal', '2014-12-19', 671, 'https://picsum.photos/id/259/200/200');
INSERT INTO SONGS (song_id, album_id, title, duration, genre, release_date, popularity_rank, image) VALUES (49, 12, 'Song a4uodcIo3P', 212, 'Alternative', '2009-10-16', 588, 'https://picsum.photos/id/271/200/200');
INSERT INTO SONGS (song_id, album_id, title, duration, genre, release_date, popularity_rank, image) VALUES (50, 3, 'Song MRLCVGW2Cc', 169, 'Pop', '2023-11-22', 762, 'https://picsum.photos/id/254/200/200');
INSERT INTO SONGS (song_id, album_id, title, duration, genre, release_date, popularity_rank, image) VALUES (51, 63, 'Song 0m8sxLzkDo', 393, 'Electronic', '2019-12-01', 451, 'https://picsum.photos/id/229/200/200');
INSERT INTO SONGS (song_id, album_id, title, duration, genre, release_date, popularity_rank, image) VALUES (52, 180, 'Song rojUnCxaVf', 212, 'Classical', '2019-03-11', 927, 'https://picsum.photos/id/269/200/200');
INSERT INTO SONGS (song_id, album_id, title, duration, genre, release_date, popularity_rank, image) VALUES (53, 68, 'Song rFs28Cq3GD', 458, 'Metal', '2019-08-16', 185, 'https://picsum.photos/id/238/200/200');
INSERT INTO SONGS (song_id, album_id, title, duration, genre, release_date, popularity_rank, image) VALUES (54, 173, 'Song 9RtvACsZm6', 417, 'Blues', '2018-10-31', 120, 'https://picsum.photos/id/252/200/200');
INSERT INTO SONGS (song_id, album_id, title, duration, genre, release_date, popularity_rank, image) VALUES (55, 133, 'Song JJjv9MT0e3', 226, 'Rock', '2016-11-17', 566, 'https://picsum.photos/id/238/200/200');
INSERT INTO SONGS (song_id, album_id, title, duration, genre, release_date, popularity_rank, image) VALUES (56, 165, 'Song guuMpOjLXU', 192, 'R&B', '2023-08-11', 779, 'https://picsum.photos/id/205/200/200');
INSERT INTO SONGS (song_id, album_id, title, duration, genre, release_date, popularity_rank, image) VALUES (57, 29, 'Song zlka0yPWMG', 179, 'Electronic', '2012-08-01', 769, 'https://picsum.photos/id/242/200/200');
INSERT INTO SONGS (song_id, album_id, title, duration, genre, release_date, popularity_rank, image) VALUES (58, 115, 'Song 25tRuiRjUb', 164, 'Metal', '2019-01-26', 698, 'https://picsum.photos/id/214/200/200');
INSERT INTO SONGS (song_id, album_id, title, duration, genre, release_date, popularity_rank, image) VALUES (59, 127, 'Song g0QxfbG6L5', 367, 'Hip Hop', '2013-11-01', 261, 'https://picsum.photos/id/288/200/200');
INSERT INTO SONGS (song_id, album_id, title, duration, genre, release_date, popularity_rank, image) VALUES (60, 24, 'Song jGvF43A4QQ', 268, 'R&B', '2015-12-22', 765, 'https://picsum.photos/id/268/200/200');
INSERT INTO SONGS (song_id, album_id, title, duration, genre, release_date, popularity_rank, image) VALUES (61, 58, 'Song NsMA3mSnvk', 172, 'Rock', '2022-07-30', 303, 'https://picsum.photos/id/289/200/200');
INSERT INTO SONGS (song_id, album_id, title, duration, genre, release_date, popularity_rank, image) VALUES (62, 71, 'Song fTJiJQzKhQ', 430, 'Electronic', '2015-12-19', 66, 'https://picsum.photos/id/226/200/200');
INSERT INTO SONGS (song_id, album_id, title, duration, genre, release_date, popularity_rank, image) VALUES (63, 40, 'Song oMZg8UuK7e', 148, 'Metal', '2023-07-11', 90, 'https://picsum.photos/id/279/200/200');
INSERT INTO SONGS (song_id, album_id, title, duration, genre, release_date, popularity_rank, image) VALUES (64, 90, 'Song 36v7Ret47e', 193, 'Dance', '2008-05-01', 278, 'https://picsum.photos/id/264/200/200');
INSERT INTO SONGS (song_id, album_id, title, duration, genre, release_date, popularity_rank, image) VALUES (65, 16, 'Song rhhEJIkAM0', 331, 'Pop', '2012-04-26', 125, 'https://picsum.photos/id/291/200/200');
INSERT INTO SONGS (song_id, album_id, title, duration, genre, release_date, popularity_rank, image) VALUES (66, 164, 'Song qffHgt5COF', 371, 'Rock', '2010-01-28', 228, 'https://picsum.photos/id/206/200/200');
INSERT INTO SONGS (song_id, album_id, title, duration, genre, release_date, popularity_rank, image) VALUES (67, 90, 'Song rzc8mGQjQr', 439, 'Folk', '2011-09-26', 380, 'https://picsum.photos/id/211/200/200');
INSERT INTO SONGS (song_id, album_id, title, duration, genre, release_date, popularity_rank, image) VALUES (68, 148, 'Song doWzWr2ZcG', 338, 'Metal', '2020-11-18', 592, 'https://picsum.photos/id/258/200/200');
INSERT INTO SONGS (song_id, album_id, title, duration, genre, release_date, popularity_rank, image) VALUES (69, 184, 'Song Bfwjv9gSSN', 458, 'R&B', '2015-02-06', 554, 'https://picsum.photos/id/289/200/200');
INSERT INTO SONGS (song_id, album_id, title, duration, genre, release_date, popularity_rank, image) VALUES (70, 115, 'Song WJ0RvfoPBk', 389, 'Metal', '2015-05-11', 173, 'https://picsum.photos/id/250/200/200');
INSERT INTO SONGS (song_id, album_id, title, duration, genre, release_date, popularity_rank, image) VALUES (71, 12, 'Song e3Ba6Lf9r4', 349, 'Metal', '2013-01-15', 116, 'https://picsum.photos/id/292/200/200');
INSERT INTO SONGS (song_id, album_id, title, duration, genre, release_date, popularity_rank, image) VALUES (72, 169, 'Song I5UrdzoDfg', 365, 'Jazz', '2021-08-06', 401, 'https://picsum.photos/id/251/200/200');
INSERT INTO SONGS (song_id, album_id, title, duration, genre, release_date, popularity_rank, image) VALUES (73, 82, 'Song 9sb2bUhJKX', 440, 'Pop', '2021-03-22', 792, 'https://picsum.photos/id/219/200/200');
INSERT INTO SONGS (song_id, album_id, title, duration, genre, release_date, popularity_rank, image) VALUES (74, 29, 'Song GIgzthcWIB', 480, 'Indie', '2017-03-17', 956, 'https://picsum.photos/id/231/200/200');
INSERT INTO SONGS (song_id, album_id, title, duration, genre, release_date, popularity_rank, image) VALUES (75, 128, 'Song 6g8lEctWXl', 463, 'Pop', '2023-07-04', 524, 'https://picsum.photos/id/239/200/200');
INSERT INTO SONGS (song_id, album_id, title, duration, genre, release_date, popularity_rank, image) VALUES (76, 143, 'Song 5eqVpFAT6C', 420, 'Dance', '2009-09-13', 959, 'https://picsum.photos/id/254/200/200');
INSERT INTO SONGS (song_id, album_id, title, duration, genre, release_date, popularity_rank, image) VALUES (77, 48, 'Song ConBXDJplW', 249, 'Blues', '2017-06-17', 112, 'https://picsum.photos/id/214/200/200');
INSERT INTO SONGS (song_id, album_id, title, duration, genre, release_date, popularity_rank, image) VALUES (78, 115, 'Song d4hKq3jcXg', 199, 'Jazz', '2009-01-13', 614, 'https://picsum.photos/id/299/200/200');
INSERT INTO SONGS (song_id, album_id, title, duration, genre, release_date, popularity_rank, image) VALUES (79, 182, 'Song v4Q0w8gaSK', 265, 'Folk', '2010-02-05', 756, 'https://picsum.photos/id/289/200/200');
INSERT INTO SONGS (song_id, album_id, title, duration, genre, release_date, popularity_rank, image) VALUES (80, 20, 'Song KIsNGgfNsM', 356, 'Folk', '2010-03-26', 58, 'https://picsum.photos/id/248/200/200');
INSERT INTO SONGS (song_id, album_id, title, duration, genre, release_date, popularity_rank, image) VALUES (81, 36, 'Song DU3IK4hCfw', 408, 'Hip Hop', '2022-07-27', 421, 'https://picsum.photos/id/272/200/200');
INSERT INTO SONGS (song_id, album_id, title, duration, genre, release_date, popularity_rank, image) VALUES (82, 165, 'Song PRviJJ6o5n', 362, 'Country', '2015-04-09', 314, 'https://picsum.photos/id/261/200/200');
INSERT INTO SONGS (song_id, album_id, title, duration, genre, release_date, popularity_rank, image) VALUES (83, 77, 'Song 8I8kQwMigQ', 405, 'Metal', '2010-12-27', 541, 'https://picsum.photos/id/260/200/200');
INSERT INTO SONGS (song_id, album_id, title, duration, genre, release_date, popularity_rank, image) VALUES (84, 152, 'Song YcbdHw3Hl2', 387, 'Pop', '2016-08-03', 835, 'https://picsum.photos/id/243/200/200');
INSERT INTO SONGS (song_id, album_id, title, duration, genre, release_date, popularity_rank, image) VALUES (85, 67, 'Song JP4DoBPrnq', 146, 'Hip Hop', '2014-05-03', 15, 'https://picsum.photos/id/217/200/200');
INSERT INTO SONGS (song_id, album_id, title, duration, genre, release_date, popularity_rank, image) VALUES (86, 15, 'Song novsjVPldU', 392, 'Jazz', '2020-06-05', 711, 'https://picsum.photos/id/279/200/200');
INSERT INTO SONGS (song_id, album_id, title, duration, genre, release_date, popularity_rank, image) VALUES (87, 184, 'Song cbs3POmyU0', 154, 'R&B', '2009-04-27', 401, 'https://picsum.photos/id/236/200/200');
INSERT INTO SONGS (song_id, album_id, title, duration, genre, release_date, popularity_rank, image) VALUES (88, 24, 'Song qA8GEEf1Kz', 249, 'Reggae', '2012-06-25', 675, 'https://picsum.photos/id/298/200/200');
INSERT INTO SONGS (song_id, album_id, title, duration, genre, release_date, popularity_rank, image) VALUES (89, 107, 'Song 6ogiQQ2ROb', 164, 'Pop', '2024-03-11', 661, 'https://picsum.photos/id/253/200/200');
INSERT INTO SONGS (song_id, album_id, title, duration, genre, release_date, popularity_rank, image) VALUES (90, 169, 'Song sZvvg7rmme', 442, 'Rock', '2015-05-21', 851, 'https://picsum.photos/id/239/200/200');
INSERT INTO SONGS (song_id, album_id, title, duration, genre, release_date, popularity_rank, image) VALUES (91, 23, 'Song DsM7Rklz1u', 352, 'Classical', '2015-11-29', 120, 'https://picsum.photos/id/244/200/200');
INSERT INTO SONGS (song_id, album_id, title, duration, genre, release_date, popularity_rank, image) VALUES (92, 118, 'Song ohDrOSmA5f', 389, 'Hip Hop', '2011-07-21', 874, 'https://picsum.photos/id/253/200/200');
INSERT INTO SONGS (song_id, album_id, title, duration, genre, release_date, popularity_rank, image) VALUES (93, 150, 'Song 0WMLD5jcm6', 122, 'Dance', '2020-12-29', 297, 'https://picsum.photos/id/245/200/200');
INSERT INTO SONGS (song_id, album_id, title, duration, genre, release_date, popularity_rank, image) VALUES (94, 126, 'Song cDwLU48lzQ', 238, 'Hip Hop', '2010-09-04', 406, 'https://picsum.photos/id/264/200/200');
INSERT INTO SONGS (song_id, album_id, title, duration, genre, release_date, popularity_rank, image) VALUES (95, 8, 'Song bVKDoGGrwR', 258, 'Jazz', '2013-04-18', 450, 'https://picsum.photos/id/237/200/200');
INSERT INTO SONGS (song_id, album_id, title, duration, genre, release_date, popularity_rank, image) VALUES (96, 59, 'Song J49CZZzbZY', 267, 'Reggae', '2017-08-11', 471, 'https://picsum.photos/id/285/200/200');
INSERT INTO SONGS (song_id, album_id, title, duration, genre, release_date, popularity_rank, image) VALUES (97, 92, 'Song et3IjPL4AW', 129, 'Reggae', '2015-08-09', 646, 'https://picsum.photos/id/237/200/200');
INSERT INTO SONGS (song_id, album_id, title, duration, genre, release_date, popularity_rank, image) VALUES (98, 14, 'Song O5fkxxmkhm', 257, 'Jazz', '2011-07-26', 72, 'https://picsum.photos/id/253/200/200');
INSERT INTO SONGS (song_id, album_id, title, duration, genre, release_date, popularity_rank, image) VALUES (99, 72, 'Song oYxsEnKCVH', 337, 'Folk', '2013-04-16', 362, 'https://picsum.photos/id/222/200/200');
INSERT INTO SONGS (song_id, album_id, title, duration, genre, release_date, popularity_rank, image) VALUES (100, 196, 'Song WvOeQt57Va', 311, 'Classical', '2009-05-24', 763, 'https://picsum.photos/id/271/200/200');
INSERT INTO SONGS (song_id, album_id, title, duration, genre, release_date, popularity_rank, image) VALUES (101, 23, 'Song hNYpKzyXO9', 268, 'Indie', '2023-11-14', 748, 'https://picsum.photos/id/254/200/200');
INSERT INTO SONGS (song_id, album_id, title, duration, genre, release_date, popularity_rank, image) VALUES (102, 14, 'Song MShUoNoxMO', 454, 'Rock', '2013-06-20', 267, 'https://picsum.photos/id/290/200/200');
INSERT INTO SONGS (song_id, album_id, title, duration, genre, release_date, popularity_rank, image) VALUES (103, 101, 'Song wa69msvnBZ', 169, 'Reggae', '2014-01-21', 306, 'https://picsum.photos/id/272/200/200');
INSERT INTO SONGS (song_id, album_id, title, duration, genre, release_date, popularity_rank, image) VALUES (104, 11, 'Song V6fro6Ekxq', 432, 'Alternative', '2017-03-02', 11, 'https://picsum.photos/id/295/200/200');
INSERT INTO SONGS (song_id, album_id, title, duration, genre, release_date, popularity_rank, image) VALUES (105, 168, 'Song 9op0sB1Bc2', 480, 'Dance', '2011-03-05', 990, 'https://picsum.photos/id/249/200/200');
INSERT INTO SONGS (song_id, album_id, title, duration, genre, release_date, popularity_rank, image) VALUES (106, 85, 'Song ULSzAOW1Qx', 204, 'Jazz', '2010-09-26', 401, 'https://picsum.photos/id/240/200/200');
INSERT INTO SONGS (song_id, album_id, title, duration, genre, release_date, popularity_rank, image) VALUES (107, 16, 'Song BV69rjdMKv', 375, 'Rock', '2023-09-02', 934, 'https://picsum.photos/id/279/200/200');
INSERT INTO SONGS (song_id, album_id, title, duration, genre, release_date, popularity_rank, image) VALUES (108, 123, 'Song J8iqu9Wp3o', 370, 'Rock', '2009-10-09', 646, 'https://picsum.photos/id/298/200/200');
INSERT INTO SONGS (song_id, album_id, title, duration, genre, release_date, popularity_rank, image) VALUES (109, 65, 'Song OSwjez2Gif', 143, 'Blues', '2012-07-04', 547, 'https://picsum.photos/id/270/200/200');
INSERT INTO SONGS (song_id, album_id, title, duration, genre, release_date, popularity_rank, image) VALUES (110, 124, 'Song YOq1IKjxa9', 410, 'Alternative', '2015-03-01', 997, 'https://picsum.photos/id/250/200/200');
INSERT INTO SONGS (song_id, album_id, title, duration, genre, release_date, popularity_rank, image) VALUES (111, 149, 'Song 0mjT30nzmJ', 276, 'Indie', '2015-04-17', 558, 'https://picsum.photos/id/271/200/200');
INSERT INTO SONGS (song_id, album_id, title, duration, genre, release_date, popularity_rank, image) VALUES (112, 112, 'Song xDZnFT6h7c', 374, 'Classical', '2013-07-04', 317, 'https://picsum.photos/id/211/200/200');
INSERT INTO SONGS (song_id, album_id, title, duration, genre, release_date, popularity_rank, image) VALUES (113, 135, 'Song mTeLAmoECW', 296, 'Dance', '2020-09-21', 321, 'https://picsum.photos/id/218/200/200');
INSERT INTO SONGS (song_id, album_id, title, duration, genre, release_date, popularity_rank, image) VALUES (114, 110, 'Song tTNAvTHcBY', 396, 'Alternative', '2010-11-15', 65, 'https://picsum.photos/id/201/200/200');
INSERT INTO SONGS (song_id, album_id, title, duration, genre, release_date, popularity_rank, image) VALUES (115, 158, 'Song 5VF0BTZd03', 475, 'Pop', '2017-02-22', 320, 'https://picsum.photos/id/240/200/200');
INSERT INTO SONGS (song_id, album_id, title, duration, genre, release_date, popularity_rank, image) VALUES (116, 172, 'Song smEyEpkLo2', 364, 'Dance', '2024-03-03', 220, 'https://picsum.photos/id/216/200/200');
INSERT INTO SONGS (song_id, album_id, title, duration, genre, release_date, popularity_rank, image) VALUES (117, 68, 'Song GZ2LbKnrAS', 315, 'Blues', '2019-12-06', 33, 'https://picsum.photos/id/234/200/200');
INSERT INTO SONGS (song_id, album_id, title, duration, genre, release_date, popularity_rank, image) VALUES (118, 76, 'Song oID1NBc5y4', 230, 'Folk', '2014-11-25', 481, 'https://picsum.photos/id/214/200/200');
INSERT INTO SONGS (song_id, album_id, title, duration, genre, release_date, popularity_rank, image) VALUES (119, 13, 'Song adoTkamgwV', 338, 'Reggae', '2009-03-22', 777, 'https://picsum.photos/id/242/200/200');
INSERT INTO SONGS (song_id, album_id, title, duration, genre, release_date, popularity_rank, image) VALUES (120, 107, 'Song M0ecyxMVAM', 239, 'Jazz', '2014-03-09', 475, 'https://picsum.photos/id/227/200/200');
INSERT INTO SONGS (song_id, album_id, title, duration, genre, release_date, popularity_rank, image) VALUES (121, 9, 'Song 5JyFyLm0uM', 281, 'Alternative', '2010-05-24', 637, 'https://picsum.photos/id/246/200/200');
INSERT INTO SONGS (song_id, album_id, title, duration, genre, release_date, popularity_rank, image) VALUES (122, 33, 'Song JuASRYBu7i', 144, 'Metal', '2012-05-31', 691, 'https://picsum.photos/id/278/200/200');
INSERT INTO SONGS (song_id, album_id, title, duration, genre, release_date, popularity_rank, image) VALUES (123, 46, 'Song UtqdBWFtJM', 131, 'Rock', '2021-04-24', 203, 'https://picsum.photos/id/268/200/200');
INSERT INTO SONGS (song_id, album_id, title, duration, genre, release_date, popularity_rank, image) VALUES (124, 19, 'Song 24UcLtGwr2', 444, 'Blues', '2023-01-09', 776, 'https://picsum.photos/id/240/200/200');
INSERT INTO SONGS (song_id, album_id, title, duration, genre, release_date, popularity_rank, image) VALUES (125, 196, 'Song S4rbIUcAbQ', 157, 'Indie', '2008-09-03', 472, 'https://picsum.photos/id/269/200/200');
INSERT INTO SONGS (song_id, album_id, title, duration, genre, release_date, popularity_rank, image) VALUES (126, 140, 'Song g9M6tCaOHQ', 131, 'Electronic', '2019-10-22', 308, 'https://picsum.photos/id/266/200/200');
INSERT INTO SONGS (song_id, album_id, title, duration, genre, release_date, popularity_rank, image) VALUES (127, 3, 'Song YCgVAuSeHW', 407, 'Country', '2015-02-09', 761, 'https://picsum.photos/id/293/200/200');
INSERT INTO SONGS (song_id, album_id, title, duration, genre, release_date, popularity_rank, image) VALUES (128, 106, 'Song KkGjn1m22Y', 399, 'Alternative', '2018-12-01', 562, 'https://picsum.photos/id/245/200/200');
INSERT INTO SONGS (song_id, album_id, title, duration, genre, release_date, popularity_rank, image) VALUES (129, 152, 'Song o8tLuLHwpL', 361, 'Country', '2015-05-03', 197, 'https://picsum.photos/id/228/200/200');
INSERT INTO SONGS (song_id, album_id, title, duration, genre, release_date, popularity_rank, image) VALUES (130, 197, 'Song jk5mti5Aqw', 447, 'Alternative', '2011-06-22', 947, 'https://picsum.photos/id/257/200/200');
INSERT INTO SONGS (song_id, album_id, title, duration, genre, release_date, popularity_rank, image) VALUES (131, 164, 'Song kUtuGu7oDJ', 250, 'Indie', '2013-06-28', 871, 'https://picsum.photos/id/270/200/200');
INSERT INTO SONGS (song_id, album_id, title, duration, genre, release_date, popularity_rank, image) VALUES (132, 140, 'Song nGhv4EXiHh', 400, 'Rock', '2008-08-29', 721, 'https://picsum.photos/id/215/200/200');
INSERT INTO SONGS (song_id, album_id, title, duration, genre, release_date, popularity_rank, image) VALUES (133, 38, 'Song pJLba7JTHl', 440, 'Hip Hop', '2022-10-30', 985, 'https://picsum.photos/id/244/200/200');
INSERT INTO SONGS (song_id, album_id, title, duration, genre, release_date, popularity_rank, image) VALUES (134, 71, 'Song SAe0Y56qxM', 434, 'Rock', '2022-12-14', 972, 'https://picsum.photos/id/221/200/200');
INSERT INTO SONGS (song_id, album_id, title, duration, genre, release_date, popularity_rank, image) VALUES (135, 198, 'Song VwA7uhPZac', 330, 'Rock', '2009-04-26', 248, 'https://picsum.photos/id/228/200/200');
INSERT INTO SONGS (song_id, album_id, title, duration, genre, release_date, popularity_rank, image) VALUES (136, 144, 'Song O2tC3bYbfc', 315, 'Folk', '2015-09-19', 287, 'https://picsum.photos/id/257/200/200');
INSERT INTO SONGS (song_id, album_id, title, duration, genre, release_date, popularity_rank, image) VALUES (137, 42, 'Song QXvRrBL5LQ', 215, 'Indie', '2015-04-14', 695, 'https://picsum.photos/id/240/200/200');
INSERT INTO SONGS (song_id, album_id, title, duration, genre, release_date, popularity_rank, image) VALUES (138, 5, 'Song ZXrJcVtbHq', 397, 'Pop', '2013-04-21', 680, 'https://picsum.photos/id/235/200/200');
INSERT INTO SONGS (song_id, album_id, title, duration, genre, release_date, popularity_rank, image) VALUES (139, 125, 'Song jhtEl1b0P2', 220, 'Indie', '2020-09-04', 617, 'https://picsum.photos/id/203/200/200');
INSERT INTO SONGS (song_id, album_id, title, duration, genre, release_date, popularity_rank, image) VALUES (140, 45, 'Song YBWCLD7BSd', 410, 'Dance', '2016-03-12', 956, 'https://picsum.photos/id/261/200/200');
INSERT INTO SONGS (song_id, album_id, title, duration, genre, release_date, popularity_rank, image) VALUES (141, 32, 'Song g1WFt10WWa', 385, 'Classical', '2008-12-04', 457, 'https://picsum.photos/id/236/200/200');
INSERT INTO SONGS (song_id, album_id, title, duration, genre, release_date, popularity_rank, image) VALUES (142, 145, 'Song dG7OefM6d9', 213, 'Reggae', '2010-04-08', 346, 'https://picsum.photos/id/259/200/200');
INSERT INTO SONGS (song_id, album_id, title, duration, genre, release_date, popularity_rank, image) VALUES (143, 95, 'Song WhfVgjVuFT', 143, 'Classical', '2010-04-24', 557, 'https://picsum.photos/id/208/200/200');
INSERT INTO SONGS (song_id, album_id, title, duration, genre, release_date, popularity_rank, image) VALUES (144, 200, 'Song QGyMHk4085', 154, 'Electronic', '2012-07-02', 966, 'https://picsum.photos/id/297/200/200');
INSERT INTO SONGS (song_id, album_id, title, duration, genre, release_date, popularity_rank, image) VALUES (145, 112, 'Song vdB1OQbXcr', 242, 'Classical', '2019-04-05', 167, 'https://picsum.photos/id/236/200/200');
INSERT INTO SONGS (song_id, album_id, title, duration, genre, release_date, popularity_rank, image) VALUES (146, 139, 'Song Q1G3IP7WND', 436, 'Reggae', '2020-05-27', 631, 'https://picsum.photos/id/268/200/200');
INSERT INTO SONGS (song_id, album_id, title, duration, genre, release_date, popularity_rank, image) VALUES (147, 86, 'Song RskIFiH0JU', 139, 'R&B', '2024-03-13', 738, 'https://picsum.photos/id/243/200/200');
INSERT INTO SONGS (song_id, album_id, title, duration, genre, release_date, popularity_rank, image) VALUES (148, 140, 'Song e57KOmqgBE', 447, 'Alternative', '2017-11-16', 606, 'https://picsum.photos/id/248/200/200');
INSERT INTO SONGS (song_id, album_id, title, duration, genre, release_date, popularity_rank, image) VALUES (149, 48, 'Song TuqtJuPkpe', 190, 'Hip Hop', '2015-01-25', 281, 'https://picsum.photos/id/223/200/200');
INSERT INTO SONGS (song_id, album_id, title, duration, genre, release_date, popularity_rank, image) VALUES (150, 114, 'Song ujqnRh81T2', 380, 'Dance', '2014-07-20', 229, 'https://picsum.photos/id/212/200/200');
INSERT INTO SONGS (song_id, album_id, title, duration, genre, release_date, popularity_rank, image) VALUES (151, 11, 'Song fAaljfM5wF', 282, 'Metal', '2014-01-24', 51, 'https://picsum.photos/id/296/200/200');
INSERT INTO SONGS (song_id, album_id, title, duration, genre, release_date, popularity_rank, image) VALUES (152, 40, 'Song PLjJpSZeYg', 465, 'Pop', '2014-12-16', 989, 'https://picsum.photos/id/291/200/200');
INSERT INTO SONGS (song_id, album_id, title, duration, genre, release_date, popularity_rank, image) VALUES (153, 150, 'Song HmnyCuzc64', 341, 'Classical', '2023-05-03', 954, 'https://picsum.photos/id/275/200/200');
INSERT INTO SONGS (song_id, album_id, title, duration, genre, release_date, popularity_rank, image) VALUES (154, 174, 'Song 5vM44dNu8x', 243, 'Rock', '2016-05-20', 465, 'https://picsum.photos/id/243/200/200');
INSERT INTO SONGS (song_id, album_id, title, duration, genre, release_date, popularity_rank, image) VALUES (155, 39, 'Song 0GZBzq3GJa', 147, 'Classical', '2022-08-21', 889, 'https://picsum.photos/id/209/200/200');
INSERT INTO SONGS (song_id, album_id, title, duration, genre, release_date, popularity_rank, image) VALUES (156, 44, 'Song 250Y9dMGhc', 182, 'R&B', '2023-12-07', 684, 'https://picsum.photos/id/224/200/200');
INSERT INTO SONGS (song_id, album_id, title, duration, genre, release_date, popularity_rank, image) VALUES (157, 196, 'Song RBw7sS4Xmg', 463, 'Rock', '2011-09-09', 837, 'https://picsum.photos/id/213/200/200');
INSERT INTO SONGS (song_id, album_id, title, duration, genre, release_date, popularity_rank, image) VALUES (158, 152, 'Song FpGHjpLayV', 412, 'Alternative', '2011-03-28', 683, 'https://picsum.photos/id/223/200/200');
INSERT INTO SONGS (song_id, album_id, title, duration, genre, release_date, popularity_rank, image) VALUES (159, 82, 'Song jvCuiPElth', 382, 'Dance', '2013-05-06', 247, 'https://picsum.photos/id/222/200/200');
INSERT INTO SONGS (song_id, album_id, title, duration, genre, release_date, popularity_rank, image) VALUES (160, 100, 'Song jmB7NBrlp3', 165, 'Electronic', '2015-12-06', 344, 'https://picsum.photos/id/289/200/200');
INSERT INTO SONGS (song_id, album_id, title, duration, genre, release_date, popularity_rank, image) VALUES (161, 195, 'Song DLoVNjFQ91', 280, 'Dance', '2008-12-08', 282, 'https://picsum.photos/id/226/200/200');
INSERT INTO SONGS (song_id, album_id, title, duration, genre, release_date, popularity_rank, image) VALUES (162, 177, 'Song nX5MNuzGcQ', 227, 'Folk', '2022-08-06', 301, 'https://picsum.photos/id/266/200/200');
INSERT INTO SONGS (song_id, album_id, title, duration, genre, release_date, popularity_rank, image) VALUES (163, 147, 'Song yQLJMJuDiD', 336, 'Country', '2021-09-30', 607, 'https://picsum.photos/id/277/200/200');
INSERT INTO SONGS (song_id, album_id, title, duration, genre, release_date, popularity_rank, image) VALUES (164, 27, 'Song d06OELqaic', 150, 'Electronic', '2018-05-24', 907, 'https://picsum.photos/id/206/200/200');
INSERT INTO SONGS (song_id, album_id, title, duration, genre, release_date, popularity_rank, image) VALUES (165, 82, 'Song ltrCqUInqQ', 196, 'Indie', '2014-02-16', 765, 'https://picsum.photos/id/290/200/200');
INSERT INTO SONGS (song_id, album_id, title, duration, genre, release_date, popularity_rank, image) VALUES (166, 127, 'Song cWsZnOH3OO', 272, 'Hip Hop', '2013-01-30', 326, 'https://picsum.photos/id/218/200/200');
INSERT INTO SONGS (song_id, album_id, title, duration, genre, release_date, popularity_rank, image) VALUES (167, 6, 'Song k8DpFDoHIF', 404, 'Blues', '2019-12-23', 318, 'https://picsum.photos/id/232/200/200');
INSERT INTO SONGS (song_id, album_id, title, duration, genre, release_date, popularity_rank, image) VALUES (168, 134, 'Song GMnPqqbbDL', 385, 'Metal', '2020-03-10', 412, 'https://picsum.photos/id/299/200/200');
INSERT INTO SONGS (song_id, album_id, title, duration, genre, release_date, popularity_rank, image) VALUES (169, 124, 'Song adMcwFnyTw', 250, 'Indie', '2023-06-12', 707, 'https://picsum.photos/id/271/200/200');
INSERT INTO SONGS (song_id, album_id, title, duration, genre, release_date, popularity_rank, image) VALUES (170, 155, 'Song rVhhr9aC1i', 178, 'R&B', '2009-09-29', 342, 'https://picsum.photos/id/259/200/200');
INSERT INTO SONGS (song_id, album_id, title, duration, genre, release_date, popularity_rank, image) VALUES (171, 30, 'Song gbhZTfcBxz', 187, 'Reggae', '2015-09-22', 536, 'https://picsum.photos/id/280/200/200');
INSERT INTO SONGS (song_id, album_id, title, duration, genre, release_date, popularity_rank, image) VALUES (172, 195, 'Song uDLHItfCOD', 179, 'Dance', '2015-07-22', 205, 'https://picsum.photos/id/221/200/200');
INSERT INTO SONGS (song_id, album_id, title, duration, genre, release_date, popularity_rank, image) VALUES (173, 55, 'Song fjRBrpJbKN', 146, 'R&B', '2019-04-03', 486, 'https://picsum.photos/id/246/200/200');
INSERT INTO SONGS (song_id, album_id, title, duration, genre, release_date, popularity_rank, image) VALUES (174, 59, 'Song dI65MtsG4h', 469, 'Pop', '2010-11-27', 665, 'https://picsum.photos/id/279/200/200');
INSERT INTO SONGS (song_id, album_id, title, duration, genre, release_date, popularity_rank, image) VALUES (175, 140, 'Song JCcGTKXFVT', 311, 'Dance', '2016-11-24', 766, 'https://picsum.photos/id/288/200/200');
INSERT INTO SONGS (song_id, album_id, title, duration, genre, release_date, popularity_rank, image) VALUES (176, 162, 'Song TfnbRF0FIz', 436, 'Hip Hop', '2019-09-25', 598, 'https://picsum.photos/id/235/200/200');
INSERT INTO SONGS (song_id, album_id, title, duration, genre, release_date, popularity_rank, image) VALUES (177, 59, 'Song lbDtb1ifqd', 178, 'Folk', '2014-12-04', 516, 'https://picsum.photos/id/255/200/200');
INSERT INTO SONGS (song_id, album_id, title, duration, genre, release_date, popularity_rank, image) VALUES (178, 12, 'Song AjsObJrq7X', 137, 'Jazz', '2019-02-21', 723, 'https://picsum.photos/id/207/200/200');
INSERT INTO SONGS (song_id, album_id, title, duration, genre, release_date, popularity_rank, image) VALUES (179, 166, 'Song fEPiLFGE0k', 372, 'Alternative', '2021-08-06', 37, 'https://picsum.photos/id/234/200/200');
INSERT INTO SONGS (song_id, album_id, title, duration, genre, release_date, popularity_rank, image) VALUES (180, 166, 'Song aMFw9VILCG', 171, 'Indie', '2022-08-04', 762, 'https://picsum.photos/id/219/200/200');
INSERT INTO SONGS (song_id, album_id, title, duration, genre, release_date, popularity_rank, image) VALUES (181, 59, 'Song 0YygWLlzCw', 145, 'R&B', '2014-09-09', 386, 'https://picsum.photos/id/278/200/200');
INSERT INTO SONGS (song_id, album_id, title, duration, genre, release_date, popularity_rank, image) VALUES (182, 158, 'Song W4ufMnH9eH', 177, 'Country', '2022-08-28', 221, 'https://picsum.photos/id/234/200/200');
INSERT INTO SONGS (song_id, album_id, title, duration, genre, release_date, popularity_rank, image) VALUES (183, 181, 'Song tiKOYz6pC7', 326, 'Rock', '2016-09-17', 543, 'https://picsum.photos/id/245/200/200');
INSERT INTO SONGS (song_id, album_id, title, duration, genre, release_date, popularity_rank, image) VALUES (184, 15, 'Song MGNhFLOKDd', 428, 'Reggae', '2012-08-08', 454, 'https://picsum.photos/id/249/200/200');
INSERT INTO SONGS (song_id, album_id, title, duration, genre, release_date, popularity_rank, image) VALUES (185, 179, 'Song m3Qnwka1Mt', 149, 'Jazz', '2015-05-22', 850, 'https://picsum.photos/id/246/200/200');
INSERT INTO SONGS (song_id, album_id, title, duration, genre, release_date, popularity_rank, image) VALUES (186, 197, 'Song SI49ApoGc1', 338, 'Hip Hop', '2013-12-05', 731, 'https://picsum.photos/id/252/200/200');
INSERT INTO SONGS (song_id, album_id, title, duration, genre, release_date, popularity_rank, image) VALUES (187, 130, 'Song zSQxq79miR', 278, 'R&B', '2019-11-23', 194, 'https://picsum.photos/id/266/200/200');
INSERT INTO SONGS (song_id, album_id, title, duration, genre, release_date, popularity_rank, image) VALUES (188, 83, 'Song kcC1wshoaj', 129, 'Metal', '2016-12-21', 856, 'https://picsum.photos/id/289/200/200');
INSERT INTO SONGS (song_id, album_id, title, duration, genre, release_date, popularity_rank, image) VALUES (189, 17, 'Song ZZyq7ZjyDB', 433, 'Alternative', '2014-12-28', 439, 'https://picsum.photos/id/236/200/200');
INSERT INTO SONGS (song_id, album_id, title, duration, genre, release_date, popularity_rank, image) VALUES (190, 26, 'Song QDcdt6KXC8', 357, 'Alternative', '2019-01-12', 149, 'https://picsum.photos/id/211/200/200');
INSERT INTO SONGS (song_id, album_id, title, duration, genre, release_date, popularity_rank, image) VALUES (191, 127, 'Song JK7CB2im6g', 449, 'Country', '2014-10-05', 911, 'https://picsum.photos/id/262/200/200');
INSERT INTO SONGS (song_id, album_id, title, duration, genre, release_date, popularity_rank, image) VALUES (192, 26, 'Song Oxm3UpjV3R', 364, 'Blues', '2020-08-20', 159, 'https://picsum.photos/id/282/200/200');
INSERT INTO SONGS (song_id, album_id, title, duration, genre, release_date, popularity_rank, image) VALUES (193, 108, 'Song OYobhLS8A8', 447, 'Classical', '2013-05-04', 946, 'https://picsum.photos/id/271/200/200');
INSERT INTO SONGS (song_id, album_id, title, duration, genre, release_date, popularity_rank, image) VALUES (194, 164, 'Song OOKkt9Fh14', 430, 'Jazz', '2014-09-27', 976, 'https://picsum.photos/id/209/200/200');
INSERT INTO SONGS (song_id, album_id, title, duration, genre, release_date, popularity_rank, image) VALUES (195, 123, 'Song fP2zxuEtca', 132, 'Dance', '2022-04-06', 208, 'https://picsum.photos/id/269/200/200');
INSERT INTO SONGS (song_id, album_id, title, duration, genre, release_date, popularity_rank, image) VALUES (196, 131, 'Song TeYxnLrXAP', 373, 'Metal', '2023-10-06', 597, 'https://picsum.photos/id/246/200/200');
INSERT INTO SONGS (song_id, album_id, title, duration, genre, release_date, popularity_rank, image) VALUES (197, 130, 'Song ewdFvprG5I', 429, 'Alternative', '2013-10-01', 293, 'https://picsum.photos/id/248/200/200');
INSERT INTO SONGS (song_id, album_id, title, duration, genre, release_date, popularity_rank, image) VALUES (198, 110, 'Song 5Xq7Ofp4wk', 150, 'Folk', '2019-07-15', 173, 'https://picsum.photos/id/240/200/200');
INSERT INTO SONGS (song_id, album_id, title, duration, genre, release_date, popularity_rank, image) VALUES (199, 16, 'Song CY3L6eepO6', 181, 'Metal', '2009-05-12', 704, 'https://picsum.photos/id/266/200/200');
INSERT INTO SONGS (song_id, album_id, title, duration, genre, release_date, popularity_rank, image) VALUES (200, 48, 'Song tjn4H5hUIt', 473, 'Jazz', '2011-01-05', 859, 'https://picsum.photos/id/218/200/200');
INSERT INTO SONGS (song_id, album_id, title, duration, genre, release_date, popularity_rank, image) VALUES (201, 70, 'Song mmfISEDnDE', 339, 'Rock', '2019-03-11', 612, 'https://picsum.photos/id/286/200/200');
INSERT INTO SONGS (song_id, album_id, title, duration, genre, release_date, popularity_rank, image) VALUES (202, 86, 'Song 3wO885JolJ', 341, 'Alternative', '2008-08-14', 539, 'https://picsum.photos/id/249/200/200');
INSERT INTO SONGS (song_id, album_id, title, duration, genre, release_date, popularity_rank, image) VALUES (203, 171, 'Song Cwz3DmeA5F', 121, 'Electronic', '2016-08-06', 984, 'https://picsum.photos/id/227/200/200');
INSERT INTO SONGS (song_id, album_id, title, duration, genre, release_date, popularity_rank, image) VALUES (204, 125, 'Song GG5xdhOcV7', 402, 'Rock', '2019-06-20', 956, 'https://picsum.photos/id/252/200/200');
INSERT INTO SONGS (song_id, album_id, title, duration, genre, release_date, popularity_rank, image) VALUES (205, 194, 'Song qiDdjMyLSj', 261, 'Rock', '2020-08-14', 277, 'https://picsum.photos/id/264/200/200');
INSERT INTO SONGS (song_id, album_id, title, duration, genre, release_date, popularity_rank, image) VALUES (206, 139, 'Song BTpTVITujT', 362, 'Electronic', '2008-06-13', 688, 'https://picsum.photos/id/275/200/200');
INSERT INTO SONGS (song_id, album_id, title, duration, genre, release_date, popularity_rank, image) VALUES (207, 37, 'Song HeBI4fMLSj', 319, 'Jazz', '2010-07-30', 716, 'https://picsum.photos/id/295/200/200');
INSERT INTO SONGS (song_id, album_id, title, duration, genre, release_date, popularity_rank, image) VALUES (208, 59, 'Song Mb5nv4u1me', 246, 'Pop', '2011-01-31', 817, 'https://picsum.photos/id/226/200/200');
INSERT INTO SONGS (song_id, album_id, title, duration, genre, release_date, popularity_rank, image) VALUES (209, 194, 'Song dlIFOnGdrL', 266, 'Jazz', '2009-07-21', 941, 'https://picsum.photos/id/207/200/200');
INSERT INTO SONGS (song_id, album_id, title, duration, genre, release_date, popularity_rank, image) VALUES (210, 22, 'Song 9ZtYqvdcIs', 235, 'Indie', '2010-07-04', 952, 'https://picsum.photos/id/250/200/200');
INSERT INTO SONGS (song_id, album_id, title, duration, genre, release_date, popularity_rank, image) VALUES (211, 88, 'Song 2lYMSWkMkD', 170, 'Hip Hop', '2014-12-15', 360, 'https://picsum.photos/id/229/200/200');
INSERT INTO SONGS (song_id, album_id, title, duration, genre, release_date, popularity_rank, image) VALUES (212, 184, 'Song oj1dkTP1dd', 309, 'Hip Hop', '2017-01-05', 814, 'https://picsum.photos/id/278/200/200');
INSERT INTO SONGS (song_id, album_id, title, duration, genre, release_date, popularity_rank, image) VALUES (213, 152, 'Song tLjXaO1THv', 236, 'Hip Hop', '2009-04-11', 484, 'https://picsum.photos/id/234/200/200');
INSERT INTO SONGS (song_id, album_id, title, duration, genre, release_date, popularity_rank, image) VALUES (214, 64, 'Song RabkKC4FQi', 336, 'Reggae', '2015-06-16', 248, 'https://picsum.photos/id/250/200/200');
INSERT INTO SONGS (song_id, album_id, title, duration, genre, release_date, popularity_rank, image) VALUES (215, 41, 'Song AN3qJyvKJN', 459, 'Alternative', '2021-07-14', 135, 'https://picsum.photos/id/286/200/200');
INSERT INTO SONGS (song_id, album_id, title, duration, genre, release_date, popularity_rank, image) VALUES (216, 132, 'Song owcEgxn51V', 125, 'Classical', '2022-12-17', 551, 'https://picsum.photos/id/209/200/200');
INSERT INTO SONGS (song_id, album_id, title, duration, genre, release_date, popularity_rank, image) VALUES (217, 53, 'Song SRCwBPMMka', 250, 'Dance', '2015-03-23', 472, 'https://picsum.photos/id/257/200/200');
INSERT INTO SONGS (song_id, album_id, title, duration, genre, release_date, popularity_rank, image) VALUES (218, 3, 'Song 3vmWjcMWdt', 143, 'Jazz', '2017-04-25', 578, 'https://picsum.photos/id/298/200/200');
INSERT INTO SONGS (song_id, album_id, title, duration, genre, release_date, popularity_rank, image) VALUES (219, 188, 'Song wR8xDGMP7V', 187, 'Pop', '2020-09-18', 912, 'https://picsum.photos/id/228/200/200');
INSERT INTO SONGS (song_id, album_id, title, duration, genre, release_date, popularity_rank, image) VALUES (220, 146, 'Song JlbzPqWXiw', 237, 'Dance', '2017-05-12', 171, 'https://picsum.photos/id/231/200/200');
INSERT INTO SONGS (song_id, album_id, title, duration, genre, release_date, popularity_rank, image) VALUES (221, 144, 'Song 7FOKtDKtHM', 210, 'Classical', '2022-06-18', 233, 'https://picsum.photos/id/208/200/200');
INSERT INTO SONGS (song_id, album_id, title, duration, genre, release_date, popularity_rank, image) VALUES (222, 92, 'Song c5tvMc6RFR', 170, 'Jazz', '2021-10-28', 522, 'https://picsum.photos/id/216/200/200');
INSERT INTO SONGS (song_id, album_id, title, duration, genre, release_date, popularity_rank, image) VALUES (223, 1, 'Song mFeioK2lrJ', 360, 'Country', '2013-07-25', 120, 'https://picsum.photos/id/271/200/200');
INSERT INTO SONGS (song_id, album_id, title, duration, genre, release_date, popularity_rank, image) VALUES (224, 147, 'Song dl5wPpbLVf', 156, 'R&B', '2009-10-24', 346, 'https://picsum.photos/id/273/200/200');
INSERT INTO SONGS (song_id, album_id, title, duration, genre, release_date, popularity_rank, image) VALUES (225, 26, 'Song mLGMnbPX7K', 399, 'Dance', '2009-10-31', 94, 'https://picsum.photos/id/233/200/200');
INSERT INTO SONGS (song_id, album_id, title, duration, genre, release_date, popularity_rank, image) VALUES (226, 11, 'Song PE5rwFd1kq', 264, 'Country', '2022-06-17', 682, 'https://picsum.photos/id/245/200/200');
INSERT INTO SONGS (song_id, album_id, title, duration, genre, release_date, popularity_rank, image) VALUES (227, 91, 'Song 6tltVVFcB9', 294, 'Alternative', '2019-07-06', 508, 'https://picsum.photos/id/257/200/200');
INSERT INTO SONGS (song_id, album_id, title, duration, genre, release_date, popularity_rank, image) VALUES (228, 47, 'Song bAQXntVi3p', 392, 'Rock', '2023-08-20', 717, 'https://picsum.photos/id/233/200/200');
INSERT INTO SONGS (song_id, album_id, title, duration, genre, release_date, popularity_rank, image) VALUES (229, 169, 'Song aziyW7ZCZ4', 168, 'Electronic', '2009-04-01', 755, 'https://picsum.photos/id/298/200/200');
INSERT INTO SONGS (song_id, album_id, title, duration, genre, release_date, popularity_rank, image) VALUES (230, 187, 'Song jjoYqkXGpo', 257, 'Alternative', '2008-06-22', 887, 'https://picsum.photos/id/236/200/200');
INSERT INTO SONGS (song_id, album_id, title, duration, genre, release_date, popularity_rank, image) VALUES (231, 76, 'Song gAohWG0qMY', 469, 'Jazz', '2019-09-22', 678, 'https://picsum.photos/id/237/200/200');
INSERT INTO SONGS (song_id, album_id, title, duration, genre, release_date, popularity_rank, image) VALUES (232, 77, 'Song 3qE6SBNgaE', 135, 'Hip Hop', '2023-07-21', 330, 'https://picsum.photos/id/220/200/200');
INSERT INTO SONGS (song_id, album_id, title, duration, genre, release_date, popularity_rank, image) VALUES (233, 125, 'Song RyQ2IwqbCV', 232, 'Rock', '2010-08-27', 901, 'https://picsum.photos/id/282/200/200');
INSERT INTO SONGS (song_id, album_id, title, duration, genre, release_date, popularity_rank, image) VALUES (234, 117, 'Song ESW2mEYlqF', 213, 'Alternative', '2024-02-01', 780, 'https://picsum.photos/id/208/200/200');
INSERT INTO SONGS (song_id, album_id, title, duration, genre, release_date, popularity_rank, image) VALUES (235, 35, 'Song BlqxXBaNsP', 412, 'Folk', '2019-01-11', 61, 'https://picsum.photos/id/298/200/200');
INSERT INTO SONGS (song_id, album_id, title, duration, genre, release_date, popularity_rank, image) VALUES (236, 10, 'Song rsqugPYhgR', 448, 'Dance', '2013-09-20', 46, 'https://picsum.photos/id/300/200/200');
INSERT INTO SONGS (song_id, album_id, title, duration, genre, release_date, popularity_rank, image) VALUES (237, 54, 'Song li66oYrje5', 326, 'Rock', '2012-03-03', 308, 'https://picsum.photos/id/216/200/200');
INSERT INTO SONGS (song_id, album_id, title, duration, genre, release_date, popularity_rank, image) VALUES (238, 148, 'Song UIGpLuzLzb', 457, 'Alternative', '2011-05-19', 615, 'https://picsum.photos/id/224/200/200');
INSERT INTO SONGS (song_id, album_id, title, duration, genre, release_date, popularity_rank, image) VALUES (239, 72, 'Song Dejte8OSPU', 473, 'Dance', '2015-02-18', 835, 'https://picsum.photos/id/300/200/200');
INSERT INTO SONGS (song_id, album_id, title, duration, genre, release_date, popularity_rank, image) VALUES (240, 78, 'Song hy4YTWI4t8', 284, 'Folk', '2011-04-02', 592, 'https://picsum.photos/id/205/200/200');
INSERT INTO SONGS (song_id, album_id, title, duration, genre, release_date, popularity_rank, image) VALUES (241, 190, 'Song j6kj3DmL3g', 462, 'Rock', '2010-03-09', 275, 'https://picsum.photos/id/263/200/200');
INSERT INTO SONGS (song_id, album_id, title, duration, genre, release_date, popularity_rank, image) VALUES (242, 184, 'Song 4qAWgzlGdz', 177, 'Classical', '2018-05-08', 364, 'https://picsum.photos/id/226/200/200');
INSERT INTO SONGS (song_id, album_id, title, duration, genre, release_date, popularity_rank, image) VALUES (243, 46, 'Song MYXQ1w0qKl', 346, 'Blues', '2021-02-15', 738, 'https://picsum.photos/id/205/200/200');
INSERT INTO SONGS (song_id, album_id, title, duration, genre, release_date, popularity_rank, image) VALUES (244, 146, 'Song Bz5IMtTgK0', 365, 'Electronic', '2023-04-02', 861, 'https://picsum.photos/id/225/200/200');
INSERT INTO SONGS (song_id, album_id, title, duration, genre, release_date, popularity_rank, image) VALUES (245, 190, 'Song nBqKZC8Irw', 135, 'Classical', '2023-06-13', 797, 'https://picsum.photos/id/245/200/200');
INSERT INTO SONGS (song_id, album_id, title, duration, genre, release_date, popularity_rank, image) VALUES (246, 5, 'Song toBIc7ez45', 424, 'Indie', '2022-02-16', 453, 'https://picsum.photos/id/230/200/200');
INSERT INTO SONGS (song_id, album_id, title, duration, genre, release_date, popularity_rank, image) VALUES (247, 141, 'Song oYDCgjYRqo', 460, 'Reggae', '2009-06-05', 726, 'https://picsum.photos/id/222/200/200');
INSERT INTO SONGS (song_id, album_id, title, duration, genre, release_date, popularity_rank, image) VALUES (248, 16, 'Song wdnzuoqkai', 199, 'Dance', '2015-12-28', 900, 'https://picsum.photos/id/274/200/200');
INSERT INTO SONGS (song_id, album_id, title, duration, genre, release_date, popularity_rank, image) VALUES (249, 161, 'Song ep6ENEhHR3', 140, 'Alternative', '2008-07-03', 389, 'https://picsum.photos/id/217/200/200');
INSERT INTO SONGS (song_id, album_id, title, duration, genre, release_date, popularity_rank, image) VALUES (250, 93, 'Song 6inyHr4Jx4', 230, 'Classical', '2010-11-28', 69, 'https://picsum.photos/id/210/200/200');
INSERT INTO SONGS (song_id, album_id, title, duration, genre, release_date, popularity_rank, image) VALUES (251, 40, 'Song 8GUKwy8oVX', 204, 'Indie', '2022-10-21', 560, 'https://picsum.photos/id/209/200/200');
INSERT INTO SONGS (song_id, album_id, title, duration, genre, release_date, popularity_rank, image) VALUES (252, 114, 'Song H0rfVe931A', 152, 'Blues', '2011-11-06', 703, 'https://picsum.photos/id/282/200/200');
INSERT INTO SONGS (song_id, album_id, title, duration, genre, release_date, popularity_rank, image) VALUES (253, 109, 'Song sZuYpQPFR7', 421, 'Country', '2009-05-08', 568, 'https://picsum.photos/id/205/200/200');
INSERT INTO SONGS (song_id, album_id, title, duration, genre, release_date, popularity_rank, image) VALUES (254, 96, 'Song zRwhaylx0k', 270, 'Reggae', '2019-07-13', 301, 'https://picsum.photos/id/261/200/200');
INSERT INTO SONGS (song_id, album_id, title, duration, genre, release_date, popularity_rank, image) VALUES (255, 191, 'Song VHFNmn8Pa6', 138, 'Folk', '2020-09-26', 45, 'https://picsum.photos/id/277/200/200');
INSERT INTO SONGS (song_id, album_id, title, duration, genre, release_date, popularity_rank, image) VALUES (256, 87, 'Song uNsTvXWbsd', 400, 'Indie', '2015-03-13', 224, 'https://picsum.photos/id/250/200/200');
INSERT INTO SONGS (song_id, album_id, title, duration, genre, release_date, popularity_rank, image) VALUES (257, 13, 'Song tPr2k9hsFq', 430, 'Indie', '2013-04-26', 37, 'https://picsum.photos/id/277/200/200');
INSERT INTO SONGS (song_id, album_id, title, duration, genre, release_date, popularity_rank, image) VALUES (258, 100, 'Song wIxT2WIkkQ', 143, 'Hip Hop', '2023-10-13', 502, 'https://picsum.photos/id/225/200/200');
INSERT INTO SONGS (song_id, album_id, title, duration, genre, release_date, popularity_rank, image) VALUES (259, 149, 'Song G3Cy4n9Woz', 432, 'Folk', '2023-01-12', 275, 'https://picsum.photos/id/260/200/200');
INSERT INTO SONGS (song_id, album_id, title, duration, genre, release_date, popularity_rank, image) VALUES (260, 109, 'Song PkjJ2iocV8', 129, 'Blues', '2023-06-05', 960, 'https://picsum.photos/id/297/200/200');
INSERT INTO SONGS (song_id, album_id, title, duration, genre, release_date, popularity_rank, image) VALUES (261, 162, 'Song sKWOHK9qgF', 314, 'Pop', '2016-03-21', 947, 'https://picsum.photos/id/274/200/200');
INSERT INTO SONGS (song_id, album_id, title, duration, genre, release_date, popularity_rank, image) VALUES (262, 15, 'Song fM59ie1Em9', 284, 'Folk', '2012-05-27', 342, 'https://picsum.photos/id/245/200/200');
INSERT INTO SONGS (song_id, album_id, title, duration, genre, release_date, popularity_rank, image) VALUES (263, 133, 'Song BUffHPcbxZ', 254, 'Electronic', '2014-10-31', 245, 'https://picsum.photos/id/240/200/200');
INSERT INTO SONGS (song_id, album_id, title, duration, genre, release_date, popularity_rank, image) VALUES (264, 143, 'Song DI2V2N3N1V', 210, 'Jazz', '2008-10-13', 698, 'https://picsum.photos/id/295/200/200');
INSERT INTO SONGS (song_id, album_id, title, duration, genre, release_date, popularity_rank, image) VALUES (265, 96, 'Song JTN06jXIUG', 178, 'Blues', '2022-08-11', 460, 'https://picsum.photos/id/268/200/200');
INSERT INTO SONGS (song_id, album_id, title, duration, genre, release_date, popularity_rank, image) VALUES (266, 186, 'Song amjuvzTPiT', 329, 'Folk', '2010-10-04', 191, 'https://picsum.photos/id/290/200/200');
INSERT INTO SONGS (song_id, album_id, title, duration, genre, release_date, popularity_rank, image) VALUES (267, 110, 'Song Y3HovekjAh', 235, 'Indie', '2017-11-24', 846, 'https://picsum.photos/id/263/200/200');
INSERT INTO SONGS (song_id, album_id, title, duration, genre, release_date, popularity_rank, image) VALUES (268, 63, 'Song ixiaW6is3v', 239, 'Hip Hop', '2008-10-07', 566, 'https://picsum.photos/id/251/200/200');
INSERT INTO SONGS (song_id, album_id, title, duration, genre, release_date, popularity_rank, image) VALUES (269, 103, 'Song E42rhCCRR1', 370, 'Country', '2020-09-02', 531, 'https://picsum.photos/id/274/200/200');
INSERT INTO SONGS (song_id, album_id, title, duration, genre, release_date, popularity_rank, image) VALUES (270, 181, 'Song 40uyjYmlIj', 454, 'Blues', '2019-12-28', 130, 'https://picsum.photos/id/271/200/200');
INSERT INTO SONGS (song_id, album_id, title, duration, genre, release_date, popularity_rank, image) VALUES (271, 26, 'Song NyF872lr4Q', 208, 'Electronic', '2010-05-05', 859, 'https://picsum.photos/id/201/200/200');
INSERT INTO SONGS (song_id, album_id, title, duration, genre, release_date, popularity_rank, image) VALUES (272, 161, 'Song FUyRtjDSfU', 363, 'Rock', '2015-08-16', 402, 'https://picsum.photos/id/231/200/200');
INSERT INTO SONGS (song_id, album_id, title, duration, genre, release_date, popularity_rank, image) VALUES (273, 99, 'Song EagOKtgsKi', 260, 'Classical', '2018-10-23', 378, 'https://picsum.photos/id/230/200/200');
INSERT INTO SONGS (song_id, album_id, title, duration, genre, release_date, popularity_rank, image) VALUES (274, 1, 'Song 0Es1Me2lkb', 135, 'Country', '2021-02-12', 117, 'https://picsum.photos/id/266/200/200');
INSERT INTO SONGS (song_id, album_id, title, duration, genre, release_date, popularity_rank, image) VALUES (275, 32, 'Song hKsrPGcG4V', 403, 'Indie', '2022-03-19', 768, 'https://picsum.photos/id/209/200/200');
INSERT INTO SONGS (song_id, album_id, title, duration, genre, release_date, popularity_rank, image) VALUES (276, 1, 'Song N7TJvswJMa', 209, 'Classical', '2011-05-01', 963, 'https://picsum.photos/id/263/200/200');
INSERT INTO SONGS (song_id, album_id, title, duration, genre, release_date, popularity_rank, image) VALUES (277, 106, 'Song hZTFfqJ8kI', 339, 'Jazz', '2019-02-14', 723, 'https://picsum.photos/id/244/200/200');
INSERT INTO SONGS (song_id, album_id, title, duration, genre, release_date, popularity_rank, image) VALUES (278, 139, 'Song dDJK8XJkkp', 273, 'Electronic', '2012-04-01', 580, 'https://picsum.photos/id/204/200/200');
INSERT INTO SONGS (song_id, album_id, title, duration, genre, release_date, popularity_rank, image) VALUES (279, 93, 'Song GztMil5owH', 218, 'Dance', '2012-11-22', 482, 'https://picsum.photos/id/248/200/200');
INSERT INTO SONGS (song_id, album_id, title, duration, genre, release_date, popularity_rank, image) VALUES (280, 111, 'Song aaJFCsfg7h', 223, 'Folk', '2008-03-30', 524, 'https://picsum.photos/id/206/200/200');
INSERT INTO SONGS (song_id, album_id, title, duration, genre, release_date, popularity_rank, image) VALUES (281, 154, 'Song MtWE8TfoHD', 203, 'Folk', '2015-06-14', 468, 'https://picsum.photos/id/285/200/200');
INSERT INTO SONGS (song_id, album_id, title, duration, genre, release_date, popularity_rank, image) VALUES (282, 2, 'Song W3gab98tVb', 387, 'R&B', '2011-10-08', 608, 'https://picsum.photos/id/209/200/200');
INSERT INTO SONGS (song_id, album_id, title, duration, genre, release_date, popularity_rank, image) VALUES (283, 102, 'Song bodkcAHALy', 386, 'R&B', '2015-09-20', 481, 'https://picsum.photos/id/276/200/200');
INSERT INTO SONGS (song_id, album_id, title, duration, genre, release_date, popularity_rank, image) VALUES (284, 71, 'Song 9B4vN3X3rv', 229, 'Reggae', '2010-07-28', 443, 'https://picsum.photos/id/207/200/200');
INSERT INTO SONGS (song_id, album_id, title, duration, genre, release_date, popularity_rank, image) VALUES (285, 12, 'Song ZQKzPvLdt2', 173, 'Electronic', '2014-04-30', 539, 'https://picsum.photos/id/260/200/200');
INSERT INTO SONGS (song_id, album_id, title, duration, genre, release_date, popularity_rank, image) VALUES (286, 112, 'Song sPdX7w5077', 151, 'Dance', '2008-08-24', 294, 'https://picsum.photos/id/266/200/200');
INSERT INTO SONGS (song_id, album_id, title, duration, genre, release_date, popularity_rank, image) VALUES (287, 137, 'Song 8VIiw6a9ze', 384, 'Pop', '2014-03-19', 469, 'https://picsum.photos/id/202/200/200');
INSERT INTO SONGS (song_id, album_id, title, duration, genre, release_date, popularity_rank, image) VALUES (288, 49, 'Song Mbqy01jGDT', 472, 'Blues', '2017-04-04', 213, 'https://picsum.photos/id/269/200/200');
INSERT INTO SONGS (song_id, album_id, title, duration, genre, release_date, popularity_rank, image) VALUES (289, 182, 'Song Gp2HMwDFI6', 343, 'R&B', '2021-09-07', 502, 'https://picsum.photos/id/254/200/200');
INSERT INTO SONGS (song_id, album_id, title, duration, genre, release_date, popularity_rank, image) VALUES (290, 47, 'Song QDTYT1eNb3', 374, 'Hip Hop', '2016-11-13', 438, 'https://picsum.photos/id/262/200/200');
INSERT INTO SONGS (song_id, album_id, title, duration, genre, release_date, popularity_rank, image) VALUES (291, 153, 'Song ZjcvpZyLXK', 359, 'Metal', '2010-03-04', 181, 'https://picsum.photos/id/226/200/200');
INSERT INTO SONGS (song_id, album_id, title, duration, genre, release_date, popularity_rank, image) VALUES (292, 77, 'Song aFjNTjF8Xy', 396, 'Electronic', '2017-11-29', 43, 'https://picsum.photos/id/229/200/200');
INSERT INTO SONGS (song_id, album_id, title, duration, genre, release_date, popularity_rank, image) VALUES (293, 177, 'Song kEOWoF862Q', 265, 'Indie', '2008-07-03', 617, 'https://picsum.photos/id/208/200/200');
INSERT INTO SONGS (song_id, album_id, title, duration, genre, release_date, popularity_rank, image) VALUES (294, 79, 'Song uXIdAUl0on', 467, 'Hip Hop', '2013-09-22', 406, 'https://picsum.photos/id/271/200/200');
INSERT INTO SONGS (song_id, album_id, title, duration, genre, release_date, popularity_rank, image) VALUES (295, 24, 'Song b0Evh3iPoH', 139, 'Pop', '2021-08-31', 204, 'https://picsum.photos/id/299/200/200');
INSERT INTO SONGS (song_id, album_id, title, duration, genre, release_date, popularity_rank, image) VALUES (296, 88, 'Song hQpAOtafwO', 368, 'Dance', '2011-07-23', 544, 'https://picsum.photos/id/271/200/200');
INSERT INTO SONGS (song_id, album_id, title, duration, genre, release_date, popularity_rank, image) VALUES (297, 93, 'Song wFA2SwsxME', 293, 'Jazz', '2022-03-01', 466, 'https://picsum.photos/id/244/200/200');
INSERT INTO SONGS (song_id, album_id, title, duration, genre, release_date, popularity_rank, image) VALUES (298, 41, 'Song uNgBv1EwOc', 379, 'Blues', '2008-03-20', 522, 'https://picsum.photos/id/282/200/200');
INSERT INTO SONGS (song_id, album_id, title, duration, genre, release_date, popularity_rank, image) VALUES (299, 189, 'Song aYbthDTdQp', 184, 'Classical', '2008-01-13', 963, 'https://picsum.photos/id/272/200/200');
INSERT INTO SONGS (song_id, album_id, title, duration, genre, release_date, popularity_rank, image) VALUES (300, 193, 'Song L3ymjOZXPQ', 266, 'Indie', '2021-10-02', 713, 'https://picsum.photos/id/288/200/200');
INSERT INTO SONGS (song_id, album_id, title, duration, genre, release_date, popularity_rank, image) VALUES (301, 38, 'Song mZRm342TPi', 392, 'Dance', '2019-11-06', 358, 'https://picsum.photos/id/266/200/200');
INSERT INTO SONGS (song_id, album_id, title, duration, genre, release_date, popularity_rank, image) VALUES (302, 187, 'Song wRno8aE0Cr', 317, 'Blues', '2009-06-26', 695, 'https://picsum.photos/id/296/200/200');
INSERT INTO SONGS (song_id, album_id, title, duration, genre, release_date, popularity_rank, image) VALUES (303, 75, 'Song Pn53pDhq4t', 419, 'Metal', '2009-08-12', 177, 'https://picsum.photos/id/293/200/200');
INSERT INTO SONGS (song_id, album_id, title, duration, genre, release_date, popularity_rank, image) VALUES (304, 143, 'Song dbWoJNrxEr', 158, 'Reggae', '2012-08-25', 271, 'https://picsum.photos/id/238/200/200');
INSERT INTO SONGS (song_id, album_id, title, duration, genre, release_date, popularity_rank, image) VALUES (305, 189, 'Song 0XkYU1RG2c', 190, 'R&B', '2020-09-08', 855, 'https://picsum.photos/id/246/200/200');
INSERT INTO SONGS (song_id, album_id, title, duration, genre, release_date, popularity_rank, image) VALUES (306, 48, 'Song k5RBT8tS07', 457, 'Indie', '2018-12-16', 62, 'https://picsum.photos/id/207/200/200');
INSERT INTO SONGS (song_id, album_id, title, duration, genre, release_date, popularity_rank, image) VALUES (307, 23, 'Song leFI7xjRmV', 426, 'Jazz', '2019-10-17', 986, 'https://picsum.photos/id/202/200/200');
INSERT INTO SONGS (song_id, album_id, title, duration, genre, release_date, popularity_rank, image) VALUES (308, 115, 'Song qUM9qsc2GE', 388, 'Hip Hop', '2019-05-21', 12, 'https://picsum.photos/id/246/200/200');
INSERT INTO SONGS (song_id, album_id, title, duration, genre, release_date, popularity_rank, image) VALUES (309, 114, 'Song s5nELhFi8t', 216, 'Hip Hop', '2012-06-14', 598, 'https://picsum.photos/id/280/200/200');
INSERT INTO SONGS (song_id, album_id, title, duration, genre, release_date, popularity_rank, image) VALUES (310, 94, 'Song 849V3mJ9do', 276, 'Metal', '2016-04-21', 71, 'https://picsum.photos/id/252/200/200');
INSERT INTO SONGS (song_id, album_id, title, duration, genre, release_date, popularity_rank, image) VALUES (311, 31, 'Song OnPJLtOKsi', 238, 'Blues', '2008-04-03', 4, 'https://picsum.photos/id/252/200/200');
INSERT INTO SONGS (song_id, album_id, title, duration, genre, release_date, popularity_rank, image) VALUES (312, 173, 'Song PiJfawwyXb', 459, 'Blues', '2014-08-08', 138, 'https://picsum.photos/id/250/200/200');
INSERT INTO SONGS (song_id, album_id, title, duration, genre, release_date, popularity_rank, image) VALUES (313, 166, 'Song PB4KiFwq76', 128, 'Indie', '2021-02-18', 441, 'https://picsum.photos/id/212/200/200');
INSERT INTO SONGS (song_id, album_id, title, duration, genre, release_date, popularity_rank, image) VALUES (314, 13, 'Song UiYCkPUIz3', 223, 'Dance', '2012-01-04', 911, 'https://picsum.photos/id/289/200/200');
INSERT INTO SONGS (song_id, album_id, title, duration, genre, release_date, popularity_rank, image) VALUES (315, 36, 'Song 0pW41Qg6Hh', 199, 'Jazz', '2009-01-18', 279, 'https://picsum.photos/id/204/200/200');
INSERT INTO SONGS (song_id, album_id, title, duration, genre, release_date, popularity_rank, image) VALUES (316, 56, 'Song Ic27PUvc6B', 242, 'Hip Hop', '2016-09-12', 816, 'https://picsum.photos/id/294/200/200');
INSERT INTO SONGS (song_id, album_id, title, duration, genre, release_date, popularity_rank, image) VALUES (317, 11, 'Song oZivZDemCX', 437, 'R&B', '2010-10-29', 313, 'https://picsum.photos/id/214/200/200');
INSERT INTO SONGS (song_id, album_id, title, duration, genre, release_date, popularity_rank, image) VALUES (318, 137, 'Song I2NjaBwE9F', 327, 'Blues', '2022-02-11', 311, 'https://picsum.photos/id/220/200/200');
INSERT INTO SONGS (song_id, album_id, title, duration, genre, release_date, popularity_rank, image) VALUES (319, 135, 'Song iFiszYqSPc', 189, 'Hip Hop', '2019-10-28', 306, 'https://picsum.photos/id/293/200/200');
INSERT INTO SONGS (song_id, album_id, title, duration, genre, release_date, popularity_rank, image) VALUES (320, 73, 'Song 81NxN5TGus', 379, 'Indie', '2024-04-12', 265, 'https://picsum.photos/id/286/200/200');
INSERT INTO SONGS (song_id, album_id, title, duration, genre, release_date, popularity_rank, image) VALUES (321, 117, 'Song wGt6k73TjQ', 458, 'Rock', '2021-07-20', 669, 'https://picsum.photos/id/212/200/200');
INSERT INTO SONGS (song_id, album_id, title, duration, genre, release_date, popularity_rank, image) VALUES (322, 185, 'Song SkD79OhsbT', 291, 'Folk', '2022-05-20', 363, 'https://picsum.photos/id/257/200/200');
INSERT INTO SONGS (song_id, album_id, title, duration, genre, release_date, popularity_rank, image) VALUES (323, 15, 'Song zPJjKogmpZ', 326, 'Indie', '2021-02-21', 685, 'https://picsum.photos/id/214/200/200');
INSERT INTO SONGS (song_id, album_id, title, duration, genre, release_date, popularity_rank, image) VALUES (324, 56, 'Song X3vc82g92D', 438, 'Blues', '2013-11-10', 904, 'https://picsum.photos/id/265/200/200');
INSERT INTO SONGS (song_id, album_id, title, duration, genre, release_date, popularity_rank, image) VALUES (325, 174, 'Song 1uZ64IGHOO', 184, 'Folk', '2020-02-20', 952, 'https://picsum.photos/id/242/200/200');
INSERT INTO SONGS (song_id, album_id, title, duration, genre, release_date, popularity_rank, image) VALUES (326, 84, 'Song mKArI6OOci', 216, 'Hip Hop', '2010-07-14', 944, 'https://picsum.photos/id/204/200/200');
INSERT INTO SONGS (song_id, album_id, title, duration, genre, release_date, popularity_rank, image) VALUES (327, 9, 'Song JvEJ0yjqAg', 436, 'Metal', '2013-02-06', 234, 'https://picsum.photos/id/203/200/200');
INSERT INTO SONGS (song_id, album_id, title, duration, genre, release_date, popularity_rank, image) VALUES (328, 176, 'Song JG00PmEKEY', 335, 'Jazz', '2019-10-12', 545, 'https://picsum.photos/id/203/200/200');
INSERT INTO SONGS (song_id, album_id, title, duration, genre, release_date, popularity_rank, image) VALUES (329, 57, 'Song SQ5DZ8XCGa', 229, 'Country', '2010-05-25', 610, 'https://picsum.photos/id/273/200/200');
INSERT INTO SONGS (song_id, album_id, title, duration, genre, release_date, popularity_rank, image) VALUES (330, 33, 'Song gLPcWzw0PO', 309, 'Reggae', '2015-09-10', 702, 'https://picsum.photos/id/299/200/200');
INSERT INTO SONGS (song_id, album_id, title, duration, genre, release_date, popularity_rank, image) VALUES (331, 118, 'Song spcYqhf3jx', 162, 'Alternative', '2013-03-26', 27, 'https://picsum.photos/id/242/200/200');
INSERT INTO SONGS (song_id, album_id, title, duration, genre, release_date, popularity_rank, image) VALUES (332, 185, 'Song nOE70e0Y5o', 261, 'Country', '2018-12-13', 59, 'https://picsum.photos/id/253/200/200');
INSERT INTO SONGS (song_id, album_id, title, duration, genre, release_date, popularity_rank, image) VALUES (333, 136, 'Song XQ7qcuWpsX', 260, 'Rock', '2017-04-24', 811, 'https://picsum.photos/id/208/200/200');
INSERT INTO SONGS (song_id, album_id, title, duration, genre, release_date, popularity_rank, image) VALUES (334, 112, 'Song n721SsgA35', 457, 'Indie', '2009-01-29', 934, 'https://picsum.photos/id/264/200/200');
INSERT INTO SONGS (song_id, album_id, title, duration, genre, release_date, popularity_rank, image) VALUES (335, 171, 'Song 3YG3h4HmIp', 245, 'R&B', '2012-10-16', 263, 'https://picsum.photos/id/262/200/200');
INSERT INTO SONGS (song_id, album_id, title, duration, genre, release_date, popularity_rank, image) VALUES (336, 134, 'Song 0ji2IOe7pW', 183, 'Classical', '2011-03-15', 938, 'https://picsum.photos/id/223/200/200');
INSERT INTO SONGS (song_id, album_id, title, duration, genre, release_date, popularity_rank, image) VALUES (337, 17, 'Song BnrfggBBWO', 438, 'Indie', '2010-03-04', 451, 'https://picsum.photos/id/288/200/200');
INSERT INTO SONGS (song_id, album_id, title, duration, genre, release_date, popularity_rank, image) VALUES (338, 33, 'Song qEVlRVEUR4', 421, 'Classical', '2012-06-19', 369, 'https://picsum.photos/id/263/200/200');
INSERT INTO SONGS (song_id, album_id, title, duration, genre, release_date, popularity_rank, image) VALUES (339, 200, 'Song X5DSAjw8ak', 420, 'R&B', '2013-08-16', 16, 'https://picsum.photos/id/255/200/200');
INSERT INTO SONGS (song_id, album_id, title, duration, genre, release_date, popularity_rank, image) VALUES (340, 30, 'Song P1UK9P8PGy', 455, 'Jazz', '2022-02-09', 136, 'https://picsum.photos/id/208/200/200');
INSERT INTO SONGS (song_id, album_id, title, duration, genre, release_date, popularity_rank, image) VALUES (341, 16, 'Song WXzGfFMkCw', 389, 'Classical', '2018-09-21', 723, 'https://picsum.photos/id/204/200/200');
INSERT INTO SONGS (song_id, album_id, title, duration, genre, release_date, popularity_rank, image) VALUES (342, 134, 'Song s6ZWsO6nKk', 468, 'Indie', '2015-07-26', 251, 'https://picsum.photos/id/260/200/200');
INSERT INTO SONGS (song_id, album_id, title, duration, genre, release_date, popularity_rank, image) VALUES (343, 17, 'Song 2SnWDLfOr1', 427, 'Jazz', '2023-12-01', 474, 'https://picsum.photos/id/279/200/200');
INSERT INTO SONGS (song_id, album_id, title, duration, genre, release_date, popularity_rank, image) VALUES (344, 138, 'Song TQo1vHildS', 163, 'Rock', '2008-02-29', 396, 'https://picsum.photos/id/248/200/200');
INSERT INTO SONGS (song_id, album_id, title, duration, genre, release_date, popularity_rank, image) VALUES (345, 165, 'Song 9ZZxPfWQkE', 455, 'Metal', '2017-08-22', 88, 'https://picsum.photos/id/239/200/200');
INSERT INTO SONGS (song_id, album_id, title, duration, genre, release_date, popularity_rank, image) VALUES (346, 61, 'Song tV0Z9Cvi0p', 441, 'Alternative', '2022-04-03', 909, 'https://picsum.photos/id/234/200/200');
INSERT INTO SONGS (song_id, album_id, title, duration, genre, release_date, popularity_rank, image) VALUES (347, 123, 'Song eaNLqnkYdt', 190, 'Jazz', '2022-12-12', 736, 'https://picsum.photos/id/241/200/200');
INSERT INTO SONGS (song_id, album_id, title, duration, genre, release_date, popularity_rank, image) VALUES (348, 86, 'Song n8OMLITXzX', 196, 'Rock', '2011-01-11', 757, 'https://picsum.photos/id/251/200/200');
INSERT INTO SONGS (song_id, album_id, title, duration, genre, release_date, popularity_rank, image) VALUES (349, 194, 'Song TRrXgp0aee', 477, 'Hip Hop', '2018-11-29', 139, 'https://picsum.photos/id/246/200/200');
INSERT INTO SONGS (song_id, album_id, title, duration, genre, release_date, popularity_rank, image) VALUES (350, 107, 'Song VPgAW5tNHp', 312, 'Metal', '2008-05-08', 346, 'https://picsum.photos/id/272/200/200');
INSERT INTO SONGS (song_id, album_id, title, duration, genre, release_date, popularity_rank, image) VALUES (351, 111, 'Song vozWTfeYGD', 362, 'Blues', '2013-08-15', 987, 'https://picsum.photos/id/244/200/200');
INSERT INTO SONGS (song_id, album_id, title, duration, genre, release_date, popularity_rank, image) VALUES (352, 172, 'Song VrYXiFnPys', 124, 'Rock', '2019-11-22', 733, 'https://picsum.photos/id/288/200/200');
INSERT INTO SONGS (song_id, album_id, title, duration, genre, release_date, popularity_rank, image) VALUES (353, 105, 'Song 5NRg4meu6g', 216, 'Electronic', '2017-04-12', 225, 'https://picsum.photos/id/243/200/200');
INSERT INTO SONGS (song_id, album_id, title, duration, genre, release_date, popularity_rank, image) VALUES (354, 129, 'Song ADx2VmmEGg', 403, 'Country', '2018-04-16', 221, 'https://picsum.photos/id/226/200/200');
INSERT INTO SONGS (song_id, album_id, title, duration, genre, release_date, popularity_rank, image) VALUES (355, 135, 'Song 6GKGQI1Cp5', 198, 'Alternative', '2020-05-24', 40, 'https://picsum.photos/id/231/200/200');
INSERT INTO SONGS (song_id, album_id, title, duration, genre, release_date, popularity_rank, image) VALUES (356, 129, 'Song eJmF6jEkto', 174, 'Alternative', '2009-05-19', 375, 'https://picsum.photos/id/286/200/200');
INSERT INTO SONGS (song_id, album_id, title, duration, genre, release_date, popularity_rank, image) VALUES (357, 178, 'Song YdeGqTIy7I', 263, 'Alternative', '2014-08-15', 620, 'https://picsum.photos/id/227/200/200');
INSERT INTO SONGS (song_id, album_id, title, duration, genre, release_date, popularity_rank, image) VALUES (358, 69, 'Song fjFZ3F6ZEi', 186, 'R&B', '2018-04-08', 660, 'https://picsum.photos/id/217/200/200');
INSERT INTO SONGS (song_id, album_id, title, duration, genre, release_date, popularity_rank, image) VALUES (359, 32, 'Song 8mU3BL6OUm', 298, 'Indie', '2023-07-29', 532, 'https://picsum.photos/id/214/200/200');
INSERT INTO SONGS (song_id, album_id, title, duration, genre, release_date, popularity_rank, image) VALUES (360, 50, 'Song WX0sAbSXcA', 288, 'Indie', '2019-07-18', 232, 'https://picsum.photos/id/217/200/200');
INSERT INTO SONGS (song_id, album_id, title, duration, genre, release_date, popularity_rank, image) VALUES (361, 95, 'Song XZKpkjmr9e', 159, 'Blues', '2015-05-05', 717, 'https://picsum.photos/id/207/200/200');
INSERT INTO SONGS (song_id, album_id, title, duration, genre, release_date, popularity_rank, image) VALUES (362, 132, 'Song obAz3X22NW', 124, 'Metal', '2017-07-21', 404, 'https://picsum.photos/id/220/200/200');
INSERT INTO SONGS (song_id, album_id, title, duration, genre, release_date, popularity_rank, image) VALUES (363, 1, 'Song XtImucEiy9', 447, 'Pop', '2017-12-11', 414, 'https://picsum.photos/id/232/200/200');
INSERT INTO SONGS (song_id, album_id, title, duration, genre, release_date, popularity_rank, image) VALUES (364, 40, 'Song XVsUizKNiP', 123, 'Classical', '2017-09-30', 532, 'https://picsum.photos/id/221/200/200');
INSERT INTO SONGS (song_id, album_id, title, duration, genre, release_date, popularity_rank, image) VALUES (365, 69, 'Song NSC5VVIeO7', 461, 'Metal', '2010-03-17', 535, 'https://picsum.photos/id/294/200/200');
INSERT INTO SONGS (song_id, album_id, title, duration, genre, release_date, popularity_rank, image) VALUES (366, 74, 'Song 1161f0x58w', 316, 'Alternative', '2013-07-08', 408, 'https://picsum.photos/id/247/200/200');
INSERT INTO SONGS (song_id, album_id, title, duration, genre, release_date, popularity_rank, image) VALUES (367, 79, 'Song Uk7cquZgN9', 132, 'Metal', '2023-12-21', 388, 'https://picsum.photos/id/231/200/200');
INSERT INTO SONGS (song_id, album_id, title, duration, genre, release_date, popularity_rank, image) VALUES (368, 145, 'Song XEYNGz7ZL8', 455, 'Folk', '2015-03-31', 263, 'https://picsum.photos/id/240/200/200');
INSERT INTO SONGS (song_id, album_id, title, duration, genre, release_date, popularity_rank, image) VALUES (369, 197, 'Song iINyrQl0FN', 185, 'Reggae', '2023-11-05', 153, 'https://picsum.photos/id/224/200/200');
INSERT INTO SONGS (song_id, album_id, title, duration, genre, release_date, popularity_rank, image) VALUES (370, 22, 'Song SysachssnB', 140, 'Reggae', '2018-03-27', 458, 'https://picsum.photos/id/284/200/200');
INSERT INTO SONGS (song_id, album_id, title, duration, genre, release_date, popularity_rank, image) VALUES (371, 158, 'Song 3oq0Zo8reu', 233, 'Dance', '2014-10-27', 560, 'https://picsum.photos/id/281/200/200');
INSERT INTO SONGS (song_id, album_id, title, duration, genre, release_date, popularity_rank, image) VALUES (372, 164, 'Song basoYq9k1S', 414, 'R&B', '2023-02-01', 119, 'https://picsum.photos/id/277/200/200');
INSERT INTO SONGS (song_id, album_id, title, duration, genre, release_date, popularity_rank, image) VALUES (373, 90, 'Song kPyn5ebxVm', 429, 'Country', '2013-10-16', 676, 'https://picsum.photos/id/254/200/200');
INSERT INTO SONGS (song_id, album_id, title, duration, genre, release_date, popularity_rank, image) VALUES (374, 59, 'Song wEyczAzRoH', 284, 'Dance', '2018-03-23', 954, 'https://picsum.photos/id/292/200/200');
INSERT INTO SONGS (song_id, album_id, title, duration, genre, release_date, popularity_rank, image) VALUES (375, 41, 'Song DPCZaRpqTT', 252, 'Electronic', '2021-06-06', 53, 'https://picsum.photos/id/281/200/200');
INSERT INTO SONGS (song_id, album_id, title, duration, genre, release_date, popularity_rank, image) VALUES (376, 127, 'Song G8Boa1UeEa', 268, 'Classical', '2012-11-16', 540, 'https://picsum.photos/id/275/200/200');
INSERT INTO SONGS (song_id, album_id, title, duration, genre, release_date, popularity_rank, image) VALUES (377, 159, 'Song W2b12pjUcI', 210, 'Rock', '2024-02-06', 200, 'https://picsum.photos/id/277/200/200');
INSERT INTO SONGS (song_id, album_id, title, duration, genre, release_date, popularity_rank, image) VALUES (378, 12, 'Song Q6gdYeOkss', 199, 'Folk', '2021-01-09', 291, 'https://picsum.photos/id/292/200/200');
INSERT INTO SONGS (song_id, album_id, title, duration, genre, release_date, popularity_rank, image) VALUES (379, 161, 'Song jYCvI7Wa7Q', 270, 'R&B', '2019-09-16', 50, 'https://picsum.photos/id/270/200/200');
INSERT INTO SONGS (song_id, album_id, title, duration, genre, release_date, popularity_rank, image) VALUES (380, 77, 'Song N59hsgSRAU', 293, 'Dance', '2019-04-08', 668, 'https://picsum.photos/id/247/200/200');
INSERT INTO SONGS (song_id, album_id, title, duration, genre, release_date, popularity_rank, image) VALUES (381, 137, 'Song VNL8MjS0TQ', 272, 'Indie', '2018-10-17', 219, 'https://picsum.photos/id/244/200/200');
INSERT INTO SONGS (song_id, album_id, title, duration, genre, release_date, popularity_rank, image) VALUES (382, 17, 'Song 6VC5rOdwjK', 256, 'Country', '2014-05-21', 438, 'https://picsum.photos/id/208/200/200');
INSERT INTO SONGS (song_id, album_id, title, duration, genre, release_date, popularity_rank, image) VALUES (383, 14, 'Song pYCER554yx', 288, 'Jazz', '2010-06-28', 375, 'https://picsum.photos/id/233/200/200');
INSERT INTO SONGS (song_id, album_id, title, duration, genre, release_date, popularity_rank, image) VALUES (384, 127, 'Song bcnOxnZh5D', 227, 'Rock', '2016-08-04', 834, 'https://picsum.photos/id/203/200/200');
INSERT INTO SONGS (song_id, album_id, title, duration, genre, release_date, popularity_rank, image) VALUES (385, 165, 'Song geekHylcK0', 467, 'Folk', '2021-10-09', 334, 'https://picsum.photos/id/280/200/200');
INSERT INTO SONGS (song_id, album_id, title, duration, genre, release_date, popularity_rank, image) VALUES (386, 132, 'Song CfWS59p4L9', 157, 'Blues', '2015-11-20', 597, 'https://picsum.photos/id/255/200/200');
INSERT INTO SONGS (song_id, album_id, title, duration, genre, release_date, popularity_rank, image) VALUES (387, 54, 'Song crIXx1rrQT', 182, 'Rock', '2023-05-17', 958, 'https://picsum.photos/id/294/200/200');
INSERT INTO SONGS (song_id, album_id, title, duration, genre, release_date, popularity_rank, image) VALUES (388, 6, 'Song SdSmB1eLHE', 230, 'Electronic', '2022-09-10', 415, 'https://picsum.photos/id/275/200/200');
INSERT INTO SONGS (song_id, album_id, title, duration, genre, release_date, popularity_rank, image) VALUES (389, 58, 'Song m8KEcmCpMQ', 373, 'Reggae', '2019-06-29', 251, 'https://picsum.photos/id/277/200/200');
INSERT INTO SONGS (song_id, album_id, title, duration, genre, release_date, popularity_rank, image) VALUES (390, 150, 'Song xMm7zV6Bhv', 189, 'Classical', '2018-09-10', 327, 'https://picsum.photos/id/277/200/200');
INSERT INTO SONGS (song_id, album_id, title, duration, genre, release_date, popularity_rank, image) VALUES (391, 128, 'Song WBGy7YYrWi', 268, 'Folk', '2018-10-30', 647, 'https://picsum.photos/id/300/200/200');
INSERT INTO SONGS (song_id, album_id, title, duration, genre, release_date, popularity_rank, image) VALUES (392, 42, 'Song cjNmV8Otlu', 425, 'Metal', '2021-06-05', 103, 'https://picsum.photos/id/244/200/200');
INSERT INTO SONGS (song_id, album_id, title, duration, genre, release_date, popularity_rank, image) VALUES (393, 182, 'Song 3OK9vMr9B7', 215, 'Pop', '2012-08-19', 323, 'https://picsum.photos/id/225/200/200');
INSERT INTO SONGS (song_id, album_id, title, duration, genre, release_date, popularity_rank, image) VALUES (394, 7, 'Song nEQgjVgiV5', 371, 'Reggae', '2011-12-19', 688, 'https://picsum.photos/id/232/200/200');
INSERT INTO SONGS (song_id, album_id, title, duration, genre, release_date, popularity_rank, image) VALUES (395, 48, 'Song 2c5uymP7qW', 399, 'Rock', '2022-07-29', 705, 'https://picsum.photos/id/274/200/200');
INSERT INTO SONGS (song_id, album_id, title, duration, genre, release_date, popularity_rank, image) VALUES (396, 51, 'Song geZUkSRQM3', 193, 'Pop', '2009-08-21', 310, 'https://picsum.photos/id/271/200/200');
INSERT INTO SONGS (song_id, album_id, title, duration, genre, release_date, popularity_rank, image) VALUES (397, 149, 'Song rGNg6ukSFR', 179, 'Electronic', '2019-04-18', 103, 'https://picsum.photos/id/235/200/200');
INSERT INTO SONGS (song_id, album_id, title, duration, genre, release_date, popularity_rank, image) VALUES (398, 32, 'Song M1U8JMZBsH', 276, 'Rock', '2021-08-04', 327, 'https://picsum.photos/id/267/200/200');
INSERT INTO SONGS (song_id, album_id, title, duration, genre, release_date, popularity_rank, image) VALUES (399, 64, 'Song jkkUdfv8U6', 332, 'Rock', '2014-10-26', 69, 'https://picsum.photos/id/242/200/200');
INSERT INTO SONGS (song_id, album_id, title, duration, genre, release_date, popularity_rank, image) VALUES (400, 59, 'Song fEtfgfmfys', 475, 'Metal', '2020-02-06', 671, 'https://picsum.photos/id/267/200/200');
INSERT INTO SONGS (song_id, album_id, title, duration, genre, release_date, popularity_rank, image) VALUES (401, 10, 'Song QiYn0QmtL0', 379, 'Reggae', '2020-05-26', 297, 'https://picsum.photos/id/235/200/200');
INSERT INTO SONGS (song_id, album_id, title, duration, genre, release_date, popularity_rank, image) VALUES (402, 8, 'Song MSweK89YEK', 272, 'Blues', '2010-06-10', 191, 'https://picsum.photos/id/220/200/200');
INSERT INTO SONGS (song_id, album_id, title, duration, genre, release_date, popularity_rank, image) VALUES (403, 71, 'Song yVIXFGiEs2', 147, 'Folk', '2013-12-02', 724, 'https://picsum.photos/id/220/200/200');
INSERT INTO SONGS (song_id, album_id, title, duration, genre, release_date, popularity_rank, image) VALUES (404, 197, 'Song SPLMCABz0P', 142, 'Classical', '2015-01-09', 585, 'https://picsum.photos/id/276/200/200');
INSERT INTO SONGS (song_id, album_id, title, duration, genre, release_date, popularity_rank, image) VALUES (405, 153, 'Song 43hXMVGcZc', 457, 'Hip Hop', '2008-09-15', 768, 'https://picsum.photos/id/202/200/200');
INSERT INTO SONGS (song_id, album_id, title, duration, genre, release_date, popularity_rank, image) VALUES (406, 125, 'Song vr6x2ytyhC', 289, 'Alternative', '2011-12-19', 967, 'https://picsum.photos/id/282/200/200');
INSERT INTO SONGS (song_id, album_id, title, duration, genre, release_date, popularity_rank, image) VALUES (407, 84, 'Song rM7yRTJ5GR', 196, 'Reggae', '2018-06-11', 315, 'https://picsum.photos/id/203/200/200');
INSERT INTO SONGS (song_id, album_id, title, duration, genre, release_date, popularity_rank, image) VALUES (408, 59, 'Song HSYYuZWK3g', 238, 'Metal', '2013-09-09', 169, 'https://picsum.photos/id/205/200/200');
INSERT INTO SONGS (song_id, album_id, title, duration, genre, release_date, popularity_rank, image) VALUES (409, 36, 'Song 8qEnGziWPq', 274, 'Metal', '2012-04-11', 78, 'https://picsum.photos/id/228/200/200');
INSERT INTO SONGS (song_id, album_id, title, duration, genre, release_date, popularity_rank, image) VALUES (410, 138, 'Song TXV2k3fggS', 330, 'Hip Hop', '2024-04-22', 906, 'https://picsum.photos/id/261/200/200');
INSERT INTO SONGS (song_id, album_id, title, duration, genre, release_date, popularity_rank, image) VALUES (411, 160, 'Song J0N2JuDzSF', 283, 'Pop', '2016-05-19', 393, 'https://picsum.photos/id/222/200/200');
INSERT INTO SONGS (song_id, album_id, title, duration, genre, release_date, popularity_rank, image) VALUES (412, 110, 'Song MYaeqJU2Lv', 143, 'Reggae', '2008-04-25', 651, 'https://picsum.photos/id/231/200/200');
INSERT INTO SONGS (song_id, album_id, title, duration, genre, release_date, popularity_rank, image) VALUES (413, 96, 'Song eHrHCZipp0', 162, 'Reggae', '2013-01-05', 55, 'https://picsum.photos/id/289/200/200');
INSERT INTO SONGS (song_id, album_id, title, duration, genre, release_date, popularity_rank, image) VALUES (414, 73, 'Song iQ90AdlbVw', 370, 'Dance', '2019-10-22', 67, 'https://picsum.photos/id/201/200/200');
INSERT INTO SONGS (song_id, album_id, title, duration, genre, release_date, popularity_rank, image) VALUES (415, 39, 'Song 1jwlHmLzRT', 121, 'Hip Hop', '2014-01-20', 60, 'https://picsum.photos/id/255/200/200');
INSERT INTO SONGS (song_id, album_id, title, duration, genre, release_date, popularity_rank, image) VALUES (416, 52, 'Song xUt48UessA', 124, 'Indie', '2018-07-18', 924, 'https://picsum.photos/id/225/200/200');
INSERT INTO SONGS (song_id, album_id, title, duration, genre, release_date, popularity_rank, image) VALUES (417, 160, 'Song TVkRHHsjDv', 261, 'Indie', '2010-08-19', 119, 'https://picsum.photos/id/252/200/200');
INSERT INTO SONGS (song_id, album_id, title, duration, genre, release_date, popularity_rank, image) VALUES (418, 77, 'Song SI5iECYzNK', 326, 'Blues', '2017-09-10', 188, 'https://picsum.photos/id/224/200/200');
INSERT INTO SONGS (song_id, album_id, title, duration, genre, release_date, popularity_rank, image) VALUES (419, 33, 'Song qHozeuaEsg', 347, 'Indie', '2013-03-01', 611, 'https://picsum.photos/id/255/200/200');
INSERT INTO SONGS (song_id, album_id, title, duration, genre, release_date, popularity_rank, image) VALUES (420, 152, 'Song aWqcFcspgD', 149, 'Indie', '2018-10-07', 917, 'https://picsum.photos/id/258/200/200');
INSERT INTO SONGS (song_id, album_id, title, duration, genre, release_date, popularity_rank, image) VALUES (421, 122, 'Song vdQg7TOlS0', 394, 'Country', '2022-01-15', 13, 'https://picsum.photos/id/285/200/200');
INSERT INTO SONGS (song_id, album_id, title, duration, genre, release_date, popularity_rank, image) VALUES (422, 25, 'Song OFPMKRrYsN', 415, 'Blues', '2015-07-06', 507, 'https://picsum.photos/id/270/200/200');
INSERT INTO SONGS (song_id, album_id, title, duration, genre, release_date, popularity_rank, image) VALUES (423, 22, 'Song fojBGROk8r', 370, 'Alternative', '2019-08-17', 384, 'https://picsum.photos/id/284/200/200');
INSERT INTO SONGS (song_id, album_id, title, duration, genre, release_date, popularity_rank, image) VALUES (424, 25, 'Song 42uVG4xn0p', 263, 'Indie', '2016-05-02', 663, 'https://picsum.photos/id/244/200/200');
INSERT INTO SONGS (song_id, album_id, title, duration, genre, release_date, popularity_rank, image) VALUES (425, 87, 'Song om51tVOY69', 171, 'Country', '2008-12-06', 610, 'https://picsum.photos/id/212/200/200');
INSERT INTO SONGS (song_id, album_id, title, duration, genre, release_date, popularity_rank, image) VALUES (426, 188, 'Song jb6WRdiJJ5', 229, 'Rock', '2021-01-14', 150, 'https://picsum.photos/id/295/200/200');
INSERT INTO SONGS (song_id, album_id, title, duration, genre, release_date, popularity_rank, image) VALUES (427, 176, 'Song N3mG5rPGO4', 138, 'Dance', '2022-06-27', 676, 'https://picsum.photos/id/248/200/200');
INSERT INTO SONGS (song_id, album_id, title, duration, genre, release_date, popularity_rank, image) VALUES (428, 23, 'Song MSlwd2PCDj', 242, 'Electronic', '2008-08-09', 638, 'https://picsum.photos/id/296/200/200');
INSERT INTO SONGS (song_id, album_id, title, duration, genre, release_date, popularity_rank, image) VALUES (429, 21, 'Song 3cJjkU4AjQ', 207, 'Reggae', '2022-08-15', 822, 'https://picsum.photos/id/280/200/200');
INSERT INTO SONGS (song_id, album_id, title, duration, genre, release_date, popularity_rank, image) VALUES (430, 143, 'Song 16XkEzUu4F', 180, 'Metal', '2011-07-13', 631, 'https://picsum.photos/id/287/200/200');
INSERT INTO SONGS (song_id, album_id, title, duration, genre, release_date, popularity_rank, image) VALUES (431, 22, 'Song cM3RcTrA28', 128, 'Metal', '2017-12-17', 731, 'https://picsum.photos/id/261/200/200');
INSERT INTO SONGS (song_id, album_id, title, duration, genre, release_date, popularity_rank, image) VALUES (432, 103, 'Song dCRUg0hZRv', 133, 'Dance', '2020-03-16', 882, 'https://picsum.photos/id/277/200/200');
INSERT INTO SONGS (song_id, album_id, title, duration, genre, release_date, popularity_rank, image) VALUES (433, 57, 'Song gj15ldLUci', 166, 'Dance', '2020-05-28', 373, 'https://picsum.photos/id/224/200/200');
INSERT INTO SONGS (song_id, album_id, title, duration, genre, release_date, popularity_rank, image) VALUES (434, 187, 'Song 12YGhaXtyO', 412, 'Blues', '2009-12-31', 76, 'https://picsum.photos/id/261/200/200');
INSERT INTO SONGS (song_id, album_id, title, duration, genre, release_date, popularity_rank, image) VALUES (435, 117, 'Song zGXuewny36', 152, 'Indie', '2008-06-15', 134, 'https://picsum.photos/id/251/200/200');
INSERT INTO SONGS (song_id, album_id, title, duration, genre, release_date, popularity_rank, image) VALUES (436, 155, 'Song qLjXEof2Vp', 170, 'Dance', '2024-02-27', 459, 'https://picsum.photos/id/225/200/200');
INSERT INTO SONGS (song_id, album_id, title, duration, genre, release_date, popularity_rank, image) VALUES (437, 184, 'Song XxkINchH3o', 410, 'Rock', '2023-08-12', 310, 'https://picsum.photos/id/239/200/200');
INSERT INTO SONGS (song_id, album_id, title, duration, genre, release_date, popularity_rank, image) VALUES (438, 183, 'Song hF4p0oyJR7', 234, 'Reggae', '2017-08-07', 99, 'https://picsum.photos/id/230/200/200');
INSERT INTO SONGS (song_id, album_id, title, duration, genre, release_date, popularity_rank, image) VALUES (439, 103, 'Song zxcUx1kAPm', 147, 'Jazz', '2008-02-01', 641, 'https://picsum.photos/id/231/200/200');
INSERT INTO SONGS (song_id, album_id, title, duration, genre, release_date, popularity_rank, image) VALUES (440, 98, 'Song jZkk8SYVbS', 265, 'Dance', '2017-04-20', 316, 'https://picsum.photos/id/235/200/200');
INSERT INTO SONGS (song_id, album_id, title, duration, genre, release_date, popularity_rank, image) VALUES (441, 42, 'Song s88XbI03QH', 217, 'Blues', '2013-06-15', 862, 'https://picsum.photos/id/204/200/200');
INSERT INTO SONGS (song_id, album_id, title, duration, genre, release_date, popularity_rank, image) VALUES (442, 45, 'Song LBqDNPiF72', 215, 'Metal', '2019-07-18', 436, 'https://picsum.photos/id/245/200/200');
INSERT INTO SONGS (song_id, album_id, title, duration, genre, release_date, popularity_rank, image) VALUES (443, 172, 'Song ZRC90mRaid', 184, 'Folk', '2009-09-03', 620, 'https://picsum.photos/id/273/200/200');
INSERT INTO SONGS (song_id, album_id, title, duration, genre, release_date, popularity_rank, image) VALUES (444, 40, 'Song 5A4pj2thQr', 451, 'Classical', '2021-06-07', 952, 'https://picsum.photos/id/284/200/200');
INSERT INTO SONGS (song_id, album_id, title, duration, genre, release_date, popularity_rank, image) VALUES (445, 84, 'Song JV2jeeH3Gk', 247, 'Alternative', '2013-03-15', 69, 'https://picsum.photos/id/257/200/200');
INSERT INTO SONGS (song_id, album_id, title, duration, genre, release_date, popularity_rank, image) VALUES (446, 2, 'Song QtayPGAvKH', 140, 'Metal', '2010-11-19', 665, 'https://picsum.photos/id/245/200/200');
INSERT INTO SONGS (song_id, album_id, title, duration, genre, release_date, popularity_rank, image) VALUES (447, 175, 'Song GQmFqFfs1M', 276, 'Pop', '2023-03-25', 850, 'https://picsum.photos/id/239/200/200');
INSERT INTO SONGS (song_id, album_id, title, duration, genre, release_date, popularity_rank, image) VALUES (448, 113, 'Song ZnQxPy1oKl', 172, 'Classical', '2017-12-29', 558, 'https://picsum.photos/id/281/200/200');
INSERT INTO SONGS (song_id, album_id, title, duration, genre, release_date, popularity_rank, image) VALUES (449, 156, 'Song p3jAMMIbT8', 390, 'Electronic', '2018-04-01', 507, 'https://picsum.photos/id/283/200/200');
INSERT INTO SONGS (song_id, album_id, title, duration, genre, release_date, popularity_rank, image) VALUES (450, 94, 'Song oD4pmgdGrI', 322, 'Classical', '2013-07-29', 815, 'https://picsum.photos/id/253/200/200');
INSERT INTO SONGS (song_id, album_id, title, duration, genre, release_date, popularity_rank, image) VALUES (451, 92, 'Song 45Kxs3TPVP', 425, 'Reggae', '2015-05-26', 707, 'https://picsum.photos/id/281/200/200');
INSERT INTO SONGS (song_id, album_id, title, duration, genre, release_date, popularity_rank, image) VALUES (452, 30, 'Song 9aXa6poOVJ', 361, 'Alternative', '2016-08-15', 311, 'https://picsum.photos/id/284/200/200');
INSERT INTO SONGS (song_id, album_id, title, duration, genre, release_date, popularity_rank, image) VALUES (453, 59, 'Song elBupVLR0c', 157, 'R&B', '2021-03-02', 512, 'https://picsum.photos/id/216/200/200');
INSERT INTO SONGS (song_id, album_id, title, duration, genre, release_date, popularity_rank, image) VALUES (454, 37, 'Song hkYaeI3yua', 353, 'Pop', '2016-04-30', 963, 'https://picsum.photos/id/221/200/200');
INSERT INTO SONGS (song_id, album_id, title, duration, genre, release_date, popularity_rank, image) VALUES (455, 79, 'Song PKdskRSaIX', 453, 'Classical', '2021-11-16', 291, 'https://picsum.photos/id/225/200/200');
INSERT INTO SONGS (song_id, album_id, title, duration, genre, release_date, popularity_rank, image) VALUES (456, 101, 'Song H4gY9lcBSU', 323, 'R&B', '2018-06-20', 149, 'https://picsum.photos/id/275/200/200');
INSERT INTO SONGS (song_id, album_id, title, duration, genre, release_date, popularity_rank, image) VALUES (457, 36, 'Song ntBpIJ4G16', 199, 'Rock', '2009-06-24', 168, 'https://picsum.photos/id/287/200/200');
INSERT INTO SONGS (song_id, album_id, title, duration, genre, release_date, popularity_rank, image) VALUES (458, 76, 'Song RPGoOeTGPd', 398, 'Reggae', '2020-01-18', 55, 'https://picsum.photos/id/243/200/200');
INSERT INTO SONGS (song_id, album_id, title, duration, genre, release_date, popularity_rank, image) VALUES (459, 183, 'Song 3VUe4eYgz6', 160, 'Reggae', '2012-10-08', 139, 'https://picsum.photos/id/291/200/200');
INSERT INTO SONGS (song_id, album_id, title, duration, genre, release_date, popularity_rank, image) VALUES (460, 84, 'Song 1yjAMAoImz', 341, 'Pop', '2008-02-25', 844, 'https://picsum.photos/id/214/200/200');
INSERT INTO SONGS (song_id, album_id, title, duration, genre, release_date, popularity_rank, image) VALUES (461, 120, 'Song 6HrZ0O76sj', 240, 'Country', '2010-02-15', 562, 'https://picsum.photos/id/210/200/200');
INSERT INTO SONGS (song_id, album_id, title, duration, genre, release_date, popularity_rank, image) VALUES (462, 148, 'Song jFxcg0Qnii', 375, 'Country', '2010-01-11', 122, 'https://picsum.photos/id/203/200/200');
INSERT INTO SONGS (song_id, album_id, title, duration, genre, release_date, popularity_rank, image) VALUES (463, 61, 'Song GNbtvESQ5b', 270, 'Dance', '2021-01-04', 787, 'https://picsum.photos/id/260/200/200');
INSERT INTO SONGS (song_id, album_id, title, duration, genre, release_date, popularity_rank, image) VALUES (464, 77, 'Song 2Jdf5g2xe2', 230, 'Alternative', '2015-09-03', 985, 'https://picsum.photos/id/298/200/200');
INSERT INTO SONGS (song_id, album_id, title, duration, genre, release_date, popularity_rank, image) VALUES (465, 61, 'Song PAOhZ26fHu', 227, 'Reggae', '2017-08-26', 221, 'https://picsum.photos/id/283/200/200');
INSERT INTO SONGS (song_id, album_id, title, duration, genre, release_date, popularity_rank, image) VALUES (466, 199, 'Song 72ndHdLUnE', 301, 'Electronic', '2020-12-15', 13, 'https://picsum.photos/id/242/200/200');
INSERT INTO SONGS (song_id, album_id, title, duration, genre, release_date, popularity_rank, image) VALUES (467, 10, 'Song doMb4mVcQp', 235, 'R&B', '2008-05-20', 271, 'https://picsum.photos/id/229/200/200');
INSERT INTO SONGS (song_id, album_id, title, duration, genre, release_date, popularity_rank, image) VALUES (468, 194, 'Song d0IpkP9k1P', 269, 'Classical', '2020-06-24', 923, 'https://picsum.photos/id/252/200/200');
INSERT INTO SONGS (song_id, album_id, title, duration, genre, release_date, popularity_rank, image) VALUES (469, 137, 'Song j9SEr5bajy', 279, 'Reggae', '2016-11-15', 316, 'https://picsum.photos/id/295/200/200');
INSERT INTO SONGS (song_id, album_id, title, duration, genre, release_date, popularity_rank, image) VALUES (470, 152, 'Song SsrKAn5OH5', 213, 'Folk', '2023-05-25', 579, 'https://picsum.photos/id/211/200/200');
INSERT INTO SONGS (song_id, album_id, title, duration, genre, release_date, popularity_rank, image) VALUES (471, 197, 'Song 4W569nUhio', 283, 'Alternative', '2009-08-02', 508, 'https://picsum.photos/id/218/200/200');
INSERT INTO SONGS (song_id, album_id, title, duration, genre, release_date, popularity_rank, image) VALUES (472, 99, 'Song xqGhKw8KhQ', 191, 'Alternative', '2016-11-27', 221, 'https://picsum.photos/id/270/200/200');
INSERT INTO SONGS (song_id, album_id, title, duration, genre, release_date, popularity_rank, image) VALUES (473, 169, 'Song FFixXcvZui', 254, 'Blues', '2012-04-28', 710, 'https://picsum.photos/id/241/200/200');
INSERT INTO SONGS (song_id, album_id, title, duration, genre, release_date, popularity_rank, image) VALUES (474, 8, 'Song q81YQ2kA90', 237, 'Pop', '2016-11-16', 446, 'https://picsum.photos/id/250/200/200');
INSERT INTO SONGS (song_id, album_id, title, duration, genre, release_date, popularity_rank, image) VALUES (475, 101, 'Song ChuDen860a', 324, 'Reggae', '2009-01-09', 165, 'https://picsum.photos/id/250/200/200');
INSERT INTO SONGS (song_id, album_id, title, duration, genre, release_date, popularity_rank, image) VALUES (476, 86, 'Song t21wBdLm2x', 284, 'Blues', '2013-02-27', 762, 'https://picsum.photos/id/229/200/200');
INSERT INTO SONGS (song_id, album_id, title, duration, genre, release_date, popularity_rank, image) VALUES (477, 167, 'Song bHKJM9bI0K', 382, 'Reggae', '2012-08-26', 315, 'https://picsum.photos/id/258/200/200');
INSERT INTO SONGS (song_id, album_id, title, duration, genre, release_date, popularity_rank, image) VALUES (478, 84, 'Song C1uOI8cB8v', 381, 'Classical', '2016-11-23', 886, 'https://picsum.photos/id/215/200/200');
INSERT INTO SONGS (song_id, album_id, title, duration, genre, release_date, popularity_rank, image) VALUES (479, 170, 'Song WM76hJrAY4', 208, 'Rock', '2009-06-23', 201, 'https://picsum.photos/id/208/200/200');
INSERT INTO SONGS (song_id, album_id, title, duration, genre, release_date, popularity_rank, image) VALUES (480, 140, 'Song spxKWMDVEv', 300, 'R&B', '2012-02-03', 833, 'https://picsum.photos/id/227/200/200');
INSERT INTO SONGS (song_id, album_id, title, duration, genre, release_date, popularity_rank, image) VALUES (481, 13, 'Song Tf9jWLL4nN', 195, 'Dance', '2023-05-29', 530, 'https://picsum.photos/id/206/200/200');
INSERT INTO SONGS (song_id, album_id, title, duration, genre, release_date, popularity_rank, image) VALUES (482, 2, 'Song 0QNQyTfHZQ', 153, 'Classical', '2019-12-04', 434, 'https://picsum.photos/id/248/200/200');
INSERT INTO SONGS (song_id, album_id, title, duration, genre, release_date, popularity_rank, image) VALUES (483, 176, 'Song Lmyp7qOlbH', 422, 'Indie', '2022-04-21', 738, 'https://picsum.photos/id/272/200/200');
INSERT INTO SONGS (song_id, album_id, title, duration, genre, release_date, popularity_rank, image) VALUES (484, 53, 'Song BMqa8h1eEv', 275, 'Reggae', '2010-05-03', 632, 'https://picsum.photos/id/226/200/200');
INSERT INTO SONGS (song_id, album_id, title, duration, genre, release_date, popularity_rank, image) VALUES (485, 9, 'Song GxCH8CktsK', 179, 'Reggae', '2019-01-02', 747, 'https://picsum.photos/id/284/200/200');
INSERT INTO SONGS (song_id, album_id, title, duration, genre, release_date, popularity_rank, image) VALUES (486, 48, 'Song REKPjEiKHi', 190, 'Folk', '2013-02-04', 988, 'https://picsum.photos/id/270/200/200');
INSERT INTO SONGS (song_id, album_id, title, duration, genre, release_date, popularity_rank, image) VALUES (487, 169, 'Song CFMKq7ddY1', 366, 'Pop', '2014-10-01', 862, 'https://picsum.photos/id/271/200/200');
INSERT INTO SONGS (song_id, album_id, title, duration, genre, release_date, popularity_rank, image) VALUES (488, 173, 'Song dkNrzsB4hp', 383, 'Classical', '2011-05-17', 237, 'https://picsum.photos/id/213/200/200');
INSERT INTO SONGS (song_id, album_id, title, duration, genre, release_date, popularity_rank, image) VALUES (489, 6, 'Song 4L6AqakMrZ', 243, 'R&B', '2023-07-17', 180, 'https://picsum.photos/id/221/200/200');
INSERT INTO SONGS (song_id, album_id, title, duration, genre, release_date, popularity_rank, image) VALUES (490, 64, 'Song 1e72jz9yGP', 207, 'Blues', '2020-03-25', 671, 'https://picsum.photos/id/297/200/200');
INSERT INTO SONGS (song_id, album_id, title, duration, genre, release_date, popularity_rank, image) VALUES (491, 5, 'Song zqDJHngvlU', 374, 'Classical', '2013-06-25', 242, 'https://picsum.photos/id/228/200/200');
INSERT INTO SONGS (song_id, album_id, title, duration, genre, release_date, popularity_rank, image) VALUES (492, 172, 'Song OiK4ukmuap', 275, 'Rock', '2021-06-19', 823, 'https://picsum.photos/id/285/200/200');
INSERT INTO SONGS (song_id, album_id, title, duration, genre, release_date, popularity_rank, image) VALUES (493, 160, 'Song DGH1wU0exu', 267, 'Pop', '2010-12-04', 931, 'https://picsum.photos/id/268/200/200');
INSERT INTO SONGS (song_id, album_id, title, duration, genre, release_date, popularity_rank, image) VALUES (494, 130, 'Song 6qsjlkAubO', 330, 'Indie', '2008-08-15', 368, 'https://picsum.photos/id/244/200/200');
INSERT INTO SONGS (song_id, album_id, title, duration, genre, release_date, popularity_rank, image) VALUES (495, 113, 'Song U6nviH683e', 272, 'Electronic', '2008-01-29', 679, 'https://picsum.photos/id/273/200/200');
INSERT INTO SONGS (song_id, album_id, title, duration, genre, release_date, popularity_rank, image) VALUES (496, 136, 'Song 1UNYawgi3V', 350, 'Pop', '2016-04-07', 33, 'https://picsum.photos/id/225/200/200');
INSERT INTO SONGS (song_id, album_id, title, duration, genre, release_date, popularity_rank, image) VALUES (497, 149, 'Song JPPS1YCQcx', 409, 'Folk', '2009-02-02', 435, 'https://picsum.photos/id/285/200/200');
INSERT INTO SONGS (song_id, album_id, title, duration, genre, release_date, popularity_rank, image) VALUES (498, 151, 'Song rR5fONKJ1V', 377, 'Folk', '2015-01-20', 259, 'https://picsum.photos/id/203/200/200');
INSERT INTO SONGS (song_id, album_id, title, duration, genre, release_date, popularity_rank, image) VALUES (499, 43, 'Song Q3lL1xMYBV', 328, 'R&B', '2021-11-19', 66, 'https://picsum.photos/id/248/200/200');
INSERT INTO SONGS (song_id, album_id, title, duration, genre, release_date, popularity_rank, image) VALUES (500, 4, 'Song 4uEQK110Sn', 429, 'Reggae', '2012-06-13', 570, 'https://picsum.photos/id/277/200/200');
INSERT INTO SONGS (song_id, album_id, title, duration, genre, release_date, popularity_rank, image) VALUES (501, 146, 'Song GtxtrPtIyq', 120, 'Reggae', '2016-12-05', 845, 'https://picsum.photos/id/294/200/200');
INSERT INTO SONGS (song_id, album_id, title, duration, genre, release_date, popularity_rank, image) VALUES (502, 16, 'Song yQllHTUYBi', 230, 'Dance', '2012-10-09', 911, 'https://picsum.photos/id/288/200/200');
INSERT INTO SONGS (song_id, album_id, title, duration, genre, release_date, popularity_rank, image) VALUES (503, 8, 'Song 8QLKkkCjqL', 167, 'Jazz', '2023-07-19', 866, 'https://picsum.photos/id/221/200/200');
INSERT INTO SONGS (song_id, album_id, title, duration, genre, release_date, popularity_rank, image) VALUES (504, 59, 'Song KcXOsbSo3C', 173, 'Hip Hop', '2021-10-21', 526, 'https://picsum.photos/id/224/200/200');
INSERT INTO SONGS (song_id, album_id, title, duration, genre, release_date, popularity_rank, image) VALUES (505, 44, 'Song httSmkFOGr', 451, 'Country', '2023-02-04', 62, 'https://picsum.photos/id/232/200/200');
INSERT INTO SONGS (song_id, album_id, title, duration, genre, release_date, popularity_rank, image) VALUES (506, 187, 'Song m5zLKcKN1L', 439, 'R&B', '2009-08-04', 647, 'https://picsum.photos/id/239/200/200');
INSERT INTO SONGS (song_id, album_id, title, duration, genre, release_date, popularity_rank, image) VALUES (507, 114, 'Song SzLvdcQUgo', 181, 'Pop', '2010-02-27', 732, 'https://picsum.photos/id/279/200/200');
INSERT INTO SONGS (song_id, album_id, title, duration, genre, release_date, popularity_rank, image) VALUES (508, 121, 'Song mSWa6FfZA5', 197, 'Pop', '2012-11-14', 733, 'https://picsum.photos/id/282/200/200');
INSERT INTO SONGS (song_id, album_id, title, duration, genre, release_date, popularity_rank, image) VALUES (509, 88, 'Song Dxffr7RtdE', 258, 'R&B', '2012-03-04', 628, 'https://picsum.photos/id/282/200/200');
INSERT INTO SONGS (song_id, album_id, title, duration, genre, release_date, popularity_rank, image) VALUES (510, 197, 'Song Miz3CdgRNi', 458, 'Metal', '2008-02-21', 773, 'https://picsum.photos/id/264/200/200');
INSERT INTO SONGS (song_id, album_id, title, duration, genre, release_date, popularity_rank, image) VALUES (511, 7, 'Song sYFv9egnOn', 130, 'Electronic', '2022-10-10', 852, 'https://picsum.photos/id/232/200/200');
INSERT INTO SONGS (song_id, album_id, title, duration, genre, release_date, popularity_rank, image) VALUES (512, 103, 'Song QAIMxwmaT5', 390, 'Hip Hop', '2020-07-03', 11, 'https://picsum.photos/id/271/200/200');
INSERT INTO SONGS (song_id, album_id, title, duration, genre, release_date, popularity_rank, image) VALUES (513, 194, 'Song 4qfLuj6Bt8', 443, 'Indie', '2022-11-07', 593, 'https://picsum.photos/id/225/200/200');
INSERT INTO SONGS (song_id, album_id, title, duration, genre, release_date, popularity_rank, image) VALUES (514, 117, 'Song n4VyKMLL9W', 137, 'Classical', '2011-10-09', 988, 'https://picsum.photos/id/266/200/200');
INSERT INTO SONGS (song_id, album_id, title, duration, genre, release_date, popularity_rank, image) VALUES (515, 79, 'Song EQnQkoUbE0', 318, 'Jazz', '2014-03-20', 964, 'https://picsum.photos/id/226/200/200');
INSERT INTO SONGS (song_id, album_id, title, duration, genre, release_date, popularity_rank, image) VALUES (516, 61, 'Song D9p4ZYJvPK', 245, 'Alternative', '2015-11-04', 902, 'https://picsum.photos/id/216/200/200');
INSERT INTO SONGS (song_id, album_id, title, duration, genre, release_date, popularity_rank, image) VALUES (517, 167, 'Song gacxdpkQFm', 194, 'Electronic', '2008-12-28', 113, 'https://picsum.photos/id/263/200/200');
INSERT INTO SONGS (song_id, album_id, title, duration, genre, release_date, popularity_rank, image) VALUES (518, 62, 'Song 8n6F1lAipa', 455, 'Pop', '2009-07-23', 719, 'https://picsum.photos/id/267/200/200');
INSERT INTO SONGS (song_id, album_id, title, duration, genre, release_date, popularity_rank, image) VALUES (519, 8, 'Song HZsctMdEQO', 207, 'Rock', '2016-03-14', 413, 'https://picsum.photos/id/288/200/200');
INSERT INTO SONGS (song_id, album_id, title, duration, genre, release_date, popularity_rank, image) VALUES (520, 115, 'Song PEXZRzfyhl', 176, 'Metal', '2008-02-29', 204, 'https://picsum.photos/id/219/200/200');
INSERT INTO SONGS (song_id, album_id, title, duration, genre, release_date, popularity_rank, image) VALUES (521, 92, 'Song cOw78VuTns', 477, 'Metal', '2010-11-28', 109, 'https://picsum.photos/id/273/200/200');
INSERT INTO SONGS (song_id, album_id, title, duration, genre, release_date, popularity_rank, image) VALUES (522, 106, 'Song viJIzdcV8l', 312, 'Folk', '2009-07-24', 365, 'https://picsum.photos/id/259/200/200');
INSERT INTO SONGS (song_id, album_id, title, duration, genre, release_date, popularity_rank, image) VALUES (523, 87, 'Song zW24hZQoMB', 427, 'Blues', '2013-09-18', 298, 'https://picsum.photos/id/228/200/200');
INSERT INTO SONGS (song_id, album_id, title, duration, genre, release_date, popularity_rank, image) VALUES (524, 199, 'Song SDIa2qK1OO', 446, 'Hip Hop', '2017-05-25', 664, 'https://picsum.photos/id/264/200/200');
INSERT INTO SONGS (song_id, album_id, title, duration, genre, release_date, popularity_rank, image) VALUES (525, 17, 'Song iEbQAalENQ', 398, 'Folk', '2010-02-16', 676, 'https://picsum.photos/id/299/200/200');
INSERT INTO SONGS (song_id, album_id, title, duration, genre, release_date, popularity_rank, image) VALUES (526, 8, 'Song yF9lkC9bBq', 248, 'Rock', '2013-06-21', 450, 'https://picsum.photos/id/203/200/200');
INSERT INTO SONGS (song_id, album_id, title, duration, genre, release_date, popularity_rank, image) VALUES (527, 97, 'Song V5vJkaJMcn', 171, 'Jazz', '2013-03-03', 841, 'https://picsum.photos/id/225/200/200');
INSERT INTO SONGS (song_id, album_id, title, duration, genre, release_date, popularity_rank, image) VALUES (528, 52, 'Song Cosyk4rmft', 450, 'R&B', '2019-10-12', 559, 'https://picsum.photos/id/244/200/200');
INSERT INTO SONGS (song_id, album_id, title, duration, genre, release_date, popularity_rank, image) VALUES (529, 199, 'Song Q0MUZOGkhy', 301, 'Classical', '2019-08-09', 743, 'https://picsum.photos/id/216/200/200');
INSERT INTO SONGS (song_id, album_id, title, duration, genre, release_date, popularity_rank, image) VALUES (530, 137, 'Song 9tPn4SGvtC', 178, 'Folk', '2013-01-06', 14, 'https://picsum.photos/id/256/200/200');
INSERT INTO SONGS (song_id, album_id, title, duration, genre, release_date, popularity_rank, image) VALUES (531, 173, 'Song IdvK1QsEyV', 479, 'Alternative', '2023-06-24', 862, 'https://picsum.photos/id/214/200/200');
INSERT INTO SONGS (song_id, album_id, title, duration, genre, release_date, popularity_rank, image) VALUES (532, 35, 'Song Udno4rF8J9', 232, 'Country', '2013-12-29', 467, 'https://picsum.photos/id/289/200/200');
INSERT INTO SONGS (song_id, album_id, title, duration, genre, release_date, popularity_rank, image) VALUES (533, 28, 'Song BHJ40TCt5c', 183, 'Classical', '2017-07-05', 739, 'https://picsum.photos/id/212/200/200');
INSERT INTO SONGS (song_id, album_id, title, duration, genre, release_date, popularity_rank, image) VALUES (534, 47, 'Song ZceohO2AP6', 432, 'R&B', '2009-01-28', 611, 'https://picsum.photos/id/230/200/200');
INSERT INTO SONGS (song_id, album_id, title, duration, genre, release_date, popularity_rank, image) VALUES (535, 50, 'Song 70nfjKXnu9', 167, 'Hip Hop', '2017-08-21', 634, 'https://picsum.photos/id/262/200/200');
INSERT INTO SONGS (song_id, album_id, title, duration, genre, release_date, popularity_rank, image) VALUES (536, 78, 'Song Uju0Vx6Eew', 447, 'Blues', '2013-07-13', 489, 'https://picsum.photos/id/240/200/200');
INSERT INTO SONGS (song_id, album_id, title, duration, genre, release_date, popularity_rank, image) VALUES (537, 147, 'Song emLZvZk1r8', 389, 'Pop', '2012-04-26', 919, 'https://picsum.photos/id/293/200/200');
INSERT INTO SONGS (song_id, album_id, title, duration, genre, release_date, popularity_rank, image) VALUES (538, 130, 'Song djMF8OXO1v', 343, 'Classical', '2021-12-29', 615, 'https://picsum.photos/id/265/200/200');
INSERT INTO SONGS (song_id, album_id, title, duration, genre, release_date, popularity_rank, image) VALUES (539, 141, 'Song pv87x6NmzY', 270, 'Metal', '2009-06-26', 906, 'https://picsum.photos/id/293/200/200');
INSERT INTO SONGS (song_id, album_id, title, duration, genre, release_date, popularity_rank, image) VALUES (540, 66, 'Song 8EhSP8zcRo', 369, 'Reggae', '2014-06-15', 576, 'https://picsum.photos/id/280/200/200');
INSERT INTO SONGS (song_id, album_id, title, duration, genre, release_date, popularity_rank, image) VALUES (541, 141, 'Song g06tdo5Pl9', 276, 'Rock', '2019-07-20', 168, 'https://picsum.photos/id/258/200/200');
INSERT INTO SONGS (song_id, album_id, title, duration, genre, release_date, popularity_rank, image) VALUES (542, 66, 'Song ac49UG4zxy', 331, 'Reggae', '2018-07-22', 700, 'https://picsum.photos/id/213/200/200');
INSERT INTO SONGS (song_id, album_id, title, duration, genre, release_date, popularity_rank, image) VALUES (543, 23, 'Song bpT8KxlJNO', 416, 'Alternative', '2019-06-04', 228, 'https://picsum.photos/id/282/200/200');
INSERT INTO SONGS (song_id, album_id, title, duration, genre, release_date, popularity_rank, image) VALUES (544, 175, 'Song ygw460nQLF', 196, 'Reggae', '2016-09-27', 653, 'https://picsum.photos/id/282/200/200');
INSERT INTO SONGS (song_id, album_id, title, duration, genre, release_date, popularity_rank, image) VALUES (545, 55, 'Song ygZIF0UY3L', 173, 'Dance', '2023-06-25', 568, 'https://picsum.photos/id/280/200/200');
INSERT INTO SONGS (song_id, album_id, title, duration, genre, release_date, popularity_rank, image) VALUES (546, 107, 'Song mfR1iHiMZS', 272, 'Jazz', '2012-01-03', 366, 'https://picsum.photos/id/205/200/200');
INSERT INTO SONGS (song_id, album_id, title, duration, genre, release_date, popularity_rank, image) VALUES (547, 125, 'Song v4PpGTj1rS', 344, 'Pop', '2020-07-20', 152, 'https://picsum.photos/id/204/200/200');
INSERT INTO SONGS (song_id, album_id, title, duration, genre, release_date, popularity_rank, image) VALUES (548, 138, 'Song LNqg85R5rc', 402, 'Country', '2020-10-15', 69, 'https://picsum.photos/id/274/200/200');
INSERT INTO SONGS (song_id, album_id, title, duration, genre, release_date, popularity_rank, image) VALUES (549, 38, 'Song cXKqk0QVHE', 366, 'Rock', '2012-01-04', 819, 'https://picsum.photos/id/276/200/200');
INSERT INTO SONGS (song_id, album_id, title, duration, genre, release_date, popularity_rank, image) VALUES (550, 91, 'Song snhwfVq1iG', 357, 'Hip Hop', '2017-10-07', 443, 'https://picsum.photos/id/285/200/200');
INSERT INTO SONGS (song_id, album_id, title, duration, genre, release_date, popularity_rank, image) VALUES (551, 182, 'Song 2SHCDJb6aA', 276, 'Metal', '2021-05-04', 795, 'https://picsum.photos/id/230/200/200');
INSERT INTO SONGS (song_id, album_id, title, duration, genre, release_date, popularity_rank, image) VALUES (552, 173, 'Song 62Xp8JBPND', 186, 'Alternative', '2013-07-07', 110, 'https://picsum.photos/id/300/200/200');
INSERT INTO SONGS (song_id, album_id, title, duration, genre, release_date, popularity_rank, image) VALUES (553, 48, 'Song sgJlbY0C9Z', 213, 'Hip Hop', '2016-04-07', 646, 'https://picsum.photos/id/236/200/200');
INSERT INTO SONGS (song_id, album_id, title, duration, genre, release_date, popularity_rank, image) VALUES (554, 93, 'Song jEid9TKiQA', 472, 'Reggae', '2013-07-26', 588, 'https://picsum.photos/id/229/200/200');
INSERT INTO SONGS (song_id, album_id, title, duration, genre, release_date, popularity_rank, image) VALUES (555, 38, 'Song tH0v4U0XOO', 440, 'Indie', '2015-09-18', 916, 'https://picsum.photos/id/201/200/200');
INSERT INTO SONGS (song_id, album_id, title, duration, genre, release_date, popularity_rank, image) VALUES (556, 156, 'Song gVludcuGVH', 443, 'R&B', '2020-06-23', 159, 'https://picsum.photos/id/290/200/200');
INSERT INTO SONGS (song_id, album_id, title, duration, genre, release_date, popularity_rank, image) VALUES (557, 132, 'Song 5whMnZ0yPZ', 153, 'Metal', '2019-08-08', 551, 'https://picsum.photos/id/238/200/200');
INSERT INTO SONGS (song_id, album_id, title, duration, genre, release_date, popularity_rank, image) VALUES (558, 169, 'Song lCd9Lxo5IH', 432, 'Alternative', '2016-12-24', 636, 'https://picsum.photos/id/293/200/200');
INSERT INTO SONGS (song_id, album_id, title, duration, genre, release_date, popularity_rank, image) VALUES (559, 112, 'Song icPMGR8OTd', 400, 'Metal', '2018-04-02', 396, 'https://picsum.photos/id/268/200/200');
INSERT INTO SONGS (song_id, album_id, title, duration, genre, release_date, popularity_rank, image) VALUES (560, 138, 'Song 7KBYBfb8Tg', 142, 'Folk', '2021-06-24', 527, 'https://picsum.photos/id/279/200/200');
INSERT INTO SONGS (song_id, album_id, title, duration, genre, release_date, popularity_rank, image) VALUES (561, 57, 'Song z5HOPC5YoN', 268, 'Dance', '2023-06-23', 344, 'https://picsum.photos/id/233/200/200');
INSERT INTO SONGS (song_id, album_id, title, duration, genre, release_date, popularity_rank, image) VALUES (562, 143, 'Song a0kxvb6ksT', 211, 'Electronic', '2011-08-06', 778, 'https://picsum.photos/id/232/200/200');
INSERT INTO SONGS (song_id, album_id, title, duration, genre, release_date, popularity_rank, image) VALUES (563, 152, 'Song tTJL07EttJ', 300, 'Blues', '2019-01-16', 970, 'https://picsum.photos/id/250/200/200');
INSERT INTO SONGS (song_id, album_id, title, duration, genre, release_date, popularity_rank, image) VALUES (564, 143, 'Song PKOxdvf2lS', 257, 'Rock', '2014-07-28', 95, 'https://picsum.photos/id/221/200/200');
INSERT INTO SONGS (song_id, album_id, title, duration, genre, release_date, popularity_rank, image) VALUES (565, 15, 'Song v04rXxmiJ7', 125, 'Hip Hop', '2019-05-29', 479, 'https://picsum.photos/id/229/200/200');
INSERT INTO SONGS (song_id, album_id, title, duration, genre, release_date, popularity_rank, image) VALUES (566, 86, 'Song P9BDWpe85E', 195, 'Jazz', '2015-08-29', 525, 'https://picsum.photos/id/244/200/200');
INSERT INTO SONGS (song_id, album_id, title, duration, genre, release_date, popularity_rank, image) VALUES (567, 111, 'Song f5Tk1TaQpy', 203, 'Country', '2020-04-19', 8, 'https://picsum.photos/id/250/200/200');
INSERT INTO SONGS (song_id, album_id, title, duration, genre, release_date, popularity_rank, image) VALUES (568, 56, 'Song uowY2G9Xrg', 247, 'Dance', '2009-08-23', 312, 'https://picsum.photos/id/204/200/200');
INSERT INTO SONGS (song_id, album_id, title, duration, genre, release_date, popularity_rank, image) VALUES (569, 53, 'Song 2MwOXNQkY2', 365, 'Indie', '2016-04-20', 639, 'https://picsum.photos/id/273/200/200');
INSERT INTO SONGS (song_id, album_id, title, duration, genre, release_date, popularity_rank, image) VALUES (570, 169, 'Song 4cSbZcAbsV', 219, 'R&B', '2008-11-05', 704, 'https://picsum.photos/id/212/200/200');
INSERT INTO SONGS (song_id, album_id, title, duration, genre, release_date, popularity_rank, image) VALUES (571, 76, 'Song rqBPDyHMIg', 443, 'Jazz', '2019-03-16', 742, 'https://picsum.photos/id/227/200/200');
INSERT INTO SONGS (song_id, album_id, title, duration, genre, release_date, popularity_rank, image) VALUES (572, 153, 'Song zN4JRpOlEN', 404, 'Indie', '2017-08-25', 109, 'https://picsum.photos/id/270/200/200');
INSERT INTO SONGS (song_id, album_id, title, duration, genre, release_date, popularity_rank, image) VALUES (573, 191, 'Song ytn23SY87g', 316, 'Classical', '2010-04-09', 142, 'https://picsum.photos/id/296/200/200');
INSERT INTO SONGS (song_id, album_id, title, duration, genre, release_date, popularity_rank, image) VALUES (574, 100, 'Song 8TQD5gjtGW', 383, 'Dance', '2009-07-03', 204, 'https://picsum.photos/id/242/200/200');
INSERT INTO SONGS (song_id, album_id, title, duration, genre, release_date, popularity_rank, image) VALUES (575, 125, 'Song rutb6efVL5', 415, 'Electronic', '2021-01-13', 507, 'https://picsum.photos/id/246/200/200');
INSERT INTO SONGS (song_id, album_id, title, duration, genre, release_date, popularity_rank, image) VALUES (576, 102, 'Song yiP4SkO00Z', 333, 'Folk', '2023-07-30', 966, 'https://picsum.photos/id/281/200/200');
INSERT INTO SONGS (song_id, album_id, title, duration, genre, release_date, popularity_rank, image) VALUES (577, 111, 'Song tRz3yylcE4', 181, 'Pop', '2012-06-20', 145, 'https://picsum.photos/id/251/200/200');
INSERT INTO SONGS (song_id, album_id, title, duration, genre, release_date, popularity_rank, image) VALUES (578, 147, 'Song d2QVvDvoWW', 142, 'Country', '2010-03-29', 380, 'https://picsum.photos/id/275/200/200');
INSERT INTO SONGS (song_id, album_id, title, duration, genre, release_date, popularity_rank, image) VALUES (579, 85, 'Song twpuq6yguh', 147, 'Blues', '2020-04-14', 691, 'https://picsum.photos/id/283/200/200');
INSERT INTO SONGS (song_id, album_id, title, duration, genre, release_date, popularity_rank, image) VALUES (580, 148, 'Song g9GlXyQBXN', 390, 'Dance', '2009-03-11', 457, 'https://picsum.photos/id/202/200/200');
INSERT INTO SONGS (song_id, album_id, title, duration, genre, release_date, popularity_rank, image) VALUES (581, 74, 'Song HLDPQTr0ga', 327, 'Blues', '2013-05-18', 244, 'https://picsum.photos/id/228/200/200');
INSERT INTO SONGS (song_id, album_id, title, duration, genre, release_date, popularity_rank, image) VALUES (582, 46, 'Song NHeKhvEBY2', 272, 'R&B', '2019-02-28', 683, 'https://picsum.photos/id/209/200/200');
INSERT INTO SONGS (song_id, album_id, title, duration, genre, release_date, popularity_rank, image) VALUES (583, 162, 'Song tGm7a3PSmO', 444, 'Folk', '2015-01-25', 431, 'https://picsum.photos/id/299/200/200');
INSERT INTO SONGS (song_id, album_id, title, duration, genre, release_date, popularity_rank, image) VALUES (584, 178, 'Song NTSBagk8yy', 122, 'Country', '2024-02-03', 802, 'https://picsum.photos/id/282/200/200');
INSERT INTO SONGS (song_id, album_id, title, duration, genre, release_date, popularity_rank, image) VALUES (585, 36, 'Song QEgmQaTeWD', 207, 'Reggae', '2017-05-27', 523, 'https://picsum.photos/id/211/200/200');
INSERT INTO SONGS (song_id, album_id, title, duration, genre, release_date, popularity_rank, image) VALUES (586, 37, 'Song Luzhp1z0PO', 187, 'Alternative', '2015-02-09', 318, 'https://picsum.photos/id/224/200/200');
INSERT INTO SONGS (song_id, album_id, title, duration, genre, release_date, popularity_rank, image) VALUES (587, 86, 'Song c4kH4koouU', 224, 'R&B', '2014-09-06', 888, 'https://picsum.photos/id/287/200/200');
INSERT INTO SONGS (song_id, album_id, title, duration, genre, release_date, popularity_rank, image) VALUES (588, 126, 'Song VMuzD4oEM6', 460, 'Reggae', '2013-01-21', 871, 'https://picsum.photos/id/253/200/200');
INSERT INTO SONGS (song_id, album_id, title, duration, genre, release_date, popularity_rank, image) VALUES (589, 109, 'Song Fqs04prjEz', 331, 'Metal', '2015-05-19', 314, 'https://picsum.photos/id/240/200/200');
INSERT INTO SONGS (song_id, album_id, title, duration, genre, release_date, popularity_rank, image) VALUES (590, 131, 'Song nwWUcoYKY7', 424, 'Pop', '2015-12-05', 978, 'https://picsum.photos/id/228/200/200');
INSERT INTO SONGS (song_id, album_id, title, duration, genre, release_date, popularity_rank, image) VALUES (591, 120, 'Song 7J4WlKoVH0', 138, 'Rock', '2017-06-20', 631, 'https://picsum.photos/id/295/200/200');
INSERT INTO SONGS (song_id, album_id, title, duration, genre, release_date, popularity_rank, image) VALUES (592, 35, 'Song Ano28CMRUC', 246, 'Classical', '2011-08-03', 162, 'https://picsum.photos/id/245/200/200');
INSERT INTO SONGS (song_id, album_id, title, duration, genre, release_date, popularity_rank, image) VALUES (593, 110, 'Song Ljg7jpUFak', 392, 'Country', '2020-12-30', 257, 'https://picsum.photos/id/236/200/200');
INSERT INTO SONGS (song_id, album_id, title, duration, genre, release_date, popularity_rank, image) VALUES (594, 83, 'Song yEMiEb5Bgf', 251, 'Reggae', '2021-10-29', 433, 'https://picsum.photos/id/267/200/200');
INSERT INTO SONGS (song_id, album_id, title, duration, genre, release_date, popularity_rank, image) VALUES (595, 144, 'Song aNOICtMwVB', 244, 'Dance', '2022-11-18', 984, 'https://picsum.photos/id/300/200/200');
INSERT INTO SONGS (song_id, album_id, title, duration, genre, release_date, popularity_rank, image) VALUES (596, 112, 'Song 8x1sf9cIiY', 244, 'Indie', '2010-12-28', 393, 'https://picsum.photos/id/242/200/200');
INSERT INTO SONGS (song_id, album_id, title, duration, genre, release_date, popularity_rank, image) VALUES (597, 142, 'Song p8mYmdsNRX', 475, 'Pop', '2009-01-18', 907, 'https://picsum.photos/id/227/200/200');
INSERT INTO SONGS (song_id, album_id, title, duration, genre, release_date, popularity_rank, image) VALUES (598, 92, 'Song wOxsnpfWtu', 430, 'Dance', '2012-08-05', 770, 'https://picsum.photos/id/245/200/200');
INSERT INTO SONGS (song_id, album_id, title, duration, genre, release_date, popularity_rank, image) VALUES (599, 27, 'Song husiFmtRH9', 461, 'Alternative', '2015-03-09', 432, 'https://picsum.photos/id/296/200/200');
INSERT INTO SONGS (song_id, album_id, title, duration, genre, release_date, popularity_rank, image) VALUES (600, 194, 'Song TSC4H8femp', 385, 'Blues', '2010-10-25', 580, 'https://picsum.photos/id/274/200/200');
INSERT INTO SONGS (song_id, album_id, title, duration, genre, release_date, popularity_rank, image) VALUES (601, 42, 'Song 8a3GGJb2Dx', 179, 'R&B', '2019-01-06', 82, 'https://picsum.photos/id/296/200/200');
INSERT INTO SONGS (song_id, album_id, title, duration, genre, release_date, popularity_rank, image) VALUES (602, 124, 'Song wEPuy4fXft', 238, 'Classical', '2011-03-09', 554, 'https://picsum.photos/id/245/200/200');
INSERT INTO SONGS (song_id, album_id, title, duration, genre, release_date, popularity_rank, image) VALUES (603, 157, 'Song v2tAaoTFxZ', 441, 'Alternative', '2024-03-10', 484, 'https://picsum.photos/id/247/200/200');
INSERT INTO SONGS (song_id, album_id, title, duration, genre, release_date, popularity_rank, image) VALUES (604, 54, 'Song VEDPTLsG6N', 313, 'Country', '2021-09-29', 824, 'https://picsum.photos/id/273/200/200');
INSERT INTO SONGS (song_id, album_id, title, duration, genre, release_date, popularity_rank, image) VALUES (605, 65, 'Song qEdViyJB6O', 186, 'Metal', '2018-11-18', 414, 'https://picsum.photos/id/297/200/200');
INSERT INTO SONGS (song_id, album_id, title, duration, genre, release_date, popularity_rank, image) VALUES (606, 114, 'Song QvmirrGVBR', 157, 'Metal', '2015-02-24', 128, 'https://picsum.photos/id/209/200/200');
INSERT INTO SONGS (song_id, album_id, title, duration, genre, release_date, popularity_rank, image) VALUES (607, 157, 'Song Uk1o1FvkGV', 318, 'Reggae', '2008-05-29', 784, 'https://picsum.photos/id/257/200/200');
INSERT INTO SONGS (song_id, album_id, title, duration, genre, release_date, popularity_rank, image) VALUES (608, 108, 'Song zbADxGT9qI', 230, 'Indie', '2021-07-18', 529, 'https://picsum.photos/id/238/200/200');
INSERT INTO SONGS (song_id, album_id, title, duration, genre, release_date, popularity_rank, image) VALUES (609, 49, 'Song kIlil3m3YQ', 190, 'Rock', '2023-05-09', 189, 'https://picsum.photos/id/218/200/200');
INSERT INTO SONGS (song_id, album_id, title, duration, genre, release_date, popularity_rank, image) VALUES (610, 44, 'Song 65XQONjgLS', 416, 'Blues', '2011-11-28', 905, 'https://picsum.photos/id/217/200/200');
INSERT INTO SONGS (song_id, album_id, title, duration, genre, release_date, popularity_rank, image) VALUES (611, 160, 'Song bhcLsAo2Zt', 441, 'Dance', '2015-08-24', 25, 'https://picsum.photos/id/281/200/200');
INSERT INTO SONGS (song_id, album_id, title, duration, genre, release_date, popularity_rank, image) VALUES (612, 100, 'Song iBRFztlZl3', 350, 'Dance', '2015-10-24', 636, 'https://picsum.photos/id/260/200/200');
INSERT INTO SONGS (song_id, album_id, title, duration, genre, release_date, popularity_rank, image) VALUES (613, 29, 'Song Ops3YzQWGY', 282, 'Jazz', '2015-09-05', 690, 'https://picsum.photos/id/288/200/200');
INSERT INTO SONGS (song_id, album_id, title, duration, genre, release_date, popularity_rank, image) VALUES (614, 145, 'Song a1F6OMPSIp', 175, 'Blues', '2015-12-20', 831, 'https://picsum.photos/id/274/200/200');
INSERT INTO SONGS (song_id, album_id, title, duration, genre, release_date, popularity_rank, image) VALUES (615, 41, 'Song nR3dPh5V15', 240, 'Metal', '2018-06-03', 385, 'https://picsum.photos/id/266/200/200');
INSERT INTO SONGS (song_id, album_id, title, duration, genre, release_date, popularity_rank, image) VALUES (616, 141, 'Song vF35Fnk7jk', 188, 'Electronic', '2014-01-17', 638, 'https://picsum.photos/id/215/200/200');
INSERT INTO SONGS (song_id, album_id, title, duration, genre, release_date, popularity_rank, image) VALUES (617, 173, 'Song X2ZXUxuxjD', 244, 'Metal', '2017-02-28', 361, 'https://picsum.photos/id/209/200/200');
INSERT INTO SONGS (song_id, album_id, title, duration, genre, release_date, popularity_rank, image) VALUES (618, 12, 'Song DaRz2Bz49A', 195, 'Reggae', '2014-02-07', 728, 'https://picsum.photos/id/216/200/200');
INSERT INTO SONGS (song_id, album_id, title, duration, genre, release_date, popularity_rank, image) VALUES (619, 134, 'Song rowfzxWUER', 399, 'Folk', '2022-03-11', 90, 'https://picsum.photos/id/285/200/200');
INSERT INTO SONGS (song_id, album_id, title, duration, genre, release_date, popularity_rank, image) VALUES (620, 146, 'Song vWUVqvPkOW', 434, 'Blues', '2023-03-20', 452, 'https://picsum.photos/id/286/200/200');
INSERT INTO SONGS (song_id, album_id, title, duration, genre, release_date, popularity_rank, image) VALUES (621, 76, 'Song 3mNBhfAxHk', 304, 'Rock', '2014-08-31', 287, 'https://picsum.photos/id/280/200/200');
INSERT INTO SONGS (song_id, album_id, title, duration, genre, release_date, popularity_rank, image) VALUES (622, 19, 'Song 2MIPqWrehx', 234, 'Country', '2012-04-10', 80, 'https://picsum.photos/id/240/200/200');
INSERT INTO SONGS (song_id, album_id, title, duration, genre, release_date, popularity_rank, image) VALUES (623, 194, 'Song ABvnsqZkho', 450, 'Classical', '2012-01-03', 558, 'https://picsum.photos/id/264/200/200');
INSERT INTO SONGS (song_id, album_id, title, duration, genre, release_date, popularity_rank, image) VALUES (624, 76, 'Song dZdTbp45YT', 169, 'Country', '2011-08-26', 207, 'https://picsum.photos/id/229/200/200');
INSERT INTO SONGS (song_id, album_id, title, duration, genre, release_date, popularity_rank, image) VALUES (625, 78, 'Song FCMT7zmwJ7', 272, 'Folk', '2015-11-29', 807, 'https://picsum.photos/id/296/200/200');
INSERT INTO SONGS (song_id, album_id, title, duration, genre, release_date, popularity_rank, image) VALUES (626, 44, 'Song VOj2V4zsbO', 173, 'Blues', '2016-03-25', 954, 'https://picsum.photos/id/281/200/200');
INSERT INTO SONGS (song_id, album_id, title, duration, genre, release_date, popularity_rank, image) VALUES (627, 177, 'Song SlKaYaW8U0', 160, 'Classical', '2009-08-18', 859, 'https://picsum.photos/id/299/200/200');
INSERT INTO SONGS (song_id, album_id, title, duration, genre, release_date, popularity_rank, image) VALUES (628, 61, 'Song peOvnjAJ2c', 142, 'Blues', '2020-02-15', 882, 'https://picsum.photos/id/261/200/200');
INSERT INTO SONGS (song_id, album_id, title, duration, genre, release_date, popularity_rank, image) VALUES (629, 76, 'Song 9s4CjDfxv7', 208, 'Alternative', '2011-01-21', 894, 'https://picsum.photos/id/217/200/200');
INSERT INTO SONGS (song_id, album_id, title, duration, genre, release_date, popularity_rank, image) VALUES (630, 194, 'Song DEILiUJwio', 167, 'Classical', '2015-07-07', 445, 'https://picsum.photos/id/205/200/200');
INSERT INTO SONGS (song_id, album_id, title, duration, genre, release_date, popularity_rank, image) VALUES (631, 44, 'Song pBPe79srnf', 346, 'Hip Hop', '2010-11-06', 248, 'https://picsum.photos/id/225/200/200');
INSERT INTO SONGS (song_id, album_id, title, duration, genre, release_date, popularity_rank, image) VALUES (632, 28, 'Song bouPcgohpW', 477, 'Indie', '2013-07-18', 949, 'https://picsum.photos/id/251/200/200');
INSERT INTO SONGS (song_id, album_id, title, duration, genre, release_date, popularity_rank, image) VALUES (633, 149, 'Song lWrzXLkGcI', 257, 'Country', '2021-09-26', 460, 'https://picsum.photos/id/228/200/200');
INSERT INTO SONGS (song_id, album_id, title, duration, genre, release_date, popularity_rank, image) VALUES (634, 5, 'Song 77R6WHWur0', 271, 'Rock', '2022-03-02', 132, 'https://picsum.photos/id/279/200/200');
INSERT INTO SONGS (song_id, album_id, title, duration, genre, release_date, popularity_rank, image) VALUES (635, 55, 'Song 4Z0At1SsZz', 178, 'Folk', '2018-10-04', 831, 'https://picsum.photos/id/221/200/200');
INSERT INTO SONGS (song_id, album_id, title, duration, genre, release_date, popularity_rank, image) VALUES (636, 120, 'Song kA89QNk1JN', 461, 'Indie', '2012-01-23', 468, 'https://picsum.photos/id/290/200/200');
INSERT INTO SONGS (song_id, album_id, title, duration, genre, release_date, popularity_rank, image) VALUES (637, 45, 'Song EJqFBtxpjS', 289, 'Indie', '2009-12-26', 606, 'https://picsum.photos/id/236/200/200');
INSERT INTO SONGS (song_id, album_id, title, duration, genre, release_date, popularity_rank, image) VALUES (638, 132, 'Song YKZwqTlopG', 363, 'Alternative', '2022-09-30', 221, 'https://picsum.photos/id/277/200/200');
INSERT INTO SONGS (song_id, album_id, title, duration, genre, release_date, popularity_rank, image) VALUES (639, 17, 'Song qolhDZB0Zd', 279, 'Alternative', '2017-07-18', 646, 'https://picsum.photos/id/235/200/200');
INSERT INTO SONGS (song_id, album_id, title, duration, genre, release_date, popularity_rank, image) VALUES (640, 181, 'Song cuD0N4Ber2', 452, 'Metal', '2015-08-12', 711, 'https://picsum.photos/id/246/200/200');
INSERT INTO SONGS (song_id, album_id, title, duration, genre, release_date, popularity_rank, image) VALUES (641, 152, 'Song NTKg8wMGzq', 145, 'Classical', '2022-01-10', 153, 'https://picsum.photos/id/254/200/200');
INSERT INTO SONGS (song_id, album_id, title, duration, genre, release_date, popularity_rank, image) VALUES (642, 86, 'Song 0Eq5YU3Vit', 167, 'Classical', '2014-12-24', 31, 'https://picsum.photos/id/212/200/200');
INSERT INTO SONGS (song_id, album_id, title, duration, genre, release_date, popularity_rank, image) VALUES (643, 153, 'Song ukQxZ5iSn1', 317, 'Folk', '2013-01-11', 527, 'https://picsum.photos/id/297/200/200');
INSERT INTO SONGS (song_id, album_id, title, duration, genre, release_date, popularity_rank, image) VALUES (644, 32, 'Song mx8ZUFpNMP', 294, 'Country', '2022-01-05', 980, 'https://picsum.photos/id/203/200/200');
INSERT INTO SONGS (song_id, album_id, title, duration, genre, release_date, popularity_rank, image) VALUES (645, 172, 'Song OCVOBCQpsK', 456, 'Rock', '2022-06-22', 234, 'https://picsum.photos/id/276/200/200');
INSERT INTO SONGS (song_id, album_id, title, duration, genre, release_date, popularity_rank, image) VALUES (646, 174, 'Song F39oCtNj8F', 415, 'Indie', '2018-02-24', 542, 'https://picsum.photos/id/209/200/200');
INSERT INTO SONGS (song_id, album_id, title, duration, genre, release_date, popularity_rank, image) VALUES (647, 130, 'Song 2Eu6DvQg5t', 141, 'Rock', '2015-04-24', 499, 'https://picsum.photos/id/265/200/200');
INSERT INTO SONGS (song_id, album_id, title, duration, genre, release_date, popularity_rank, image) VALUES (648, 99, 'Song B4YVXE5k1C', 259, 'Pop', '2023-03-27', 254, 'https://picsum.photos/id/293/200/200');
INSERT INTO SONGS (song_id, album_id, title, duration, genre, release_date, popularity_rank, image) VALUES (649, 11, 'Song zwysOSIsXF', 175, 'Indie', '2018-09-21', 251, 'https://picsum.photos/id/218/200/200');
INSERT INTO SONGS (song_id, album_id, title, duration, genre, release_date, popularity_rank, image) VALUES (650, 18, 'Song wbAXTIDr8o', 247, 'Country', '2012-05-14', 404, 'https://picsum.photos/id/242/200/200');
INSERT INTO SONGS (song_id, album_id, title, duration, genre, release_date, popularity_rank, image) VALUES (651, 94, 'Song lOuuApBPWz', 435, 'Metal', '2008-09-26', 126, 'https://picsum.photos/id/278/200/200');
INSERT INTO SONGS (song_id, album_id, title, duration, genre, release_date, popularity_rank, image) VALUES (652, 70, 'Song qTK5HDbE97', 401, 'Metal', '2023-05-17', 81, 'https://picsum.photos/id/286/200/200');
INSERT INTO SONGS (song_id, album_id, title, duration, genre, release_date, popularity_rank, image) VALUES (653, 29, 'Song sFuajmEdTl', 217, 'Rock', '2017-10-29', 357, 'https://picsum.photos/id/278/200/200');
INSERT INTO SONGS (song_id, album_id, title, duration, genre, release_date, popularity_rank, image) VALUES (654, 102, 'Song HHWttxvUZ9', 123, 'Alternative', '2014-07-04', 925, 'https://picsum.photos/id/238/200/200');
INSERT INTO SONGS (song_id, album_id, title, duration, genre, release_date, popularity_rank, image) VALUES (655, 131, 'Song XTKxoMFSwU', 159, 'Indie', '2008-05-23', 583, 'https://picsum.photos/id/293/200/200');
INSERT INTO SONGS (song_id, album_id, title, duration, genre, release_date, popularity_rank, image) VALUES (656, 183, 'Song eakn0EScC4', 176, 'Jazz', '2019-04-14', 607, 'https://picsum.photos/id/214/200/200');
INSERT INTO SONGS (song_id, album_id, title, duration, genre, release_date, popularity_rank, image) VALUES (657, 119, 'Song TfOHCLg5Ru', 250, 'Country', '2009-10-15', 556, 'https://picsum.photos/id/233/200/200');
INSERT INTO SONGS (song_id, album_id, title, duration, genre, release_date, popularity_rank, image) VALUES (658, 183, 'Song chHu5sj9s7', 451, 'Blues', '2008-03-21', 958, 'https://picsum.photos/id/212/200/200');
INSERT INTO SONGS (song_id, album_id, title, duration, genre, release_date, popularity_rank, image) VALUES (659, 123, 'Song 042hXO1JQ5', 457, 'Alternative', '2016-03-11', 69, 'https://picsum.photos/id/221/200/200');
INSERT INTO SONGS (song_id, album_id, title, duration, genre, release_date, popularity_rank, image) VALUES (660, 129, 'Song UhHgPrbpRp', 397, 'Rock', '2010-08-29', 389, 'https://picsum.photos/id/213/200/200');
INSERT INTO SONGS (song_id, album_id, title, duration, genre, release_date, popularity_rank, image) VALUES (661, 193, 'Song NhMkWgx6Qv', 468, 'Folk', '2020-12-15', 345, 'https://picsum.photos/id/282/200/200');
INSERT INTO SONGS (song_id, album_id, title, duration, genre, release_date, popularity_rank, image) VALUES (662, 162, 'Song uOJyt5THh8', 156, 'Dance', '2022-07-23', 791, 'https://picsum.photos/id/208/200/200');
INSERT INTO SONGS (song_id, album_id, title, duration, genre, release_date, popularity_rank, image) VALUES (663, 122, 'Song TpAXP2f05r', 403, 'Reggae', '2015-06-11', 233, 'https://picsum.photos/id/231/200/200');
INSERT INTO SONGS (song_id, album_id, title, duration, genre, release_date, popularity_rank, image) VALUES (664, 135, 'Song uG0o4ald5D', 348, 'Reggae', '2011-01-29', 863, 'https://picsum.photos/id/217/200/200');
INSERT INTO SONGS (song_id, album_id, title, duration, genre, release_date, popularity_rank, image) VALUES (665, 142, 'Song blJeCDxNN7', 323, 'Folk', '2023-04-15', 10, 'https://picsum.photos/id/225/200/200');
INSERT INTO SONGS (song_id, album_id, title, duration, genre, release_date, popularity_rank, image) VALUES (666, 154, 'Song 6XTUwbVSfE', 126, 'Metal', '2011-04-20', 78, 'https://picsum.photos/id/271/200/200');
INSERT INTO SONGS (song_id, album_id, title, duration, genre, release_date, popularity_rank, image) VALUES (667, 177, 'Song 8PV9RW7WyN', 338, 'Blues', '2022-10-25', 375, 'https://picsum.photos/id/277/200/200');
INSERT INTO SONGS (song_id, album_id, title, duration, genre, release_date, popularity_rank, image) VALUES (668, 98, 'Song NjTZxAUjSF', 478, 'Country', '2022-07-17', 810, 'https://picsum.photos/id/214/200/200');
INSERT INTO SONGS (song_id, album_id, title, duration, genre, release_date, popularity_rank, image) VALUES (669, 174, 'Song LO8qsGGkgS', 438, 'Alternative', '2009-09-19', 411, 'https://picsum.photos/id/240/200/200');
INSERT INTO SONGS (song_id, album_id, title, duration, genre, release_date, popularity_rank, image) VALUES (670, 185, 'Song 9JTVeHNtwC', 229, 'Pop', '2015-10-26', 489, 'https://picsum.photos/id/234/200/200');
INSERT INTO SONGS (song_id, album_id, title, duration, genre, release_date, popularity_rank, image) VALUES (671, 138, 'Song qEO6ou3iXS', 450, 'Pop', '2010-06-08', 910, 'https://picsum.photos/id/205/200/200');
INSERT INTO SONGS (song_id, album_id, title, duration, genre, release_date, popularity_rank, image) VALUES (672, 114, 'Song CyQT9iOYh8', 183, 'Folk', '2016-08-14', 682, 'https://picsum.photos/id/201/200/200');
INSERT INTO SONGS (song_id, album_id, title, duration, genre, release_date, popularity_rank, image) VALUES (673, 160, 'Song f1wSxGvW94', 130, 'Indie', '2010-02-28', 426, 'https://picsum.photos/id/204/200/200');
INSERT INTO SONGS (song_id, album_id, title, duration, genre, release_date, popularity_rank, image) VALUES (674, 113, 'Song bX31WQzI5w', 369, 'Classical', '2016-02-17', 701, 'https://picsum.photos/id/235/200/200');
INSERT INTO SONGS (song_id, album_id, title, duration, genre, release_date, popularity_rank, image) VALUES (675, 120, 'Song vNzE3cfS5v', 290, 'Country', '2017-05-08', 600, 'https://picsum.photos/id/287/200/200');
INSERT INTO SONGS (song_id, album_id, title, duration, genre, release_date, popularity_rank, image) VALUES (676, 30, 'Song TmZw1JQG78', 272, 'Hip Hop', '2014-10-15', 7, 'https://picsum.photos/id/243/200/200');
INSERT INTO SONGS (song_id, album_id, title, duration, genre, release_date, popularity_rank, image) VALUES (677, 34, 'Song pZR1sWBEd6', 282, 'Indie', '2015-11-04', 789, 'https://picsum.photos/id/289/200/200');
INSERT INTO SONGS (song_id, album_id, title, duration, genre, release_date, popularity_rank, image) VALUES (678, 4, 'Song iLkGahcIJd', 179, 'Dance', '2009-05-24', 546, 'https://picsum.photos/id/203/200/200');
INSERT INTO SONGS (song_id, album_id, title, duration, genre, release_date, popularity_rank, image) VALUES (679, 152, 'Song sB9AIB1I26', 207, 'Folk', '2014-05-19', 78, 'https://picsum.photos/id/288/200/200');
INSERT INTO SONGS (song_id, album_id, title, duration, genre, release_date, popularity_rank, image) VALUES (680, 147, 'Song fKnhTcLX2T', 247, 'Electronic', '2010-03-25', 64, 'https://picsum.photos/id/241/200/200');
INSERT INTO SONGS (song_id, album_id, title, duration, genre, release_date, popularity_rank, image) VALUES (681, 81, 'Song 9gTzKzp2zx', 347, 'Dance', '2021-06-16', 929, 'https://picsum.photos/id/282/200/200');
INSERT INTO SONGS (song_id, album_id, title, duration, genre, release_date, popularity_rank, image) VALUES (682, 189, 'Song YjAjEc2o3g', 456, 'Hip Hop', '2017-12-20', 88, 'https://picsum.photos/id/259/200/200');
INSERT INTO SONGS (song_id, album_id, title, duration, genre, release_date, popularity_rank, image) VALUES (683, 108, 'Song 0Fdm4WKTxd', 217, 'Indie', '2013-06-30', 98, 'https://picsum.photos/id/248/200/200');
INSERT INTO SONGS (song_id, album_id, title, duration, genre, release_date, popularity_rank, image) VALUES (684, 84, 'Song TRRrPli0I6', 406, 'Electronic', '2024-01-27', 472, 'https://picsum.photos/id/223/200/200');
INSERT INTO SONGS (song_id, album_id, title, duration, genre, release_date, popularity_rank, image) VALUES (685, 79, 'Song qca0NwANci', 428, 'Country', '2021-02-14', 180, 'https://picsum.photos/id/242/200/200');
INSERT INTO SONGS (song_id, album_id, title, duration, genre, release_date, popularity_rank, image) VALUES (686, 111, 'Song 2qTMBIJE8E', 342, 'Blues', '2018-12-21', 863, 'https://picsum.photos/id/221/200/200');
INSERT INTO SONGS (song_id, album_id, title, duration, genre, release_date, popularity_rank, image) VALUES (687, 119, 'Song OIHbKA86d1', 463, 'Jazz', '2020-07-30', 131, 'https://picsum.photos/id/241/200/200');
INSERT INTO SONGS (song_id, album_id, title, duration, genre, release_date, popularity_rank, image) VALUES (688, 6, 'Song fqZZebxQx6', 345, 'Hip Hop', '2010-06-21', 292, 'https://picsum.photos/id/250/200/200');
INSERT INTO SONGS (song_id, album_id, title, duration, genre, release_date, popularity_rank, image) VALUES (689, 25, 'Song Mu5kbvYaTu', 422, 'Indie', '2010-01-17', 966, 'https://picsum.photos/id/293/200/200');
INSERT INTO SONGS (song_id, album_id, title, duration, genre, release_date, popularity_rank, image) VALUES (690, 166, 'Song ANVIStQDBP', 263, 'Country', '2016-12-12', 3, 'https://picsum.photos/id/231/200/200');
INSERT INTO SONGS (song_id, album_id, title, duration, genre, release_date, popularity_rank, image) VALUES (691, 75, 'Song 1v4umd39VM', 338, 'Dance', '2015-05-26', 445, 'https://picsum.photos/id/220/200/200');
INSERT INTO SONGS (song_id, album_id, title, duration, genre, release_date, popularity_rank, image) VALUES (692, 196, 'Song h3x91eiKE6', 270, 'Rock', '2021-04-29', 595, 'https://picsum.photos/id/271/200/200');
INSERT INTO SONGS (song_id, album_id, title, duration, genre, release_date, popularity_rank, image) VALUES (693, 166, 'Song d7ce2SdJ9s', 358, 'Reggae', '2014-02-09', 161, 'https://picsum.photos/id/226/200/200');
INSERT INTO SONGS (song_id, album_id, title, duration, genre, release_date, popularity_rank, image) VALUES (694, 65, 'Song dgEcgwUzCE', 427, 'Electronic', '2011-09-09', 413, 'https://picsum.photos/id/222/200/200');
INSERT INTO SONGS (song_id, album_id, title, duration, genre, release_date, popularity_rank, image) VALUES (695, 27, 'Song 6HjozY04H4', 276, 'Rock', '2009-10-04', 938, 'https://picsum.photos/id/282/200/200');
INSERT INTO SONGS (song_id, album_id, title, duration, genre, release_date, popularity_rank, image) VALUES (696, 17, 'Song waHmojdPNj', 423, 'Alternative', '2008-11-02', 576, 'https://picsum.photos/id/251/200/200');
INSERT INTO SONGS (song_id, album_id, title, duration, genre, release_date, popularity_rank, image) VALUES (697, 197, 'Song sCqiBVG2l1', 227, 'Classical', '2014-04-13', 373, 'https://picsum.photos/id/204/200/200');
INSERT INTO SONGS (song_id, album_id, title, duration, genre, release_date, popularity_rank, image) VALUES (698, 84, 'Song MhTMMR2Mmg', 173, 'Electronic', '2014-03-06', 927, 'https://picsum.photos/id/241/200/200');
INSERT INTO SONGS (song_id, album_id, title, duration, genre, release_date, popularity_rank, image) VALUES (699, 151, 'Song PVZmMfysAZ', 422, 'Hip Hop', '2020-11-09', 436, 'https://picsum.photos/id/274/200/200');
INSERT INTO SONGS (song_id, album_id, title, duration, genre, release_date, popularity_rank, image) VALUES (700, 92, 'Song gxyGnSCA7T', 161, 'Electronic', '2010-02-25', 769, 'https://picsum.photos/id/255/200/200');
INSERT INTO SONGS (song_id, album_id, title, duration, genre, release_date, popularity_rank, image) VALUES (701, 159, 'Song rnIX5hcW9h', 454, 'Alternative', '2020-11-04', 37, 'https://picsum.photos/id/239/200/200');
INSERT INTO SONGS (song_id, album_id, title, duration, genre, release_date, popularity_rank, image) VALUES (702, 115, 'Song qttczkbw8E', 351, 'Rock', '2018-03-03', 130, 'https://picsum.photos/id/233/200/200');
INSERT INTO SONGS (song_id, album_id, title, duration, genre, release_date, popularity_rank, image) VALUES (703, 125, 'Song mjCq5hWqGU', 378, 'Folk', '2014-06-16', 571, 'https://picsum.photos/id/265/200/200');
INSERT INTO SONGS (song_id, album_id, title, duration, genre, release_date, popularity_rank, image) VALUES (704, 85, 'Song ciLXTM7QiF', 323, 'R&B', '2014-10-28', 982, 'https://picsum.photos/id/224/200/200');
INSERT INTO SONGS (song_id, album_id, title, duration, genre, release_date, popularity_rank, image) VALUES (705, 141, 'Song XuvFo4t6aX', 411, 'Country', '2017-12-22', 100, 'https://picsum.photos/id/243/200/200');
INSERT INTO SONGS (song_id, album_id, title, duration, genre, release_date, popularity_rank, image) VALUES (706, 77, 'Song yxLqnccBCk', 250, 'Jazz', '2010-12-17', 123, 'https://picsum.photos/id/224/200/200');
INSERT INTO SONGS (song_id, album_id, title, duration, genre, release_date, popularity_rank, image) VALUES (707, 120, 'Song 2I0898Ikpv', 243, 'Alternative', '2012-01-04', 888, 'https://picsum.photos/id/204/200/200');
INSERT INTO SONGS (song_id, album_id, title, duration, genre, release_date, popularity_rank, image) VALUES (708, 190, 'Song XrIJ0TEBUg', 460, 'Country', '2021-12-31', 647, 'https://picsum.photos/id/296/200/200');
INSERT INTO SONGS (song_id, album_id, title, duration, genre, release_date, popularity_rank, image) VALUES (709, 157, 'Song a8rizkFwSM', 323, 'Electronic', '2010-01-03', 443, 'https://picsum.photos/id/223/200/200');
INSERT INTO SONGS (song_id, album_id, title, duration, genre, release_date, popularity_rank, image) VALUES (710, 6, 'Song mnrq6g2ZtI', 431, 'R&B', '2008-09-22', 261, 'https://picsum.photos/id/234/200/200');
INSERT INTO SONGS (song_id, album_id, title, duration, genre, release_date, popularity_rank, image) VALUES (711, 13, 'Song HFCSqDuPp9', 379, 'Hip Hop', '2009-03-27', 153, 'https://picsum.photos/id/292/200/200');
INSERT INTO SONGS (song_id, album_id, title, duration, genre, release_date, popularity_rank, image) VALUES (712, 175, 'Song U8edvKpQEz', 255, 'R&B', '2014-02-07', 479, 'https://picsum.photos/id/293/200/200');
INSERT INTO SONGS (song_id, album_id, title, duration, genre, release_date, popularity_rank, image) VALUES (713, 63, 'Song MH5MPi2Qtk', 195, 'R&B', '2011-02-15', 159, 'https://picsum.photos/id/211/200/200');
INSERT INTO SONGS (song_id, album_id, title, duration, genre, release_date, popularity_rank, image) VALUES (714, 155, 'Song R605L95LeU', 167, 'Alternative', '2009-12-26', 9, 'https://picsum.photos/id/227/200/200');
INSERT INTO SONGS (song_id, album_id, title, duration, genre, release_date, popularity_rank, image) VALUES (715, 170, 'Song VedD8cPDlJ', 468, 'Blues', '2018-08-04', 607, 'https://picsum.photos/id/205/200/200');
INSERT INTO SONGS (song_id, album_id, title, duration, genre, release_date, popularity_rank, image) VALUES (716, 179, 'Song Bs0N6Z8N72', 440, 'Country', '2009-12-05', 982, 'https://picsum.photos/id/242/200/200');
INSERT INTO SONGS (song_id, album_id, title, duration, genre, release_date, popularity_rank, image) VALUES (717, 110, 'Song g8wnpWMcuJ', 389, 'Indie', '2013-09-28', 541, 'https://picsum.photos/id/287/200/200');
INSERT INTO SONGS (song_id, album_id, title, duration, genre, release_date, popularity_rank, image) VALUES (718, 200, 'Song pZt13yZP7L', 415, 'Hip Hop', '2011-12-22', 628, 'https://picsum.photos/id/291/200/200');
INSERT INTO SONGS (song_id, album_id, title, duration, genre, release_date, popularity_rank, image) VALUES (719, 184, 'Song ENYr4a1KkY', 189, 'Indie', '2018-07-03', 76, 'https://picsum.photos/id/295/200/200');
INSERT INTO SONGS (song_id, album_id, title, duration, genre, release_date, popularity_rank, image) VALUES (720, 135, 'Song 3lRhizwb27', 452, 'Classical', '2009-12-18', 661, 'https://picsum.photos/id/279/200/200');
INSERT INTO SONGS (song_id, album_id, title, duration, genre, release_date, popularity_rank, image) VALUES (721, 108, 'Song UahSi9A8m3', 276, 'Jazz', '2021-06-27', 591, 'https://picsum.photos/id/224/200/200');
INSERT INTO SONGS (song_id, album_id, title, duration, genre, release_date, popularity_rank, image) VALUES (722, 43, 'Song OOiTUm1p5x', 147, 'Hip Hop', '2022-12-21', 657, 'https://picsum.photos/id/205/200/200');
INSERT INTO SONGS (song_id, album_id, title, duration, genre, release_date, popularity_rank, image) VALUES (723, 196, 'Song RH9FiGLrzU', 264, 'Hip Hop', '2014-08-27', 453, 'https://picsum.photos/id/243/200/200');
INSERT INTO SONGS (song_id, album_id, title, duration, genre, release_date, popularity_rank, image) VALUES (724, 128, 'Song 0gHMapTM2A', 333, 'Blues', '2011-04-01', 32, 'https://picsum.photos/id/206/200/200');
INSERT INTO SONGS (song_id, album_id, title, duration, genre, release_date, popularity_rank, image) VALUES (725, 7, 'Song UO3n0Jg68k', 387, 'Blues', '2012-07-30', 843, 'https://picsum.photos/id/288/200/200');
INSERT INTO SONGS (song_id, album_id, title, duration, genre, release_date, popularity_rank, image) VALUES (726, 5, 'Song jCQcbh32te', 124, 'Folk', '2011-04-18', 711, 'https://picsum.photos/id/204/200/200');
INSERT INTO SONGS (song_id, album_id, title, duration, genre, release_date, popularity_rank, image) VALUES (727, 78, 'Song sm14RamJrp', 376, 'Electronic', '2013-04-25', 710, 'https://picsum.photos/id/253/200/200');
INSERT INTO SONGS (song_id, album_id, title, duration, genre, release_date, popularity_rank, image) VALUES (728, 195, 'Song JGTtNMAxOd', 232, 'R&B', '2009-12-07', 728, 'https://picsum.photos/id/214/200/200');
INSERT INTO SONGS (song_id, album_id, title, duration, genre, release_date, popularity_rank, image) VALUES (729, 100, 'Song uVHaYLHo9P', 329, 'Indie', '2009-12-15', 292, 'https://picsum.photos/id/294/200/200');
INSERT INTO SONGS (song_id, album_id, title, duration, genre, release_date, popularity_rank, image) VALUES (730, 7, 'Song x0orJN7TcJ', 258, 'Electronic', '2022-11-12', 741, 'https://picsum.photos/id/250/200/200');
INSERT INTO SONGS (song_id, album_id, title, duration, genre, release_date, popularity_rank, image) VALUES (731, 14, 'Song xWmyA6fCNa', 297, 'Country', '2022-10-20', 526, 'https://picsum.photos/id/212/200/200');
INSERT INTO SONGS (song_id, album_id, title, duration, genre, release_date, popularity_rank, image) VALUES (732, 92, 'Song DbX6dIkOuk', 155, 'Classical', '2024-01-17', 151, 'https://picsum.photos/id/268/200/200');
INSERT INTO SONGS (song_id, album_id, title, duration, genre, release_date, popularity_rank, image) VALUES (733, 92, 'Song PaDLbRIOrI', 473, 'Classical', '2013-02-12', 307, 'https://picsum.photos/id/242/200/200');
INSERT INTO SONGS (song_id, album_id, title, duration, genre, release_date, popularity_rank, image) VALUES (734, 12, 'Song 63NY8APTla', 135, 'Classical', '2017-09-04', 190, 'https://picsum.photos/id/205/200/200');
INSERT INTO SONGS (song_id, album_id, title, duration, genre, release_date, popularity_rank, image) VALUES (735, 124, 'Song VpBcToGlz6', 231, 'Indie', '2018-11-12', 691, 'https://picsum.photos/id/221/200/200');
INSERT INTO SONGS (song_id, album_id, title, duration, genre, release_date, popularity_rank, image) VALUES (736, 59, 'Song gswlbiSUNh', 463, 'Rock', '2018-08-18', 967, 'https://picsum.photos/id/204/200/200');
INSERT INTO SONGS (song_id, album_id, title, duration, genre, release_date, popularity_rank, image) VALUES (737, 61, 'Song Bd60ljRXGY', 193, 'Country', '2016-12-24', 8, 'https://picsum.photos/id/284/200/200');
INSERT INTO SONGS (song_id, album_id, title, duration, genre, release_date, popularity_rank, image) VALUES (738, 117, 'Song 8c8vMLGeTW', 173, 'Classical', '2008-05-04', 228, 'https://picsum.photos/id/263/200/200');
INSERT INTO SONGS (song_id, album_id, title, duration, genre, release_date, popularity_rank, image) VALUES (739, 163, 'Song XX2iW6NiwN', 411, 'Hip Hop', '2019-07-14', 443, 'https://picsum.photos/id/265/200/200');
INSERT INTO SONGS (song_id, album_id, title, duration, genre, release_date, popularity_rank, image) VALUES (740, 144, 'Song S1jc4PhHOE', 209, 'Blues', '2023-12-23', 736, 'https://picsum.photos/id/229/200/200');
INSERT INTO SONGS (song_id, album_id, title, duration, genre, release_date, popularity_rank, image) VALUES (741, 85, 'Song f0f3bF3iLU', 319, 'Blues', '2013-03-19', 329, 'https://picsum.photos/id/228/200/200');
INSERT INTO SONGS (song_id, album_id, title, duration, genre, release_date, popularity_rank, image) VALUES (742, 49, 'Song gGyMr6iRH7', 206, 'Pop', '2020-03-23', 103, 'https://picsum.photos/id/266/200/200');
INSERT INTO SONGS (song_id, album_id, title, duration, genre, release_date, popularity_rank, image) VALUES (743, 36, 'Song kV7DUKR9yr', 191, 'Indie', '2023-07-27', 300, 'https://picsum.photos/id/284/200/200');
INSERT INTO SONGS (song_id, album_id, title, duration, genre, release_date, popularity_rank, image) VALUES (744, 70, 'Song umvrXbDQsx', 444, 'Electronic', '2020-04-08', 788, 'https://picsum.photos/id/294/200/200');
INSERT INTO SONGS (song_id, album_id, title, duration, genre, release_date, popularity_rank, image) VALUES (745, 35, 'Song vSifClpyAC', 213, 'Electronic', '2020-03-27', 385, 'https://picsum.photos/id/240/200/200');
INSERT INTO SONGS (song_id, album_id, title, duration, genre, release_date, popularity_rank, image) VALUES (746, 194, 'Song e3DnoDxF2K', 461, 'Rock', '2015-12-14', 793, 'https://picsum.photos/id/264/200/200');
INSERT INTO SONGS (song_id, album_id, title, duration, genre, release_date, popularity_rank, image) VALUES (747, 123, 'Song ECN8JwLTee', 244, 'Rock', '2010-07-12', 209, 'https://picsum.photos/id/283/200/200');
INSERT INTO SONGS (song_id, album_id, title, duration, genre, release_date, popularity_rank, image) VALUES (748, 173, 'Song eKRO01y73S', 413, 'Pop', '2018-04-07', 214, 'https://picsum.photos/id/240/200/200');
INSERT INTO SONGS (song_id, album_id, title, duration, genre, release_date, popularity_rank, image) VALUES (749, 140, 'Song yECOmTL1L4', 196, 'Blues', '2014-09-30', 557, 'https://picsum.photos/id/291/200/200');
INSERT INTO SONGS (song_id, album_id, title, duration, genre, release_date, popularity_rank, image) VALUES (750, 195, 'Song 9M8LhOfFSX', 182, 'Rock', '2012-10-02', 650, 'https://picsum.photos/id/246/200/200');
INSERT INTO SONGS (song_id, album_id, title, duration, genre, release_date, popularity_rank, image) VALUES (751, 90, 'Song bAhwBtafFs', 298, 'Alternative', '2010-10-06', 142, 'https://picsum.photos/id/202/200/200');
INSERT INTO SONGS (song_id, album_id, title, duration, genre, release_date, popularity_rank, image) VALUES (752, 100, 'Song sYaWFJSfY1', 456, 'Indie', '2015-04-19', 844, 'https://picsum.photos/id/268/200/200');
INSERT INTO SONGS (song_id, album_id, title, duration, genre, release_date, popularity_rank, image) VALUES (753, 77, 'Song SShoXW6BeY', 295, 'Jazz', '2024-04-06', 332, 'https://picsum.photos/id/267/200/200');
INSERT INTO SONGS (song_id, album_id, title, duration, genre, release_date, popularity_rank, image) VALUES (754, 58, 'Song 9f9ITpmBCT', 188, 'Reggae', '2013-04-01', 152, 'https://picsum.photos/id/203/200/200');
INSERT INTO SONGS (song_id, album_id, title, duration, genre, release_date, popularity_rank, image) VALUES (755, 121, 'Song Gl1ZdKbcFx', 270, 'Classical', '2020-04-10', 527, 'https://picsum.photos/id/279/200/200');
INSERT INTO SONGS (song_id, album_id, title, duration, genre, release_date, popularity_rank, image) VALUES (756, 84, 'Song pktIFRhSH0', 278, 'R&B', '2012-11-26', 935, 'https://picsum.photos/id/258/200/200');
INSERT INTO SONGS (song_id, album_id, title, duration, genre, release_date, popularity_rank, image) VALUES (757, 124, 'Song GixoNuDm8o', 194, 'Dance', '2010-02-21', 746, 'https://picsum.photos/id/227/200/200');
INSERT INTO SONGS (song_id, album_id, title, duration, genre, release_date, popularity_rank, image) VALUES (758, 52, 'Song 23QrgokWQa', 165, 'Metal', '2017-03-28', 803, 'https://picsum.photos/id/283/200/200');
INSERT INTO SONGS (song_id, album_id, title, duration, genre, release_date, popularity_rank, image) VALUES (759, 128, 'Song JjzkC4s4HB', 461, 'Reggae', '2010-11-04', 685, 'https://picsum.photos/id/278/200/200');
INSERT INTO SONGS (song_id, album_id, title, duration, genre, release_date, popularity_rank, image) VALUES (760, 104, 'Song EabVUgr4hO', 123, 'Reggae', '2019-07-21', 457, 'https://picsum.photos/id/277/200/200');
INSERT INTO SONGS (song_id, album_id, title, duration, genre, release_date, popularity_rank, image) VALUES (761, 134, 'Song Z2MoQLoIBZ', 382, 'Folk', '2015-12-30', 807, 'https://picsum.photos/id/243/200/200');
INSERT INTO SONGS (song_id, album_id, title, duration, genre, release_date, popularity_rank, image) VALUES (762, 157, 'Song VFYvXyzlQM', 177, 'Alternative', '2020-02-03', 459, 'https://picsum.photos/id/212/200/200');
INSERT INTO SONGS (song_id, album_id, title, duration, genre, release_date, popularity_rank, image) VALUES (763, 102, 'Song a6FZkBMQca', 155, 'Dance', '2010-11-19', 946, 'https://picsum.photos/id/285/200/200');
INSERT INTO SONGS (song_id, album_id, title, duration, genre, release_date, popularity_rank, image) VALUES (764, 109, 'Song 79X7Blbsdr', 226, 'Hip Hop', '2009-09-09', 814, 'https://picsum.photos/id/265/200/200');
INSERT INTO SONGS (song_id, album_id, title, duration, genre, release_date, popularity_rank, image) VALUES (765, 12, 'Song 17SEcTSCDr', 275, 'Metal', '2014-06-28', 804, 'https://picsum.photos/id/249/200/200');
INSERT INTO SONGS (song_id, album_id, title, duration, genre, release_date, popularity_rank, image) VALUES (766, 70, 'Song 65qWJ1F6Qg', 388, 'Indie', '2013-12-26', 279, 'https://picsum.photos/id/278/200/200');
INSERT INTO SONGS (song_id, album_id, title, duration, genre, release_date, popularity_rank, image) VALUES (767, 32, 'Song yxrwQLIixu', 128, 'Alternative', '2010-01-19', 968, 'https://picsum.photos/id/250/200/200');
INSERT INTO SONGS (song_id, album_id, title, duration, genre, release_date, popularity_rank, image) VALUES (768, 146, 'Song wfe9OVUpm0', 370, 'Classical', '2016-03-01', 562, 'https://picsum.photos/id/273/200/200');
INSERT INTO SONGS (song_id, album_id, title, duration, genre, release_date, popularity_rank, image) VALUES (769, 141, 'Song UkngQevZ4o', 255, 'Alternative', '2021-11-05', 608, 'https://picsum.photos/id/206/200/200');
INSERT INTO SONGS (song_id, album_id, title, duration, genre, release_date, popularity_rank, image) VALUES (770, 195, 'Song D8WsIvS19N', 311, 'Folk', '2018-04-01', 272, 'https://picsum.photos/id/284/200/200');
INSERT INTO SONGS (song_id, album_id, title, duration, genre, release_date, popularity_rank, image) VALUES (771, 188, 'Song spiV7bbeEf', 273, 'Pop', '2015-11-19', 866, 'https://picsum.photos/id/229/200/200');
INSERT INTO SONGS (song_id, album_id, title, duration, genre, release_date, popularity_rank, image) VALUES (772, 132, 'Song atPPEpNHSm', 150, 'Classical', '2024-03-05', 992, 'https://picsum.photos/id/280/200/200');
INSERT INTO SONGS (song_id, album_id, title, duration, genre, release_date, popularity_rank, image) VALUES (773, 54, 'Song rl2B17LkHq', 473, 'Folk', '2023-01-16', 787, 'https://picsum.photos/id/255/200/200');
INSERT INTO SONGS (song_id, album_id, title, duration, genre, release_date, popularity_rank, image) VALUES (774, 148, 'Song ZppPAd6IrS', 242, 'Folk', '2017-02-04', 831, 'https://picsum.photos/id/256/200/200');
INSERT INTO SONGS (song_id, album_id, title, duration, genre, release_date, popularity_rank, image) VALUES (775, 82, 'Song MDx5ywCaym', 270, 'R&B', '2009-10-19', 395, 'https://picsum.photos/id/228/200/200');
INSERT INTO SONGS (song_id, album_id, title, duration, genre, release_date, popularity_rank, image) VALUES (776, 199, 'Song SjgwRasXVZ', 357, 'R&B', '2012-01-25', 485, 'https://picsum.photos/id/262/200/200');
INSERT INTO SONGS (song_id, album_id, title, duration, genre, release_date, popularity_rank, image) VALUES (777, 134, 'Song QAeIkxGQj3', 319, 'Reggae', '2015-10-30', 782, 'https://picsum.photos/id/272/200/200');
INSERT INTO SONGS (song_id, album_id, title, duration, genre, release_date, popularity_rank, image) VALUES (778, 70, 'Song 5U64YfmXWM', 155, 'Folk', '2023-02-21', 129, 'https://picsum.photos/id/260/200/200');
INSERT INTO SONGS (song_id, album_id, title, duration, genre, release_date, popularity_rank, image) VALUES (779, 46, 'Song x2YMXoerll', 139, 'Electronic', '2008-06-22', 344, 'https://picsum.photos/id/261/200/200');
INSERT INTO SONGS (song_id, album_id, title, duration, genre, release_date, popularity_rank, image) VALUES (780, 102, 'Song 83ju7KFZ92', 125, 'Blues', '2019-02-24', 750, 'https://picsum.photos/id/255/200/200');
INSERT INTO SONGS (song_id, album_id, title, duration, genre, release_date, popularity_rank, image) VALUES (781, 200, 'Song hEWjlU7hx0', 157, 'Electronic', '2018-04-21', 521, 'https://picsum.photos/id/222/200/200');
INSERT INTO SONGS (song_id, album_id, title, duration, genre, release_date, popularity_rank, image) VALUES (782, 33, 'Song D37DAKY2cj', 431, 'Classical', '2015-03-01', 41, 'https://picsum.photos/id/244/200/200');
INSERT INTO SONGS (song_id, album_id, title, duration, genre, release_date, popularity_rank, image) VALUES (783, 47, 'Song QQa2SkPxqE', 390, 'Electronic', '2021-07-23', 553, 'https://picsum.photos/id/201/200/200');
INSERT INTO SONGS (song_id, album_id, title, duration, genre, release_date, popularity_rank, image) VALUES (784, 156, 'Song zWCh8wN5oH', 296, 'Alternative', '2024-02-15', 347, 'https://picsum.photos/id/238/200/200');
INSERT INTO SONGS (song_id, album_id, title, duration, genre, release_date, popularity_rank, image) VALUES (785, 23, 'Song VC5iNvs2eH', 183, 'Metal', '2017-10-02', 992, 'https://picsum.photos/id/286/200/200');
INSERT INTO SONGS (song_id, album_id, title, duration, genre, release_date, popularity_rank, image) VALUES (786, 89, 'Song P2ayqITEyM', 350, 'Alternative', '2012-11-19', 401, 'https://picsum.photos/id/256/200/200');
INSERT INTO SONGS (song_id, album_id, title, duration, genre, release_date, popularity_rank, image) VALUES (787, 78, 'Song y5zbx6lXfT', 432, 'Alternative', '2017-07-02', 230, 'https://picsum.photos/id/216/200/200');
INSERT INTO SONGS (song_id, album_id, title, duration, genre, release_date, popularity_rank, image) VALUES (788, 183, 'Song du1H8MvbPM', 412, 'Jazz', '2019-04-24', 311, 'https://picsum.photos/id/279/200/200');
INSERT INTO SONGS (song_id, album_id, title, duration, genre, release_date, popularity_rank, image) VALUES (789, 6, 'Song 0fDbBHfu1S', 254, 'Electronic', '2013-10-23', 455, 'https://picsum.photos/id/242/200/200');
INSERT INTO SONGS (song_id, album_id, title, duration, genre, release_date, popularity_rank, image) VALUES (790, 137, 'Song jRzw5LOxO7', 470, 'Reggae', '2023-07-14', 932, 'https://picsum.photos/id/254/200/200');
INSERT INTO SONGS (song_id, album_id, title, duration, genre, release_date, popularity_rank, image) VALUES (791, 93, 'Song QgrGSqEkz5', 399, 'R&B', '2022-06-21', 537, 'https://picsum.photos/id/276/200/200');
INSERT INTO SONGS (song_id, album_id, title, duration, genre, release_date, popularity_rank, image) VALUES (792, 53, 'Song dGoyemBctb', 208, 'Jazz', '2008-09-25', 740, 'https://picsum.photos/id/268/200/200');
INSERT INTO SONGS (song_id, album_id, title, duration, genre, release_date, popularity_rank, image) VALUES (793, 164, 'Song gxPqArPT7T', 269, 'Electronic', '2008-05-05', 747, 'https://picsum.photos/id/286/200/200');
INSERT INTO SONGS (song_id, album_id, title, duration, genre, release_date, popularity_rank, image) VALUES (794, 101, 'Song RkzKpd0XnA', 321, 'Pop', '2012-04-20', 973, 'https://picsum.photos/id/274/200/200');
INSERT INTO SONGS (song_id, album_id, title, duration, genre, release_date, popularity_rank, image) VALUES (795, 129, 'Song RP6HZeqnRv', 299, 'Reggae', '2022-07-24', 710, 'https://picsum.photos/id/282/200/200');
INSERT INTO SONGS (song_id, album_id, title, duration, genre, release_date, popularity_rank, image) VALUES (796, 29, 'Song fNRnm5GKtV', 351, 'Pop', '2022-11-02', 46, 'https://picsum.photos/id/248/200/200');
INSERT INTO SONGS (song_id, album_id, title, duration, genre, release_date, popularity_rank, image) VALUES (797, 189, 'Song jX17GHFVtx', 329, 'Indie', '2019-02-14', 185, 'https://picsum.photos/id/288/200/200');
INSERT INTO SONGS (song_id, album_id, title, duration, genre, release_date, popularity_rank, image) VALUES (798, 42, 'Song 7GuIwntvGq', 457, 'Reggae', '2018-08-18', 60, 'https://picsum.photos/id/296/200/200');
INSERT INTO SONGS (song_id, album_id, title, duration, genre, release_date, popularity_rank, image) VALUES (799, 33, 'Song pYmI4zIWoC', 404, 'Rock', '2023-08-04', 899, 'https://picsum.photos/id/212/200/200');
INSERT INTO SONGS (song_id, album_id, title, duration, genre, release_date, popularity_rank, image) VALUES (800, 90, 'Song LKqBnIofi1', 120, 'Country', '2012-06-15', 71, 'https://picsum.photos/id/245/200/200');
INSERT INTO SONGS (song_id, album_id, title, duration, genre, release_date, popularity_rank, image) VALUES (801, 96, 'Song AOqj17XWdR', 271, 'Hip Hop', '2014-02-03', 339, 'https://picsum.photos/id/298/200/200');
INSERT INTO SONGS (song_id, album_id, title, duration, genre, release_date, popularity_rank, image) VALUES (802, 28, 'Song dmrDfNYJ0d', 283, 'Pop', '2014-05-07', 436, 'https://picsum.photos/id/227/200/200');
INSERT INTO SONGS (song_id, album_id, title, duration, genre, release_date, popularity_rank, image) VALUES (803, 119, 'Song j6lOqttfLS', 179, 'Reggae', '2010-09-28', 214, 'https://picsum.photos/id/272/200/200');
INSERT INTO SONGS (song_id, album_id, title, duration, genre, release_date, popularity_rank, image) VALUES (804, 133, 'Song rPlpC5ECbC', 456, 'Country', '2017-11-26', 276, 'https://picsum.photos/id/267/200/200');
INSERT INTO SONGS (song_id, album_id, title, duration, genre, release_date, popularity_rank, image) VALUES (805, 141, 'Song cxeIcxSlfn', 418, 'Blues', '2015-07-24', 175, 'https://picsum.photos/id/280/200/200');
INSERT INTO SONGS (song_id, album_id, title, duration, genre, release_date, popularity_rank, image) VALUES (806, 137, 'Song RGYpuFlpVF', 384, 'Hip Hop', '2021-05-28', 571, 'https://picsum.photos/id/249/200/200');
INSERT INTO SONGS (song_id, album_id, title, duration, genre, release_date, popularity_rank, image) VALUES (807, 112, 'Song 3NEVsrcqPM', 185, 'Dance', '2023-09-28', 526, 'https://picsum.photos/id/269/200/200');
INSERT INTO SONGS (song_id, album_id, title, duration, genre, release_date, popularity_rank, image) VALUES (808, 156, 'Song SXyXUVQrfx', 237, 'Classical', '2019-05-03', 10, 'https://picsum.photos/id/262/200/200');
INSERT INTO SONGS (song_id, album_id, title, duration, genre, release_date, popularity_rank, image) VALUES (809, 162, 'Song 7q7PcD9n9g', 160, 'Rock', '2008-08-15', 349, 'https://picsum.photos/id/217/200/200');
INSERT INTO SONGS (song_id, album_id, title, duration, genre, release_date, popularity_rank, image) VALUES (810, 154, 'Song hZAIuOAVYG', 188, 'Alternative', '2021-06-15', 424, 'https://picsum.photos/id/261/200/200');
INSERT INTO SONGS (song_id, album_id, title, duration, genre, release_date, popularity_rank, image) VALUES (811, 88, 'Song 3HhS1kpFpw', 138, 'Hip Hop', '2011-11-07', 670, 'https://picsum.photos/id/257/200/200');
INSERT INTO SONGS (song_id, album_id, title, duration, genre, release_date, popularity_rank, image) VALUES (812, 150, 'Song o2z0QQY63l', 380, 'Country', '2020-01-25', 631, 'https://picsum.photos/id/264/200/200');
INSERT INTO SONGS (song_id, album_id, title, duration, genre, release_date, popularity_rank, image) VALUES (813, 141, 'Song Ls91hdfU7R', 156, 'Classical', '2018-03-06', 192, 'https://picsum.photos/id/282/200/200');
INSERT INTO SONGS (song_id, album_id, title, duration, genre, release_date, popularity_rank, image) VALUES (814, 28, 'Song BPpguYOONs', 298, 'Folk', '2014-03-09', 692, 'https://picsum.photos/id/274/200/200');
INSERT INTO SONGS (song_id, album_id, title, duration, genre, release_date, popularity_rank, image) VALUES (815, 89, 'Song abeCDPdYTD', 171, 'Indie', '2010-03-06', 386, 'https://picsum.photos/id/287/200/200');
INSERT INTO SONGS (song_id, album_id, title, duration, genre, release_date, popularity_rank, image) VALUES (816, 175, 'Song 9VKM1LMCsL', 436, 'R&B', '2008-10-11', 362, 'https://picsum.photos/id/245/200/200');
INSERT INTO SONGS (song_id, album_id, title, duration, genre, release_date, popularity_rank, image) VALUES (817, 178, 'Song C4Gr3CZHgB', 182, 'R&B', '2009-06-30', 474, 'https://picsum.photos/id/216/200/200');
INSERT INTO SONGS (song_id, album_id, title, duration, genre, release_date, popularity_rank, image) VALUES (818, 99, 'Song CmYHclfQS9', 249, 'Alternative', '2013-02-20', 474, 'https://picsum.photos/id/296/200/200');
INSERT INTO SONGS (song_id, album_id, title, duration, genre, release_date, popularity_rank, image) VALUES (819, 180, 'Song mhecYGqTqO', 389, 'Alternative', '2018-02-05', 637, 'https://picsum.photos/id/275/200/200');
INSERT INTO SONGS (song_id, album_id, title, duration, genre, release_date, popularity_rank, image) VALUES (820, 6, 'Song j09wH9j5Ag', 292, 'Alternative', '2011-02-11', 716, 'https://picsum.photos/id/293/200/200');
INSERT INTO SONGS (song_id, album_id, title, duration, genre, release_date, popularity_rank, image) VALUES (821, 85, 'Song mLqbtXffHm', 152, 'Rock', '2011-09-26', 903, 'https://picsum.photos/id/230/200/200');
INSERT INTO SONGS (song_id, album_id, title, duration, genre, release_date, popularity_rank, image) VALUES (822, 67, 'Song SRvwwTPxW2', 421, 'Alternative', '2020-03-30', 687, 'https://picsum.photos/id/217/200/200');
INSERT INTO SONGS (song_id, album_id, title, duration, genre, release_date, popularity_rank, image) VALUES (823, 108, 'Song 5k39CPc1OJ', 176, 'Electronic', '2019-01-28', 858, 'https://picsum.photos/id/288/200/200');
INSERT INTO SONGS (song_id, album_id, title, duration, genre, release_date, popularity_rank, image) VALUES (824, 14, 'Song no40bnoRrL', 417, 'Rock', '2015-01-04', 436, 'https://picsum.photos/id/263/200/200');
INSERT INTO SONGS (song_id, album_id, title, duration, genre, release_date, popularity_rank, image) VALUES (825, 157, 'Song lfMGyXIGhe', 166, 'Dance', '2020-06-17', 690, 'https://picsum.photos/id/212/200/200');
INSERT INTO SONGS (song_id, album_id, title, duration, genre, release_date, popularity_rank, image) VALUES (826, 11, 'Song 1jtZRoQcz0', 248, 'Electronic', '2013-01-03', 144, 'https://picsum.photos/id/225/200/200');
INSERT INTO SONGS (song_id, album_id, title, duration, genre, release_date, popularity_rank, image) VALUES (827, 15, 'Song zfpP2CErS5', 417, 'Hip Hop', '2019-02-18', 173, 'https://picsum.photos/id/233/200/200');
INSERT INTO SONGS (song_id, album_id, title, duration, genre, release_date, popularity_rank, image) VALUES (828, 142, 'Song aTKhmHBo3S', 449, 'Jazz', '2022-09-24', 234, 'https://picsum.photos/id/247/200/200');
INSERT INTO SONGS (song_id, album_id, title, duration, genre, release_date, popularity_rank, image) VALUES (829, 37, 'Song fT4qDVr5OB', 327, 'Folk', '2013-02-10', 786, 'https://picsum.photos/id/212/200/200');
INSERT INTO SONGS (song_id, album_id, title, duration, genre, release_date, popularity_rank, image) VALUES (830, 125, 'Song 3gquV5gPuX', 210, 'Hip Hop', '2015-03-09', 266, 'https://picsum.photos/id/214/200/200');
INSERT INTO SONGS (song_id, album_id, title, duration, genre, release_date, popularity_rank, image) VALUES (831, 49, 'Song DkShmAk96G', 279, 'Rock', '2023-10-06', 877, 'https://picsum.photos/id/208/200/200');
INSERT INTO SONGS (song_id, album_id, title, duration, genre, release_date, popularity_rank, image) VALUES (832, 124, 'Song JrPUEvSOL0', 278, 'R&B', '2015-01-07', 877, 'https://picsum.photos/id/239/200/200');
INSERT INTO SONGS (song_id, album_id, title, duration, genre, release_date, popularity_rank, image) VALUES (833, 98, 'Song 6Y5EgY4MmU', 183, 'Country', '2017-06-17', 948, 'https://picsum.photos/id/277/200/200');
INSERT INTO SONGS (song_id, album_id, title, duration, genre, release_date, popularity_rank, image) VALUES (834, 70, 'Song p3A99wfIyh', 230, 'Blues', '2015-08-31', 796, 'https://picsum.photos/id/275/200/200');
INSERT INTO SONGS (song_id, album_id, title, duration, genre, release_date, popularity_rank, image) VALUES (835, 149, 'Song ftKHQvsnMD', 462, 'Country', '2009-07-05', 987, 'https://picsum.photos/id/291/200/200');
INSERT INTO SONGS (song_id, album_id, title, duration, genre, release_date, popularity_rank, image) VALUES (836, 180, 'Song vpVSfoBQkj', 166, 'Metal', '2022-08-14', 684, 'https://picsum.photos/id/211/200/200');
INSERT INTO SONGS (song_id, album_id, title, duration, genre, release_date, popularity_rank, image) VALUES (837, 97, 'Song zhOtMUqRwL', 417, 'Alternative', '2018-11-22', 276, 'https://picsum.photos/id/224/200/200');
INSERT INTO SONGS (song_id, album_id, title, duration, genre, release_date, popularity_rank, image) VALUES (838, 186, 'Song RXiLNk1HB2', 331, 'Alternative', '2009-07-10', 357, 'https://picsum.photos/id/262/200/200');
INSERT INTO SONGS (song_id, album_id, title, duration, genre, release_date, popularity_rank, image) VALUES (839, 4, 'Song Noqhkg1U8Y', 408, 'Rock', '2013-04-08', 425, 'https://picsum.photos/id/297/200/200');
INSERT INTO SONGS (song_id, album_id, title, duration, genre, release_date, popularity_rank, image) VALUES (840, 108, 'Song 9eToiI7HPz', 336, 'Electronic', '2019-03-23', 296, 'https://picsum.photos/id/259/200/200');
INSERT INTO SONGS (song_id, album_id, title, duration, genre, release_date, popularity_rank, image) VALUES (841, 182, 'Song Hsb3abB5kQ', 242, 'Blues', '2024-04-24', 171, 'https://picsum.photos/id/275/200/200');
INSERT INTO SONGS (song_id, album_id, title, duration, genre, release_date, popularity_rank, image) VALUES (842, 47, 'Song 0Mmjo1DzDX', 287, 'Classical', '2015-04-19', 688, 'https://picsum.photos/id/282/200/200');
INSERT INTO SONGS (song_id, album_id, title, duration, genre, release_date, popularity_rank, image) VALUES (843, 72, 'Song vY42GTNtHC', 434, 'Country', '2013-08-28', 25, 'https://picsum.photos/id/290/200/200');
INSERT INTO SONGS (song_id, album_id, title, duration, genre, release_date, popularity_rank, image) VALUES (844, 74, 'Song V8LmrKk6LY', 266, 'Dance', '2011-10-29', 97, 'https://picsum.photos/id/207/200/200');
INSERT INTO SONGS (song_id, album_id, title, duration, genre, release_date, popularity_rank, image) VALUES (845, 115, 'Song CB2VwisEmd', 221, 'Reggae', '2015-05-03', 776, 'https://picsum.photos/id/243/200/200');
INSERT INTO SONGS (song_id, album_id, title, duration, genre, release_date, popularity_rank, image) VALUES (846, 141, 'Song vZmqMR54XU', 157, 'Electronic', '2017-11-27', 683, 'https://picsum.photos/id/300/200/200');
INSERT INTO SONGS (song_id, album_id, title, duration, genre, release_date, popularity_rank, image) VALUES (847, 2, 'Song 6tIpcsgnke', 204, 'Folk', '2023-12-16', 53, 'https://picsum.photos/id/202/200/200');
INSERT INTO SONGS (song_id, album_id, title, duration, genre, release_date, popularity_rank, image) VALUES (848, 42, 'Song nJzcZiybkW', 437, 'Dance', '2009-01-04', 758, 'https://picsum.photos/id/296/200/200');
INSERT INTO SONGS (song_id, album_id, title, duration, genre, release_date, popularity_rank, image) VALUES (849, 154, 'Song Qq7GU0KfQz', 398, 'Country', '2010-01-20', 497, 'https://picsum.photos/id/213/200/200');
INSERT INTO SONGS (song_id, album_id, title, duration, genre, release_date, popularity_rank, image) VALUES (850, 35, 'Song DcNEMS7pKz', 256, 'Dance', '2010-10-07', 48, 'https://picsum.photos/id/250/200/200');
INSERT INTO SONGS (song_id, album_id, title, duration, genre, release_date, popularity_rank, image) VALUES (851, 34, 'Song oOicqK32dx', 137, 'Folk', '2019-06-16', 139, 'https://picsum.photos/id/267/200/200');
INSERT INTO SONGS (song_id, album_id, title, duration, genre, release_date, popularity_rank, image) VALUES (852, 174, 'Song s7JvuuVFSO', 413, 'Metal', '2009-05-21', 704, 'https://picsum.photos/id/209/200/200');
INSERT INTO SONGS (song_id, album_id, title, duration, genre, release_date, popularity_rank, image) VALUES (853, 146, 'Song 47JE6I5yis', 299, 'Country', '2014-07-16', 178, 'https://picsum.photos/id/296/200/200');
INSERT INTO SONGS (song_id, album_id, title, duration, genre, release_date, popularity_rank, image) VALUES (854, 173, 'Song EmEcvgl0fF', 283, 'Jazz', '2023-01-25', 300, 'https://picsum.photos/id/285/200/200');
INSERT INTO SONGS (song_id, album_id, title, duration, genre, release_date, popularity_rank, image) VALUES (855, 80, 'Song VfSW0SWnzd', 225, 'Reggae', '2023-08-18', 285, 'https://picsum.photos/id/261/200/200');
INSERT INTO SONGS (song_id, album_id, title, duration, genre, release_date, popularity_rank, image) VALUES (856, 29, 'Song cyHIIq7DV0', 374, 'Reggae', '2021-09-26', 610, 'https://picsum.photos/id/274/200/200');
INSERT INTO SONGS (song_id, album_id, title, duration, genre, release_date, popularity_rank, image) VALUES (857, 82, 'Song DeVmHFPPLB', 207, 'Classical', '2008-11-28', 523, 'https://picsum.photos/id/255/200/200');
INSERT INTO SONGS (song_id, album_id, title, duration, genre, release_date, popularity_rank, image) VALUES (858, 46, 'Song GjAFV3ljHk', 200, 'Folk', '2020-05-06', 450, 'https://picsum.photos/id/298/200/200');
INSERT INTO SONGS (song_id, album_id, title, duration, genre, release_date, popularity_rank, image) VALUES (859, 15, 'Song RnjarzfqMi', 137, 'Electronic', '2016-02-11', 428, 'https://picsum.photos/id/287/200/200');
INSERT INTO SONGS (song_id, album_id, title, duration, genre, release_date, popularity_rank, image) VALUES (860, 194, 'Song btsZKi9SbZ', 472, 'Hip Hop', '2017-08-03', 10, 'https://picsum.photos/id/285/200/200');
INSERT INTO SONGS (song_id, album_id, title, duration, genre, release_date, popularity_rank, image) VALUES (861, 199, 'Song lAwfEzzDhg', 397, 'Jazz', '2018-05-31', 407, 'https://picsum.photos/id/207/200/200');
INSERT INTO SONGS (song_id, album_id, title, duration, genre, release_date, popularity_rank, image) VALUES (862, 166, 'Song 79p1D4rBuz', 351, 'Alternative', '2023-05-23', 412, 'https://picsum.photos/id/220/200/200');
INSERT INTO SONGS (song_id, album_id, title, duration, genre, release_date, popularity_rank, image) VALUES (863, 68, 'Song 58p4vLoeVu', 250, 'Pop', '2019-03-26', 285, 'https://picsum.photos/id/208/200/200');
INSERT INTO SONGS (song_id, album_id, title, duration, genre, release_date, popularity_rank, image) VALUES (864, 137, 'Song g1h8e2JhSS', 147, 'Electronic', '2015-10-26', 823, 'https://picsum.photos/id/264/200/200');
INSERT INTO SONGS (song_id, album_id, title, duration, genre, release_date, popularity_rank, image) VALUES (865, 193, 'Song nkXSileGeC', 134, 'Dance', '2015-01-28', 838, 'https://picsum.photos/id/218/200/200');
INSERT INTO SONGS (song_id, album_id, title, duration, genre, release_date, popularity_rank, image) VALUES (866, 37, 'Song yXblgOaclB', 335, 'Alternative', '2015-08-23', 121, 'https://picsum.photos/id/226/200/200');
INSERT INTO SONGS (song_id, album_id, title, duration, genre, release_date, popularity_rank, image) VALUES (867, 71, 'Song t9g3Qr4eM7', 433, 'Folk', '2019-04-16', 630, 'https://picsum.photos/id/288/200/200');
INSERT INTO SONGS (song_id, album_id, title, duration, genre, release_date, popularity_rank, image) VALUES (868, 183, 'Song M5W2QaWPvZ', 224, 'Pop', '2008-06-03', 859, 'https://picsum.photos/id/238/200/200');
INSERT INTO SONGS (song_id, album_id, title, duration, genre, release_date, popularity_rank, image) VALUES (869, 151, 'Song YwWnxc1p9x', 369, 'Indie', '2023-08-12', 236, 'https://picsum.photos/id/231/200/200');
INSERT INTO SONGS (song_id, album_id, title, duration, genre, release_date, popularity_rank, image) VALUES (870, 96, 'Song 4II9likhqK', 170, 'Hip Hop', '2009-03-25', 315, 'https://picsum.photos/id/203/200/200');
INSERT INTO SONGS (song_id, album_id, title, duration, genre, release_date, popularity_rank, image) VALUES (871, 98, 'Song EzPQUgtPxH', 318, 'Pop', '2018-08-11', 992, 'https://picsum.photos/id/223/200/200');
INSERT INTO SONGS (song_id, album_id, title, duration, genre, release_date, popularity_rank, image) VALUES (872, 136, 'Song o6tf7HJ3zX', 183, 'Folk', '2022-09-14', 898, 'https://picsum.photos/id/254/200/200');
INSERT INTO SONGS (song_id, album_id, title, duration, genre, release_date, popularity_rank, image) VALUES (873, 51, 'Song vAW72DIMWO', 400, 'Dance', '2014-03-16', 565, 'https://picsum.photos/id/206/200/200');
INSERT INTO SONGS (song_id, album_id, title, duration, genre, release_date, popularity_rank, image) VALUES (874, 48, 'Song hI7FHL28f5', 292, 'Dance', '2020-02-10', 452, 'https://picsum.photos/id/214/200/200');
INSERT INTO SONGS (song_id, album_id, title, duration, genre, release_date, popularity_rank, image) VALUES (875, 195, 'Song vxZU4MLDdL', 272, 'Pop', '2018-11-27', 260, 'https://picsum.photos/id/251/200/200');
INSERT INTO SONGS (song_id, album_id, title, duration, genre, release_date, popularity_rank, image) VALUES (876, 118, 'Song KVnfg0XIX4', 476, 'Rock', '2015-04-15', 898, 'https://picsum.photos/id/255/200/200');
INSERT INTO SONGS (song_id, album_id, title, duration, genre, release_date, popularity_rank, image) VALUES (877, 119, 'Song DGTVi5YoXv', 391, 'Dance', '2015-10-18', 575, 'https://picsum.photos/id/276/200/200');
INSERT INTO SONGS (song_id, album_id, title, duration, genre, release_date, popularity_rank, image) VALUES (878, 190, 'Song mwKliVFUP8', 450, 'Dance', '2009-06-20', 106, 'https://picsum.photos/id/204/200/200');
INSERT INTO SONGS (song_id, album_id, title, duration, genre, release_date, popularity_rank, image) VALUES (879, 149, 'Song 3RlpDlULAV', 150, 'Electronic', '2017-08-09', 342, 'https://picsum.photos/id/219/200/200');
INSERT INTO SONGS (song_id, album_id, title, duration, genre, release_date, popularity_rank, image) VALUES (880, 174, 'Song qzNFBUi4Af', 254, 'Electronic', '2022-09-26', 233, 'https://picsum.photos/id/242/200/200');
INSERT INTO SONGS (song_id, album_id, title, duration, genre, release_date, popularity_rank, image) VALUES (881, 69, 'Song DrtkRC0Rh9', 127, 'Hip Hop', '2009-05-26', 809, 'https://picsum.photos/id/300/200/200');
INSERT INTO SONGS (song_id, album_id, title, duration, genre, release_date, popularity_rank, image) VALUES (882, 92, 'Song SuwLB9Pu9N', 137, 'Classical', '2011-07-18', 173, 'https://picsum.photos/id/221/200/200');
INSERT INTO SONGS (song_id, album_id, title, duration, genre, release_date, popularity_rank, image) VALUES (883, 38, 'Song 96qzoKbw9c', 476, 'Jazz', '2018-04-27', 170, 'https://picsum.photos/id/207/200/200');
INSERT INTO SONGS (song_id, album_id, title, duration, genre, release_date, popularity_rank, image) VALUES (884, 23, 'Song dk0I8nyfOL', 136, 'Hip Hop', '2010-02-25', 579, 'https://picsum.photos/id/299/200/200');
INSERT INTO SONGS (song_id, album_id, title, duration, genre, release_date, popularity_rank, image) VALUES (885, 16, 'Song 6symiKdq5t', 389, 'Reggae', '2023-03-15', 879, 'https://picsum.photos/id/250/200/200');
INSERT INTO SONGS (song_id, album_id, title, duration, genre, release_date, popularity_rank, image) VALUES (886, 184, 'Song qYsvCPiiwF', 131, 'Rock', '2020-08-25', 267, 'https://picsum.photos/id/252/200/200');
INSERT INTO SONGS (song_id, album_id, title, duration, genre, release_date, popularity_rank, image) VALUES (887, 190, 'Song wgtTsMYceu', 460, 'Pop', '2013-11-11', 753, 'https://picsum.photos/id/274/200/200');
INSERT INTO SONGS (song_id, album_id, title, duration, genre, release_date, popularity_rank, image) VALUES (888, 58, 'Song QVm3XzWh6x', 388, 'Alternative', '2008-11-10', 71, 'https://picsum.photos/id/294/200/200');
INSERT INTO SONGS (song_id, album_id, title, duration, genre, release_date, popularity_rank, image) VALUES (889, 21, 'Song qt93B1xXK1', 467, 'Alternative', '2019-11-20', 688, 'https://picsum.photos/id/237/200/200');
INSERT INTO SONGS (song_id, album_id, title, duration, genre, release_date, popularity_rank, image) VALUES (890, 192, 'Song AvMeq2Sq5q', 339, 'Electronic', '2019-05-26', 787, 'https://picsum.photos/id/255/200/200');
INSERT INTO SONGS (song_id, album_id, title, duration, genre, release_date, popularity_rank, image) VALUES (891, 81, 'Song J2jaOhAYbZ', 274, 'Rock', '2018-06-12', 532, 'https://picsum.photos/id/249/200/200');
INSERT INTO SONGS (song_id, album_id, title, duration, genre, release_date, popularity_rank, image) VALUES (892, 187, 'Song SpCLTHWeBE', 374, 'Hip Hop', '2011-12-02', 675, 'https://picsum.photos/id/234/200/200');
INSERT INTO SONGS (song_id, album_id, title, duration, genre, release_date, popularity_rank, image) VALUES (893, 54, 'Song 0AKRhOD2Xj', 380, 'Folk', '2008-08-21', 144, 'https://picsum.photos/id/277/200/200');
INSERT INTO SONGS (song_id, album_id, title, duration, genre, release_date, popularity_rank, image) VALUES (894, 21, 'Song TaPrS8eBzg', 314, 'Pop', '2017-06-29', 608, 'https://picsum.photos/id/230/200/200');
INSERT INTO SONGS (song_id, album_id, title, duration, genre, release_date, popularity_rank, image) VALUES (895, 30, 'Song nfYmmvjHQn', 368, 'Electronic', '2012-09-18', 293, 'https://picsum.photos/id/228/200/200');
INSERT INTO SONGS (song_id, album_id, title, duration, genre, release_date, popularity_rank, image) VALUES (896, 91, 'Song EBeooJIECS', 361, 'Alternative', '2016-05-07', 557, 'https://picsum.photos/id/295/200/200');
INSERT INTO SONGS (song_id, album_id, title, duration, genre, release_date, popularity_rank, image) VALUES (897, 145, 'Song UIczJ3BBu1', 324, 'Jazz', '2012-08-08', 39, 'https://picsum.photos/id/280/200/200');
INSERT INTO SONGS (song_id, album_id, title, duration, genre, release_date, popularity_rank, image) VALUES (898, 156, 'Song 2Tdj6CjWvn', 335, 'Indie', '2015-07-28', 307, 'https://picsum.photos/id/231/200/200');
INSERT INTO SONGS (song_id, album_id, title, duration, genre, release_date, popularity_rank, image) VALUES (899, 74, 'Song ld5ERad3ek', 459, 'Folk', '2009-07-18', 377, 'https://picsum.photos/id/291/200/200');
INSERT INTO SONGS (song_id, album_id, title, duration, genre, release_date, popularity_rank, image) VALUES (900, 191, 'Song WkPtvfFj22', 427, 'Electronic', '2013-10-08', 459, 'https://picsum.photos/id/268/200/200');
INSERT INTO SONGS (song_id, album_id, title, duration, genre, release_date, popularity_rank, image) VALUES (901, 185, 'Song lEjrpV9mAR', 269, 'Reggae', '2012-03-19', 759, 'https://picsum.photos/id/252/200/200');
INSERT INTO SONGS (song_id, album_id, title, duration, genre, release_date, popularity_rank, image) VALUES (902, 147, 'Song cn8jNYO45i', 148, 'Blues', '2008-09-25', 228, 'https://picsum.photos/id/258/200/200');
INSERT INTO SONGS (song_id, album_id, title, duration, genre, release_date, popularity_rank, image) VALUES (903, 16, 'Song aNu7A1uB5g', 128, 'Indie', '2017-10-01', 109, 'https://picsum.photos/id/274/200/200');
INSERT INTO SONGS (song_id, album_id, title, duration, genre, release_date, popularity_rank, image) VALUES (904, 11, 'Song z3SEMbnI3k', 205, 'Reggae', '2011-09-06', 963, 'https://picsum.photos/id/232/200/200');
INSERT INTO SONGS (song_id, album_id, title, duration, genre, release_date, popularity_rank, image) VALUES (905, 173, 'Song NIO7CU3uCh', 338, 'Indie', '2009-10-31', 788, 'https://picsum.photos/id/201/200/200');
INSERT INTO SONGS (song_id, album_id, title, duration, genre, release_date, popularity_rank, image) VALUES (906, 5, 'Song 8EZxpZmTzF', 308, 'Dance', '2011-03-04', 323, 'https://picsum.photos/id/282/200/200');
INSERT INTO SONGS (song_id, album_id, title, duration, genre, release_date, popularity_rank, image) VALUES (907, 71, 'Song 8EwJS9oSNA', 323, 'Electronic', '2008-03-04', 166, 'https://picsum.photos/id/225/200/200');
INSERT INTO SONGS (song_id, album_id, title, duration, genre, release_date, popularity_rank, image) VALUES (908, 123, 'Song biVzAVFH6Q', 201, 'Jazz', '2008-02-14', 992, 'https://picsum.photos/id/212/200/200');
INSERT INTO SONGS (song_id, album_id, title, duration, genre, release_date, popularity_rank, image) VALUES (909, 110, 'Song 10kFLzc6CT', 461, 'Blues', '2018-11-29', 412, 'https://picsum.photos/id/236/200/200');
INSERT INTO SONGS (song_id, album_id, title, duration, genre, release_date, popularity_rank, image) VALUES (910, 63, 'Song FScXNCQi8R', 444, 'Classical', '2017-07-06', 242, 'https://picsum.photos/id/294/200/200');
INSERT INTO SONGS (song_id, album_id, title, duration, genre, release_date, popularity_rank, image) VALUES (911, 110, 'Song lvXdcIsPpG', 184, 'Alternative', '2010-02-26', 245, 'https://picsum.photos/id/215/200/200');
INSERT INTO SONGS (song_id, album_id, title, duration, genre, release_date, popularity_rank, image) VALUES (912, 65, 'Song AHanus7st7', 221, 'Dance', '2021-09-20', 738, 'https://picsum.photos/id/265/200/200');
INSERT INTO SONGS (song_id, album_id, title, duration, genre, release_date, popularity_rank, image) VALUES (913, 97, 'Song k31VIe3UZ2', 310, 'Classical', '2024-02-24', 731, 'https://picsum.photos/id/201/200/200');
INSERT INTO SONGS (song_id, album_id, title, duration, genre, release_date, popularity_rank, image) VALUES (914, 183, 'Song aHuEw793CO', 434, 'Indie', '2022-06-01', 259, 'https://picsum.photos/id/255/200/200');
INSERT INTO SONGS (song_id, album_id, title, duration, genre, release_date, popularity_rank, image) VALUES (915, 143, 'Song 0EMZ5HQPyn', 285, 'Indie', '2017-11-10', 471, 'https://picsum.photos/id/293/200/200');
INSERT INTO SONGS (song_id, album_id, title, duration, genre, release_date, popularity_rank, image) VALUES (916, 52, 'Song 5ywSyIWqYy', 408, 'R&B', '2011-08-18', 220, 'https://picsum.photos/id/216/200/200');
INSERT INTO SONGS (song_id, album_id, title, duration, genre, release_date, popularity_rank, image) VALUES (917, 196, 'Song WuKesMbMgq', 321, 'Country', '2014-11-16', 650, 'https://picsum.photos/id/256/200/200');
INSERT INTO SONGS (song_id, album_id, title, duration, genre, release_date, popularity_rank, image) VALUES (918, 93, 'Song gaR5oXZNIL', 449, 'Rock', '2018-06-29', 924, 'https://picsum.photos/id/215/200/200');
INSERT INTO SONGS (song_id, album_id, title, duration, genre, release_date, popularity_rank, image) VALUES (919, 101, 'Song VrcDFM49Rm', 213, 'Blues', '2015-08-08', 680, 'https://picsum.photos/id/266/200/200');
INSERT INTO SONGS (song_id, album_id, title, duration, genre, release_date, popularity_rank, image) VALUES (920, 81, 'Song SqGHctsEtc', 340, 'Blues', '2009-06-22', 453, 'https://picsum.photos/id/289/200/200');
INSERT INTO SONGS (song_id, album_id, title, duration, genre, release_date, popularity_rank, image) VALUES (921, 10, 'Song tvWubPoYe5', 383, 'R&B', '2023-07-15', 660, 'https://picsum.photos/id/276/200/200');
INSERT INTO SONGS (song_id, album_id, title, duration, genre, release_date, popularity_rank, image) VALUES (922, 20, 'Song NAvpaikOmT', 214, 'Folk', '2012-03-04', 704, 'https://picsum.photos/id/260/200/200');
INSERT INTO SONGS (song_id, album_id, title, duration, genre, release_date, popularity_rank, image) VALUES (923, 61, 'Song 6j6wRcrMzz', 200, 'Folk', '2023-06-17', 158, 'https://picsum.photos/id/203/200/200');
INSERT INTO SONGS (song_id, album_id, title, duration, genre, release_date, popularity_rank, image) VALUES (924, 182, 'Song eWGg2oCjEg', 344, 'Metal', '2013-05-06', 757, 'https://picsum.photos/id/290/200/200');
INSERT INTO SONGS (song_id, album_id, title, duration, genre, release_date, popularity_rank, image) VALUES (925, 128, 'Song haDao063dA', 263, 'Metal', '2021-08-24', 224, 'https://picsum.photos/id/214/200/200');
INSERT INTO SONGS (song_id, album_id, title, duration, genre, release_date, popularity_rank, image) VALUES (926, 42, 'Song EW3auwdnr1', 335, 'Hip Hop', '2023-03-11', 997, 'https://picsum.photos/id/276/200/200');
INSERT INTO SONGS (song_id, album_id, title, duration, genre, release_date, popularity_rank, image) VALUES (927, 144, 'Song D6H9zkpvsk', 252, 'Pop', '2019-12-11', 273, 'https://picsum.photos/id/245/200/200');
INSERT INTO SONGS (song_id, album_id, title, duration, genre, release_date, popularity_rank, image) VALUES (928, 42, 'Song uOFVwjTXdg', 425, 'Metal', '2016-09-16', 828, 'https://picsum.photos/id/244/200/200');
INSERT INTO SONGS (song_id, album_id, title, duration, genre, release_date, popularity_rank, image) VALUES (929, 6, 'Song rukeBcPBDH', 156, 'Blues', '2023-10-31', 584, 'https://picsum.photos/id/251/200/200');
INSERT INTO SONGS (song_id, album_id, title, duration, genre, release_date, popularity_rank, image) VALUES (930, 171, 'Song 53rycB2ieU', 244, 'Hip Hop', '2019-04-01', 143, 'https://picsum.photos/id/296/200/200');
INSERT INTO SONGS (song_id, album_id, title, duration, genre, release_date, popularity_rank, image) VALUES (931, 4, 'Song LKg7vkmOE7', 176, 'Electronic', '2008-08-07', 968, 'https://picsum.photos/id/242/200/200');
INSERT INTO SONGS (song_id, album_id, title, duration, genre, release_date, popularity_rank, image) VALUES (932, 122, 'Song hMIeQ2Rcd3', 196, 'Classical', '2019-05-14', 902, 'https://picsum.photos/id/237/200/200');
INSERT INTO SONGS (song_id, album_id, title, duration, genre, release_date, popularity_rank, image) VALUES (933, 135, 'Song a9tG47oHPV', 264, 'Electronic', '2009-07-25', 714, 'https://picsum.photos/id/204/200/200');
INSERT INTO SONGS (song_id, album_id, title, duration, genre, release_date, popularity_rank, image) VALUES (934, 133, 'Song bcTExSCgz9', 193, 'Hip Hop', '2009-02-01', 270, 'https://picsum.photos/id/222/200/200');
INSERT INTO SONGS (song_id, album_id, title, duration, genre, release_date, popularity_rank, image) VALUES (935, 133, 'Song 3BOQBDns4c', 216, 'Pop', '2014-01-10', 267, 'https://picsum.photos/id/256/200/200');
INSERT INTO SONGS (song_id, album_id, title, duration, genre, release_date, popularity_rank, image) VALUES (936, 188, 'Song iNFFiUGF8s', 131, 'Folk', '2016-11-12', 254, 'https://picsum.photos/id/245/200/200');
INSERT INTO SONGS (song_id, album_id, title, duration, genre, release_date, popularity_rank, image) VALUES (937, 11, 'Song 21p05QzBtg', 143, 'Electronic', '2014-04-18', 920, 'https://picsum.photos/id/285/200/200');
INSERT INTO SONGS (song_id, album_id, title, duration, genre, release_date, popularity_rank, image) VALUES (938, 80, 'Song zU8RmuyOrg', 369, 'Rock', '2018-07-30', 530, 'https://picsum.photos/id/230/200/200');
INSERT INTO SONGS (song_id, album_id, title, duration, genre, release_date, popularity_rank, image) VALUES (939, 95, 'Song KjrYX5e3fJ', 201, 'Rock', '2015-02-22', 51, 'https://picsum.photos/id/300/200/200');
INSERT INTO SONGS (song_id, album_id, title, duration, genre, release_date, popularity_rank, image) VALUES (940, 148, 'Song AT6rAwozpq', 374, 'Rock', '2013-12-23', 99, 'https://picsum.photos/id/287/200/200');
INSERT INTO SONGS (song_id, album_id, title, duration, genre, release_date, popularity_rank, image) VALUES (941, 111, 'Song 5zLjnalhNF', 394, 'Country', '2016-06-16', 359, 'https://picsum.photos/id/229/200/200');
INSERT INTO SONGS (song_id, album_id, title, duration, genre, release_date, popularity_rank, image) VALUES (942, 96, 'Song LVPPSaQnTk', 197, 'Hip Hop', '2021-08-15', 868, 'https://picsum.photos/id/247/200/200');
INSERT INTO SONGS (song_id, album_id, title, duration, genre, release_date, popularity_rank, image) VALUES (943, 9, 'Song ESSrHkDLT9', 229, 'R&B', '2015-10-23', 443, 'https://picsum.photos/id/273/200/200');
INSERT INTO SONGS (song_id, album_id, title, duration, genre, release_date, popularity_rank, image) VALUES (944, 148, 'Song PyqOzV1ghd', 320, 'Indie', '2010-07-19', 470, 'https://picsum.photos/id/210/200/200');
INSERT INTO SONGS (song_id, album_id, title, duration, genre, release_date, popularity_rank, image) VALUES (945, 173, 'Song plDDsjvvYf', 431, 'Hip Hop', '2020-11-02', 861, 'https://picsum.photos/id/234/200/200');
INSERT INTO SONGS (song_id, album_id, title, duration, genre, release_date, popularity_rank, image) VALUES (946, 92, 'Song 4i65vgXVnk', 292, 'Reggae', '2013-05-18', 149, 'https://picsum.photos/id/250/200/200');
INSERT INTO SONGS (song_id, album_id, title, duration, genre, release_date, popularity_rank, image) VALUES (947, 25, 'Song toB95KHiIx', 390, 'Reggae', '2021-03-22', 55, 'https://picsum.photos/id/218/200/200');
INSERT INTO SONGS (song_id, album_id, title, duration, genre, release_date, popularity_rank, image) VALUES (948, 193, 'Song 3R2gPKhZTu', 263, 'Hip Hop', '2018-12-27', 686, 'https://picsum.photos/id/277/200/200');
INSERT INTO SONGS (song_id, album_id, title, duration, genre, release_date, popularity_rank, image) VALUES (949, 182, 'Song 9I1DU3qyez', 244, 'Jazz', '2023-05-30', 132, 'https://picsum.photos/id/282/200/200');
INSERT INTO SONGS (song_id, album_id, title, duration, genre, release_date, popularity_rank, image) VALUES (950, 120, 'Song gSkfxcBSjN', 369, 'Indie', '2014-02-13', 45, 'https://picsum.photos/id/207/200/200');
INSERT INTO SONGS (song_id, album_id, title, duration, genre, release_date, popularity_rank, image) VALUES (951, 33, 'Song LCxEqp4JyG', 432, 'Dance', '2024-02-05', 390, 'https://picsum.photos/id/208/200/200');
INSERT INTO SONGS (song_id, album_id, title, duration, genre, release_date, popularity_rank, image) VALUES (952, 92, 'Song tUUjUjbo9P', 351, 'Rock', '2023-02-05', 59, 'https://picsum.photos/id/224/200/200');
INSERT INTO SONGS (song_id, album_id, title, duration, genre, release_date, popularity_rank, image) VALUES (953, 131, 'Song 0w7LsD5HzJ', 337, 'Blues', '2019-04-25', 567, 'https://picsum.photos/id/240/200/200');
INSERT INTO SONGS (song_id, album_id, title, duration, genre, release_date, popularity_rank, image) VALUES (954, 96, 'Song yRWQ9gPtYL', 359, 'Rock', '2016-09-19', 449, 'https://picsum.photos/id/297/200/200');
INSERT INTO SONGS (song_id, album_id, title, duration, genre, release_date, popularity_rank, image) VALUES (955, 175, 'Song mzlG6BHOVk', 401, 'Alternative', '2017-07-26', 447, 'https://picsum.photos/id/283/200/200');
INSERT INTO SONGS (song_id, album_id, title, duration, genre, release_date, popularity_rank, image) VALUES (956, 149, 'Song 7iGzwu8WlE', 193, 'Dance', '2019-02-02', 556, 'https://picsum.photos/id/203/200/200');
INSERT INTO SONGS (song_id, album_id, title, duration, genre, release_date, popularity_rank, image) VALUES (957, 109, 'Song wKs6WHwR8y', 341, 'Rock', '2023-03-07', 270, 'https://picsum.photos/id/207/200/200');
INSERT INTO SONGS (song_id, album_id, title, duration, genre, release_date, popularity_rank, image) VALUES (958, 75, 'Song kf4xVnlOtY', 252, 'Alternative', '2022-07-30', 915, 'https://picsum.photos/id/268/200/200');
INSERT INTO SONGS (song_id, album_id, title, duration, genre, release_date, popularity_rank, image) VALUES (959, 8, 'Song VjFPF8Grwt', 202, 'Folk', '2020-12-28', 461, 'https://picsum.photos/id/297/200/200');
INSERT INTO SONGS (song_id, album_id, title, duration, genre, release_date, popularity_rank, image) VALUES (960, 73, 'Song c1aLDsIN6W', 212, 'Dance', '2011-06-10', 463, 'https://picsum.photos/id/243/200/200');
INSERT INTO SONGS (song_id, album_id, title, duration, genre, release_date, popularity_rank, image) VALUES (961, 102, 'Song 5XvJFgm4eM', 174, 'Dance', '2016-02-12', 480, 'https://picsum.photos/id/245/200/200');
INSERT INTO SONGS (song_id, album_id, title, duration, genre, release_date, popularity_rank, image) VALUES (962, 59, 'Song pqvVkHsttV', 224, 'Electronic', '2011-11-23', 409, 'https://picsum.photos/id/273/200/200');
INSERT INTO SONGS (song_id, album_id, title, duration, genre, release_date, popularity_rank, image) VALUES (963, 121, 'Song c8qrZI6y6m', 295, 'Hip Hop', '2011-10-15', 83, 'https://picsum.photos/id/269/200/200');
INSERT INTO SONGS (song_id, album_id, title, duration, genre, release_date, popularity_rank, image) VALUES (964, 59, 'Song QOD5jdkT6h', 340, 'Dance', '2016-02-27', 453, 'https://picsum.photos/id/222/200/200');
INSERT INTO SONGS (song_id, album_id, title, duration, genre, release_date, popularity_rank, image) VALUES (965, 160, 'Song 246zqUM4NU', 453, 'Alternative', '2008-04-11', 728, 'https://picsum.photos/id/209/200/200');
INSERT INTO SONGS (song_id, album_id, title, duration, genre, release_date, popularity_rank, image) VALUES (966, 14, 'Song KHoYxvcWRN', 161, 'R&B', '2010-02-11', 875, 'https://picsum.photos/id/242/200/200');
INSERT INTO SONGS (song_id, album_id, title, duration, genre, release_date, popularity_rank, image) VALUES (967, 123, 'Song fNE6cA87sE', 265, 'Reggae', '2018-09-25', 585, 'https://picsum.photos/id/257/200/200');
INSERT INTO SONGS (song_id, album_id, title, duration, genre, release_date, popularity_rank, image) VALUES (968, 135, 'Song bcVB6xvofr', 300, 'Classical', '2018-07-28', 785, 'https://picsum.photos/id/235/200/200');
INSERT INTO SONGS (song_id, album_id, title, duration, genre, release_date, popularity_rank, image) VALUES (969, 61, 'Song dtMRAqg7lt', 290, 'Country', '2024-01-04', 310, 'https://picsum.photos/id/267/200/200');
INSERT INTO SONGS (song_id, album_id, title, duration, genre, release_date, popularity_rank, image) VALUES (970, 175, 'Song kNuJEiWI8z', 258, 'Hip Hop', '2019-12-22', 784, 'https://picsum.photos/id/263/200/200');
INSERT INTO SONGS (song_id, album_id, title, duration, genre, release_date, popularity_rank, image) VALUES (971, 14, 'Song Vn371L3C9z', 316, 'Country', '2012-07-07', 819, 'https://picsum.photos/id/208/200/200');
INSERT INTO SONGS (song_id, album_id, title, duration, genre, release_date, popularity_rank, image) VALUES (972, 52, 'Song qmhgfOYQKa', 159, 'Metal', '2011-08-01', 570, 'https://picsum.photos/id/249/200/200');
INSERT INTO SONGS (song_id, album_id, title, duration, genre, release_date, popularity_rank, image) VALUES (973, 173, 'Song amN3LYmb6t', 146, 'Indie', '2020-01-15', 821, 'https://picsum.photos/id/237/200/200');
INSERT INTO SONGS (song_id, album_id, title, duration, genre, release_date, popularity_rank, image) VALUES (974, 33, 'Song Om4DsF3mIg', 316, 'Reggae', '2015-06-07', 102, 'https://picsum.photos/id/283/200/200');
INSERT INTO SONGS (song_id, album_id, title, duration, genre, release_date, popularity_rank, image) VALUES (975, 184, 'Song M9BnjyVFCs', 216, 'Dance', '2012-05-30', 762, 'https://picsum.photos/id/277/200/200');
INSERT INTO SONGS (song_id, album_id, title, duration, genre, release_date, popularity_rank, image) VALUES (976, 117, 'Song 35Lgei2N87', 393, 'Reggae', '2021-05-17', 878, 'https://picsum.photos/id/255/200/200');
INSERT INTO SONGS (song_id, album_id, title, duration, genre, release_date, popularity_rank, image) VALUES (977, 144, 'Song zyyUJQ4F11', 332, 'Blues', '2019-03-11', 184, 'https://picsum.photos/id/293/200/200');
INSERT INTO SONGS (song_id, album_id, title, duration, genre, release_date, popularity_rank, image) VALUES (978, 143, 'Song xfLnqU6XoG', 163, 'Jazz', '2017-12-23', 510, 'https://picsum.photos/id/299/200/200');
INSERT INTO SONGS (song_id, album_id, title, duration, genre, release_date, popularity_rank, image) VALUES (979, 137, 'Song nL2cqRntFl', 183, 'Pop', '2019-09-06', 116, 'https://picsum.photos/id/280/200/200');
INSERT INTO SONGS (song_id, album_id, title, duration, genre, release_date, popularity_rank, image) VALUES (980, 137, 'Song Wlh97X3XEd', 472, 'R&B', '2012-07-24', 384, 'https://picsum.photos/id/220/200/200');
INSERT INTO SONGS (song_id, album_id, title, duration, genre, release_date, popularity_rank, image) VALUES (981, 104, 'Song T8Xy0uusfo', 394, 'Jazz', '2008-12-23', 708, 'https://picsum.photos/id/233/200/200');
INSERT INTO SONGS (song_id, album_id, title, duration, genre, release_date, popularity_rank, image) VALUES (982, 138, 'Song VtWHGdGIsd', 474, 'Dance', '2010-08-17', 730, 'https://picsum.photos/id/279/200/200');
INSERT INTO SONGS (song_id, album_id, title, duration, genre, release_date, popularity_rank, image) VALUES (983, 195, 'Song jInK6HNtkC', 338, 'Classical', '2021-10-20', 816, 'https://picsum.photos/id/205/200/200');
INSERT INTO SONGS (song_id, album_id, title, duration, genre, release_date, popularity_rank, image) VALUES (984, 45, 'Song GtVxBlR2W4', 188, 'R&B', '2017-01-26', 650, 'https://picsum.photos/id/265/200/200');
INSERT INTO SONGS (song_id, album_id, title, duration, genre, release_date, popularity_rank, image) VALUES (985, 16, 'Song 3ssNVLAiXu', 477, 'Electronic', '2021-06-10', 882, 'https://picsum.photos/id/278/200/200');
INSERT INTO SONGS (song_id, album_id, title, duration, genre, release_date, popularity_rank, image) VALUES (986, 26, 'Song uhlzBTYszm', 316, 'Classical', '2014-06-19', 751, 'https://picsum.photos/id/207/200/200');
INSERT INTO SONGS (song_id, album_id, title, duration, genre, release_date, popularity_rank, image) VALUES (987, 105, 'Song gBsoqzpBPV', 396, 'Blues', '2010-04-21', 519, 'https://picsum.photos/id/215/200/200');
INSERT INTO SONGS (song_id, album_id, title, duration, genre, release_date, popularity_rank, image) VALUES (988, 39, 'Song m0kcEMVP4F', 138, 'Pop', '2010-07-02', 914, 'https://picsum.photos/id/240/200/200');
INSERT INTO SONGS (song_id, album_id, title, duration, genre, release_date, popularity_rank, image) VALUES (989, 84, 'Song ILCSqLeoEm', 443, 'Pop', '2011-05-23', 470, 'https://picsum.photos/id/205/200/200');
INSERT INTO SONGS (song_id, album_id, title, duration, genre, release_date, popularity_rank, image) VALUES (990, 91, 'Song 2p4Pfnx9Rk', 132, 'Blues', '2023-01-31', 450, 'https://picsum.photos/id/293/200/200');
INSERT INTO SONGS (song_id, album_id, title, duration, genre, release_date, popularity_rank, image) VALUES (991, 135, 'Song UbmT0Eu9Fb', 232, 'Classical', '2023-08-31', 690, 'https://picsum.photos/id/264/200/200');
INSERT INTO SONGS (song_id, album_id, title, duration, genre, release_date, popularity_rank, image) VALUES (992, 51, 'Song 5VNb471eAu', 320, 'Metal', '2016-05-16', 930, 'https://picsum.photos/id/209/200/200');
INSERT INTO SONGS (song_id, album_id, title, duration, genre, release_date, popularity_rank, image) VALUES (993, 110, 'Song 30jSf6FPiE', 445, 'Jazz', '2014-07-16', 728, 'https://picsum.photos/id/227/200/200');
INSERT INTO SONGS (song_id, album_id, title, duration, genre, release_date, popularity_rank, image) VALUES (994, 24, 'Song JJeVCp14h9', 373, 'Classical', '2012-11-14', 711, 'https://picsum.photos/id/227/200/200');
INSERT INTO SONGS (song_id, album_id, title, duration, genre, release_date, popularity_rank, image) VALUES (995, 9, 'Song 2ZfFBKRueR', 226, 'Alternative', '2020-12-16', 610, 'https://picsum.photos/id/263/200/200');
INSERT INTO SONGS (song_id, album_id, title, duration, genre, release_date, popularity_rank, image) VALUES (996, 194, 'Song yP6e1P680X', 411, 'Metal', '2020-09-21', 53, 'https://picsum.photos/id/225/200/200');
INSERT INTO SONGS (song_id, album_id, title, duration, genre, release_date, popularity_rank, image) VALUES (997, 105, 'Song Eo3P2HLscK', 223, 'Rock', '2019-07-01', 409, 'https://picsum.photos/id/234/200/200');
INSERT INTO SONGS (song_id, album_id, title, duration, genre, release_date, popularity_rank, image) VALUES (998, 151, 'Song zno6HGdUgJ', 228, 'Folk', '2010-11-03', 695, 'https://picsum.photos/id/253/200/200');
INSERT INTO SONGS (song_id, album_id, title, duration, genre, release_date, popularity_rank, image) VALUES (999, 173, 'Song QwFSAt3RHt', 434, 'Hip Hop', '2014-08-06', 759, 'https://picsum.photos/id/231/200/200');
INSERT INTO SONGS (song_id, album_id, title, duration, genre, release_date, popularity_rank, image) VALUES (1000, 183, 'Song MATzjdascJ', 159, 'Dance', '2014-04-15', 396, 'https://picsum.photos/id/289/200/200');

-- PLAYLISTS Data --
INSERT INTO PLAYLISTS (playlist_id, user_id, title, description, date_created, image) VALUES (1, 74, 'My Indie Playlist 10', 'A collection of Jazz tunes.', '2023-12-24', 'https://picsum.photos/id/337/180/180');
INSERT INTO PLAYLISTS (playlist_id, user_id, title, description, date_created, image) VALUES (2, 87, 'My Pop Playlist 68', 'A collection of Pop tunes.', '2022-06-28', 'https://picsum.photos/id/387/180/180');
INSERT INTO PLAYLISTS (playlist_id, user_id, title, description, date_created, image) VALUES (3, 22, 'My Jazz Playlist 49', 'A collection of Pop tunes.', '2023-07-27', 'https://picsum.photos/id/376/180/180');
INSERT INTO PLAYLISTS (playlist_id, user_id, title, description, date_created, image) VALUES (4, 51, 'My Rock Playlist 3', 'A collection of Classical tunes.', '2020-10-16', 'https://picsum.photos/id/305/180/180');
INSERT INTO PLAYLISTS (playlist_id, user_id, title, description, date_created, image) VALUES (5, 70, 'My Country Playlist 42', 'A collection of Indie tunes.', '2023-03-11', 'https://picsum.photos/id/322/180/180');
INSERT INTO PLAYLISTS (playlist_id, user_id, title, description, date_created, image) VALUES (6, 19, 'My Country Playlist 69', 'A collection of Classical tunes.', '2022-01-25', 'https://picsum.photos/id/324/180/180');
INSERT INTO PLAYLISTS (playlist_id, user_id, title, description, date_created, image) VALUES (7, 70, 'My Pop Playlist 10', 'A collection of Alternative tunes.', '2023-03-26', 'https://picsum.photos/id/327/180/180');
INSERT INTO PLAYLISTS (playlist_id, user_id, title, description, date_created, image) VALUES (8, 52, 'My Pop Playlist 85', 'A collection of Dance tunes.', '2020-06-25', 'https://picsum.photos/id/339/180/180');
INSERT INTO PLAYLISTS (playlist_id, user_id, title, description, date_created, image) VALUES (9, 1, 'My Folk Playlist 100', 'A collection of Hip Hop tunes.', '2022-03-09', 'https://picsum.photos/id/345/180/180');
INSERT INTO PLAYLISTS (playlist_id, user_id, title, description, date_created, image) VALUES (10, 55, 'My Electronic Playlist 45', 'A collection of Hip Hop tunes.', '2023-10-01', 'https://picsum.photos/id/366/180/180');
INSERT INTO PLAYLISTS (playlist_id, user_id, title, description, date_created, image) VALUES (11, 22, 'My Metal Playlist 31', 'A collection of Pop tunes.', '2024-04-19', 'https://picsum.photos/id/309/180/180');
INSERT INTO PLAYLISTS (playlist_id, user_id, title, description, date_created, image) VALUES (12, 94, 'My Pop Playlist 37', 'A collection of Rock tunes.', '2022-07-02', 'https://picsum.photos/id/326/180/180');
INSERT INTO PLAYLISTS (playlist_id, user_id, title, description, date_created, image) VALUES (13, 66, 'My Hip Hop Playlist 75', 'A collection of Classical tunes.', '2022-02-12', 'https://picsum.photos/id/366/180/180');
INSERT INTO PLAYLISTS (playlist_id, user_id, title, description, date_created, image) VALUES (14, 68, 'My Folk Playlist 64', 'A collection of Folk tunes.', '2021-01-17', 'https://picsum.photos/id/306/180/180');
INSERT INTO PLAYLISTS (playlist_id, user_id, title, description, date_created, image) VALUES (15, 15, 'My Dance Playlist 35', 'A collection of Pop tunes.', '2020-01-25', 'https://picsum.photos/id/374/180/180');
INSERT INTO PLAYLISTS (playlist_id, user_id, title, description, date_created, image) VALUES (16, 74, 'My Rock Playlist 63', 'A collection of Rock tunes.', '2020-06-23', 'https://picsum.photos/id/339/180/180');
INSERT INTO PLAYLISTS (playlist_id, user_id, title, description, date_created, image) VALUES (17, 16, 'My Dance Playlist 91', 'A collection of Electronic tunes.', '2020-10-05', 'https://picsum.photos/id/374/180/180');
INSERT INTO PLAYLISTS (playlist_id, user_id, title, description, date_created, image) VALUES (18, 46, 'My Country Playlist 27', 'A collection of Electronic tunes.', '2023-06-12', 'https://picsum.photos/id/328/180/180');
INSERT INTO PLAYLISTS (playlist_id, user_id, title, description, date_created, image) VALUES (19, 92, 'My Alternative Playlist 72', 'A collection of Electronic tunes.', '2024-02-21', 'https://picsum.photos/id/328/180/180');
INSERT INTO PLAYLISTS (playlist_id, user_id, title, description, date_created, image) VALUES (20, 56, 'My Pop Playlist 4', 'A collection of Pop tunes.', '2021-08-07', 'https://picsum.photos/id/385/180/180');
INSERT INTO PLAYLISTS (playlist_id, user_id, title, description, date_created, image) VALUES (21, 37, 'My Alternative Playlist 64', 'A collection of Country tunes.', '2024-01-24', 'https://picsum.photos/id/398/180/180');
INSERT INTO PLAYLISTS (playlist_id, user_id, title, description, date_created, image) VALUES (22, 83, 'My Jazz Playlist 75', 'A collection of Indie tunes.', '2022-01-13', 'https://picsum.photos/id/386/180/180');
INSERT INTO PLAYLISTS (playlist_id, user_id, title, description, date_created, image) VALUES (23, 94, 'My Pop Playlist 35', 'A collection of Folk tunes.', '2021-01-22', 'https://picsum.photos/id/301/180/180');
INSERT INTO PLAYLISTS (playlist_id, user_id, title, description, date_created, image) VALUES (24, 61, 'My Reggae Playlist 19', 'A collection of Folk tunes.', '2020-07-11', 'https://picsum.photos/id/355/180/180');
INSERT INTO PLAYLISTS (playlist_id, user_id, title, description, date_created, image) VALUES (25, 17, 'My R&B Playlist 46', 'A collection of Classical tunes.', '2023-07-11', 'https://picsum.photos/id/344/180/180');
INSERT INTO PLAYLISTS (playlist_id, user_id, title, description, date_created, image) VALUES (26, 32, 'My Dance Playlist 33', 'A collection of Metal tunes.', '2024-04-02', 'https://picsum.photos/id/349/180/180');
INSERT INTO PLAYLISTS (playlist_id, user_id, title, description, date_created, image) VALUES (27, 16, 'My Country Playlist 21', 'A collection of Alternative tunes.', '2021-07-24', 'https://picsum.photos/id/353/180/180');
INSERT INTO PLAYLISTS (playlist_id, user_id, title, description, date_created, image) VALUES (28, 9, 'My Pop Playlist 12', 'A collection of Electronic tunes.', '2021-06-15', 'https://picsum.photos/id/328/180/180');
INSERT INTO PLAYLISTS (playlist_id, user_id, title, description, date_created, image) VALUES (29, 27, 'My R&B Playlist 61', 'A collection of Alternative tunes.', '2021-07-22', 'https://picsum.photos/id/347/180/180');
INSERT INTO PLAYLISTS (playlist_id, user_id, title, description, date_created, image) VALUES (30, 74, 'My R&B Playlist 34', 'A collection of Hip Hop tunes.', '2022-11-26', 'https://picsum.photos/id/310/180/180');
INSERT INTO PLAYLISTS (playlist_id, user_id, title, description, date_created, image) VALUES (31, 72, 'My Blues Playlist 23', 'A collection of Indie tunes.', '2023-10-22', 'https://picsum.photos/id/349/180/180');
INSERT INTO PLAYLISTS (playlist_id, user_id, title, description, date_created, image) VALUES (32, 76, 'My Country Playlist 63', 'A collection of Electronic tunes.', '2021-08-19', 'https://picsum.photos/id/352/180/180');
INSERT INTO PLAYLISTS (playlist_id, user_id, title, description, date_created, image) VALUES (33, 18, 'My Rock Playlist 99', 'A collection of Metal tunes.', '2023-06-06', 'https://picsum.photos/id/350/180/180');
INSERT INTO PLAYLISTS (playlist_id, user_id, title, description, date_created, image) VALUES (34, 17, 'My Pop Playlist 40', 'A collection of Classical tunes.', '2023-12-05', 'https://picsum.photos/id/312/180/180');
INSERT INTO PLAYLISTS (playlist_id, user_id, title, description, date_created, image) VALUES (35, 90, 'My Country Playlist 59', 'A collection of Classical tunes.', '2022-01-15', 'https://picsum.photos/id/331/180/180');
INSERT INTO PLAYLISTS (playlist_id, user_id, title, description, date_created, image) VALUES (36, 38, 'My Electronic Playlist 14', 'A collection of Folk tunes.', '2021-05-01', 'https://picsum.photos/id/396/180/180');
INSERT INTO PLAYLISTS (playlist_id, user_id, title, description, date_created, image) VALUES (37, 55, 'My Jazz Playlist 97', 'A collection of Pop tunes.', '2020-05-11', 'https://picsum.photos/id/364/180/180');
INSERT INTO PLAYLISTS (playlist_id, user_id, title, description, date_created, image) VALUES (38, 3, 'My Metal Playlist 54', 'A collection of Dance tunes.', '2020-01-04', 'https://picsum.photos/id/340/180/180');
INSERT INTO PLAYLISTS (playlist_id, user_id, title, description, date_created, image) VALUES (39, 100, 'My Country Playlist 67', 'A collection of Blues tunes.', '2022-09-29', 'https://picsum.photos/id/374/180/180');
INSERT INTO PLAYLISTS (playlist_id, user_id, title, description, date_created, image) VALUES (40, 26, 'My Alternative Playlist 27', 'A collection of Metal tunes.', '2023-04-21', 'https://picsum.photos/id/313/180/180');
INSERT INTO PLAYLISTS (playlist_id, user_id, title, description, date_created, image) VALUES (41, 93, 'My Folk Playlist 72', 'A collection of Rock tunes.', '2021-05-30', 'https://picsum.photos/id/309/180/180');
INSERT INTO PLAYLISTS (playlist_id, user_id, title, description, date_created, image) VALUES (42, 70, 'My Rock Playlist 82', 'A collection of Jazz tunes.', '2023-11-09', 'https://picsum.photos/id/321/180/180');
INSERT INTO PLAYLISTS (playlist_id, user_id, title, description, date_created, image) VALUES (43, 98, 'My Electronic Playlist 29', 'A collection of Metal tunes.', '2022-08-27', 'https://picsum.photos/id/335/180/180');
INSERT INTO PLAYLISTS (playlist_id, user_id, title, description, date_created, image) VALUES (44, 83, 'My Classical Playlist 85', 'A collection of Indie tunes.', '2024-04-28', 'https://picsum.photos/id/367/180/180');
INSERT INTO PLAYLISTS (playlist_id, user_id, title, description, date_created, image) VALUES (45, 94, 'My Reggae Playlist 15', 'A collection of Rock tunes.', '2021-01-08', 'https://picsum.photos/id/301/180/180');
INSERT INTO PLAYLISTS (playlist_id, user_id, title, description, date_created, image) VALUES (46, 30, 'My Alternative Playlist 88', 'A collection of Rock tunes.', '2022-02-23', 'https://picsum.photos/id/339/180/180');
INSERT INTO PLAYLISTS (playlist_id, user_id, title, description, date_created, image) VALUES (47, 63, 'My Alternative Playlist 21', 'A collection of Classical tunes.', '2023-11-22', 'https://picsum.photos/id/338/180/180');
INSERT INTO PLAYLISTS (playlist_id, user_id, title, description, date_created, image) VALUES (48, 98, 'My Blues Playlist 55', 'A collection of R&B tunes.', '2024-02-07', 'https://picsum.photos/id/320/180/180');
INSERT INTO PLAYLISTS (playlist_id, user_id, title, description, date_created, image) VALUES (49, 16, 'My Classical Playlist 15', 'A collection of Jazz tunes.', '2020-07-11', 'https://picsum.photos/id/341/180/180');
INSERT INTO PLAYLISTS (playlist_id, user_id, title, description, date_created, image) VALUES (50, 23, 'My Metal Playlist 53', 'A collection of Pop tunes.', '2023-06-22', 'https://picsum.photos/id/304/180/180');
INSERT INTO PLAYLISTS (playlist_id, user_id, title, description, date_created, image) VALUES (51, 45, 'My Metal Playlist 29', 'A collection of Classical tunes.', '2020-12-31', 'https://picsum.photos/id/343/180/180');
INSERT INTO PLAYLISTS (playlist_id, user_id, title, description, date_created, image) VALUES (52, 33, 'My Blues Playlist 98', 'A collection of R&B tunes.', '2021-07-06', 'https://picsum.photos/id/308/180/180');
INSERT INTO PLAYLISTS (playlist_id, user_id, title, description, date_created, image) VALUES (53, 99, 'My Electronic Playlist 6', 'A collection of Indie tunes.', '2021-08-02', 'https://picsum.photos/id/380/180/180');
INSERT INTO PLAYLISTS (playlist_id, user_id, title, description, date_created, image) VALUES (54, 71, 'My Pop Playlist 94', 'A collection of Country tunes.', '2022-03-24', 'https://picsum.photos/id/319/180/180');
INSERT INTO PLAYLISTS (playlist_id, user_id, title, description, date_created, image) VALUES (55, 1, 'My Indie Playlist 23', 'A collection of Alternative tunes.', '2023-04-10', 'https://picsum.photos/id/342/180/180');
INSERT INTO PLAYLISTS (playlist_id, user_id, title, description, date_created, image) VALUES (56, 38, 'My Indie Playlist 29', 'A collection of Classical tunes.', '2020-07-03', 'https://picsum.photos/id/362/180/180');
INSERT INTO PLAYLISTS (playlist_id, user_id, title, description, date_created, image) VALUES (57, 23, 'My Metal Playlist 28', 'A collection of R&B tunes.', '2020-08-31', 'https://picsum.photos/id/332/180/180');
INSERT INTO PLAYLISTS (playlist_id, user_id, title, description, date_created, image) VALUES (58, 76, 'My Hip Hop Playlist 93', 'A collection of Electronic tunes.', '2022-08-03', 'https://picsum.photos/id/394/180/180');
INSERT INTO PLAYLISTS (playlist_id, user_id, title, description, date_created, image) VALUES (59, 81, 'My Hip Hop Playlist 67', 'A collection of Jazz tunes.', '2022-12-15', 'https://picsum.photos/id/363/180/180');
INSERT INTO PLAYLISTS (playlist_id, user_id, title, description, date_created, image) VALUES (60, 38, 'My Jazz Playlist 3', 'A collection of Blues tunes.', '2022-01-03', 'https://picsum.photos/id/327/180/180');
INSERT INTO PLAYLISTS (playlist_id, user_id, title, description, date_created, image) VALUES (61, 100, 'My Dance Playlist 58', 'A collection of Rock tunes.', '2021-02-12', 'https://picsum.photos/id/396/180/180');
INSERT INTO PLAYLISTS (playlist_id, user_id, title, description, date_created, image) VALUES (62, 48, 'My Hip Hop Playlist 37', 'A collection of Folk tunes.', '2021-07-14', 'https://picsum.photos/id/320/180/180');
INSERT INTO PLAYLISTS (playlist_id, user_id, title, description, date_created, image) VALUES (63, 83, 'My Electronic Playlist 4', 'A collection of Folk tunes.', '2023-05-30', 'https://picsum.photos/id/347/180/180');
INSERT INTO PLAYLISTS (playlist_id, user_id, title, description, date_created, image) VALUES (64, 93, 'My Hip Hop Playlist 26', 'A collection of Folk tunes.', '2021-04-27', 'https://picsum.photos/id/324/180/180');
INSERT INTO PLAYLISTS (playlist_id, user_id, title, description, date_created, image) VALUES (65, 4, 'My Reggae Playlist 10', 'A collection of Blues tunes.', '2023-06-03', 'https://picsum.photos/id/391/180/180');
INSERT INTO PLAYLISTS (playlist_id, user_id, title, description, date_created, image) VALUES (66, 10, 'My Pop Playlist 94', 'A collection of Jazz tunes.', '2021-09-15', 'https://picsum.photos/id/381/180/180');
INSERT INTO PLAYLISTS (playlist_id, user_id, title, description, date_created, image) VALUES (67, 26, 'My Electronic Playlist 99', 'A collection of Reggae tunes.', '2022-11-25', 'https://picsum.photos/id/319/180/180');
INSERT INTO PLAYLISTS (playlist_id, user_id, title, description, date_created, image) VALUES (68, 87, 'My Jazz Playlist 11', 'A collection of Jazz tunes.', '2022-01-15', 'https://picsum.photos/id/328/180/180');
INSERT INTO PLAYLISTS (playlist_id, user_id, title, description, date_created, image) VALUES (69, 66, 'My Jazz Playlist 92', 'A collection of Indie tunes.', '2021-03-12', 'https://picsum.photos/id/358/180/180');
INSERT INTO PLAYLISTS (playlist_id, user_id, title, description, date_created, image) VALUES (70, 83, 'My Blues Playlist 36', 'A collection of Reggae tunes.', '2023-05-13', 'https://picsum.photos/id/399/180/180');
INSERT INTO PLAYLISTS (playlist_id, user_id, title, description, date_created, image) VALUES (71, 34, 'My Country Playlist 29', 'A collection of Folk tunes.', '2020-03-20', 'https://picsum.photos/id/327/180/180');
INSERT INTO PLAYLISTS (playlist_id, user_id, title, description, date_created, image) VALUES (72, 91, 'My Dance Playlist 22', 'A collection of Hip Hop tunes.', '2021-04-09', 'https://picsum.photos/id/370/180/180');
INSERT INTO PLAYLISTS (playlist_id, user_id, title, description, date_created, image) VALUES (73, 69, 'My Jazz Playlist 82', 'A collection of R&B tunes.', '2021-03-20', 'https://picsum.photos/id/393/180/180');
INSERT INTO PLAYLISTS (playlist_id, user_id, title, description, date_created, image) VALUES (74, 7, 'My Rock Playlist 67', 'A collection of Pop tunes.', '2020-05-12', 'https://picsum.photos/id/336/180/180');
INSERT INTO PLAYLISTS (playlist_id, user_id, title, description, date_created, image) VALUES (75, 24, 'My R&B Playlist 41', 'A collection of Jazz tunes.', '2022-09-29', 'https://picsum.photos/id/334/180/180');
INSERT INTO PLAYLISTS (playlist_id, user_id, title, description, date_created, image) VALUES (76, 75, 'My Alternative Playlist 43', 'A collection of Rock tunes.', '2022-11-19', 'https://picsum.photos/id/373/180/180');
INSERT INTO PLAYLISTS (playlist_id, user_id, title, description, date_created, image) VALUES (77, 93, 'My Alternative Playlist 50', 'A collection of Jazz tunes.', '2023-06-19', 'https://picsum.photos/id/316/180/180');
INSERT INTO PLAYLISTS (playlist_id, user_id, title, description, date_created, image) VALUES (78, 73, 'My Reggae Playlist 47', 'A collection of Hip Hop tunes.', '2023-02-19', 'https://picsum.photos/id/343/180/180');
INSERT INTO PLAYLISTS (playlist_id, user_id, title, description, date_created, image) VALUES (79, 83, 'My Blues Playlist 2', 'A collection of Indie tunes.', '2024-05-15', 'https://picsum.photos/id/365/180/180');
INSERT INTO PLAYLISTS (playlist_id, user_id, title, description, date_created, image) VALUES (80, 81, 'My Folk Playlist 87', 'A collection of Blues tunes.', '2023-08-29', 'https://picsum.photos/id/344/180/180');
INSERT INTO PLAYLISTS (playlist_id, user_id, title, description, date_created, image) VALUES (81, 56, 'My Classical Playlist 7', 'A collection of Hip Hop tunes.', '2022-04-10', 'https://picsum.photos/id/313/180/180');
INSERT INTO PLAYLISTS (playlist_id, user_id, title, description, date_created, image) VALUES (82, 24, 'My Classical Playlist 50', 'A collection of R&B tunes.', '2021-05-26', 'https://picsum.photos/id/374/180/180');
INSERT INTO PLAYLISTS (playlist_id, user_id, title, description, date_created, image) VALUES (83, 68, 'My Blues Playlist 50', 'A collection of Indie tunes.', '2021-08-14', 'https://picsum.photos/id/309/180/180');
INSERT INTO PLAYLISTS (playlist_id, user_id, title, description, date_created, image) VALUES (84, 51, 'My Rock Playlist 22', 'A collection of Dance tunes.', '2022-09-08', 'https://picsum.photos/id/326/180/180');
INSERT INTO PLAYLISTS (playlist_id, user_id, title, description, date_created, image) VALUES (85, 28, 'My Rock Playlist 10', 'A collection of Dance tunes.', '2022-10-03', 'https://picsum.photos/id/395/180/180');
INSERT INTO PLAYLISTS (playlist_id, user_id, title, description, date_created, image) VALUES (86, 22, 'My Blues Playlist 60', 'A collection of Metal tunes.', '2021-07-23', 'https://picsum.photos/id/312/180/180');
INSERT INTO PLAYLISTS (playlist_id, user_id, title, description, date_created, image) VALUES (87, 30, 'My Indie Playlist 95', 'A collection of Classical tunes.', '2021-01-13', 'https://picsum.photos/id/356/180/180');
INSERT INTO PLAYLISTS (playlist_id, user_id, title, description, date_created, image) VALUES (88, 49, 'My Blues Playlist 99', 'A collection of Reggae tunes.', '2022-02-06', 'https://picsum.photos/id/379/180/180');
INSERT INTO PLAYLISTS (playlist_id, user_id, title, description, date_created, image) VALUES (89, 77, 'My Pop Playlist 80', 'A collection of Pop tunes.', '2020-02-25', 'https://picsum.photos/id/397/180/180');
INSERT INTO PLAYLISTS (playlist_id, user_id, title, description, date_created, image) VALUES (90, 54, 'My Metal Playlist 92', 'A collection of Folk tunes.', '2022-12-28', 'https://picsum.photos/id/328/180/180');
INSERT INTO PLAYLISTS (playlist_id, user_id, title, description, date_created, image) VALUES (91, 100, 'My Reggae Playlist 15', 'A collection of R&B tunes.', '2022-11-18', 'https://picsum.photos/id/362/180/180');
INSERT INTO PLAYLISTS (playlist_id, user_id, title, description, date_created, image) VALUES (92, 100, 'My Hip Hop Playlist 55', 'A collection of Country tunes.', '2021-05-09', 'https://picsum.photos/id/377/180/180');
INSERT INTO PLAYLISTS (playlist_id, user_id, title, description, date_created, image) VALUES (93, 76, 'My Rock Playlist 83', 'A collection of Classical tunes.', '2022-05-07', 'https://picsum.photos/id/364/180/180');
INSERT INTO PLAYLISTS (playlist_id, user_id, title, description, date_created, image) VALUES (94, 32, 'My Dance Playlist 79', 'A collection of Folk tunes.', '2021-10-01', 'https://picsum.photos/id/371/180/180');
INSERT INTO PLAYLISTS (playlist_id, user_id, title, description, date_created, image) VALUES (95, 11, 'My Pop Playlist 93', 'A collection of Pop tunes.', '2023-06-24', 'https://picsum.photos/id/322/180/180');
INSERT INTO PLAYLISTS (playlist_id, user_id, title, description, date_created, image) VALUES (96, 57, 'My Reggae Playlist 73', 'A collection of Indie tunes.', '2020-10-02', 'https://picsum.photos/id/313/180/180');
INSERT INTO PLAYLISTS (playlist_id, user_id, title, description, date_created, image) VALUES (97, 4, 'My Indie Playlist 17', 'A collection of Blues tunes.', '2023-10-28', 'https://picsum.photos/id/355/180/180');
INSERT INTO PLAYLISTS (playlist_id, user_id, title, description, date_created, image) VALUES (98, 34, 'My Reggae Playlist 91', 'A collection of Alternative tunes.', '2020-07-25', 'https://picsum.photos/id/335/180/180');
INSERT INTO PLAYLISTS (playlist_id, user_id, title, description, date_created, image) VALUES (99, 30, 'My Rock Playlist 35', 'A collection of Indie tunes.', '2021-02-07', 'https://picsum.photos/id/366/180/180');
INSERT INTO PLAYLISTS (playlist_id, user_id, title, description, date_created, image) VALUES (100, 76, 'My Jazz Playlist 33', 'A collection of Alternative tunes.', '2023-09-16', 'https://picsum.photos/id/327/180/180');
INSERT INTO PLAYLISTS (playlist_id, user_id, title, description, date_created, image) VALUES (101, 96, 'My R&B Playlist 55', 'A collection of R&B tunes.', '2020-05-14', 'https://picsum.photos/id/306/180/180');
INSERT INTO PLAYLISTS (playlist_id, user_id, title, description, date_created, image) VALUES (102, 50, 'My Blues Playlist 1', 'A collection of Dance tunes.', '2021-03-29', 'https://picsum.photos/id/332/180/180');
INSERT INTO PLAYLISTS (playlist_id, user_id, title, description, date_created, image) VALUES (103, 52, 'My Country Playlist 50', 'A collection of Folk tunes.', '2022-07-04', 'https://picsum.photos/id/307/180/180');
INSERT INTO PLAYLISTS (playlist_id, user_id, title, description, date_created, image) VALUES (104, 97, 'My R&B Playlist 51', 'A collection of Indie tunes.', '2020-04-05', 'https://picsum.photos/id/309/180/180');
INSERT INTO PLAYLISTS (playlist_id, user_id, title, description, date_created, image) VALUES (105, 23, 'My Electronic Playlist 87', 'A collection of Reggae tunes.', '2021-02-22', 'https://picsum.photos/id/376/180/180');
INSERT INTO PLAYLISTS (playlist_id, user_id, title, description, date_created, image) VALUES (106, 34, 'My Folk Playlist 36', 'A collection of Classical tunes.', '2023-08-26', 'https://picsum.photos/id/398/180/180');
INSERT INTO PLAYLISTS (playlist_id, user_id, title, description, date_created, image) VALUES (107, 62, 'My Alternative Playlist 12', 'A collection of Metal tunes.', '2021-04-15', 'https://picsum.photos/id/389/180/180');
INSERT INTO PLAYLISTS (playlist_id, user_id, title, description, date_created, image) VALUES (108, 12, 'My Metal Playlist 79', 'A collection of Blues tunes.', '2024-02-18', 'https://picsum.photos/id/343/180/180');
INSERT INTO PLAYLISTS (playlist_id, user_id, title, description, date_created, image) VALUES (109, 72, 'My Hip Hop Playlist 88', 'A collection of Jazz tunes.', '2020-06-11', 'https://picsum.photos/id/399/180/180');
INSERT INTO PLAYLISTS (playlist_id, user_id, title, description, date_created, image) VALUES (110, 13, 'My Electronic Playlist 36', 'A collection of Reggae tunes.', '2024-03-26', 'https://picsum.photos/id/394/180/180');
INSERT INTO PLAYLISTS (playlist_id, user_id, title, description, date_created, image) VALUES (111, 21, 'My Indie Playlist 26', 'A collection of Classical tunes.', '2024-01-05', 'https://picsum.photos/id/333/180/180');
INSERT INTO PLAYLISTS (playlist_id, user_id, title, description, date_created, image) VALUES (112, 3, 'My Classical Playlist 49', 'A collection of Blues tunes.', '2021-02-13', 'https://picsum.photos/id/375/180/180');
INSERT INTO PLAYLISTS (playlist_id, user_id, title, description, date_created, image) VALUES (113, 56, 'My Alternative Playlist 24', 'A collection of Reggae tunes.', '2020-01-25', 'https://picsum.photos/id/318/180/180');
INSERT INTO PLAYLISTS (playlist_id, user_id, title, description, date_created, image) VALUES (114, 94, 'My Hip Hop Playlist 5', 'A collection of Hip Hop tunes.', '2023-06-16', 'https://picsum.photos/id/348/180/180');
INSERT INTO PLAYLISTS (playlist_id, user_id, title, description, date_created, image) VALUES (115, 71, 'My R&B Playlist 91', 'A collection of Pop tunes.', '2023-05-22', 'https://picsum.photos/id/346/180/180');
INSERT INTO PLAYLISTS (playlist_id, user_id, title, description, date_created, image) VALUES (116, 7, 'My Country Playlist 66', 'A collection of Metal tunes.', '2021-06-18', 'https://picsum.photos/id/330/180/180');
INSERT INTO PLAYLISTS (playlist_id, user_id, title, description, date_created, image) VALUES (117, 23, 'My Alternative Playlist 8', 'A collection of Blues tunes.', '2021-11-20', 'https://picsum.photos/id/389/180/180');
INSERT INTO PLAYLISTS (playlist_id, user_id, title, description, date_created, image) VALUES (118, 34, 'My Country Playlist 12', 'A collection of Electronic tunes.', '2020-05-23', 'https://picsum.photos/id/396/180/180');
INSERT INTO PLAYLISTS (playlist_id, user_id, title, description, date_created, image) VALUES (119, 85, 'My Metal Playlist 22', 'A collection of Blues tunes.', '2021-03-13', 'https://picsum.photos/id/317/180/180');
INSERT INTO PLAYLISTS (playlist_id, user_id, title, description, date_created, image) VALUES (120, 99, 'My Electronic Playlist 46', 'A collection of Jazz tunes.', '2020-10-16', 'https://picsum.photos/id/305/180/180');
INSERT INTO PLAYLISTS (playlist_id, user_id, title, description, date_created, image) VALUES (121, 64, 'My Indie Playlist 52', 'A collection of Pop tunes.', '2020-04-25', 'https://picsum.photos/id/331/180/180');
INSERT INTO PLAYLISTS (playlist_id, user_id, title, description, date_created, image) VALUES (122, 52, 'My Folk Playlist 89', 'A collection of Dance tunes.', '2021-08-07', 'https://picsum.photos/id/395/180/180');
INSERT INTO PLAYLISTS (playlist_id, user_id, title, description, date_created, image) VALUES (123, 49, 'My R&B Playlist 28', 'A collection of Country tunes.', '2021-02-15', 'https://picsum.photos/id/363/180/180');
INSERT INTO PLAYLISTS (playlist_id, user_id, title, description, date_created, image) VALUES (124, 69, 'My Metal Playlist 51', 'A collection of Dance tunes.', '2021-02-25', 'https://picsum.photos/id/355/180/180');
INSERT INTO PLAYLISTS (playlist_id, user_id, title, description, date_created, image) VALUES (125, 82, 'My Electronic Playlist 3', 'A collection of Classical tunes.', '2022-05-26', 'https://picsum.photos/id/348/180/180');
INSERT INTO PLAYLISTS (playlist_id, user_id, title, description, date_created, image) VALUES (126, 10, 'My Pop Playlist 15', 'A collection of Indie tunes.', '2023-02-14', 'https://picsum.photos/id/334/180/180');
INSERT INTO PLAYLISTS (playlist_id, user_id, title, description, date_created, image) VALUES (127, 54, 'My Pop Playlist 90', 'A collection of Reggae tunes.', '2020-03-13', 'https://picsum.photos/id/317/180/180');
INSERT INTO PLAYLISTS (playlist_id, user_id, title, description, date_created, image) VALUES (128, 58, 'My Jazz Playlist 39', 'A collection of Classical tunes.', '2023-03-31', 'https://picsum.photos/id/324/180/180');
INSERT INTO PLAYLISTS (playlist_id, user_id, title, description, date_created, image) VALUES (129, 93, 'My Folk Playlist 22', 'A collection of Hip Hop tunes.', '2021-12-04', 'https://picsum.photos/id/331/180/180');
INSERT INTO PLAYLISTS (playlist_id, user_id, title, description, date_created, image) VALUES (130, 33, 'My Jazz Playlist 77', 'A collection of R&B tunes.', '2022-01-02', 'https://picsum.photos/id/331/180/180');
INSERT INTO PLAYLISTS (playlist_id, user_id, title, description, date_created, image) VALUES (131, 85, 'My Electronic Playlist 21', 'A collection of Pop tunes.', '2024-04-09', 'https://picsum.photos/id/321/180/180');
INSERT INTO PLAYLISTS (playlist_id, user_id, title, description, date_created, image) VALUES (132, 82, 'My Alternative Playlist 95', 'A collection of Classical tunes.', '2023-03-25', 'https://picsum.photos/id/361/180/180');
INSERT INTO PLAYLISTS (playlist_id, user_id, title, description, date_created, image) VALUES (133, 38, 'My Dance Playlist 76', 'A collection of Electronic tunes.', '2020-09-30', 'https://picsum.photos/id/339/180/180');
INSERT INTO PLAYLISTS (playlist_id, user_id, title, description, date_created, image) VALUES (134, 26, 'My Reggae Playlist 86', 'A collection of Rock tunes.', '2023-07-24', 'https://picsum.photos/id/372/180/180');
INSERT INTO PLAYLISTS (playlist_id, user_id, title, description, date_created, image) VALUES (135, 85, 'My Hip Hop Playlist 98', 'A collection of Alternative tunes.', '2023-03-01', 'https://picsum.photos/id/361/180/180');
INSERT INTO PLAYLISTS (playlist_id, user_id, title, description, date_created, image) VALUES (136, 61, 'My Jazz Playlist 40', 'A collection of Pop tunes.', '2022-10-16', 'https://picsum.photos/id/387/180/180');
INSERT INTO PLAYLISTS (playlist_id, user_id, title, description, date_created, image) VALUES (137, 1, 'My Jazz Playlist 20', 'A collection of Folk tunes.', '2021-03-31', 'https://picsum.photos/id/385/180/180');
INSERT INTO PLAYLISTS (playlist_id, user_id, title, description, date_created, image) VALUES (138, 86, 'My Blues Playlist 21', 'A collection of Classical tunes.', '2020-02-10', 'https://picsum.photos/id/365/180/180');
INSERT INTO PLAYLISTS (playlist_id, user_id, title, description, date_created, image) VALUES (139, 26, 'My Folk Playlist 79', 'A collection of Jazz tunes.', '2021-07-04', 'https://picsum.photos/id/305/180/180');
INSERT INTO PLAYLISTS (playlist_id, user_id, title, description, date_created, image) VALUES (140, 72, 'My Hip Hop Playlist 50', 'A collection of Alternative tunes.', '2022-11-04', 'https://picsum.photos/id/342/180/180');
INSERT INTO PLAYLISTS (playlist_id, user_id, title, description, date_created, image) VALUES (141, 72, 'My Blues Playlist 92', 'A collection of Indie tunes.', '2023-01-24', 'https://picsum.photos/id/394/180/180');
INSERT INTO PLAYLISTS (playlist_id, user_id, title, description, date_created, image) VALUES (142, 77, 'My Folk Playlist 6', 'A collection of Alternative tunes.', '2021-05-20', 'https://picsum.photos/id/334/180/180');
INSERT INTO PLAYLISTS (playlist_id, user_id, title, description, date_created, image) VALUES (143, 68, 'My R&B Playlist 48', 'A collection of Hip Hop tunes.', '2022-08-19', 'https://picsum.photos/id/333/180/180');
INSERT INTO PLAYLISTS (playlist_id, user_id, title, description, date_created, image) VALUES (144, 8, 'My Folk Playlist 7', 'A collection of Folk tunes.', '2021-12-31', 'https://picsum.photos/id/395/180/180');
INSERT INTO PLAYLISTS (playlist_id, user_id, title, description, date_created, image) VALUES (145, 16, 'My Pop Playlist 11', 'A collection of Reggae tunes.', '2022-04-26', 'https://picsum.photos/id/345/180/180');
INSERT INTO PLAYLISTS (playlist_id, user_id, title, description, date_created, image) VALUES (146, 33, 'My Pop Playlist 50', 'A collection of Alternative tunes.', '2020-01-04', 'https://picsum.photos/id/357/180/180');
INSERT INTO PLAYLISTS (playlist_id, user_id, title, description, date_created, image) VALUES (147, 46, 'My Jazz Playlist 18', 'A collection of Dance tunes.', '2021-04-02', 'https://picsum.photos/id/323/180/180');
INSERT INTO PLAYLISTS (playlist_id, user_id, title, description, date_created, image) VALUES (148, 36, 'My Alternative Playlist 61', 'A collection of Alternative tunes.', '2022-11-29', 'https://picsum.photos/id/389/180/180');
INSERT INTO PLAYLISTS (playlist_id, user_id, title, description, date_created, image) VALUES (149, 62, 'My Rock Playlist 92', 'A collection of Jazz tunes.', '2021-07-22', 'https://picsum.photos/id/389/180/180');
INSERT INTO PLAYLISTS (playlist_id, user_id, title, description, date_created, image) VALUES (150, 24, 'My Jazz Playlist 98', 'A collection of Alternative tunes.', '2022-03-29', 'https://picsum.photos/id/346/180/180');
INSERT INTO PLAYLISTS (playlist_id, user_id, title, description, date_created, image) VALUES (151, 87, 'My Alternative Playlist 8', 'A collection of Indie tunes.', '2023-01-08', 'https://picsum.photos/id/318/180/180');
INSERT INTO PLAYLISTS (playlist_id, user_id, title, description, date_created, image) VALUES (152, 59, 'My Country Playlist 20', 'A collection of R&B tunes.', '2023-04-08', 'https://picsum.photos/id/336/180/180');
INSERT INTO PLAYLISTS (playlist_id, user_id, title, description, date_created, image) VALUES (153, 57, 'My R&B Playlist 19', 'A collection of Pop tunes.', '2023-04-07', 'https://picsum.photos/id/312/180/180');
INSERT INTO PLAYLISTS (playlist_id, user_id, title, description, date_created, image) VALUES (154, 59, 'My Electronic Playlist 37', 'A collection of Country tunes.', '2022-05-17', 'https://picsum.photos/id/304/180/180');
INSERT INTO PLAYLISTS (playlist_id, user_id, title, description, date_created, image) VALUES (155, 16, 'My Classical Playlist 31', 'A collection of Jazz tunes.', '2022-08-29', 'https://picsum.photos/id/338/180/180');
INSERT INTO PLAYLISTS (playlist_id, user_id, title, description, date_created, image) VALUES (156, 96, 'My Electronic Playlist 99', 'A collection of Pop tunes.', '2021-04-04', 'https://picsum.photos/id/348/180/180');
INSERT INTO PLAYLISTS (playlist_id, user_id, title, description, date_created, image) VALUES (157, 27, 'My Classical Playlist 51', 'A collection of Country tunes.', '2021-09-15', 'https://picsum.photos/id/353/180/180');
INSERT INTO PLAYLISTS (playlist_id, user_id, title, description, date_created, image) VALUES (158, 19, 'My Rock Playlist 39', 'A collection of Rock tunes.', '2023-10-16', 'https://picsum.photos/id/341/180/180');
INSERT INTO PLAYLISTS (playlist_id, user_id, title, description, date_created, image) VALUES (159, 2, 'My Hip Hop Playlist 84', 'A collection of Jazz tunes.', '2022-06-01', 'https://picsum.photos/id/361/180/180');
INSERT INTO PLAYLISTS (playlist_id, user_id, title, description, date_created, image) VALUES (160, 16, 'My Rock Playlist 71', 'A collection of Folk tunes.', '2024-04-26', 'https://picsum.photos/id/371/180/180');
INSERT INTO PLAYLISTS (playlist_id, user_id, title, description, date_created, image) VALUES (161, 85, 'My Rock Playlist 73', 'A collection of Alternative tunes.', '2022-09-26', 'https://picsum.photos/id/361/180/180');
INSERT INTO PLAYLISTS (playlist_id, user_id, title, description, date_created, image) VALUES (162, 82, 'My Alternative Playlist 91', 'A collection of Dance tunes.', '2024-04-02', 'https://picsum.photos/id/390/180/180');
INSERT INTO PLAYLISTS (playlist_id, user_id, title, description, date_created, image) VALUES (163, 82, 'My Dance Playlist 59', 'A collection of Jazz tunes.', '2020-04-11', 'https://picsum.photos/id/339/180/180');
INSERT INTO PLAYLISTS (playlist_id, user_id, title, description, date_created, image) VALUES (164, 26, 'My R&B Playlist 25', 'A collection of Pop tunes.', '2023-03-04', 'https://picsum.photos/id/318/180/180');
INSERT INTO PLAYLISTS (playlist_id, user_id, title, description, date_created, image) VALUES (165, 27, 'My Indie Playlist 66', 'A collection of R&B tunes.', '2023-09-07', 'https://picsum.photos/id/366/180/180');
INSERT INTO PLAYLISTS (playlist_id, user_id, title, description, date_created, image) VALUES (166, 43, 'My Country Playlist 42', 'A collection of Electronic tunes.', '2020-01-24', 'https://picsum.photos/id/381/180/180');
INSERT INTO PLAYLISTS (playlist_id, user_id, title, description, date_created, image) VALUES (167, 96, 'My Alternative Playlist 87', 'A collection of Reggae tunes.', '2021-07-18', 'https://picsum.photos/id/365/180/180');
INSERT INTO PLAYLISTS (playlist_id, user_id, title, description, date_created, image) VALUES (168, 57, 'My Hip Hop Playlist 69', 'A collection of Reggae tunes.', '2020-05-10', 'https://picsum.photos/id/379/180/180');
INSERT INTO PLAYLISTS (playlist_id, user_id, title, description, date_created, image) VALUES (169, 96, 'My Country Playlist 56', 'A collection of Blues tunes.', '2023-01-05', 'https://picsum.photos/id/319/180/180');
INSERT INTO PLAYLISTS (playlist_id, user_id, title, description, date_created, image) VALUES (170, 23, 'My Hip Hop Playlist 44', 'A collection of Rock tunes.', '2020-08-14', 'https://picsum.photos/id/323/180/180');
INSERT INTO PLAYLISTS (playlist_id, user_id, title, description, date_created, image) VALUES (171, 8, 'My Country Playlist 40', 'A collection of Alternative tunes.', '2021-06-15', 'https://picsum.photos/id/377/180/180');
INSERT INTO PLAYLISTS (playlist_id, user_id, title, description, date_created, image) VALUES (172, 75, 'My R&B Playlist 2', 'A collection of Folk tunes.', '2021-05-10', 'https://picsum.photos/id/316/180/180');
INSERT INTO PLAYLISTS (playlist_id, user_id, title, description, date_created, image) VALUES (173, 48, 'My Jazz Playlist 55', 'A collection of Dance tunes.', '2022-12-30', 'https://picsum.photos/id/386/180/180');
INSERT INTO PLAYLISTS (playlist_id, user_id, title, description, date_created, image) VALUES (174, 17, 'My Electronic Playlist 38', 'A collection of Dance tunes.', '2022-12-10', 'https://picsum.photos/id/337/180/180');
INSERT INTO PLAYLISTS (playlist_id, user_id, title, description, date_created, image) VALUES (175, 52, 'My Indie Playlist 17', 'A collection of Rock tunes.', '2021-07-06', 'https://picsum.photos/id/395/180/180');
INSERT INTO PLAYLISTS (playlist_id, user_id, title, description, date_created, image) VALUES (176, 41, 'My Electronic Playlist 71', 'A collection of R&B tunes.', '2021-09-10', 'https://picsum.photos/id/306/180/180');
INSERT INTO PLAYLISTS (playlist_id, user_id, title, description, date_created, image) VALUES (177, 40, 'My Metal Playlist 99', 'A collection of Classical tunes.', '2022-10-16', 'https://picsum.photos/id/363/180/180');
INSERT INTO PLAYLISTS (playlist_id, user_id, title, description, date_created, image) VALUES (178, 70, 'My Hip Hop Playlist 29', 'A collection of Jazz tunes.', '2021-08-19', 'https://picsum.photos/id/344/180/180');
INSERT INTO PLAYLISTS (playlist_id, user_id, title, description, date_created, image) VALUES (179, 52, 'My Indie Playlist 33', 'A collection of Jazz tunes.', '2021-12-08', 'https://picsum.photos/id/311/180/180');
INSERT INTO PLAYLISTS (playlist_id, user_id, title, description, date_created, image) VALUES (180, 27, 'My Indie Playlist 35', 'A collection of R&B tunes.', '2023-07-07', 'https://picsum.photos/id/373/180/180');
INSERT INTO PLAYLISTS (playlist_id, user_id, title, description, date_created, image) VALUES (181, 21, 'My Indie Playlist 87', 'A collection of Rock tunes.', '2022-08-07', 'https://picsum.photos/id/389/180/180');
INSERT INTO PLAYLISTS (playlist_id, user_id, title, description, date_created, image) VALUES (182, 100, 'My Classical Playlist 10', 'A collection of Indie tunes.', '2023-02-03', 'https://picsum.photos/id/390/180/180');
INSERT INTO PLAYLISTS (playlist_id, user_id, title, description, date_created, image) VALUES (183, 89, 'My Country Playlist 53', 'A collection of Jazz tunes.', '2022-07-20', 'https://picsum.photos/id/328/180/180');
INSERT INTO PLAYLISTS (playlist_id, user_id, title, description, date_created, image) VALUES (184, 20, 'My Country Playlist 35', 'A collection of Country tunes.', '2022-12-13', 'https://picsum.photos/id/322/180/180');
INSERT INTO PLAYLISTS (playlist_id, user_id, title, description, date_created, image) VALUES (185, 47, 'My Jazz Playlist 68', 'A collection of Rock tunes.', '2021-09-27', 'https://picsum.photos/id/309/180/180');
INSERT INTO PLAYLISTS (playlist_id, user_id, title, description, date_created, image) VALUES (186, 22, 'My Pop Playlist 19', 'A collection of Blues tunes.', '2023-12-27', 'https://picsum.photos/id/391/180/180');
INSERT INTO PLAYLISTS (playlist_id, user_id, title, description, date_created, image) VALUES (187, 44, 'My Jazz Playlist 46', 'A collection of Folk tunes.', '2020-06-17', 'https://picsum.photos/id/331/180/180');
INSERT INTO PLAYLISTS (playlist_id, user_id, title, description, date_created, image) VALUES (188, 25, 'My Country Playlist 33', 'A collection of Folk tunes.', '2023-06-27', 'https://picsum.photos/id/307/180/180');
INSERT INTO PLAYLISTS (playlist_id, user_id, title, description, date_created, image) VALUES (189, 24, 'My Hip Hop Playlist 78', 'A collection of Rock tunes.', '2020-11-16', 'https://picsum.photos/id/378/180/180');
INSERT INTO PLAYLISTS (playlist_id, user_id, title, description, date_created, image) VALUES (190, 1, 'My Blues Playlist 95', 'A collection of Dance tunes.', '2024-01-05', 'https://picsum.photos/id/312/180/180');
INSERT INTO PLAYLISTS (playlist_id, user_id, title, description, date_created, image) VALUES (191, 18, 'My Country Playlist 80', 'A collection of Blues tunes.', '2020-04-18', 'https://picsum.photos/id/323/180/180');
INSERT INTO PLAYLISTS (playlist_id, user_id, title, description, date_created, image) VALUES (192, 78, 'My Classical Playlist 3', 'A collection of Folk tunes.', '2022-04-19', 'https://picsum.photos/id/397/180/180');
INSERT INTO PLAYLISTS (playlist_id, user_id, title, description, date_created, image) VALUES (193, 4, 'My Rock Playlist 61', 'A collection of Electronic tunes.', '2020-08-18', 'https://picsum.photos/id/304/180/180');
INSERT INTO PLAYLISTS (playlist_id, user_id, title, description, date_created, image) VALUES (194, 68, 'My Metal Playlist 72', 'A collection of R&B tunes.', '2020-03-04', 'https://picsum.photos/id/378/180/180');
INSERT INTO PLAYLISTS (playlist_id, user_id, title, description, date_created, image) VALUES (195, 15, 'My Blues Playlist 16', 'A collection of Classical tunes.', '2020-12-31', 'https://picsum.photos/id/374/180/180');
INSERT INTO PLAYLISTS (playlist_id, user_id, title, description, date_created, image) VALUES (196, 14, 'My Electronic Playlist 30', 'A collection of Metal tunes.', '2024-01-16', 'https://picsum.photos/id/340/180/180');
INSERT INTO PLAYLISTS (playlist_id, user_id, title, description, date_created, image) VALUES (197, 60, 'My Folk Playlist 79', 'A collection of Rock tunes.', '2022-06-08', 'https://picsum.photos/id/359/180/180');
INSERT INTO PLAYLISTS (playlist_id, user_id, title, description, date_created, image) VALUES (198, 98, 'My Dance Playlist 17', 'A collection of Rock tunes.', '2024-03-12', 'https://picsum.photos/id/361/180/180');
INSERT INTO PLAYLISTS (playlist_id, user_id, title, description, date_created, image) VALUES (199, 39, 'My Reggae Playlist 83', 'A collection of Classical tunes.', '2020-11-12', 'https://picsum.photos/id/399/180/180');
INSERT INTO PLAYLISTS (playlist_id, user_id, title, description, date_created, image) VALUES (200, 35, 'My Indie Playlist 74', 'A collection of Folk tunes.', '2020-01-29', 'https://picsum.photos/id/352/180/180');
INSERT INTO PLAYLISTS (playlist_id, user_id, title, description, date_created, image) VALUES (201, 90, 'My Electronic Playlist 73', 'A collection of Rock tunes.', '2021-01-14', 'https://picsum.photos/id/390/180/180');
INSERT INTO PLAYLISTS (playlist_id, user_id, title, description, date_created, image) VALUES (202, 45, 'My Alternative Playlist 79', 'A collection of Blues tunes.', '2022-11-14', 'https://picsum.photos/id/400/180/180');
INSERT INTO PLAYLISTS (playlist_id, user_id, title, description, date_created, image) VALUES (203, 67, 'My R&B Playlist 18', 'A collection of Hip Hop tunes.', '2023-08-10', 'https://picsum.photos/id/330/180/180');
INSERT INTO PLAYLISTS (playlist_id, user_id, title, description, date_created, image) VALUES (204, 39, 'My R&B Playlist 88', 'A collection of Alternative tunes.', '2022-10-16', 'https://picsum.photos/id/363/180/180');
INSERT INTO PLAYLISTS (playlist_id, user_id, title, description, date_created, image) VALUES (205, 83, 'My Jazz Playlist 43', 'A collection of Folk tunes.', '2024-03-03', 'https://picsum.photos/id/359/180/180');
INSERT INTO PLAYLISTS (playlist_id, user_id, title, description, date_created, image) VALUES (206, 49, 'My Rock Playlist 42', 'A collection of Folk tunes.', '2021-09-26', 'https://picsum.photos/id/390/180/180');
INSERT INTO PLAYLISTS (playlist_id, user_id, title, description, date_created, image) VALUES (207, 93, 'My Blues Playlist 41', 'A collection of Country tunes.', '2020-07-16', 'https://picsum.photos/id/372/180/180');
INSERT INTO PLAYLISTS (playlist_id, user_id, title, description, date_created, image) VALUES (208, 24, 'My Pop Playlist 90', 'A collection of Country tunes.', '2020-02-28', 'https://picsum.photos/id/340/180/180');
INSERT INTO PLAYLISTS (playlist_id, user_id, title, description, date_created, image) VALUES (209, 60, 'My R&B Playlist 45', 'A collection of Rock tunes.', '2020-09-14', 'https://picsum.photos/id/364/180/180');
INSERT INTO PLAYLISTS (playlist_id, user_id, title, description, date_created, image) VALUES (210, 59, 'My Alternative Playlist 77', 'A collection of Metal tunes.', '2022-10-31', 'https://picsum.photos/id/317/180/180');
INSERT INTO PLAYLISTS (playlist_id, user_id, title, description, date_created, image) VALUES (211, 77, 'My Electronic Playlist 60', 'A collection of Electronic tunes.', '2022-09-13', 'https://picsum.photos/id/378/180/180');
INSERT INTO PLAYLISTS (playlist_id, user_id, title, description, date_created, image) VALUES (212, 32, 'My Indie Playlist 61', 'A collection of Classical tunes.', '2023-07-06', 'https://picsum.photos/id/342/180/180');
INSERT INTO PLAYLISTS (playlist_id, user_id, title, description, date_created, image) VALUES (213, 98, 'My Jazz Playlist 74', 'A collection of Metal tunes.', '2023-01-10', 'https://picsum.photos/id/345/180/180');
INSERT INTO PLAYLISTS (playlist_id, user_id, title, description, date_created, image) VALUES (214, 5, 'My Electronic Playlist 10', 'A collection of Jazz tunes.', '2022-01-25', 'https://picsum.photos/id/388/180/180');
INSERT INTO PLAYLISTS (playlist_id, user_id, title, description, date_created, image) VALUES (215, 96, 'My Pop Playlist 41', 'A collection of R&B tunes.', '2020-09-13', 'https://picsum.photos/id/365/180/180');
INSERT INTO PLAYLISTS (playlist_id, user_id, title, description, date_created, image) VALUES (216, 33, 'My Rock Playlist 72', 'A collection of Reggae tunes.', '2022-07-27', 'https://picsum.photos/id/395/180/180');
INSERT INTO PLAYLISTS (playlist_id, user_id, title, description, date_created, image) VALUES (217, 31, 'My Country Playlist 91', 'A collection of Reggae tunes.', '2021-07-08', 'https://picsum.photos/id/350/180/180');
INSERT INTO PLAYLISTS (playlist_id, user_id, title, description, date_created, image) VALUES (218, 1, 'My Alternative Playlist 83', 'A collection of Pop tunes.', '2021-02-27', 'https://picsum.photos/id/381/180/180');
INSERT INTO PLAYLISTS (playlist_id, user_id, title, description, date_created, image) VALUES (219, 21, 'My Rock Playlist 70', 'A collection of Pop tunes.', '2024-04-20', 'https://picsum.photos/id/326/180/180');
INSERT INTO PLAYLISTS (playlist_id, user_id, title, description, date_created, image) VALUES (220, 16, 'My Electronic Playlist 23', 'A collection of Country tunes.', '2024-01-25', 'https://picsum.photos/id/396/180/180');
INSERT INTO PLAYLISTS (playlist_id, user_id, title, description, date_created, image) VALUES (221, 10, 'My Blues Playlist 60', 'A collection of Hip Hop tunes.', '2020-10-07', 'https://picsum.photos/id/371/180/180');
INSERT INTO PLAYLISTS (playlist_id, user_id, title, description, date_created, image) VALUES (222, 43, 'My Reggae Playlist 9', 'A collection of Metal tunes.', '2023-09-26', 'https://picsum.photos/id/389/180/180');
INSERT INTO PLAYLISTS (playlist_id, user_id, title, description, date_created, image) VALUES (223, 51, 'My Indie Playlist 22', 'A collection of Dance tunes.', '2023-08-30', 'https://picsum.photos/id/314/180/180');
INSERT INTO PLAYLISTS (playlist_id, user_id, title, description, date_created, image) VALUES (224, 90, 'My Classical Playlist 11', 'A collection of Metal tunes.', '2020-07-19', 'https://picsum.photos/id/357/180/180');
INSERT INTO PLAYLISTS (playlist_id, user_id, title, description, date_created, image) VALUES (225, 97, 'My Classical Playlist 62', 'A collection of Blues tunes.', '2022-09-19', 'https://picsum.photos/id/387/180/180');
INSERT INTO PLAYLISTS (playlist_id, user_id, title, description, date_created, image) VALUES (226, 30, 'My R&B Playlist 41', 'A collection of Classical tunes.', '2023-02-26', 'https://picsum.photos/id/356/180/180');
INSERT INTO PLAYLISTS (playlist_id, user_id, title, description, date_created, image) VALUES (227, 73, 'My R&B Playlist 31', 'A collection of Country tunes.', '2023-12-17', 'https://picsum.photos/id/346/180/180');
INSERT INTO PLAYLISTS (playlist_id, user_id, title, description, date_created, image) VALUES (228, 76, 'My R&B Playlist 70', 'A collection of Hip Hop tunes.', '2022-05-16', 'https://picsum.photos/id/391/180/180');
INSERT INTO PLAYLISTS (playlist_id, user_id, title, description, date_created, image) VALUES (229, 83, 'My Electronic Playlist 54', 'A collection of Rock tunes.', '2023-05-23', 'https://picsum.photos/id/374/180/180');
INSERT INTO PLAYLISTS (playlist_id, user_id, title, description, date_created, image) VALUES (230, 99, 'My Jazz Playlist 74', 'A collection of Classical tunes.', '2022-12-06', 'https://picsum.photos/id/348/180/180');
INSERT INTO PLAYLISTS (playlist_id, user_id, title, description, date_created, image) VALUES (231, 100, 'My Country Playlist 48', 'A collection of Dance tunes.', '2023-10-25', 'https://picsum.photos/id/328/180/180');
INSERT INTO PLAYLISTS (playlist_id, user_id, title, description, date_created, image) VALUES (232, 66, 'My Rock Playlist 17', 'A collection of Folk tunes.', '2021-04-15', 'https://picsum.photos/id/329/180/180');
INSERT INTO PLAYLISTS (playlist_id, user_id, title, description, date_created, image) VALUES (233, 91, 'My Hip Hop Playlist 54', 'A collection of Metal tunes.', '2020-04-27', 'https://picsum.photos/id/349/180/180');
INSERT INTO PLAYLISTS (playlist_id, user_id, title, description, date_created, image) VALUES (234, 23, 'My Dance Playlist 14', 'A collection of Jazz tunes.', '2020-01-03', 'https://picsum.photos/id/308/180/180');
INSERT INTO PLAYLISTS (playlist_id, user_id, title, description, date_created, image) VALUES (235, 15, 'My Rock Playlist 98', 'A collection of Electronic tunes.', '2021-05-13', 'https://picsum.photos/id/301/180/180');
INSERT INTO PLAYLISTS (playlist_id, user_id, title, description, date_created, image) VALUES (236, 66, 'My Classical Playlist 17', 'A collection of Metal tunes.', '2021-06-17', 'https://picsum.photos/id/354/180/180');
INSERT INTO PLAYLISTS (playlist_id, user_id, title, description, date_created, image) VALUES (237, 53, 'My Jazz Playlist 10', 'A collection of Country tunes.', '2021-11-08', 'https://picsum.photos/id/397/180/180');
INSERT INTO PLAYLISTS (playlist_id, user_id, title, description, date_created, image) VALUES (238, 77, 'My Electronic Playlist 82', 'A collection of Alternative tunes.', '2023-06-04', 'https://picsum.photos/id/387/180/180');
INSERT INTO PLAYLISTS (playlist_id, user_id, title, description, date_created, image) VALUES (239, 82, 'My Reggae Playlist 3', 'A collection of Indie tunes.', '2021-04-04', 'https://picsum.photos/id/358/180/180');
INSERT INTO PLAYLISTS (playlist_id, user_id, title, description, date_created, image) VALUES (240, 54, 'My Metal Playlist 78', 'A collection of R&B tunes.', '2024-02-02', 'https://picsum.photos/id/304/180/180');
INSERT INTO PLAYLISTS (playlist_id, user_id, title, description, date_created, image) VALUES (241, 93, 'My R&B Playlist 100', 'A collection of R&B tunes.', '2022-12-25', 'https://picsum.photos/id/353/180/180');
INSERT INTO PLAYLISTS (playlist_id, user_id, title, description, date_created, image) VALUES (242, 71, 'My Country Playlist 22', 'A collection of Electronic tunes.', '2022-10-11', 'https://picsum.photos/id/355/180/180');
INSERT INTO PLAYLISTS (playlist_id, user_id, title, description, date_created, image) VALUES (243, 60, 'My Indie Playlist 47', 'A collection of Dance tunes.', '2020-08-07', 'https://picsum.photos/id/304/180/180');
INSERT INTO PLAYLISTS (playlist_id, user_id, title, description, date_created, image) VALUES (244, 31, 'My Jazz Playlist 36', 'A collection of Rock tunes.', '2024-03-17', 'https://picsum.photos/id/315/180/180');
INSERT INTO PLAYLISTS (playlist_id, user_id, title, description, date_created, image) VALUES (245, 16, 'My Jazz Playlist 27', 'A collection of Metal tunes.', '2024-04-01', 'https://picsum.photos/id/325/180/180');
INSERT INTO PLAYLISTS (playlist_id, user_id, title, description, date_created, image) VALUES (246, 8, 'My Country Playlist 17', 'A collection of Blues tunes.', '2020-08-19', 'https://picsum.photos/id/336/180/180');
INSERT INTO PLAYLISTS (playlist_id, user_id, title, description, date_created, image) VALUES (247, 55, 'My Hip Hop Playlist 63', 'A collection of Pop tunes.', '2021-12-11', 'https://picsum.photos/id/355/180/180');
INSERT INTO PLAYLISTS (playlist_id, user_id, title, description, date_created, image) VALUES (248, 56, 'My Jazz Playlist 76', 'A collection of Folk tunes.', '2024-05-10', 'https://picsum.photos/id/316/180/180');
INSERT INTO PLAYLISTS (playlist_id, user_id, title, description, date_created, image) VALUES (249, 73, 'My Pop Playlist 58', 'A collection of Metal tunes.', '2021-12-10', 'https://picsum.photos/id/318/180/180');
INSERT INTO PLAYLISTS (playlist_id, user_id, title, description, date_created, image) VALUES (250, 24, 'My Classical Playlist 73', 'A collection of Country tunes.', '2020-08-30', 'https://picsum.photos/id/337/180/180');
INSERT INTO PLAYLISTS (playlist_id, user_id, title, description, date_created, image) VALUES (251, 73, 'My Classical Playlist 7', 'A collection of Dance tunes.', '2021-07-13', 'https://picsum.photos/id/322/180/180');
INSERT INTO PLAYLISTS (playlist_id, user_id, title, description, date_created, image) VALUES (252, 29, 'My Jazz Playlist 28', 'A collection of Blues tunes.', '2023-10-17', 'https://picsum.photos/id/306/180/180');
INSERT INTO PLAYLISTS (playlist_id, user_id, title, description, date_created, image) VALUES (253, 86, 'My Country Playlist 52', 'A collection of Blues tunes.', '2022-08-03', 'https://picsum.photos/id/354/180/180');
INSERT INTO PLAYLISTS (playlist_id, user_id, title, description, date_created, image) VALUES (254, 57, 'My Dance Playlist 78', 'A collection of Hip Hop tunes.', '2021-05-23', 'https://picsum.photos/id/302/180/180');
INSERT INTO PLAYLISTS (playlist_id, user_id, title, description, date_created, image) VALUES (255, 1, 'My Electronic Playlist 93', 'A collection of Blues tunes.', '2024-05-06', 'https://picsum.photos/id/366/180/180');
INSERT INTO PLAYLISTS (playlist_id, user_id, title, description, date_created, image) VALUES (256, 70, 'My Country Playlist 88', 'A collection of Indie tunes.', '2020-09-06', 'https://picsum.photos/id/351/180/180');
INSERT INTO PLAYLISTS (playlist_id, user_id, title, description, date_created, image) VALUES (257, 33, 'My Jazz Playlist 26', 'A collection of Electronic tunes.', '2022-04-23', 'https://picsum.photos/id/315/180/180');
INSERT INTO PLAYLISTS (playlist_id, user_id, title, description, date_created, image) VALUES (258, 32, 'My Dance Playlist 42', 'A collection of Rock tunes.', '2020-09-25', 'https://picsum.photos/id/359/180/180');
INSERT INTO PLAYLISTS (playlist_id, user_id, title, description, date_created, image) VALUES (259, 1, 'My Classical Playlist 78', 'A collection of Alternative tunes.', '2021-06-08', 'https://picsum.photos/id/308/180/180');
INSERT INTO PLAYLISTS (playlist_id, user_id, title, description, date_created, image) VALUES (260, 48, 'My Reggae Playlist 47', 'A collection of Rock tunes.', '2020-03-01', 'https://picsum.photos/id/329/180/180');
INSERT INTO PLAYLISTS (playlist_id, user_id, title, description, date_created, image) VALUES (261, 1, 'My Alternative Playlist 68', 'A collection of Rock tunes.', '2023-12-22', 'https://picsum.photos/id/358/180/180');
INSERT INTO PLAYLISTS (playlist_id, user_id, title, description, date_created, image) VALUES (262, 66, 'My Indie Playlist 5', 'A collection of Blues tunes.', '2021-10-12', 'https://picsum.photos/id/365/180/180');
INSERT INTO PLAYLISTS (playlist_id, user_id, title, description, date_created, image) VALUES (263, 20, 'My Jazz Playlist 79', 'A collection of Hip Hop tunes.', '2020-05-13', 'https://picsum.photos/id/380/180/180');
INSERT INTO PLAYLISTS (playlist_id, user_id, title, description, date_created, image) VALUES (264, 73, 'My Reggae Playlist 49', 'A collection of Indie tunes.', '2022-02-16', 'https://picsum.photos/id/318/180/180');
INSERT INTO PLAYLISTS (playlist_id, user_id, title, description, date_created, image) VALUES (265, 43, 'My Hip Hop Playlist 84', 'A collection of R&B tunes.', '2023-02-22', 'https://picsum.photos/id/316/180/180');
INSERT INTO PLAYLISTS (playlist_id, user_id, title, description, date_created, image) VALUES (266, 63, 'My Metal Playlist 60', 'A collection of Country tunes.', '2020-12-15', 'https://picsum.photos/id/383/180/180');
INSERT INTO PLAYLISTS (playlist_id, user_id, title, description, date_created, image) VALUES (267, 18, 'My Classical Playlist 86', 'A collection of Indie tunes.', '2022-03-15', 'https://picsum.photos/id/367/180/180');
INSERT INTO PLAYLISTS (playlist_id, user_id, title, description, date_created, image) VALUES (268, 82, 'My Country Playlist 14', 'A collection of R&B tunes.', '2021-01-19', 'https://picsum.photos/id/315/180/180');
INSERT INTO PLAYLISTS (playlist_id, user_id, title, description, date_created, image) VALUES (269, 7, 'My Country Playlist 87', 'A collection of Metal tunes.', '2023-10-16', 'https://picsum.photos/id/377/180/180');
INSERT INTO PLAYLISTS (playlist_id, user_id, title, description, date_created, image) VALUES (270, 75, 'My Dance Playlist 37', 'A collection of Jazz tunes.', '2021-02-28', 'https://picsum.photos/id/339/180/180');
INSERT INTO PLAYLISTS (playlist_id, user_id, title, description, date_created, image) VALUES (271, 17, 'My Jazz Playlist 44', 'A collection of Blues tunes.', '2022-09-10', 'https://picsum.photos/id/320/180/180');
INSERT INTO PLAYLISTS (playlist_id, user_id, title, description, date_created, image) VALUES (272, 54, 'My Indie Playlist 37', 'A collection of Dance tunes.', '2021-06-05', 'https://picsum.photos/id/338/180/180');
INSERT INTO PLAYLISTS (playlist_id, user_id, title, description, date_created, image) VALUES (273, 98, 'My Alternative Playlist 57', 'A collection of Rock tunes.', '2023-07-13', 'https://picsum.photos/id/354/180/180');
INSERT INTO PLAYLISTS (playlist_id, user_id, title, description, date_created, image) VALUES (274, 19, 'My Classical Playlist 53', 'A collection of Country tunes.', '2020-04-02', 'https://picsum.photos/id/306/180/180');
INSERT INTO PLAYLISTS (playlist_id, user_id, title, description, date_created, image) VALUES (275, 34, 'My Jazz Playlist 20', 'A collection of Indie tunes.', '2020-09-27', 'https://picsum.photos/id/327/180/180');
INSERT INTO PLAYLISTS (playlist_id, user_id, title, description, date_created, image) VALUES (276, 27, 'My Dance Playlist 83', 'A collection of Indie tunes.', '2022-02-28', 'https://picsum.photos/id/321/180/180');
INSERT INTO PLAYLISTS (playlist_id, user_id, title, description, date_created, image) VALUES (277, 32, 'My R&B Playlist 66', 'A collection of Dance tunes.', '2020-04-16', 'https://picsum.photos/id/367/180/180');
INSERT INTO PLAYLISTS (playlist_id, user_id, title, description, date_created, image) VALUES (278, 45, 'My Jazz Playlist 18', 'A collection of Blues tunes.', '2022-10-09', 'https://picsum.photos/id/306/180/180');
INSERT INTO PLAYLISTS (playlist_id, user_id, title, description, date_created, image) VALUES (279, 59, 'My Indie Playlist 94', 'A collection of Jazz tunes.', '2021-11-28', 'https://picsum.photos/id/350/180/180');
INSERT INTO PLAYLISTS (playlist_id, user_id, title, description, date_created, image) VALUES (280, 95, 'My Indie Playlist 83', 'A collection of Classical tunes.', '2023-11-06', 'https://picsum.photos/id/305/180/180');
INSERT INTO PLAYLISTS (playlist_id, user_id, title, description, date_created, image) VALUES (281, 32, 'My Blues Playlist 6', 'A collection of Hip Hop tunes.', '2023-01-11', 'https://picsum.photos/id/360/180/180');
INSERT INTO PLAYLISTS (playlist_id, user_id, title, description, date_created, image) VALUES (282, 100, 'My Indie Playlist 96', 'A collection of Reggae tunes.', '2020-03-08', 'https://picsum.photos/id/326/180/180');
INSERT INTO PLAYLISTS (playlist_id, user_id, title, description, date_created, image) VALUES (283, 3, 'My Country Playlist 26', 'A collection of Metal tunes.', '2023-10-01', 'https://picsum.photos/id/335/180/180');
INSERT INTO PLAYLISTS (playlist_id, user_id, title, description, date_created, image) VALUES (284, 36, 'My Folk Playlist 46', 'A collection of Classical tunes.', '2023-07-27', 'https://picsum.photos/id/308/180/180');
INSERT INTO PLAYLISTS (playlist_id, user_id, title, description, date_created, image) VALUES (285, 3, 'My Jazz Playlist 17', 'A collection of Metal tunes.', '2021-06-28', 'https://picsum.photos/id/363/180/180');
INSERT INTO PLAYLISTS (playlist_id, user_id, title, description, date_created, image) VALUES (286, 74, 'My Rock Playlist 41', 'A collection of Pop tunes.', '2021-02-26', 'https://picsum.photos/id/326/180/180');
INSERT INTO PLAYLISTS (playlist_id, user_id, title, description, date_created, image) VALUES (287, 73, 'My Electronic Playlist 29', 'A collection of Alternative tunes.', '2020-02-21', 'https://picsum.photos/id/335/180/180');
INSERT INTO PLAYLISTS (playlist_id, user_id, title, description, date_created, image) VALUES (288, 32, 'My Classical Playlist 72', 'A collection of Metal tunes.', '2023-09-25', 'https://picsum.photos/id/397/180/180');
INSERT INTO PLAYLISTS (playlist_id, user_id, title, description, date_created, image) VALUES (289, 94, 'My Dance Playlist 59', 'A collection of Rock tunes.', '2021-03-02', 'https://picsum.photos/id/369/180/180');
INSERT INTO PLAYLISTS (playlist_id, user_id, title, description, date_created, image) VALUES (290, 10, 'My Metal Playlist 81', 'A collection of Country tunes.', '2022-05-03', 'https://picsum.photos/id/368/180/180');
INSERT INTO PLAYLISTS (playlist_id, user_id, title, description, date_created, image) VALUES (291, 7, 'My Hip Hop Playlist 51', 'A collection of Dance tunes.', '2021-04-22', 'https://picsum.photos/id/327/180/180');
INSERT INTO PLAYLISTS (playlist_id, user_id, title, description, date_created, image) VALUES (292, 45, 'My Metal Playlist 58', 'A collection of Classical tunes.', '2021-04-16', 'https://picsum.photos/id/310/180/180');
INSERT INTO PLAYLISTS (playlist_id, user_id, title, description, date_created, image) VALUES (293, 74, 'My Pop Playlist 71', 'A collection of Blues tunes.', '2023-04-24', 'https://picsum.photos/id/327/180/180');
INSERT INTO PLAYLISTS (playlist_id, user_id, title, description, date_created, image) VALUES (294, 47, 'My Jazz Playlist 19', 'A collection of Classical tunes.', '2023-03-08', 'https://picsum.photos/id/350/180/180');
INSERT INTO PLAYLISTS (playlist_id, user_id, title, description, date_created, image) VALUES (295, 93, 'My R&B Playlist 88', 'A collection of Country tunes.', '2022-12-07', 'https://picsum.photos/id/372/180/180');
INSERT INTO PLAYLISTS (playlist_id, user_id, title, description, date_created, image) VALUES (296, 62, 'My Classical Playlist 43', 'A collection of Electronic tunes.', '2022-11-27', 'https://picsum.photos/id/374/180/180');
INSERT INTO PLAYLISTS (playlist_id, user_id, title, description, date_created, image) VALUES (297, 92, 'My Country Playlist 13', 'A collection of Folk tunes.', '2023-01-21', 'https://picsum.photos/id/308/180/180');
INSERT INTO PLAYLISTS (playlist_id, user_id, title, description, date_created, image) VALUES (298, 66, 'My Pop Playlist 85', 'A collection of Pop tunes.', '2020-10-08', 'https://picsum.photos/id/320/180/180');
INSERT INTO PLAYLISTS (playlist_id, user_id, title, description, date_created, image) VALUES (299, 10, 'My Indie Playlist 44', 'A collection of Classical tunes.', '2020-07-24', 'https://picsum.photos/id/346/180/180');
INSERT INTO PLAYLISTS (playlist_id, user_id, title, description, date_created, image) VALUES (300, 57, 'My Hip Hop Playlist 99', 'A collection of Jazz tunes.', '2021-01-18', 'https://picsum.photos/id/339/180/180');
INSERT INTO PLAYLISTS (playlist_id, user_id, title, description, date_created, image) VALUES (301, 91, 'My Pop Playlist 49', 'A collection of Electronic tunes.', '2020-03-01', 'https://picsum.photos/id/357/180/180');
INSERT INTO PLAYLISTS (playlist_id, user_id, title, description, date_created, image) VALUES (302, 48, 'My Pop Playlist 56', 'A collection of Metal tunes.', '2023-09-04', 'https://picsum.photos/id/362/180/180');
INSERT INTO PLAYLISTS (playlist_id, user_id, title, description, date_created, image) VALUES (303, 86, 'My Blues Playlist 82', 'A collection of Electronic tunes.', '2022-07-13', 'https://picsum.photos/id/328/180/180');
INSERT INTO PLAYLISTS (playlist_id, user_id, title, description, date_created, image) VALUES (304, 73, 'My Blues Playlist 88', 'A collection of Jazz tunes.', '2022-05-27', 'https://picsum.photos/id/358/180/180');
INSERT INTO PLAYLISTS (playlist_id, user_id, title, description, date_created, image) VALUES (305, 40, 'My Indie Playlist 38', 'A collection of Folk tunes.', '2024-04-18', 'https://picsum.photos/id/378/180/180');
INSERT INTO PLAYLISTS (playlist_id, user_id, title, description, date_created, image) VALUES (306, 23, 'My Electronic Playlist 80', 'A collection of R&B tunes.', '2021-05-08', 'https://picsum.photos/id/393/180/180');
INSERT INTO PLAYLISTS (playlist_id, user_id, title, description, date_created, image) VALUES (307, 7, 'My Rock Playlist 74', 'A collection of Folk tunes.', '2022-03-21', 'https://picsum.photos/id/372/180/180');
INSERT INTO PLAYLISTS (playlist_id, user_id, title, description, date_created, image) VALUES (308, 44, 'My Dance Playlist 66', 'A collection of Dance tunes.', '2021-02-15', 'https://picsum.photos/id/326/180/180');
INSERT INTO PLAYLISTS (playlist_id, user_id, title, description, date_created, image) VALUES (309, 85, 'My Country Playlist 71', 'A collection of Reggae tunes.', '2020-10-12', 'https://picsum.photos/id/386/180/180');
INSERT INTO PLAYLISTS (playlist_id, user_id, title, description, date_created, image) VALUES (310, 24, 'My R&B Playlist 91', 'A collection of Dance tunes.', '2020-11-08', 'https://picsum.photos/id/315/180/180');
INSERT INTO PLAYLISTS (playlist_id, user_id, title, description, date_created, image) VALUES (311, 58, 'My Dance Playlist 44', 'A collection of Electronic tunes.', '2023-06-11', 'https://picsum.photos/id/366/180/180');
INSERT INTO PLAYLISTS (playlist_id, user_id, title, description, date_created, image) VALUES (312, 20, 'My Jazz Playlist 71', 'A collection of Metal tunes.', '2020-03-01', 'https://picsum.photos/id/338/180/180');
INSERT INTO PLAYLISTS (playlist_id, user_id, title, description, date_created, image) VALUES (313, 79, 'My Reggae Playlist 95', 'A collection of Country tunes.', '2021-04-25', 'https://picsum.photos/id/308/180/180');
INSERT INTO PLAYLISTS (playlist_id, user_id, title, description, date_created, image) VALUES (314, 95, 'My R&B Playlist 15', 'A collection of Country tunes.', '2021-03-30', 'https://picsum.photos/id/349/180/180');
INSERT INTO PLAYLISTS (playlist_id, user_id, title, description, date_created, image) VALUES (315, 20, 'My Rock Playlist 32', 'A collection of Classical tunes.', '2023-09-18', 'https://picsum.photos/id/389/180/180');
INSERT INTO PLAYLISTS (playlist_id, user_id, title, description, date_created, image) VALUES (316, 53, 'My Pop Playlist 46', 'A collection of Hip Hop tunes.', '2023-06-19', 'https://picsum.photos/id/394/180/180');
INSERT INTO PLAYLISTS (playlist_id, user_id, title, description, date_created, image) VALUES (317, 39, 'My Indie Playlist 97', 'A collection of Dance tunes.', '2021-04-06', 'https://picsum.photos/id/384/180/180');
INSERT INTO PLAYLISTS (playlist_id, user_id, title, description, date_created, image) VALUES (318, 26, 'My Pop Playlist 69', 'A collection of Folk tunes.', '2022-12-18', 'https://picsum.photos/id/399/180/180');
INSERT INTO PLAYLISTS (playlist_id, user_id, title, description, date_created, image) VALUES (319, 22, 'My Metal Playlist 85', 'A collection of Classical tunes.', '2020-08-04', 'https://picsum.photos/id/353/180/180');
INSERT INTO PLAYLISTS (playlist_id, user_id, title, description, date_created, image) VALUES (320, 69, 'My Folk Playlist 10', 'A collection of Jazz tunes.', '2022-05-13', 'https://picsum.photos/id/396/180/180');
INSERT INTO PLAYLISTS (playlist_id, user_id, title, description, date_created, image) VALUES (321, 55, 'My Blues Playlist 28', 'A collection of Dance tunes.', '2020-02-21', 'https://picsum.photos/id/335/180/180');
INSERT INTO PLAYLISTS (playlist_id, user_id, title, description, date_created, image) VALUES (322, 91, 'My Electronic Playlist 28', 'A collection of Blues tunes.', '2023-07-13', 'https://picsum.photos/id/309/180/180');
INSERT INTO PLAYLISTS (playlist_id, user_id, title, description, date_created, image) VALUES (323, 4, 'My Indie Playlist 16', 'A collection of Indie tunes.', '2021-05-03', 'https://picsum.photos/id/345/180/180');
INSERT INTO PLAYLISTS (playlist_id, user_id, title, description, date_created, image) VALUES (324, 38, 'My R&B Playlist 4', 'A collection of Reggae tunes.', '2023-03-17', 'https://picsum.photos/id/395/180/180');
INSERT INTO PLAYLISTS (playlist_id, user_id, title, description, date_created, image) VALUES (325, 52, 'My Indie Playlist 66', 'A collection of Jazz tunes.', '2023-07-23', 'https://picsum.photos/id/387/180/180');
INSERT INTO PLAYLISTS (playlist_id, user_id, title, description, date_created, image) VALUES (326, 42, 'My Blues Playlist 59', 'A collection of Folk tunes.', '2020-08-21', 'https://picsum.photos/id/339/180/180');
INSERT INTO PLAYLISTS (playlist_id, user_id, title, description, date_created, image) VALUES (327, 11, 'My Country Playlist 6', 'A collection of Pop tunes.', '2020-11-01', 'https://picsum.photos/id/307/180/180');
INSERT INTO PLAYLISTS (playlist_id, user_id, title, description, date_created, image) VALUES (328, 63, 'My R&B Playlist 76', 'A collection of Electronic tunes.', '2020-05-03', 'https://picsum.photos/id/328/180/180');
INSERT INTO PLAYLISTS (playlist_id, user_id, title, description, date_created, image) VALUES (329, 40, 'My Pop Playlist 23', 'A collection of Classical tunes.', '2022-02-04', 'https://picsum.photos/id/389/180/180');
INSERT INTO PLAYLISTS (playlist_id, user_id, title, description, date_created, image) VALUES (330, 27, 'My R&B Playlist 33', 'A collection of R&B tunes.', '2022-02-03', 'https://picsum.photos/id/379/180/180');
INSERT INTO PLAYLISTS (playlist_id, user_id, title, description, date_created, image) VALUES (331, 36, 'My Blues Playlist 64', 'A collection of Reggae tunes.', '2020-07-28', 'https://picsum.photos/id/314/180/180');
INSERT INTO PLAYLISTS (playlist_id, user_id, title, description, date_created, image) VALUES (332, 48, 'My Pop Playlist 55', 'A collection of Country tunes.', '2021-11-09', 'https://picsum.photos/id/400/180/180');
INSERT INTO PLAYLISTS (playlist_id, user_id, title, description, date_created, image) VALUES (333, 73, 'My Pop Playlist 20', 'A collection of Country tunes.', '2020-12-17', 'https://picsum.photos/id/305/180/180');
INSERT INTO PLAYLISTS (playlist_id, user_id, title, description, date_created, image) VALUES (334, 27, 'My Alternative Playlist 16', 'A collection of Folk tunes.', '2020-09-03', 'https://picsum.photos/id/351/180/180');
INSERT INTO PLAYLISTS (playlist_id, user_id, title, description, date_created, image) VALUES (335, 49, 'My Hip Hop Playlist 8', 'A collection of Country tunes.', '2023-12-12', 'https://picsum.photos/id/341/180/180');
INSERT INTO PLAYLISTS (playlist_id, user_id, title, description, date_created, image) VALUES (336, 27, 'My Pop Playlist 7', 'A collection of R&B tunes.', '2021-01-03', 'https://picsum.photos/id/357/180/180');
INSERT INTO PLAYLISTS (playlist_id, user_id, title, description, date_created, image) VALUES (337, 38, 'My Indie Playlist 6', 'A collection of Reggae tunes.', '2021-10-05', 'https://picsum.photos/id/378/180/180');
INSERT INTO PLAYLISTS (playlist_id, user_id, title, description, date_created, image) VALUES (338, 7, 'My Indie Playlist 46', 'A collection of Reggae tunes.', '2022-08-04', 'https://picsum.photos/id/319/180/180');
INSERT INTO PLAYLISTS (playlist_id, user_id, title, description, date_created, image) VALUES (339, 36, 'My Dance Playlist 34', 'A collection of Blues tunes.', '2023-04-08', 'https://picsum.photos/id/344/180/180');
INSERT INTO PLAYLISTS (playlist_id, user_id, title, description, date_created, image) VALUES (340, 8, 'My Indie Playlist 22', 'A collection of Blues tunes.', '2022-11-08', 'https://picsum.photos/id/365/180/180');
INSERT INTO PLAYLISTS (playlist_id, user_id, title, description, date_created, image) VALUES (341, 11, 'My Hip Hop Playlist 81', 'A collection of Indie tunes.', '2020-04-22', 'https://picsum.photos/id/393/180/180');
INSERT INTO PLAYLISTS (playlist_id, user_id, title, description, date_created, image) VALUES (342, 48, 'My Metal Playlist 9', 'A collection of Blues tunes.', '2024-02-25', 'https://picsum.photos/id/333/180/180');
INSERT INTO PLAYLISTS (playlist_id, user_id, title, description, date_created, image) VALUES (343, 7, 'My Dance Playlist 40', 'A collection of Blues tunes.', '2024-02-25', 'https://picsum.photos/id/333/180/180');
INSERT INTO PLAYLISTS (playlist_id, user_id, title, description, date_created, image) VALUES (344, 70, 'My Jazz Playlist 55', 'A collection of Folk tunes.', '2021-02-13', 'https://picsum.photos/id/367/180/180');
INSERT INTO PLAYLISTS (playlist_id, user_id, title, description, date_created, image) VALUES (345, 74, 'My Alternative Playlist 78', 'A collection of Indie tunes.', '2024-02-02', 'https://picsum.photos/id/374/180/180');
INSERT INTO PLAYLISTS (playlist_id, user_id, title, description, date_created, image) VALUES (346, 80, 'My Blues Playlist 81', 'A collection of Alternative tunes.', '2020-08-12', 'https://picsum.photos/id/354/180/180');
INSERT INTO PLAYLISTS (playlist_id, user_id, title, description, date_created, image) VALUES (347, 4, 'My Alternative Playlist 70', 'A collection of Folk tunes.', '2021-01-22', 'https://picsum.photos/id/363/180/180');
INSERT INTO PLAYLISTS (playlist_id, user_id, title, description, date_created, image) VALUES (348, 5, 'My Dance Playlist 48', 'A collection of Country tunes.', '2022-11-25', 'https://picsum.photos/id/372/180/180');
INSERT INTO PLAYLISTS (playlist_id, user_id, title, description, date_created, image) VALUES (349, 2, 'My Electronic Playlist 38', 'A collection of Indie tunes.', '2021-06-21', 'https://picsum.photos/id/340/180/180');
INSERT INTO PLAYLISTS (playlist_id, user_id, title, description, date_created, image) VALUES (350, 95, 'My Pop Playlist 32', 'A collection of Jazz tunes.', '2023-04-08', 'https://picsum.photos/id/398/180/180');
INSERT INTO PLAYLISTS (playlist_id, user_id, title, description, date_created, image) VALUES (351, 3, 'My Alternative Playlist 63', 'A collection of Classical tunes.', '2021-05-04', 'https://picsum.photos/id/379/180/180');
INSERT INTO PLAYLISTS (playlist_id, user_id, title, description, date_created, image) VALUES (352, 89, 'My Blues Playlist 4', 'A collection of Pop tunes.', '2022-07-30', 'https://picsum.photos/id/306/180/180');
INSERT INTO PLAYLISTS (playlist_id, user_id, title, description, date_created, image) VALUES (353, 100, 'My Country Playlist 96', 'A collection of Indie tunes.', '2022-12-25', 'https://picsum.photos/id/317/180/180');
INSERT INTO PLAYLISTS (playlist_id, user_id, title, description, date_created, image) VALUES (354, 22, 'My Dance Playlist 40', 'A collection of Metal tunes.', '2022-11-16', 'https://picsum.photos/id/349/180/180');
INSERT INTO PLAYLISTS (playlist_id, user_id, title, description, date_created, image) VALUES (355, 16, 'My Blues Playlist 47', 'A collection of Reggae tunes.', '2022-06-25', 'https://picsum.photos/id/321/180/180');
INSERT INTO PLAYLISTS (playlist_id, user_id, title, description, date_created, image) VALUES (356, 45, 'My Blues Playlist 44', 'A collection of Jazz tunes.', '2020-04-22', 'https://picsum.photos/id/374/180/180');
INSERT INTO PLAYLISTS (playlist_id, user_id, title, description, date_created, image) VALUES (357, 48, 'My Blues Playlist 36', 'A collection of Classical tunes.', '2020-06-13', 'https://picsum.photos/id/312/180/180');
INSERT INTO PLAYLISTS (playlist_id, user_id, title, description, date_created, image) VALUES (358, 34, 'My Rock Playlist 29', 'A collection of Classical tunes.', '2022-04-15', 'https://picsum.photos/id/304/180/180');
INSERT INTO PLAYLISTS (playlist_id, user_id, title, description, date_created, image) VALUES (359, 65, 'My Dance Playlist 33', 'A collection of Classical tunes.', '2023-05-22', 'https://picsum.photos/id/345/180/180');
INSERT INTO PLAYLISTS (playlist_id, user_id, title, description, date_created, image) VALUES (360, 38, 'My Alternative Playlist 69', 'A collection of Electronic tunes.', '2020-04-12', 'https://picsum.photos/id/370/180/180');
INSERT INTO PLAYLISTS (playlist_id, user_id, title, description, date_created, image) VALUES (361, 12, 'My Classical Playlist 59', 'A collection of Jazz tunes.', '2020-02-20', 'https://picsum.photos/id/382/180/180');
INSERT INTO PLAYLISTS (playlist_id, user_id, title, description, date_created, image) VALUES (362, 47, 'My Dance Playlist 81', 'A collection of Reggae tunes.', '2022-11-13', 'https://picsum.photos/id/337/180/180');
INSERT INTO PLAYLISTS (playlist_id, user_id, title, description, date_created, image) VALUES (363, 28, 'My Alternative Playlist 18', 'A collection of Pop tunes.', '2021-01-20', 'https://picsum.photos/id/324/180/180');
INSERT INTO PLAYLISTS (playlist_id, user_id, title, description, date_created, image) VALUES (364, 85, 'My Electronic Playlist 82', 'A collection of Metal tunes.', '2020-09-08', 'https://picsum.photos/id/322/180/180');
INSERT INTO PLAYLISTS (playlist_id, user_id, title, description, date_created, image) VALUES (365, 21, 'My Reggae Playlist 33', 'A collection of Dance tunes.', '2020-10-01', 'https://picsum.photos/id/354/180/180');
INSERT INTO PLAYLISTS (playlist_id, user_id, title, description, date_created, image) VALUES (366, 82, 'My R&B Playlist 84', 'A collection of Reggae tunes.', '2022-08-06', 'https://picsum.photos/id/383/180/180');
INSERT INTO PLAYLISTS (playlist_id, user_id, title, description, date_created, image) VALUES (367, 64, 'My Blues Playlist 42', 'A collection of Rock tunes.', '2023-09-29', 'https://picsum.photos/id/345/180/180');
INSERT INTO PLAYLISTS (playlist_id, user_id, title, description, date_created, image) VALUES (368, 64, 'My Alternative Playlist 30', 'A collection of R&B tunes.', '2023-03-18', 'https://picsum.photos/id/301/180/180');
INSERT INTO PLAYLISTS (playlist_id, user_id, title, description, date_created, image) VALUES (369, 3, 'My Jazz Playlist 35', 'A collection of Country tunes.', '2024-02-21', 'https://picsum.photos/id/306/180/180');
INSERT INTO PLAYLISTS (playlist_id, user_id, title, description, date_created, image) VALUES (370, 40, 'My Indie Playlist 87', 'A collection of R&B tunes.', '2022-04-25', 'https://picsum.photos/id/358/180/180');
INSERT INTO PLAYLISTS (playlist_id, user_id, title, description, date_created, image) VALUES (371, 68, 'My Hip Hop Playlist 6', 'A collection of Reggae tunes.', '2020-07-24', 'https://picsum.photos/id/303/180/180');
INSERT INTO PLAYLISTS (playlist_id, user_id, title, description, date_created, image) VALUES (372, 69, 'My Dance Playlist 63', 'A collection of Dance tunes.', '2022-03-23', 'https://picsum.photos/id/385/180/180');
INSERT INTO PLAYLISTS (playlist_id, user_id, title, description, date_created, image) VALUES (373, 17, 'My Dance Playlist 87', 'A collection of Electronic tunes.', '2021-07-01', 'https://picsum.photos/id/374/180/180');
INSERT INTO PLAYLISTS (playlist_id, user_id, title, description, date_created, image) VALUES (374, 34, 'My Jazz Playlist 26', 'A collection of Reggae tunes.', '2024-05-03', 'https://picsum.photos/id/353/180/180');
INSERT INTO PLAYLISTS (playlist_id, user_id, title, description, date_created, image) VALUES (375, 15, 'My Dance Playlist 24', 'A collection of R&B tunes.', '2020-02-26', 'https://picsum.photos/id/348/180/180');
INSERT INTO PLAYLISTS (playlist_id, user_id, title, description, date_created, image) VALUES (376, 31, 'My Folk Playlist 24', 'A collection of Jazz tunes.', '2020-11-20', 'https://picsum.photos/id/392/180/180');
INSERT INTO PLAYLISTS (playlist_id, user_id, title, description, date_created, image) VALUES (377, 11, 'My Electronic Playlist 68', 'A collection of Jazz tunes.', '2020-06-05', 'https://picsum.photos/id/364/180/180');
INSERT INTO PLAYLISTS (playlist_id, user_id, title, description, date_created, image) VALUES (378, 67, 'My Rock Playlist 46', 'A collection of Folk tunes.', '2022-06-06', 'https://picsum.photos/id/306/180/180');
INSERT INTO PLAYLISTS (playlist_id, user_id, title, description, date_created, image) VALUES (379, 26, 'My Alternative Playlist 60', 'A collection of Blues tunes.', '2020-05-09', 'https://picsum.photos/id/366/180/180');
INSERT INTO PLAYLISTS (playlist_id, user_id, title, description, date_created, image) VALUES (380, 43, 'My Electronic Playlist 43', 'A collection of Indie tunes.', '2020-03-20', 'https://picsum.photos/id/334/180/180');
INSERT INTO PLAYLISTS (playlist_id, user_id, title, description, date_created, image) VALUES (381, 9, 'My Pop Playlist 47', 'A collection of Indie tunes.', '2022-11-24', 'https://picsum.photos/id/314/180/180');
INSERT INTO PLAYLISTS (playlist_id, user_id, title, description, date_created, image) VALUES (382, 93, 'My Jazz Playlist 96', 'A collection of Reggae tunes.', '2022-02-02', 'https://picsum.photos/id/314/180/180');
INSERT INTO PLAYLISTS (playlist_id, user_id, title, description, date_created, image) VALUES (383, 35, 'My R&B Playlist 15', 'A collection of Alternative tunes.', '2023-02-06', 'https://picsum.photos/id/374/180/180');
INSERT INTO PLAYLISTS (playlist_id, user_id, title, description, date_created, image) VALUES (384, 37, 'My Metal Playlist 52', 'A collection of Indie tunes.', '2023-11-27', 'https://picsum.photos/id/308/180/180');
INSERT INTO PLAYLISTS (playlist_id, user_id, title, description, date_created, image) VALUES (385, 77, 'My Rock Playlist 20', 'A collection of Rock tunes.', '2021-12-14', 'https://picsum.photos/id/388/180/180');
INSERT INTO PLAYLISTS (playlist_id, user_id, title, description, date_created, image) VALUES (386, 65, 'My Alternative Playlist 65', 'A collection of Hip Hop tunes.', '2021-06-01', 'https://picsum.photos/id/324/180/180');
INSERT INTO PLAYLISTS (playlist_id, user_id, title, description, date_created, image) VALUES (387, 84, 'My Classical Playlist 60', 'A collection of Classical tunes.', '2020-05-31', 'https://picsum.photos/id/399/180/180');
INSERT INTO PLAYLISTS (playlist_id, user_id, title, description, date_created, image) VALUES (388, 33, 'My Indie Playlist 54', 'A collection of Hip Hop tunes.', '2021-06-19', 'https://picsum.photos/id/336/180/180');
INSERT INTO PLAYLISTS (playlist_id, user_id, title, description, date_created, image) VALUES (389, 82, 'My Alternative Playlist 59', 'A collection of Rock tunes.', '2022-09-03', 'https://picsum.photos/id/327/180/180');
INSERT INTO PLAYLISTS (playlist_id, user_id, title, description, date_created, image) VALUES (390, 18, 'My Classical Playlist 82', 'A collection of Indie tunes.', '2022-09-23', 'https://picsum.photos/id/325/180/180');
INSERT INTO PLAYLISTS (playlist_id, user_id, title, description, date_created, image) VALUES (391, 72, 'My Blues Playlist 28', 'A collection of Country tunes.', '2022-11-25', 'https://picsum.photos/id/329/180/180');
INSERT INTO PLAYLISTS (playlist_id, user_id, title, description, date_created, image) VALUES (392, 83, 'My Reggae Playlist 47', 'A collection of Dance tunes.', '2023-06-25', 'https://picsum.photos/id/334/180/180');
INSERT INTO PLAYLISTS (playlist_id, user_id, title, description, date_created, image) VALUES (393, 17, 'My Electronic Playlist 86', 'A collection of Alternative tunes.', '2020-07-01', 'https://picsum.photos/id/366/180/180');
INSERT INTO PLAYLISTS (playlist_id, user_id, title, description, date_created, image) VALUES (394, 87, 'My Electronic Playlist 27', 'A collection of Jazz tunes.', '2022-06-22', 'https://picsum.photos/id/362/180/180');
INSERT INTO PLAYLISTS (playlist_id, user_id, title, description, date_created, image) VALUES (395, 82, 'My Blues Playlist 1', 'A collection of Classical tunes.', '2022-05-01', 'https://picsum.photos/id/345/180/180');
INSERT INTO PLAYLISTS (playlist_id, user_id, title, description, date_created, image) VALUES (396, 70, 'My Alternative Playlist 29', 'A collection of Hip Hop tunes.', '2021-08-15', 'https://picsum.photos/id/353/180/180');
INSERT INTO PLAYLISTS (playlist_id, user_id, title, description, date_created, image) VALUES (397, 63, 'My Electronic Playlist 59', 'A collection of Metal tunes.', '2024-02-22', 'https://picsum.photos/id/326/180/180');
INSERT INTO PLAYLISTS (playlist_id, user_id, title, description, date_created, image) VALUES (398, 5, 'My Pop Playlist 94', 'A collection of Rock tunes.', '2022-09-10', 'https://picsum.photos/id/326/180/180');
INSERT INTO PLAYLISTS (playlist_id, user_id, title, description, date_created, image) VALUES (399, 58, 'My Folk Playlist 92', 'A collection of Blues tunes.', '2021-06-10', 'https://picsum.photos/id/338/180/180');
INSERT INTO PLAYLISTS (playlist_id, user_id, title, description, date_created, image) VALUES (400, 47, 'My Reggae Playlist 21', 'A collection of Classical tunes.', '2021-12-30', 'https://picsum.photos/id/382/180/180');
INSERT INTO PLAYLISTS (playlist_id, user_id, title, description, date_created, image) VALUES (401, 9, 'My Folk Playlist 62', 'A collection of Classical tunes.', '2022-08-21', 'https://picsum.photos/id/348/180/180');
INSERT INTO PLAYLISTS (playlist_id, user_id, title, description, date_created, image) VALUES (402, 96, 'My Reggae Playlist 69', 'A collection of Folk tunes.', '2023-02-15', 'https://picsum.photos/id/364/180/180');
INSERT INTO PLAYLISTS (playlist_id, user_id, title, description, date_created, image) VALUES (403, 51, 'My Pop Playlist 37', 'A collection of Pop tunes.', '2023-05-08', 'https://picsum.photos/id/392/180/180');
INSERT INTO PLAYLISTS (playlist_id, user_id, title, description, date_created, image) VALUES (404, 49, 'My Blues Playlist 35', 'A collection of Rock tunes.', '2020-07-17', 'https://picsum.photos/id/382/180/180');
INSERT INTO PLAYLISTS (playlist_id, user_id, title, description, date_created, image) VALUES (405, 32, 'My Reggae Playlist 65', 'A collection of Country tunes.', '2021-08-17', 'https://picsum.photos/id/371/180/180');
INSERT INTO PLAYLISTS (playlist_id, user_id, title, description, date_created, image) VALUES (406, 24, 'My Metal Playlist 76', 'A collection of Folk tunes.', '2024-05-07', 'https://picsum.photos/id/372/180/180');
INSERT INTO PLAYLISTS (playlist_id, user_id, title, description, date_created, image) VALUES (407, 82, 'My Electronic Playlist 5', 'A collection of Pop tunes.', '2020-11-15', 'https://picsum.photos/id/347/180/180');
INSERT INTO PLAYLISTS (playlist_id, user_id, title, description, date_created, image) VALUES (408, 50, 'My Folk Playlist 32', 'A collection of R&B tunes.', '2021-02-14', 'https://picsum.photos/id/303/180/180');
INSERT INTO PLAYLISTS (playlist_id, user_id, title, description, date_created, image) VALUES (409, 35, 'My Alternative Playlist 18', 'A collection of Blues tunes.', '2021-02-09', 'https://picsum.photos/id/354/180/180');
INSERT INTO PLAYLISTS (playlist_id, user_id, title, description, date_created, image) VALUES (410, 17, 'My Hip Hop Playlist 47', 'A collection of Blues tunes.', '2022-12-08', 'https://picsum.photos/id/397/180/180');
INSERT INTO PLAYLISTS (playlist_id, user_id, title, description, date_created, image) VALUES (411, 13, 'My Hip Hop Playlist 12', 'A collection of Indie tunes.', '2021-08-10', 'https://picsum.photos/id/333/180/180');
INSERT INTO PLAYLISTS (playlist_id, user_id, title, description, date_created, image) VALUES (412, 78, 'My Electronic Playlist 76', 'A collection of Rock tunes.', '2024-01-19', 'https://picsum.photos/id/343/180/180');
INSERT INTO PLAYLISTS (playlist_id, user_id, title, description, date_created, image) VALUES (413, 75, 'My Blues Playlist 91', 'A collection of Hip Hop tunes.', '2022-07-02', 'https://picsum.photos/id/341/180/180');
INSERT INTO PLAYLISTS (playlist_id, user_id, title, description, date_created, image) VALUES (414, 90, 'My Pop Playlist 87', 'A collection of Indie tunes.', '2020-11-24', 'https://picsum.photos/id/357/180/180');
INSERT INTO PLAYLISTS (playlist_id, user_id, title, description, date_created, image) VALUES (415, 57, 'My Reggae Playlist 100', 'A collection of Blues tunes.', '2024-04-26', 'https://picsum.photos/id/366/180/180');
INSERT INTO PLAYLISTS (playlist_id, user_id, title, description, date_created, image) VALUES (416, 30, 'My Alternative Playlist 9', 'A collection of Reggae tunes.', '2021-01-16', 'https://picsum.photos/id/308/180/180');
INSERT INTO PLAYLISTS (playlist_id, user_id, title, description, date_created, image) VALUES (417, 19, 'My Reggae Playlist 16', 'A collection of Folk tunes.', '2021-10-25', 'https://picsum.photos/id/314/180/180');
INSERT INTO PLAYLISTS (playlist_id, user_id, title, description, date_created, image) VALUES (418, 39, 'My Rock Playlist 51', 'A collection of Pop tunes.', '2021-05-25', 'https://picsum.photos/id/355/180/180');
INSERT INTO PLAYLISTS (playlist_id, user_id, title, description, date_created, image) VALUES (419, 53, 'My Blues Playlist 44', 'A collection of Dance tunes.', '2020-01-24', 'https://picsum.photos/id/304/180/180');
INSERT INTO PLAYLISTS (playlist_id, user_id, title, description, date_created, image) VALUES (420, 57, 'My Reggae Playlist 43', 'A collection of Dance tunes.', '2020-11-18', 'https://picsum.photos/id/320/180/180');
INSERT INTO PLAYLISTS (playlist_id, user_id, title, description, date_created, image) VALUES (421, 20, 'My Hip Hop Playlist 19', 'A collection of Reggae tunes.', '2021-05-28', 'https://picsum.photos/id/391/180/180');
INSERT INTO PLAYLISTS (playlist_id, user_id, title, description, date_created, image) VALUES (422, 86, 'My Electronic Playlist 88', 'A collection of Country tunes.', '2023-10-14', 'https://picsum.photos/id/343/180/180');
INSERT INTO PLAYLISTS (playlist_id, user_id, title, description, date_created, image) VALUES (423, 26, 'My Electronic Playlist 54', 'A collection of Country tunes.', '2022-12-07', 'https://picsum.photos/id/302/180/180');
INSERT INTO PLAYLISTS (playlist_id, user_id, title, description, date_created, image) VALUES (424, 99, 'My Jazz Playlist 64', 'A collection of Electronic tunes.', '2020-03-26', 'https://picsum.photos/id/341/180/180');
INSERT INTO PLAYLISTS (playlist_id, user_id, title, description, date_created, image) VALUES (425, 11, 'My Jazz Playlist 38', 'A collection of Country tunes.', '2023-02-06', 'https://picsum.photos/id/351/180/180');
INSERT INTO PLAYLISTS (playlist_id, user_id, title, description, date_created, image) VALUES (426, 73, 'My Hip Hop Playlist 59', 'A collection of Rock tunes.', '2022-01-31', 'https://picsum.photos/id/307/180/180');
INSERT INTO PLAYLISTS (playlist_id, user_id, title, description, date_created, image) VALUES (427, 49, 'My Alternative Playlist 41', 'A collection of Metal tunes.', '2020-01-31', 'https://picsum.photos/id/369/180/180');
INSERT INTO PLAYLISTS (playlist_id, user_id, title, description, date_created, image) VALUES (428, 91, 'My Jazz Playlist 80', 'A collection of Reggae tunes.', '2023-03-27', 'https://picsum.photos/id/347/180/180');
INSERT INTO PLAYLISTS (playlist_id, user_id, title, description, date_created, image) VALUES (429, 99, 'My Electronic Playlist 84', 'A collection of R&B tunes.', '2020-09-23', 'https://picsum.photos/id/323/180/180');
INSERT INTO PLAYLISTS (playlist_id, user_id, title, description, date_created, image) VALUES (430, 84, 'My Dance Playlist 22', 'A collection of R&B tunes.', '2021-03-31', 'https://picsum.photos/id/339/180/180');
INSERT INTO PLAYLISTS (playlist_id, user_id, title, description, date_created, image) VALUES (431, 54, 'My Hip Hop Playlist 90', 'A collection of R&B tunes.', '2022-09-26', 'https://picsum.photos/id/332/180/180');
INSERT INTO PLAYLISTS (playlist_id, user_id, title, description, date_created, image) VALUES (432, 94, 'My Rock Playlist 66', 'A collection of Indie tunes.', '2023-08-21', 'https://picsum.photos/id/367/180/180');
INSERT INTO PLAYLISTS (playlist_id, user_id, title, description, date_created, image) VALUES (433, 73, 'My Rock Playlist 90', 'A collection of Hip Hop tunes.', '2023-12-16', 'https://picsum.photos/id/301/180/180');
INSERT INTO PLAYLISTS (playlist_id, user_id, title, description, date_created, image) VALUES (434, 80, 'My Blues Playlist 43', 'A collection of Reggae tunes.', '2020-12-11', 'https://picsum.photos/id/304/180/180');
INSERT INTO PLAYLISTS (playlist_id, user_id, title, description, date_created, image) VALUES (435, 45, 'My Metal Playlist 89', 'A collection of Metal tunes.', '2021-05-20', 'https://picsum.photos/id/337/180/180');
INSERT INTO PLAYLISTS (playlist_id, user_id, title, description, date_created, image) VALUES (436, 84, 'My Pop Playlist 5', 'A collection of Country tunes.', '2022-02-28', 'https://picsum.photos/id/334/180/180');
INSERT INTO PLAYLISTS (playlist_id, user_id, title, description, date_created, image) VALUES (437, 1, 'My Reggae Playlist 52', 'A collection of Reggae tunes.', '2024-03-24', 'https://picsum.photos/id/362/180/180');
INSERT INTO PLAYLISTS (playlist_id, user_id, title, description, date_created, image) VALUES (438, 100, 'My R&B Playlist 64', 'A collection of Indie tunes.', '2023-10-11', 'https://picsum.photos/id/396/180/180');
INSERT INTO PLAYLISTS (playlist_id, user_id, title, description, date_created, image) VALUES (439, 69, 'My Classical Playlist 71', 'A collection of Country tunes.', '2020-09-30', 'https://picsum.photos/id/306/180/180');
INSERT INTO PLAYLISTS (playlist_id, user_id, title, description, date_created, image) VALUES (440, 60, 'My Hip Hop Playlist 56', 'A collection of Jazz tunes.', '2021-10-21', 'https://picsum.photos/id/340/180/180');
INSERT INTO PLAYLISTS (playlist_id, user_id, title, description, date_created, image) VALUES (441, 4, 'My Dance Playlist 24', 'A collection of Classical tunes.', '2021-12-31', 'https://picsum.photos/id/384/180/180');
INSERT INTO PLAYLISTS (playlist_id, user_id, title, description, date_created, image) VALUES (442, 13, 'My Rock Playlist 87', 'A collection of Jazz tunes.', '2020-08-26', 'https://picsum.photos/id/347/180/180');
INSERT INTO PLAYLISTS (playlist_id, user_id, title, description, date_created, image) VALUES (443, 78, 'My Indie Playlist 14', 'A collection of Rock tunes.', '2021-08-25', 'https://picsum.photos/id/390/180/180');
INSERT INTO PLAYLISTS (playlist_id, user_id, title, description, date_created, image) VALUES (444, 65, 'My Blues Playlist 3', 'A collection of Indie tunes.', '2023-03-24', 'https://picsum.photos/id/396/180/180');
INSERT INTO PLAYLISTS (playlist_id, user_id, title, description, date_created, image) VALUES (445, 95, 'My Alternative Playlist 40', 'A collection of Folk tunes.', '2023-03-13', 'https://picsum.photos/id/399/180/180');
INSERT INTO PLAYLISTS (playlist_id, user_id, title, description, date_created, image) VALUES (446, 77, 'My Country Playlist 33', 'A collection of R&B tunes.', '2023-05-20', 'https://picsum.photos/id/313/180/180');
INSERT INTO PLAYLISTS (playlist_id, user_id, title, description, date_created, image) VALUES (447, 92, 'My Folk Playlist 62', 'A collection of Indie tunes.', '2022-02-11', 'https://picsum.photos/id/317/180/180');
INSERT INTO PLAYLISTS (playlist_id, user_id, title, description, date_created, image) VALUES (448, 20, 'My Electronic Playlist 99', 'A collection of Country tunes.', '2022-07-24', 'https://picsum.photos/id/319/180/180');
INSERT INTO PLAYLISTS (playlist_id, user_id, title, description, date_created, image) VALUES (449, 44, 'My Reggae Playlist 78', 'A collection of Dance tunes.', '2024-02-11', 'https://picsum.photos/id/357/180/180');
INSERT INTO PLAYLISTS (playlist_id, user_id, title, description, date_created, image) VALUES (450, 11, 'My Dance Playlist 75', 'A collection of Indie tunes.', '2023-11-01', 'https://picsum.photos/id/354/180/180');
INSERT INTO PLAYLISTS (playlist_id, user_id, title, description, date_created, image) VALUES (451, 81, 'My Alternative Playlist 40', 'A collection of R&B tunes.', '2023-12-09', 'https://picsum.photos/id/336/180/180');
INSERT INTO PLAYLISTS (playlist_id, user_id, title, description, date_created, image) VALUES (452, 85, 'My Jazz Playlist 100', 'A collection of Hip Hop tunes.', '2021-07-24', 'https://picsum.photos/id/394/180/180');
INSERT INTO PLAYLISTS (playlist_id, user_id, title, description, date_created, image) VALUES (453, 46, 'My R&B Playlist 25', 'A collection of Dance tunes.', '2024-03-11', 'https://picsum.photos/id/396/180/180');
INSERT INTO PLAYLISTS (playlist_id, user_id, title, description, date_created, image) VALUES (454, 55, 'My Electronic Playlist 70', 'A collection of Electronic tunes.', '2024-04-17', 'https://picsum.photos/id/376/180/180');
INSERT INTO PLAYLISTS (playlist_id, user_id, title, description, date_created, image) VALUES (455, 16, 'My Metal Playlist 37', 'A collection of Pop tunes.', '2024-03-26', 'https://picsum.photos/id/361/180/180');
INSERT INTO PLAYLISTS (playlist_id, user_id, title, description, date_created, image) VALUES (456, 74, 'My Rock Playlist 50', 'A collection of Reggae tunes.', '2023-02-19', 'https://picsum.photos/id/302/180/180');
INSERT INTO PLAYLISTS (playlist_id, user_id, title, description, date_created, image) VALUES (457, 35, 'My R&B Playlist 19', 'A collection of Electronic tunes.', '2023-06-17', 'https://picsum.photos/id/393/180/180');
INSERT INTO PLAYLISTS (playlist_id, user_id, title, description, date_created, image) VALUES (458, 52, 'My Classical Playlist 51', 'A collection of Hip Hop tunes.', '2021-05-04', 'https://picsum.photos/id/322/180/180');
INSERT INTO PLAYLISTS (playlist_id, user_id, title, description, date_created, image) VALUES (459, 22, 'My Pop Playlist 91', 'A collection of Blues tunes.', '2023-07-30', 'https://picsum.photos/id/346/180/180');
INSERT INTO PLAYLISTS (playlist_id, user_id, title, description, date_created, image) VALUES (460, 52, 'My Reggae Playlist 22', 'A collection of Metal tunes.', '2022-02-01', 'https://picsum.photos/id/322/180/180');
INSERT INTO PLAYLISTS (playlist_id, user_id, title, description, date_created, image) VALUES (461, 81, 'My Classical Playlist 73', 'A collection of Alternative tunes.', '2021-06-14', 'https://picsum.photos/id/397/180/180');
INSERT INTO PLAYLISTS (playlist_id, user_id, title, description, date_created, image) VALUES (462, 91, 'My Folk Playlist 27', 'A collection of Country tunes.', '2022-06-25', 'https://picsum.photos/id/312/180/180');
INSERT INTO PLAYLISTS (playlist_id, user_id, title, description, date_created, image) VALUES (463, 46, 'My Country Playlist 56', 'A collection of Reggae tunes.', '2024-01-29', 'https://picsum.photos/id/382/180/180');
INSERT INTO PLAYLISTS (playlist_id, user_id, title, description, date_created, image) VALUES (464, 48, 'My Electronic Playlist 34', 'A collection of Dance tunes.', '2023-04-16', 'https://picsum.photos/id/327/180/180');
INSERT INTO PLAYLISTS (playlist_id, user_id, title, description, date_created, image) VALUES (465, 51, 'My Blues Playlist 7', 'A collection of Rock tunes.', '2024-01-18', 'https://picsum.photos/id/376/180/180');
INSERT INTO PLAYLISTS (playlist_id, user_id, title, description, date_created, image) VALUES (466, 66, 'My Metal Playlist 17', 'A collection of Dance tunes.', '2024-04-21', 'https://picsum.photos/id/370/180/180');
INSERT INTO PLAYLISTS (playlist_id, user_id, title, description, date_created, image) VALUES (467, 52, 'My Metal Playlist 62', 'A collection of Pop tunes.', '2021-05-06', 'https://picsum.photos/id/392/180/180');
INSERT INTO PLAYLISTS (playlist_id, user_id, title, description, date_created, image) VALUES (468, 74, 'My R&B Playlist 73', 'A collection of Alternative tunes.', '2023-07-05', 'https://picsum.photos/id/335/180/180');
INSERT INTO PLAYLISTS (playlist_id, user_id, title, description, date_created, image) VALUES (469, 78, 'My Jazz Playlist 62', 'A collection of Dance tunes.', '2022-02-20', 'https://picsum.photos/id/369/180/180');
INSERT INTO PLAYLISTS (playlist_id, user_id, title, description, date_created, image) VALUES (470, 22, 'My Hip Hop Playlist 5', 'A collection of R&B tunes.', '2021-06-28', 'https://picsum.photos/id/332/180/180');
INSERT INTO PLAYLISTS (playlist_id, user_id, title, description, date_created, image) VALUES (471, 54, 'My Folk Playlist 88', 'A collection of Pop tunes.', '2021-04-20', 'https://picsum.photos/id/385/180/180');
INSERT INTO PLAYLISTS (playlist_id, user_id, title, description, date_created, image) VALUES (472, 87, 'My Hip Hop Playlist 69', 'A collection of Country tunes.', '2023-08-04', 'https://picsum.photos/id/390/180/180');
INSERT INTO PLAYLISTS (playlist_id, user_id, title, description, date_created, image) VALUES (473, 13, 'My Metal Playlist 88', 'A collection of Metal tunes.', '2024-03-22', 'https://picsum.photos/id/342/180/180');
INSERT INTO PLAYLISTS (playlist_id, user_id, title, description, date_created, image) VALUES (474, 45, 'My Jazz Playlist 51', 'A collection of Electronic tunes.', '2023-01-21', 'https://picsum.photos/id/388/180/180');
INSERT INTO PLAYLISTS (playlist_id, user_id, title, description, date_created, image) VALUES (475, 32, 'My Country Playlist 85', 'A collection of Reggae tunes.', '2020-01-25', 'https://picsum.photos/id/378/180/180');
INSERT INTO PLAYLISTS (playlist_id, user_id, title, description, date_created, image) VALUES (476, 44, 'My Folk Playlist 81', 'A collection of Classical tunes.', '2020-04-12', 'https://picsum.photos/id/326/180/180');
INSERT INTO PLAYLISTS (playlist_id, user_id, title, description, date_created, image) VALUES (477, 11, 'My Rock Playlist 15', 'A collection of Folk tunes.', '2023-01-10', 'https://picsum.photos/id/378/180/180');
INSERT INTO PLAYLISTS (playlist_id, user_id, title, description, date_created, image) VALUES (478, 55, 'My Metal Playlist 12', 'A collection of Reggae tunes.', '2024-04-23', 'https://picsum.photos/id/349/180/180');
INSERT INTO PLAYLISTS (playlist_id, user_id, title, description, date_created, image) VALUES (479, 14, 'My Dance Playlist 100', 'A collection of Country tunes.', '2022-11-08', 'https://picsum.photos/id/390/180/180');
INSERT INTO PLAYLISTS (playlist_id, user_id, title, description, date_created, image) VALUES (480, 12, 'My R&B Playlist 56', 'A collection of Country tunes.', '2021-11-06', 'https://picsum.photos/id/302/180/180');
INSERT INTO PLAYLISTS (playlist_id, user_id, title, description, date_created, image) VALUES (481, 30, 'My Metal Playlist 71', 'A collection of Indie tunes.', '2020-04-18', 'https://picsum.photos/id/365/180/180');
INSERT INTO PLAYLISTS (playlist_id, user_id, title, description, date_created, image) VALUES (482, 65, 'My Dance Playlist 80', 'A collection of Country tunes.', '2020-06-09', 'https://picsum.photos/id/367/180/180');
INSERT INTO PLAYLISTS (playlist_id, user_id, title, description, date_created, image) VALUES (483, 7, 'My Pop Playlist 78', 'A collection of Folk tunes.', '2023-11-13', 'https://picsum.photos/id/309/180/180');
INSERT INTO PLAYLISTS (playlist_id, user_id, title, description, date_created, image) VALUES (484, 11, 'My Folk Playlist 67', 'A collection of Pop tunes.', '2020-09-13', 'https://picsum.photos/id/315/180/180');
INSERT INTO PLAYLISTS (playlist_id, user_id, title, description, date_created, image) VALUES (485, 71, 'My Blues Playlist 48', 'A collection of Classical tunes.', '2021-11-08', 'https://picsum.photos/id/310/180/180');
INSERT INTO PLAYLISTS (playlist_id, user_id, title, description, date_created, image) VALUES (486, 35, 'My R&B Playlist 70', 'A collection of Blues tunes.', '2024-04-21', 'https://picsum.photos/id/336/180/180');
INSERT INTO PLAYLISTS (playlist_id, user_id, title, description, date_created, image) VALUES (487, 26, 'My Dance Playlist 88', 'A collection of Indie tunes.', '2020-10-18', 'https://picsum.photos/id/372/180/180');
INSERT INTO PLAYLISTS (playlist_id, user_id, title, description, date_created, image) VALUES (488, 34, 'My R&B Playlist 87', 'A collection of Reggae tunes.', '2022-01-30', 'https://picsum.photos/id/348/180/180');
INSERT INTO PLAYLISTS (playlist_id, user_id, title, description, date_created, image) VALUES (489, 12, 'My Electronic Playlist 58', 'A collection of Country tunes.', '2022-04-13', 'https://picsum.photos/id/315/180/180');
INSERT INTO PLAYLISTS (playlist_id, user_id, title, description, date_created, image) VALUES (490, 54, 'My Country Playlist 48', 'A collection of R&B tunes.', '2023-06-05', 'https://picsum.photos/id/397/180/180');
INSERT INTO PLAYLISTS (playlist_id, user_id, title, description, date_created, image) VALUES (491, 2, 'My R&B Playlist 18', 'A collection of Indie tunes.', '2021-06-21', 'https://picsum.photos/id/364/180/180');
INSERT INTO PLAYLISTS (playlist_id, user_id, title, description, date_created, image) VALUES (492, 34, 'My Alternative Playlist 50', 'A collection of Classical tunes.', '2020-07-06', 'https://picsum.photos/id/372/180/180');
INSERT INTO PLAYLISTS (playlist_id, user_id, title, description, date_created, image) VALUES (493, 38, 'My Indie Playlist 38', 'A collection of Folk tunes.', '2020-05-29', 'https://picsum.photos/id/316/180/180');
INSERT INTO PLAYLISTS (playlist_id, user_id, title, description, date_created, image) VALUES (494, 2, 'My Metal Playlist 89', 'A collection of Metal tunes.', '2023-07-21', 'https://picsum.photos/id/389/180/180');
INSERT INTO PLAYLISTS (playlist_id, user_id, title, description, date_created, image) VALUES (495, 6, 'My Classical Playlist 99', 'A collection of Rock tunes.', '2023-08-04', 'https://picsum.photos/id/379/180/180');
INSERT INTO PLAYLISTS (playlist_id, user_id, title, description, date_created, image) VALUES (496, 97, 'My Country Playlist 72', 'A collection of Indie tunes.', '2023-04-28', 'https://picsum.photos/id/390/180/180');
INSERT INTO PLAYLISTS (playlist_id, user_id, title, description, date_created, image) VALUES (497, 36, 'My Metal Playlist 45', 'A collection of Country tunes.', '2020-08-06', 'https://picsum.photos/id/323/180/180');
INSERT INTO PLAYLISTS (playlist_id, user_id, title, description, date_created, image) VALUES (498, 39, 'My Country Playlist 84', 'A collection of Indie tunes.', '2023-11-02', 'https://picsum.photos/id/365/180/180');
INSERT INTO PLAYLISTS (playlist_id, user_id, title, description, date_created, image) VALUES (499, 96, 'My Classical Playlist 75', 'A collection of Indie tunes.', '2022-05-15', 'https://picsum.photos/id/302/180/180');
INSERT INTO PLAYLISTS (playlist_id, user_id, title, description, date_created, image) VALUES (500, 62, 'My Hip Hop Playlist 64', 'A collection of Metal tunes.', '2020-03-21', 'https://picsum.photos/id/390/180/180');

-- PLAYLIST_SONGS Data --
INSERT INTO PLAYLIST_SONGS (playlistsong_id, playlist_id, song_id, date_added) VALUES (1, 366, 363, '2023-12-13');
INSERT INTO PLAYLIST_SONGS (playlistsong_id, playlist_id, song_id, date_added) VALUES (2, 374, 686, '2023-08-23');
INSERT INTO PLAYLIST_SONGS (playlistsong_id, playlist_id, song_id, date_added) VALUES (3, 494, 303, '2023-12-18');
INSERT INTO PLAYLIST_SONGS (playlistsong_id, playlist_id, song_id, date_added) VALUES (4, 9, 606, '2024-02-01');
INSERT INTO PLAYLIST_SONGS (playlistsong_id, playlist_id, song_id, date_added) VALUES (5, 307, 421, '2023-11-21');
INSERT INTO PLAYLIST_SONGS (playlistsong_id, playlist_id, song_id, date_added) VALUES (6, 394, 292, '2023-10-06');
INSERT INTO PLAYLIST_SONGS (playlistsong_id, playlist_id, song_id, date_added) VALUES (7, 297, 494, '2023-05-29');
INSERT INTO PLAYLIST_SONGS (playlistsong_id, playlist_id, song_id, date_added) VALUES (8, 489, 668, '2023-08-16');
INSERT INTO PLAYLIST_SONGS (playlistsong_id, playlist_id, song_id, date_added) VALUES (9, 467, 178, '2024-04-28');
INSERT INTO PLAYLIST_SONGS (playlistsong_id, playlist_id, song_id, date_added) VALUES (10, 442, 392, '2023-09-11');
INSERT INTO PLAYLIST_SONGS (playlistsong_id, playlist_id, song_id, date_added) VALUES (11, 402, 789, '2024-02-21');
INSERT INTO PLAYLIST_SONGS (playlistsong_id, playlist_id, song_id, date_added) VALUES (12, 303, 108, '2023-05-13');
INSERT INTO PLAYLIST_SONGS (playlistsong_id, playlist_id, song_id, date_added) VALUES (13, 345, 748, '2024-04-13');
INSERT INTO PLAYLIST_SONGS (playlistsong_id, playlist_id, song_id, date_added) VALUES (14, 106, 342, '2024-03-20');
INSERT INTO PLAYLIST_SONGS (playlistsong_id, playlist_id, song_id, date_added) VALUES (15, 312, 481, '2023-06-14');
INSERT INTO PLAYLIST_SONGS (playlistsong_id, playlist_id, song_id, date_added) VALUES (16, 171, 597, '2024-02-19');
INSERT INTO PLAYLIST_SONGS (playlistsong_id, playlist_id, song_id, date_added) VALUES (17, 158, 307, '2024-04-03');
INSERT INTO PLAYLIST_SONGS (playlistsong_id, playlist_id, song_id, date_added) VALUES (18, 399, 61, '2023-04-22');
INSERT INTO PLAYLIST_SONGS (playlistsong_id, playlist_id, song_id, date_added) VALUES (19, 166, 112, '2023-04-09');
INSERT INTO PLAYLIST_SONGS (playlistsong_id, playlist_id, song_id, date_added) VALUES (20, 162, 674, '2023-05-02');
INSERT INTO PLAYLIST_SONGS (playlistsong_id, playlist_id, song_id, date_added) VALUES (21, 272, 140, '2023-04-08');
INSERT INTO PLAYLIST_SONGS (playlistsong_id, playlist_id, song_id, date_added) VALUES (22, 179, 345, '2024-01-28');
INSERT INTO PLAYLIST_SONGS (playlistsong_id, playlist_id, song_id, date_added) VALUES (23, 429, 462, '2023-12-12');
INSERT INTO PLAYLIST_SONGS (playlistsong_id, playlist_id, song_id, date_added) VALUES (24, 400, 519, '2023-01-04');
INSERT INTO PLAYLIST_SONGS (playlistsong_id, playlist_id, song_id, date_added) VALUES (25, 160, 813, '2023-04-21');
INSERT INTO PLAYLIST_SONGS (playlistsong_id, playlist_id, song_id, date_added) VALUES (26, 247, 272, '2024-02-01');
INSERT INTO PLAYLIST_SONGS (playlistsong_id, playlist_id, song_id, date_added) VALUES (27, 248, 420, '2023-02-05');
INSERT INTO PLAYLIST_SONGS (playlistsong_id, playlist_id, song_id, date_added) VALUES (28, 445, 341, '2023-03-16');
INSERT INTO PLAYLIST_SONGS (playlistsong_id, playlist_id, song_id, date_added) VALUES (29, 396, 708, '2024-03-13');
INSERT INTO PLAYLIST_SONGS (playlistsong_id, playlist_id, song_id, date_added) VALUES (30, 417, 319, '2023-05-16');
INSERT INTO PLAYLIST_SONGS (playlistsong_id, playlist_id, song_id, date_added) VALUES (31, 256, 897, '2023-02-27');
INSERT INTO PLAYLIST_SONGS (playlistsong_id, playlist_id, song_id, date_added) VALUES (32, 317, 100, '2023-09-13');
INSERT INTO PLAYLIST_SONGS (playlistsong_id, playlist_id, song_id, date_added) VALUES (33, 372, 808, '2023-03-21');
INSERT INTO PLAYLIST_SONGS (playlistsong_id, playlist_id, song_id, date_added) VALUES (34, 198, 979, '2023-05-05');
INSERT INTO PLAYLIST_SONGS (playlistsong_id, playlist_id, song_id, date_added) VALUES (35, 150, 561, '2024-04-03');
INSERT INTO PLAYLIST_SONGS (playlistsong_id, playlist_id, song_id, date_added) VALUES (36, 166, 145, '2023-07-08');
INSERT INTO PLAYLIST_SONGS (playlistsong_id, playlist_id, song_id, date_added) VALUES (37, 479, 478, '2024-01-27');
INSERT INTO PLAYLIST_SONGS (playlistsong_id, playlist_id, song_id, date_added) VALUES (38, 154, 391, '2024-01-28');
INSERT INTO PLAYLIST_SONGS (playlistsong_id, playlist_id, song_id, date_added) VALUES (39, 287, 493, '2024-02-08');
INSERT INTO PLAYLIST_SONGS (playlistsong_id, playlist_id, song_id, date_added) VALUES (40, 456, 27, '2023-04-19');
INSERT INTO PLAYLIST_SONGS (playlistsong_id, playlist_id, song_id, date_added) VALUES (41, 141, 373, '2023-02-06');
INSERT INTO PLAYLIST_SONGS (playlistsong_id, playlist_id, song_id, date_added) VALUES (42, 77, 313, '2024-04-20');
INSERT INTO PLAYLIST_SONGS (playlistsong_id, playlist_id, song_id, date_added) VALUES (43, 496, 620, '2023-07-29');
INSERT INTO PLAYLIST_SONGS (playlistsong_id, playlist_id, song_id, date_added) VALUES (44, 181, 723, '2024-02-18');
INSERT INTO PLAYLIST_SONGS (playlistsong_id, playlist_id, song_id, date_added) VALUES (45, 308, 225, '2024-02-21');
INSERT INTO PLAYLIST_SONGS (playlistsong_id, playlist_id, song_id, date_added) VALUES (46, 211, 555, '2023-09-04');
INSERT INTO PLAYLIST_SONGS (playlistsong_id, playlist_id, song_id, date_added) VALUES (47, 30, 650, '2023-11-24');
INSERT INTO PLAYLIST_SONGS (playlistsong_id, playlist_id, song_id, date_added) VALUES (48, 188, 357, '2023-02-24');
INSERT INTO PLAYLIST_SONGS (playlistsong_id, playlist_id, song_id, date_added) VALUES (49, 310, 25, '2023-09-22');
INSERT INTO PLAYLIST_SONGS (playlistsong_id, playlist_id, song_id, date_added) VALUES (50, 262, 673, '2024-02-24');
INSERT INTO PLAYLIST_SONGS (playlistsong_id, playlist_id, song_id, date_added) VALUES (51, 62, 851, '2023-03-15');
INSERT INTO PLAYLIST_SONGS (playlistsong_id, playlist_id, song_id, date_added) VALUES (52, 428, 342, '2024-05-05');
INSERT INTO PLAYLIST_SONGS (playlistsong_id, playlist_id, song_id, date_added) VALUES (53, 266, 834, '2024-03-06');
INSERT INTO PLAYLIST_SONGS (playlistsong_id, playlist_id, song_id, date_added) VALUES (54, 334, 269, '2023-09-04');
INSERT INTO PLAYLIST_SONGS (playlistsong_id, playlist_id, song_id, date_added) VALUES (55, 26, 272, '2023-03-18');
INSERT INTO PLAYLIST_SONGS (playlistsong_id, playlist_id, song_id, date_added) VALUES (56, 421, 80, '2023-10-21');
INSERT INTO PLAYLIST_SONGS (playlistsong_id, playlist_id, song_id, date_added) VALUES (57, 372, 637, '2024-05-13');
INSERT INTO PLAYLIST_SONGS (playlistsong_id, playlist_id, song_id, date_added) VALUES (58, 58, 743, '2023-11-30');
INSERT INTO PLAYLIST_SONGS (playlistsong_id, playlist_id, song_id, date_added) VALUES (59, 93, 259, '2023-10-31');
INSERT INTO PLAYLIST_SONGS (playlistsong_id, playlist_id, song_id, date_added) VALUES (60, 7, 369, '2023-12-31');
INSERT INTO PLAYLIST_SONGS (playlistsong_id, playlist_id, song_id, date_added) VALUES (61, 401, 371, '2023-01-12');
INSERT INTO PLAYLIST_SONGS (playlistsong_id, playlist_id, song_id, date_added) VALUES (62, 466, 937, '2023-08-11');
INSERT INTO PLAYLIST_SONGS (playlistsong_id, playlist_id, song_id, date_added) VALUES (63, 315, 441, '2023-01-02');
INSERT INTO PLAYLIST_SONGS (playlistsong_id, playlist_id, song_id, date_added) VALUES (64, 406, 936, '2023-05-23');
INSERT INTO PLAYLIST_SONGS (playlistsong_id, playlist_id, song_id, date_added) VALUES (65, 247, 799, '2023-11-20');
INSERT INTO PLAYLIST_SONGS (playlistsong_id, playlist_id, song_id, date_added) VALUES (66, 165, 933, '2023-11-01');
INSERT INTO PLAYLIST_SONGS (playlistsong_id, playlist_id, song_id, date_added) VALUES (67, 17, 531, '2024-04-27');
INSERT INTO PLAYLIST_SONGS (playlistsong_id, playlist_id, song_id, date_added) VALUES (68, 183, 943, '2023-02-17');
INSERT INTO PLAYLIST_SONGS (playlistsong_id, playlist_id, song_id, date_added) VALUES (69, 290, 968, '2023-04-22');
INSERT INTO PLAYLIST_SONGS (playlistsong_id, playlist_id, song_id, date_added) VALUES (70, 23, 196, '2024-02-09');
INSERT INTO PLAYLIST_SONGS (playlistsong_id, playlist_id, song_id, date_added) VALUES (71, 150, 93, '2024-03-05');
INSERT INTO PLAYLIST_SONGS (playlistsong_id, playlist_id, song_id, date_added) VALUES (72, 464, 548, '2023-01-15');
INSERT INTO PLAYLIST_SONGS (playlistsong_id, playlist_id, song_id, date_added) VALUES (73, 309, 290, '2023-08-06');
INSERT INTO PLAYLIST_SONGS (playlistsong_id, playlist_id, song_id, date_added) VALUES (74, 186, 702, '2023-07-21');
INSERT INTO PLAYLIST_SONGS (playlistsong_id, playlist_id, song_id, date_added) VALUES (75, 198, 959, '2023-12-07');
INSERT INTO PLAYLIST_SONGS (playlistsong_id, playlist_id, song_id, date_added) VALUES (76, 494, 299, '2023-09-06');
INSERT INTO PLAYLIST_SONGS (playlistsong_id, playlist_id, song_id, date_added) VALUES (77, 324, 713, '2023-05-30');
INSERT INTO PLAYLIST_SONGS (playlistsong_id, playlist_id, song_id, date_added) VALUES (78, 141, 671, '2024-02-25');
INSERT INTO PLAYLIST_SONGS (playlistsong_id, playlist_id, song_id, date_added) VALUES (79, 60, 62, '2023-05-03');
INSERT INTO PLAYLIST_SONGS (playlistsong_id, playlist_id, song_id, date_added) VALUES (80, 254, 60, '2023-09-07');
INSERT INTO PLAYLIST_SONGS (playlistsong_id, playlist_id, song_id, date_added) VALUES (81, 154, 307, '2023-10-31');
INSERT INTO PLAYLIST_SONGS (playlistsong_id, playlist_id, song_id, date_added) VALUES (82, 492, 209, '2023-06-25');
INSERT INTO PLAYLIST_SONGS (playlistsong_id, playlist_id, song_id, date_added) VALUES (83, 129, 321, '2023-01-20');
INSERT INTO PLAYLIST_SONGS (playlistsong_id, playlist_id, song_id, date_added) VALUES (84, 252, 804, '2023-01-07');
INSERT INTO PLAYLIST_SONGS (playlistsong_id, playlist_id, song_id, date_added) VALUES (85, 435, 195, '2023-11-17');
INSERT INTO PLAYLIST_SONGS (playlistsong_id, playlist_id, song_id, date_added) VALUES (86, 405, 357, '2023-02-15');
INSERT INTO PLAYLIST_SONGS (playlistsong_id, playlist_id, song_id, date_added) VALUES (87, 213, 648, '2023-04-14');
INSERT INTO PLAYLIST_SONGS (playlistsong_id, playlist_id, song_id, date_added) VALUES (88, 362, 218, '2023-04-18');
INSERT INTO PLAYLIST_SONGS (playlistsong_id, playlist_id, song_id, date_added) VALUES (89, 123, 574, '2023-08-23');
INSERT INTO PLAYLIST_SONGS (playlistsong_id, playlist_id, song_id, date_added) VALUES (90, 447, 248, '2024-04-12');
INSERT INTO PLAYLIST_SONGS (playlistsong_id, playlist_id, song_id, date_added) VALUES (91, 432, 389, '2024-02-24');
INSERT INTO PLAYLIST_SONGS (playlistsong_id, playlist_id, song_id, date_added) VALUES (92, 22, 476, '2023-10-14');
INSERT INTO PLAYLIST_SONGS (playlistsong_id, playlist_id, song_id, date_added) VALUES (93, 196, 262, '2023-05-30');
INSERT INTO PLAYLIST_SONGS (playlistsong_id, playlist_id, song_id, date_added) VALUES (94, 60, 172, '2023-04-09');
INSERT INTO PLAYLIST_SONGS (playlistsong_id, playlist_id, song_id, date_added) VALUES (95, 177, 94, '2023-02-17');
INSERT INTO PLAYLIST_SONGS (playlistsong_id, playlist_id, song_id, date_added) VALUES (96, 69, 391, '2023-01-27');
INSERT INTO PLAYLIST_SONGS (playlistsong_id, playlist_id, song_id, date_added) VALUES (97, 454, 927, '2023-08-23');
INSERT INTO PLAYLIST_SONGS (playlistsong_id, playlist_id, song_id, date_added) VALUES (98, 458, 32, '2024-04-26');
INSERT INTO PLAYLIST_SONGS (playlistsong_id, playlist_id, song_id, date_added) VALUES (99, 313, 109, '2023-02-18');
INSERT INTO PLAYLIST_SONGS (playlistsong_id, playlist_id, song_id, date_added) VALUES (100, 86, 310, '2024-04-30');
INSERT INTO PLAYLIST_SONGS (playlistsong_id, playlist_id, song_id, date_added) VALUES (101, 434, 328, '2023-01-02');
INSERT INTO PLAYLIST_SONGS (playlistsong_id, playlist_id, song_id, date_added) VALUES (102, 152, 36, '2023-05-04');
INSERT INTO PLAYLIST_SONGS (playlistsong_id, playlist_id, song_id, date_added) VALUES (103, 188, 907, '2023-01-07');
INSERT INTO PLAYLIST_SONGS (playlistsong_id, playlist_id, song_id, date_added) VALUES (104, 16, 598, '2024-01-02');
INSERT INTO PLAYLIST_SONGS (playlistsong_id, playlist_id, song_id, date_added) VALUES (105, 76, 722, '2024-04-07');
INSERT INTO PLAYLIST_SONGS (playlistsong_id, playlist_id, song_id, date_added) VALUES (106, 262, 784, '2023-12-26');
INSERT INTO PLAYLIST_SONGS (playlistsong_id, playlist_id, song_id, date_added) VALUES (107, 50, 280, '2023-06-17');
INSERT INTO PLAYLIST_SONGS (playlistsong_id, playlist_id, song_id, date_added) VALUES (108, 445, 475, '2023-05-26');
INSERT INTO PLAYLIST_SONGS (playlistsong_id, playlist_id, song_id, date_added) VALUES (109, 229, 899, '2023-10-14');
INSERT INTO PLAYLIST_SONGS (playlistsong_id, playlist_id, song_id, date_added) VALUES (110, 69, 837, '2024-05-10');
INSERT INTO PLAYLIST_SONGS (playlistsong_id, playlist_id, song_id, date_added) VALUES (111, 420, 487, '2023-01-08');
INSERT INTO PLAYLIST_SONGS (playlistsong_id, playlist_id, song_id, date_added) VALUES (112, 328, 719, '2024-03-11');
INSERT INTO PLAYLIST_SONGS (playlistsong_id, playlist_id, song_id, date_added) VALUES (113, 246, 554, '2023-04-17');
INSERT INTO PLAYLIST_SONGS (playlistsong_id, playlist_id, song_id, date_added) VALUES (114, 44, 950, '2023-07-31');
INSERT INTO PLAYLIST_SONGS (playlistsong_id, playlist_id, song_id, date_added) VALUES (115, 321, 293, '2023-08-24');
INSERT INTO PLAYLIST_SONGS (playlistsong_id, playlist_id, song_id, date_added) VALUES (116, 408, 882, '2024-01-31');
INSERT INTO PLAYLIST_SONGS (playlistsong_id, playlist_id, song_id, date_added) VALUES (117, 216, 323, '2024-04-28');
INSERT INTO PLAYLIST_SONGS (playlistsong_id, playlist_id, song_id, date_added) VALUES (118, 358, 421, '2024-03-02');
INSERT INTO PLAYLIST_SONGS (playlistsong_id, playlist_id, song_id, date_added) VALUES (119, 39, 458, '2024-01-28');
INSERT INTO PLAYLIST_SONGS (playlistsong_id, playlist_id, song_id, date_added) VALUES (120, 51, 112, '2024-02-14');
INSERT INTO PLAYLIST_SONGS (playlistsong_id, playlist_id, song_id, date_added) VALUES (121, 387, 532, '2023-10-12');
INSERT INTO PLAYLIST_SONGS (playlistsong_id, playlist_id, song_id, date_added) VALUES (122, 438, 710, '2023-03-07');
INSERT INTO PLAYLIST_SONGS (playlistsong_id, playlist_id, song_id, date_added) VALUES (123, 328, 99, '2023-09-13');
INSERT INTO PLAYLIST_SONGS (playlistsong_id, playlist_id, song_id, date_added) VALUES (124, 496, 45, '2023-04-24');
INSERT INTO PLAYLIST_SONGS (playlistsong_id, playlist_id, song_id, date_added) VALUES (125, 207, 302, '2024-05-06');
INSERT INTO PLAYLIST_SONGS (playlistsong_id, playlist_id, song_id, date_added) VALUES (126, 88, 604, '2023-10-20');
INSERT INTO PLAYLIST_SONGS (playlistsong_id, playlist_id, song_id, date_added) VALUES (127, 322, 73, '2023-11-03');
INSERT INTO PLAYLIST_SONGS (playlistsong_id, playlist_id, song_id, date_added) VALUES (128, 126, 634, '2023-04-01');
INSERT INTO PLAYLIST_SONGS (playlistsong_id, playlist_id, song_id, date_added) VALUES (129, 147, 846, '2023-10-18');
INSERT INTO PLAYLIST_SONGS (playlistsong_id, playlist_id, song_id, date_added) VALUES (130, 346, 235, '2024-03-14');
INSERT INTO PLAYLIST_SONGS (playlistsong_id, playlist_id, song_id, date_added) VALUES (131, 256, 633, '2023-03-31');
INSERT INTO PLAYLIST_SONGS (playlistsong_id, playlist_id, song_id, date_added) VALUES (132, 375, 400, '2024-03-10');
INSERT INTO PLAYLIST_SONGS (playlistsong_id, playlist_id, song_id, date_added) VALUES (133, 376, 184, '2024-02-15');
INSERT INTO PLAYLIST_SONGS (playlistsong_id, playlist_id, song_id, date_added) VALUES (134, 95, 274, '2023-09-19');
INSERT INTO PLAYLIST_SONGS (playlistsong_id, playlist_id, song_id, date_added) VALUES (135, 93, 19, '2024-01-09');
INSERT INTO PLAYLIST_SONGS (playlistsong_id, playlist_id, song_id, date_added) VALUES (136, 3, 965, '2023-09-21');
INSERT INTO PLAYLIST_SONGS (playlistsong_id, playlist_id, song_id, date_added) VALUES (137, 415, 646, '2023-04-14');
INSERT INTO PLAYLIST_SONGS (playlistsong_id, playlist_id, song_id, date_added) VALUES (138, 119, 867, '2023-02-28');
INSERT INTO PLAYLIST_SONGS (playlistsong_id, playlist_id, song_id, date_added) VALUES (139, 313, 957, '2023-08-09');
INSERT INTO PLAYLIST_SONGS (playlistsong_id, playlist_id, song_id, date_added) VALUES (140, 248, 389, '2023-09-03');
INSERT INTO PLAYLIST_SONGS (playlistsong_id, playlist_id, song_id, date_added) VALUES (141, 447, 53, '2023-02-17');
INSERT INTO PLAYLIST_SONGS (playlistsong_id, playlist_id, song_id, date_added) VALUES (142, 108, 157, '2023-10-17');
INSERT INTO PLAYLIST_SONGS (playlistsong_id, playlist_id, song_id, date_added) VALUES (143, 30, 181, '2024-04-01');
INSERT INTO PLAYLIST_SONGS (playlistsong_id, playlist_id, song_id, date_added) VALUES (144, 390, 752, '2024-03-10');
INSERT INTO PLAYLIST_SONGS (playlistsong_id, playlist_id, song_id, date_added) VALUES (145, 172, 71, '2023-03-25');
INSERT INTO PLAYLIST_SONGS (playlistsong_id, playlist_id, song_id, date_added) VALUES (146, 134, 522, '2023-09-19');
INSERT INTO PLAYLIST_SONGS (playlistsong_id, playlist_id, song_id, date_added) VALUES (147, 295, 137, '2024-02-28');
INSERT INTO PLAYLIST_SONGS (playlistsong_id, playlist_id, song_id, date_added) VALUES (148, 121, 4, '2023-01-12');
INSERT INTO PLAYLIST_SONGS (playlistsong_id, playlist_id, song_id, date_added) VALUES (149, 275, 671, '2024-05-13');
INSERT INTO PLAYLIST_SONGS (playlistsong_id, playlist_id, song_id, date_added) VALUES (150, 167, 113, '2024-01-24');
INSERT INTO PLAYLIST_SONGS (playlistsong_id, playlist_id, song_id, date_added) VALUES (151, 494, 68, '2023-01-29');
INSERT INTO PLAYLIST_SONGS (playlistsong_id, playlist_id, song_id, date_added) VALUES (152, 193, 169, '2023-04-19');
INSERT INTO PLAYLIST_SONGS (playlistsong_id, playlist_id, song_id, date_added) VALUES (153, 280, 8, '2024-01-14');
INSERT INTO PLAYLIST_SONGS (playlistsong_id, playlist_id, song_id, date_added) VALUES (154, 46, 493, '2023-05-26');
INSERT INTO PLAYLIST_SONGS (playlistsong_id, playlist_id, song_id, date_added) VALUES (155, 71, 751, '2023-01-07');
INSERT INTO PLAYLIST_SONGS (playlistsong_id, playlist_id, song_id, date_added) VALUES (156, 14, 894, '2024-04-19');
INSERT INTO PLAYLIST_SONGS (playlistsong_id, playlist_id, song_id, date_added) VALUES (157, 161, 714, '2023-01-05');
INSERT INTO PLAYLIST_SONGS (playlistsong_id, playlist_id, song_id, date_added) VALUES (158, 468, 989, '2024-02-15');
INSERT INTO PLAYLIST_SONGS (playlistsong_id, playlist_id, song_id, date_added) VALUES (159, 176, 492, '2024-05-02');
INSERT INTO PLAYLIST_SONGS (playlistsong_id, playlist_id, song_id, date_added) VALUES (160, 450, 287, '2023-06-26');
INSERT INTO PLAYLIST_SONGS (playlistsong_id, playlist_id, song_id, date_added) VALUES (161, 239, 776, '2023-12-30');
INSERT INTO PLAYLIST_SONGS (playlistsong_id, playlist_id, song_id, date_added) VALUES (162, 457, 67, '2024-05-07');
INSERT INTO PLAYLIST_SONGS (playlistsong_id, playlist_id, song_id, date_added) VALUES (163, 324, 711, '2023-11-14');
INSERT INTO PLAYLIST_SONGS (playlistsong_id, playlist_id, song_id, date_added) VALUES (164, 327, 590, '2023-04-16');
INSERT INTO PLAYLIST_SONGS (playlistsong_id, playlist_id, song_id, date_added) VALUES (165, 328, 696, '2024-03-16');
INSERT INTO PLAYLIST_SONGS (playlistsong_id, playlist_id, song_id, date_added) VALUES (166, 60, 207, '2024-04-15');
INSERT INTO PLAYLIST_SONGS (playlistsong_id, playlist_id, song_id, date_added) VALUES (167, 77, 190, '2024-04-15');
INSERT INTO PLAYLIST_SONGS (playlistsong_id, playlist_id, song_id, date_added) VALUES (168, 211, 490, '2024-04-15');
INSERT INTO PLAYLIST_SONGS (playlistsong_id, playlist_id, song_id, date_added) VALUES (169, 87, 48, '2023-12-27');
INSERT INTO PLAYLIST_SONGS (playlistsong_id, playlist_id, song_id, date_added) VALUES (170, 416, 217, '2023-09-01');
INSERT INTO PLAYLIST_SONGS (playlistsong_id, playlist_id, song_id, date_added) VALUES (171, 274, 969, '2024-02-16');
INSERT INTO PLAYLIST_SONGS (playlistsong_id, playlist_id, song_id, date_added) VALUES (172, 21, 248, '2023-10-08');
INSERT INTO PLAYLIST_SONGS (playlistsong_id, playlist_id, song_id, date_added) VALUES (173, 362, 652, '2023-12-17');
INSERT INTO PLAYLIST_SONGS (playlistsong_id, playlist_id, song_id, date_added) VALUES (174, 473, 137, '2023-01-29');
INSERT INTO PLAYLIST_SONGS (playlistsong_id, playlist_id, song_id, date_added) VALUES (175, 133, 929, '2023-03-23');
INSERT INTO PLAYLIST_SONGS (playlistsong_id, playlist_id, song_id, date_added) VALUES (176, 255, 488, '2023-12-24');
INSERT INTO PLAYLIST_SONGS (playlistsong_id, playlist_id, song_id, date_added) VALUES (177, 337, 550, '2023-01-06');
INSERT INTO PLAYLIST_SONGS (playlistsong_id, playlist_id, song_id, date_added) VALUES (178, 390, 359, '2023-09-18');
INSERT INTO PLAYLIST_SONGS (playlistsong_id, playlist_id, song_id, date_added) VALUES (179, 25, 530, '2023-10-08');
INSERT INTO PLAYLIST_SONGS (playlistsong_id, playlist_id, song_id, date_added) VALUES (180, 345, 36, '2024-01-19');
INSERT INTO PLAYLIST_SONGS (playlistsong_id, playlist_id, song_id, date_added) VALUES (181, 366, 108, '2023-11-27');
INSERT INTO PLAYLIST_SONGS (playlistsong_id, playlist_id, song_id, date_added) VALUES (182, 460, 133, '2023-02-04');
INSERT INTO PLAYLIST_SONGS (playlistsong_id, playlist_id, song_id, date_added) VALUES (183, 218, 962, '2023-09-14');
INSERT INTO PLAYLIST_SONGS (playlistsong_id, playlist_id, song_id, date_added) VALUES (184, 277, 48, '2023-08-05');
INSERT INTO PLAYLIST_SONGS (playlistsong_id, playlist_id, song_id, date_added) VALUES (185, 422, 501, '2023-04-26');
INSERT INTO PLAYLIST_SONGS (playlistsong_id, playlist_id, song_id, date_added) VALUES (186, 421, 807, '2024-05-15');
INSERT INTO PLAYLIST_SONGS (playlistsong_id, playlist_id, song_id, date_added) VALUES (187, 496, 36, '2023-08-21');
INSERT INTO PLAYLIST_SONGS (playlistsong_id, playlist_id, song_id, date_added) VALUES (188, 28, 621, '2023-03-19');
INSERT INTO PLAYLIST_SONGS (playlistsong_id, playlist_id, song_id, date_added) VALUES (189, 141, 25, '2023-10-16');
INSERT INTO PLAYLIST_SONGS (playlistsong_id, playlist_id, song_id, date_added) VALUES (190, 100, 101, '2023-08-14');
INSERT INTO PLAYLIST_SONGS (playlistsong_id, playlist_id, song_id, date_added) VALUES (191, 332, 66, '2023-09-07');
INSERT INTO PLAYLIST_SONGS (playlistsong_id, playlist_id, song_id, date_added) VALUES (192, 250, 660, '2023-06-21');
INSERT INTO PLAYLIST_SONGS (playlistsong_id, playlist_id, song_id, date_added) VALUES (193, 391, 359, '2024-01-29');
INSERT INTO PLAYLIST_SONGS (playlistsong_id, playlist_id, song_id, date_added) VALUES (194, 486, 774, '2024-03-21');
INSERT INTO PLAYLIST_SONGS (playlistsong_id, playlist_id, song_id, date_added) VALUES (195, 446, 453, '2023-10-03');
INSERT INTO PLAYLIST_SONGS (playlistsong_id, playlist_id, song_id, date_added) VALUES (196, 67, 107, '2024-01-14');
INSERT INTO PLAYLIST_SONGS (playlistsong_id, playlist_id, song_id, date_added) VALUES (197, 134, 482, '2024-03-17');
INSERT INTO PLAYLIST_SONGS (playlistsong_id, playlist_id, song_id, date_added) VALUES (198, 163, 348, '2024-01-15');
INSERT INTO PLAYLIST_SONGS (playlistsong_id, playlist_id, song_id, date_added) VALUES (199, 452, 583, '2023-01-24');
INSERT INTO PLAYLIST_SONGS (playlistsong_id, playlist_id, song_id, date_added) VALUES (200, 267, 448, '2023-05-23');
INSERT INTO PLAYLIST_SONGS (playlistsong_id, playlist_id, song_id, date_added) VALUES (201, 404, 459, '2023-02-06');
INSERT INTO PLAYLIST_SONGS (playlistsong_id, playlist_id, song_id, date_added) VALUES (202, 86, 560, '2023-02-05');
INSERT INTO PLAYLIST_SONGS (playlistsong_id, playlist_id, song_id, date_added) VALUES (203, 470, 744, '2024-02-15');
INSERT INTO PLAYLIST_SONGS (playlistsong_id, playlist_id, song_id, date_added) VALUES (204, 278, 294, '2024-02-04');
INSERT INTO PLAYLIST_SONGS (playlistsong_id, playlist_id, song_id, date_added) VALUES (205, 253, 963, '2023-02-21');
INSERT INTO PLAYLIST_SONGS (playlistsong_id, playlist_id, song_id, date_added) VALUES (206, 241, 619, '2023-10-03');
INSERT INTO PLAYLIST_SONGS (playlistsong_id, playlist_id, song_id, date_added) VALUES (207, 437, 701, '2023-07-31');
INSERT INTO PLAYLIST_SONGS (playlistsong_id, playlist_id, song_id, date_added) VALUES (208, 314, 401, '2023-11-26');
INSERT INTO PLAYLIST_SONGS (playlistsong_id, playlist_id, song_id, date_added) VALUES (209, 179, 993, '2023-03-21');
INSERT INTO PLAYLIST_SONGS (playlistsong_id, playlist_id, song_id, date_added) VALUES (210, 176, 379, '2024-04-15');
INSERT INTO PLAYLIST_SONGS (playlistsong_id, playlist_id, song_id, date_added) VALUES (211, 230, 477, '2023-02-07');
INSERT INTO PLAYLIST_SONGS (playlistsong_id, playlist_id, song_id, date_added) VALUES (212, 121, 797, '2023-10-22');
INSERT INTO PLAYLIST_SONGS (playlistsong_id, playlist_id, song_id, date_added) VALUES (213, 264, 987, '2023-05-27');
INSERT INTO PLAYLIST_SONGS (playlistsong_id, playlist_id, song_id, date_added) VALUES (214, 82, 537, '2024-03-30');
INSERT INTO PLAYLIST_SONGS (playlistsong_id, playlist_id, song_id, date_added) VALUES (215, 33, 186, '2024-05-19');
INSERT INTO PLAYLIST_SONGS (playlistsong_id, playlist_id, song_id, date_added) VALUES (216, 61, 6, '2023-10-08');
INSERT INTO PLAYLIST_SONGS (playlistsong_id, playlist_id, song_id, date_added) VALUES (217, 39, 518, '2023-08-19');
INSERT INTO PLAYLIST_SONGS (playlistsong_id, playlist_id, song_id, date_added) VALUES (218, 16, 821, '2023-01-19');
INSERT INTO PLAYLIST_SONGS (playlistsong_id, playlist_id, song_id, date_added) VALUES (219, 411, 481, '2023-03-19');
INSERT INTO PLAYLIST_SONGS (playlistsong_id, playlist_id, song_id, date_added) VALUES (220, 463, 88, '2023-03-17');
INSERT INTO PLAYLIST_SONGS (playlistsong_id, playlist_id, song_id, date_added) VALUES (221, 63, 963, '2023-08-25');
INSERT INTO PLAYLIST_SONGS (playlistsong_id, playlist_id, song_id, date_added) VALUES (222, 324, 542, '2023-06-30');
INSERT INTO PLAYLIST_SONGS (playlistsong_id, playlist_id, song_id, date_added) VALUES (223, 61, 240, '2024-02-23');
INSERT INTO PLAYLIST_SONGS (playlistsong_id, playlist_id, song_id, date_added) VALUES (224, 99, 895, '2023-03-04');
INSERT INTO PLAYLIST_SONGS (playlistsong_id, playlist_id, song_id, date_added) VALUES (225, 488, 4, '2023-11-21');
INSERT INTO PLAYLIST_SONGS (playlistsong_id, playlist_id, song_id, date_added) VALUES (226, 414, 50, '2023-10-22');
INSERT INTO PLAYLIST_SONGS (playlistsong_id, playlist_id, song_id, date_added) VALUES (227, 151, 84, '2024-05-06');
INSERT INTO PLAYLIST_SONGS (playlistsong_id, playlist_id, song_id, date_added) VALUES (228, 192, 996, '2024-02-08');
INSERT INTO PLAYLIST_SONGS (playlistsong_id, playlist_id, song_id, date_added) VALUES (229, 86, 384, '2023-08-11');
INSERT INTO PLAYLIST_SONGS (playlistsong_id, playlist_id, song_id, date_added) VALUES (230, 220, 90, '2024-05-15');
INSERT INTO PLAYLIST_SONGS (playlistsong_id, playlist_id, song_id, date_added) VALUES (231, 268, 231, '2024-03-09');
INSERT INTO PLAYLIST_SONGS (playlistsong_id, playlist_id, song_id, date_added) VALUES (232, 310, 328, '2023-10-25');
INSERT INTO PLAYLIST_SONGS (playlistsong_id, playlist_id, song_id, date_added) VALUES (233, 342, 259, '2023-11-12');
INSERT INTO PLAYLIST_SONGS (playlistsong_id, playlist_id, song_id, date_added) VALUES (234, 326, 168, '2023-07-30');
INSERT INTO PLAYLIST_SONGS (playlistsong_id, playlist_id, song_id, date_added) VALUES (235, 118, 364, '2023-06-24');
INSERT INTO PLAYLIST_SONGS (playlistsong_id, playlist_id, song_id, date_added) VALUES (236, 52, 789, '2024-04-15');
INSERT INTO PLAYLIST_SONGS (playlistsong_id, playlist_id, song_id, date_added) VALUES (237, 398, 539, '2023-03-23');
INSERT INTO PLAYLIST_SONGS (playlistsong_id, playlist_id, song_id, date_added) VALUES (238, 25, 999, '2023-02-05');
INSERT INTO PLAYLIST_SONGS (playlistsong_id, playlist_id, song_id, date_added) VALUES (239, 102, 528, '2023-09-18');
INSERT INTO PLAYLIST_SONGS (playlistsong_id, playlist_id, song_id, date_added) VALUES (240, 289, 909, '2023-05-31');
INSERT INTO PLAYLIST_SONGS (playlistsong_id, playlist_id, song_id, date_added) VALUES (241, 141, 322, '2024-05-11');
INSERT INTO PLAYLIST_SONGS (playlistsong_id, playlist_id, song_id, date_added) VALUES (242, 146, 953, '2024-05-14');
INSERT INTO PLAYLIST_SONGS (playlistsong_id, playlist_id, song_id, date_added) VALUES (243, 405, 866, '2023-04-03');
INSERT INTO PLAYLIST_SONGS (playlistsong_id, playlist_id, song_id, date_added) VALUES (244, 5, 551, '2023-06-03');
INSERT INTO PLAYLIST_SONGS (playlistsong_id, playlist_id, song_id, date_added) VALUES (245, 196, 190, '2023-11-22');
INSERT INTO PLAYLIST_SONGS (playlistsong_id, playlist_id, song_id, date_added) VALUES (246, 495, 109, '2024-04-24');
INSERT INTO PLAYLIST_SONGS (playlistsong_id, playlist_id, song_id, date_added) VALUES (247, 43, 83, '2023-01-30');
INSERT INTO PLAYLIST_SONGS (playlistsong_id, playlist_id, song_id, date_added) VALUES (248, 94, 961, '2023-03-01');
INSERT INTO PLAYLIST_SONGS (playlistsong_id, playlist_id, song_id, date_added) VALUES (249, 472, 807, '2024-03-27');
INSERT INTO PLAYLIST_SONGS (playlistsong_id, playlist_id, song_id, date_added) VALUES (250, 249, 9, '2023-03-22');
INSERT INTO PLAYLIST_SONGS (playlistsong_id, playlist_id, song_id, date_added) VALUES (251, 27, 723, '2024-04-07');
INSERT INTO PLAYLIST_SONGS (playlistsong_id, playlist_id, song_id, date_added) VALUES (252, 155, 934, '2024-02-01');
INSERT INTO PLAYLIST_SONGS (playlistsong_id, playlist_id, song_id, date_added) VALUES (253, 401, 871, '2023-02-13');
INSERT INTO PLAYLIST_SONGS (playlistsong_id, playlist_id, song_id, date_added) VALUES (254, 278, 563, '2024-05-10');
INSERT INTO PLAYLIST_SONGS (playlistsong_id, playlist_id, song_id, date_added) VALUES (255, 430, 894, '2024-02-18');
INSERT INTO PLAYLIST_SONGS (playlistsong_id, playlist_id, song_id, date_added) VALUES (256, 384, 80, '2023-06-02');
INSERT INTO PLAYLIST_SONGS (playlistsong_id, playlist_id, song_id, date_added) VALUES (257, 346, 680, '2023-12-05');
INSERT INTO PLAYLIST_SONGS (playlistsong_id, playlist_id, song_id, date_added) VALUES (258, 319, 566, '2023-08-14');
INSERT INTO PLAYLIST_SONGS (playlistsong_id, playlist_id, song_id, date_added) VALUES (259, 226, 323, '2023-05-11');
INSERT INTO PLAYLIST_SONGS (playlistsong_id, playlist_id, song_id, date_added) VALUES (260, 98, 355, '2023-05-18');
INSERT INTO PLAYLIST_SONGS (playlistsong_id, playlist_id, song_id, date_added) VALUES (261, 429, 789, '2023-10-23');
INSERT INTO PLAYLIST_SONGS (playlistsong_id, playlist_id, song_id, date_added) VALUES (262, 457, 957, '2023-10-20');
INSERT INTO PLAYLIST_SONGS (playlistsong_id, playlist_id, song_id, date_added) VALUES (263, 159, 42, '2023-06-21');
INSERT INTO PLAYLIST_SONGS (playlistsong_id, playlist_id, song_id, date_added) VALUES (264, 379, 195, '2023-09-26');
INSERT INTO PLAYLIST_SONGS (playlistsong_id, playlist_id, song_id, date_added) VALUES (265, 301, 150, '2023-05-08');
INSERT INTO PLAYLIST_SONGS (playlistsong_id, playlist_id, song_id, date_added) VALUES (266, 55, 967, '2023-04-15');
INSERT INTO PLAYLIST_SONGS (playlistsong_id, playlist_id, song_id, date_added) VALUES (267, 493, 815, '2023-08-09');
INSERT INTO PLAYLIST_SONGS (playlistsong_id, playlist_id, song_id, date_added) VALUES (268, 350, 466, '2024-02-24');
INSERT INTO PLAYLIST_SONGS (playlistsong_id, playlist_id, song_id, date_added) VALUES (269, 253, 167, '2023-11-16');
INSERT INTO PLAYLIST_SONGS (playlistsong_id, playlist_id, song_id, date_added) VALUES (270, 198, 574, '2024-01-28');
INSERT INTO PLAYLIST_SONGS (playlistsong_id, playlist_id, song_id, date_added) VALUES (271, 172, 21, '2023-04-27');
INSERT INTO PLAYLIST_SONGS (playlistsong_id, playlist_id, song_id, date_added) VALUES (272, 72, 279, '2023-04-02');
INSERT INTO PLAYLIST_SONGS (playlistsong_id, playlist_id, song_id, date_added) VALUES (273, 417, 651, '2023-10-07');
INSERT INTO PLAYLIST_SONGS (playlistsong_id, playlist_id, song_id, date_added) VALUES (274, 185, 579, '2023-04-21');
INSERT INTO PLAYLIST_SONGS (playlistsong_id, playlist_id, song_id, date_added) VALUES (275, 213, 260, '2024-04-08');
INSERT INTO PLAYLIST_SONGS (playlistsong_id, playlist_id, song_id, date_added) VALUES (276, 7, 132, '2023-07-29');
INSERT INTO PLAYLIST_SONGS (playlistsong_id, playlist_id, song_id, date_added) VALUES (277, 435, 135, '2023-07-17');
INSERT INTO PLAYLIST_SONGS (playlistsong_id, playlist_id, song_id, date_added) VALUES (278, 419, 102, '2024-04-25');
INSERT INTO PLAYLIST_SONGS (playlistsong_id, playlist_id, song_id, date_added) VALUES (279, 104, 831, '2023-05-18');
INSERT INTO PLAYLIST_SONGS (playlistsong_id, playlist_id, song_id, date_added) VALUES (280, 385, 688, '2023-05-04');
INSERT INTO PLAYLIST_SONGS (playlistsong_id, playlist_id, song_id, date_added) VALUES (281, 427, 925, '2024-01-18');
INSERT INTO PLAYLIST_SONGS (playlistsong_id, playlist_id, song_id, date_added) VALUES (282, 83, 173, '2023-10-30');
INSERT INTO PLAYLIST_SONGS (playlistsong_id, playlist_id, song_id, date_added) VALUES (283, 302, 820, '2024-05-07');
INSERT INTO PLAYLIST_SONGS (playlistsong_id, playlist_id, song_id, date_added) VALUES (284, 267, 928, '2023-02-09');
INSERT INTO PLAYLIST_SONGS (playlistsong_id, playlist_id, song_id, date_added) VALUES (285, 325, 863, '2023-11-20');
INSERT INTO PLAYLIST_SONGS (playlistsong_id, playlist_id, song_id, date_added) VALUES (286, 91, 159, '2023-07-12');
INSERT INTO PLAYLIST_SONGS (playlistsong_id, playlist_id, song_id, date_added) VALUES (287, 307, 245, '2023-11-11');
INSERT INTO PLAYLIST_SONGS (playlistsong_id, playlist_id, song_id, date_added) VALUES (288, 52, 678, '2023-11-12');
INSERT INTO PLAYLIST_SONGS (playlistsong_id, playlist_id, song_id, date_added) VALUES (289, 19, 290, '2024-04-07');
INSERT INTO PLAYLIST_SONGS (playlistsong_id, playlist_id, song_id, date_added) VALUES (290, 287, 4, '2023-01-16');
INSERT INTO PLAYLIST_SONGS (playlistsong_id, playlist_id, song_id, date_added) VALUES (291, 452, 213, '2023-05-14');
INSERT INTO PLAYLIST_SONGS (playlistsong_id, playlist_id, song_id, date_added) VALUES (292, 252, 53, '2023-03-11');
INSERT INTO PLAYLIST_SONGS (playlistsong_id, playlist_id, song_id, date_added) VALUES (293, 275, 221, '2023-06-29');
INSERT INTO PLAYLIST_SONGS (playlistsong_id, playlist_id, song_id, date_added) VALUES (294, 269, 192, '2024-04-28');
INSERT INTO PLAYLIST_SONGS (playlistsong_id, playlist_id, song_id, date_added) VALUES (295, 271, 530, '2023-02-21');
INSERT INTO PLAYLIST_SONGS (playlistsong_id, playlist_id, song_id, date_added) VALUES (296, 31, 610, '2024-01-14');
INSERT INTO PLAYLIST_SONGS (playlistsong_id, playlist_id, song_id, date_added) VALUES (297, 437, 884, '2023-07-15');
INSERT INTO PLAYLIST_SONGS (playlistsong_id, playlist_id, song_id, date_added) VALUES (298, 295, 522, '2023-09-23');
INSERT INTO PLAYLIST_SONGS (playlistsong_id, playlist_id, song_id, date_added) VALUES (299, 254, 668, '2024-04-19');
INSERT INTO PLAYLIST_SONGS (playlistsong_id, playlist_id, song_id, date_added) VALUES (300, 213, 319, '2023-08-04');
INSERT INTO PLAYLIST_SONGS (playlistsong_id, playlist_id, song_id, date_added) VALUES (301, 30, 3, '2023-12-13');
INSERT INTO PLAYLIST_SONGS (playlistsong_id, playlist_id, song_id, date_added) VALUES (302, 153, 98, '2024-05-19');
INSERT INTO PLAYLIST_SONGS (playlistsong_id, playlist_id, song_id, date_added) VALUES (303, 395, 277, '2023-11-12');
INSERT INTO PLAYLIST_SONGS (playlistsong_id, playlist_id, song_id, date_added) VALUES (304, 350, 242, '2023-05-30');
INSERT INTO PLAYLIST_SONGS (playlistsong_id, playlist_id, song_id, date_added) VALUES (305, 235, 961, '2023-04-25');
INSERT INTO PLAYLIST_SONGS (playlistsong_id, playlist_id, song_id, date_added) VALUES (306, 244, 910, '2023-10-04');
INSERT INTO PLAYLIST_SONGS (playlistsong_id, playlist_id, song_id, date_added) VALUES (307, 148, 506, '2023-08-04');
INSERT INTO PLAYLIST_SONGS (playlistsong_id, playlist_id, song_id, date_added) VALUES (308, 318, 520, '2023-12-08');
INSERT INTO PLAYLIST_SONGS (playlistsong_id, playlist_id, song_id, date_added) VALUES (309, 394, 648, '2023-10-26');
INSERT INTO PLAYLIST_SONGS (playlistsong_id, playlist_id, song_id, date_added) VALUES (310, 270, 659, '2023-04-24');
INSERT INTO PLAYLIST_SONGS (playlistsong_id, playlist_id, song_id, date_added) VALUES (311, 167, 498, '2024-04-21');
INSERT INTO PLAYLIST_SONGS (playlistsong_id, playlist_id, song_id, date_added) VALUES (312, 89, 771, '2023-07-21');
INSERT INTO PLAYLIST_SONGS (playlistsong_id, playlist_id, song_id, date_added) VALUES (313, 6, 687, '2023-08-29');
INSERT INTO PLAYLIST_SONGS (playlistsong_id, playlist_id, song_id, date_added) VALUES (314, 378, 236, '2023-08-20');
INSERT INTO PLAYLIST_SONGS (playlistsong_id, playlist_id, song_id, date_added) VALUES (315, 16, 217, '2023-01-28');
INSERT INTO PLAYLIST_SONGS (playlistsong_id, playlist_id, song_id, date_added) VALUES (316, 28, 566, '2024-02-07');
INSERT INTO PLAYLIST_SONGS (playlistsong_id, playlist_id, song_id, date_added) VALUES (317, 371, 779, '2023-10-27');
INSERT INTO PLAYLIST_SONGS (playlistsong_id, playlist_id, song_id, date_added) VALUES (318, 450, 621, '2023-09-14');
INSERT INTO PLAYLIST_SONGS (playlistsong_id, playlist_id, song_id, date_added) VALUES (319, 389, 579, '2023-08-29');
INSERT INTO PLAYLIST_SONGS (playlistsong_id, playlist_id, song_id, date_added) VALUES (320, 484, 408, '2024-05-10');
INSERT INTO PLAYLIST_SONGS (playlistsong_id, playlist_id, song_id, date_added) VALUES (321, 152, 21, '2023-12-24');
INSERT INTO PLAYLIST_SONGS (playlistsong_id, playlist_id, song_id, date_added) VALUES (322, 268, 796, '2023-11-08');
INSERT INTO PLAYLIST_SONGS (playlistsong_id, playlist_id, song_id, date_added) VALUES (323, 254, 472, '2023-10-17');
INSERT INTO PLAYLIST_SONGS (playlistsong_id, playlist_id, song_id, date_added) VALUES (324, 376, 445, '2023-12-29');
INSERT INTO PLAYLIST_SONGS (playlistsong_id, playlist_id, song_id, date_added) VALUES (325, 217, 368, '2023-06-02');
INSERT INTO PLAYLIST_SONGS (playlistsong_id, playlist_id, song_id, date_added) VALUES (326, 111, 55, '2023-09-13');
INSERT INTO PLAYLIST_SONGS (playlistsong_id, playlist_id, song_id, date_added) VALUES (327, 123, 345, '2023-12-01');
INSERT INTO PLAYLIST_SONGS (playlistsong_id, playlist_id, song_id, date_added) VALUES (328, 122, 534, '2023-07-25');
INSERT INTO PLAYLIST_SONGS (playlistsong_id, playlist_id, song_id, date_added) VALUES (329, 344, 680, '2024-01-11');
INSERT INTO PLAYLIST_SONGS (playlistsong_id, playlist_id, song_id, date_added) VALUES (330, 399, 790, '2023-11-28');
INSERT INTO PLAYLIST_SONGS (playlistsong_id, playlist_id, song_id, date_added) VALUES (331, 378, 140, '2023-12-05');
INSERT INTO PLAYLIST_SONGS (playlistsong_id, playlist_id, song_id, date_added) VALUES (332, 302, 847, '2023-11-24');
INSERT INTO PLAYLIST_SONGS (playlistsong_id, playlist_id, song_id, date_added) VALUES (333, 73, 158, '2023-05-14');
INSERT INTO PLAYLIST_SONGS (playlistsong_id, playlist_id, song_id, date_added) VALUES (334, 155, 446, '2023-05-25');
INSERT INTO PLAYLIST_SONGS (playlistsong_id, playlist_id, song_id, date_added) VALUES (335, 99, 317, '2023-03-30');
INSERT INTO PLAYLIST_SONGS (playlistsong_id, playlist_id, song_id, date_added) VALUES (336, 480, 31, '2023-12-20');
INSERT INTO PLAYLIST_SONGS (playlistsong_id, playlist_id, song_id, date_added) VALUES (337, 154, 292, '2023-07-15');
INSERT INTO PLAYLIST_SONGS (playlistsong_id, playlist_id, song_id, date_added) VALUES (338, 411, 163, '2023-10-28');
INSERT INTO PLAYLIST_SONGS (playlistsong_id, playlist_id, song_id, date_added) VALUES (339, 311, 885, '2023-03-13');
INSERT INTO PLAYLIST_SONGS (playlistsong_id, playlist_id, song_id, date_added) VALUES (340, 374, 617, '2024-01-05');
INSERT INTO PLAYLIST_SONGS (playlistsong_id, playlist_id, song_id, date_added) VALUES (341, 324, 377, '2023-11-17');
INSERT INTO PLAYLIST_SONGS (playlistsong_id, playlist_id, song_id, date_added) VALUES (342, 31, 39, '2023-01-12');
INSERT INTO PLAYLIST_SONGS (playlistsong_id, playlist_id, song_id, date_added) VALUES (343, 315, 25, '2024-04-11');
INSERT INTO PLAYLIST_SONGS (playlistsong_id, playlist_id, song_id, date_added) VALUES (344, 49, 122, '2023-04-10');
INSERT INTO PLAYLIST_SONGS (playlistsong_id, playlist_id, song_id, date_added) VALUES (345, 493, 703, '2024-03-09');
INSERT INTO PLAYLIST_SONGS (playlistsong_id, playlist_id, song_id, date_added) VALUES (346, 312, 972, '2023-10-04');
INSERT INTO PLAYLIST_SONGS (playlistsong_id, playlist_id, song_id, date_added) VALUES (347, 282, 652, '2023-09-21');
INSERT INTO PLAYLIST_SONGS (playlistsong_id, playlist_id, song_id, date_added) VALUES (348, 299, 301, '2023-01-26');
INSERT INTO PLAYLIST_SONGS (playlistsong_id, playlist_id, song_id, date_added) VALUES (349, 438, 242, '2023-05-05');
INSERT INTO PLAYLIST_SONGS (playlistsong_id, playlist_id, song_id, date_added) VALUES (350, 432, 52, '2023-04-24');
INSERT INTO PLAYLIST_SONGS (playlistsong_id, playlist_id, song_id, date_added) VALUES (351, 322, 929, '2024-03-19');
INSERT INTO PLAYLIST_SONGS (playlistsong_id, playlist_id, song_id, date_added) VALUES (352, 91, 858, '2023-05-28');
INSERT INTO PLAYLIST_SONGS (playlistsong_id, playlist_id, song_id, date_added) VALUES (353, 470, 354, '2023-07-16');
INSERT INTO PLAYLIST_SONGS (playlistsong_id, playlist_id, song_id, date_added) VALUES (354, 345, 204, '2024-02-18');
INSERT INTO PLAYLIST_SONGS (playlistsong_id, playlist_id, song_id, date_added) VALUES (355, 63, 960, '2023-02-28');
INSERT INTO PLAYLIST_SONGS (playlistsong_id, playlist_id, song_id, date_added) VALUES (356, 169, 961, '2023-11-09');
INSERT INTO PLAYLIST_SONGS (playlistsong_id, playlist_id, song_id, date_added) VALUES (357, 408, 330, '2024-02-16');
INSERT INTO PLAYLIST_SONGS (playlistsong_id, playlist_id, song_id, date_added) VALUES (358, 366, 353, '2024-04-11');
INSERT INTO PLAYLIST_SONGS (playlistsong_id, playlist_id, song_id, date_added) VALUES (359, 440, 253, '2023-12-06');
INSERT INTO PLAYLIST_SONGS (playlistsong_id, playlist_id, song_id, date_added) VALUES (360, 363, 274, '2024-04-12');
INSERT INTO PLAYLIST_SONGS (playlistsong_id, playlist_id, song_id, date_added) VALUES (361, 419, 770, '2023-03-12');
INSERT INTO PLAYLIST_SONGS (playlistsong_id, playlist_id, song_id, date_added) VALUES (362, 68, 422, '2023-12-20');
INSERT INTO PLAYLIST_SONGS (playlistsong_id, playlist_id, song_id, date_added) VALUES (363, 124, 393, '2023-10-25');
INSERT INTO PLAYLIST_SONGS (playlistsong_id, playlist_id, song_id, date_added) VALUES (364, 152, 790, '2023-05-27');
INSERT INTO PLAYLIST_SONGS (playlistsong_id, playlist_id, song_id, date_added) VALUES (365, 132, 144, '2023-03-23');
INSERT INTO PLAYLIST_SONGS (playlistsong_id, playlist_id, song_id, date_added) VALUES (366, 72, 533, '2023-12-23');
INSERT INTO PLAYLIST_SONGS (playlistsong_id, playlist_id, song_id, date_added) VALUES (367, 12, 953, '2023-06-12');
INSERT INTO PLAYLIST_SONGS (playlistsong_id, playlist_id, song_id, date_added) VALUES (368, 91, 225, '2023-11-27');
INSERT INTO PLAYLIST_SONGS (playlistsong_id, playlist_id, song_id, date_added) VALUES (369, 12, 711, '2024-02-06');
INSERT INTO PLAYLIST_SONGS (playlistsong_id, playlist_id, song_id, date_added) VALUES (370, 178, 327, '2024-02-06');
INSERT INTO PLAYLIST_SONGS (playlistsong_id, playlist_id, song_id, date_added) VALUES (371, 220, 73, '2023-03-19');
INSERT INTO PLAYLIST_SONGS (playlistsong_id, playlist_id, song_id, date_added) VALUES (372, 24, 45, '2023-06-15');
INSERT INTO PLAYLIST_SONGS (playlistsong_id, playlist_id, song_id, date_added) VALUES (373, 175, 751, '2023-05-23');
INSERT INTO PLAYLIST_SONGS (playlistsong_id, playlist_id, song_id, date_added) VALUES (374, 59, 292, '2023-11-06');
INSERT INTO PLAYLIST_SONGS (playlistsong_id, playlist_id, song_id, date_added) VALUES (375, 188, 973, '2023-07-25');
INSERT INTO PLAYLIST_SONGS (playlistsong_id, playlist_id, song_id, date_added) VALUES (376, 69, 294, '2023-08-31');
INSERT INTO PLAYLIST_SONGS (playlistsong_id, playlist_id, song_id, date_added) VALUES (377, 292, 756, '2024-05-16');
INSERT INTO PLAYLIST_SONGS (playlistsong_id, playlist_id, song_id, date_added) VALUES (378, 89, 939, '2023-06-14');
INSERT INTO PLAYLIST_SONGS (playlistsong_id, playlist_id, song_id, date_added) VALUES (379, 438, 378, '2023-11-28');
INSERT INTO PLAYLIST_SONGS (playlistsong_id, playlist_id, song_id, date_added) VALUES (380, 330, 676, '2023-10-29');
INSERT INTO PLAYLIST_SONGS (playlistsong_id, playlist_id, song_id, date_added) VALUES (381, 240, 246, '2023-04-06');
INSERT INTO PLAYLIST_SONGS (playlistsong_id, playlist_id, song_id, date_added) VALUES (382, 497, 580, '2024-03-02');
INSERT INTO PLAYLIST_SONGS (playlistsong_id, playlist_id, song_id, date_added) VALUES (383, 436, 464, '2023-02-12');
INSERT INTO PLAYLIST_SONGS (playlistsong_id, playlist_id, song_id, date_added) VALUES (384, 368, 986, '2023-06-29');
INSERT INTO PLAYLIST_SONGS (playlistsong_id, playlist_id, song_id, date_added) VALUES (385, 407, 453, '2023-09-30');
INSERT INTO PLAYLIST_SONGS (playlistsong_id, playlist_id, song_id, date_added) VALUES (386, 317, 418, '2023-02-10');
INSERT INTO PLAYLIST_SONGS (playlistsong_id, playlist_id, song_id, date_added) VALUES (387, 472, 149, '2023-01-20');
INSERT INTO PLAYLIST_SONGS (playlistsong_id, playlist_id, song_id, date_added) VALUES (388, 337, 698, '2024-05-17');
INSERT INTO PLAYLIST_SONGS (playlistsong_id, playlist_id, song_id, date_added) VALUES (389, 280, 433, '2024-04-21');
INSERT INTO PLAYLIST_SONGS (playlistsong_id, playlist_id, song_id, date_added) VALUES (390, 165, 476, '2023-02-05');
INSERT INTO PLAYLIST_SONGS (playlistsong_id, playlist_id, song_id, date_added) VALUES (391, 394, 425, '2023-03-14');
INSERT INTO PLAYLIST_SONGS (playlistsong_id, playlist_id, song_id, date_added) VALUES (392, 286, 349, '2023-03-16');
INSERT INTO PLAYLIST_SONGS (playlistsong_id, playlist_id, song_id, date_added) VALUES (393, 148, 150, '2024-02-16');
INSERT INTO PLAYLIST_SONGS (playlistsong_id, playlist_id, song_id, date_added) VALUES (394, 428, 192, '2024-04-18');
INSERT INTO PLAYLIST_SONGS (playlistsong_id, playlist_id, song_id, date_added) VALUES (395, 61, 585, '2023-06-27');
INSERT INTO PLAYLIST_SONGS (playlistsong_id, playlist_id, song_id, date_added) VALUES (396, 186, 658, '2023-12-23');
INSERT INTO PLAYLIST_SONGS (playlistsong_id, playlist_id, song_id, date_added) VALUES (397, 191, 458, '2024-03-15');
INSERT INTO PLAYLIST_SONGS (playlistsong_id, playlist_id, song_id, date_added) VALUES (398, 84, 540, '2024-01-11');
INSERT INTO PLAYLIST_SONGS (playlistsong_id, playlist_id, song_id, date_added) VALUES (399, 483, 740, '2024-02-22');
INSERT INTO PLAYLIST_SONGS (playlistsong_id, playlist_id, song_id, date_added) VALUES (400, 224, 797, '2023-02-17');
INSERT INTO PLAYLIST_SONGS (playlistsong_id, playlist_id, song_id, date_added) VALUES (401, 112, 920, '2023-02-18');
INSERT INTO PLAYLIST_SONGS (playlistsong_id, playlist_id, song_id, date_added) VALUES (402, 381, 298, '2024-02-14');
INSERT INTO PLAYLIST_SONGS (playlistsong_id, playlist_id, song_id, date_added) VALUES (403, 124, 917, '2023-08-12');
INSERT INTO PLAYLIST_SONGS (playlistsong_id, playlist_id, song_id, date_added) VALUES (404, 175, 1000, '2023-10-19');
INSERT INTO PLAYLIST_SONGS (playlistsong_id, playlist_id, song_id, date_added) VALUES (405, 108, 663, '2024-01-01');
INSERT INTO PLAYLIST_SONGS (playlistsong_id, playlist_id, song_id, date_added) VALUES (406, 228, 385, '2023-08-07');
INSERT INTO PLAYLIST_SONGS (playlistsong_id, playlist_id, song_id, date_added) VALUES (407, 153, 284, '2024-02-27');
INSERT INTO PLAYLIST_SONGS (playlistsong_id, playlist_id, song_id, date_added) VALUES (408, 163, 809, '2023-05-30');
INSERT INTO PLAYLIST_SONGS (playlistsong_id, playlist_id, song_id, date_added) VALUES (409, 261, 961, '2023-03-13');
INSERT INTO PLAYLIST_SONGS (playlistsong_id, playlist_id, song_id, date_added) VALUES (410, 339, 571, '2023-12-14');
INSERT INTO PLAYLIST_SONGS (playlistsong_id, playlist_id, song_id, date_added) VALUES (411, 81, 159, '2023-12-14');
INSERT INTO PLAYLIST_SONGS (playlistsong_id, playlist_id, song_id, date_added) VALUES (412, 87, 720, '2023-04-24');
INSERT INTO PLAYLIST_SONGS (playlistsong_id, playlist_id, song_id, date_added) VALUES (413, 95, 939, '2023-12-07');
INSERT INTO PLAYLIST_SONGS (playlistsong_id, playlist_id, song_id, date_added) VALUES (414, 49, 279, '2023-12-31');
INSERT INTO PLAYLIST_SONGS (playlistsong_id, playlist_id, song_id, date_added) VALUES (415, 186, 188, '2024-03-02');
INSERT INTO PLAYLIST_SONGS (playlistsong_id, playlist_id, song_id, date_added) VALUES (416, 174, 443, '2024-04-07');
INSERT INTO PLAYLIST_SONGS (playlistsong_id, playlist_id, song_id, date_added) VALUES (417, 73, 194, '2023-02-22');
INSERT INTO PLAYLIST_SONGS (playlistsong_id, playlist_id, song_id, date_added) VALUES (418, 311, 659, '2023-10-19');
INSERT INTO PLAYLIST_SONGS (playlistsong_id, playlist_id, song_id, date_added) VALUES (419, 481, 756, '2023-05-21');
INSERT INTO PLAYLIST_SONGS (playlistsong_id, playlist_id, song_id, date_added) VALUES (420, 51, 495, '2023-12-20');
INSERT INTO PLAYLIST_SONGS (playlistsong_id, playlist_id, song_id, date_added) VALUES (421, 269, 600, '2023-05-23');
INSERT INTO PLAYLIST_SONGS (playlistsong_id, playlist_id, song_id, date_added) VALUES (422, 2, 871, '2023-04-13');
INSERT INTO PLAYLIST_SONGS (playlistsong_id, playlist_id, song_id, date_added) VALUES (423, 154, 737, '2023-04-03');
INSERT INTO PLAYLIST_SONGS (playlistsong_id, playlist_id, song_id, date_added) VALUES (424, 70, 774, '2023-04-21');
INSERT INTO PLAYLIST_SONGS (playlistsong_id, playlist_id, song_id, date_added) VALUES (425, 481, 275, '2024-01-04');
INSERT INTO PLAYLIST_SONGS (playlistsong_id, playlist_id, song_id, date_added) VALUES (426, 70, 306, '2023-10-31');
INSERT INTO PLAYLIST_SONGS (playlistsong_id, playlist_id, song_id, date_added) VALUES (427, 102, 990, '2023-02-09');
INSERT INTO PLAYLIST_SONGS (playlistsong_id, playlist_id, song_id, date_added) VALUES (428, 156, 972, '2023-10-18');
INSERT INTO PLAYLIST_SONGS (playlistsong_id, playlist_id, song_id, date_added) VALUES (429, 80, 224, '2024-02-22');
INSERT INTO PLAYLIST_SONGS (playlistsong_id, playlist_id, song_id, date_added) VALUES (430, 52, 82, '2023-06-09');
INSERT INTO PLAYLIST_SONGS (playlistsong_id, playlist_id, song_id, date_added) VALUES (431, 455, 63, '2024-01-30');
INSERT INTO PLAYLIST_SONGS (playlistsong_id, playlist_id, song_id, date_added) VALUES (432, 67, 700, '2023-10-11');
INSERT INTO PLAYLIST_SONGS (playlistsong_id, playlist_id, song_id, date_added) VALUES (433, 469, 317, '2024-03-09');
INSERT INTO PLAYLIST_SONGS (playlistsong_id, playlist_id, song_id, date_added) VALUES (434, 196, 774, '2023-08-13');
INSERT INTO PLAYLIST_SONGS (playlistsong_id, playlist_id, song_id, date_added) VALUES (435, 392, 864, '2023-04-29');
INSERT INTO PLAYLIST_SONGS (playlistsong_id, playlist_id, song_id, date_added) VALUES (436, 101, 329, '2023-09-27');
INSERT INTO PLAYLIST_SONGS (playlistsong_id, playlist_id, song_id, date_added) VALUES (437, 197, 123, '2023-02-26');
INSERT INTO PLAYLIST_SONGS (playlistsong_id, playlist_id, song_id, date_added) VALUES (438, 392, 147, '2023-01-18');
INSERT INTO PLAYLIST_SONGS (playlistsong_id, playlist_id, song_id, date_added) VALUES (439, 98, 789, '2024-03-27');
INSERT INTO PLAYLIST_SONGS (playlistsong_id, playlist_id, song_id, date_added) VALUES (440, 35, 397, '2024-03-13');
INSERT INTO PLAYLIST_SONGS (playlistsong_id, playlist_id, song_id, date_added) VALUES (441, 406, 58, '2023-08-05');
INSERT INTO PLAYLIST_SONGS (playlistsong_id, playlist_id, song_id, date_added) VALUES (442, 215, 989, '2024-04-09');
INSERT INTO PLAYLIST_SONGS (playlistsong_id, playlist_id, song_id, date_added) VALUES (443, 104, 501, '2023-06-24');
INSERT INTO PLAYLIST_SONGS (playlistsong_id, playlist_id, song_id, date_added) VALUES (444, 424, 613, '2024-03-08');
INSERT INTO PLAYLIST_SONGS (playlistsong_id, playlist_id, song_id, date_added) VALUES (445, 386, 28, '2023-08-02');
INSERT INTO PLAYLIST_SONGS (playlistsong_id, playlist_id, song_id, date_added) VALUES (446, 379, 275, '2023-02-05');
INSERT INTO PLAYLIST_SONGS (playlistsong_id, playlist_id, song_id, date_added) VALUES (447, 101, 124, '2023-01-27');
INSERT INTO PLAYLIST_SONGS (playlistsong_id, playlist_id, song_id, date_added) VALUES (448, 51, 969, '2023-04-12');
INSERT INTO PLAYLIST_SONGS (playlistsong_id, playlist_id, song_id, date_added) VALUES (449, 442, 365, '2023-01-29');
INSERT INTO PLAYLIST_SONGS (playlistsong_id, playlist_id, song_id, date_added) VALUES (450, 361, 717, '2024-02-02');
INSERT INTO PLAYLIST_SONGS (playlistsong_id, playlist_id, song_id, date_added) VALUES (451, 221, 956, '2023-10-31');
INSERT INTO PLAYLIST_SONGS (playlistsong_id, playlist_id, song_id, date_added) VALUES (452, 500, 714, '2023-12-27');
INSERT INTO PLAYLIST_SONGS (playlistsong_id, playlist_id, song_id, date_added) VALUES (453, 243, 328, '2023-05-24');
INSERT INTO PLAYLIST_SONGS (playlistsong_id, playlist_id, song_id, date_added) VALUES (454, 66, 404, '2023-10-28');
INSERT INTO PLAYLIST_SONGS (playlistsong_id, playlist_id, song_id, date_added) VALUES (455, 358, 433, '2024-02-23');
INSERT INTO PLAYLIST_SONGS (playlistsong_id, playlist_id, song_id, date_added) VALUES (456, 21, 352, '2023-10-06');
INSERT INTO PLAYLIST_SONGS (playlistsong_id, playlist_id, song_id, date_added) VALUES (457, 401, 133, '2023-11-05');
INSERT INTO PLAYLIST_SONGS (playlistsong_id, playlist_id, song_id, date_added) VALUES (458, 85, 422, '2023-02-06');
INSERT INTO PLAYLIST_SONGS (playlistsong_id, playlist_id, song_id, date_added) VALUES (459, 139, 898, '2023-04-24');
INSERT INTO PLAYLIST_SONGS (playlistsong_id, playlist_id, song_id, date_added) VALUES (460, 271, 190, '2023-10-27');
INSERT INTO PLAYLIST_SONGS (playlistsong_id, playlist_id, song_id, date_added) VALUES (461, 126, 330, '2023-01-27');
INSERT INTO PLAYLIST_SONGS (playlistsong_id, playlist_id, song_id, date_added) VALUES (462, 196, 51, '2023-12-09');
INSERT INTO PLAYLIST_SONGS (playlistsong_id, playlist_id, song_id, date_added) VALUES (463, 131, 472, '2023-07-30');
INSERT INTO PLAYLIST_SONGS (playlistsong_id, playlist_id, song_id, date_added) VALUES (464, 7, 108, '2024-03-17');
INSERT INTO PLAYLIST_SONGS (playlistsong_id, playlist_id, song_id, date_added) VALUES (465, 271, 904, '2023-11-20');
INSERT INTO PLAYLIST_SONGS (playlistsong_id, playlist_id, song_id, date_added) VALUES (466, 19, 615, '2023-01-14');
INSERT INTO PLAYLIST_SONGS (playlistsong_id, playlist_id, song_id, date_added) VALUES (467, 21, 236, '2023-12-04');
INSERT INTO PLAYLIST_SONGS (playlistsong_id, playlist_id, song_id, date_added) VALUES (468, 435, 423, '2023-12-04');
INSERT INTO PLAYLIST_SONGS (playlistsong_id, playlist_id, song_id, date_added) VALUES (469, 448, 852, '2023-08-31');
INSERT INTO PLAYLIST_SONGS (playlistsong_id, playlist_id, song_id, date_added) VALUES (470, 273, 897, '2024-04-19');
INSERT INTO PLAYLIST_SONGS (playlistsong_id, playlist_id, song_id, date_added) VALUES (471, 188, 275, '2023-12-06');
INSERT INTO PLAYLIST_SONGS (playlistsong_id, playlist_id, song_id, date_added) VALUES (472, 429, 360, '2023-11-24');
INSERT INTO PLAYLIST_SONGS (playlistsong_id, playlist_id, song_id, date_added) VALUES (473, 120, 475, '2023-02-12');
INSERT INTO PLAYLIST_SONGS (playlistsong_id, playlist_id, song_id, date_added) VALUES (474, 21, 715, '2023-03-27');
INSERT INTO PLAYLIST_SONGS (playlistsong_id, playlist_id, song_id, date_added) VALUES (475, 254, 85, '2024-04-23');
INSERT INTO PLAYLIST_SONGS (playlistsong_id, playlist_id, song_id, date_added) VALUES (476, 156, 804, '2024-05-10');
INSERT INTO PLAYLIST_SONGS (playlistsong_id, playlist_id, song_id, date_added) VALUES (477, 389, 731, '2023-03-11');
INSERT INTO PLAYLIST_SONGS (playlistsong_id, playlist_id, song_id, date_added) VALUES (478, 214, 745, '2023-05-01');
INSERT INTO PLAYLIST_SONGS (playlistsong_id, playlist_id, song_id, date_added) VALUES (479, 372, 29, '2023-09-23');
INSERT INTO PLAYLIST_SONGS (playlistsong_id, playlist_id, song_id, date_added) VALUES (480, 442, 300, '2023-11-14');
INSERT INTO PLAYLIST_SONGS (playlistsong_id, playlist_id, song_id, date_added) VALUES (481, 325, 115, '2023-10-11');
INSERT INTO PLAYLIST_SONGS (playlistsong_id, playlist_id, song_id, date_added) VALUES (482, 32, 319, '2024-01-23');
INSERT INTO PLAYLIST_SONGS (playlistsong_id, playlist_id, song_id, date_added) VALUES (483, 258, 292, '2023-02-24');
INSERT INTO PLAYLIST_SONGS (playlistsong_id, playlist_id, song_id, date_added) VALUES (484, 16, 564, '2023-07-25');
INSERT INTO PLAYLIST_SONGS (playlistsong_id, playlist_id, song_id, date_added) VALUES (485, 276, 337, '2023-10-20');
INSERT INTO PLAYLIST_SONGS (playlistsong_id, playlist_id, song_id, date_added) VALUES (486, 73, 253, '2024-01-01');
INSERT INTO PLAYLIST_SONGS (playlistsong_id, playlist_id, song_id, date_added) VALUES (487, 484, 388, '2023-10-24');
INSERT INTO PLAYLIST_SONGS (playlistsong_id, playlist_id, song_id, date_added) VALUES (488, 259, 859, '2023-02-28');
INSERT INTO PLAYLIST_SONGS (playlistsong_id, playlist_id, song_id, date_added) VALUES (489, 387, 404, '2023-11-29');
INSERT INTO PLAYLIST_SONGS (playlistsong_id, playlist_id, song_id, date_added) VALUES (490, 1, 22, '2023-11-14');
INSERT INTO PLAYLIST_SONGS (playlistsong_id, playlist_id, song_id, date_added) VALUES (491, 342, 643, '2024-04-29');
INSERT INTO PLAYLIST_SONGS (playlistsong_id, playlist_id, song_id, date_added) VALUES (492, 81, 18, '2023-09-12');
INSERT INTO PLAYLIST_SONGS (playlistsong_id, playlist_id, song_id, date_added) VALUES (493, 299, 469, '2023-05-31');
INSERT INTO PLAYLIST_SONGS (playlistsong_id, playlist_id, song_id, date_added) VALUES (494, 86, 882, '2024-01-09');
INSERT INTO PLAYLIST_SONGS (playlistsong_id, playlist_id, song_id, date_added) VALUES (495, 187, 348, '2024-02-14');
INSERT INTO PLAYLIST_SONGS (playlistsong_id, playlist_id, song_id, date_added) VALUES (496, 230, 283, '2023-02-20');
INSERT INTO PLAYLIST_SONGS (playlistsong_id, playlist_id, song_id, date_added) VALUES (497, 299, 444, '2023-08-22');
INSERT INTO PLAYLIST_SONGS (playlistsong_id, playlist_id, song_id, date_added) VALUES (498, 9, 19, '2023-12-10');
INSERT INTO PLAYLIST_SONGS (playlistsong_id, playlist_id, song_id, date_added) VALUES (499, 287, 866, '2024-05-05');
INSERT INTO PLAYLIST_SONGS (playlistsong_id, playlist_id, song_id, date_added) VALUES (500, 289, 896, '2023-05-05');

-- PLAY_HISTORY Data --
INSERT INTO PLAY_HISTORY (play_id, user_id, song_id, playtime) VALUES (1, 36, 811, '2024-03-19 19:45:39');
INSERT INTO PLAY_HISTORY (play_id, user_id, song_id, playtime) VALUES (2, 82, 338, '2024-03-08 12:12:33');
INSERT INTO PLAY_HISTORY (play_id, user_id, song_id, playtime) VALUES (3, 14, 528, '2024-03-09 10:04:48');
INSERT INTO PLAY_HISTORY (play_id, user_id, song_id, playtime) VALUES (4, 17, 555, '2024-02-11 03:09:48');
INSERT INTO PLAY_HISTORY (play_id, user_id, song_id, playtime) VALUES (5, 58, 541, '2024-03-28 15:15:48');
INSERT INTO PLAY_HISTORY (play_id, user_id, song_id, playtime) VALUES (6, 37, 954, '2024-01-21 00:33:18');
INSERT INTO PLAY_HISTORY (play_id, user_id, song_id, playtime) VALUES (7, 34, 559, '2024-03-17 23:13:32');
INSERT INTO PLAY_HISTORY (play_id, user_id, song_id, playtime) VALUES (8, 41, 419, '2024-02-19 23:12:00');
INSERT INTO PLAY_HISTORY (play_id, user_id, song_id, playtime) VALUES (9, 74, 131, '2024-05-12 01:39:56');
INSERT INTO PLAY_HISTORY (play_id, user_id, song_id, playtime) VALUES (10, 92, 799, '2024-05-11 13:04:31');
INSERT INTO PLAY_HISTORY (play_id, user_id, song_id, playtime) VALUES (11, 11, 158, '2024-01-19 20:40:58');
INSERT INTO PLAY_HISTORY (play_id, user_id, song_id, playtime) VALUES (12, 86, 374, '2024-04-03 14:35:24');
INSERT INTO PLAY_HISTORY (play_id, user_id, song_id, playtime) VALUES (13, 60, 942, '2024-01-27 20:11:49');
INSERT INTO PLAY_HISTORY (play_id, user_id, song_id, playtime) VALUES (14, 75, 455, '2024-05-07 11:42:44');
INSERT INTO PLAY_HISTORY (play_id, user_id, song_id, playtime) VALUES (15, 71, 843, '2024-01-08 16:51:15');
INSERT INTO PLAY_HISTORY (play_id, user_id, song_id, playtime) VALUES (16, 39, 652, '2024-01-17 03:02:38');
INSERT INTO PLAY_HISTORY (play_id, user_id, song_id, playtime) VALUES (17, 54, 65, '2024-01-28 12:21:57');
INSERT INTO PLAY_HISTORY (play_id, user_id, song_id, playtime) VALUES (18, 46, 381, '2024-01-27 17:24:06');
INSERT INTO PLAY_HISTORY (play_id, user_id, song_id, playtime) VALUES (19, 36, 670, '2024-03-09 15:09:04');
INSERT INTO PLAY_HISTORY (play_id, user_id, song_id, playtime) VALUES (20, 9, 500, '2024-04-05 20:43:19');
INSERT INTO PLAY_HISTORY (play_id, user_id, song_id, playtime) VALUES (21, 14, 807, '2024-05-18 00:18:31');
INSERT INTO PLAY_HISTORY (play_id, user_id, song_id, playtime) VALUES (22, 82, 136, '2024-02-19 16:25:52');
INSERT INTO PLAY_HISTORY (play_id, user_id, song_id, playtime) VALUES (23, 5, 889, '2024-01-20 22:35:08');
INSERT INTO PLAY_HISTORY (play_id, user_id, song_id, playtime) VALUES (24, 47, 809, '2024-05-04 07:13:01');
INSERT INTO PLAY_HISTORY (play_id, user_id, song_id, playtime) VALUES (25, 5, 471, '2024-04-25 10:32:28');
INSERT INTO PLAY_HISTORY (play_id, user_id, song_id, playtime) VALUES (26, 59, 805, '2024-01-12 01:25:44');
INSERT INTO PLAY_HISTORY (play_id, user_id, song_id, playtime) VALUES (27, 96, 278, '2024-01-05 22:07:04');
INSERT INTO PLAY_HISTORY (play_id, user_id, song_id, playtime) VALUES (28, 87, 764, '2024-02-21 17:11:24');
INSERT INTO PLAY_HISTORY (play_id, user_id, song_id, playtime) VALUES (29, 83, 777, '2024-03-30 15:01:50');
INSERT INTO PLAY_HISTORY (play_id, user_id, song_id, playtime) VALUES (30, 67, 179, '2024-02-28 21:07:12');
INSERT INTO PLAY_HISTORY (play_id, user_id, song_id, playtime) VALUES (31, 74, 899, '2024-04-14 10:12:02');
INSERT INTO PLAY_HISTORY (play_id, user_id, song_id, playtime) VALUES (32, 57, 128, '2024-01-12 22:11:05');
INSERT INTO PLAY_HISTORY (play_id, user_id, song_id, playtime) VALUES (33, 39, 653, '2024-03-12 22:47:40');
INSERT INTO PLAY_HISTORY (play_id, user_id, song_id, playtime) VALUES (34, 58, 587, '2024-04-20 08:16:09');
INSERT INTO PLAY_HISTORY (play_id, user_id, song_id, playtime) VALUES (35, 83, 641, '2024-02-28 20:30:41');
INSERT INTO PLAY_HISTORY (play_id, user_id, song_id, playtime) VALUES (36, 57, 782, '2024-01-19 09:08:50');
INSERT INTO PLAY_HISTORY (play_id, user_id, song_id, playtime) VALUES (37, 7, 932, '2024-04-11 09:55:27');
INSERT INTO PLAY_HISTORY (play_id, user_id, song_id, playtime) VALUES (38, 69, 294, '2024-04-14 00:27:22');
INSERT INTO PLAY_HISTORY (play_id, user_id, song_id, playtime) VALUES (39, 86, 793, '2024-01-02 19:45:09');
INSERT INTO PLAY_HISTORY (play_id, user_id, song_id, playtime) VALUES (40, 90, 234, '2024-02-04 01:42:54');
INSERT INTO PLAY_HISTORY (play_id, user_id, song_id, playtime) VALUES (41, 63, 482, '2024-02-22 09:07:58');
INSERT INTO PLAY_HISTORY (play_id, user_id, song_id, playtime) VALUES (42, 34, 603, '2024-02-19 18:14:08');
INSERT INTO PLAY_HISTORY (play_id, user_id, song_id, playtime) VALUES (43, 18, 565, '2024-01-19 14:43:33');
INSERT INTO PLAY_HISTORY (play_id, user_id, song_id, playtime) VALUES (44, 45, 263, '2024-03-26 02:11:27');
INSERT INTO PLAY_HISTORY (play_id, user_id, song_id, playtime) VALUES (45, 30, 983, '2024-02-23 17:34:09');
INSERT INTO PLAY_HISTORY (play_id, user_id, song_id, playtime) VALUES (46, 72, 192, '2024-02-01 16:43:06');
INSERT INTO PLAY_HISTORY (play_id, user_id, song_id, playtime) VALUES (47, 23, 96, '2024-05-03 03:45:03');
INSERT INTO PLAY_HISTORY (play_id, user_id, song_id, playtime) VALUES (48, 57, 521, '2024-03-04 11:52:47');
INSERT INTO PLAY_HISTORY (play_id, user_id, song_id, playtime) VALUES (49, 36, 301, '2024-01-18 01:07:40');
INSERT INTO PLAY_HISTORY (play_id, user_id, song_id, playtime) VALUES (50, 17, 228, '2024-04-05 00:11:05');
INSERT INTO PLAY_HISTORY (play_id, user_id, song_id, playtime) VALUES (51, 84, 170, '2024-04-30 09:49:37');
INSERT INTO PLAY_HISTORY (play_id, user_id, song_id, playtime) VALUES (52, 95, 886, '2024-03-14 01:26:44');
INSERT INTO PLAY_HISTORY (play_id, user_id, song_id, playtime) VALUES (53, 9, 485, '2024-04-03 08:23:11');
INSERT INTO PLAY_HISTORY (play_id, user_id, song_id, playtime) VALUES (54, 31, 648, '2024-05-06 23:01:19');
INSERT INTO PLAY_HISTORY (play_id, user_id, song_id, playtime) VALUES (55, 55, 440, '2024-02-06 23:27:42');
INSERT INTO PLAY_HISTORY (play_id, user_id, song_id, playtime) VALUES (56, 69, 384, '2024-03-01 17:17:50');
INSERT INTO PLAY_HISTORY (play_id, user_id, song_id, playtime) VALUES (57, 71, 757, '2024-02-26 11:58:37');
INSERT INTO PLAY_HISTORY (play_id, user_id, song_id, playtime) VALUES (58, 68, 863, '2024-03-11 03:14:17');
INSERT INTO PLAY_HISTORY (play_id, user_id, song_id, playtime) VALUES (59, 87, 235, '2024-02-10 10:56:31');
INSERT INTO PLAY_HISTORY (play_id, user_id, song_id, playtime) VALUES (60, 83, 87, '2024-03-07 17:55:18');
INSERT INTO PLAY_HISTORY (play_id, user_id, song_id, playtime) VALUES (61, 55, 133, '2024-04-12 06:07:34');
INSERT INTO PLAY_HISTORY (play_id, user_id, song_id, playtime) VALUES (62, 55, 96, '2024-03-05 13:52:14');
INSERT INTO PLAY_HISTORY (play_id, user_id, song_id, playtime) VALUES (63, 76, 912, '2024-01-02 09:39:53');
INSERT INTO PLAY_HISTORY (play_id, user_id, song_id, playtime) VALUES (64, 99, 709, '2024-05-13 17:22:00');
INSERT INTO PLAY_HISTORY (play_id, user_id, song_id, playtime) VALUES (65, 68, 864, '2024-03-15 16:22:19');
INSERT INTO PLAY_HISTORY (play_id, user_id, song_id, playtime) VALUES (66, 8, 707, '2024-03-04 20:21:26');
INSERT INTO PLAY_HISTORY (play_id, user_id, song_id, playtime) VALUES (67, 77, 756, '2024-02-24 20:55:04');
INSERT INTO PLAY_HISTORY (play_id, user_id, song_id, playtime) VALUES (68, 99, 697, '2024-02-12 01:12:07');
INSERT INTO PLAY_HISTORY (play_id, user_id, song_id, playtime) VALUES (69, 66, 833, '2024-05-13 12:57:55');
INSERT INTO PLAY_HISTORY (play_id, user_id, song_id, playtime) VALUES (70, 19, 403, '2024-03-17 06:03:54');
INSERT INTO PLAY_HISTORY (play_id, user_id, song_id, playtime) VALUES (71, 62, 453, '2024-05-06 10:27:44');
INSERT INTO PLAY_HISTORY (play_id, user_id, song_id, playtime) VALUES (72, 5, 357, '2024-04-16 09:53:58');
INSERT INTO PLAY_HISTORY (play_id, user_id, song_id, playtime) VALUES (73, 71, 53, '2024-03-15 10:35:59');
INSERT INTO PLAY_HISTORY (play_id, user_id, song_id, playtime) VALUES (74, 61, 56, '2024-04-12 01:18:39');
INSERT INTO PLAY_HISTORY (play_id, user_id, song_id, playtime) VALUES (75, 98, 976, '2024-03-27 11:44:36');
INSERT INTO PLAY_HISTORY (play_id, user_id, song_id, playtime) VALUES (76, 41, 660, '2024-03-22 08:55:02');
INSERT INTO PLAY_HISTORY (play_id, user_id, song_id, playtime) VALUES (77, 62, 825, '2024-04-18 17:04:28');
INSERT INTO PLAY_HISTORY (play_id, user_id, song_id, playtime) VALUES (78, 75, 930, '2024-01-07 18:38:50');
INSERT INTO PLAY_HISTORY (play_id, user_id, song_id, playtime) VALUES (79, 72, 515, '2024-05-08 08:49:43');
INSERT INTO PLAY_HISTORY (play_id, user_id, song_id, playtime) VALUES (80, 30, 87, '2024-01-06 02:20:01');
INSERT INTO PLAY_HISTORY (play_id, user_id, song_id, playtime) VALUES (81, 43, 270, '2024-04-23 05:15:07');
INSERT INTO PLAY_HISTORY (play_id, user_id, song_id, playtime) VALUES (82, 88, 752, '2024-04-09 12:30:09');
INSERT INTO PLAY_HISTORY (play_id, user_id, song_id, playtime) VALUES (83, 32, 218, '2024-03-06 14:50:11');
INSERT INTO PLAY_HISTORY (play_id, user_id, song_id, playtime) VALUES (84, 90, 687, '2024-03-16 18:25:45');
INSERT INTO PLAY_HISTORY (play_id, user_id, song_id, playtime) VALUES (85, 15, 381, '2024-04-07 05:07:22');
INSERT INTO PLAY_HISTORY (play_id, user_id, song_id, playtime) VALUES (86, 31, 978, '2024-03-02 17:06:32');
INSERT INTO PLAY_HISTORY (play_id, user_id, song_id, playtime) VALUES (87, 55, 466, '2024-01-01 14:14:42');
INSERT INTO PLAY_HISTORY (play_id, user_id, song_id, playtime) VALUES (88, 37, 57, '2024-01-12 22:34:33');
INSERT INTO PLAY_HISTORY (play_id, user_id, song_id, playtime) VALUES (89, 66, 996, '2024-05-16 10:58:30');
INSERT INTO PLAY_HISTORY (play_id, user_id, song_id, playtime) VALUES (90, 23, 641, '2024-04-17 13:54:32');
INSERT INTO PLAY_HISTORY (play_id, user_id, song_id, playtime) VALUES (91, 56, 629, '2024-03-03 09:18:30');
INSERT INTO PLAY_HISTORY (play_id, user_id, song_id, playtime) VALUES (92, 56, 210, '2024-02-08 19:46:41');
INSERT INTO PLAY_HISTORY (play_id, user_id, song_id, playtime) VALUES (93, 51, 612, '2024-01-17 02:24:37');
INSERT INTO PLAY_HISTORY (play_id, user_id, song_id, playtime) VALUES (94, 97, 99, '2024-03-16 15:05:54');
INSERT INTO PLAY_HISTORY (play_id, user_id, song_id, playtime) VALUES (95, 56, 703, '2024-01-03 21:11:37');
INSERT INTO PLAY_HISTORY (play_id, user_id, song_id, playtime) VALUES (96, 63, 956, '2024-02-15 11:12:11');
INSERT INTO PLAY_HISTORY (play_id, user_id, song_id, playtime) VALUES (97, 82, 487, '2024-01-10 20:41:02');
INSERT INTO PLAY_HISTORY (play_id, user_id, song_id, playtime) VALUES (98, 85, 106, '2024-01-06 01:08:37');
INSERT INTO PLAY_HISTORY (play_id, user_id, song_id, playtime) VALUES (99, 99, 647, '2024-03-23 18:02:40');
INSERT INTO PLAY_HISTORY (play_id, user_id, song_id, playtime) VALUES (100, 18, 337, '2024-03-15 08:37:52');

SET FOREIGN_KEY_CHECKS = 1;
