-- SQL INSERT statements for Music Player Database
-- Generated by generate_data.php
-- Student Name: Eren Can Akyüz
-- Student ID: 20220702128

SET FOREIGN_KEY_CHECKS = 0;
TRUNCATE TABLE PLAY_HISTORY;
TRUNCATE TABLE PLAYLIST_SONGS;
TRUNCATE TABLE PLAYLISTS;
TRUNCATE TABLE SONGS;
TRUNCATE TABLE ALBUMS;
TRUNCATE TABLE ARTISTS;
TRUNCATE TABLE USERS;
TRUNCATE TABLE COUNTRY;
SET FOREIGN_KEY_CHECKS = 1;


-- COUNTRY Data --
INSERT INTO COUNTRY (country_id, country_name, country_code) VALUES (1, 'Türkiye', 'TR');
INSERT INTO COUNTRY (country_id, country_name, country_code) VALUES (2, 'USA', 'US');
INSERT INTO COUNTRY (country_id, country_name, country_code) VALUES (3, 'UK', 'GB');
INSERT INTO COUNTRY (country_id, country_name, country_code) VALUES (4, 'Canada', 'CA');
INSERT INTO COUNTRY (country_id, country_name, country_code) VALUES (5, 'Germany', 'DE');
INSERT INTO COUNTRY (country_id, country_name, country_code) VALUES (6, 'France', 'FR');
INSERT INTO COUNTRY (country_id, country_name, country_code) VALUES (7, 'Japan', 'JP');
INSERT INTO COUNTRY (country_id, country_name, country_code) VALUES (8, 'South Korea', 'KR');
INSERT INTO COUNTRY (country_id, country_name, country_code) VALUES (9, 'Australia', 'AU');
INSERT INTO COUNTRY (country_id, country_name, country_code) VALUES (10, 'Brazil', 'BR');
INSERT INTO COUNTRY (country_id, country_name, country_code) VALUES (11, 'India', 'IN');
INSERT INTO COUNTRY (country_id, country_name, country_code) VALUES (12, 'Spain', 'ES');
INSERT INTO COUNTRY (country_id, country_name, country_code) VALUES (13, 'Italy', 'IT');
INSERT INTO COUNTRY (country_id, country_name, country_code) VALUES (14, 'Mexico', 'MX');
INSERT INTO COUNTRY (country_id, country_name, country_code) VALUES (15, 'Sweden', 'SE');
INSERT INTO COUNTRY (country_id, country_name, country_code) VALUES (16, 'Norway', 'NO');
INSERT INTO COUNTRY (country_id, country_name, country_code) VALUES (17, 'Argentina', 'AR');
INSERT INTO COUNTRY (country_id, country_name, country_code) VALUES (18, 'Egypt', 'EG');
INSERT INTO COUNTRY (country_id, country_name, country_code) VALUES (19, 'China', 'CN');
INSERT INTO COUNTRY (country_id, country_name, country_code) VALUES (20, 'Russia', 'RU');

-- USERS Data --
INSERT INTO USERS (user_id, country_id, age, name, username, email, password, date_joined, last_login, follower_num, subscription_type, top_genre, num_songs_liked, most_played_artist, image) VALUES (1, 4, 33, 'Can Sefa', 'can', 'anefa1@example.com', '$2y$10$sI9wsM.2vDZT6gAofdycueTjuPhauKuAu2eI9HuTXecdBjED/ASd2', '2016-10-29', '2022-03-15', 837, 'Premium', 'Jazz', 28, 'Pinar Eda', 'https://picsum.photos/id/65/100/100');
INSERT INTO USERS (user_id, country_id, age, name, username, email, password, date_joined, last_login, follower_num, subscription_type, top_genre, num_songs_liked, most_played_artist, image) VALUES (2, 4, 55, 'Zeki Bahar', 'zeki', 'ekiahar2@example.com', '$2y$10$TTkInaW849L0lEBhqXkQ6OxkWrQYb5zXmWxpKfcG6SpXYcHy5yfpO', '2022-02-08', '2022-09-25', 71, 'Free', 'Alternative', 270, 'Utku Serkan', 'https://picsum.photos/id/54/100/100');
INSERT INTO USERS (user_id, country_id, age, name, username, email, password, date_joined, last_login, follower_num, subscription_type, top_genre, num_songs_liked, most_played_artist, image) VALUES (3, 16, 59, 'Doruk Deniz', 'doruk', 'orukeniz3@example.com', '$2y$10$yM2wriKyfD3cZUvLg76Dx.zOuJ1DklgPIZ9ZK.zf6UH5PQv7cSThS', '2021-02-25', '2021-09-19', 95, 'Free', 'Country', 228, 'Ömer Deniz', 'https://picsum.photos/id/11/100/100');
INSERT INTO USERS (user_id, country_id, age, name, username, email, password, date_joined, last_login, follower_num, subscription_type, top_genre, num_songs_liked, most_played_artist, image) VALUES (4, 12, 68, 'Utku Mert', 'utku', 'tkuert4@example.com', '$2y$10$wfEzM5ys8rJtIwJYAkW01eMy.srmZ5hui0JF8Nf1BUncTnbVVvxF6', '2017-01-15', '2023-12-21', 938, 'Premium', 'Country', 368, 'Utku Serkan', 'https://picsum.photos/id/83/100/100');
INSERT INTO USERS (user_id, country_id, age, name, username, email, password, date_joined, last_login, follower_num, subscription_type, top_genre, num_songs_liked, most_played_artist, image) VALUES (5, 19, 52, 'Irem Elif', 'irem', 'remlif5@example.com', '$2y$10$QsptAkxJ6t11vc3Zrpl2U.w.TTUNCUitMNBYqlC0QM9tTtXD.rRp6', '2019-12-02', '2021-03-12', 105, 'Premium', 'Pop', 492, 'Yasin Ayşen', 'https://picsum.photos/id/98/100/100');
INSERT INTO USERS (user_id, country_id, age, name, username, email, password, date_joined, last_login, follower_num, subscription_type, top_genre, num_songs_liked, most_played_artist, image) VALUES (6, 13, 25, 'Ömer Doruk', 'Ömer', 'meroruk6@example.com', '$2y$10$vMfJJeSU//XazkjZrphdmOgSZN0F8dexg9KY8ZdqgMUV22Oab6Bry', '2023-01-23', '2023-04-23', 338, 'Premium', 'Blues', 91, 'Yasin Pinar', 'https://picsum.photos/id/15/100/100');
INSERT INTO USERS (user_id, country_id, age, name, username, email, password, date_joined, last_login, follower_num, subscription_type, top_genre, num_songs_liked, most_played_artist, image) VALUES (7, 12, 45, 'Ayşen Pinar', 'ayşen', 'yeninar7@example.com', '$2y$10$ApuQmOilCD9kmCPltcOXye3LuCfLLXB7J16PykJvuHQ0AwiTJk5Ni', '2020-08-31', '2021-01-27', 327, 'Premium', 'Blues', 481, 'Elif Can', 'https://picsum.photos/id/76/100/100');
INSERT INTO USERS (user_id, country_id, age, name, username, email, password, date_joined, last_login, follower_num, subscription_type, top_genre, num_songs_liked, most_played_artist, image) VALUES (8, 20, 48, 'Vildan Umut', 'vildan', 'ildanmut8@example.com', '$2y$10$KpKQYmKsPZrDLD.9f8Y.f.PqZg3biAMFDEAokHFvRVCtzjgC54yju', '2015-08-23', '2024-04-25', 634, 'Premium', 'Alternative', 269, 'Elif Burak', 'https://picsum.photos/id/27/100/100');
INSERT INTO USERS (user_id, country_id, age, name, username, email, password, date_joined, last_login, follower_num, subscription_type, top_genre, num_songs_liked, most_played_artist, image) VALUES (9, 8, 26, 'Kerem Irem', 'kerem', 'eremrem9@example.com', '$2y$10$p1EEh4tDRUyoSDgFIV4dhe5aclzn3HXqbWO7CqHnwzRgLYev.R4Ky', '2023-05-31', '2023-07-07', 691, 'Free', 'Hip Hop', 307, 'Volkan Tuba', 'https://picsum.photos/id/28/100/100');
INSERT INTO USERS (user_id, country_id, age, name, username, email, password, date_joined, last_login, follower_num, subscription_type, top_genre, num_songs_liked, most_played_artist, image) VALUES (10, 13, 25, 'Sefa Nisa', 'sefa', 'efaisa10@example.com', '$2y$10$71du/MF8pMkoI4mIpqRQMerxzafhtRBCake/82AAcOX7Tr5kGpiXe', '2020-10-13', '2023-10-19', 191, 'Free', 'Country', 432, 'Utku Yeliz', 'https://picsum.photos/id/80/100/100');
INSERT INTO USERS (user_id, country_id, age, name, username, email, password, date_joined, last_login, follower_num, subscription_type, top_genre, num_songs_liked, most_played_artist, image) VALUES (11, 4, 32, 'Okan Ceren', 'okan', 'kaneren11@example.com', '$2y$10$qd/15ei6o8gcwESykpLVX.cicmLRlnF.aeigfHLZwbcI0omt45.da', '2011-07-01', '2021-01-31', 214, 'Premium', 'Jazz', 122, 'Gizem Vildan', 'https://picsum.photos/id/32/100/100');
INSERT INTO USERS (user_id, country_id, age, name, username, email, password, date_joined, last_login, follower_num, subscription_type, top_genre, num_songs_liked, most_played_artist, image) VALUES (12, 15, 23, 'Umut Sefa', 'umut', 'mutefa12@example.com', '$2y$10$GVKWDSk8tb557t4BEY1GVOstvcK03oVy4XUuB2MV1Aq1pab2bPq4m', '2012-02-21', '2019-05-19', 823, 'Premium', 'Electronic', 329, 'Murat Yeliz', 'https://picsum.photos/id/53/100/100');
INSERT INTO USERS (user_id, country_id, age, name, username, email, password, date_joined, last_login, follower_num, subscription_type, top_genre, num_songs_liked, most_played_artist, image) VALUES (13, 5, 40, 'Elif Kerem', 'elif', 'liferem13@example.com', '$2y$10$6vwtSIKKWwGCTzJis4C4weiY.2KyC0P/0vKLUAEyXoLSi8Uubpaz2', '2022-03-23', '2022-04-14', 137, 'Premium', 'R&B', 81, 'Kaan Yeliz', 'https://picsum.photos/id/40/100/100');
INSERT INTO USERS (user_id, country_id, age, name, username, email, password, date_joined, last_login, follower_num, subscription_type, top_genre, num_songs_liked, most_played_artist, image) VALUES (14, 15, 25, 'Tugçe Rüya', 'tugçe', 'ugeya14@example.com', '$2y$10$VEuy7dUt4i4DeR.BRY.6mulUlgnsMvlldiIhN7bFL.ZZDJfoIjvbK', '2018-05-16', '2020-02-01', 423, 'Free', 'Folk', 428, 'Ömer Emre', 'https://picsum.photos/id/100/100/100');
INSERT INTO USERS (user_id, country_id, age, name, username, email, password, date_joined, last_login, follower_num, subscription_type, top_genre, num_songs_liked, most_played_artist, image) VALUES (15, 7, 52, 'Koray Emre', 'koray', 'oraymre15@example.com', '$2y$10$j98.0v3aiT4DceURxQsV8OjebdAmWQwi/ex6Gh6wXHmB5U7mz9SJu', '2022-10-12', '2024-01-24', 154, 'Premium', 'Blues', 70, 'Gizem Senem', 'https://picsum.photos/id/48/100/100');
INSERT INTO USERS (user_id, country_id, age, name, username, email, password, date_joined, last_login, follower_num, subscription_type, top_genre, num_songs_liked, most_played_artist, image) VALUES (16, 5, 29, 'Vildan Eda', 'vildan1', 'ildanda16@example.com', '$2y$10$iovcJ30kEVgVbRxrHrKB6uwfXLZlrQ5u/7aeXK10bGXYRBMGF0BDu', '2022-11-09', '2024-04-29', 463, 'Free', 'Blues', 265, 'Eda Ayşen', 'https://picsum.photos/id/90/100/100');
INSERT INTO USERS (user_id, country_id, age, name, username, email, password, date_joined, last_login, follower_num, subscription_type, top_genre, num_songs_liked, most_played_artist, image) VALUES (17, 2, 57, 'Serkan Yağmur', 'serkan', 'erkanamur17@example.com', '$2y$10$2ho1SQsF4P4G88nZyAEgEeAr4.mXJU1PcXbUO.55BERysMlG0wNZy', '2013-04-21', '2015-05-05', 292, 'Premium', 'Pop', 217, 'Eda Onur', 'https://picsum.photos/id/99/100/100');
INSERT INTO USERS (user_id, country_id, age, name, username, email, password, date_joined, last_login, follower_num, subscription_type, top_genre, num_songs_liked, most_played_artist, image) VALUES (18, 3, 18, 'Emre Eda', 'emre', 'mreda18@example.com', '$2y$10$xwDIath62h78oBK4BuaoSO4WzF6AzlQPLPo5Qs50pErCtPTjKHRQq', '2011-05-05', '2019-10-11', 722, 'Premium', 'Metal', 495, 'Elif Burak', 'https://picsum.photos/id/71/100/100');
INSERT INTO USERS (user_id, country_id, age, name, username, email, password, date_joined, last_login, follower_num, subscription_type, top_genre, num_songs_liked, most_played_artist, image) VALUES (19, 12, 69, 'Eda Umut', 'eda', 'damut19@example.com', '$2y$10$lvUvXP60Sxwg3HGwLiV4zuElpLP2vld3UeRdfDYD8SY5sjxx/1Jja', '2015-09-25', '2020-10-17', 173, 'Premium', 'Jazz', 456, 'Elif Vildan', 'https://picsum.photos/id/86/100/100');
INSERT INTO USERS (user_id, country_id, age, name, username, email, password, date_joined, last_login, follower_num, subscription_type, top_genre, num_songs_liked, most_played_artist, image) VALUES (20, 19, 64, 'Volkan Doruk', 'volkan', 'olkanoruk20@example.com', '$2y$10$ut00xXmLgU52RvscUXwIt.a6E8ezrSeJcw9jt..UUxVG.gGVemH4K', '2022-11-02', '2023-04-05', 16, 'Free', 'Classical', 267, 'Yağmur Can', 'https://picsum.photos/id/100/100/100');
INSERT INTO USERS (user_id, country_id, age, name, username, email, password, date_joined, last_login, follower_num, subscription_type, top_genre, num_songs_liked, most_played_artist, image) VALUES (21, 11, 38, 'Kaan Ayşen', 'kaan', 'aanyen21@example.com', '$2y$10$ZG769pZW4pbauj5hiHePPuMN549UMmAmJ0G3lpHRCIEcNdwFqqSi.', '2013-11-09', '2016-05-01', 696, 'Premium', 'Blues', 270, 'Pelin Zeki', 'https://picsum.photos/id/94/100/100');
INSERT INTO USERS (user_id, country_id, age, name, username, email, password, date_joined, last_login, follower_num, subscription_type, top_genre, num_songs_liked, most_played_artist, image) VALUES (22, 15, 67, 'Volkan Yasin', 'volkan1', 'olkanasin22@example.com', '$2y$10$7agv4/X/mrlN2bAGABYU9.ljh4rX8PmtoKzGlHdLJWrqisdv/Sp2C', '2022-08-15', '2023-11-24', 527, 'Free', 'Classical', 379, 'Kerem Kerem', 'https://picsum.photos/id/94/100/100');
INSERT INTO USERS (user_id, country_id, age, name, username, email, password, date_joined, last_login, follower_num, subscription_type, top_genre, num_songs_liked, most_played_artist, image) VALUES (23, 5, 66, 'Can Gizem', 'can1', 'anizem23@example.com', '$2y$10$KASGDFAGksD6d7vwvvbWMOc0oEYPhV/ruaVfLRMlNSLaOgoc3af8O', '2020-05-28', '2024-02-09', 42, 'Premium', 'Folk', 367, 'Utku Yeliz', 'https://picsum.photos/id/60/100/100');
INSERT INTO USERS (user_id, country_id, age, name, username, email, password, date_joined, last_login, follower_num, subscription_type, top_genre, num_songs_liked, most_played_artist, image) VALUES (24, 5, 19, 'Yeliz Irem', 'yeliz', 'elizrem24@example.com', '$2y$10$ESmbbh1hUYH6iMflkcxWPuMOGkpeAXl8lOo3d5MByL4FZevEj0fh.', '2018-08-07', '2024-03-09', 635, 'Premium', 'Alternative', 147, 'Burak Koray', 'https://picsum.photos/id/84/100/100');
INSERT INTO USERS (user_id, country_id, age, name, username, email, password, date_joined, last_login, follower_num, subscription_type, top_genre, num_songs_liked, most_played_artist, image) VALUES (25, 6, 49, 'Eda Bahar', 'eda1', 'daahar25@example.com', '$2y$10$lpxm/JUzVRRVx2BS9GfMKuRNV8x3rAspnmrW5iJQ4SyA9uYM2n8zC', '2023-07-23', '2024-04-15', 400, 'Free', 'Blues', 279, 'Eda Ayşen', 'https://picsum.photos/id/41/100/100');
INSERT INTO USERS (user_id, country_id, age, name, username, email, password, date_joined, last_login, follower_num, subscription_type, top_genre, num_songs_liked, most_played_artist, image) VALUES (26, 12, 23, 'Deniz Elif', 'deniz', 'enizlif26@example.com', '$2y$10$pzkcc3QdLG3U198Fup4fluLYNGiTF0zEP6zzx3qKn8SFYGQL5dWAS', '2018-09-20', '2021-07-20', 123, 'Free', 'Country', 386, 'Deniz Volkan', 'https://picsum.photos/id/15/100/100');
INSERT INTO USERS (user_id, country_id, age, name, username, email, password, date_joined, last_login, follower_num, subscription_type, top_genre, num_songs_liked, most_played_artist, image) VALUES (27, 6, 46, 'Yeliz Merve', 'yeliz1', 'elizerve27@example.com', '$2y$10$Yh6eCGKmMs7EquQBoOqjXuznr301usrZ7KMoWyznJe3akcsW2piMC', '2020-10-18', '2023-01-22', 619, 'Free', 'Blues', 246, 'Lale Pelin', 'https://picsum.photos/id/74/100/100');
INSERT INTO USERS (user_id, country_id, age, name, username, email, password, date_joined, last_login, follower_num, subscription_type, top_genre, num_songs_liked, most_played_artist, image) VALUES (28, 7, 32, 'Elif Gizem', 'elif1', 'lifizem28@example.com', '$2y$10$ZjbKd2ILUG1RbO3BPin2mefdZwh0mHr8cITLBnQPIJ9MRmUZBq0FC', '2012-09-25', '2013-11-20', 76, 'Free', 'Country', 194, 'Can Elif', 'https://picsum.photos/id/2/100/100');
INSERT INTO USERS (user_id, country_id, age, name, username, email, password, date_joined, last_login, follower_num, subscription_type, top_genre, num_songs_liked, most_played_artist, image) VALUES (29, 10, 33, 'Kerem Zeki', 'kerem1', 'eremeki29@example.com', '$2y$10$Leit9n7WprPkiJzwtEv74uF3sHazRMQy4QfH8H3t5NOcJu1oAExtK', '2018-05-19', '2020-09-30', 167, 'Premium', 'Blues', 69, 'Yasin Pinar', 'https://picsum.photos/id/28/100/100');
INSERT INTO USERS (user_id, country_id, age, name, username, email, password, date_joined, last_login, follower_num, subscription_type, top_genre, num_songs_liked, most_played_artist, image) VALUES (30, 6, 24, 'Rüya Merve', 'rüya', 'yaerve30@example.com', '$2y$10$IFrZsFo3lJnT1lQvuf/ceO74NV7A85V.I1oKjH0PAbgceuMUyeHXO', '2017-09-29', '2024-01-20', 931, 'Free', 'Indie', 67, 'Burak Koray', 'https://picsum.photos/id/52/100/100');
INSERT INTO USERS (user_id, country_id, age, name, username, email, password, date_joined, last_login, follower_num, subscription_type, top_genre, num_songs_liked, most_played_artist, image) VALUES (31, 6, 42, 'Yeliz Okan', 'yeliz2', 'elizkan31@example.com', '$2y$10$p5.zMD/3fOkLsICsBn0wb.Yv7wD10ut8nSLcMSedytACl1vzwfiDe', '2016-05-25', '2019-03-22', 243, 'Free', 'Jazz', 496, 'Burak Koray', 'https://picsum.photos/id/86/100/100');
INSERT INTO USERS (user_id, country_id, age, name, username, email, password, date_joined, last_login, follower_num, subscription_type, top_genre, num_songs_liked, most_played_artist, image) VALUES (32, 8, 61, 'Doruk Bahar', 'doruk1', 'orukahar32@example.com', '$2y$10$je5.OwOac0dyYbfBMrrpv.t2jvG/ArJY3y6kTf3M8oHkOeXFEuaMa', '2022-05-17', '2023-12-23', 618, 'Premium', 'Classical', 329, 'Burak Pinar', 'https://picsum.photos/id/7/100/100');
INSERT INTO USERS (user_id, country_id, age, name, username, email, password, date_joined, last_login, follower_num, subscription_type, top_genre, num_songs_liked, most_played_artist, image) VALUES (33, 6, 53, 'Nisa Serkan', 'nisa', 'isaerkan33@example.com', '$2y$10$0smRMBj8/4KjJC4DpZStg.JsWY.QJK8eP5rtMlcLPUL/HZeHOH7YK', '2016-04-26', '2023-12-27', 760, 'Free', 'Metal', 233, 'Yeliz Yeliz', 'https://picsum.photos/id/65/100/100');
INSERT INTO USERS (user_id, country_id, age, name, username, email, password, date_joined, last_login, follower_num, subscription_type, top_genre, num_songs_liked, most_played_artist, image) VALUES (34, 19, 67, 'Yasin Kerem', 'yasin', 'asinerem34@example.com', '$2y$10$o4ws4MuKAv5vJacH30vzMOlRI2jJQ41R5j6JuW.CW1dnj3nZ03ebm', '2019-02-25', '2023-09-29', 523, 'Premium', 'Classical', 473, 'Yağmur Lale', 'https://picsum.photos/id/79/100/100');
INSERT INTO USERS (user_id, country_id, age, name, username, email, password, date_joined, last_login, follower_num, subscription_type, top_genre, num_songs_liked, most_played_artist, image) VALUES (35, 2, 50, 'Emre Zeynep', 'emre1', 'mreeynep35@example.com', '$2y$10$hAA6T5Pv0phP8bQu69pdnOm3YxbYP9e26TXuDpxsVu5pGSYGxPqYu', '2015-05-16', '2017-04-09', 423, 'Free', 'Country', 296, 'Yasin Ayşen', 'https://picsum.photos/id/64/100/100');
INSERT INTO USERS (user_id, country_id, age, name, username, email, password, date_joined, last_login, follower_num, subscription_type, top_genre, num_songs_liked, most_played_artist, image) VALUES (36, 15, 28, 'Ayşen Yeliz', 'ayşen1', 'yeneliz36@example.com', '$2y$10$QAy1xvm41Jxv9ITRLB/XHOh.TvFuyRjEDRTHhCjFvXT7vlWdC/vpG', '2023-01-21', '2023-11-15', 994, 'Free', 'R&B', 500, 'Senem Koray', 'https://picsum.photos/id/82/100/100');
INSERT INTO USERS (user_id, country_id, age, name, username, email, password, date_joined, last_login, follower_num, subscription_type, top_genre, num_songs_liked, most_played_artist, image) VALUES (37, 12, 59, 'Can Yeliz', 'can2', 'aneliz37@example.com', '$2y$10$QxTZZASEikBf0Gc4sS.4R.AOmqjNMOOMi138yGd/IjBlnIsJuqSSO', '2020-12-15', '2024-01-03', 835, 'Free', 'Metal', 220, 'Elif Can', 'https://picsum.photos/id/92/100/100');
INSERT INTO USERS (user_id, country_id, age, name, username, email, password, date_joined, last_login, follower_num, subscription_type, top_genre, num_songs_liked, most_played_artist, image) VALUES (38, 4, 24, 'Yeliz Tugçe', 'yeliz3', 'elizuge38@example.com', '$2y$10$x2Z4Y3z0mfrCQIqMtPL8NuK9PZFCL0eEfDcsk1QOGuvFGiRA2tfCK', '2022-09-03', '2024-05-18', 380, 'Free', 'Country', 283, 'Pinar Volkan', 'https://picsum.photos/id/98/100/100');
INSERT INTO USERS (user_id, country_id, age, name, username, email, password, date_joined, last_login, follower_num, subscription_type, top_genre, num_songs_liked, most_played_artist, image) VALUES (39, 16, 29, 'Rüya Can', 'rüya1', 'yaan39@example.com', '$2y$10$LP20fGW4LuwPk51hcqOOGORwt52xQYn6HFoAoMKyzymY3OxwJnfOe', '2017-04-04', '2022-08-15', 865, 'Free', 'Hip Hop', 251, 'Doruk Mert', 'https://picsum.photos/id/65/100/100');
INSERT INTO USERS (user_id, country_id, age, name, username, email, password, date_joined, last_login, follower_num, subscription_type, top_genre, num_songs_liked, most_played_artist, image) VALUES (40, 14, 36, 'Senem Tuba', 'senem', 'enemuba40@example.com', '$2y$10$6.WZY7XhNWjOuokWzRNm9.CQft7WLONZBBhAZGEdE9QZcyci3e3RO', '2013-10-23', '2022-11-09', 694, 'Free', 'Jazz', 304, 'Nisa Pinar', 'https://picsum.photos/id/82/100/100');
INSERT INTO USERS (user_id, country_id, age, name, username, email, password, date_joined, last_login, follower_num, subscription_type, top_genre, num_songs_liked, most_played_artist, image) VALUES (41, 11, 59, 'Yasin Zeynep', 'yasin1', 'asineynep41@example.com', '$2y$10$kH59lttX2Ud/Te8FR5ZwdOfQKBo9lKE/ZfHmSiQXCF0Y90g6vLlI6', '2015-03-21', '2019-09-18', 452, 'Free', 'Dance', 98, 'Senem Koray', 'https://picsum.photos/id/61/100/100');
INSERT INTO USERS (user_id, country_id, age, name, username, email, password, date_joined, last_login, follower_num, subscription_type, top_genre, num_songs_liked, most_played_artist, image) VALUES (42, 10, 41, 'Burak Gizem', 'burak', 'urakizem42@example.com', '$2y$10$ScJgSLLlw40T1xl77417EOuIHHfKUAmYAxpCZAPbj17Zq9SJBeoj.', '2015-09-12', '2019-08-26', 583, 'Premium', 'Country', 259, 'Gizem Vildan', 'https://picsum.photos/id/51/100/100');
INSERT INTO USERS (user_id, country_id, age, name, username, email, password, date_joined, last_login, follower_num, subscription_type, top_genre, num_songs_liked, most_played_artist, image) VALUES (43, 15, 45, 'Nisa Senem', 'nisa1', 'isaenem43@example.com', '$2y$10$jGeiEOTyaYARe0a0KggzXe71FDmJIR0/HRTLNGnjHkdCVQGvIIA5q', '2012-09-03', '2020-03-06', 436, 'Free', 'Reggae', 215, 'Irem Burak', 'https://picsum.photos/id/71/100/100');
INSERT INTO USERS (user_id, country_id, age, name, username, email, password, date_joined, last_login, follower_num, subscription_type, top_genre, num_songs_liked, most_played_artist, image) VALUES (44, 3, 61, 'Serkan Ceren', 'serkan1', 'erkaneren44@example.com', '$2y$10$YBjDU5pdYkiQraKa6y.jK.aGJSwmO4/usbrHREiGPaR0cLVL27SwO', '2019-09-30', '2022-07-07', 842, 'Premium', 'R&B', 203, 'Eda Onur', 'https://picsum.photos/id/47/100/100');
INSERT INTO USERS (user_id, country_id, age, name, username, email, password, date_joined, last_login, follower_num, subscription_type, top_genre, num_songs_liked, most_played_artist, image) VALUES (45, 14, 42, 'Murat Vildan', 'murat', 'uratildan45@example.com', '$2y$10$Vi4nxCIvWS6LgHV.mYlzuuw49OpYkCe0/u44WoBhcU1uKo28YEsVS', '2014-01-27', '2023-09-08', 712, 'Premium', 'Metal', 435, 'Utku Yeliz', 'https://picsum.photos/id/51/100/100');
INSERT INTO USERS (user_id, country_id, age, name, username, email, password, date_joined, last_login, follower_num, subscription_type, top_genre, num_songs_liked, most_played_artist, image) VALUES (46, 14, 28, 'Pinar Sefa', 'pinar', 'inarefa46@example.com', '$2y$10$xwNg8WTsPPLEizVG6WER9.nPoKQLf.KkSO8VKoVtkIMnrh7jYmIgy', '2023-03-29', '2023-10-11', 235, 'Premium', 'Classical', 52, 'Eda Ayşen', 'https://picsum.photos/id/14/100/100');
INSERT INTO USERS (user_id, country_id, age, name, username, email, password, date_joined, last_login, follower_num, subscription_type, top_genre, num_songs_liked, most_played_artist, image) VALUES (47, 7, 32, 'Ayşen Kaan', 'ayşen2', 'yenaan47@example.com', '$2y$10$iVoFHUGrBlzb3ySbhqUOBegax6SLFfuJQYMdcL4qjmPxu3fIlgmSe', '2021-08-19', '2023-03-29', 208, 'Premium', 'R&B', 95, 'Pelin Ömer', 'https://picsum.photos/id/18/100/100');
INSERT INTO USERS (user_id, country_id, age, name, username, email, password, date_joined, last_login, follower_num, subscription_type, top_genre, num_songs_liked, most_played_artist, image) VALUES (48, 6, 19, 'Umut Mert', 'umut1', 'mutert48@example.com', '$2y$10$i4f6OnBIVi86G54sG1XWRuf1EqUFU6LnfnrPysEA4FvycxolmPET2', '2014-08-20', '2019-12-28', 789, 'Free', 'Folk', 393, 'Lale Irem', 'https://picsum.photos/id/65/100/100');
INSERT INTO USERS (user_id, country_id, age, name, username, email, password, date_joined, last_login, follower_num, subscription_type, top_genre, num_songs_liked, most_played_artist, image) VALUES (49, 14, 62, 'Merve Zeki', 'merve', 'erveeki49@example.com', '$2y$10$z05l.Z1uWPHXGNc5zyMDzOD5jXBYAJw34BbA6.0gVXzb7gBz.rPBO', '2012-10-29', '2018-02-19', 545, 'Free', 'Indie', 98, 'Emre Elif', 'https://picsum.photos/id/73/100/100');
INSERT INTO USERS (user_id, country_id, age, name, username, email, password, date_joined, last_login, follower_num, subscription_type, top_genre, num_songs_liked, most_played_artist, image) VALUES (50, 13, 58, 'Yasin Ayşen', 'yasin2', 'asinyen50@example.com', '$2y$10$rgyaopZwFdS.wMaY9NWtcu0Hi/S1PPHvG..7zZmjUr5PQyBCE/fRa', '2014-08-13', '2021-08-25', 986, 'Free', 'R&B', 157, 'Utku Yeliz', 'https://picsum.photos/id/25/100/100');
INSERT INTO USERS (user_id, country_id, age, name, username, email, password, date_joined, last_login, follower_num, subscription_type, top_genre, num_songs_liked, most_played_artist, image) VALUES (51, 7, 27, 'Mert Lale', 'mert', 'ertale51@example.com', '$2y$10$QKRGm7OWQXxWUW1qIB2Lz.fSSflN5CeE8LhX6VEkb.SJL4cPFd6Mu', '2012-11-17', '2021-03-24', 563, 'Premium', 'Alternative', 289, 'Gizem Pelin', 'https://picsum.photos/id/65/100/100');
INSERT INTO USERS (user_id, country_id, age, name, username, email, password, date_joined, last_login, follower_num, subscription_type, top_genre, num_songs_liked, most_played_artist, image) VALUES (52, 11, 25, 'Sefa Pinar', 'sefa1', 'efainar52@example.com', '$2y$10$3LY.1dAEdPRzUGQ3Z02M4.8pwBXb2lSijFZDOeVuPB4w0DSFQaBAy', '2019-09-19', '2021-03-11', 931, 'Free', 'Dance', 320, 'Eda Onur', 'https://picsum.photos/id/69/100/100');
INSERT INTO USERS (user_id, country_id, age, name, username, email, password, date_joined, last_login, follower_num, subscription_type, top_genre, num_songs_liked, most_played_artist, image) VALUES (53, 3, 67, 'Gizem Nisa', 'gizem', 'izemisa53@example.com', '$2y$10$Z4XgVzjCUcujTq8k1FoQ4e/H8U6T3hWQIIOxyWEH/RH7tjuYE7hwi', '2019-01-24', '2022-07-26', 455, 'Free', 'Reggae', 334, 'Kaan Yasin', 'https://picsum.photos/id/1/100/100');
INSERT INTO USERS (user_id, country_id, age, name, username, email, password, date_joined, last_login, follower_num, subscription_type, top_genre, num_songs_liked, most_played_artist, image) VALUES (54, 18, 29, 'Eda Ceren', 'eda2', 'daeren54@example.com', '$2y$10$B8jQborhr2RW4GtB3dAY.e6aSJBBkzRjd6d2Lv525MA36vmK5KyiW', '2019-03-13', '2019-11-07', 542, 'Free', 'R&B', 205, 'Yağmur Tugçe', 'https://picsum.photos/id/87/100/100');
INSERT INTO USERS (user_id, country_id, age, name, username, email, password, date_joined, last_login, follower_num, subscription_type, top_genre, num_songs_liked, most_played_artist, image) VALUES (55, 18, 52, 'Nisa Irem', 'nisa2', 'isarem55@example.com', '$2y$10$GdycVWprTvxpQY5vWjcMDeoFJggIPRtBZGDKO2aM2NSRx/./o1Uo6', '2015-09-08', '2020-08-06', 695, 'Premium', 'Jazz', 102, 'Kaan Umut', 'https://picsum.photos/id/25/100/100');
INSERT INTO USERS (user_id, country_id, age, name, username, email, password, date_joined, last_login, follower_num, subscription_type, top_genre, num_songs_liked, most_played_artist, image) VALUES (56, 9, 66, 'Utku Elif', 'utku1', 'tkulif56@example.com', '$2y$10$rIb.P1J.b2dy1dQEaduX0OcXYDSJQwv3jYdbg8xMG3aMFuiWIPj/K', '2010-05-14', '2023-11-26', 670, 'Premium', 'Dance', 269, 'Yağmur Lale', 'https://picsum.photos/id/26/100/100');
INSERT INTO USERS (user_id, country_id, age, name, username, email, password, date_joined, last_login, follower_num, subscription_type, top_genre, num_songs_liked, most_played_artist, image) VALUES (57, 13, 43, 'Volkan Emre', 'volkan2', 'olkanmre57@example.com', '$2y$10$6H6bCt62IImo4lqP4ao6WuX2QxfL3e2B.ehQmxpg.6xxKOLLI5/M.', '2016-11-20', '2018-02-23', 967, 'Free', 'Electronic', 54, 'Tugçe Pinar', 'https://picsum.photos/id/36/100/100');
INSERT INTO USERS (user_id, country_id, age, name, username, email, password, date_joined, last_login, follower_num, subscription_type, top_genre, num_songs_liked, most_played_artist, image) VALUES (58, 20, 58, 'Emre Lale', 'emre2', 'mreale58@example.com', '$2y$10$fuDo8yw9jEcJdcF9IGA5t.nIvZ/GDTxsOZXNP7xJoM2MIdFngFthG', '2010-01-20', '2020-08-24', 416, 'Premium', 'Jazz', 217, 'Gizem Senem', 'https://picsum.photos/id/3/100/100');
INSERT INTO USERS (user_id, country_id, age, name, username, email, password, date_joined, last_login, follower_num, subscription_type, top_genre, num_songs_liked, most_played_artist, image) VALUES (59, 11, 25, 'Mert Merve', 'mert1', 'erterve59@example.com', '$2y$10$DhAv9nR3kewpLMyENE0fuehe.eQZrPt8SrdTZ2a.Ohh04mq4O/RMm', '2018-07-20', '2022-07-01', 116, 'Premium', 'Dance', 24, 'Gizem Senem', 'https://picsum.photos/id/84/100/100');
INSERT INTO USERS (user_id, country_id, age, name, username, email, password, date_joined, last_login, follower_num, subscription_type, top_genre, num_songs_liked, most_played_artist, image) VALUES (60, 5, 47, 'Ayşen Tuba', 'ayşen3', 'yenuba60@example.com', '$2y$10$wwWCACAxls0ZuZxsUODmDebtWMRlfUrjqVbpmn2EIOiA6S3eRC9Y6', '2017-05-26', '2024-02-28', 991, 'Premium', 'Alternative', 225, 'Volkan Burak', 'https://picsum.photos/id/2/100/100');
INSERT INTO USERS (user_id, country_id, age, name, username, email, password, date_joined, last_login, follower_num, subscription_type, top_genre, num_songs_liked, most_played_artist, image) VALUES (61, 11, 39, 'Onur Okan', 'onur', 'nurkan61@example.com', '$2y$10$1YdyThyfmO1GTj1J0mYZmuEB.ZYRKnl4IN.jksnZottEJRymRT5wK', '2022-04-27', '2023-12-28', 861, 'Free', 'R&B', 6, 'Pinar Kerem', 'https://picsum.photos/id/38/100/100');
INSERT INTO USERS (user_id, country_id, age, name, username, email, password, date_joined, last_login, follower_num, subscription_type, top_genre, num_songs_liked, most_played_artist, image) VALUES (62, 16, 31, 'Okan Merve', 'okan1', 'kanerve62@example.com', '$2y$10$1LNZ4cc1hbYAm6D0MHKzHu1iU7.20qogPMaPdJKr4JaGGLZOrJKm2', '2014-12-19', '2018-12-24', 797, 'Free', 'Dance', 232, 'Burak Koray', 'https://picsum.photos/id/12/100/100');
INSERT INTO USERS (user_id, country_id, age, name, username, email, password, date_joined, last_login, follower_num, subscription_type, top_genre, num_songs_liked, most_played_artist, image) VALUES (63, 1, 54, 'Ayşen Pinar', 'ayşen4', 'yeninar63@example.com', '$2y$10$ptPKHGsDYqZnxm/1GY4Do.6r0U.yfyC/yQ.ZJMXbX1qv8CpbZi5Ui', '2022-04-20', '2024-04-17', 624, 'Premium', 'Alternative', 294, 'Kaan Umut', 'https://picsum.photos/id/64/100/100');
INSERT INTO USERS (user_id, country_id, age, name, username, email, password, date_joined, last_login, follower_num, subscription_type, top_genre, num_songs_liked, most_played_artist, image) VALUES (64, 14, 19, 'Eda Pelin', 'eda3', 'daelin64@example.com', '$2y$10$g8aPRCcQ76Ju3GvuDUl1qOTkaVSOUrahdSoucK0mqtVt7pFoMbTIa', '2023-04-07', '2023-06-11', 830, 'Free', 'Country', 242, 'Lale Umut', 'https://picsum.photos/id/12/100/100');
INSERT INTO USERS (user_id, country_id, age, name, username, email, password, date_joined, last_login, follower_num, subscription_type, top_genre, num_songs_liked, most_played_artist, image) VALUES (65, 8, 34, 'Onur Utku', 'onur1', 'nurtku65@example.com', '$2y$10$3ADm5gNd.IWYgMl/OEakZuyi6tzHOiGHvNeO402azkl9G3UF8qmdy', '2011-02-01', '2016-09-28', 593, 'Free', 'Hip Hop', 13, 'Nisa Ömer', 'https://picsum.photos/id/29/100/100');
INSERT INTO USERS (user_id, country_id, age, name, username, email, password, date_joined, last_login, follower_num, subscription_type, top_genre, num_songs_liked, most_played_artist, image) VALUES (66, 16, 61, 'Pinar Emre', 'pinar1', 'inarmre66@example.com', '$2y$10$tNKtiEZZEQIe2Q.XvjAeAucJ5TVVEdMSpl9Wr6v6u2oW3Jh3E0CHC', '2016-07-14', '2017-06-01', 243, 'Free', 'Blues', 190, 'Murat Yeliz', 'https://picsum.photos/id/96/100/100');
INSERT INTO USERS (user_id, country_id, age, name, username, email, password, date_joined, last_login, follower_num, subscription_type, top_genre, num_songs_liked, most_played_artist, image) VALUES (67, 14, 43, 'Umut Volkan', 'umut2', 'mutolkan67@example.com', '$2y$10$e3.hW9S8hqn3jKhFis4mqesQL07zbqXd0g7fzLe0uOgCfGTZRclPy', '2021-12-26', '2023-03-05', 915, 'Free', 'Indie', 369, 'Gizem Vildan', 'https://picsum.photos/id/95/100/100');
INSERT INTO USERS (user_id, country_id, age, name, username, email, password, date_joined, last_login, follower_num, subscription_type, top_genre, num_songs_liked, most_played_artist, image) VALUES (68, 8, 62, 'Yeliz Yağmur', 'yeliz4', 'elizamur68@example.com', '$2y$10$tyM6DBoqgEA2Xu1W4wP/6.8KiLFWbZDGHcRQVuuFi53CBYncxzcKe', '2017-08-16', '2018-01-25', 640, 'Free', 'Classical', 162, 'Yağmur Ayşen', 'https://picsum.photos/id/89/100/100');
INSERT INTO USERS (user_id, country_id, age, name, username, email, password, date_joined, last_login, follower_num, subscription_type, top_genre, num_songs_liked, most_played_artist, image) VALUES (69, 17, 41, 'Ceren Rüya', 'ceren', 'erenya69@example.com', '$2y$10$i8N.fntjQYf6sWhBZZh7zeR5iMcQ2dNk5ZpQMW3yHj8kYSApqleje', '2021-03-22', '2023-12-06', 790, 'Free', 'Reggae', 413, 'Yağmur Lale', 'https://picsum.photos/id/7/100/100');
INSERT INTO USERS (user_id, country_id, age, name, username, email, password, date_joined, last_login, follower_num, subscription_type, top_genre, num_songs_liked, most_played_artist, image) VALUES (70, 1, 45, 'Zeki Merve', 'zeki1', 'ekierve70@example.com', '$2y$10$9sTxUh1ZpZNfRKUJfUYdoOLfwIuEXhl6Ge.gwART8YorqAHlK1LJe', '2018-05-17', '2021-04-14', 972, 'Free', 'Hip Hop', 351, 'Pinar Eda', 'https://picsum.photos/id/7/100/100');
INSERT INTO USERS (user_id, country_id, age, name, username, email, password, date_joined, last_login, follower_num, subscription_type, top_genre, num_songs_liked, most_played_artist, image) VALUES (71, 14, 38, 'Yeliz Kaan', 'yeliz5', 'elizaan71@example.com', '$2y$10$T.jNHXocRiJvvTtadjPExukk6Nvq5O/OTCNQ6qHpInHXqmSsLW9se', '2013-02-03', '2017-05-05', 637, 'Premium', 'Hip Hop', 419, 'Eda Onur', 'https://picsum.photos/id/90/100/100');
INSERT INTO USERS (user_id, country_id, age, name, username, email, password, date_joined, last_login, follower_num, subscription_type, top_genre, num_songs_liked, most_played_artist, image) VALUES (72, 14, 55, 'Serkan Emre', 'serkan2', 'erkanmre72@example.com', '$2y$10$bwD3LO6l05ZTbp6rUcEdMuTJLSXfLqQ0fUhuWuumNQzUsqK4UJHRS', '2022-12-12', '2023-05-20', 601, 'Premium', 'Reggae', 312, 'Kaan Yeliz', 'https://picsum.photos/id/27/100/100');
INSERT INTO USERS (user_id, country_id, age, name, username, email, password, date_joined, last_login, follower_num, subscription_type, top_genre, num_songs_liked, most_played_artist, image) VALUES (73, 19, 37, 'Mert Pinar', 'mert2', 'ertinar73@example.com', '$2y$10$ZKxQIkz26G7j.HQlkh5eAeYzv6UK5JSehKQqJhwbYYo6lMU1iVymW', '2014-09-17', '2019-01-04', 638, 'Free', 'Pop', 221, 'Zeynep Elif', 'https://picsum.photos/id/7/100/100');
INSERT INTO USERS (user_id, country_id, age, name, username, email, password, date_joined, last_login, follower_num, subscription_type, top_genre, num_songs_liked, most_played_artist, image) VALUES (74, 12, 56, 'Kaan Burak', 'kaan1', 'aanurak74@example.com', '$2y$10$fS6a8llK04iYjdBDeFXahu./OW5/lLfKyHKysZ84p/LwjXM6Przkq', '2014-05-19', '2023-11-24', 570, 'Premium', 'Classical', 396, 'Zeki Bahar', 'https://picsum.photos/id/82/100/100');
INSERT INTO USERS (user_id, country_id, age, name, username, email, password, date_joined, last_login, follower_num, subscription_type, top_genre, num_songs_liked, most_played_artist, image) VALUES (75, 17, 65, 'Pelin Okan', 'pelin', 'elinkan75@example.com', '$2y$10$de65ECLcIS08jxnUj7BDC..azSP1WPwEhEicMcy2vkZ/gLDpAE9P.', '2019-10-03', '2021-03-28', 210, 'Premium', 'Pop', 145, 'Sefa Mert', 'https://picsum.photos/id/47/100/100');
INSERT INTO USERS (user_id, country_id, age, name, username, email, password, date_joined, last_login, follower_num, subscription_type, top_genre, num_songs_liked, most_played_artist, image) VALUES (76, 20, 64, 'Okan Nisa', 'okan2', 'kanisa76@example.com', '$2y$10$PHOINyL62VezR0vTdRZFjuQFPGh8vuHNKHnuFULYKZ05.ZEaPCXL6', '2018-04-28', '2023-08-11', 324, 'Premium', 'Blues', 153, 'Can Elif', 'https://picsum.photos/id/54/100/100');
INSERT INTO USERS (user_id, country_id, age, name, username, email, password, date_joined, last_login, follower_num, subscription_type, top_genre, num_songs_liked, most_played_artist, image) VALUES (77, 10, 57, 'Nisa Emre', 'nisa3', 'isamre77@example.com', '$2y$10$0DwQYiecVai33KDX8PsmyeG5jt0.6BXn7kU97dMY3CaOLr45rYemK', '2010-06-29', '2014-03-22', 723, 'Free', 'Electronic', 255, 'Emre Elif', 'https://picsum.photos/id/31/100/100');
INSERT INTO USERS (user_id, country_id, age, name, username, email, password, date_joined, last_login, follower_num, subscription_type, top_genre, num_songs_liked, most_played_artist, image) VALUES (78, 6, 54, 'Zeynep Ömer', 'zeynep', 'eynepmer78@example.com', '$2y$10$m4q4daBsW.0DCvXSmnfUgOR9/XHuepCw5wh3PkCWmFVOAwevF.ChG', '2013-06-02', '2021-04-04', 239, 'Free', 'Jazz', 129, 'Ömer Nisa', 'https://picsum.photos/id/26/100/100');
INSERT INTO USERS (user_id, country_id, age, name, username, email, password, date_joined, last_login, follower_num, subscription_type, top_genre, num_songs_liked, most_played_artist, image) VALUES (79, 17, 48, 'Zeki Doruk', 'zeki2', 'ekioruk79@example.com', '$2y$10$1Y2VuSLqhxPG.kSdkqVHsOyWQYxDW.0CcZVuLxLUBQg/ZyoST.xd2', '2022-10-01', '2023-07-08', 619, 'Premium', 'Indie', 477, 'Burak Pinar', 'https://picsum.photos/id/60/100/100');
INSERT INTO USERS (user_id, country_id, age, name, username, email, password, date_joined, last_login, follower_num, subscription_type, top_genre, num_songs_liked, most_played_artist, image) VALUES (80, 20, 25, 'Sefa Bahar', 'sefa2', 'efaahar80@example.com', '$2y$10$qEQftWEV36sqFYsr6n1k8OBW74IsF7XrW5Am2vxjrdKSaB6O5OuBq', '2018-06-13', '2020-09-08', 304, 'Free', 'Reggae', 281, 'Sefa Mert', 'https://picsum.photos/id/94/100/100');
INSERT INTO USERS (user_id, country_id, age, name, username, email, password, date_joined, last_login, follower_num, subscription_type, top_genre, num_songs_liked, most_played_artist, image) VALUES (81, 11, 26, 'Utku Yeliz', 'utku2', 'tkueliz81@example.com', '$2y$10$G/13FiD6SaPzHcrl284Ho.JM353UhJaoUElfgEm2HHiKBQqLKRbTG', '2015-02-11', '2024-03-02', 190, 'Premium', 'Hip Hop', 299, 'Merve Doruk', 'https://picsum.photos/id/62/100/100');
INSERT INTO USERS (user_id, country_id, age, name, username, email, password, date_joined, last_login, follower_num, subscription_type, top_genre, num_songs_liked, most_played_artist, image) VALUES (82, 17, 57, 'Nisa Lale', 'nisa4', 'isaale82@example.com', '$2y$10$6e8o8WlNJbzIQwJ9rcmNl.zaoX9CClhqhryOdYplhcM.uQsHGlyFq', '2014-09-01', '2016-02-26', 455, 'Premium', 'Classical', 472, 'Kaan Yeliz', 'https://picsum.photos/id/43/100/100');
INSERT INTO USERS (user_id, country_id, age, name, username, email, password, date_joined, last_login, follower_num, subscription_type, top_genre, num_songs_liked, most_played_artist, image) VALUES (83, 15, 45, 'Yağmur Lale', 'yağmur', 'amurale83@example.com', '$2y$10$2AQ8s91ZbMQ.lUuxpsJIueq3liqjDRAOStrnU/3voi2z7M6dpaB2W', '2012-04-13', '2012-11-25', 80, 'Premium', 'Jazz', 294, 'Yağmur Tugçe', 'https://picsum.photos/id/36/100/100');
INSERT INTO USERS (user_id, country_id, age, name, username, email, password, date_joined, last_login, follower_num, subscription_type, top_genre, num_songs_liked, most_played_artist, image) VALUES (84, 4, 23, 'Elif Zeki', 'elif2', 'lifeki84@example.com', '$2y$10$1/gIsUkMk8f7/.KAA8/xKu4k/J1h40./woPFuDuIXPOO8ATV8O0Im', '2023-07-01', '2024-01-08', 23, 'Premium', 'Country', 453, 'Ömer Nisa', 'https://picsum.photos/id/58/100/100');
INSERT INTO USERS (user_id, country_id, age, name, username, email, password, date_joined, last_login, follower_num, subscription_type, top_genre, num_songs_liked, most_played_artist, image) VALUES (85, 19, 37, 'Eda Umut', 'eda4', 'damut85@example.com', '$2y$10$VbhhO4YkmfwBTtPC9PsXE.PF2PLIg7iS8TNvWHbqa7YEqKHfKpuVa', '2021-03-22', '2022-03-01', 135, 'Premium', 'Blues', 337, 'Onur Serkan', 'https://picsum.photos/id/32/100/100');
INSERT INTO USERS (user_id, country_id, age, name, username, email, password, date_joined, last_login, follower_num, subscription_type, top_genre, num_songs_liked, most_played_artist, image) VALUES (86, 2, 58, 'Senem Pelin', 'senem1', 'enemelin86@example.com', '$2y$10$R9hU9n8HiK.wfyzKxmFp/O2MKloD6p2Iwif0nQA9/qh8WodmJ/MkG', '2013-12-12', '2015-01-17', 345, 'Free', 'Alternative', 426, 'Merve Doruk', 'https://picsum.photos/id/77/100/100');
INSERT INTO USERS (user_id, country_id, age, name, username, email, password, date_joined, last_login, follower_num, subscription_type, top_genre, num_songs_liked, most_played_artist, image) VALUES (87, 7, 27, 'Yağmur Umut', 'yağmur1', 'amurmut87@example.com', '$2y$10$XF0xdJcPhy42Tpxl0yehkuoFE1aGO9tJnc6Rlx07cZR1wmLTg0Cie', '2022-08-26', '2022-09-23', 210, 'Premium', 'Hip Hop', 463, 'Rüya Sefa', 'https://picsum.photos/id/88/100/100');
INSERT INTO USERS (user_id, country_id, age, name, username, email, password, date_joined, last_login, follower_num, subscription_type, top_genre, num_songs_liked, most_played_artist, image) VALUES (88, 2, 53, 'Rüya Ayşen', 'rüya2', 'yayen88@example.com', '$2y$10$NOH47hZ7Meqy4QUGfoHEkuz7vBqOkNNriwQp71/VLn5xy.5J5jk6e', '2013-07-23', '2019-07-23', 654, 'Free', 'Blues', 262, 'Yağmur Tugçe', 'https://picsum.photos/id/52/100/100');
INSERT INTO USERS (user_id, country_id, age, name, username, email, password, date_joined, last_login, follower_num, subscription_type, top_genre, num_songs_liked, most_played_artist, image) VALUES (89, 6, 23, 'Sefa Zeynep', 'sefa3', 'efaeynep89@example.com', '$2y$10$VnjMV1B1zXPsmtCD6PM6fuHaIlBomS0.8tep.4OxDjKLAf3SdU8z6', '2020-10-05', '2024-03-04', 570, 'Premium', 'Metal', 167, 'Utku Ayşen', 'https://picsum.photos/id/29/100/100');
INSERT INTO USERS (user_id, country_id, age, name, username, email, password, date_joined, last_login, follower_num, subscription_type, top_genre, num_songs_liked, most_played_artist, image) VALUES (90, 12, 50, 'Elif Utku', 'elif3', 'liftku90@example.com', '$2y$10$kjz52jTEg5rM9cHDUHHVAOducHiZni3Z5vb2efrbCpA7sLVcfQ/qS', '2016-01-09', '2022-01-27', 351, 'Premium', 'Pop', 170, 'Emre Elif', 'https://picsum.photos/id/77/100/100');
INSERT INTO USERS (user_id, country_id, age, name, username, email, password, date_joined, last_login, follower_num, subscription_type, top_genre, num_songs_liked, most_played_artist, image) VALUES (91, 20, 42, 'Elif Elif', 'elif4', 'liflif91@example.com', '$2y$10$TOkfl5ERAwf2fc79ykGOW.cFnosUPRMEkfdhGyxnEfuWi8XLkLCLq', '2021-08-08', '2023-10-04', 188, 'Premium', 'Dance', 381, 'Elif Burak', 'https://picsum.photos/id/39/100/100');
INSERT INTO USERS (user_id, country_id, age, name, username, email, password, date_joined, last_login, follower_num, subscription_type, top_genre, num_songs_liked, most_played_artist, image) VALUES (92, 4, 18, 'Ayşen Ayşen', 'ayşen5', 'yenyen92@example.com', '$2y$10$grGAFjafPupOAMU6xCgbye/gHEB8zCBc7Ah9JPatycviF1Ei6Dxde', '2015-05-05', '2019-06-21', 386, 'Free', 'Reggae', 294, 'Kerem Onur', 'https://picsum.photos/id/49/100/100');
INSERT INTO USERS (user_id, country_id, age, name, username, email, password, date_joined, last_login, follower_num, subscription_type, top_genre, num_songs_liked, most_played_artist, image) VALUES (93, 17, 61, 'Burak Zeki', 'burak1', 'urakeki93@example.com', '$2y$10$R/er.xoNHDtFYBWkalvSOOHLoY6OKQqmZA9sFfsPZ5wD5iwV6DkGu', '2020-01-05', '2023-01-17', 575, 'Premium', 'Blues', 262, 'Burak Murat', 'https://picsum.photos/id/100/100/100');
INSERT INTO USERS (user_id, country_id, age, name, username, email, password, date_joined, last_login, follower_num, subscription_type, top_genre, num_songs_liked, most_played_artist, image) VALUES (94, 1, 28, 'Burak Elif', 'burak2', 'uraklif94@example.com', '$2y$10$LlM4irOVSzgxo/XbTuFlgOWBGRCtZmKEt8DensaBkArGXYjdkxb8C', '2013-08-30', '2020-04-28', 311, 'Free', 'Folk', 71, 'Elif Vildan', 'https://picsum.photos/id/79/100/100');
INSERT INTO USERS (user_id, country_id, age, name, username, email, password, date_joined, last_login, follower_num, subscription_type, top_genre, num_songs_liked, most_played_artist, image) VALUES (95, 14, 70, 'Mert Mert', 'mert3', 'ertert95@example.com', '$2y$10$uq5Bar6UV.7emLEv0rg2te7XICjXcD7.LhpcbPEHtkWGASABv.qLy', '2020-10-03', '2021-07-04', 632, 'Free', 'Rock', 127, 'Sefa Mert', 'https://picsum.photos/id/28/100/100');
INSERT INTO USERS (user_id, country_id, age, name, username, email, password, date_joined, last_login, follower_num, subscription_type, top_genre, num_songs_liked, most_played_artist, image) VALUES (96, 10, 22, 'Ayşen Yağmur', 'ayşen6', 'yenamur96@example.com', '$2y$10$Zzs8/xhUWwp8WSUZsl0TduzKZbbj7LZmGXBm19RgB3ARtn1RLdT86', '2015-01-27', '2023-09-10', 950, 'Premium', 'Folk', 467, 'Rüya Sefa', 'https://picsum.photos/id/100/100/100');
INSERT INTO USERS (user_id, country_id, age, name, username, email, password, date_joined, last_login, follower_num, subscription_type, top_genre, num_songs_liked, most_played_artist, image) VALUES (97, 20, 35, 'Tuba Zeynep', 'tuba', 'ubaeynep97@example.com', '$2y$10$SKqw1mVfLWWJ7uhqzBTGr.xNw6ZTP5ZKXEOHmhvh77K3grxV2BgWW', '2014-07-18', '2015-04-21', 985, 'Free', 'Classical', 53, 'Yağmur Ayşen', 'https://picsum.photos/id/88/100/100');
INSERT INTO USERS (user_id, country_id, age, name, username, email, password, date_joined, last_login, follower_num, subscription_type, top_genre, num_songs_liked, most_played_artist, image) VALUES (98, 7, 55, 'Doruk Tuba', 'doruk2', 'orukuba98@example.com', '$2y$10$.rsEu.c9VY0FMW6cMZIoaO4jKQ8s/SZKJPGmtEprKmeP21n3J7jr.', '2019-01-22', '2022-09-25', 158, 'Free', 'Hip Hop', 53, 'Senem Murat', 'https://picsum.photos/id/28/100/100');
INSERT INTO USERS (user_id, country_id, age, name, username, email, password, date_joined, last_login, follower_num, subscription_type, top_genre, num_songs_liked, most_played_artist, image) VALUES (99, 3, 20, 'Yasin Can', 'yasin3', 'asinan99@example.com', '$2y$10$OfbL5fNgUOJyiX7.woZVQeF0/i0BnppYNWvpDdXGCDPyX4oxY8ReS', '2017-07-24', '2022-10-18', 265, 'Premium', 'Alternative', 98, 'Serkan Ömer', 'https://picsum.photos/id/73/100/100');
INSERT INTO USERS (user_id, country_id, age, name, username, email, password, date_joined, last_login, follower_num, subscription_type, top_genre, num_songs_liked, most_played_artist, image) VALUES (100, 11, 53, 'Murat Umut', 'murat1', 'uratmut100@example.com', '$2y$10$QhIyyuO6zSastHK2fywAs.u8SUrF312taLVo3bVeV.pfsY3ZEfLwG', '2023-05-12', '2023-07-04', 703, 'Premium', 'Metal', 441, 'Volkan Burak', 'https://picsum.photos/id/8/100/100');

-- ARTISTS Data --
INSERT INTO ARTISTS (artist_id, name, genre, date_joined, total_num_music, total_albums, listeners, bio, country_id, image) VALUES (1, 'Yağmur Lale', 'Hip Hop', '2011-11-25', 54, 2, 5845031, 'A passionate artist creating Hip Hop music.', 17, 'https://picsum.photos/id/157/150/150');
INSERT INTO ARTISTS (artist_id, name, genre, date_joined, total_num_music, total_albums, listeners, bio, country_id, image) VALUES (2, 'Deniz Rüya', 'Electronic', '2007-04-05', 84, 2, 9959609, 'A passionate artist creating Electronic music.', 4, 'https://picsum.photos/id/163/150/150');
INSERT INTO ARTISTS (artist_id, name, genre, date_joined, total_num_music, total_albums, listeners, bio, country_id, image) VALUES (3, 'Yağmur Ayşen', 'Indie', '2014-04-04', 124, 9, 8727688, 'A passionate artist creating Indie music.', 7, 'https://picsum.photos/id/106/150/150');
INSERT INTO ARTISTS (artist_id, name, genre, date_joined, total_num_music, total_albums, listeners, bio, country_id, image) VALUES (4, 'Kaan Zeki', 'Pop', '2013-11-02', 86, 6, 4862183, 'A passionate artist creating Pop music.', 14, 'https://picsum.photos/id/171/150/150');
INSERT INTO ARTISTS (artist_id, name, genre, date_joined, total_num_music, total_albums, listeners, bio, country_id, image) VALUES (5, 'Pinar Nisa', 'R&B', '2019-06-20', 197, 1, 6273703, 'A passionate artist creating R&B music.', 9, 'https://picsum.photos/id/170/150/150');
INSERT INTO ARTISTS (artist_id, name, genre, date_joined, total_num_music, total_albums, listeners, bio, country_id, image) VALUES (6, 'Zeynep Elif', 'Dance', '2005-10-28', 58, 11, 4201000, 'A passionate artist creating Dance music.', 19, 'https://picsum.photos/id/175/150/150');
INSERT INTO ARTISTS (artist_id, name, genre, date_joined, total_num_music, total_albums, listeners, bio, country_id, image) VALUES (7, 'Yeliz Yasin', 'Reggae', '2008-08-16', 51, 1, 7026556, 'A passionate artist creating Reggae music.', 6, 'https://picsum.photos/id/145/150/150');
INSERT INTO ARTISTS (artist_id, name, genre, date_joined, total_num_music, total_albums, listeners, bio, country_id, image) VALUES (8, 'Yeliz Merve', 'Jazz', '2017-12-12', 47, 1, 6500672, 'A passionate artist creating Jazz music.', 20, 'https://picsum.photos/id/159/150/150');
INSERT INTO ARTISTS (artist_id, name, genre, date_joined, total_num_music, total_albums, listeners, bio, country_id, image) VALUES (9, 'Eda Onur', 'Blues', '2021-02-17', 156, 9, 1312185, 'A passionate artist creating Blues music.', 9, 'https://picsum.photos/id/128/150/150');
INSERT INTO ARTISTS (artist_id, name, genre, date_joined, total_num_music, total_albums, listeners, bio, country_id, image) VALUES (10, 'Bahar Doruk', 'Dance', '2012-12-02', 190, 7, 7512961, 'A passionate artist creating Dance music.', 18, 'https://picsum.photos/id/190/150/150');
INSERT INTO ARTISTS (artist_id, name, genre, date_joined, total_num_music, total_albums, listeners, bio, country_id, image) VALUES (11, 'Deniz Rüya 1', 'Metal', '2020-08-20', 180, 4, 2093706, 'A passionate artist creating Metal music.', 13, 'https://picsum.photos/id/134/150/150');
INSERT INTO ARTISTS (artist_id, name, genre, date_joined, total_num_music, total_albums, listeners, bio, country_id, image) VALUES (12, 'Utku Yeliz', 'Classical', '2022-03-01', 198, 15, 5778915, 'A passionate artist creating Classical music.', 17, 'https://picsum.photos/id/118/150/150');
INSERT INTO ARTISTS (artist_id, name, genre, date_joined, total_num_music, total_albums, listeners, bio, country_id, image) VALUES (13, 'Zeki Bahar', 'Pop', '2014-05-07', 118, 6, 5884989, 'A passionate artist creating Pop music.', 19, 'https://picsum.photos/id/163/150/150');
INSERT INTO ARTISTS (artist_id, name, genre, date_joined, total_num_music, total_albums, listeners, bio, country_id, image) VALUES (14, 'Doruk Mert', 'Pop', '2014-05-17', 181, 5, 9436034, 'A passionate artist creating Pop music.', 19, 'https://picsum.photos/id/152/150/150');
INSERT INTO ARTISTS (artist_id, name, genre, date_joined, total_num_music, total_albums, listeners, bio, country_id, image) VALUES (15, 'Lale Irem', 'Pop', '2019-04-13', 188, 5, 3577872, 'A passionate artist creating Pop music.', 3, 'https://picsum.photos/id/107/150/150');
INSERT INTO ARTISTS (artist_id, name, genre, date_joined, total_num_music, total_albums, listeners, bio, country_id, image) VALUES (16, 'Rüya Sefa', 'R&B', '2008-02-26', 192, 15, 5659310, 'A passionate artist creating R&B music.', 12, 'https://picsum.photos/id/127/150/150');
INSERT INTO ARTISTS (artist_id, name, genre, date_joined, total_num_music, total_albums, listeners, bio, country_id, image) VALUES (17, 'Tuba Volkan', 'Metal', '2010-02-04', 171, 9, 9160347, 'A passionate artist creating Metal music.', 7, 'https://picsum.photos/id/196/150/150');
INSERT INTO ARTISTS (artist_id, name, genre, date_joined, total_num_music, total_albums, listeners, bio, country_id, image) VALUES (18, 'Burak Koray', 'Jazz', '2017-02-18', 135, 14, 6105855, 'A passionate artist creating Jazz music.', 3, 'https://picsum.photos/id/141/150/150');
INSERT INTO ARTISTS (artist_id, name, genre, date_joined, total_num_music, total_albums, listeners, bio, country_id, image) VALUES (19, 'Pelin Yağmur', 'Indie', '2011-05-28', 38, 5, 7034506, 'A passionate artist creating Indie music.', 10, 'https://picsum.photos/id/152/150/150');
INSERT INTO ARTISTS (artist_id, name, genre, date_joined, total_num_music, total_albums, listeners, bio, country_id, image) VALUES (20, 'Yağmur Pinar', 'Alternative', '2009-08-08', 51, 15, 5818685, 'A passionate artist creating Alternative music.', 17, 'https://picsum.photos/id/151/150/150');
INSERT INTO ARTISTS (artist_id, name, genre, date_joined, total_num_music, total_albums, listeners, bio, country_id, image) VALUES (21, 'Bahar Tuba', 'Classical', '2009-03-07', 126, 13, 9953744, 'A passionate artist creating Classical music.', 14, 'https://picsum.photos/id/145/150/150');
INSERT INTO ARTISTS (artist_id, name, genre, date_joined, total_num_music, total_albums, listeners, bio, country_id, image) VALUES (22, 'Yasin Pinar', 'Dance', '2020-05-25', 22, 7, 690270, 'A passionate artist creating Dance music.', 18, 'https://picsum.photos/id/182/150/150');
INSERT INTO ARTISTS (artist_id, name, genre, date_joined, total_num_music, total_albums, listeners, bio, country_id, image) VALUES (23, 'Deniz Volkan', 'Jazz', '2005-03-14', 13, 3, 8458564, 'A passionate artist creating Jazz music.', 2, 'https://picsum.photos/id/185/150/150');
INSERT INTO ARTISTS (artist_id, name, genre, date_joined, total_num_music, total_albums, listeners, bio, country_id, image) VALUES (24, 'Kaan Yasin', 'Indie', '2020-10-02', 120, 2, 2315660, 'A passionate artist creating Indie music.', 7, 'https://picsum.photos/id/189/150/150');
INSERT INTO ARTISTS (artist_id, name, genre, date_joined, total_num_music, total_albums, listeners, bio, country_id, image) VALUES (25, 'Pinar Volkan', 'Jazz', '2019-12-20', 187, 4, 4112332, 'A passionate artist creating Jazz music.', 14, 'https://picsum.photos/id/184/150/150');
INSERT INTO ARTISTS (artist_id, name, genre, date_joined, total_num_music, total_albums, listeners, bio, country_id, image) VALUES (26, 'Ömer Deniz', 'Folk', '2016-07-01', 12, 5, 8518719, 'A passionate artist creating Folk music.', 14, 'https://picsum.photos/id/188/150/150');
INSERT INTO ARTISTS (artist_id, name, genre, date_joined, total_num_music, total_albums, listeners, bio, country_id, image) VALUES (27, 'Zeki Bahar 1', 'Alternative', '2022-06-07', 106, 5, 6018223, 'A passionate artist creating Alternative music.', 9, 'https://picsum.photos/id/151/150/150');
INSERT INTO ARTISTS (artist_id, name, genre, date_joined, total_num_music, total_albums, listeners, bio, country_id, image) VALUES (28, 'Doruk Gizem', 'Country', '2011-04-03', 38, 13, 9078090, 'A passionate artist creating Country music.', 1, 'https://picsum.photos/id/123/150/150');
INSERT INTO ARTISTS (artist_id, name, genre, date_joined, total_num_music, total_albums, listeners, bio, country_id, image) VALUES (29, 'Eda Onur 1', 'R&B', '2006-12-01', 96, 8, 2660171, 'A passionate artist creating R&B music.', 14, 'https://picsum.photos/id/190/150/150');
INSERT INTO ARTISTS (artist_id, name, genre, date_joined, total_num_music, total_albums, listeners, bio, country_id, image) VALUES (30, 'Gizem Senem', 'Hip Hop', '2012-12-15', 138, 9, 3254069, 'A passionate artist creating Hip Hop music.', 13, 'https://picsum.photos/id/159/150/150');
INSERT INTO ARTISTS (artist_id, name, genre, date_joined, total_num_music, total_albums, listeners, bio, country_id, image) VALUES (31, 'Doruk Gizem 1', 'Classical', '2010-10-04', 105, 14, 3447782, 'A passionate artist creating Classical music.', 5, 'https://picsum.photos/id/185/150/150');
INSERT INTO ARTISTS (artist_id, name, genre, date_joined, total_num_music, total_albums, listeners, bio, country_id, image) VALUES (32, 'Burak Murat', 'Indie', '2015-06-08', 153, 15, 6405996, 'A passionate artist creating Indie music.', 17, 'https://picsum.photos/id/180/150/150');
INSERT INTO ARTISTS (artist_id, name, genre, date_joined, total_num_music, total_albums, listeners, bio, country_id, image) VALUES (33, 'Gizem Mert', 'Classical', '2011-02-05', 57, 1, 630007, 'A passionate artist creating Classical music.', 12, 'https://picsum.photos/id/153/150/150');
INSERT INTO ARTISTS (artist_id, name, genre, date_joined, total_num_music, total_albums, listeners, bio, country_id, image) VALUES (34, 'Gizem Senem 1', 'Alternative', '2017-07-22', 84, 15, 662702, 'A passionate artist creating Alternative music.', 14, 'https://picsum.photos/id/187/150/150');
INSERT INTO ARTISTS (artist_id, name, genre, date_joined, total_num_music, total_albums, listeners, bio, country_id, image) VALUES (35, 'Pinar Kerem', 'Electronic', '2018-12-16', 58, 7, 9276940, 'A passionate artist creating Electronic music.', 5, 'https://picsum.photos/id/116/150/150');
INSERT INTO ARTISTS (artist_id, name, genre, date_joined, total_num_music, total_albums, listeners, bio, country_id, image) VALUES (36, 'Yağmur Ayşen 1', 'Blues', '2007-02-01', 95, 9, 2605557, 'A passionate artist creating Blues music.', 7, 'https://picsum.photos/id/157/150/150');
INSERT INTO ARTISTS (artist_id, name, genre, date_joined, total_num_music, total_albums, listeners, bio, country_id, image) VALUES (37, 'Merve Kerem', 'Indie', '2016-08-06', 29, 11, 5914706, 'A passionate artist creating Indie music.', 20, 'https://picsum.photos/id/128/150/150');
INSERT INTO ARTISTS (artist_id, name, genre, date_joined, total_num_music, total_albums, listeners, bio, country_id, image) VALUES (38, 'Vildan Kerem', 'R&B', '2007-12-08', 71, 13, 5768284, 'A passionate artist creating R&B music.', 5, 'https://picsum.photos/id/107/150/150');
INSERT INTO ARTISTS (artist_id, name, genre, date_joined, total_num_music, total_albums, listeners, bio, country_id, image) VALUES (39, 'Pelin Sefa', 'Hip Hop', '2013-03-16', 14, 8, 8981790, 'A passionate artist creating Hip Hop music.', 10, 'https://picsum.photos/id/138/150/150');
INSERT INTO ARTISTS (artist_id, name, genre, date_joined, total_num_music, total_albums, listeners, bio, country_id, image) VALUES (40, 'Burak Pinar', 'Jazz', '2010-09-10', 27, 4, 8118524, 'A passionate artist creating Jazz music.', 16, 'https://picsum.photos/id/149/150/150');
INSERT INTO ARTISTS (artist_id, name, genre, date_joined, total_num_music, total_albums, listeners, bio, country_id, image) VALUES (41, 'Murat Merve', 'Metal', '2017-03-07', 22, 11, 3107203, 'A passionate artist creating Metal music.', 10, 'https://picsum.photos/id/107/150/150');
INSERT INTO ARTISTS (artist_id, name, genre, date_joined, total_num_music, total_albums, listeners, bio, country_id, image) VALUES (42, 'Nisa Ömer', 'R&B', '2022-06-08', 174, 12, 1104465, 'A passionate artist creating R&B music.', 4, 'https://picsum.photos/id/118/150/150');
INSERT INTO ARTISTS (artist_id, name, genre, date_joined, total_num_music, total_albums, listeners, bio, country_id, image) VALUES (43, 'Yağmur Pinar 1', 'Classical', '2019-11-09', 158, 10, 2978752, 'A passionate artist creating Classical music.', 5, 'https://picsum.photos/id/195/150/150');
INSERT INTO ARTISTS (artist_id, name, genre, date_joined, total_num_music, total_albums, listeners, bio, country_id, image) VALUES (44, 'Senem Murat', 'Blues', '2006-10-16', 191, 12, 9140512, 'A passionate artist creating Blues music.', 2, 'https://picsum.photos/id/131/150/150');
INSERT INTO ARTISTS (artist_id, name, genre, date_joined, total_num_music, total_albums, listeners, bio, country_id, image) VALUES (45, 'Tugçe Ayşen', 'Electronic', '2016-06-10', 123, 10, 7059584, 'A passionate artist creating Electronic music.', 13, 'https://picsum.photos/id/163/150/150');
INSERT INTO ARTISTS (artist_id, name, genre, date_joined, total_num_music, total_albums, listeners, bio, country_id, image) VALUES (46, 'Tugçe Ayşen 1', 'Classical', '2014-06-10', 54, 11, 8357555, 'A passionate artist creating Classical music.', 5, 'https://picsum.photos/id/171/150/150');
INSERT INTO ARTISTS (artist_id, name, genre, date_joined, total_num_music, total_albums, listeners, bio, country_id, image) VALUES (47, 'Kaan Yasin 1', 'Jazz', '2011-07-06', 62, 8, 4736903, 'A passionate artist creating Jazz music.', 13, 'https://picsum.photos/id/167/150/150');
INSERT INTO ARTISTS (artist_id, name, genre, date_joined, total_num_music, total_albums, listeners, bio, country_id, image) VALUES (48, 'Zeki Ceren', 'Hip Hop', '2015-12-23', 168, 6, 4438945, 'A passionate artist creating Hip Hop music.', 16, 'https://picsum.photos/id/125/150/150');
INSERT INTO ARTISTS (artist_id, name, genre, date_joined, total_num_music, total_albums, listeners, bio, country_id, image) VALUES (49, 'Yağmur Pinar 2', 'Pop', '2006-09-06', 107, 4, 6684443, 'A passionate artist creating Pop music.', 7, 'https://picsum.photos/id/167/150/150');
INSERT INTO ARTISTS (artist_id, name, genre, date_joined, total_num_music, total_albums, listeners, bio, country_id, image) VALUES (50, 'Tugçe Pinar', 'Pop', '2013-08-12', 12, 6, 35785, 'A passionate artist creating Pop music.', 3, 'https://picsum.photos/id/149/150/150');
INSERT INTO ARTISTS (artist_id, name, genre, date_joined, total_num_music, total_albums, listeners, bio, country_id, image) VALUES (51, 'Zeki Ceren 1', 'Alternative', '2005-01-28', 71, 4, 9902532, 'A passionate artist creating Alternative music.', 12, 'https://picsum.photos/id/197/150/150');
INSERT INTO ARTISTS (artist_id, name, genre, date_joined, total_num_music, total_albums, listeners, bio, country_id, image) VALUES (52, 'Merve Kerem 1', 'Jazz', '2007-04-16', 187, 15, 896219, 'A passionate artist creating Jazz music.', 11, 'https://picsum.photos/id/180/150/150');
INSERT INTO ARTISTS (artist_id, name, genre, date_joined, total_num_music, total_albums, listeners, bio, country_id, image) VALUES (53, 'Pinar Kerem 1', 'Blues', '2022-06-02', 186, 13, 7692663, 'A passionate artist creating Blues music.', 18, 'https://picsum.photos/id/167/150/150');
INSERT INTO ARTISTS (artist_id, name, genre, date_joined, total_num_music, total_albums, listeners, bio, country_id, image) VALUES (54, 'Pelin Mert', 'Folk', '2017-03-11', 43, 11, 5685964, 'A passionate artist creating Folk music.', 2, 'https://picsum.photos/id/118/150/150');
INSERT INTO ARTISTS (artist_id, name, genre, date_joined, total_num_music, total_albums, listeners, bio, country_id, image) VALUES (55, 'Onur Pelin', 'Metal', '2013-04-29', 101, 10, 1831771, 'A passionate artist creating Metal music.', 16, 'https://picsum.photos/id/192/150/150');
INSERT INTO ARTISTS (artist_id, name, genre, date_joined, total_num_music, total_albums, listeners, bio, country_id, image) VALUES (56, 'Zeynep Ceren', 'Dance', '2016-09-28', 139, 11, 9151358, 'A passionate artist creating Dance music.', 13, 'https://picsum.photos/id/178/150/150');
INSERT INTO ARTISTS (artist_id, name, genre, date_joined, total_num_music, total_albums, listeners, bio, country_id, image) VALUES (57, 'Burak Koray 1', 'R&B', '2007-11-25', 131, 5, 8287123, 'A passionate artist creating R&B music.', 14, 'https://picsum.photos/id/194/150/150');
INSERT INTO ARTISTS (artist_id, name, genre, date_joined, total_num_music, total_albums, listeners, bio, country_id, image) VALUES (58, 'Kerem Onur', 'Dance', '2007-07-11', 47, 8, 2854656, 'A passionate artist creating Dance music.', 9, 'https://picsum.photos/id/150/150/150');
INSERT INTO ARTISTS (artist_id, name, genre, date_joined, total_num_music, total_albums, listeners, bio, country_id, image) VALUES (59, 'Utku Zeynep', 'Jazz', '2020-10-24', 192, 4, 3199707, 'A passionate artist creating Jazz music.', 5, 'https://picsum.photos/id/155/150/150');
INSERT INTO ARTISTS (artist_id, name, genre, date_joined, total_num_music, total_albums, listeners, bio, country_id, image) VALUES (60, 'Vildan Kerem 1', 'Hip Hop', '2022-01-30', 15, 4, 4050198, 'A passionate artist creating Hip Hop music.', 10, 'https://picsum.photos/id/126/150/150');
INSERT INTO ARTISTS (artist_id, name, genre, date_joined, total_num_music, total_albums, listeners, bio, country_id, image) VALUES (61, 'Deniz Rüya 2', 'Classical', '2010-11-19', 23, 11, 491226, 'A passionate artist creating Classical music.', 2, 'https://picsum.photos/id/192/150/150');
INSERT INTO ARTISTS (artist_id, name, genre, date_joined, total_num_music, total_albums, listeners, bio, country_id, image) VALUES (62, 'Merve Kerem 2', 'Alternative', '2020-11-05', 104, 14, 9348011, 'A passionate artist creating Alternative music.', 12, 'https://picsum.photos/id/135/150/150');
INSERT INTO ARTISTS (artist_id, name, genre, date_joined, total_num_music, total_albums, listeners, bio, country_id, image) VALUES (63, 'Eda Onur 2', 'Alternative', '2009-08-16', 165, 1, 3192658, 'A passionate artist creating Alternative music.', 3, 'https://picsum.photos/id/120/150/150');
INSERT INTO ARTISTS (artist_id, name, genre, date_joined, total_num_music, total_albums, listeners, bio, country_id, image) VALUES (64, 'Pinar Eda', 'Classical', '2010-06-07', 63, 2, 8142329, 'A passionate artist creating Classical music.', 18, 'https://picsum.photos/id/102/150/150');
INSERT INTO ARTISTS (artist_id, name, genre, date_joined, total_num_music, total_albums, listeners, bio, country_id, image) VALUES (65, 'Pelin Yağmur 1', 'Reggae', '2018-07-18', 103, 2, 3459512, 'A passionate artist creating Reggae music.', 11, 'https://picsum.photos/id/115/150/150');
INSERT INTO ARTISTS (artist_id, name, genre, date_joined, total_num_music, total_albums, listeners, bio, country_id, image) VALUES (66, 'Emre Elif', 'Indie', '2020-10-22', 64, 1, 6902863, 'A passionate artist creating Indie music.', 1, 'https://picsum.photos/id/115/150/150');
INSERT INTO ARTISTS (artist_id, name, genre, date_joined, total_num_music, total_albums, listeners, bio, country_id, image) VALUES (67, 'Lale Pelin', 'Jazz', '2013-01-09', 34, 15, 666468, 'A passionate artist creating Jazz music.', 9, 'https://picsum.photos/id/142/150/150');
INSERT INTO ARTISTS (artist_id, name, genre, date_joined, total_num_music, total_albums, listeners, bio, country_id, image) VALUES (68, 'Tuba Emre', 'Folk', '2015-08-12', 39, 15, 5367084, 'A passionate artist creating Folk music.', 19, 'https://picsum.photos/id/194/150/150');
INSERT INTO ARTISTS (artist_id, name, genre, date_joined, total_num_music, total_albums, listeners, bio, country_id, image) VALUES (69, 'Gizem Vildan', 'Folk', '2021-03-11', 75, 3, 2733478, 'A passionate artist creating Folk music.', 18, 'https://picsum.photos/id/134/150/150');
INSERT INTO ARTISTS (artist_id, name, genre, date_joined, total_num_music, total_albums, listeners, bio, country_id, image) VALUES (70, 'Yeliz Yeliz', 'Dance', '2018-12-02', 89, 1, 6755405, 'A passionate artist creating Dance music.', 8, 'https://picsum.photos/id/121/150/150');
INSERT INTO ARTISTS (artist_id, name, genre, date_joined, total_num_music, total_albums, listeners, bio, country_id, image) VALUES (71, 'Kaan Umut', 'Country', '2020-03-23', 93, 11, 8928670, 'A passionate artist creating Country music.', 5, 'https://picsum.photos/id/124/150/150');
INSERT INTO ARTISTS (artist_id, name, genre, date_joined, total_num_music, total_albums, listeners, bio, country_id, image) VALUES (72, 'Kaan Umut 1', 'Electronic', '2017-11-29', 98, 7, 1578225, 'A passionate artist creating Electronic music.', 12, 'https://picsum.photos/id/148/150/150');
INSERT INTO ARTISTS (artist_id, name, genre, date_joined, total_num_music, total_albums, listeners, bio, country_id, image) VALUES (73, 'Murat Yeliz', 'R&B', '2016-09-17', 102, 12, 2423544, 'A passionate artist creating R&B music.', 13, 'https://picsum.photos/id/183/150/150');
INSERT INTO ARTISTS (artist_id, name, genre, date_joined, total_num_music, total_albums, listeners, bio, country_id, image) VALUES (74, 'Pinar Volkan 1', 'Alternative', '2006-11-21', 157, 14, 4787860, 'A passionate artist creating Alternative music.', 1, 'https://picsum.photos/id/137/150/150');
INSERT INTO ARTISTS (artist_id, name, genre, date_joined, total_num_music, total_albums, listeners, bio, country_id, image) VALUES (75, 'Sefa Mert', 'Country', '2021-07-02', 173, 8, 8785185, 'A passionate artist creating Country music.', 13, 'https://picsum.photos/id/117/150/150');
INSERT INTO ARTISTS (artist_id, name, genre, date_joined, total_num_music, total_albums, listeners, bio, country_id, image) VALUES (76, 'Pinar Kerem 2', 'Alternative', '2015-06-08', 152, 13, 4910863, 'A passionate artist creating Alternative music.', 1, 'https://picsum.photos/id/109/150/150');
INSERT INTO ARTISTS (artist_id, name, genre, date_joined, total_num_music, total_albums, listeners, bio, country_id, image) VALUES (77, 'Tugçe Pinar 1', 'Jazz', '2021-05-08', 52, 7, 5058392, 'A passionate artist creating Jazz music.', 15, 'https://picsum.photos/id/109/150/150');
INSERT INTO ARTISTS (artist_id, name, genre, date_joined, total_num_music, total_albums, listeners, bio, country_id, image) VALUES (78, 'Kaan Yasin 2', 'Alternative', '2009-09-21', 87, 11, 1964533, 'A passionate artist creating Alternative music.', 17, 'https://picsum.photos/id/160/150/150');
INSERT INTO ARTISTS (artist_id, name, genre, date_joined, total_num_music, total_albums, listeners, bio, country_id, image) VALUES (79, 'Kaan Doruk', 'Alternative', '2010-07-18', 83, 13, 6153691, 'A passionate artist creating Alternative music.', 3, 'https://picsum.photos/id/177/150/150');
INSERT INTO ARTISTS (artist_id, name, genre, date_joined, total_num_music, total_albums, listeners, bio, country_id, image) VALUES (80, 'Senem Koray', 'Indie', '2007-01-05', 96, 1, 8495182, 'A passionate artist creating Indie music.', 19, 'https://picsum.photos/id/146/150/150');
INSERT INTO ARTISTS (artist_id, name, genre, date_joined, total_num_music, total_albums, listeners, bio, country_id, image) VALUES (81, 'Yeliz Yeliz 1', 'Classical', '2006-03-26', 137, 7, 1096896, 'A passionate artist creating Classical music.', 13, 'https://picsum.photos/id/108/150/150');
INSERT INTO ARTISTS (artist_id, name, genre, date_joined, total_num_music, total_albums, listeners, bio, country_id, image) VALUES (82, 'Yasin Ayşen', 'Jazz', '2021-05-30', 93, 7, 5217248, 'A passionate artist creating Jazz music.', 10, 'https://picsum.photos/id/101/150/150');
INSERT INTO ARTISTS (artist_id, name, genre, date_joined, total_num_music, total_albums, listeners, bio, country_id, image) VALUES (83, 'Pelin Ömer', 'Blues', '2015-08-24', 29, 5, 3320490, 'A passionate artist creating Blues music.', 8, 'https://picsum.photos/id/185/150/150');
INSERT INTO ARTISTS (artist_id, name, genre, date_joined, total_num_music, total_albums, listeners, bio, country_id, image) VALUES (84, 'Kerem Eda', 'Dance', '2022-01-10', 83, 13, 1272507, 'A passionate artist creating Dance music.', 20, 'https://picsum.photos/id/158/150/150');
INSERT INTO ARTISTS (artist_id, name, genre, date_joined, total_num_music, total_albums, listeners, bio, country_id, image) VALUES (85, 'Merve Kerem 3', 'Jazz', '2018-09-04', 38, 2, 5902272, 'A passionate artist creating Jazz music.', 7, 'https://picsum.photos/id/101/150/150');
INSERT INTO ARTISTS (artist_id, name, genre, date_joined, total_num_music, total_albums, listeners, bio, country_id, image) VALUES (86, 'Yeliz Yasin 1', 'Pop', '2020-04-15', 152, 10, 26503, 'A passionate artist creating Pop music.', 1, 'https://picsum.photos/id/109/150/150');
INSERT INTO ARTISTS (artist_id, name, genre, date_joined, total_num_music, total_albums, listeners, bio, country_id, image) VALUES (87, 'Utku Yeliz 1', 'Pop', '2010-05-11', 94, 11, 8946021, 'A passionate artist creating Pop music.', 5, 'https://picsum.photos/id/130/150/150');
INSERT INTO ARTISTS (artist_id, name, genre, date_joined, total_num_music, total_albums, listeners, bio, country_id, image) VALUES (88, 'Nisa Pinar', 'Indie', '2005-07-29', 6, 6, 7212057, 'A passionate artist creating Indie music.', 7, 'https://picsum.photos/id/127/150/150');
INSERT INTO ARTISTS (artist_id, name, genre, date_joined, total_num_music, total_albums, listeners, bio, country_id, image) VALUES (89, 'Yeliz Merve 1', 'Indie', '2007-06-14', 50, 9, 2554841, 'A passionate artist creating Indie music.', 7, 'https://picsum.photos/id/126/150/150');
INSERT INTO ARTISTS (artist_id, name, genre, date_joined, total_num_music, total_albums, listeners, bio, country_id, image) VALUES (90, 'Ömer Deniz 1', 'Pop', '2015-02-07', 111, 14, 520112, 'A passionate artist creating Pop music.', 7, 'https://picsum.photos/id/184/150/150');
INSERT INTO ARTISTS (artist_id, name, genre, date_joined, total_num_music, total_albums, listeners, bio, country_id, image) VALUES (91, 'Gizem Pelin', 'Jazz', '2016-01-25', 184, 5, 9892969, 'A passionate artist creating Jazz music.', 5, 'https://picsum.photos/id/160/150/150');
INSERT INTO ARTISTS (artist_id, name, genre, date_joined, total_num_music, total_albums, listeners, bio, country_id, image) VALUES (92, 'Pinar Nisa 1', 'Metal', '2014-09-18', 42, 9, 6036558, 'A passionate artist creating Metal music.', 13, 'https://picsum.photos/id/127/150/150');
INSERT INTO ARTISTS (artist_id, name, genre, date_joined, total_num_music, total_albums, listeners, bio, country_id, image) VALUES (93, 'Utku Ayşen', 'Indie', '2015-09-01', 61, 7, 8451798, 'A passionate artist creating Indie music.', 5, 'https://picsum.photos/id/179/150/150');
INSERT INTO ARTISTS (artist_id, name, genre, date_joined, total_num_music, total_albums, listeners, bio, country_id, image) VALUES (94, 'Gizem Senem 2', 'Reggae', '2013-11-20', 148, 5, 4090224, 'A passionate artist creating Reggae music.', 10, 'https://picsum.photos/id/145/150/150');
INSERT INTO ARTISTS (artist_id, name, genre, date_joined, total_num_music, total_albums, listeners, bio, country_id, image) VALUES (95, 'Volkan Burak', 'Pop', '2017-07-29', 25, 10, 5761592, 'A passionate artist creating Pop music.', 2, 'https://picsum.photos/id/172/150/150');
INSERT INTO ARTISTS (artist_id, name, genre, date_joined, total_num_music, total_albums, listeners, bio, country_id, image) VALUES (96, 'Gizem Senem 3', 'Alternative', '2012-11-10', 118, 6, 1165854, 'A passionate artist creating Alternative music.', 14, 'https://picsum.photos/id/191/150/150');
INSERT INTO ARTISTS (artist_id, name, genre, date_joined, total_num_music, total_albums, listeners, bio, country_id, image) VALUES (97, 'Yağmur Can', 'Alternative', '2018-05-10', 77, 8, 7264918, 'A passionate artist creating Alternative music.', 7, 'https://picsum.photos/id/163/150/150');
INSERT INTO ARTISTS (artist_id, name, genre, date_joined, total_num_music, total_albums, listeners, bio, country_id, image) VALUES (98, 'Tuba Emre 1', 'Dance', '2006-08-12', 160, 14, 3116981, 'A passionate artist creating Dance music.', 14, 'https://picsum.photos/id/128/150/150');
INSERT INTO ARTISTS (artist_id, name, genre, date_joined, total_num_music, total_albums, listeners, bio, country_id, image) VALUES (99, 'Pinar Volkan 2', 'Hip Hop', '2013-07-17', 38, 4, 75054, 'A passionate artist creating Hip Hop music.', 12, 'https://picsum.photos/id/193/150/150');
INSERT INTO ARTISTS (artist_id, name, genre, date_joined, total_num_music, total_albums, listeners, bio, country_id, image) VALUES (100, 'Gizem Vildan 1', 'Reggae', '2022-03-18', 34, 10, 1585062, 'A passionate artist creating Reggae music.', 12, 'https://picsum.photos/id/133/150/150');

-- ALBUMS Data --
INSERT INTO ALBUMS (album_id, artist_id, name, release_date, genre, music_number, image) VALUES (1, 60, 'Album KHixaeYr', '2012-01-15', 'Reggae', 13, 'https://picsum.photos/id/255/200/200');
INSERT INTO ALBUMS (album_id, artist_id, name, release_date, genre, music_number, image) VALUES (2, 98, 'Album BGNwXr1B', '2018-01-15', 'Rock', 7, 'https://picsum.photos/id/261/200/200');
INSERT INTO ALBUMS (album_id, artist_id, name, release_date, genre, music_number, image) VALUES (3, 67, 'Album EFRRKV6T', '2019-03-15', 'Indie', 6, 'https://picsum.photos/id/293/200/200');
INSERT INTO ALBUMS (album_id, artist_id, name, release_date, genre, music_number, image) VALUES (4, 72, 'Album CJZg9RRz', '2017-10-17', 'Hip Hop', 19, 'https://picsum.photos/id/242/200/200');
INSERT INTO ALBUMS (album_id, artist_id, name, release_date, genre, music_number, image) VALUES (5, 7, 'Album hImdh7hA', '2016-03-21', 'Metal', 18, 'https://picsum.photos/id/252/200/200');
INSERT INTO ALBUMS (album_id, artist_id, name, release_date, genre, music_number, image) VALUES (6, 28, 'Album wt42T02X', '2021-02-22', 'Reggae', 13, 'https://picsum.photos/id/296/200/200');
INSERT INTO ALBUMS (album_id, artist_id, name, release_date, genre, music_number, image) VALUES (7, 9, 'Album WWdrkDwd', '2010-12-17', 'R&B', 18, 'https://picsum.photos/id/268/200/200');
INSERT INTO ALBUMS (album_id, artist_id, name, release_date, genre, music_number, image) VALUES (8, 11, 'Album rIsftwKd', '2023-08-10', 'Metal', 17, 'https://picsum.photos/id/265/200/200');
INSERT INTO ALBUMS (album_id, artist_id, name, release_date, genre, music_number, image) VALUES (9, 31, 'Album NnXp2aR4', '2013-10-10', 'Metal', 15, 'https://picsum.photos/id/227/200/200');
INSERT INTO ALBUMS (album_id, artist_id, name, release_date, genre, music_number, image) VALUES (10, 38, 'Album h9Qb5UY2', '2009-11-06', 'Country', 6, 'https://picsum.photos/id/245/200/200');
INSERT INTO ALBUMS (album_id, artist_id, name, release_date, genre, music_number, image) VALUES (11, 48, 'Album KuwZy0g9', '2015-10-09', 'Reggae', 13, 'https://picsum.photos/id/259/200/200');
INSERT INTO ALBUMS (album_id, artist_id, name, release_date, genre, music_number, image) VALUES (12, 29, 'Album C5w2FUsY', '2010-11-03', 'Rock', 6, 'https://picsum.photos/id/289/200/200');
INSERT INTO ALBUMS (album_id, artist_id, name, release_date, genre, music_number, image) VALUES (13, 36, 'Album pEI6jo1S', '2013-12-21', 'Jazz', 9, 'https://picsum.photos/id/261/200/200');
INSERT INTO ALBUMS (album_id, artist_id, name, release_date, genre, music_number, image) VALUES (14, 63, 'Album bR71a2wn', '2008-08-18', 'Electronic', 7, 'https://picsum.photos/id/249/200/200');
INSERT INTO ALBUMS (album_id, artist_id, name, release_date, genre, music_number, image) VALUES (15, 82, 'Album wdpbzKV7', '2012-09-22', 'Dance', 15, 'https://picsum.photos/id/259/200/200');
INSERT INTO ALBUMS (album_id, artist_id, name, release_date, genre, music_number, image) VALUES (16, 26, 'Album 3yab8bE7', '2009-03-17', 'Jazz', 13, 'https://picsum.photos/id/265/200/200');
INSERT INTO ALBUMS (album_id, artist_id, name, release_date, genre, music_number, image) VALUES (17, 3, 'Album eQ4C7fWa', '2017-05-25', 'Country', 18, 'https://picsum.photos/id/202/200/200');
INSERT INTO ALBUMS (album_id, artist_id, name, release_date, genre, music_number, image) VALUES (18, 10, 'Album SdQ47nQb', '2019-03-22', 'Folk', 14, 'https://picsum.photos/id/257/200/200');
INSERT INTO ALBUMS (album_id, artist_id, name, release_date, genre, music_number, image) VALUES (19, 38, 'Album Fv0AekSw', '2021-03-21', 'Dance', 11, 'https://picsum.photos/id/292/200/200');
INSERT INTO ALBUMS (album_id, artist_id, name, release_date, genre, music_number, image) VALUES (20, 50, 'Album CvJj40d8', '2008-02-03', 'Blues', 20, 'https://picsum.photos/id/217/200/200');
INSERT INTO ALBUMS (album_id, artist_id, name, release_date, genre, music_number, image) VALUES (21, 22, 'Album ThAawvIm', '2017-10-26', 'Pop', 12, 'https://picsum.photos/id/269/200/200');
INSERT INTO ALBUMS (album_id, artist_id, name, release_date, genre, music_number, image) VALUES (22, 58, 'Album SEOO6VNC', '2020-07-08', 'Reggae', 15, 'https://picsum.photos/id/273/200/200');
INSERT INTO ALBUMS (album_id, artist_id, name, release_date, genre, music_number, image) VALUES (23, 34, 'Album koDlnA6u', '2012-02-18', 'Rock', 18, 'https://picsum.photos/id/212/200/200');
INSERT INTO ALBUMS (album_id, artist_id, name, release_date, genre, music_number, image) VALUES (24, 73, 'Album bNo3c2Zy', '2015-12-06', 'Folk', 5, 'https://picsum.photos/id/236/200/200');
INSERT INTO ALBUMS (album_id, artist_id, name, release_date, genre, music_number, image) VALUES (25, 41, 'Album qU4HK16v', '2022-05-28', 'Rock', 11, 'https://picsum.photos/id/276/200/200');
INSERT INTO ALBUMS (album_id, artist_id, name, release_date, genre, music_number, image) VALUES (26, 96, 'Album Ipef9lnv', '2023-11-06', 'Hip Hop', 17, 'https://picsum.photos/id/253/200/200');
INSERT INTO ALBUMS (album_id, artist_id, name, release_date, genre, music_number, image) VALUES (27, 78, 'Album YIm8q5Kv', '2014-06-16', 'Rock', 20, 'https://picsum.photos/id/213/200/200');
INSERT INTO ALBUMS (album_id, artist_id, name, release_date, genre, music_number, image) VALUES (28, 22, 'Album D8O87kiV', '2022-08-05', 'Pop', 14, 'https://picsum.photos/id/274/200/200');
INSERT INTO ALBUMS (album_id, artist_id, name, release_date, genre, music_number, image) VALUES (29, 55, 'Album jEIStD5r', '2014-08-01', 'Country', 10, 'https://picsum.photos/id/261/200/200');
INSERT INTO ALBUMS (album_id, artist_id, name, release_date, genre, music_number, image) VALUES (30, 86, 'Album 400twbCk', '2012-10-06', 'Dance', 13, 'https://picsum.photos/id/297/200/200');
INSERT INTO ALBUMS (album_id, artist_id, name, release_date, genre, music_number, image) VALUES (31, 29, 'Album tp36uhpk', '2019-08-23', 'Reggae', 12, 'https://picsum.photos/id/230/200/200');
INSERT INTO ALBUMS (album_id, artist_id, name, release_date, genre, music_number, image) VALUES (32, 4, 'Album dAkCFRIn', '2016-01-30', 'Jazz', 14, 'https://picsum.photos/id/261/200/200');
INSERT INTO ALBUMS (album_id, artist_id, name, release_date, genre, music_number, image) VALUES (33, 99, 'Album nTLg9ob1', '2018-10-28', 'Folk', 20, 'https://picsum.photos/id/237/200/200');
INSERT INTO ALBUMS (album_id, artist_id, name, release_date, genre, music_number, image) VALUES (34, 93, 'Album 0ax96TAR', '2016-09-19', 'Blues', 14, 'https://picsum.photos/id/210/200/200');
INSERT INTO ALBUMS (album_id, artist_id, name, release_date, genre, music_number, image) VALUES (35, 37, 'Album rIN1QwDu', '2014-12-07', 'Blues', 15, 'https://picsum.photos/id/298/200/200');
INSERT INTO ALBUMS (album_id, artist_id, name, release_date, genre, music_number, image) VALUES (36, 51, 'Album kIIpWtse', '2022-05-26', 'Reggae', 18, 'https://picsum.photos/id/239/200/200');
INSERT INTO ALBUMS (album_id, artist_id, name, release_date, genre, music_number, image) VALUES (37, 30, 'Album 5APF0oPM', '2011-03-03', 'Jazz', 20, 'https://picsum.photos/id/204/200/200');
INSERT INTO ALBUMS (album_id, artist_id, name, release_date, genre, music_number, image) VALUES (38, 56, 'Album NNlzmijT', '2011-02-22', 'Alternative', 17, 'https://picsum.photos/id/213/200/200');
INSERT INTO ALBUMS (album_id, artist_id, name, release_date, genre, music_number, image) VALUES (39, 26, 'Album xWWji8EV', '2016-07-28', 'Hip Hop', 15, 'https://picsum.photos/id/220/200/200');
INSERT INTO ALBUMS (album_id, artist_id, name, release_date, genre, music_number, image) VALUES (40, 45, 'Album YI26zR7s', '2017-11-23', 'R&B', 9, 'https://picsum.photos/id/232/200/200');
INSERT INTO ALBUMS (album_id, artist_id, name, release_date, genre, music_number, image) VALUES (41, 18, 'Album OJ5al9io', '2009-09-06', 'Jazz', 9, 'https://picsum.photos/id/271/200/200');
INSERT INTO ALBUMS (album_id, artist_id, name, release_date, genre, music_number, image) VALUES (42, 75, 'Album v7Nnubhq', '2023-10-14', 'Pop', 20, 'https://picsum.photos/id/240/200/200');
INSERT INTO ALBUMS (album_id, artist_id, name, release_date, genre, music_number, image) VALUES (43, 87, 'Album esoVfJgc', '2011-01-20', 'Folk', 19, 'https://picsum.photos/id/243/200/200');
INSERT INTO ALBUMS (album_id, artist_id, name, release_date, genre, music_number, image) VALUES (44, 44, 'Album siax86SC', '2022-01-31', 'Metal', 11, 'https://picsum.photos/id/298/200/200');
INSERT INTO ALBUMS (album_id, artist_id, name, release_date, genre, music_number, image) VALUES (45, 49, 'Album gEIy9ETI', '2012-07-12', 'Reggae', 11, 'https://picsum.photos/id/265/200/200');
INSERT INTO ALBUMS (album_id, artist_id, name, release_date, genre, music_number, image) VALUES (46, 60, 'Album 1wQcDSP8', '2022-09-25', 'Hip Hop', 14, 'https://picsum.photos/id/231/200/200');
INSERT INTO ALBUMS (album_id, artist_id, name, release_date, genre, music_number, image) VALUES (47, 16, 'Album 04SUFrS1', '2020-10-15', 'Blues', 12, 'https://picsum.photos/id/245/200/200');
INSERT INTO ALBUMS (album_id, artist_id, name, release_date, genre, music_number, image) VALUES (48, 22, 'Album S6mMsVOJ', '2023-11-01', 'Jazz', 7, 'https://picsum.photos/id/290/200/200');
INSERT INTO ALBUMS (album_id, artist_id, name, release_date, genre, music_number, image) VALUES (49, 3, 'Album H2FFODzf', '2012-11-11', 'Indie', 17, 'https://picsum.photos/id/285/200/200');
INSERT INTO ALBUMS (album_id, artist_id, name, release_date, genre, music_number, image) VALUES (50, 40, 'Album e3SIKcuS', '2023-04-26', 'Country', 10, 'https://picsum.photos/id/289/200/200');
INSERT INTO ALBUMS (album_id, artist_id, name, release_date, genre, music_number, image) VALUES (51, 11, 'Album lcfxl4Ui', '2010-07-22', 'Alternative', 15, 'https://picsum.photos/id/261/200/200');
INSERT INTO ALBUMS (album_id, artist_id, name, release_date, genre, music_number, image) VALUES (52, 24, 'Album zcCGHzLk', '2018-04-02', 'Hip Hop', 10, 'https://picsum.photos/id/256/200/200');
INSERT INTO ALBUMS (album_id, artist_id, name, release_date, genre, music_number, image) VALUES (53, 16, 'Album yvnc0oFJ', '2020-03-09', 'R&B', 15, 'https://picsum.photos/id/256/200/200');
INSERT INTO ALBUMS (album_id, artist_id, name, release_date, genre, music_number, image) VALUES (54, 74, 'Album m3YmMytE', '2020-06-04', 'Alternative', 6, 'https://picsum.photos/id/250/200/200');
INSERT INTO ALBUMS (album_id, artist_id, name, release_date, genre, music_number, image) VALUES (55, 55, 'Album e7fNeGFJ', '2019-09-23', 'R&B', 11, 'https://picsum.photos/id/243/200/200');
INSERT INTO ALBUMS (album_id, artist_id, name, release_date, genre, music_number, image) VALUES (56, 57, 'Album nN3M08nD', '2021-09-13', 'Rock', 9, 'https://picsum.photos/id/276/200/200');
INSERT INTO ALBUMS (album_id, artist_id, name, release_date, genre, music_number, image) VALUES (57, 71, 'Album flpFDvhi', '2010-05-24', 'Dance', 14, 'https://picsum.photos/id/236/200/200');
INSERT INTO ALBUMS (album_id, artist_id, name, release_date, genre, music_number, image) VALUES (58, 4, 'Album sSAEdEP9', '2015-05-21', 'Indie', 16, 'https://picsum.photos/id/222/200/200');
INSERT INTO ALBUMS (album_id, artist_id, name, release_date, genre, music_number, image) VALUES (59, 30, 'Album cLJv8WbB', '2018-11-16', 'Indie', 14, 'https://picsum.photos/id/222/200/200');
INSERT INTO ALBUMS (album_id, artist_id, name, release_date, genre, music_number, image) VALUES (60, 15, 'Album LmZsq5tH', '2011-11-18', 'Reggae', 10, 'https://picsum.photos/id/290/200/200');
INSERT INTO ALBUMS (album_id, artist_id, name, release_date, genre, music_number, image) VALUES (61, 60, 'Album w9j72Sx9', '2013-01-22', 'Hip Hop', 17, 'https://picsum.photos/id/237/200/200');
INSERT INTO ALBUMS (album_id, artist_id, name, release_date, genre, music_number, image) VALUES (62, 100, 'Album jA5WdUQb', '2020-06-04', 'Country', 15, 'https://picsum.photos/id/296/200/200');
INSERT INTO ALBUMS (album_id, artist_id, name, release_date, genre, music_number, image) VALUES (63, 48, 'Album 43zuDUlT', '2013-08-18', 'R&B', 6, 'https://picsum.photos/id/233/200/200');
INSERT INTO ALBUMS (album_id, artist_id, name, release_date, genre, music_number, image) VALUES (64, 3, 'Album N4kOkvF1', '2014-09-02', 'Hip Hop', 15, 'https://picsum.photos/id/207/200/200');
INSERT INTO ALBUMS (album_id, artist_id, name, release_date, genre, music_number, image) VALUES (65, 37, 'Album 27b5qFUZ', '2016-06-24', 'Jazz', 17, 'https://picsum.photos/id/267/200/200');
INSERT INTO ALBUMS (album_id, artist_id, name, release_date, genre, music_number, image) VALUES (66, 2, 'Album DJe1Tx28', '2015-04-18', 'Jazz', 13, 'https://picsum.photos/id/299/200/200');
INSERT INTO ALBUMS (album_id, artist_id, name, release_date, genre, music_number, image) VALUES (67, 83, 'Album 9zfSsWQJ', '2014-01-31', 'Country', 19, 'https://picsum.photos/id/226/200/200');
INSERT INTO ALBUMS (album_id, artist_id, name, release_date, genre, music_number, image) VALUES (68, 30, 'Album dlnjyTuz', '2022-07-27', 'Classical', 8, 'https://picsum.photos/id/232/200/200');
INSERT INTO ALBUMS (album_id, artist_id, name, release_date, genre, music_number, image) VALUES (69, 5, 'Album RmmCuf9n', '2020-02-03', 'Jazz', 10, 'https://picsum.photos/id/214/200/200');
INSERT INTO ALBUMS (album_id, artist_id, name, release_date, genre, music_number, image) VALUES (70, 65, 'Album SUS1SphD', '2012-10-03', 'Folk', 19, 'https://picsum.photos/id/239/200/200');
INSERT INTO ALBUMS (album_id, artist_id, name, release_date, genre, music_number, image) VALUES (71, 13, 'Album 71C3lH1k', '2012-09-14', 'R&B', 7, 'https://picsum.photos/id/240/200/200');
INSERT INTO ALBUMS (album_id, artist_id, name, release_date, genre, music_number, image) VALUES (72, 51, 'Album jhZRrA9I', '2017-02-17', 'Electronic', 7, 'https://picsum.photos/id/201/200/200');
INSERT INTO ALBUMS (album_id, artist_id, name, release_date, genre, music_number, image) VALUES (73, 57, 'Album 6bNfqziU', '2008-10-27', 'Folk', 17, 'https://picsum.photos/id/237/200/200');
INSERT INTO ALBUMS (album_id, artist_id, name, release_date, genre, music_number, image) VALUES (74, 91, 'Album FYdpAN7G', '2023-09-03', 'Country', 11, 'https://picsum.photos/id/207/200/200');
INSERT INTO ALBUMS (album_id, artist_id, name, release_date, genre, music_number, image) VALUES (75, 89, 'Album IiwChtXa', '2011-10-22', 'Alternative', 19, 'https://picsum.photos/id/291/200/200');
INSERT INTO ALBUMS (album_id, artist_id, name, release_date, genre, music_number, image) VALUES (76, 70, 'Album ENLu74co', '2023-06-23', 'Rock', 9, 'https://picsum.photos/id/204/200/200');
INSERT INTO ALBUMS (album_id, artist_id, name, release_date, genre, music_number, image) VALUES (77, 33, 'Album 1jHrYIRQ', '2021-10-06', 'Classical', 7, 'https://picsum.photos/id/224/200/200');
INSERT INTO ALBUMS (album_id, artist_id, name, release_date, genre, music_number, image) VALUES (78, 20, 'Album ILOuuXmV', '2022-02-15', 'Pop', 18, 'https://picsum.photos/id/251/200/200');
INSERT INTO ALBUMS (album_id, artist_id, name, release_date, genre, music_number, image) VALUES (79, 87, 'Album mMVf2bON', '2018-02-13', 'Blues', 19, 'https://picsum.photos/id/257/200/200');
INSERT INTO ALBUMS (album_id, artist_id, name, release_date, genre, music_number, image) VALUES (80, 44, 'Album luXnPFU7', '2011-12-26', 'Metal', 5, 'https://picsum.photos/id/276/200/200');
INSERT INTO ALBUMS (album_id, artist_id, name, release_date, genre, music_number, image) VALUES (81, 64, 'Album cab48vfJ', '2011-08-16', 'Indie', 20, 'https://picsum.photos/id/222/200/200');
INSERT INTO ALBUMS (album_id, artist_id, name, release_date, genre, music_number, image) VALUES (82, 15, 'Album 7oGbjFBX', '2014-07-09', 'Classical', 12, 'https://picsum.photos/id/278/200/200');
INSERT INTO ALBUMS (album_id, artist_id, name, release_date, genre, music_number, image) VALUES (83, 28, 'Album c2DaMYlk', '2016-11-20', 'Pop', 8, 'https://picsum.photos/id/272/200/200');
INSERT INTO ALBUMS (album_id, artist_id, name, release_date, genre, music_number, image) VALUES (84, 10, 'Album FONphYuF', '2010-05-07', 'Rock', 13, 'https://picsum.photos/id/291/200/200');
INSERT INTO ALBUMS (album_id, artist_id, name, release_date, genre, music_number, image) VALUES (85, 55, 'Album Gqhobzsh', '2022-09-25', 'Indie', 20, 'https://picsum.photos/id/298/200/200');
INSERT INTO ALBUMS (album_id, artist_id, name, release_date, genre, music_number, image) VALUES (86, 67, 'Album yYj9s0bY', '2017-05-20', 'R&B', 12, 'https://picsum.photos/id/278/200/200');
INSERT INTO ALBUMS (album_id, artist_id, name, release_date, genre, music_number, image) VALUES (87, 2, 'Album haIMxdes', '2018-08-15', 'Pop', 9, 'https://picsum.photos/id/208/200/200');
INSERT INTO ALBUMS (album_id, artist_id, name, release_date, genre, music_number, image) VALUES (88, 31, 'Album wnaCwGam', '2012-05-21', 'Country', 5, 'https://picsum.photos/id/278/200/200');
INSERT INTO ALBUMS (album_id, artist_id, name, release_date, genre, music_number, image) VALUES (89, 12, 'Album RDPuHLt0', '2013-05-29', 'Electronic', 6, 'https://picsum.photos/id/289/200/200');
INSERT INTO ALBUMS (album_id, artist_id, name, release_date, genre, music_number, image) VALUES (90, 73, 'Album YOgYZ4j8', '2009-01-29', 'R&B', 5, 'https://picsum.photos/id/254/200/200');
INSERT INTO ALBUMS (album_id, artist_id, name, release_date, genre, music_number, image) VALUES (91, 50, 'Album dF9orxsG', '2010-11-29', 'Dance', 20, 'https://picsum.photos/id/273/200/200');
INSERT INTO ALBUMS (album_id, artist_id, name, release_date, genre, music_number, image) VALUES (92, 63, 'Album jbhB3C60', '2010-03-09', 'Jazz', 17, 'https://picsum.photos/id/298/200/200');
INSERT INTO ALBUMS (album_id, artist_id, name, release_date, genre, music_number, image) VALUES (93, 41, 'Album h35LbtqI', '2019-08-31', 'Pop', 14, 'https://picsum.photos/id/258/200/200');
INSERT INTO ALBUMS (album_id, artist_id, name, release_date, genre, music_number, image) VALUES (94, 85, 'Album 6gMhAUGA', '2015-04-30', 'Classical', 10, 'https://picsum.photos/id/251/200/200');
INSERT INTO ALBUMS (album_id, artist_id, name, release_date, genre, music_number, image) VALUES (95, 42, 'Album xUqYuAF7', '2022-05-08', 'Classical', 12, 'https://picsum.photos/id/286/200/200');
INSERT INTO ALBUMS (album_id, artist_id, name, release_date, genre, music_number, image) VALUES (96, 20, 'Album 8DAglqbF', '2023-09-29', 'Metal', 18, 'https://picsum.photos/id/204/200/200');
INSERT INTO ALBUMS (album_id, artist_id, name, release_date, genre, music_number, image) VALUES (97, 45, 'Album uxv9P9L0', '2021-05-05', 'Electronic', 12, 'https://picsum.photos/id/244/200/200');
INSERT INTO ALBUMS (album_id, artist_id, name, release_date, genre, music_number, image) VALUES (98, 35, 'Album MXLH62bL', '2011-10-03', 'Dance', 19, 'https://picsum.photos/id/213/200/200');
INSERT INTO ALBUMS (album_id, artist_id, name, release_date, genre, music_number, image) VALUES (99, 58, 'Album 04CAju6V', '2023-03-24', 'Electronic', 11, 'https://picsum.photos/id/240/200/200');
INSERT INTO ALBUMS (album_id, artist_id, name, release_date, genre, music_number, image) VALUES (100, 71, 'Album 8PZFZKSQ', '2018-09-05', 'R&B', 14, 'https://picsum.photos/id/267/200/200');
INSERT INTO ALBUMS (album_id, artist_id, name, release_date, genre, music_number, image) VALUES (101, 94, 'Album 1qXkJYwW', '2013-07-23', 'Indie', 17, 'https://picsum.photos/id/297/200/200');
INSERT INTO ALBUMS (album_id, artist_id, name, release_date, genre, music_number, image) VALUES (102, 94, 'Album SYokrVTj', '2019-07-05', 'Metal', 6, 'https://picsum.photos/id/254/200/200');
INSERT INTO ALBUMS (album_id, artist_id, name, release_date, genre, music_number, image) VALUES (103, 62, 'Album BTax1y0O', '2013-09-06', 'Rock', 12, 'https://picsum.photos/id/288/200/200');
INSERT INTO ALBUMS (album_id, artist_id, name, release_date, genre, music_number, image) VALUES (104, 34, 'Album utrbEWyI', '2018-04-05', 'Indie', 13, 'https://picsum.photos/id/254/200/200');
INSERT INTO ALBUMS (album_id, artist_id, name, release_date, genre, music_number, image) VALUES (105, 14, 'Album E84nALyO', '2011-11-04', 'Pop', 10, 'https://picsum.photos/id/238/200/200');
INSERT INTO ALBUMS (album_id, artist_id, name, release_date, genre, music_number, image) VALUES (106, 49, 'Album ZsP9128d', '2019-08-19', 'Rock', 15, 'https://picsum.photos/id/222/200/200');
INSERT INTO ALBUMS (album_id, artist_id, name, release_date, genre, music_number, image) VALUES (107, 7, 'Album qnEOJD8Y', '2024-02-10', 'Country', 14, 'https://picsum.photos/id/253/200/200');
INSERT INTO ALBUMS (album_id, artist_id, name, release_date, genre, music_number, image) VALUES (108, 3, 'Album EijdgQRy', '2013-10-20', 'Classical', 16, 'https://picsum.photos/id/221/200/200');
INSERT INTO ALBUMS (album_id, artist_id, name, release_date, genre, music_number, image) VALUES (109, 18, 'Album VAinCx6u', '2010-04-18', 'Electronic', 11, 'https://picsum.photos/id/202/200/200');
INSERT INTO ALBUMS (album_id, artist_id, name, release_date, genre, music_number, image) VALUES (110, 79, 'Album zYzsQ2wi', '2023-08-31', 'Indie', 10, 'https://picsum.photos/id/284/200/200');
INSERT INTO ALBUMS (album_id, artist_id, name, release_date, genre, music_number, image) VALUES (111, 61, 'Album U38BmEic', '2012-01-02', 'Rock', 11, 'https://picsum.photos/id/299/200/200');
INSERT INTO ALBUMS (album_id, artist_id, name, release_date, genre, music_number, image) VALUES (112, 27, 'Album SKdNXYdJ', '2018-12-18', 'Indie', 12, 'https://picsum.photos/id/239/200/200');
INSERT INTO ALBUMS (album_id, artist_id, name, release_date, genre, music_number, image) VALUES (113, 48, 'Album 1FwTKK9m', '2012-07-31', 'Rock', 9, 'https://picsum.photos/id/247/200/200');
INSERT INTO ALBUMS (album_id, artist_id, name, release_date, genre, music_number, image) VALUES (114, 9, 'Album ygWMjvGI', '2018-01-19', 'Alternative', 5, 'https://picsum.photos/id/280/200/200');
INSERT INTO ALBUMS (album_id, artist_id, name, release_date, genre, music_number, image) VALUES (115, 11, 'Album nbL657G4', '2015-02-06', 'Blues', 10, 'https://picsum.photos/id/239/200/200');
INSERT INTO ALBUMS (album_id, artist_id, name, release_date, genre, music_number, image) VALUES (116, 23, 'Album Ir8W7KmE', '2008-12-02', 'Hip Hop', 7, 'https://picsum.photos/id/224/200/200');
INSERT INTO ALBUMS (album_id, artist_id, name, release_date, genre, music_number, image) VALUES (117, 72, 'Album sigJ5Nle', '2017-09-16', 'Blues', 19, 'https://picsum.photos/id/263/200/200');
INSERT INTO ALBUMS (album_id, artist_id, name, release_date, genre, music_number, image) VALUES (118, 25, 'Album qov1ASA0', '2013-10-06', 'R&B', 10, 'https://picsum.photos/id/286/200/200');
INSERT INTO ALBUMS (album_id, artist_id, name, release_date, genre, music_number, image) VALUES (119, 63, 'Album ipN5aER9', '2020-08-17', 'R&B', 14, 'https://picsum.photos/id/211/200/200');
INSERT INTO ALBUMS (album_id, artist_id, name, release_date, genre, music_number, image) VALUES (120, 78, 'Album BE9ZSdAE', '2014-04-13', 'Dance', 8, 'https://picsum.photos/id/256/200/200');
INSERT INTO ALBUMS (album_id, artist_id, name, release_date, genre, music_number, image) VALUES (121, 59, 'Album gqNrVeEA', '2016-02-14', 'Reggae', 20, 'https://picsum.photos/id/259/200/200');
INSERT INTO ALBUMS (album_id, artist_id, name, release_date, genre, music_number, image) VALUES (122, 43, 'Album UQWOJkeo', '2017-09-05', 'R&B', 7, 'https://picsum.photos/id/284/200/200');
INSERT INTO ALBUMS (album_id, artist_id, name, release_date, genre, music_number, image) VALUES (123, 100, 'Album IdMLRUrY', '2011-08-03', 'Pop', 14, 'https://picsum.photos/id/300/200/200');
INSERT INTO ALBUMS (album_id, artist_id, name, release_date, genre, music_number, image) VALUES (124, 1, 'Album n0v0isPs', '2022-01-12', 'Hip Hop', 12, 'https://picsum.photos/id/253/200/200');
INSERT INTO ALBUMS (album_id, artist_id, name, release_date, genre, music_number, image) VALUES (125, 11, 'Album Au1LumnP', '2016-07-30', 'Reggae', 9, 'https://picsum.photos/id/237/200/200');
INSERT INTO ALBUMS (album_id, artist_id, name, release_date, genre, music_number, image) VALUES (126, 96, 'Album iEdqvKbI', '2009-05-03', 'Hip Hop', 7, 'https://picsum.photos/id/215/200/200');
INSERT INTO ALBUMS (album_id, artist_id, name, release_date, genre, music_number, image) VALUES (127, 33, 'Album G6KRx7ol', '2022-09-03', 'Rock', 17, 'https://picsum.photos/id/232/200/200');
INSERT INTO ALBUMS (album_id, artist_id, name, release_date, genre, music_number, image) VALUES (128, 71, 'Album yRHw4dO1', '2023-12-19', 'Classical', 13, 'https://picsum.photos/id/231/200/200');
INSERT INTO ALBUMS (album_id, artist_id, name, release_date, genre, music_number, image) VALUES (129, 42, 'Album RQvqHIl8', '2013-05-15', 'Pop', 10, 'https://picsum.photos/id/222/200/200');
INSERT INTO ALBUMS (album_id, artist_id, name, release_date, genre, music_number, image) VALUES (130, 67, 'Album UOkiEepK', '2017-12-02', 'Indie', 15, 'https://picsum.photos/id/201/200/200');
INSERT INTO ALBUMS (album_id, artist_id, name, release_date, genre, music_number, image) VALUES (131, 98, 'Album S1tVVMDm', '2012-07-28', 'Reggae', 15, 'https://picsum.photos/id/284/200/200');
INSERT INTO ALBUMS (album_id, artist_id, name, release_date, genre, music_number, image) VALUES (132, 49, 'Album bJsEoK7I', '2010-11-20', 'Alternative', 11, 'https://picsum.photos/id/250/200/200');
INSERT INTO ALBUMS (album_id, artist_id, name, release_date, genre, music_number, image) VALUES (133, 91, 'Album 8DcdLX1i', '2008-01-31', 'Classical', 12, 'https://picsum.photos/id/299/200/200');
INSERT INTO ALBUMS (album_id, artist_id, name, release_date, genre, music_number, image) VALUES (134, 48, 'Album tBq1WAya', '2009-06-28', 'Alternative', 6, 'https://picsum.photos/id/254/200/200');
INSERT INTO ALBUMS (album_id, artist_id, name, release_date, genre, music_number, image) VALUES (135, 70, 'Album qDuApJJp', '2017-07-13', 'Folk', 9, 'https://picsum.photos/id/259/200/200');
INSERT INTO ALBUMS (album_id, artist_id, name, release_date, genre, music_number, image) VALUES (136, 25, 'Album DSZy310i', '2022-10-01', 'Indie', 18, 'https://picsum.photos/id/233/200/200');
INSERT INTO ALBUMS (album_id, artist_id, name, release_date, genre, music_number, image) VALUES (137, 50, 'Album bMJAqDUZ', '2015-12-23', 'Country', 7, 'https://picsum.photos/id/232/200/200');
INSERT INTO ALBUMS (album_id, artist_id, name, release_date, genre, music_number, image) VALUES (138, 40, 'Album CRzHd2qi', '2008-09-11', 'Classical', 18, 'https://picsum.photos/id/267/200/200');
INSERT INTO ALBUMS (album_id, artist_id, name, release_date, genre, music_number, image) VALUES (139, 82, 'Album 4a5HGN3v', '2013-07-15', 'Hip Hop', 16, 'https://picsum.photos/id/209/200/200');
INSERT INTO ALBUMS (album_id, artist_id, name, release_date, genre, music_number, image) VALUES (140, 81, 'Album XbUsB0xr', '2016-07-17', 'Rock', 19, 'https://picsum.photos/id/274/200/200');
INSERT INTO ALBUMS (album_id, artist_id, name, release_date, genre, music_number, image) VALUES (141, 40, 'Album ulszso7x', '2018-08-25', 'Rock', 9, 'https://picsum.photos/id/216/200/200');
INSERT INTO ALBUMS (album_id, artist_id, name, release_date, genre, music_number, image) VALUES (142, 41, 'Album iOq6WqE1', '2015-04-07', 'Blues', 5, 'https://picsum.photos/id/207/200/200');
INSERT INTO ALBUMS (album_id, artist_id, name, release_date, genre, music_number, image) VALUES (143, 24, 'Album cueDFM3y', '2009-01-20', 'R&B', 11, 'https://picsum.photos/id/285/200/200');
INSERT INTO ALBUMS (album_id, artist_id, name, release_date, genre, music_number, image) VALUES (144, 91, 'Album 9rkElBsB', '2013-12-08', 'Alternative', 18, 'https://picsum.photos/id/203/200/200');
INSERT INTO ALBUMS (album_id, artist_id, name, release_date, genre, music_number, image) VALUES (145, 34, 'Album icVNvrrB', '2019-08-19', 'Indie', 17, 'https://picsum.photos/id/203/200/200');
INSERT INTO ALBUMS (album_id, artist_id, name, release_date, genre, music_number, image) VALUES (146, 26, 'Album AtMeYmCV', '2018-04-20', 'Dance', 12, 'https://picsum.photos/id/273/200/200');
INSERT INTO ALBUMS (album_id, artist_id, name, release_date, genre, music_number, image) VALUES (147, 49, 'Album GHWpG3BS', '2014-09-30', 'Electronic', 18, 'https://picsum.photos/id/240/200/200');
INSERT INTO ALBUMS (album_id, artist_id, name, release_date, genre, music_number, image) VALUES (148, 86, 'Album Hg8zjMtI', '2014-08-06', 'Folk', 6, 'https://picsum.photos/id/245/200/200');
INSERT INTO ALBUMS (album_id, artist_id, name, release_date, genre, music_number, image) VALUES (149, 43, 'Album iIffnGZs', '2013-01-29', 'Classical', 17, 'https://picsum.photos/id/288/200/200');
INSERT INTO ALBUMS (album_id, artist_id, name, release_date, genre, music_number, image) VALUES (150, 3, 'Album ZEm5aovA', '2011-12-24', 'Country', 11, 'https://picsum.photos/id/265/200/200');
INSERT INTO ALBUMS (album_id, artist_id, name, release_date, genre, music_number, image) VALUES (151, 33, 'Album hKIWqEyZ', '2023-08-10', 'Pop', 16, 'https://picsum.photos/id/251/200/200');
INSERT INTO ALBUMS (album_id, artist_id, name, release_date, genre, music_number, image) VALUES (152, 94, 'Album ehPZ7IAR', '2008-06-03', 'Metal', 18, 'https://picsum.photos/id/261/200/200');
INSERT INTO ALBUMS (album_id, artist_id, name, release_date, genre, music_number, image) VALUES (153, 9, 'Album xIEOYbyV', '2016-04-23', 'R&B', 16, 'https://picsum.photos/id/263/200/200');
INSERT INTO ALBUMS (album_id, artist_id, name, release_date, genre, music_number, image) VALUES (154, 29, 'Album 79FD4uLK', '2009-02-14', 'Electronic', 8, 'https://picsum.photos/id/273/200/200');
INSERT INTO ALBUMS (album_id, artist_id, name, release_date, genre, music_number, image) VALUES (155, 47, 'Album q7iPKkzz', '2011-02-02', 'Electronic', 16, 'https://picsum.photos/id/215/200/200');
INSERT INTO ALBUMS (album_id, artist_id, name, release_date, genre, music_number, image) VALUES (156, 49, 'Album 7BePrSQ3', '2009-03-18', 'Dance', 20, 'https://picsum.photos/id/260/200/200');
INSERT INTO ALBUMS (album_id, artist_id, name, release_date, genre, music_number, image) VALUES (157, 54, 'Album 6TzIcBdK', '2021-10-23', 'Reggae', 12, 'https://picsum.photos/id/212/200/200');
INSERT INTO ALBUMS (album_id, artist_id, name, release_date, genre, music_number, image) VALUES (158, 29, 'Album atKoZDDy', '2019-06-26', 'Reggae', 11, 'https://picsum.photos/id/289/200/200');
INSERT INTO ALBUMS (album_id, artist_id, name, release_date, genre, music_number, image) VALUES (159, 24, 'Album EK44l6mc', '2019-11-30', 'Electronic', 12, 'https://picsum.photos/id/267/200/200');
INSERT INTO ALBUMS (album_id, artist_id, name, release_date, genre, music_number, image) VALUES (160, 47, 'Album dQlHmoPk', '2014-05-27', 'Classical', 9, 'https://picsum.photos/id/227/200/200');
INSERT INTO ALBUMS (album_id, artist_id, name, release_date, genre, music_number, image) VALUES (161, 44, 'Album KItXLzkQ', '2010-04-07', 'Classical', 9, 'https://picsum.photos/id/223/200/200');
INSERT INTO ALBUMS (album_id, artist_id, name, release_date, genre, music_number, image) VALUES (162, 11, 'Album U7qMAAmV', '2023-01-11', 'Alternative', 14, 'https://picsum.photos/id/213/200/200');
INSERT INTO ALBUMS (album_id, artist_id, name, release_date, genre, music_number, image) VALUES (163, 100, 'Album q3GTAK2R', '2014-03-22', 'Alternative', 16, 'https://picsum.photos/id/246/200/200');
INSERT INTO ALBUMS (album_id, artist_id, name, release_date, genre, music_number, image) VALUES (164, 37, 'Album 8BOpn3RM', '2018-11-25', 'Classical', 18, 'https://picsum.photos/id/239/200/200');
INSERT INTO ALBUMS (album_id, artist_id, name, release_date, genre, music_number, image) VALUES (165, 31, 'Album 4BOtuONQ', '2022-08-23', 'Blues', 17, 'https://picsum.photos/id/266/200/200');
INSERT INTO ALBUMS (album_id, artist_id, name, release_date, genre, music_number, image) VALUES (166, 97, 'Album 4hKSdgqo', '2019-04-10', 'Metal', 9, 'https://picsum.photos/id/216/200/200');
INSERT INTO ALBUMS (album_id, artist_id, name, release_date, genre, music_number, image) VALUES (167, 8, 'Album DQwfOaUT', '2016-04-06', 'Reggae', 10, 'https://picsum.photos/id/250/200/200');
INSERT INTO ALBUMS (album_id, artist_id, name, release_date, genre, music_number, image) VALUES (168, 36, 'Album PoWZio3L', '2018-11-21', 'Metal', 9, 'https://picsum.photos/id/291/200/200');
INSERT INTO ALBUMS (album_id, artist_id, name, release_date, genre, music_number, image) VALUES (169, 78, 'Album PCOsfNkk', '2018-01-14', 'Country', 18, 'https://picsum.photos/id/223/200/200');
INSERT INTO ALBUMS (album_id, artist_id, name, release_date, genre, music_number, image) VALUES (170, 73, 'Album JAVdiLXR', '2021-08-25', 'Alternative', 5, 'https://picsum.photos/id/215/200/200');
INSERT INTO ALBUMS (album_id, artist_id, name, release_date, genre, music_number, image) VALUES (171, 22, 'Album COwDOTdo', '2020-02-27', 'Jazz', 7, 'https://picsum.photos/id/269/200/200');
INSERT INTO ALBUMS (album_id, artist_id, name, release_date, genre, music_number, image) VALUES (172, 81, 'Album 4Safel8X', '2011-10-19', 'Pop', 6, 'https://picsum.photos/id/242/200/200');
INSERT INTO ALBUMS (album_id, artist_id, name, release_date, genre, music_number, image) VALUES (173, 8, 'Album R6V89Dmv', '2012-04-01', 'Hip Hop', 6, 'https://picsum.photos/id/279/200/200');
INSERT INTO ALBUMS (album_id, artist_id, name, release_date, genre, music_number, image) VALUES (174, 58, 'Album ANOGo1jI', '2008-09-14', 'Country', 19, 'https://picsum.photos/id/218/200/200');
INSERT INTO ALBUMS (album_id, artist_id, name, release_date, genre, music_number, image) VALUES (175, 86, 'Album JRYCCEcU', '2009-03-29', 'Folk', 7, 'https://picsum.photos/id/294/200/200');
INSERT INTO ALBUMS (album_id, artist_id, name, release_date, genre, music_number, image) VALUES (176, 49, 'Album 5Ryi0jIJ', '2019-08-03', 'Hip Hop', 13, 'https://picsum.photos/id/227/200/200');
INSERT INTO ALBUMS (album_id, artist_id, name, release_date, genre, music_number, image) VALUES (177, 76, 'Album qImA1gYX', '2010-10-05', 'Indie', 14, 'https://picsum.photos/id/282/200/200');
INSERT INTO ALBUMS (album_id, artist_id, name, release_date, genre, music_number, image) VALUES (178, 39, 'Album zTtGsB4E', '2012-11-22', 'Classical', 8, 'https://picsum.photos/id/267/200/200');
INSERT INTO ALBUMS (album_id, artist_id, name, release_date, genre, music_number, image) VALUES (179, 15, 'Album tXV0V3HC', '2013-09-05', 'Alternative', 13, 'https://picsum.photos/id/209/200/200');
INSERT INTO ALBUMS (album_id, artist_id, name, release_date, genre, music_number, image) VALUES (180, 80, 'Album KYgory80', '2015-12-04', 'R&B', 19, 'https://picsum.photos/id/279/200/200');
INSERT INTO ALBUMS (album_id, artist_id, name, release_date, genre, music_number, image) VALUES (181, 12, 'Album F0aVNPd0', '2019-06-07', 'Dance', 5, 'https://picsum.photos/id/261/200/200');
INSERT INTO ALBUMS (album_id, artist_id, name, release_date, genre, music_number, image) VALUES (182, 43, 'Album 5n0xoDrS', '2010-11-28', 'R&B', 14, 'https://picsum.photos/id/297/200/200');
INSERT INTO ALBUMS (album_id, artist_id, name, release_date, genre, music_number, image) VALUES (183, 3, 'Album 5tPQL1s5', '2008-04-01', 'Pop', 16, 'https://picsum.photos/id/223/200/200');
INSERT INTO ALBUMS (album_id, artist_id, name, release_date, genre, music_number, image) VALUES (184, 73, 'Album oGPW35yp', '2017-02-02', 'Folk', 5, 'https://picsum.photos/id/232/200/200');
INSERT INTO ALBUMS (album_id, artist_id, name, release_date, genre, music_number, image) VALUES (185, 95, 'Album 0Or2o6Kz', '2014-10-31', 'Blues', 13, 'https://picsum.photos/id/228/200/200');
INSERT INTO ALBUMS (album_id, artist_id, name, release_date, genre, music_number, image) VALUES (186, 87, 'Album MO6XfbWa', '2018-09-13', 'Metal', 17, 'https://picsum.photos/id/257/200/200');
INSERT INTO ALBUMS (album_id, artist_id, name, release_date, genre, music_number, image) VALUES (187, 69, 'Album IBEHwmTi', '2013-06-11', 'Folk', 16, 'https://picsum.photos/id/237/200/200');
INSERT INTO ALBUMS (album_id, artist_id, name, release_date, genre, music_number, image) VALUES (188, 31, 'Album n42yY76a', '2010-08-13', 'R&B', 11, 'https://picsum.photos/id/219/200/200');
INSERT INTO ALBUMS (album_id, artist_id, name, release_date, genre, music_number, image) VALUES (189, 84, 'Album 2zILp361', '2009-05-27', 'Classical', 12, 'https://picsum.photos/id/206/200/200');
INSERT INTO ALBUMS (album_id, artist_id, name, release_date, genre, music_number, image) VALUES (190, 28, 'Album eHKPC37u', '2013-04-04', 'Reggae', 12, 'https://picsum.photos/id/267/200/200');
INSERT INTO ALBUMS (album_id, artist_id, name, release_date, genre, music_number, image) VALUES (191, 14, 'Album NMvPtNGD', '2016-09-04', 'Metal', 5, 'https://picsum.photos/id/215/200/200');
INSERT INTO ALBUMS (album_id, artist_id, name, release_date, genre, music_number, image) VALUES (192, 54, 'Album uBuwjVbe', '2018-05-29', 'Classical', 17, 'https://picsum.photos/id/281/200/200');
INSERT INTO ALBUMS (album_id, artist_id, name, release_date, genre, music_number, image) VALUES (193, 30, 'Album Tes3sP2f', '2009-05-01', 'Electronic', 17, 'https://picsum.photos/id/238/200/200');
INSERT INTO ALBUMS (album_id, artist_id, name, release_date, genre, music_number, image) VALUES (194, 89, 'Album h4ZRcW9i', '2008-10-26', 'Hip Hop', 20, 'https://picsum.photos/id/232/200/200');
INSERT INTO ALBUMS (album_id, artist_id, name, release_date, genre, music_number, image) VALUES (195, 54, 'Album HpeZ1TfB', '2014-10-04', 'Folk', 14, 'https://picsum.photos/id/295/200/200');
INSERT INTO ALBUMS (album_id, artist_id, name, release_date, genre, music_number, image) VALUES (196, 88, 'Album JLkF6jpW', '2015-12-29', 'Country', 9, 'https://picsum.photos/id/290/200/200');
INSERT INTO ALBUMS (album_id, artist_id, name, release_date, genre, music_number, image) VALUES (197, 1, 'Album 3GWZ72Bp', '2022-08-25', 'Rock', 15, 'https://picsum.photos/id/284/200/200');
INSERT INTO ALBUMS (album_id, artist_id, name, release_date, genre, music_number, image) VALUES (198, 59, 'Album ZpQkKp5e', '2018-06-17', 'Dance', 12, 'https://picsum.photos/id/272/200/200');
INSERT INTO ALBUMS (album_id, artist_id, name, release_date, genre, music_number, image) VALUES (199, 34, 'Album xQTb2VvJ', '2013-04-06', 'Jazz', 6, 'https://picsum.photos/id/277/200/200');
INSERT INTO ALBUMS (album_id, artist_id, name, release_date, genre, music_number, image) VALUES (200, 90, 'Album x145aZLW', '2023-05-19', 'Metal', 20, 'https://picsum.photos/id/249/200/200');

-- SONGS Data --
INSERT INTO SONGS (song_id, album_id, title, duration, genre, release_date, `rank`, image) VALUES (1, 127, 'Song 6RFgA6eDEC', 308, 'Reggae', '2022-05-10', 249, 'https://picsum.photos/id/232/200/200');
INSERT INTO SONGS (song_id, album_id, title, duration, genre, release_date, `rank`, image) VALUES (2, 65, 'Song MLvtLwgVCo', 175, 'Dance', '2009-07-09', 722, 'https://picsum.photos/id/267/200/200');
INSERT INTO SONGS (song_id, album_id, title, duration, genre, release_date, `rank`, image) VALUES (3, 41, 'Song 4tbpzJzVoM', 480, 'Blues', '2020-05-24', 130, 'https://picsum.photos/id/271/200/200');
INSERT INTO SONGS (song_id, album_id, title, duration, genre, release_date, `rank`, image) VALUES (4, 27, 'Song mjWRRJflYU', 148, 'Rock', '2013-12-31', 92, 'https://picsum.photos/id/213/200/200');
INSERT INTO SONGS (song_id, album_id, title, duration, genre, release_date, `rank`, image) VALUES (5, 46, 'Song bCs39JyYbg', 409, 'Reggae', '2013-12-06', 831, 'https://picsum.photos/id/231/200/200');
INSERT INTO SONGS (song_id, album_id, title, duration, genre, release_date, `rank`, image) VALUES (6, 119, 'Song COzE7SSePc', 210, 'Pop', '2018-06-20', 715, 'https://picsum.photos/id/211/200/200');
INSERT INTO SONGS (song_id, album_id, title, duration, genre, release_date, `rank`, image) VALUES (7, 10, 'Song SR5n1BcqvX', 345, 'Metal', '2015-04-19', 888, 'https://picsum.photos/id/245/200/200');
INSERT INTO SONGS (song_id, album_id, title, duration, genre, release_date, `rank`, image) VALUES (8, 44, 'Song YNCOX2QB62', 178, 'Reggae', '2013-12-28', 758, 'https://picsum.photos/id/298/200/200');
INSERT INTO SONGS (song_id, album_id, title, duration, genre, release_date, `rank`, image) VALUES (9, 38, 'Song DRL4WMq2Ye', 246, 'Indie', '2021-05-29', 663, 'https://picsum.photos/id/213/200/200');
INSERT INTO SONGS (song_id, album_id, title, duration, genre, release_date, `rank`, image) VALUES (10, 130, 'Song DGlUeVvDIm', 248, 'Country', '2012-05-23', 872, 'https://picsum.photos/id/201/200/200');
INSERT INTO SONGS (song_id, album_id, title, duration, genre, release_date, `rank`, image) VALUES (11, 38, 'Song AH5T8dlqNW', 391, 'R&B', '2023-05-12', 896, 'https://picsum.photos/id/213/200/200');
INSERT INTO SONGS (song_id, album_id, title, duration, genre, release_date, `rank`, image) VALUES (12, 111, 'Song XRuB5W1rEC', 358, 'Reggae', '2016-02-02', 897, 'https://picsum.photos/id/299/200/200');
INSERT INTO SONGS (song_id, album_id, title, duration, genre, release_date, `rank`, image) VALUES (13, 154, 'Song 4b7feDCMqu', 388, 'Classical', '2023-07-11', 557, 'https://picsum.photos/id/273/200/200');
INSERT INTO SONGS (song_id, album_id, title, duration, genre, release_date, `rank`, image) VALUES (14, 197, 'Song mY4qRjde2a', 348, 'Pop', '2021-10-28', 64, 'https://picsum.photos/id/284/200/200');
INSERT INTO SONGS (song_id, album_id, title, duration, genre, release_date, `rank`, image) VALUES (15, 47, 'Song tc3cohxOOo', 192, 'Jazz', '2022-04-16', 550, 'https://picsum.photos/id/245/200/200');
INSERT INTO SONGS (song_id, album_id, title, duration, genre, release_date, `rank`, image) VALUES (16, 150, 'Song rEWWkk4VbF', 132, 'Classical', '2022-06-30', 535, 'https://picsum.photos/id/265/200/200');
INSERT INTO SONGS (song_id, album_id, title, duration, genre, release_date, `rank`, image) VALUES (17, 155, 'Song ZpR6lMxxFM', 367, 'Metal', '2014-05-16', 818, 'https://picsum.photos/id/215/200/200');
INSERT INTO SONGS (song_id, album_id, title, duration, genre, release_date, `rank`, image) VALUES (18, 145, 'Song HK9bEj1evj', 276, 'Folk', '2008-05-05', 833, 'https://picsum.photos/id/203/200/200');
INSERT INTO SONGS (song_id, album_id, title, duration, genre, release_date, `rank`, image) VALUES (19, 118, 'Song 3O3i4ReRr0', 458, 'Alternative', '2014-01-23', 773, 'https://picsum.photos/id/286/200/200');
INSERT INTO SONGS (song_id, album_id, title, duration, genre, release_date, `rank`, image) VALUES (20, 183, 'Song AvIYm4J87V', 367, 'Alternative', '2009-04-22', 708, 'https://picsum.photos/id/223/200/200');
INSERT INTO SONGS (song_id, album_id, title, duration, genre, release_date, `rank`, image) VALUES (21, 109, 'Song Tzm6tRCFL1', 446, 'Blues', '2014-08-30', 257, 'https://picsum.photos/id/202/200/200');
INSERT INTO SONGS (song_id, album_id, title, duration, genre, release_date, `rank`, image) VALUES (22, 192, 'Song gGdNuky4fo', 393, 'Classical', '2012-02-17', 760, 'https://picsum.photos/id/281/200/200');
INSERT INTO SONGS (song_id, album_id, title, duration, genre, release_date, `rank`, image) VALUES (23, 175, 'Song ouFO5M28Fu', 262, 'Reggae', '2009-08-02', 514, 'https://picsum.photos/id/294/200/200');
INSERT INTO SONGS (song_id, album_id, title, duration, genre, release_date, `rank`, image) VALUES (24, 93, 'Song 2YJKt3VE0s', 267, 'Dance', '2009-07-20', 227, 'https://picsum.photos/id/258/200/200');
INSERT INTO SONGS (song_id, album_id, title, duration, genre, release_date, `rank`, image) VALUES (25, 120, 'Song sbv2bbs9OV', 458, 'Dance', '2019-07-12', 631, 'https://picsum.photos/id/256/200/200');
INSERT INTO SONGS (song_id, album_id, title, duration, genre, release_date, `rank`, image) VALUES (26, 173, 'Song fbU46u1q6I', 395, 'Jazz', '2017-09-24', 359, 'https://picsum.photos/id/279/200/200');
INSERT INTO SONGS (song_id, album_id, title, duration, genre, release_date, `rank`, image) VALUES (27, 26, 'Song kGVGvAcn3I', 235, 'Alternative', '2011-08-30', 396, 'https://picsum.photos/id/253/200/200');
INSERT INTO SONGS (song_id, album_id, title, duration, genre, release_date, `rank`, image) VALUES (28, 161, 'Song 7sCfuW1y7G', 436, 'Hip Hop', '2009-02-04', 410, 'https://picsum.photos/id/223/200/200');
INSERT INTO SONGS (song_id, album_id, title, duration, genre, release_date, `rank`, image) VALUES (29, 96, 'Song ho20aMRAzS', 294, 'Classical', '2008-02-02', 271, 'https://picsum.photos/id/204/200/200');
INSERT INTO SONGS (song_id, album_id, title, duration, genre, release_date, `rank`, image) VALUES (30, 1, 'Song vxCVvw72K2', 356, 'Country', '2011-11-06', 215, 'https://picsum.photos/id/255/200/200');
INSERT INTO SONGS (song_id, album_id, title, duration, genre, release_date, `rank`, image) VALUES (31, 94, 'Song oi91OprYvW', 314, 'Hip Hop', '2010-02-16', 250, 'https://picsum.photos/id/251/200/200');
INSERT INTO SONGS (song_id, album_id, title, duration, genre, release_date, `rank`, image) VALUES (32, 100, 'Song zzKjJ1vZfN', 282, 'Blues', '2012-05-24', 942, 'https://picsum.photos/id/267/200/200');
INSERT INTO SONGS (song_id, album_id, title, duration, genre, release_date, `rank`, image) VALUES (33, 74, 'Song FwWP5XJVpM', 306, 'Electronic', '2008-09-24', 341, 'https://picsum.photos/id/207/200/200');
INSERT INTO SONGS (song_id, album_id, title, duration, genre, release_date, `rank`, image) VALUES (34, 158, 'Song cOKJrkijlc', 403, 'R&B', '2019-10-28', 832, 'https://picsum.photos/id/289/200/200');
INSERT INTO SONGS (song_id, album_id, title, duration, genre, release_date, `rank`, image) VALUES (35, 3, 'Song KnEOw2RwBu', 425, 'Electronic', '2017-06-25', 970, 'https://picsum.photos/id/293/200/200');
INSERT INTO SONGS (song_id, album_id, title, duration, genre, release_date, `rank`, image) VALUES (36, 34, 'Song sBwUx8XeHm', 323, 'Metal', '2010-12-13', 883, 'https://picsum.photos/id/210/200/200');
INSERT INTO SONGS (song_id, album_id, title, duration, genre, release_date, `rank`, image) VALUES (37, 97, 'Song rFVq3wU1ih', 248, 'Alternative', '2010-06-23', 463, 'https://picsum.photos/id/244/200/200');
INSERT INTO SONGS (song_id, album_id, title, duration, genre, release_date, `rank`, image) VALUES (38, 3, 'Song srArekg6XL', 273, 'Reggae', '2017-09-01', 383, 'https://picsum.photos/id/293/200/200');
INSERT INTO SONGS (song_id, album_id, title, duration, genre, release_date, `rank`, image) VALUES (39, 15, 'Song JlRCJwvbsI', 318, 'Rock', '2011-03-18', 267, 'https://picsum.photos/id/259/200/200');
INSERT INTO SONGS (song_id, album_id, title, duration, genre, release_date, `rank`, image) VALUES (40, 176, 'Song DgLhTi0VWV', 444, 'Indie', '2018-05-19', 868, 'https://picsum.photos/id/227/200/200');
INSERT INTO SONGS (song_id, album_id, title, duration, genre, release_date, `rank`, image) VALUES (41, 173, 'Song bkNWaVJsg2', 372, 'Alternative', '2019-09-04', 538, 'https://picsum.photos/id/279/200/200');
INSERT INTO SONGS (song_id, album_id, title, duration, genre, release_date, `rank`, image) VALUES (42, 190, 'Song QOTK5Ur8Z7', 263, 'Folk', '2013-07-17', 16, 'https://picsum.photos/id/267/200/200');
INSERT INTO SONGS (song_id, album_id, title, duration, genre, release_date, `rank`, image) VALUES (43, 108, 'Song WjcubADAjJ', 389, 'Country', '2008-08-08', 634, 'https://picsum.photos/id/221/200/200');
INSERT INTO SONGS (song_id, album_id, title, duration, genre, release_date, `rank`, image) VALUES (44, 115, 'Song KUeuwG6WJz', 302, 'Country', '2020-01-20', 99, 'https://picsum.photos/id/239/200/200');
INSERT INTO SONGS (song_id, album_id, title, duration, genre, release_date, `rank`, image) VALUES (45, 134, 'Song aYgYNLOdxK', 166, 'Hip Hop', '2016-08-17', 413, 'https://picsum.photos/id/254/200/200');
INSERT INTO SONGS (song_id, album_id, title, duration, genre, release_date, `rank`, image) VALUES (46, 1, 'Song gxvrdYzCZY', 306, 'Jazz', '2017-10-08', 543, 'https://picsum.photos/id/255/200/200');
INSERT INTO SONGS (song_id, album_id, title, duration, genre, release_date, `rank`, image) VALUES (47, 8, 'Song KDD8RowrXg', 144, 'Metal', '2018-08-11', 619, 'https://picsum.photos/id/265/200/200');
INSERT INTO SONGS (song_id, album_id, title, duration, genre, release_date, `rank`, image) VALUES (48, 163, 'Song J1F51oJu94', 136, 'Blues', '2010-04-07', 62, 'https://picsum.photos/id/246/200/200');
INSERT INTO SONGS (song_id, album_id, title, duration, genre, release_date, `rank`, image) VALUES (49, 178, 'Song 4JdeFbQmdW', 465, 'Classical', '2023-12-11', 733, 'https://picsum.photos/id/267/200/200');
INSERT INTO SONGS (song_id, album_id, title, duration, genre, release_date, `rank`, image) VALUES (50, 137, 'Song FvKU2GUMH8', 352, 'Jazz', '2022-09-02', 633, 'https://picsum.photos/id/232/200/200');
INSERT INTO SONGS (song_id, album_id, title, duration, genre, release_date, `rank`, image) VALUES (51, 197, 'Song PnLfhhiWr2', 184, 'Classical', '2014-02-11', 909, 'https://picsum.photos/id/284/200/200');
INSERT INTO SONGS (song_id, album_id, title, duration, genre, release_date, `rank`, image) VALUES (52, 166, 'Song d8MbaYaGPU', 263, 'Indie', '2019-08-20', 360, 'https://picsum.photos/id/216/200/200');
INSERT INTO SONGS (song_id, album_id, title, duration, genre, release_date, `rank`, image) VALUES (53, 37, 'Song yyac8bbFLn', 345, 'Country', '2016-04-22', 341, 'https://picsum.photos/id/204/200/200');
INSERT INTO SONGS (song_id, album_id, title, duration, genre, release_date, `rank`, image) VALUES (54, 179, 'Song 6DjCLAZk6I', 379, 'Metal', '2015-09-08', 674, 'https://picsum.photos/id/209/200/200');
INSERT INTO SONGS (song_id, album_id, title, duration, genre, release_date, `rank`, image) VALUES (55, 80, 'Song E0jvRgigrx', 279, 'Dance', '2016-06-26', 477, 'https://picsum.photos/id/276/200/200');
INSERT INTO SONGS (song_id, album_id, title, duration, genre, release_date, `rank`, image) VALUES (56, 109, 'Song repjVfxFyk', 286, 'Folk', '2021-08-18', 478, 'https://picsum.photos/id/202/200/200');
INSERT INTO SONGS (song_id, album_id, title, duration, genre, release_date, `rank`, image) VALUES (57, 89, 'Song 6FGBPQvzEl', 144, 'Indie', '2021-02-12', 971, 'https://picsum.photos/id/289/200/200');
INSERT INTO SONGS (song_id, album_id, title, duration, genre, release_date, `rank`, image) VALUES (58, 88, 'Song Ch6NVyvDhZ', 132, 'R&B', '2008-11-23', 371, 'https://picsum.photos/id/278/200/200');
INSERT INTO SONGS (song_id, album_id, title, duration, genre, release_date, `rank`, image) VALUES (59, 180, 'Song uKMD5QTKFn', 478, 'Reggae', '2016-11-17', 566, 'https://picsum.photos/id/279/200/200');
INSERT INTO SONGS (song_id, album_id, title, duration, genre, release_date, `rank`, image) VALUES (60, 187, 'Song RPTcV2O3RK', 270, 'Hip Hop', '2023-07-14', 585, 'https://picsum.photos/id/237/200/200');
INSERT INTO SONGS (song_id, album_id, title, duration, genre, release_date, `rank`, image) VALUES (61, 34, 'Song XSjSL54i7t', 270, 'Alternative', '2012-01-12', 228, 'https://picsum.photos/id/210/200/200');
INSERT INTO SONGS (song_id, album_id, title, duration, genre, release_date, `rank`, image) VALUES (62, 31, 'Song 5vUNne2DV0', 175, 'Folk', '2016-08-19', 511, 'https://picsum.photos/id/230/200/200');
INSERT INTO SONGS (song_id, album_id, title, duration, genre, release_date, `rank`, image) VALUES (63, 97, 'Song qIT1lnccZp', 124, 'Electronic', '2015-02-02', 265, 'https://picsum.photos/id/244/200/200');
INSERT INTO SONGS (song_id, album_id, title, duration, genre, release_date, `rank`, image) VALUES (64, 50, 'Song 9iJVC2oIQB', 170, 'Rock', '2017-04-19', 317, 'https://picsum.photos/id/289/200/200');
INSERT INTO SONGS (song_id, album_id, title, duration, genre, release_date, `rank`, image) VALUES (65, 140, 'Song FJOACBJBKS', 120, 'Reggae', '2009-01-20', 758, 'https://picsum.photos/id/274/200/200');
INSERT INTO SONGS (song_id, album_id, title, duration, genre, release_date, `rank`, image) VALUES (66, 45, 'Song fvtuFVJ8YF', 281, 'Reggae', '2016-06-25', 251, 'https://picsum.photos/id/265/200/200');
INSERT INTO SONGS (song_id, album_id, title, duration, genre, release_date, `rank`, image) VALUES (67, 48, 'Song iNQMxi4cu4', 428, 'R&B', '2019-03-24', 375, 'https://picsum.photos/id/290/200/200');
INSERT INTO SONGS (song_id, album_id, title, duration, genre, release_date, `rank`, image) VALUES (68, 196, 'Song ow4zb46ZuH', 293, 'Reggae', '2010-02-16', 808, 'https://picsum.photos/id/290/200/200');
INSERT INTO SONGS (song_id, album_id, title, duration, genre, release_date, `rank`, image) VALUES (69, 183, 'Song mTSepvsMt6', 200, 'Hip Hop', '2016-12-14', 773, 'https://picsum.photos/id/223/200/200');
INSERT INTO SONGS (song_id, album_id, title, duration, genre, release_date, `rank`, image) VALUES (70, 124, 'Song aHlrNL3AZ5', 139, 'Blues', '2013-02-18', 190, 'https://picsum.photos/id/253/200/200');
INSERT INTO SONGS (song_id, album_id, title, duration, genre, release_date, `rank`, image) VALUES (71, 28, 'Song JyWc8H4x8K', 320, 'Jazz', '2019-03-01', 704, 'https://picsum.photos/id/274/200/200');
INSERT INTO SONGS (song_id, album_id, title, duration, genre, release_date, `rank`, image) VALUES (72, 80, 'Song YuIigFYM9F', 280, 'Rock', '2008-10-14', 338, 'https://picsum.photos/id/276/200/200');
INSERT INTO SONGS (song_id, album_id, title, duration, genre, release_date, `rank`, image) VALUES (73, 104, 'Song 8ZZevmc0bc', 255, 'Indie', '2008-08-27', 557, 'https://picsum.photos/id/254/200/200');
INSERT INTO SONGS (song_id, album_id, title, duration, genre, release_date, `rank`, image) VALUES (74, 85, 'Song MYylcWbuIn', 247, 'Electronic', '2011-02-25', 543, 'https://picsum.photos/id/298/200/200');
INSERT INTO SONGS (song_id, album_id, title, duration, genre, release_date, `rank`, image) VALUES (75, 10, 'Song rpkY198fcC', 364, 'Alternative', '2019-01-09', 876, 'https://picsum.photos/id/245/200/200');
INSERT INTO SONGS (song_id, album_id, title, duration, genre, release_date, `rank`, image) VALUES (76, 169, 'Song es5fsELfYR', 400, 'Pop', '2013-06-19', 720, 'https://picsum.photos/id/223/200/200');
INSERT INTO SONGS (song_id, album_id, title, duration, genre, release_date, `rank`, image) VALUES (77, 46, 'Song EvzXMWhU56', 372, 'Classical', '2012-03-18', 205, 'https://picsum.photos/id/231/200/200');
INSERT INTO SONGS (song_id, album_id, title, duration, genre, release_date, `rank`, image) VALUES (78, 136, 'Song dA3TvbBnbT', 153, 'Jazz', '2017-06-27', 396, 'https://picsum.photos/id/233/200/200');
INSERT INTO SONGS (song_id, album_id, title, duration, genre, release_date, `rank`, image) VALUES (79, 113, 'Song 0o5zl9yjcU', 393, 'Folk', '2021-02-12', 186, 'https://picsum.photos/id/247/200/200');
INSERT INTO SONGS (song_id, album_id, title, duration, genre, release_date, `rank`, image) VALUES (80, 16, 'Song Ai1iaNk5Uj', 120, 'Reggae', '2023-06-15', 449, 'https://picsum.photos/id/265/200/200');
INSERT INTO SONGS (song_id, album_id, title, duration, genre, release_date, `rank`, image) VALUES (81, 155, 'Song XrpKPzjkAp', 428, 'Jazz', '2018-11-23', 693, 'https://picsum.photos/id/215/200/200');
INSERT INTO SONGS (song_id, album_id, title, duration, genre, release_date, `rank`, image) VALUES (82, 17, 'Song EHuMyW1KQx', 368, 'Dance', '2015-07-10', 708, 'https://picsum.photos/id/202/200/200');
INSERT INTO SONGS (song_id, album_id, title, duration, genre, release_date, `rank`, image) VALUES (83, 131, 'Song FYGcVESaHX', 254, 'Folk', '2022-09-20', 236, 'https://picsum.photos/id/284/200/200');
INSERT INTO SONGS (song_id, album_id, title, duration, genre, release_date, `rank`, image) VALUES (84, 87, 'Song YSjVjvv9SH', 453, 'R&B', '2016-12-29', 908, 'https://picsum.photos/id/208/200/200');
INSERT INTO SONGS (song_id, album_id, title, duration, genre, release_date, `rank`, image) VALUES (85, 176, 'Song sYxMNPNrHd', 406, 'Metal', '2010-01-22', 648, 'https://picsum.photos/id/227/200/200');
INSERT INTO SONGS (song_id, album_id, title, duration, genre, release_date, `rank`, image) VALUES (86, 46, 'Song Amks4o7m72', 397, 'Pop', '2010-03-16', 417, 'https://picsum.photos/id/231/200/200');
INSERT INTO SONGS (song_id, album_id, title, duration, genre, release_date, `rank`, image) VALUES (87, 144, 'Song BcQzT43VA7', 221, 'Pop', '2011-09-21', 129, 'https://picsum.photos/id/203/200/200');
INSERT INTO SONGS (song_id, album_id, title, duration, genre, release_date, `rank`, image) VALUES (88, 95, 'Song mDv4cYwX57', 350, 'Electronic', '2015-11-12', 1000, 'https://picsum.photos/id/286/200/200');
INSERT INTO SONGS (song_id, album_id, title, duration, genre, release_date, `rank`, image) VALUES (89, 11, 'Song ZOoza2Naup', 451, 'Country', '2020-06-04', 43, 'https://picsum.photos/id/259/200/200');
INSERT INTO SONGS (song_id, album_id, title, duration, genre, release_date, `rank`, image) VALUES (90, 93, 'Song 2waJ3ZriFo', 232, 'Metal', '2016-05-24', 886, 'https://picsum.photos/id/258/200/200');
INSERT INTO SONGS (song_id, album_id, title, duration, genre, release_date, `rank`, image) VALUES (91, 86, 'Song MoRMs8aqid', 427, 'Alternative', '2018-10-14', 79, 'https://picsum.photos/id/278/200/200');
INSERT INTO SONGS (song_id, album_id, title, duration, genre, release_date, `rank`, image) VALUES (92, 160, 'Song VvS6Cp46Fu', 280, 'Metal', '2019-07-03', 244, 'https://picsum.photos/id/227/200/200');
INSERT INTO SONGS (song_id, album_id, title, duration, genre, release_date, `rank`, image) VALUES (93, 132, 'Song WpCcdvUOfb', 181, 'Reggae', '2013-01-16', 939, 'https://picsum.photos/id/250/200/200');
INSERT INTO SONGS (song_id, album_id, title, duration, genre, release_date, `rank`, image) VALUES (94, 41, 'Song V3i3wcsNRc', 193, 'Classical', '2012-01-11', 60, 'https://picsum.photos/id/271/200/200');
INSERT INTO SONGS (song_id, album_id, title, duration, genre, release_date, `rank`, image) VALUES (95, 18, 'Song T6lc86FX46', 125, 'R&B', '2008-08-12', 874, 'https://picsum.photos/id/257/200/200');
INSERT INTO SONGS (song_id, album_id, title, duration, genre, release_date, `rank`, image) VALUES (96, 51, 'Song RQ9GndtV4Y', 423, 'Pop', '2019-05-02', 599, 'https://picsum.photos/id/261/200/200');
INSERT INTO SONGS (song_id, album_id, title, duration, genre, release_date, `rank`, image) VALUES (97, 160, 'Song HJHajtGrJQ', 462, 'Metal', '2016-07-24', 693, 'https://picsum.photos/id/227/200/200');
INSERT INTO SONGS (song_id, album_id, title, duration, genre, release_date, `rank`, image) VALUES (98, 137, 'Song ZJf0V5ya5t', 372, 'Hip Hop', '2009-02-01', 108, 'https://picsum.photos/id/232/200/200');
INSERT INTO SONGS (song_id, album_id, title, duration, genre, release_date, `rank`, image) VALUES (99, 113, 'Song B7u5eGVXTt', 435, 'R&B', '2012-02-25', 158, 'https://picsum.photos/id/247/200/200');
INSERT INTO SONGS (song_id, album_id, title, duration, genre, release_date, `rank`, image) VALUES (100, 53, 'Song NyQQ92SZp5', 475, 'Electronic', '2022-08-31', 50, 'https://picsum.photos/id/256/200/200');
INSERT INTO SONGS (song_id, album_id, title, duration, genre, release_date, `rank`, image) VALUES (101, 137, 'Song h8P0OpNOyV', 225, 'Folk', '2020-12-08', 444, 'https://picsum.photos/id/232/200/200');
INSERT INTO SONGS (song_id, album_id, title, duration, genre, release_date, `rank`, image) VALUES (102, 54, 'Song 2VhnBjSXcy', 345, 'Folk', '2020-01-01', 989, 'https://picsum.photos/id/250/200/200');
INSERT INTO SONGS (song_id, album_id, title, duration, genre, release_date, `rank`, image) VALUES (103, 167, 'Song AYE9xJvWYY', 379, 'Dance', '2023-09-16', 654, 'https://picsum.photos/id/250/200/200');
INSERT INTO SONGS (song_id, album_id, title, duration, genre, release_date, `rank`, image) VALUES (104, 61, 'Song AUvyppfrBi', 173, 'Reggae', '2023-07-17', 2, 'https://picsum.photos/id/237/200/200');
INSERT INTO SONGS (song_id, album_id, title, duration, genre, release_date, `rank`, image) VALUES (105, 160, 'Song wFKIBkqU8L', 253, 'Indie', '2009-01-09', 512, 'https://picsum.photos/id/227/200/200');
INSERT INTO SONGS (song_id, album_id, title, duration, genre, release_date, `rank`, image) VALUES (106, 7, 'Song 9l5DtlKxed', 269, 'R&B', '2022-05-09', 164, 'https://picsum.photos/id/268/200/200');
INSERT INTO SONGS (song_id, album_id, title, duration, genre, release_date, `rank`, image) VALUES (107, 141, 'Song wJfUDDxJXD', 305, 'Country', '2023-07-21', 441, 'https://picsum.photos/id/216/200/200');
INSERT INTO SONGS (song_id, album_id, title, duration, genre, release_date, `rank`, image) VALUES (108, 56, 'Song ItTWM0dwAs', 133, 'Indie', '2024-02-26', 287, 'https://picsum.photos/id/276/200/200');
INSERT INTO SONGS (song_id, album_id, title, duration, genre, release_date, `rank`, image) VALUES (109, 177, 'Song 6cdjpYAvRX', 130, 'Hip Hop', '2010-08-23', 577, 'https://picsum.photos/id/282/200/200');
INSERT INTO SONGS (song_id, album_id, title, duration, genre, release_date, `rank`, image) VALUES (110, 146, 'Song AglgRbqjsb', 173, 'Electronic', '2021-09-16', 575, 'https://picsum.photos/id/273/200/200');
INSERT INTO SONGS (song_id, album_id, title, duration, genre, release_date, `rank`, image) VALUES (111, 108, 'Song B0ySRJVg74', 192, 'Jazz', '2014-12-16', 169, 'https://picsum.photos/id/221/200/200');
INSERT INTO SONGS (song_id, album_id, title, duration, genre, release_date, `rank`, image) VALUES (112, 125, 'Song Pml9Ax8Lvu', 273, 'Folk', '2011-10-12', 139, 'https://picsum.photos/id/237/200/200');
INSERT INTO SONGS (song_id, album_id, title, duration, genre, release_date, `rank`, image) VALUES (113, 90, 'Song dhrlnaJylT', 436, 'Jazz', '2009-09-01', 641, 'https://picsum.photos/id/254/200/200');
INSERT INTO SONGS (song_id, album_id, title, duration, genre, release_date, `rank`, image) VALUES (114, 82, 'Song cJ1SdngeZ0', 449, 'Blues', '2019-11-08', 842, 'https://picsum.photos/id/278/200/200');
INSERT INTO SONGS (song_id, album_id, title, duration, genre, release_date, `rank`, image) VALUES (115, 20, 'Song gjV7kOBGZM', 180, 'Dance', '2019-03-12', 451, 'https://picsum.photos/id/217/200/200');
INSERT INTO SONGS (song_id, album_id, title, duration, genre, release_date, `rank`, image) VALUES (116, 96, 'Song GswjnJhE5L', 308, 'Country', '2019-09-05', 715, 'https://picsum.photos/id/204/200/200');
INSERT INTO SONGS (song_id, album_id, title, duration, genre, release_date, `rank`, image) VALUES (117, 154, 'Song IpikkyeWc2', 364, 'Rock', '2010-09-29', 267, 'https://picsum.photos/id/273/200/200');
INSERT INTO SONGS (song_id, album_id, title, duration, genre, release_date, `rank`, image) VALUES (118, 188, 'Song XmArMtTqk5', 343, 'Jazz', '2014-05-24', 274, 'https://picsum.photos/id/219/200/200');
INSERT INTO SONGS (song_id, album_id, title, duration, genre, release_date, `rank`, image) VALUES (119, 7, 'Song XnLPMD6vVw', 180, 'Indie', '2012-08-25', 935, 'https://picsum.photos/id/268/200/200');
INSERT INTO SONGS (song_id, album_id, title, duration, genre, release_date, `rank`, image) VALUES (120, 62, 'Song iuQdEtMU52', 414, 'Indie', '2013-07-10', 82, 'https://picsum.photos/id/296/200/200');
INSERT INTO SONGS (song_id, album_id, title, duration, genre, release_date, `rank`, image) VALUES (121, 92, 'Song 1hZBIgSps7', 173, 'Classical', '2020-10-01', 558, 'https://picsum.photos/id/298/200/200');
INSERT INTO SONGS (song_id, album_id, title, duration, genre, release_date, `rank`, image) VALUES (122, 69, 'Song YLWStMuYNP', 234, 'Indie', '2011-11-02', 252, 'https://picsum.photos/id/214/200/200');
INSERT INTO SONGS (song_id, album_id, title, duration, genre, release_date, `rank`, image) VALUES (123, 12, 'Song 9XdVNJzU74', 331, 'Reggae', '2018-12-04', 346, 'https://picsum.photos/id/289/200/200');
INSERT INTO SONGS (song_id, album_id, title, duration, genre, release_date, `rank`, image) VALUES (124, 18, 'Song jdDukejyk5', 472, 'Country', '2014-09-12', 352, 'https://picsum.photos/id/257/200/200');
INSERT INTO SONGS (song_id, album_id, title, duration, genre, release_date, `rank`, image) VALUES (125, 197, 'Song UHhiXOpKrS', 217, 'R&B', '2011-02-14', 216, 'https://picsum.photos/id/284/200/200');
INSERT INTO SONGS (song_id, album_id, title, duration, genre, release_date, `rank`, image) VALUES (126, 69, 'Song TpBiKHofMK', 463, 'Electronic', '2021-11-03', 579, 'https://picsum.photos/id/214/200/200');
INSERT INTO SONGS (song_id, album_id, title, duration, genre, release_date, `rank`, image) VALUES (127, 26, 'Song 0Y6RcjvJQB', 162, 'Classical', '2019-09-30', 671, 'https://picsum.photos/id/253/200/200');
INSERT INTO SONGS (song_id, album_id, title, duration, genre, release_date, `rank`, image) VALUES (128, 76, 'Song HVWCq7OQPz', 218, 'R&B', '2023-09-13', 178, 'https://picsum.photos/id/204/200/200');
INSERT INTO SONGS (song_id, album_id, title, duration, genre, release_date, `rank`, image) VALUES (129, 8, 'Song hHuZyntkwB', 478, 'Reggae', '2021-04-04', 261, 'https://picsum.photos/id/265/200/200');
INSERT INTO SONGS (song_id, album_id, title, duration, genre, release_date, `rank`, image) VALUES (130, 172, 'Song 5J1dkuzGky', 190, 'R&B', '2021-10-11', 306, 'https://picsum.photos/id/242/200/200');
INSERT INTO SONGS (song_id, album_id, title, duration, genre, release_date, `rank`, image) VALUES (131, 103, 'Song hS32iiwzkK', 276, 'Country', '2011-02-06', 468, 'https://picsum.photos/id/288/200/200');
INSERT INTO SONGS (song_id, album_id, title, duration, genre, release_date, `rank`, image) VALUES (132, 104, 'Song 3y6twpoBZ4', 448, 'Rock', '2017-12-11', 158, 'https://picsum.photos/id/254/200/200');
INSERT INTO SONGS (song_id, album_id, title, duration, genre, release_date, `rank`, image) VALUES (133, 86, 'Song FLGcimRh9G', 220, 'Dance', '2015-10-13', 959, 'https://picsum.photos/id/278/200/200');
INSERT INTO SONGS (song_id, album_id, title, duration, genre, release_date, `rank`, image) VALUES (134, 15, 'Song 7HuevuiScV', 335, 'Rock', '2012-11-05', 623, 'https://picsum.photos/id/259/200/200');
INSERT INTO SONGS (song_id, album_id, title, duration, genre, release_date, `rank`, image) VALUES (135, 140, 'Song 8GRXWRXA7P', 378, 'R&B', '2009-09-05', 178, 'https://picsum.photos/id/274/200/200');
INSERT INTO SONGS (song_id, album_id, title, duration, genre, release_date, `rank`, image) VALUES (136, 175, 'Song pLHqXJXW4M', 339, 'Reggae', '2020-05-10', 83, 'https://picsum.photos/id/294/200/200');
INSERT INTO SONGS (song_id, album_id, title, duration, genre, release_date, `rank`, image) VALUES (137, 125, 'Song aJLoXx21ml', 222, 'Blues', '2015-04-07', 299, 'https://picsum.photos/id/237/200/200');
INSERT INTO SONGS (song_id, album_id, title, duration, genre, release_date, `rank`, image) VALUES (138, 106, 'Song ptEFlHIzoj', 380, 'Electronic', '2019-04-19', 796, 'https://picsum.photos/id/222/200/200');
INSERT INTO SONGS (song_id, album_id, title, duration, genre, release_date, `rank`, image) VALUES (139, 167, 'Song YY8M17tpys', 127, 'Metal', '2015-01-16', 196, 'https://picsum.photos/id/250/200/200');
INSERT INTO SONGS (song_id, album_id, title, duration, genre, release_date, `rank`, image) VALUES (140, 1, 'Song y9MjFyiOrq', 440, 'Indie', '2011-09-03', 849, 'https://picsum.photos/id/255/200/200');
INSERT INTO SONGS (song_id, album_id, title, duration, genre, release_date, `rank`, image) VALUES (141, 28, 'Song 3Trl6aYEYC', 296, 'Alternative', '2020-03-29', 545, 'https://picsum.photos/id/274/200/200');
INSERT INTO SONGS (song_id, album_id, title, duration, genre, release_date, `rank`, image) VALUES (142, 85, 'Song BUBls3UXTo', 441, 'Classical', '2014-06-30', 717, 'https://picsum.photos/id/298/200/200');
INSERT INTO SONGS (song_id, album_id, title, duration, genre, release_date, `rank`, image) VALUES (143, 3, 'Song tuhDmyHqPF', 158, 'Classical', '2010-09-23', 722, 'https://picsum.photos/id/293/200/200');
INSERT INTO SONGS (song_id, album_id, title, duration, genre, release_date, `rank`, image) VALUES (144, 121, 'Song GSRI7uRgYO', 270, 'Hip Hop', '2015-01-31', 853, 'https://picsum.photos/id/259/200/200');
INSERT INTO SONGS (song_id, album_id, title, duration, genre, release_date, `rank`, image) VALUES (145, 172, 'Song OvNRHmrxrp', 416, 'Dance', '2016-02-20', 804, 'https://picsum.photos/id/242/200/200');
INSERT INTO SONGS (song_id, album_id, title, duration, genre, release_date, `rank`, image) VALUES (146, 176, 'Song HHAOfg5ZTT', 359, 'Dance', '2018-10-29', 292, 'https://picsum.photos/id/227/200/200');
INSERT INTO SONGS (song_id, album_id, title, duration, genre, release_date, `rank`, image) VALUES (147, 99, 'Song YuhHmLGqzw', 445, 'Reggae', '2017-01-20', 280, 'https://picsum.photos/id/240/200/200');
INSERT INTO SONGS (song_id, album_id, title, duration, genre, release_date, `rank`, image) VALUES (148, 159, 'Song Q0fMupo2vm', 156, 'Blues', '2019-06-07', 83, 'https://picsum.photos/id/267/200/200');
INSERT INTO SONGS (song_id, album_id, title, duration, genre, release_date, `rank`, image) VALUES (149, 141, 'Song ywnp5XZZzr', 344, 'Alternative', '2008-03-06', 611, 'https://picsum.photos/id/216/200/200');
INSERT INTO SONGS (song_id, album_id, title, duration, genre, release_date, `rank`, image) VALUES (150, 140, 'Song 1TQOhzdxFB', 475, 'Metal', '2020-09-03', 131, 'https://picsum.photos/id/274/200/200');
INSERT INTO SONGS (song_id, album_id, title, duration, genre, release_date, `rank`, image) VALUES (151, 184, 'Song 2T6YZ8xvso', 375, 'Folk', '2021-11-02', 541, 'https://picsum.photos/id/232/200/200');
INSERT INTO SONGS (song_id, album_id, title, duration, genre, release_date, `rank`, image) VALUES (152, 79, 'Song CoHUbTJttw', 475, 'Reggae', '2013-09-24', 872, 'https://picsum.photos/id/257/200/200');
INSERT INTO SONGS (song_id, album_id, title, duration, genre, release_date, `rank`, image) VALUES (153, 18, 'Song MXGjcJQoqw', 269, 'Country', '2020-10-21', 939, 'https://picsum.photos/id/257/200/200');
INSERT INTO SONGS (song_id, album_id, title, duration, genre, release_date, `rank`, image) VALUES (154, 17, 'Song RBy3Lnj5KF', 377, 'Pop', '2009-01-12', 444, 'https://picsum.photos/id/202/200/200');
INSERT INTO SONGS (song_id, album_id, title, duration, genre, release_date, `rank`, image) VALUES (155, 120, 'Song bce5m0bhJH', 133, 'Jazz', '2023-09-28', 629, 'https://picsum.photos/id/256/200/200');
INSERT INTO SONGS (song_id, album_id, title, duration, genre, release_date, `rank`, image) VALUES (156, 142, 'Song KUZGpJV4zA', 338, 'Reggae', '2017-11-01', 713, 'https://picsum.photos/id/207/200/200');
INSERT INTO SONGS (song_id, album_id, title, duration, genre, release_date, `rank`, image) VALUES (157, 187, 'Song amPvOrOPjG', 254, 'Reggae', '2011-12-08', 332, 'https://picsum.photos/id/237/200/200');
INSERT INTO SONGS (song_id, album_id, title, duration, genre, release_date, `rank`, image) VALUES (158, 194, 'Song IdO6uzmdkd', 420, 'Metal', '2009-10-01', 778, 'https://picsum.photos/id/232/200/200');
INSERT INTO SONGS (song_id, album_id, title, duration, genre, release_date, `rank`, image) VALUES (159, 133, 'Song duUo6AhoOL', 123, 'Reggae', '2010-11-22', 816, 'https://picsum.photos/id/299/200/200');
INSERT INTO SONGS (song_id, album_id, title, duration, genre, release_date, `rank`, image) VALUES (160, 42, 'Song kRQqTMLHHy', 265, 'Alternative', '2011-06-16', 757, 'https://picsum.photos/id/240/200/200');
INSERT INTO SONGS (song_id, album_id, title, duration, genre, release_date, `rank`, image) VALUES (161, 144, 'Song 1CnKOkE2cH', 202, 'Pop', '2022-04-04', 707, 'https://picsum.photos/id/203/200/200');
INSERT INTO SONGS (song_id, album_id, title, duration, genre, release_date, `rank`, image) VALUES (162, 79, 'Song 0TM2IpKLuq', 421, 'Alternative', '2012-05-31', 27, 'https://picsum.photos/id/257/200/200');
INSERT INTO SONGS (song_id, album_id, title, duration, genre, release_date, `rank`, image) VALUES (163, 117, 'Song qi7Wy5QOfG', 356, 'Metal', '2012-02-22', 209, 'https://picsum.photos/id/263/200/200');
INSERT INTO SONGS (song_id, album_id, title, duration, genre, release_date, `rank`, image) VALUES (164, 95, 'Song lz5NrDoZVZ', 214, 'Blues', '2023-12-07', 872, 'https://picsum.photos/id/286/200/200');
INSERT INTO SONGS (song_id, album_id, title, duration, genre, release_date, `rank`, image) VALUES (165, 121, 'Song r0E2LvS9DO', 364, 'Classical', '2017-12-18', 934, 'https://picsum.photos/id/259/200/200');
INSERT INTO SONGS (song_id, album_id, title, duration, genre, release_date, `rank`, image) VALUES (166, 164, 'Song mbDRIBu7ak', 164, 'Indie', '2014-03-26', 308, 'https://picsum.photos/id/239/200/200');
INSERT INTO SONGS (song_id, album_id, title, duration, genre, release_date, `rank`, image) VALUES (167, 13, 'Song DmcCcpB2XJ', 165, 'Electronic', '2019-10-16', 823, 'https://picsum.photos/id/261/200/200');
INSERT INTO SONGS (song_id, album_id, title, duration, genre, release_date, `rank`, image) VALUES (168, 131, 'Song vw0ennBafa', 230, 'Metal', '2017-06-05', 452, 'https://picsum.photos/id/284/200/200');
INSERT INTO SONGS (song_id, album_id, title, duration, genre, release_date, `rank`, image) VALUES (169, 157, 'Song j0nS1wdrOq', 296, 'Folk', '2016-09-17', 593, 'https://picsum.photos/id/212/200/200');
INSERT INTO SONGS (song_id, album_id, title, duration, genre, release_date, `rank`, image) VALUES (170, 150, 'Song jLP5L0Gtdv', 350, 'Alternative', '2014-08-23', 290, 'https://picsum.photos/id/265/200/200');
INSERT INTO SONGS (song_id, album_id, title, duration, genre, release_date, `rank`, image) VALUES (171, 161, 'Song 4IAs7z3MuA', 449, 'Hip Hop', '2016-01-27', 581, 'https://picsum.photos/id/223/200/200');
INSERT INTO SONGS (song_id, album_id, title, duration, genre, release_date, `rank`, image) VALUES (172, 133, 'Song Y64S4xahft', 285, 'Jazz', '2021-07-16', 389, 'https://picsum.photos/id/299/200/200');
INSERT INTO SONGS (song_id, album_id, title, duration, genre, release_date, `rank`, image) VALUES (173, 184, 'Song vevwMiOort', 335, 'Blues', '2013-04-27', 675, 'https://picsum.photos/id/232/200/200');
INSERT INTO SONGS (song_id, album_id, title, duration, genre, release_date, `rank`, image) VALUES (174, 118, 'Song wj9FCyZWEN', 224, 'Classical', '2019-05-09', 622, 'https://picsum.photos/id/286/200/200');
INSERT INTO SONGS (song_id, album_id, title, duration, genre, release_date, `rank`, image) VALUES (175, 184, 'Song LOtw1N43p7', 221, 'Alternative', '2020-01-30', 132, 'https://picsum.photos/id/232/200/200');
INSERT INTO SONGS (song_id, album_id, title, duration, genre, release_date, `rank`, image) VALUES (176, 177, 'Song a7weOvECXK', 433, 'Folk', '2012-09-17', 652, 'https://picsum.photos/id/282/200/200');
INSERT INTO SONGS (song_id, album_id, title, duration, genre, release_date, `rank`, image) VALUES (177, 165, 'Song LLBjoAmAwm', 403, 'Dance', '2022-04-26', 752, 'https://picsum.photos/id/266/200/200');
INSERT INTO SONGS (song_id, album_id, title, duration, genre, release_date, `rank`, image) VALUES (178, 102, 'Song ePM5Sl6XVp', 337, 'Jazz', '2018-10-15', 101, 'https://picsum.photos/id/254/200/200');
INSERT INTO SONGS (song_id, album_id, title, duration, genre, release_date, `rank`, image) VALUES (179, 72, 'Song xCL3dV6e6t', 167, 'Electronic', '2017-01-06', 570, 'https://picsum.photos/id/201/200/200');
INSERT INTO SONGS (song_id, album_id, title, duration, genre, release_date, `rank`, image) VALUES (180, 57, 'Song uevk3owbGc', 290, 'Indie', '2017-05-19', 581, 'https://picsum.photos/id/236/200/200');
INSERT INTO SONGS (song_id, album_id, title, duration, genre, release_date, `rank`, image) VALUES (181, 113, 'Song Q6RR4dd1fF', 129, 'Folk', '2018-06-01', 568, 'https://picsum.photos/id/247/200/200');
INSERT INTO SONGS (song_id, album_id, title, duration, genre, release_date, `rank`, image) VALUES (182, 151, 'Song rLNtvbiGm9', 176, 'Classical', '2024-01-15', 921, 'https://picsum.photos/id/251/200/200');
INSERT INTO SONGS (song_id, album_id, title, duration, genre, release_date, `rank`, image) VALUES (183, 116, 'Song KLb7NAeBgy', 189, 'Pop', '2020-02-11', 227, 'https://picsum.photos/id/224/200/200');
INSERT INTO SONGS (song_id, album_id, title, duration, genre, release_date, `rank`, image) VALUES (184, 56, 'Song kst38u4LT4', 124, 'Jazz', '2012-11-14', 188, 'https://picsum.photos/id/276/200/200');
INSERT INTO SONGS (song_id, album_id, title, duration, genre, release_date, `rank`, image) VALUES (185, 54, 'Song OXxSeWhiVv', 349, 'Indie', '2014-11-22', 248, 'https://picsum.photos/id/250/200/200');
INSERT INTO SONGS (song_id, album_id, title, duration, genre, release_date, `rank`, image) VALUES (186, 92, 'Song ACUtSxV6LZ', 455, 'Alternative', '2010-07-25', 763, 'https://picsum.photos/id/298/200/200');
INSERT INTO SONGS (song_id, album_id, title, duration, genre, release_date, `rank`, image) VALUES (187, 158, 'Song h5rABELp2D', 359, 'Alternative', '2011-11-01', 202, 'https://picsum.photos/id/289/200/200');
INSERT INTO SONGS (song_id, album_id, title, duration, genre, release_date, `rank`, image) VALUES (188, 24, 'Song Nm2mad34rN', 380, 'Electronic', '2010-07-13', 763, 'https://picsum.photos/id/236/200/200');
INSERT INTO SONGS (song_id, album_id, title, duration, genre, release_date, `rank`, image) VALUES (189, 124, 'Song cvgmjWxTZi', 206, 'Dance', '2021-02-04', 658, 'https://picsum.photos/id/253/200/200');
INSERT INTO SONGS (song_id, album_id, title, duration, genre, release_date, `rank`, image) VALUES (190, 175, 'Song MMceeM37vV', 296, 'Electronic', '2012-05-10', 13, 'https://picsum.photos/id/294/200/200');
INSERT INTO SONGS (song_id, album_id, title, duration, genre, release_date, `rank`, image) VALUES (191, 96, 'Song x5Bm4vwXTX', 433, 'Hip Hop', '2016-11-12', 140, 'https://picsum.photos/id/204/200/200');
INSERT INTO SONGS (song_id, album_id, title, duration, genre, release_date, `rank`, image) VALUES (192, 169, 'Song YxRZq2o5hb', 325, 'Folk', '2011-01-06', 241, 'https://picsum.photos/id/223/200/200');
INSERT INTO SONGS (song_id, album_id, title, duration, genre, release_date, `rank`, image) VALUES (193, 97, 'Song CWItucnDYM', 202, 'Reggae', '2019-12-19', 922, 'https://picsum.photos/id/244/200/200');
INSERT INTO SONGS (song_id, album_id, title, duration, genre, release_date, `rank`, image) VALUES (194, 157, 'Song 1eLYvttTnz', 346, 'Blues', '2013-09-10', 731, 'https://picsum.photos/id/212/200/200');
INSERT INTO SONGS (song_id, album_id, title, duration, genre, release_date, `rank`, image) VALUES (195, 99, 'Song MehPqcZ6Rr', 326, 'Classical', '2008-07-10', 339, 'https://picsum.photos/id/240/200/200');
INSERT INTO SONGS (song_id, album_id, title, duration, genre, release_date, `rank`, image) VALUES (196, 143, 'Song v4Xncxa30r', 451, 'Jazz', '2022-06-27', 812, 'https://picsum.photos/id/285/200/200');
INSERT INTO SONGS (song_id, album_id, title, duration, genre, release_date, `rank`, image) VALUES (197, 146, 'Song zvLwaRotEC', 204, 'Country', '2022-07-05', 612, 'https://picsum.photos/id/273/200/200');
INSERT INTO SONGS (song_id, album_id, title, duration, genre, release_date, `rank`, image) VALUES (198, 91, 'Song em7fu73drE', 239, 'R&B', '2020-02-12', 223, 'https://picsum.photos/id/273/200/200');
INSERT INTO SONGS (song_id, album_id, title, duration, genre, release_date, `rank`, image) VALUES (199, 126, 'Song ZWnwkeHanY', 172, 'Classical', '2008-02-27', 207, 'https://picsum.photos/id/215/200/200');
INSERT INTO SONGS (song_id, album_id, title, duration, genre, release_date, `rank`, image) VALUES (200, 38, 'Song oZNggQAsGw', 161, 'Country', '2010-06-09', 412, 'https://picsum.photos/id/213/200/200');
INSERT INTO SONGS (song_id, album_id, title, duration, genre, release_date, `rank`, image) VALUES (201, 107, 'Song WfLgkELcNr', 308, 'Electronic', '2013-10-25', 886, 'https://picsum.photos/id/253/200/200');
INSERT INTO SONGS (song_id, album_id, title, duration, genre, release_date, `rank`, image) VALUES (202, 45, 'Song dm4HcNByk6', 326, 'Blues', '2012-11-21', 780, 'https://picsum.photos/id/265/200/200');
INSERT INTO SONGS (song_id, album_id, title, duration, genre, release_date, `rank`, image) VALUES (203, 121, 'Song ZHwEdkxHRt', 212, 'Electronic', '2017-07-03', 383, 'https://picsum.photos/id/259/200/200');
INSERT INTO SONGS (song_id, album_id, title, duration, genre, release_date, `rank`, image) VALUES (204, 199, 'Song Xp6naL2xL7', 172, 'Hip Hop', '2023-02-03', 45, 'https://picsum.photos/id/277/200/200');
INSERT INTO SONGS (song_id, album_id, title, duration, genre, release_date, `rank`, image) VALUES (205, 13, 'Song KcFYtAFRKt', 289, 'Reggae', '2015-09-10', 183, 'https://picsum.photos/id/261/200/200');
INSERT INTO SONGS (song_id, album_id, title, duration, genre, release_date, `rank`, image) VALUES (206, 198, 'Song HVY4L0m1Gf', 424, 'Rock', '2013-03-30', 867, 'https://picsum.photos/id/272/200/200');
INSERT INTO SONGS (song_id, album_id, title, duration, genre, release_date, `rank`, image) VALUES (207, 196, 'Song BwKXrTsr92', 353, 'Hip Hop', '2013-02-12', 506, 'https://picsum.photos/id/290/200/200');
INSERT INTO SONGS (song_id, album_id, title, duration, genre, release_date, `rank`, image) VALUES (208, 41, 'Song m3nfrjpkwM', 380, 'Reggae', '2014-04-16', 228, 'https://picsum.photos/id/271/200/200');
INSERT INTO SONGS (song_id, album_id, title, duration, genre, release_date, `rank`, image) VALUES (209, 99, 'Song PrH9jx78kY', 326, 'Folk', '2015-06-17', 175, 'https://picsum.photos/id/240/200/200');
INSERT INTO SONGS (song_id, album_id, title, duration, genre, release_date, `rank`, image) VALUES (210, 186, 'Song bWOuKcpyNI', 399, 'Electronic', '2016-10-11', 209, 'https://picsum.photos/id/257/200/200');
INSERT INTO SONGS (song_id, album_id, title, duration, genre, release_date, `rank`, image) VALUES (211, 51, 'Song GlY1ozKPrO', 419, 'Hip Hop', '2021-11-06', 501, 'https://picsum.photos/id/261/200/200');
INSERT INTO SONGS (song_id, album_id, title, duration, genre, release_date, `rank`, image) VALUES (212, 19, 'Song sYHJD9JgDz', 270, 'Rock', '2013-09-17', 855, 'https://picsum.photos/id/292/200/200');
INSERT INTO SONGS (song_id, album_id, title, duration, genre, release_date, `rank`, image) VALUES (213, 18, 'Song it6D3Ziu5Q', 226, 'Pop', '2011-08-23', 113, 'https://picsum.photos/id/257/200/200');
INSERT INTO SONGS (song_id, album_id, title, duration, genre, release_date, `rank`, image) VALUES (214, 47, 'Song hwT8kIlf0U', 168, 'Pop', '2009-10-22', 440, 'https://picsum.photos/id/245/200/200');
INSERT INTO SONGS (song_id, album_id, title, duration, genre, release_date, `rank`, image) VALUES (215, 85, 'Song E7PFSPqYRf', 409, 'Blues', '2008-11-04', 498, 'https://picsum.photos/id/298/200/200');
INSERT INTO SONGS (song_id, album_id, title, duration, genre, release_date, `rank`, image) VALUES (216, 79, 'Song YyQmR9zE9q', 145, 'Rock', '2009-08-20', 7, 'https://picsum.photos/id/257/200/200');
INSERT INTO SONGS (song_id, album_id, title, duration, genre, release_date, `rank`, image) VALUES (217, 105, 'Song 4VlVK1xk1w', 407, 'Jazz', '2008-08-20', 908, 'https://picsum.photos/id/238/200/200');
INSERT INTO SONGS (song_id, album_id, title, duration, genre, release_date, `rank`, image) VALUES (218, 195, 'Song MHczc9gMt4', 476, 'Folk', '2008-08-22', 91, 'https://picsum.photos/id/295/200/200');
INSERT INTO SONGS (song_id, album_id, title, duration, genre, release_date, `rank`, image) VALUES (219, 127, 'Song xxWGMd7kQW', 315, 'Rock', '2023-12-18', 776, 'https://picsum.photos/id/232/200/200');
INSERT INTO SONGS (song_id, album_id, title, duration, genre, release_date, `rank`, image) VALUES (220, 80, 'Song 8Wpd8v1p4Z', 311, 'R&B', '2019-10-14', 220, 'https://picsum.photos/id/276/200/200');
INSERT INTO SONGS (song_id, album_id, title, duration, genre, release_date, `rank`, image) VALUES (221, 139, 'Song HAmOck2vGW', 478, 'Reggae', '2008-01-07', 842, 'https://picsum.photos/id/209/200/200');
INSERT INTO SONGS (song_id, album_id, title, duration, genre, release_date, `rank`, image) VALUES (222, 174, 'Song qVtV1IWcBi', 244, 'R&B', '2011-07-17', 344, 'https://picsum.photos/id/218/200/200');
INSERT INTO SONGS (song_id, album_id, title, duration, genre, release_date, `rank`, image) VALUES (223, 110, 'Song oOt9YfS6iN', 319, 'Rock', '2019-01-20', 549, 'https://picsum.photos/id/284/200/200');
INSERT INTO SONGS (song_id, album_id, title, duration, genre, release_date, `rank`, image) VALUES (224, 86, 'Song c3kWMSJrLr', 168, 'Pop', '2012-03-31', 721, 'https://picsum.photos/id/278/200/200');
INSERT INTO SONGS (song_id, album_id, title, duration, genre, release_date, `rank`, image) VALUES (225, 197, 'Song FzSrf2iJcs', 447, 'Folk', '2010-04-12', 774, 'https://picsum.photos/id/284/200/200');
INSERT INTO SONGS (song_id, album_id, title, duration, genre, release_date, `rank`, image) VALUES (226, 101, 'Song HxPybSzcS7', 133, 'Country', '2014-02-05', 789, 'https://picsum.photos/id/297/200/200');
INSERT INTO SONGS (song_id, album_id, title, duration, genre, release_date, `rank`, image) VALUES (227, 86, 'Song kisKINqiZd', 467, 'Electronic', '2023-07-22', 961, 'https://picsum.photos/id/278/200/200');
INSERT INTO SONGS (song_id, album_id, title, duration, genre, release_date, `rank`, image) VALUES (228, 113, 'Song Y4ZaLStzJq', 320, 'Rock', '2013-07-16', 349, 'https://picsum.photos/id/247/200/200');
INSERT INTO SONGS (song_id, album_id, title, duration, genre, release_date, `rank`, image) VALUES (229, 145, 'Song vgh7S5RFDK', 465, 'Folk', '2011-10-02', 305, 'https://picsum.photos/id/203/200/200');
INSERT INTO SONGS (song_id, album_id, title, duration, genre, release_date, `rank`, image) VALUES (230, 22, 'Song RyGit8rE3X', 372, 'R&B', '2022-01-24', 914, 'https://picsum.photos/id/273/200/200');
INSERT INTO SONGS (song_id, album_id, title, duration, genre, release_date, `rank`, image) VALUES (231, 193, 'Song KowMxkfnb3', 257, 'Pop', '2009-02-10', 657, 'https://picsum.photos/id/238/200/200');
INSERT INTO SONGS (song_id, album_id, title, duration, genre, release_date, `rank`, image) VALUES (232, 169, 'Song RnDjwETIDm', 233, 'Metal', '2010-12-11', 722, 'https://picsum.photos/id/223/200/200');
INSERT INTO SONGS (song_id, album_id, title, duration, genre, release_date, `rank`, image) VALUES (233, 167, 'Song nKZPjD1tLc', 303, 'Hip Hop', '2018-01-11', 92, 'https://picsum.photos/id/250/200/200');
INSERT INTO SONGS (song_id, album_id, title, duration, genre, release_date, `rank`, image) VALUES (234, 46, 'Song dBL4ivuIaa', 268, 'Metal', '2021-03-26', 707, 'https://picsum.photos/id/231/200/200');
INSERT INTO SONGS (song_id, album_id, title, duration, genre, release_date, `rank`, image) VALUES (235, 68, 'Song x98Mx8d4pL', 397, 'Alternative', '2014-11-25', 158, 'https://picsum.photos/id/232/200/200');
INSERT INTO SONGS (song_id, album_id, title, duration, genre, release_date, `rank`, image) VALUES (236, 109, 'Song HFOfMTbSKq', 454, 'Classical', '2021-10-27', 686, 'https://picsum.photos/id/202/200/200');
INSERT INTO SONGS (song_id, album_id, title, duration, genre, release_date, `rank`, image) VALUES (237, 168, 'Song WFN6M9npZv', 305, 'Jazz', '2019-08-07', 764, 'https://picsum.photos/id/291/200/200');
INSERT INTO SONGS (song_id, album_id, title, duration, genre, release_date, `rank`, image) VALUES (238, 92, 'Song l1T7vciV7t', 354, 'Folk', '2020-02-15', 405, 'https://picsum.photos/id/298/200/200');
INSERT INTO SONGS (song_id, album_id, title, duration, genre, release_date, `rank`, image) VALUES (239, 120, 'Song Fb3VbBzgC3', 136, 'Dance', '2010-10-28', 85, 'https://picsum.photos/id/256/200/200');
INSERT INTO SONGS (song_id, album_id, title, duration, genre, release_date, `rank`, image) VALUES (240, 17, 'Song zHpLZpzmx2', 215, 'Jazz', '2015-11-16', 387, 'https://picsum.photos/id/202/200/200');
INSERT INTO SONGS (song_id, album_id, title, duration, genre, release_date, `rank`, image) VALUES (241, 181, 'Song KxqIDpTVue', 364, 'Metal', '2011-10-28', 534, 'https://picsum.photos/id/261/200/200');
INSERT INTO SONGS (song_id, album_id, title, duration, genre, release_date, `rank`, image) VALUES (242, 166, 'Song eCwGXm3naI', 123, 'Classical', '2014-01-31', 241, 'https://picsum.photos/id/216/200/200');
INSERT INTO SONGS (song_id, album_id, title, duration, genre, release_date, `rank`, image) VALUES (243, 74, 'Song ujWa2T56F2', 240, 'Blues', '2015-07-12', 992, 'https://picsum.photos/id/207/200/200');
INSERT INTO SONGS (song_id, album_id, title, duration, genre, release_date, `rank`, image) VALUES (244, 41, 'Song ehWmxbQkPE', 133, 'Rock', '2014-08-13', 954, 'https://picsum.photos/id/271/200/200');
INSERT INTO SONGS (song_id, album_id, title, duration, genre, release_date, `rank`, image) VALUES (245, 54, 'Song EYHS7lQ8iw', 365, 'Reggae', '2016-02-29', 304, 'https://picsum.photos/id/250/200/200');
INSERT INTO SONGS (song_id, album_id, title, duration, genre, release_date, `rank`, image) VALUES (246, 39, 'Song 8TWlqXF9g3', 437, 'Country', '2009-07-26', 627, 'https://picsum.photos/id/220/200/200');
INSERT INTO SONGS (song_id, album_id, title, duration, genre, release_date, `rank`, image) VALUES (247, 71, 'Song THKFMFbC3r', 287, 'Alternative', '2015-03-07', 742, 'https://picsum.photos/id/240/200/200');
INSERT INTO SONGS (song_id, album_id, title, duration, genre, release_date, `rank`, image) VALUES (248, 38, 'Song PP5zgI7pJU', 467, 'R&B', '2016-03-05', 712, 'https://picsum.photos/id/213/200/200');
INSERT INTO SONGS (song_id, album_id, title, duration, genre, release_date, `rank`, image) VALUES (249, 94, 'Song StXuVAYPSZ', 327, 'Pop', '2020-09-02', 548, 'https://picsum.photos/id/251/200/200');
INSERT INTO SONGS (song_id, album_id, title, duration, genre, release_date, `rank`, image) VALUES (250, 63, 'Song 2gqMx2AaJn', 439, 'Hip Hop', '2014-03-22', 223, 'https://picsum.photos/id/233/200/200');
INSERT INTO SONGS (song_id, album_id, title, duration, genre, release_date, `rank`, image) VALUES (251, 63, 'Song Ya1jmmM6ha', 419, 'Blues', '2013-10-07', 543, 'https://picsum.photos/id/233/200/200');
INSERT INTO SONGS (song_id, album_id, title, duration, genre, release_date, `rank`, image) VALUES (252, 56, 'Song NUPDucnkZ7', 375, 'Electronic', '2013-06-03', 72, 'https://picsum.photos/id/276/200/200');
INSERT INTO SONGS (song_id, album_id, title, duration, genre, release_date, `rank`, image) VALUES (253, 46, 'Song Qelz0y5sOJ', 387, 'Classical', '2021-05-18', 29, 'https://picsum.photos/id/231/200/200');
INSERT INTO SONGS (song_id, album_id, title, duration, genre, release_date, `rank`, image) VALUES (254, 29, 'Song NRh72fq2qj', 309, 'Alternative', '2015-09-17', 56, 'https://picsum.photos/id/261/200/200');
INSERT INTO SONGS (song_id, album_id, title, duration, genre, release_date, `rank`, image) VALUES (255, 104, 'Song jTnjpNqWQU', 366, 'Jazz', '2022-03-10', 997, 'https://picsum.photos/id/254/200/200');
INSERT INTO SONGS (song_id, album_id, title, duration, genre, release_date, `rank`, image) VALUES (256, 132, 'Song RLDXdALR2P', 422, 'Electronic', '2011-02-02', 468, 'https://picsum.photos/id/250/200/200');
INSERT INTO SONGS (song_id, album_id, title, duration, genre, release_date, `rank`, image) VALUES (257, 25, 'Song usJWQUSWLS', 325, 'Classical', '2016-02-22', 407, 'https://picsum.photos/id/276/200/200');
INSERT INTO SONGS (song_id, album_id, title, duration, genre, release_date, `rank`, image) VALUES (258, 5, 'Song WKmX6OfPuQ', 374, 'Jazz', '2014-06-25', 152, 'https://picsum.photos/id/252/200/200');
INSERT INTO SONGS (song_id, album_id, title, duration, genre, release_date, `rank`, image) VALUES (259, 150, 'Song Q1VvPxaqqz', 339, 'Electronic', '2019-11-27', 275, 'https://picsum.photos/id/265/200/200');
INSERT INTO SONGS (song_id, album_id, title, duration, genre, release_date, `rank`, image) VALUES (260, 35, 'Song lWtG1DYhBf', 296, 'Hip Hop', '2021-09-19', 205, 'https://picsum.photos/id/298/200/200');
INSERT INTO SONGS (song_id, album_id, title, duration, genre, release_date, `rank`, image) VALUES (261, 184, 'Song 9VfvC1b2Y0', 426, 'Indie', '2009-07-11', 946, 'https://picsum.photos/id/232/200/200');
INSERT INTO SONGS (song_id, album_id, title, duration, genre, release_date, `rank`, image) VALUES (262, 49, 'Song tRk70gBJjs', 447, 'Folk', '2008-08-10', 974, 'https://picsum.photos/id/285/200/200');
INSERT INTO SONGS (song_id, album_id, title, duration, genre, release_date, `rank`, image) VALUES (263, 200, 'Song ocXqGKSrvy', 123, 'Jazz', '2008-12-25', 173, 'https://picsum.photos/id/249/200/200');
INSERT INTO SONGS (song_id, album_id, title, duration, genre, release_date, `rank`, image) VALUES (264, 97, 'Song VV9zmfI1Pu', 187, 'Metal', '2024-04-22', 935, 'https://picsum.photos/id/244/200/200');
INSERT INTO SONGS (song_id, album_id, title, duration, genre, release_date, `rank`, image) VALUES (265, 179, 'Song 2mue8lZb46', 472, 'Country', '2018-07-07', 214, 'https://picsum.photos/id/209/200/200');
INSERT INTO SONGS (song_id, album_id, title, duration, genre, release_date, `rank`, image) VALUES (266, 106, 'Song xbr6QgcVer', 188, 'Classical', '2022-04-29', 421, 'https://picsum.photos/id/222/200/200');
INSERT INTO SONGS (song_id, album_id, title, duration, genre, release_date, `rank`, image) VALUES (267, 52, 'Song H4L00WWerH', 208, 'Hip Hop', '2009-02-19', 151, 'https://picsum.photos/id/256/200/200');
INSERT INTO SONGS (song_id, album_id, title, duration, genre, release_date, `rank`, image) VALUES (268, 138, 'Song YgZXBk6Fj1', 162, 'Metal', '2014-12-14', 645, 'https://picsum.photos/id/267/200/200');
INSERT INTO SONGS (song_id, album_id, title, duration, genre, release_date, `rank`, image) VALUES (269, 173, 'Song PFq6CEqJjR', 338, 'Rock', '2008-08-22', 752, 'https://picsum.photos/id/279/200/200');
INSERT INTO SONGS (song_id, album_id, title, duration, genre, release_date, `rank`, image) VALUES (270, 157, 'Song c5I1RNawyB', 476, 'Jazz', '2019-04-03', 509, 'https://picsum.photos/id/212/200/200');
INSERT INTO SONGS (song_id, album_id, title, duration, genre, release_date, `rank`, image) VALUES (271, 141, 'Song uguKsx0Mo4', 453, 'Hip Hop', '2009-11-15', 952, 'https://picsum.photos/id/216/200/200');
INSERT INTO SONGS (song_id, album_id, title, duration, genre, release_date, `rank`, image) VALUES (272, 102, 'Song 8wBHLtXSGc', 129, 'R&B', '2020-04-20', 186, 'https://picsum.photos/id/254/200/200');
INSERT INTO SONGS (song_id, album_id, title, duration, genre, release_date, `rank`, image) VALUES (273, 123, 'Song pG0Bn5e6kZ', 177, 'Alternative', '2017-05-22', 260, 'https://picsum.photos/id/300/200/200');
INSERT INTO SONGS (song_id, album_id, title, duration, genre, release_date, `rank`, image) VALUES (274, 7, 'Song Q9WmS6fjGE', 417, 'Metal', '2023-10-30', 521, 'https://picsum.photos/id/268/200/200');
INSERT INTO SONGS (song_id, album_id, title, duration, genre, release_date, `rank`, image) VALUES (275, 56, 'Song kcqeU8yrqC', 419, 'Alternative', '2010-01-20', 625, 'https://picsum.photos/id/276/200/200');
INSERT INTO SONGS (song_id, album_id, title, duration, genre, release_date, `rank`, image) VALUES (276, 129, 'Song N41SBJatlw', 312, 'Rock', '2016-06-19', 860, 'https://picsum.photos/id/222/200/200');
INSERT INTO SONGS (song_id, album_id, title, duration, genre, release_date, `rank`, image) VALUES (277, 131, 'Song tSrHRuc72s', 121, 'Blues', '2018-09-04', 3, 'https://picsum.photos/id/284/200/200');
INSERT INTO SONGS (song_id, album_id, title, duration, genre, release_date, `rank`, image) VALUES (278, 139, 'Song 54Qoehjn84', 153, 'Hip Hop', '2021-07-09', 955, 'https://picsum.photos/id/209/200/200');
INSERT INTO SONGS (song_id, album_id, title, duration, genre, release_date, `rank`, image) VALUES (279, 110, 'Song 94QziqbIku', 449, 'Blues', '2017-12-26', 120, 'https://picsum.photos/id/284/200/200');
INSERT INTO SONGS (song_id, album_id, title, duration, genre, release_date, `rank`, image) VALUES (280, 24, 'Song cC3oGelmhe', 281, 'Classical', '2021-01-23', 469, 'https://picsum.photos/id/236/200/200');
INSERT INTO SONGS (song_id, album_id, title, duration, genre, release_date, `rank`, image) VALUES (281, 151, 'Song L6CQyFIaCV', 174, 'Jazz', '2015-10-30', 707, 'https://picsum.photos/id/251/200/200');
INSERT INTO SONGS (song_id, album_id, title, duration, genre, release_date, `rank`, image) VALUES (282, 22, 'Song jHzzqNSEEl', 281, 'Hip Hop', '2012-07-09', 439, 'https://picsum.photos/id/273/200/200');
INSERT INTO SONGS (song_id, album_id, title, duration, genre, release_date, `rank`, image) VALUES (283, 44, 'Song WXY5TXPgPx', 180, 'Reggae', '2020-01-23', 771, 'https://picsum.photos/id/298/200/200');
INSERT INTO SONGS (song_id, album_id, title, duration, genre, release_date, `rank`, image) VALUES (284, 160, 'Song 6HeCkVGdUP', 312, 'Hip Hop', '2009-06-17', 641, 'https://picsum.photos/id/227/200/200');
INSERT INTO SONGS (song_id, album_id, title, duration, genre, release_date, `rank`, image) VALUES (285, 6, 'Song tExcNTCsaU', 228, 'Classical', '2015-07-05', 385, 'https://picsum.photos/id/296/200/200');
INSERT INTO SONGS (song_id, album_id, title, duration, genre, release_date, `rank`, image) VALUES (286, 52, 'Song oG4u63cuvi', 139, 'Reggae', '2010-04-28', 442, 'https://picsum.photos/id/256/200/200');
INSERT INTO SONGS (song_id, album_id, title, duration, genre, release_date, `rank`, image) VALUES (287, 165, 'Song FdfP0nP3BO', 206, 'Folk', '2010-11-30', 95, 'https://picsum.photos/id/266/200/200');
INSERT INTO SONGS (song_id, album_id, title, duration, genre, release_date, `rank`, image) VALUES (288, 161, 'Song LELhVvCdXP', 325, 'Indie', '2022-03-27', 139, 'https://picsum.photos/id/223/200/200');
INSERT INTO SONGS (song_id, album_id, title, duration, genre, release_date, `rank`, image) VALUES (289, 179, 'Song efLjtCjvV5', 375, 'R&B', '2016-07-07', 690, 'https://picsum.photos/id/209/200/200');
INSERT INTO SONGS (song_id, album_id, title, duration, genre, release_date, `rank`, image) VALUES (290, 76, 'Song pWios5Uk5C', 348, 'Indie', '2013-03-21', 29, 'https://picsum.photos/id/204/200/200');
INSERT INTO SONGS (song_id, album_id, title, duration, genre, release_date, `rank`, image) VALUES (291, 102, 'Song EQCfqyujHI', 446, 'Metal', '2017-07-23', 724, 'https://picsum.photos/id/254/200/200');
INSERT INTO SONGS (song_id, album_id, title, duration, genre, release_date, `rank`, image) VALUES (292, 44, 'Song NPHnwPBy2b', 427, 'Country', '2019-08-26', 838, 'https://picsum.photos/id/298/200/200');
INSERT INTO SONGS (song_id, album_id, title, duration, genre, release_date, `rank`, image) VALUES (293, 48, 'Song IuBfPsZ61U', 197, 'Reggae', '2009-05-03', 323, 'https://picsum.photos/id/290/200/200');
INSERT INTO SONGS (song_id, album_id, title, duration, genre, release_date, `rank`, image) VALUES (294, 151, 'Song wTbxZ5Hq8J', 448, 'Metal', '2020-12-28', 766, 'https://picsum.photos/id/251/200/200');
INSERT INTO SONGS (song_id, album_id, title, duration, genre, release_date, `rank`, image) VALUES (295, 51, 'Song EUh8BFFA8E', 255, 'Blues', '2016-06-29', 237, 'https://picsum.photos/id/261/200/200');
INSERT INTO SONGS (song_id, album_id, title, duration, genre, release_date, `rank`, image) VALUES (296, 23, 'Song 16GAVzCxcW', 403, 'Folk', '2011-07-11', 994, 'https://picsum.photos/id/212/200/200');
INSERT INTO SONGS (song_id, album_id, title, duration, genre, release_date, `rank`, image) VALUES (297, 55, 'Song xItegs3ytI', 413, 'Folk', '2022-12-13', 699, 'https://picsum.photos/id/243/200/200');
INSERT INTO SONGS (song_id, album_id, title, duration, genre, release_date, `rank`, image) VALUES (298, 160, 'Song Y9C4PB0QIT', 404, 'Hip Hop', '2012-07-15', 979, 'https://picsum.photos/id/227/200/200');
INSERT INTO SONGS (song_id, album_id, title, duration, genre, release_date, `rank`, image) VALUES (299, 158, 'Song z8UCt7WVpB', 132, 'Jazz', '2010-05-24', 845, 'https://picsum.photos/id/289/200/200');
INSERT INTO SONGS (song_id, album_id, title, duration, genre, release_date, `rank`, image) VALUES (300, 178, 'Song hxil2O240b', 238, 'Classical', '2013-12-16', 309, 'https://picsum.photos/id/267/200/200');
INSERT INTO SONGS (song_id, album_id, title, duration, genre, release_date, `rank`, image) VALUES (301, 100, 'Song hsk3jMnWKC', 385, 'Blues', '2020-03-06', 706, 'https://picsum.photos/id/267/200/200');
INSERT INTO SONGS (song_id, album_id, title, duration, genre, release_date, `rank`, image) VALUES (302, 139, 'Song bevvmwmLUO', 327, 'Folk', '2022-05-16', 122, 'https://picsum.photos/id/209/200/200');
INSERT INTO SONGS (song_id, album_id, title, duration, genre, release_date, `rank`, image) VALUES (303, 57, 'Song FPyXchOm6t', 248, 'Indie', '2011-05-31', 254, 'https://picsum.photos/id/236/200/200');
INSERT INTO SONGS (song_id, album_id, title, duration, genre, release_date, `rank`, image) VALUES (304, 131, 'Song PrSsm4W2SB', 322, 'Electronic', '2018-12-18', 122, 'https://picsum.photos/id/284/200/200');
INSERT INTO SONGS (song_id, album_id, title, duration, genre, release_date, `rank`, image) VALUES (305, 148, 'Song zS5A1yX5fy', 456, 'Indie', '2016-12-29', 424, 'https://picsum.photos/id/245/200/200');
INSERT INTO SONGS (song_id, album_id, title, duration, genre, release_date, `rank`, image) VALUES (306, 192, 'Song 2Vzcr6x1HT', 359, 'R&B', '2022-02-21', 898, 'https://picsum.photos/id/281/200/200');
INSERT INTO SONGS (song_id, album_id, title, duration, genre, release_date, `rank`, image) VALUES (307, 84, 'Song 1doKQDvEGi', 124, 'Hip Hop', '2022-10-04', 428, 'https://picsum.photos/id/291/200/200');
INSERT INTO SONGS (song_id, album_id, title, duration, genre, release_date, `rank`, image) VALUES (308, 3, 'Song orOzzH1oVK', 129, 'Country', '2016-11-10', 620, 'https://picsum.photos/id/293/200/200');
INSERT INTO SONGS (song_id, album_id, title, duration, genre, release_date, `rank`, image) VALUES (309, 199, 'Song 1oVJUXcsEx', 425, 'Country', '2009-12-19', 670, 'https://picsum.photos/id/277/200/200');
INSERT INTO SONGS (song_id, album_id, title, duration, genre, release_date, `rank`, image) VALUES (310, 194, 'Song SYUXgB4ytO', 386, 'Reggae', '2015-09-10', 997, 'https://picsum.photos/id/232/200/200');
INSERT INTO SONGS (song_id, album_id, title, duration, genre, release_date, `rank`, image) VALUES (311, 77, 'Song AumRj6JtFV', 350, 'Dance', '2015-05-16', 395, 'https://picsum.photos/id/224/200/200');
INSERT INTO SONGS (song_id, album_id, title, duration, genre, release_date, `rank`, image) VALUES (312, 78, 'Song 0aNbS27GJd', 454, 'Blues', '2016-08-07', 836, 'https://picsum.photos/id/251/200/200');
INSERT INTO SONGS (song_id, album_id, title, duration, genre, release_date, `rank`, image) VALUES (313, 70, 'Song FLHsSpT3q6', 184, 'Classical', '2016-05-23', 743, 'https://picsum.photos/id/239/200/200');
INSERT INTO SONGS (song_id, album_id, title, duration, genre, release_date, `rank`, image) VALUES (314, 43, 'Song cDckddtDE6', 410, 'Indie', '2010-12-15', 602, 'https://picsum.photos/id/243/200/200');
INSERT INTO SONGS (song_id, album_id, title, duration, genre, release_date, `rank`, image) VALUES (315, 89, 'Song URMPxeuJzb', 351, 'Classical', '2013-07-04', 127, 'https://picsum.photos/id/289/200/200');
INSERT INTO SONGS (song_id, album_id, title, duration, genre, release_date, `rank`, image) VALUES (316, 165, 'Song CNLxm4FdSt', 206, 'Hip Hop', '2018-08-10', 814, 'https://picsum.photos/id/266/200/200');
INSERT INTO SONGS (song_id, album_id, title, duration, genre, release_date, `rank`, image) VALUES (317, 185, 'Song fBWtNO47by', 475, 'R&B', '2019-06-09', 984, 'https://picsum.photos/id/228/200/200');
INSERT INTO SONGS (song_id, album_id, title, duration, genre, release_date, `rank`, image) VALUES (318, 103, 'Song EtM8S2zf1Z', 234, 'Indie', '2015-08-07', 337, 'https://picsum.photos/id/288/200/200');
INSERT INTO SONGS (song_id, album_id, title, duration, genre, release_date, `rank`, image) VALUES (319, 87, 'Song bXxKh9ha6v', 418, 'Folk', '2015-09-09', 175, 'https://picsum.photos/id/208/200/200');
INSERT INTO SONGS (song_id, album_id, title, duration, genre, release_date, `rank`, image) VALUES (320, 97, 'Song 0dnrtM9Uyu', 191, 'Blues', '2021-01-25', 737, 'https://picsum.photos/id/244/200/200');
INSERT INTO SONGS (song_id, album_id, title, duration, genre, release_date, `rank`, image) VALUES (321, 138, 'Song D0tQxRLOiA', 402, 'Blues', '2023-02-04', 618, 'https://picsum.photos/id/267/200/200');
INSERT INTO SONGS (song_id, album_id, title, duration, genre, release_date, `rank`, image) VALUES (322, 162, 'Song skxYCFu0Mx', 353, 'Jazz', '2020-06-30', 183, 'https://picsum.photos/id/213/200/200');
INSERT INTO SONGS (song_id, album_id, title, duration, genre, release_date, `rank`, image) VALUES (323, 179, 'Song QeIdqs39ZN', 211, 'Dance', '2012-02-23', 787, 'https://picsum.photos/id/209/200/200');
INSERT INTO SONGS (song_id, album_id, title, duration, genre, release_date, `rank`, image) VALUES (324, 40, 'Song HaBHgBcZox', 254, 'Country', '2023-01-24', 88, 'https://picsum.photos/id/232/200/200');
INSERT INTO SONGS (song_id, album_id, title, duration, genre, release_date, `rank`, image) VALUES (325, 83, 'Song 4sfexX474k', 412, 'Folk', '2015-09-24', 742, 'https://picsum.photos/id/272/200/200');
INSERT INTO SONGS (song_id, album_id, title, duration, genre, release_date, `rank`, image) VALUES (326, 14, 'Song zqbVA4NhW5', 266, 'Reggae', '2016-08-03', 620, 'https://picsum.photos/id/249/200/200');
INSERT INTO SONGS (song_id, album_id, title, duration, genre, release_date, `rank`, image) VALUES (327, 59, 'Song lA9WaxnftQ', 236, 'Pop', '2022-01-20', 51, 'https://picsum.photos/id/222/200/200');
INSERT INTO SONGS (song_id, album_id, title, duration, genre, release_date, `rank`, image) VALUES (328, 163, 'Song CORjJMuRc8', 208, 'Pop', '2011-12-07', 497, 'https://picsum.photos/id/246/200/200');
INSERT INTO SONGS (song_id, album_id, title, duration, genre, release_date, `rank`, image) VALUES (329, 37, 'Song YfzOcSn7is', 244, 'Rock', '2009-12-15', 138, 'https://picsum.photos/id/204/200/200');
INSERT INTO SONGS (song_id, album_id, title, duration, genre, release_date, `rank`, image) VALUES (330, 65, 'Song 8l8Axblr9L', 151, 'R&B', '2020-06-17', 467, 'https://picsum.photos/id/267/200/200');
INSERT INTO SONGS (song_id, album_id, title, duration, genre, release_date, `rank`, image) VALUES (331, 93, 'Song EjXxDP3YzJ', 288, 'Blues', '2013-09-03', 138, 'https://picsum.photos/id/258/200/200');
INSERT INTO SONGS (song_id, album_id, title, duration, genre, release_date, `rank`, image) VALUES (332, 188, 'Song lSa2RfFhrI', 197, 'Jazz', '2016-11-21', 311, 'https://picsum.photos/id/219/200/200');
INSERT INTO SONGS (song_id, album_id, title, duration, genre, release_date, `rank`, image) VALUES (333, 148, 'Song 8And14YRgh', 203, 'Pop', '2017-10-06', 286, 'https://picsum.photos/id/245/200/200');
INSERT INTO SONGS (song_id, album_id, title, duration, genre, release_date, `rank`, image) VALUES (334, 100, 'Song SByWp1feZG', 263, 'Metal', '2019-09-25', 485, 'https://picsum.photos/id/267/200/200');
INSERT INTO SONGS (song_id, album_id, title, duration, genre, release_date, `rank`, image) VALUES (335, 118, 'Song qpChY9KfXE', 248, 'Jazz', '2021-11-02', 597, 'https://picsum.photos/id/286/200/200');
INSERT INTO SONGS (song_id, album_id, title, duration, genre, release_date, `rank`, image) VALUES (336, 187, 'Song dOSDPKxAlx', 151, 'Jazz', '2011-10-20', 920, 'https://picsum.photos/id/237/200/200');
INSERT INTO SONGS (song_id, album_id, title, duration, genre, release_date, `rank`, image) VALUES (337, 133, 'Song K4KJipCvbp', 478, 'Blues', '2018-10-27', 433, 'https://picsum.photos/id/299/200/200');
INSERT INTO SONGS (song_id, album_id, title, duration, genre, release_date, `rank`, image) VALUES (338, 179, 'Song Suu2U5Vodj', 317, 'Blues', '2010-11-04', 517, 'https://picsum.photos/id/209/200/200');
INSERT INTO SONGS (song_id, album_id, title, duration, genre, release_date, `rank`, image) VALUES (339, 198, 'Song 5rST8id8qT', 429, 'Jazz', '2021-11-18', 707, 'https://picsum.photos/id/272/200/200');
INSERT INTO SONGS (song_id, album_id, title, duration, genre, release_date, `rank`, image) VALUES (340, 143, 'Song JwXULutegJ', 234, 'Classical', '2024-03-16', 435, 'https://picsum.photos/id/285/200/200');
INSERT INTO SONGS (song_id, album_id, title, duration, genre, release_date, `rank`, image) VALUES (341, 85, 'Song 7LP81eD8dd', 241, 'Classical', '2014-02-27', 862, 'https://picsum.photos/id/298/200/200');
INSERT INTO SONGS (song_id, album_id, title, duration, genre, release_date, `rank`, image) VALUES (342, 13, 'Song 3hYmUQ5Z1o', 354, 'Folk', '2017-05-25', 885, 'https://picsum.photos/id/261/200/200');
INSERT INTO SONGS (song_id, album_id, title, duration, genre, release_date, `rank`, image) VALUES (343, 121, 'Song 46tVhQYHv9', 127, 'Metal', '2012-10-04', 443, 'https://picsum.photos/id/259/200/200');
INSERT INTO SONGS (song_id, album_id, title, duration, genre, release_date, `rank`, image) VALUES (344, 12, 'Song ahEFBj05zL', 152, 'Folk', '2015-06-27', 384, 'https://picsum.photos/id/289/200/200');
INSERT INTO SONGS (song_id, album_id, title, duration, genre, release_date, `rank`, image) VALUES (345, 82, 'Song BLvPX5YKiy', 265, 'Pop', '2019-11-21', 825, 'https://picsum.photos/id/278/200/200');
INSERT INTO SONGS (song_id, album_id, title, duration, genre, release_date, `rank`, image) VALUES (346, 91, 'Song vgcbUk0bAl', 226, 'Reggae', '2022-11-02', 593, 'https://picsum.photos/id/273/200/200');
INSERT INTO SONGS (song_id, album_id, title, duration, genre, release_date, `rank`, image) VALUES (347, 86, 'Song pdlrt1E64F', 149, 'Electronic', '2015-05-03', 621, 'https://picsum.photos/id/278/200/200');
INSERT INTO SONGS (song_id, album_id, title, duration, genre, release_date, `rank`, image) VALUES (348, 109, 'Song sXjpiVHMbm', 172, 'Metal', '2022-03-26', 990, 'https://picsum.photos/id/202/200/200');
INSERT INTO SONGS (song_id, album_id, title, duration, genre, release_date, `rank`, image) VALUES (349, 22, 'Song f5nKRJter8', 354, 'Blues', '2013-03-20', 892, 'https://picsum.photos/id/273/200/200');
INSERT INTO SONGS (song_id, album_id, title, duration, genre, release_date, `rank`, image) VALUES (350, 49, 'Song 0DOBAm7YJg', 215, 'Blues', '2015-08-23', 497, 'https://picsum.photos/id/285/200/200');
INSERT INTO SONGS (song_id, album_id, title, duration, genre, release_date, `rank`, image) VALUES (351, 3, 'Song 7prHEKk6GC', 465, 'Indie', '2024-03-14', 983, 'https://picsum.photos/id/293/200/200');
INSERT INTO SONGS (song_id, album_id, title, duration, genre, release_date, `rank`, image) VALUES (352, 138, 'Song G9lBkYPGlI', 356, 'Hip Hop', '2018-12-14', 507, 'https://picsum.photos/id/267/200/200');
INSERT INTO SONGS (song_id, album_id, title, duration, genre, release_date, `rank`, image) VALUES (353, 81, 'Song XrzCeILN7U', 261, 'Folk', '2012-03-17', 85, 'https://picsum.photos/id/222/200/200');
INSERT INTO SONGS (song_id, album_id, title, duration, genre, release_date, `rank`, image) VALUES (354, 165, 'Song N4EOYxJ43o', 441, 'Dance', '2017-06-28', 248, 'https://picsum.photos/id/266/200/200');
INSERT INTO SONGS (song_id, album_id, title, duration, genre, release_date, `rank`, image) VALUES (355, 31, 'Song Nrih0zKXcZ', 459, 'Hip Hop', '2012-05-30', 127, 'https://picsum.photos/id/230/200/200');
INSERT INTO SONGS (song_id, album_id, title, duration, genre, release_date, `rank`, image) VALUES (356, 163, 'Song 7j3bKWuUVp', 293, 'Indie', '2015-06-29', 595, 'https://picsum.photos/id/246/200/200');
INSERT INTO SONGS (song_id, album_id, title, duration, genre, release_date, `rank`, image) VALUES (357, 125, 'Song ZxzSmTi7DZ', 423, 'Jazz', '2021-01-07', 654, 'https://picsum.photos/id/237/200/200');
INSERT INTO SONGS (song_id, album_id, title, duration, genre, release_date, `rank`, image) VALUES (358, 155, 'Song exymqGo6dm', 332, 'Alternative', '2015-07-19', 507, 'https://picsum.photos/id/215/200/200');
INSERT INTO SONGS (song_id, album_id, title, duration, genre, release_date, `rank`, image) VALUES (359, 188, 'Song 8lPqIvswDE', 198, 'Dance', '2011-11-05', 955, 'https://picsum.photos/id/219/200/200');
INSERT INTO SONGS (song_id, album_id, title, duration, genre, release_date, `rank`, image) VALUES (360, 12, 'Song f7PkAz71AP', 312, 'Indie', '2015-12-31', 597, 'https://picsum.photos/id/289/200/200');
INSERT INTO SONGS (song_id, album_id, title, duration, genre, release_date, `rank`, image) VALUES (361, 82, 'Song rLOrzWvHdd', 396, 'Alternative', '2017-06-27', 104, 'https://picsum.photos/id/278/200/200');
INSERT INTO SONGS (song_id, album_id, title, duration, genre, release_date, `rank`, image) VALUES (362, 84, 'Song yshScGxTaw', 378, 'R&B', '2011-09-25', 668, 'https://picsum.photos/id/291/200/200');
INSERT INTO SONGS (song_id, album_id, title, duration, genre, release_date, `rank`, image) VALUES (363, 114, 'Song Tx1mVsRFn8', 378, 'Metal', '2012-03-27', 816, 'https://picsum.photos/id/280/200/200');
INSERT INTO SONGS (song_id, album_id, title, duration, genre, release_date, `rank`, image) VALUES (364, 99, 'Song KbZyvBXD1X', 415, 'Rock', '2015-03-20', 618, 'https://picsum.photos/id/240/200/200');
INSERT INTO SONGS (song_id, album_id, title, duration, genre, release_date, `rank`, image) VALUES (365, 19, 'Song D3ICriE5jq', 189, 'Reggae', '2020-04-27', 229, 'https://picsum.photos/id/292/200/200');
INSERT INTO SONGS (song_id, album_id, title, duration, genre, release_date, `rank`, image) VALUES (366, 193, 'Song qbK5TB1CVP', 249, 'Electronic', '2019-10-30', 202, 'https://picsum.photos/id/238/200/200');
INSERT INTO SONGS (song_id, album_id, title, duration, genre, release_date, `rank`, image) VALUES (367, 52, 'Song m4rCgNAwfp', 165, 'Indie', '2018-09-02', 413, 'https://picsum.photos/id/256/200/200');
INSERT INTO SONGS (song_id, album_id, title, duration, genre, release_date, `rank`, image) VALUES (368, 137, 'Song mFOe4Amrxz', 344, 'Blues', '2019-10-31', 60, 'https://picsum.photos/id/232/200/200');
INSERT INTO SONGS (song_id, album_id, title, duration, genre, release_date, `rank`, image) VALUES (369, 182, 'Song RH7x240WbX', 471, 'R&B', '2013-08-18', 252, 'https://picsum.photos/id/297/200/200');
INSERT INTO SONGS (song_id, album_id, title, duration, genre, release_date, `rank`, image) VALUES (370, 119, 'Song Znz4N5BFB7', 311, 'Folk', '2022-10-09', 737, 'https://picsum.photos/id/211/200/200');
INSERT INTO SONGS (song_id, album_id, title, duration, genre, release_date, `rank`, image) VALUES (371, 171, 'Song Q7yK9lssqs', 379, 'Country', '2010-03-11', 737, 'https://picsum.photos/id/269/200/200');
INSERT INTO SONGS (song_id, album_id, title, duration, genre, release_date, `rank`, image) VALUES (372, 24, 'Song yhEwIFfpv7', 394, 'Alternative', '2009-11-23', 193, 'https://picsum.photos/id/236/200/200');
INSERT INTO SONGS (song_id, album_id, title, duration, genre, release_date, `rank`, image) VALUES (373, 176, 'Song PHo98RPqqN', 382, 'Dance', '2013-03-09', 131, 'https://picsum.photos/id/227/200/200');
INSERT INTO SONGS (song_id, album_id, title, duration, genre, release_date, `rank`, image) VALUES (374, 192, 'Song 94ObYyOGGm', 198, 'Country', '2023-04-17', 233, 'https://picsum.photos/id/281/200/200');
INSERT INTO SONGS (song_id, album_id, title, duration, genre, release_date, `rank`, image) VALUES (375, 68, 'Song KgMlH8tJzF', 252, 'Jazz', '2023-06-29', 352, 'https://picsum.photos/id/232/200/200');
INSERT INTO SONGS (song_id, album_id, title, duration, genre, release_date, `rank`, image) VALUES (376, 133, 'Song ILTrgBid2y', 382, 'Pop', '2016-09-23', 657, 'https://picsum.photos/id/299/200/200');
INSERT INTO SONGS (song_id, album_id, title, duration, genre, release_date, `rank`, image) VALUES (377, 141, 'Song kCbgbvyeAO', 343, 'Hip Hop', '2016-09-15', 487, 'https://picsum.photos/id/216/200/200');
INSERT INTO SONGS (song_id, album_id, title, duration, genre, release_date, `rank`, image) VALUES (378, 161, 'Song Ql12a6oP0J', 436, 'Rock', '2022-01-30', 183, 'https://picsum.photos/id/223/200/200');
INSERT INTO SONGS (song_id, album_id, title, duration, genre, release_date, `rank`, image) VALUES (379, 101, 'Song i3yuWMBp08', 265, 'Country', '2019-10-09', 893, 'https://picsum.photos/id/297/200/200');
INSERT INTO SONGS (song_id, album_id, title, duration, genre, release_date, `rank`, image) VALUES (380, 88, 'Song uLLCDPmR9G', 186, 'Pop', '2023-01-01', 750, 'https://picsum.photos/id/278/200/200');
INSERT INTO SONGS (song_id, album_id, title, duration, genre, release_date, `rank`, image) VALUES (381, 34, 'Song vyEvbC6yau', 208, 'Classical', '2022-09-27', 24, 'https://picsum.photos/id/210/200/200');
INSERT INTO SONGS (song_id, album_id, title, duration, genre, release_date, `rank`, image) VALUES (382, 64, 'Song 5IPhSZlTcz', 371, 'Pop', '2020-06-13', 991, 'https://picsum.photos/id/207/200/200');
INSERT INTO SONGS (song_id, album_id, title, duration, genre, release_date, `rank`, image) VALUES (383, 94, 'Song vQLp3jOuwj', 351, 'Folk', '2018-12-30', 786, 'https://picsum.photos/id/251/200/200');
INSERT INTO SONGS (song_id, album_id, title, duration, genre, release_date, `rank`, image) VALUES (384, 43, 'Song F6o6MD49cJ', 248, 'Folk', '2012-05-08', 686, 'https://picsum.photos/id/243/200/200');
INSERT INTO SONGS (song_id, album_id, title, duration, genre, release_date, `rank`, image) VALUES (385, 22, 'Song lCiZaiiS1b', 382, 'Indie', '2018-06-25', 162, 'https://picsum.photos/id/273/200/200');
INSERT INTO SONGS (song_id, album_id, title, duration, genre, release_date, `rank`, image) VALUES (386, 36, 'Song 5e6qp6PAIi', 447, 'Country', '2011-10-14', 514, 'https://picsum.photos/id/239/200/200');
INSERT INTO SONGS (song_id, album_id, title, duration, genre, release_date, `rank`, image) VALUES (387, 38, 'Song otl1Ilpi7C', 128, 'Rock', '2019-02-11', 986, 'https://picsum.photos/id/213/200/200');
INSERT INTO SONGS (song_id, album_id, title, duration, genre, release_date, `rank`, image) VALUES (388, 11, 'Song apiusIKGlf', 446, 'Folk', '2020-08-24', 529, 'https://picsum.photos/id/259/200/200');
INSERT INTO SONGS (song_id, album_id, title, duration, genre, release_date, `rank`, image) VALUES (389, 106, 'Song 8ibqqYpKl3', 120, 'Dance', '2008-09-29', 357, 'https://picsum.photos/id/222/200/200');
INSERT INTO SONGS (song_id, album_id, title, duration, genre, release_date, `rank`, image) VALUES (390, 108, 'Song nAfn4JZojt', 467, 'Metal', '2023-12-19', 336, 'https://picsum.photos/id/221/200/200');
INSERT INTO SONGS (song_id, album_id, title, duration, genre, release_date, `rank`, image) VALUES (391, 159, 'Song OnXkmZ20u3', 476, 'Rock', '2016-05-22', 729, 'https://picsum.photos/id/267/200/200');
INSERT INTO SONGS (song_id, album_id, title, duration, genre, release_date, `rank`, image) VALUES (392, 156, 'Song STcPKkt87c', 450, 'Rock', '2010-09-02', 995, 'https://picsum.photos/id/260/200/200');
INSERT INTO SONGS (song_id, album_id, title, duration, genre, release_date, `rank`, image) VALUES (393, 113, 'Song xuJUgkLO3G', 475, 'Country', '2021-06-01', 553, 'https://picsum.photos/id/247/200/200');
INSERT INTO SONGS (song_id, album_id, title, duration, genre, release_date, `rank`, image) VALUES (394, 181, 'Song JSDHOevbnC', 133, 'Country', '2022-06-20', 541, 'https://picsum.photos/id/261/200/200');
INSERT INTO SONGS (song_id, album_id, title, duration, genre, release_date, `rank`, image) VALUES (395, 59, 'Song IMnB8zBJVm', 423, 'Electronic', '2009-11-13', 603, 'https://picsum.photos/id/222/200/200');
INSERT INTO SONGS (song_id, album_id, title, duration, genre, release_date, `rank`, image) VALUES (396, 145, 'Song pXHUMQHeyZ', 408, 'Jazz', '2017-08-11', 878, 'https://picsum.photos/id/203/200/200');
INSERT INTO SONGS (song_id, album_id, title, duration, genre, release_date, `rank`, image) VALUES (397, 43, 'Song pmHpLKbvTP', 253, 'Country', '2009-03-06', 326, 'https://picsum.photos/id/243/200/200');
INSERT INTO SONGS (song_id, album_id, title, duration, genre, release_date, `rank`, image) VALUES (398, 7, 'Song TPojTJFFLM', 336, 'Blues', '2009-06-13', 400, 'https://picsum.photos/id/268/200/200');
INSERT INTO SONGS (song_id, album_id, title, duration, genre, release_date, `rank`, image) VALUES (399, 61, 'Song 3qNqc0USg6', 295, 'Folk', '2008-09-12', 993, 'https://picsum.photos/id/237/200/200');
INSERT INTO SONGS (song_id, album_id, title, duration, genre, release_date, `rank`, image) VALUES (400, 2, 'Song cZIo3jZMab', 150, 'Pop', '2021-04-08', 447, 'https://picsum.photos/id/261/200/200');
INSERT INTO SONGS (song_id, album_id, title, duration, genre, release_date, `rank`, image) VALUES (401, 29, 'Song TRVUW4uMN7', 249, 'Reggae', '2023-01-08', 789, 'https://picsum.photos/id/261/200/200');
INSERT INTO SONGS (song_id, album_id, title, duration, genre, release_date, `rank`, image) VALUES (402, 104, 'Song DKrBxAvjuw', 281, 'Rock', '2020-07-31', 897, 'https://picsum.photos/id/254/200/200');
INSERT INTO SONGS (song_id, album_id, title, duration, genre, release_date, `rank`, image) VALUES (403, 160, 'Song kP0IdIwXmz', 376, 'Pop', '2010-06-05', 520, 'https://picsum.photos/id/227/200/200');
INSERT INTO SONGS (song_id, album_id, title, duration, genre, release_date, `rank`, image) VALUES (404, 20, 'Song ESKb0J9IMI', 360, 'Classical', '2013-01-12', 164, 'https://picsum.photos/id/217/200/200');
INSERT INTO SONGS (song_id, album_id, title, duration, genre, release_date, `rank`, image) VALUES (405, 30, 'Song KRmGsYfOKr', 447, 'Reggae', '2015-06-21', 524, 'https://picsum.photos/id/297/200/200');
INSERT INTO SONGS (song_id, album_id, title, duration, genre, release_date, `rank`, image) VALUES (406, 12, 'Song 4aDI4uGDlz', 334, 'Metal', '2020-01-24', 359, 'https://picsum.photos/id/289/200/200');
INSERT INTO SONGS (song_id, album_id, title, duration, genre, release_date, `rank`, image) VALUES (407, 125, 'Song scvwfBhiw2', 131, 'Reggae', '2014-02-21', 83, 'https://picsum.photos/id/237/200/200');
INSERT INTO SONGS (song_id, album_id, title, duration, genre, release_date, `rank`, image) VALUES (408, 41, 'Song DnbLrmzLY6', 294, 'Country', '2021-08-28', 512, 'https://picsum.photos/id/271/200/200');
INSERT INTO SONGS (song_id, album_id, title, duration, genre, release_date, `rank`, image) VALUES (409, 51, 'Song PtUQ6DrpO2', 235, 'Hip Hop', '2018-08-03', 174, 'https://picsum.photos/id/261/200/200');
INSERT INTO SONGS (song_id, album_id, title, duration, genre, release_date, `rank`, image) VALUES (410, 178, 'Song XhHMcHxmrc', 380, 'R&B', '2019-05-16', 238, 'https://picsum.photos/id/267/200/200');
INSERT INTO SONGS (song_id, album_id, title, duration, genre, release_date, `rank`, image) VALUES (411, 4, 'Song eG4PygDICn', 131, 'Folk', '2020-11-02', 786, 'https://picsum.photos/id/242/200/200');
INSERT INTO SONGS (song_id, album_id, title, duration, genre, release_date, `rank`, image) VALUES (412, 65, 'Song HzSfDSnHdv', 271, 'Country', '2015-09-10', 192, 'https://picsum.photos/id/267/200/200');
INSERT INTO SONGS (song_id, album_id, title, duration, genre, release_date, `rank`, image) VALUES (413, 162, 'Song TIlPdOMVfx', 123, 'Electronic', '2012-12-30', 130, 'https://picsum.photos/id/213/200/200');
INSERT INTO SONGS (song_id, album_id, title, duration, genre, release_date, `rank`, image) VALUES (414, 29, 'Song 0SSUP9CcTG', 415, 'Jazz', '2021-01-10', 358, 'https://picsum.photos/id/261/200/200');
INSERT INTO SONGS (song_id, album_id, title, duration, genre, release_date, `rank`, image) VALUES (415, 174, 'Song PrDxQHzdlM', 301, 'Blues', '2011-07-04', 431, 'https://picsum.photos/id/218/200/200');
INSERT INTO SONGS (song_id, album_id, title, duration, genre, release_date, `rank`, image) VALUES (416, 119, 'Song LLhWvdKTQ3', 263, 'Indie', '2009-05-25', 546, 'https://picsum.photos/id/211/200/200');
INSERT INTO SONGS (song_id, album_id, title, duration, genre, release_date, `rank`, image) VALUES (417, 169, 'Song dqEG5zb2Q0', 466, 'Hip Hop', '2019-08-07', 969, 'https://picsum.photos/id/223/200/200');
INSERT INTO SONGS (song_id, album_id, title, duration, genre, release_date, `rank`, image) VALUES (418, 174, 'Song YeCYV0KYqv', 165, 'Folk', '2012-03-02', 444, 'https://picsum.photos/id/218/200/200');
INSERT INTO SONGS (song_id, album_id, title, duration, genre, release_date, `rank`, image) VALUES (419, 179, 'Song zrnC4fJCnz', 162, 'Hip Hop', '2023-07-12', 390, 'https://picsum.photos/id/209/200/200');
INSERT INTO SONGS (song_id, album_id, title, duration, genre, release_date, `rank`, image) VALUES (420, 54, 'Song 6kIxUPb36z', 142, 'Electronic', '2011-05-29', 53, 'https://picsum.photos/id/250/200/200');
INSERT INTO SONGS (song_id, album_id, title, duration, genre, release_date, `rank`, image) VALUES (421, 67, 'Song eLJI3azS5P', 239, 'Blues', '2017-10-24', 373, 'https://picsum.photos/id/226/200/200');
INSERT INTO SONGS (song_id, album_id, title, duration, genre, release_date, `rank`, image) VALUES (422, 152, 'Song vC5iYlJGjv', 285, 'Jazz', '2022-09-22', 176, 'https://picsum.photos/id/261/200/200');
INSERT INTO SONGS (song_id, album_id, title, duration, genre, release_date, `rank`, image) VALUES (423, 30, 'Song FE7v6fs1jJ', 401, 'Dance', '2008-08-01', 92, 'https://picsum.photos/id/297/200/200');
INSERT INTO SONGS (song_id, album_id, title, duration, genre, release_date, `rank`, image) VALUES (424, 16, 'Song OkidZPOhuo', 360, 'Classical', '2008-01-11', 387, 'https://picsum.photos/id/265/200/200');
INSERT INTO SONGS (song_id, album_id, title, duration, genre, release_date, `rank`, image) VALUES (425, 38, 'Song 3BxxOJ0IEv', 451, 'Folk', '2015-07-07', 553, 'https://picsum.photos/id/213/200/200');
INSERT INTO SONGS (song_id, album_id, title, duration, genre, release_date, `rank`, image) VALUES (426, 105, 'Song 10fDOxwrYf', 461, 'Rock', '2019-11-26', 981, 'https://picsum.photos/id/238/200/200');
INSERT INTO SONGS (song_id, album_id, title, duration, genre, release_date, `rank`, image) VALUES (427, 13, 'Song JgufjcmujX', 314, 'Classical', '2018-02-04', 73, 'https://picsum.photos/id/261/200/200');
INSERT INTO SONGS (song_id, album_id, title, duration, genre, release_date, `rank`, image) VALUES (428, 195, 'Song utL1zVAtRq', 323, 'Alternative', '2023-05-23', 363, 'https://picsum.photos/id/295/200/200');
INSERT INTO SONGS (song_id, album_id, title, duration, genre, release_date, `rank`, image) VALUES (429, 69, 'Song dQr8H9EG96', 392, 'Pop', '2014-03-30', 336, 'https://picsum.photos/id/214/200/200');
INSERT INTO SONGS (song_id, album_id, title, duration, genre, release_date, `rank`, image) VALUES (430, 53, 'Song uZ6WUtV0gj', 254, 'Metal', '2014-12-27', 399, 'https://picsum.photos/id/256/200/200');
INSERT INTO SONGS (song_id, album_id, title, duration, genre, release_date, `rank`, image) VALUES (431, 128, 'Song dPblN51cPL', 408, 'Folk', '2024-03-11', 609, 'https://picsum.photos/id/231/200/200');
INSERT INTO SONGS (song_id, album_id, title, duration, genre, release_date, `rank`, image) VALUES (432, 44, 'Song gUzMF5GNb4', 215, 'Rock', '2009-06-12', 868, 'https://picsum.photos/id/298/200/200');
INSERT INTO SONGS (song_id, album_id, title, duration, genre, release_date, `rank`, image) VALUES (433, 165, 'Song 1catSPi3VS', 134, 'Indie', '2019-10-01', 274, 'https://picsum.photos/id/266/200/200');
INSERT INTO SONGS (song_id, album_id, title, duration, genre, release_date, `rank`, image) VALUES (434, 160, 'Song nVxn5NAyH0', 384, 'Alternative', '2011-12-14', 86, 'https://picsum.photos/id/227/200/200');
INSERT INTO SONGS (song_id, album_id, title, duration, genre, release_date, `rank`, image) VALUES (435, 160, 'Song O6yP7j93NL', 251, 'Indie', '2020-05-30', 173, 'https://picsum.photos/id/227/200/200');
INSERT INTO SONGS (song_id, album_id, title, duration, genre, release_date, `rank`, image) VALUES (436, 139, 'Song fPgtaScLY8', 401, 'Metal', '2010-06-01', 180, 'https://picsum.photos/id/209/200/200');
INSERT INTO SONGS (song_id, album_id, title, duration, genre, release_date, `rank`, image) VALUES (437, 12, 'Song u6a6HyHT74', 480, 'Alternative', '2014-05-03', 609, 'https://picsum.photos/id/289/200/200');
INSERT INTO SONGS (song_id, album_id, title, duration, genre, release_date, `rank`, image) VALUES (438, 117, 'Song zbYxwI75AG', 202, 'Blues', '2023-09-20', 68, 'https://picsum.photos/id/263/200/200');
INSERT INTO SONGS (song_id, album_id, title, duration, genre, release_date, `rank`, image) VALUES (439, 120, 'Song 725HcwYiXK', 469, 'Country', '2016-05-04', 76, 'https://picsum.photos/id/256/200/200');
INSERT INTO SONGS (song_id, album_id, title, duration, genre, release_date, `rank`, image) VALUES (440, 65, 'Song KvxxuLk7UN', 326, 'Dance', '2022-03-09', 804, 'https://picsum.photos/id/267/200/200');
INSERT INTO SONGS (song_id, album_id, title, duration, genre, release_date, `rank`, image) VALUES (441, 148, 'Song CIu8lKUR62', 234, 'Country', '2024-01-06', 236, 'https://picsum.photos/id/245/200/200');
INSERT INTO SONGS (song_id, album_id, title, duration, genre, release_date, `rank`, image) VALUES (442, 120, 'Song fTt0qFNrDS', 322, 'Pop', '2016-07-26', 470, 'https://picsum.photos/id/256/200/200');
INSERT INTO SONGS (song_id, album_id, title, duration, genre, release_date, `rank`, image) VALUES (443, 180, 'Song pzLRYTedam', 426, 'Reggae', '2024-04-04', 852, 'https://picsum.photos/id/279/200/200');
INSERT INTO SONGS (song_id, album_id, title, duration, genre, release_date, `rank`, image) VALUES (444, 164, 'Song 8zFnyCqdRQ', 161, 'Metal', '2009-04-11', 130, 'https://picsum.photos/id/239/200/200');
INSERT INTO SONGS (song_id, album_id, title, duration, genre, release_date, `rank`, image) VALUES (445, 158, 'Song vPKQY1IzW8', 327, 'Indie', '2008-05-12', 102, 'https://picsum.photos/id/289/200/200');
INSERT INTO SONGS (song_id, album_id, title, duration, genre, release_date, `rank`, image) VALUES (446, 148, 'Song jOxJs91KaV', 470, 'Reggae', '2014-02-01', 292, 'https://picsum.photos/id/245/200/200');
INSERT INTO SONGS (song_id, album_id, title, duration, genre, release_date, `rank`, image) VALUES (447, 172, 'Song DN85TrRant', 430, 'Reggae', '2015-12-18', 580, 'https://picsum.photos/id/242/200/200');
INSERT INTO SONGS (song_id, album_id, title, duration, genre, release_date, `rank`, image) VALUES (448, 176, 'Song uw1cxQwX3f', 334, 'R&B', '2010-02-23', 391, 'https://picsum.photos/id/227/200/200');
INSERT INTO SONGS (song_id, album_id, title, duration, genre, release_date, `rank`, image) VALUES (449, 176, 'Song 3uGL8QbIYf', 262, 'Metal', '2015-06-01', 911, 'https://picsum.photos/id/227/200/200');
INSERT INTO SONGS (song_id, album_id, title, duration, genre, release_date, `rank`, image) VALUES (450, 120, 'Song SvjMzTzfTq', 166, 'Rock', '2012-10-14', 946, 'https://picsum.photos/id/256/200/200');
INSERT INTO SONGS (song_id, album_id, title, duration, genre, release_date, `rank`, image) VALUES (451, 116, 'Song X56ZfrBe9Z', 357, 'Alternative', '2014-02-22', 54, 'https://picsum.photos/id/224/200/200');
INSERT INTO SONGS (song_id, album_id, title, duration, genre, release_date, `rank`, image) VALUES (452, 184, 'Song kowMQglJOm', 329, 'R&B', '2010-07-13', 684, 'https://picsum.photos/id/232/200/200');
INSERT INTO SONGS (song_id, album_id, title, duration, genre, release_date, `rank`, image) VALUES (453, 46, 'Song yJT07bdqrP', 275, 'Rock', '2014-06-15', 356, 'https://picsum.photos/id/231/200/200');
INSERT INTO SONGS (song_id, album_id, title, duration, genre, release_date, `rank`, image) VALUES (454, 168, 'Song vQhpsideWq', 261, 'Electronic', '2014-07-03', 960, 'https://picsum.photos/id/291/200/200');
INSERT INTO SONGS (song_id, album_id, title, duration, genre, release_date, `rank`, image) VALUES (455, 10, 'Song IJSqb7YKnB', 320, 'Country', '2015-05-16', 117, 'https://picsum.photos/id/245/200/200');
INSERT INTO SONGS (song_id, album_id, title, duration, genre, release_date, `rank`, image) VALUES (456, 92, 'Song CAmtWSMqjd', 443, 'Hip Hop', '2014-01-27', 52, 'https://picsum.photos/id/298/200/200');
INSERT INTO SONGS (song_id, album_id, title, duration, genre, release_date, `rank`, image) VALUES (457, 8, 'Song rHR4gbQQBJ', 417, 'R&B', '2017-09-20', 227, 'https://picsum.photos/id/265/200/200');
INSERT INTO SONGS (song_id, album_id, title, duration, genre, release_date, `rank`, image) VALUES (458, 74, 'Song 06IO6JHvMQ', 417, 'Metal', '2015-04-03', 441, 'https://picsum.photos/id/207/200/200');
INSERT INTO SONGS (song_id, album_id, title, duration, genre, release_date, `rank`, image) VALUES (459, 43, 'Song Jb4aL5vAA9', 201, 'Dance', '2021-05-13', 13, 'https://picsum.photos/id/243/200/200');
INSERT INTO SONGS (song_id, album_id, title, duration, genre, release_date, `rank`, image) VALUES (460, 176, 'Song 0iCYENurfh', 224, 'Country', '2020-12-05', 324, 'https://picsum.photos/id/227/200/200');
INSERT INTO SONGS (song_id, album_id, title, duration, genre, release_date, `rank`, image) VALUES (461, 6, 'Song puoiseOfwR', 374, 'Indie', '2020-07-13', 210, 'https://picsum.photos/id/296/200/200');
INSERT INTO SONGS (song_id, album_id, title, duration, genre, release_date, `rank`, image) VALUES (462, 144, 'Song gI1a4AttHL', 184, 'Blues', '2015-09-06', 42, 'https://picsum.photos/id/203/200/200');
INSERT INTO SONGS (song_id, album_id, title, duration, genre, release_date, `rank`, image) VALUES (463, 79, 'Song XZvxuPdAXl', 365, 'Rock', '2009-03-28', 751, 'https://picsum.photos/id/257/200/200');
INSERT INTO SONGS (song_id, album_id, title, duration, genre, release_date, `rank`, image) VALUES (464, 154, 'Song D6Wd1fzk7C', 421, 'Pop', '2023-11-25', 813, 'https://picsum.photos/id/273/200/200');
INSERT INTO SONGS (song_id, album_id, title, duration, genre, release_date, `rank`, image) VALUES (465, 17, 'Song QvZOKgXlBS', 128, 'Alternative', '2016-06-28', 799, 'https://picsum.photos/id/202/200/200');
INSERT INTO SONGS (song_id, album_id, title, duration, genre, release_date, `rank`, image) VALUES (466, 57, 'Song BAqjJMBmbJ', 216, 'Reggae', '2012-12-26', 627, 'https://picsum.photos/id/236/200/200');
INSERT INTO SONGS (song_id, album_id, title, duration, genre, release_date, `rank`, image) VALUES (467, 24, 'Song jyeBJr2Y1J', 155, 'Jazz', '2020-03-22', 89, 'https://picsum.photos/id/236/200/200');
INSERT INTO SONGS (song_id, album_id, title, duration, genre, release_date, `rank`, image) VALUES (468, 106, 'Song geZx2MUYVe', 480, 'Reggae', '2022-02-26', 230, 'https://picsum.photos/id/222/200/200');
INSERT INTO SONGS (song_id, album_id, title, duration, genre, release_date, `rank`, image) VALUES (469, 68, 'Song bjbBg67Cht', 270, 'Reggae', '2015-02-01', 35, 'https://picsum.photos/id/232/200/200');
INSERT INTO SONGS (song_id, album_id, title, duration, genre, release_date, `rank`, image) VALUES (470, 157, 'Song 6jViWHlp2w', 344, 'Blues', '2021-01-26', 491, 'https://picsum.photos/id/212/200/200');
INSERT INTO SONGS (song_id, album_id, title, duration, genre, release_date, `rank`, image) VALUES (471, 40, 'Song mPGBcLKFWw', 264, 'Country', '2020-05-17', 290, 'https://picsum.photos/id/232/200/200');
INSERT INTO SONGS (song_id, album_id, title, duration, genre, release_date, `rank`, image) VALUES (472, 176, 'Song XiWMF3cXAR', 373, 'Classical', '2017-04-05', 540, 'https://picsum.photos/id/227/200/200');
INSERT INTO SONGS (song_id, album_id, title, duration, genre, release_date, `rank`, image) VALUES (473, 185, 'Song 9AbQxQ2eNQ', 387, 'Metal', '2015-06-03', 398, 'https://picsum.photos/id/228/200/200');
INSERT INTO SONGS (song_id, album_id, title, duration, genre, release_date, `rank`, image) VALUES (474, 125, 'Song QKWuR2pjEA', 437, 'R&B', '2009-08-13', 110, 'https://picsum.photos/id/237/200/200');
INSERT INTO SONGS (song_id, album_id, title, duration, genre, release_date, `rank`, image) VALUES (475, 58, 'Song 7E35X5zKaC', 175, 'R&B', '2017-04-17', 136, 'https://picsum.photos/id/222/200/200');
INSERT INTO SONGS (song_id, album_id, title, duration, genre, release_date, `rank`, image) VALUES (476, 128, 'Song VwA2DmIdPJ', 380, 'Hip Hop', '2018-08-10', 10, 'https://picsum.photos/id/231/200/200');
INSERT INTO SONGS (song_id, album_id, title, duration, genre, release_date, `rank`, image) VALUES (477, 24, 'Song 8mu1yIbziO', 296, 'Folk', '2014-07-30', 705, 'https://picsum.photos/id/236/200/200');
INSERT INTO SONGS (song_id, album_id, title, duration, genre, release_date, `rank`, image) VALUES (478, 101, 'Song qnmbhKswCs', 398, 'Classical', '2012-07-05', 243, 'https://picsum.photos/id/297/200/200');
INSERT INTO SONGS (song_id, album_id, title, duration, genre, release_date, `rank`, image) VALUES (479, 105, 'Song Io7snwtDhr', 308, 'Pop', '2012-08-20', 505, 'https://picsum.photos/id/238/200/200');
INSERT INTO SONGS (song_id, album_id, title, duration, genre, release_date, `rank`, image) VALUES (480, 185, 'Song u2vCo5XgO4', 300, 'Rock', '2009-01-20', 712, 'https://picsum.photos/id/228/200/200');
INSERT INTO SONGS (song_id, album_id, title, duration, genre, release_date, `rank`, image) VALUES (481, 19, 'Song FnomJIMIGb', 328, 'Indie', '2022-02-16', 495, 'https://picsum.photos/id/292/200/200');
INSERT INTO SONGS (song_id, album_id, title, duration, genre, release_date, `rank`, image) VALUES (482, 119, 'Song 0Yxt0LbRiv', 410, 'Dance', '2008-02-26', 820, 'https://picsum.photos/id/211/200/200');
INSERT INTO SONGS (song_id, album_id, title, duration, genre, release_date, `rank`, image) VALUES (483, 34, 'Song WcAjviQR49', 154, 'Blues', '2012-04-05', 793, 'https://picsum.photos/id/210/200/200');
INSERT INTO SONGS (song_id, album_id, title, duration, genre, release_date, `rank`, image) VALUES (484, 153, 'Song 00QM0lyCxf', 373, 'Folk', '2018-05-21', 483, 'https://picsum.photos/id/263/200/200');
INSERT INTO SONGS (song_id, album_id, title, duration, genre, release_date, `rank`, image) VALUES (485, 118, 'Song kPQHUPCm58', 134, 'Hip Hop', '2023-11-15', 134, 'https://picsum.photos/id/286/200/200');
INSERT INTO SONGS (song_id, album_id, title, duration, genre, release_date, `rank`, image) VALUES (486, 154, 'Song N3dBPFtxfd', 237, 'Country', '2008-09-10', 252, 'https://picsum.photos/id/273/200/200');
INSERT INTO SONGS (song_id, album_id, title, duration, genre, release_date, `rank`, image) VALUES (487, 127, 'Song db5BzfY0WL', 346, 'Metal', '2019-05-10', 650, 'https://picsum.photos/id/232/200/200');
INSERT INTO SONGS (song_id, album_id, title, duration, genre, release_date, `rank`, image) VALUES (488, 145, 'Song 4ugWWXPTpp', 413, 'Alternative', '2015-07-13', 681, 'https://picsum.photos/id/203/200/200');
INSERT INTO SONGS (song_id, album_id, title, duration, genre, release_date, `rank`, image) VALUES (489, 37, 'Song HN60JU9T8U', 452, 'Folk', '2021-03-12', 121, 'https://picsum.photos/id/204/200/200');
INSERT INTO SONGS (song_id, album_id, title, duration, genre, release_date, `rank`, image) VALUES (490, 174, 'Song om9waV4lLd', 403, 'Classical', '2021-10-01', 202, 'https://picsum.photos/id/218/200/200');
INSERT INTO SONGS (song_id, album_id, title, duration, genre, release_date, `rank`, image) VALUES (491, 25, 'Song 4BrGYRiCym', 217, 'Classical', '2014-07-05', 195, 'https://picsum.photos/id/276/200/200');
INSERT INTO SONGS (song_id, album_id, title, duration, genre, release_date, `rank`, image) VALUES (492, 81, 'Song dXlFUKAOuP', 167, 'Jazz', '2016-06-19', 526, 'https://picsum.photos/id/222/200/200');
INSERT INTO SONGS (song_id, album_id, title, duration, genre, release_date, `rank`, image) VALUES (493, 74, 'Song fnKBkexSCG', 152, 'Pop', '2015-09-23', 313, 'https://picsum.photos/id/207/200/200');
INSERT INTO SONGS (song_id, album_id, title, duration, genre, release_date, `rank`, image) VALUES (494, 8, 'Song ZdzOyorN4B', 229, 'Pop', '2008-01-01', 375, 'https://picsum.photos/id/265/200/200');
INSERT INTO SONGS (song_id, album_id, title, duration, genre, release_date, `rank`, image) VALUES (495, 176, 'Song mud36BQAY3', 355, 'Hip Hop', '2023-12-28', 587, 'https://picsum.photos/id/227/200/200');
INSERT INTO SONGS (song_id, album_id, title, duration, genre, release_date, `rank`, image) VALUES (496, 162, 'Song 7A6S3oVzdP', 249, 'Dance', '2012-07-18', 782, 'https://picsum.photos/id/213/200/200');
INSERT INTO SONGS (song_id, album_id, title, duration, genre, release_date, `rank`, image) VALUES (497, 81, 'Song 5KLZYKbBev', 457, 'Dance', '2018-02-14', 569, 'https://picsum.photos/id/222/200/200');
INSERT INTO SONGS (song_id, album_id, title, duration, genre, release_date, `rank`, image) VALUES (498, 83, 'Song seystr1fKF', 318, 'Electronic', '2020-06-02', 783, 'https://picsum.photos/id/272/200/200');
INSERT INTO SONGS (song_id, album_id, title, duration, genre, release_date, `rank`, image) VALUES (499, 127, 'Song 2kbBATv9x2', 447, 'Folk', '2015-10-01', 21, 'https://picsum.photos/id/232/200/200');
INSERT INTO SONGS (song_id, album_id, title, duration, genre, release_date, `rank`, image) VALUES (500, 86, 'Song VgnIKhQxf9', 364, 'Folk', '2012-07-04', 355, 'https://picsum.photos/id/278/200/200');
INSERT INTO SONGS (song_id, album_id, title, duration, genre, release_date, `rank`, image) VALUES (501, 170, 'Song tgmVBH1oZk', 133, 'Metal', '2021-05-11', 373, 'https://picsum.photos/id/215/200/200');
INSERT INTO SONGS (song_id, album_id, title, duration, genre, release_date, `rank`, image) VALUES (502, 165, 'Song qqLE5HdJ0f', 468, 'Reggae', '2023-10-04', 177, 'https://picsum.photos/id/266/200/200');
INSERT INTO SONGS (song_id, album_id, title, duration, genre, release_date, `rank`, image) VALUES (503, 125, 'Song fVain7tebZ', 480, 'Country', '2018-04-24', 735, 'https://picsum.photos/id/237/200/200');
INSERT INTO SONGS (song_id, album_id, title, duration, genre, release_date, `rank`, image) VALUES (504, 31, 'Song 89x5jcWQTj', 335, 'Metal', '2015-04-20', 304, 'https://picsum.photos/id/230/200/200');
INSERT INTO SONGS (song_id, album_id, title, duration, genre, release_date, `rank`, image) VALUES (505, 7, 'Song AsX3c8tS8D', 400, 'Alternative', '2019-10-08', 281, 'https://picsum.photos/id/268/200/200');
INSERT INTO SONGS (song_id, album_id, title, duration, genre, release_date, `rank`, image) VALUES (506, 196, 'Song 7WcgsyvL5E', 356, 'Country', '2011-09-04', 184, 'https://picsum.photos/id/290/200/200');
INSERT INTO SONGS (song_id, album_id, title, duration, genre, release_date, `rank`, image) VALUES (507, 3, 'Song 3fxICNdzN4', 179, 'Metal', '2008-12-25', 154, 'https://picsum.photos/id/293/200/200');
INSERT INTO SONGS (song_id, album_id, title, duration, genre, release_date, `rank`, image) VALUES (508, 32, 'Song bTtwCGHRIl', 259, 'Reggae', '2016-09-05', 262, 'https://picsum.photos/id/261/200/200');
INSERT INTO SONGS (song_id, album_id, title, duration, genre, release_date, `rank`, image) VALUES (509, 187, 'Song OBT5BQYsEu', 245, 'Dance', '2011-09-01', 73, 'https://picsum.photos/id/237/200/200');
INSERT INTO SONGS (song_id, album_id, title, duration, genre, release_date, `rank`, image) VALUES (510, 100, 'Song vzzGNETOZS', 271, 'Hip Hop', '2010-01-19', 567, 'https://picsum.photos/id/267/200/200');
INSERT INTO SONGS (song_id, album_id, title, duration, genre, release_date, `rank`, image) VALUES (511, 61, 'Song Uj5WY36D7K', 403, 'Blues', '2020-10-29', 67, 'https://picsum.photos/id/237/200/200');
INSERT INTO SONGS (song_id, album_id, title, duration, genre, release_date, `rank`, image) VALUES (512, 179, 'Song ebgelDrruU', 447, 'Metal', '2014-07-21', 448, 'https://picsum.photos/id/209/200/200');
INSERT INTO SONGS (song_id, album_id, title, duration, genre, release_date, `rank`, image) VALUES (513, 41, 'Song htzMnMzadJ', 354, 'Classical', '2014-05-01', 890, 'https://picsum.photos/id/271/200/200');
INSERT INTO SONGS (song_id, album_id, title, duration, genre, release_date, `rank`, image) VALUES (514, 87, 'Song ios896JCr0', 382, 'Electronic', '2019-11-28', 182, 'https://picsum.photos/id/208/200/200');
INSERT INTO SONGS (song_id, album_id, title, duration, genre, release_date, `rank`, image) VALUES (515, 32, 'Song T8B1yKUIN3', 291, 'Electronic', '2010-10-16', 631, 'https://picsum.photos/id/261/200/200');
INSERT INTO SONGS (song_id, album_id, title, duration, genre, release_date, `rank`, image) VALUES (516, 147, 'Song eDrqR3q9Br', 328, 'Jazz', '2017-08-24', 796, 'https://picsum.photos/id/240/200/200');
INSERT INTO SONGS (song_id, album_id, title, duration, genre, release_date, `rank`, image) VALUES (517, 96, 'Song Daj0xcfOgh', 417, 'Metal', '2018-08-07', 412, 'https://picsum.photos/id/204/200/200');
INSERT INTO SONGS (song_id, album_id, title, duration, genre, release_date, `rank`, image) VALUES (518, 192, 'Song jewMaZ9san', 216, 'Folk', '2014-04-22', 586, 'https://picsum.photos/id/281/200/200');
INSERT INTO SONGS (song_id, album_id, title, duration, genre, release_date, `rank`, image) VALUES (519, 157, 'Song 0t89LehQqK', 293, 'Rock', '2013-10-28', 353, 'https://picsum.photos/id/212/200/200');
INSERT INTO SONGS (song_id, album_id, title, duration, genre, release_date, `rank`, image) VALUES (520, 167, 'Song Rd0GTAbMPd', 375, 'Blues', '2009-12-29', 541, 'https://picsum.photos/id/250/200/200');
INSERT INTO SONGS (song_id, album_id, title, duration, genre, release_date, `rank`, image) VALUES (521, 62, 'Song rVck71UK1B', 366, 'Pop', '2021-07-15', 488, 'https://picsum.photos/id/296/200/200');
INSERT INTO SONGS (song_id, album_id, title, duration, genre, release_date, `rank`, image) VALUES (522, 115, 'Song bwCweX8CpS', 163, 'Electronic', '2018-07-24', 984, 'https://picsum.photos/id/239/200/200');
INSERT INTO SONGS (song_id, album_id, title, duration, genre, release_date, `rank`, image) VALUES (523, 197, 'Song zifPQqq3lP', 209, 'Pop', '2020-08-02', 821, 'https://picsum.photos/id/284/200/200');
INSERT INTO SONGS (song_id, album_id, title, duration, genre, release_date, `rank`, image) VALUES (524, 168, 'Song P3HOHpWhNE', 239, 'Alternative', '2021-01-04', 63, 'https://picsum.photos/id/291/200/200');
INSERT INTO SONGS (song_id, album_id, title, duration, genre, release_date, `rank`, image) VALUES (525, 102, 'Song mhA1CRh29r', 362, 'Indie', '2011-05-18', 387, 'https://picsum.photos/id/254/200/200');
INSERT INTO SONGS (song_id, album_id, title, duration, genre, release_date, `rank`, image) VALUES (526, 11, 'Song 9SVRbJC5ug', 148, 'Country', '2022-05-13', 51, 'https://picsum.photos/id/259/200/200');
INSERT INTO SONGS (song_id, album_id, title, duration, genre, release_date, `rank`, image) VALUES (527, 20, 'Song Y7UG07QYoN', 283, 'Pop', '2015-12-29', 634, 'https://picsum.photos/id/217/200/200');
INSERT INTO SONGS (song_id, album_id, title, duration, genre, release_date, `rank`, image) VALUES (528, 77, 'Song KfEqstCR4j', 120, 'Rock', '2010-07-28', 613, 'https://picsum.photos/id/224/200/200');
INSERT INTO SONGS (song_id, album_id, title, duration, genre, release_date, `rank`, image) VALUES (529, 177, 'Song FdxnX7vPCH', 431, 'Dance', '2016-09-05', 737, 'https://picsum.photos/id/282/200/200');
INSERT INTO SONGS (song_id, album_id, title, duration, genre, release_date, `rank`, image) VALUES (530, 148, 'Song nxP5lYHDNW', 321, 'Indie', '2019-05-04', 640, 'https://picsum.photos/id/245/200/200');
INSERT INTO SONGS (song_id, album_id, title, duration, genre, release_date, `rank`, image) VALUES (531, 23, 'Song XZjeQ9l07b', 402, 'Jazz', '2009-07-03', 188, 'https://picsum.photos/id/212/200/200');
INSERT INTO SONGS (song_id, album_id, title, duration, genre, release_date, `rank`, image) VALUES (532, 132, 'Song UKaeTCNVIC', 306, 'Classical', '2019-03-01', 836, 'https://picsum.photos/id/250/200/200');
INSERT INTO SONGS (song_id, album_id, title, duration, genre, release_date, `rank`, image) VALUES (533, 107, 'Song 6gG7ne0leT', 179, 'R&B', '2008-08-17', 858, 'https://picsum.photos/id/253/200/200');
INSERT INTO SONGS (song_id, album_id, title, duration, genre, release_date, `rank`, image) VALUES (534, 69, 'Song C8JkLOYgvt', 195, 'Alternative', '2008-10-13', 592, 'https://picsum.photos/id/214/200/200');
INSERT INTO SONGS (song_id, album_id, title, duration, genre, release_date, `rank`, image) VALUES (535, 76, 'Song e6owxZzMsj', 313, 'Indie', '2020-10-13', 335, 'https://picsum.photos/id/204/200/200');
INSERT INTO SONGS (song_id, album_id, title, duration, genre, release_date, `rank`, image) VALUES (536, 82, 'Song mI2Ud4iivq', 262, 'Folk', '2010-08-02', 97, 'https://picsum.photos/id/278/200/200');
INSERT INTO SONGS (song_id, album_id, title, duration, genre, release_date, `rank`, image) VALUES (537, 156, 'Song BdMvzYYpUp', 355, 'Rock', '2015-01-13', 671, 'https://picsum.photos/id/260/200/200');
INSERT INTO SONGS (song_id, album_id, title, duration, genre, release_date, `rank`, image) VALUES (538, 111, 'Song i51LQxQYH5', 453, 'Classical', '2013-01-28', 794, 'https://picsum.photos/id/299/200/200');
INSERT INTO SONGS (song_id, album_id, title, duration, genre, release_date, `rank`, image) VALUES (539, 132, 'Song 9U7GJyFSdQ', 298, 'Dance', '2013-06-18', 738, 'https://picsum.photos/id/250/200/200');
INSERT INTO SONGS (song_id, album_id, title, duration, genre, release_date, `rank`, image) VALUES (540, 193, 'Song 3Vi7zWDal0', 128, 'Indie', '2012-03-27', 6, 'https://picsum.photos/id/238/200/200');
INSERT INTO SONGS (song_id, album_id, title, duration, genre, release_date, `rank`, image) VALUES (541, 11, 'Song MEjKf80j72', 273, 'Classical', '2016-05-05', 502, 'https://picsum.photos/id/259/200/200');
INSERT INTO SONGS (song_id, album_id, title, duration, genre, release_date, `rank`, image) VALUES (542, 24, 'Song dXOxsE144X', 127, 'Indie', '2017-01-18', 306, 'https://picsum.photos/id/236/200/200');
INSERT INTO SONGS (song_id, album_id, title, duration, genre, release_date, `rank`, image) VALUES (543, 79, 'Song nbzOVDUMSK', 205, 'Alternative', '2009-11-14', 769, 'https://picsum.photos/id/257/200/200');
INSERT INTO SONGS (song_id, album_id, title, duration, genre, release_date, `rank`, image) VALUES (544, 191, 'Song Vzqs6czCgv', 281, 'Folk', '2013-12-15', 342, 'https://picsum.photos/id/215/200/200');
INSERT INTO SONGS (song_id, album_id, title, duration, genre, release_date, `rank`, image) VALUES (545, 9, 'Song Aoj6vpLscz', 384, 'Reggae', '2013-07-29', 980, 'https://picsum.photos/id/227/200/200');
INSERT INTO SONGS (song_id, album_id, title, duration, genre, release_date, `rank`, image) VALUES (546, 44, 'Song Rds0llntBh', 243, 'Country', '2014-08-13', 792, 'https://picsum.photos/id/298/200/200');
INSERT INTO SONGS (song_id, album_id, title, duration, genre, release_date, `rank`, image) VALUES (547, 153, 'Song IM2kRjuurS', 458, 'Folk', '2014-02-12', 271, 'https://picsum.photos/id/263/200/200');
INSERT INTO SONGS (song_id, album_id, title, duration, genre, release_date, `rank`, image) VALUES (548, 98, 'Song 5teiMMAqzT', 168, 'Dance', '2022-12-24', 539, 'https://picsum.photos/id/213/200/200');
INSERT INTO SONGS (song_id, album_id, title, duration, genre, release_date, `rank`, image) VALUES (549, 23, 'Song KEDt3cCmLX', 368, 'Country', '2022-06-28', 484, 'https://picsum.photos/id/212/200/200');
INSERT INTO SONGS (song_id, album_id, title, duration, genre, release_date, `rank`, image) VALUES (550, 113, 'Song 0BSNPaO9f1', 165, 'Dance', '2009-11-19', 86, 'https://picsum.photos/id/247/200/200');
INSERT INTO SONGS (song_id, album_id, title, duration, genre, release_date, `rank`, image) VALUES (551, 122, 'Song ErGRW9C9LY', 128, 'Hip Hop', '2015-09-24', 229, 'https://picsum.photos/id/284/200/200');
INSERT INTO SONGS (song_id, album_id, title, duration, genre, release_date, `rank`, image) VALUES (552, 78, 'Song KcF0Wkwus9', 389, 'Electronic', '2009-06-08', 836, 'https://picsum.photos/id/251/200/200');
INSERT INTO SONGS (song_id, album_id, title, duration, genre, release_date, `rank`, image) VALUES (553, 193, 'Song SbgICp7QyL', 303, 'Folk', '2019-07-17', 107, 'https://picsum.photos/id/238/200/200');
INSERT INTO SONGS (song_id, album_id, title, duration, genre, release_date, `rank`, image) VALUES (554, 157, 'Song lLNexfVnXI', 153, 'Classical', '2015-04-29', 99, 'https://picsum.photos/id/212/200/200');
INSERT INTO SONGS (song_id, album_id, title, duration, genre, release_date, `rank`, image) VALUES (555, 24, 'Song Arr9ebXWWK', 290, 'Dance', '2014-12-21', 565, 'https://picsum.photos/id/236/200/200');
INSERT INTO SONGS (song_id, album_id, title, duration, genre, release_date, `rank`, image) VALUES (556, 157, 'Song 9kRhcEaAir', 143, 'R&B', '2022-09-09', 97, 'https://picsum.photos/id/212/200/200');
INSERT INTO SONGS (song_id, album_id, title, duration, genre, release_date, `rank`, image) VALUES (557, 26, 'Song jzGNpHsUnA', 181, 'R&B', '2021-06-23', 390, 'https://picsum.photos/id/253/200/200');
INSERT INTO SONGS (song_id, album_id, title, duration, genre, release_date, `rank`, image) VALUES (558, 82, 'Song YGLliAhQy2', 454, 'Jazz', '2022-02-07', 12, 'https://picsum.photos/id/278/200/200');
INSERT INTO SONGS (song_id, album_id, title, duration, genre, release_date, `rank`, image) VALUES (559, 21, 'Song giAJEdG8HZ', 360, 'Folk', '2016-06-06', 906, 'https://picsum.photos/id/269/200/200');
INSERT INTO SONGS (song_id, album_id, title, duration, genre, release_date, `rank`, image) VALUES (560, 84, 'Song zBXD2yOwKR', 351, 'Reggae', '2015-08-26', 802, 'https://picsum.photos/id/291/200/200');
INSERT INTO SONGS (song_id, album_id, title, duration, genre, release_date, `rank`, image) VALUES (561, 61, 'Song pTnZgFWhFR', 166, 'Reggae', '2008-07-16', 499, 'https://picsum.photos/id/237/200/200');
INSERT INTO SONGS (song_id, album_id, title, duration, genre, release_date, `rank`, image) VALUES (562, 182, 'Song LwDG3b5BZC', 136, 'Classical', '2018-10-07', 409, 'https://picsum.photos/id/297/200/200');
INSERT INTO SONGS (song_id, album_id, title, duration, genre, release_date, `rank`, image) VALUES (563, 122, 'Song iAfXlmVxB1', 280, 'Alternative', '2023-10-30', 566, 'https://picsum.photos/id/284/200/200');
INSERT INTO SONGS (song_id, album_id, title, duration, genre, release_date, `rank`, image) VALUES (564, 96, 'Song ZpJj8ICMEj', 412, 'Rock', '2017-08-03', 479, 'https://picsum.photos/id/204/200/200');
INSERT INTO SONGS (song_id, album_id, title, duration, genre, release_date, `rank`, image) VALUES (565, 36, 'Song em1hZudNxY', 436, 'Dance', '2010-06-04', 137, 'https://picsum.photos/id/239/200/200');
INSERT INTO SONGS (song_id, album_id, title, duration, genre, release_date, `rank`, image) VALUES (566, 4, 'Song NSKLS5h3Ym', 260, 'Rock', '2019-01-24', 984, 'https://picsum.photos/id/242/200/200');
INSERT INTO SONGS (song_id, album_id, title, duration, genre, release_date, `rank`, image) VALUES (567, 25, 'Song L2b0faziEo', 158, 'Dance', '2018-06-21', 445, 'https://picsum.photos/id/276/200/200');
INSERT INTO SONGS (song_id, album_id, title, duration, genre, release_date, `rank`, image) VALUES (568, 154, 'Song bMZWTM06YI', 368, 'Classical', '2010-04-04', 287, 'https://picsum.photos/id/273/200/200');
INSERT INTO SONGS (song_id, album_id, title, duration, genre, release_date, `rank`, image) VALUES (569, 86, 'Song 3W6u3oV1HZ', 426, 'Country', '2021-07-01', 21, 'https://picsum.photos/id/278/200/200');
INSERT INTO SONGS (song_id, album_id, title, duration, genre, release_date, `rank`, image) VALUES (570, 130, 'Song pfhiMMWTbk', 210, 'Classical', '2011-05-07', 887, 'https://picsum.photos/id/201/200/200');
INSERT INTO SONGS (song_id, album_id, title, duration, genre, release_date, `rank`, image) VALUES (571, 167, 'Song velBmxx4Ih', 221, 'Dance', '2008-04-24', 514, 'https://picsum.photos/id/250/200/200');
INSERT INTO SONGS (song_id, album_id, title, duration, genre, release_date, `rank`, image) VALUES (572, 15, 'Song VYywxbBBIS', 439, 'Pop', '2019-07-27', 31, 'https://picsum.photos/id/259/200/200');
INSERT INTO SONGS (song_id, album_id, title, duration, genre, release_date, `rank`, image) VALUES (573, 100, 'Song oeAM6Ixs6X', 324, 'Blues', '2013-02-01', 284, 'https://picsum.photos/id/267/200/200');
INSERT INTO SONGS (song_id, album_id, title, duration, genre, release_date, `rank`, image) VALUES (574, 195, 'Song lNzqcS1MZb', 292, 'Alternative', '2009-04-16', 129, 'https://picsum.photos/id/295/200/200');
INSERT INTO SONGS (song_id, album_id, title, duration, genre, release_date, `rank`, image) VALUES (575, 23, 'Song VhtHKf0YPU', 312, 'Alternative', '2019-07-09', 169, 'https://picsum.photos/id/212/200/200');
INSERT INTO SONGS (song_id, album_id, title, duration, genre, release_date, `rank`, image) VALUES (576, 93, 'Song rPAjJc4PKX', 429, 'Country', '2023-01-27', 878, 'https://picsum.photos/id/258/200/200');
INSERT INTO SONGS (song_id, album_id, title, duration, genre, release_date, `rank`, image) VALUES (577, 176, 'Song ZCR1H3bGhu', 299, 'Classical', '2008-05-12', 108, 'https://picsum.photos/id/227/200/200');
INSERT INTO SONGS (song_id, album_id, title, duration, genre, release_date, `rank`, image) VALUES (578, 153, 'Song xoDBkchlHb', 197, 'Classical', '2023-06-13', 952, 'https://picsum.photos/id/263/200/200');
INSERT INTO SONGS (song_id, album_id, title, duration, genre, release_date, `rank`, image) VALUES (579, 150, 'Song 5w4fVNNWZj', 158, 'Jazz', '2018-09-17', 480, 'https://picsum.photos/id/265/200/200');
INSERT INTO SONGS (song_id, album_id, title, duration, genre, release_date, `rank`, image) VALUES (580, 116, 'Song E5b8BOJmfd', 414, 'Jazz', '2017-02-12', 764, 'https://picsum.photos/id/224/200/200');
INSERT INTO SONGS (song_id, album_id, title, duration, genre, release_date, `rank`, image) VALUES (581, 175, 'Song B9EpjM32mO', 204, 'Folk', '2011-09-26', 274, 'https://picsum.photos/id/294/200/200');
INSERT INTO SONGS (song_id, album_id, title, duration, genre, release_date, `rank`, image) VALUES (582, 35, 'Song h66GfNivRz', 276, 'Rock', '2022-08-06', 750, 'https://picsum.photos/id/298/200/200');
INSERT INTO SONGS (song_id, album_id, title, duration, genre, release_date, `rank`, image) VALUES (583, 193, 'Song 56J3lge41W', 195, 'Metal', '2018-04-20', 884, 'https://picsum.photos/id/238/200/200');
INSERT INTO SONGS (song_id, album_id, title, duration, genre, release_date, `rank`, image) VALUES (584, 87, 'Song WKYRb4KXiX', 170, 'Classical', '2011-11-27', 215, 'https://picsum.photos/id/208/200/200');
INSERT INTO SONGS (song_id, album_id, title, duration, genre, release_date, `rank`, image) VALUES (585, 92, 'Song eGutRb2500', 453, 'Rock', '2020-02-07', 659, 'https://picsum.photos/id/298/200/200');
INSERT INTO SONGS (song_id, album_id, title, duration, genre, release_date, `rank`, image) VALUES (586, 165, 'Song FFjtsuZ7DB', 467, 'Metal', '2010-02-10', 263, 'https://picsum.photos/id/266/200/200');
INSERT INTO SONGS (song_id, album_id, title, duration, genre, release_date, `rank`, image) VALUES (587, 12, 'Song I5fcr4IbFH', 458, 'Blues', '2014-03-19', 572, 'https://picsum.photos/id/289/200/200');
INSERT INTO SONGS (song_id, album_id, title, duration, genre, release_date, `rank`, image) VALUES (588, 179, 'Song tpaliEHIgj', 148, 'Electronic', '2009-05-16', 81, 'https://picsum.photos/id/209/200/200');
INSERT INTO SONGS (song_id, album_id, title, duration, genre, release_date, `rank`, image) VALUES (589, 100, 'Song 6tYbXUAAZx', 470, 'Metal', '2013-06-05', 899, 'https://picsum.photos/id/267/200/200');
INSERT INTO SONGS (song_id, album_id, title, duration, genre, release_date, `rank`, image) VALUES (590, 158, 'Song VdRsDXukQi', 321, 'R&B', '2022-06-07', 606, 'https://picsum.photos/id/289/200/200');
INSERT INTO SONGS (song_id, album_id, title, duration, genre, release_date, `rank`, image) VALUES (591, 36, 'Song kftOzuFzyu', 184, 'Country', '2018-06-09', 198, 'https://picsum.photos/id/239/200/200');
INSERT INTO SONGS (song_id, album_id, title, duration, genre, release_date, `rank`, image) VALUES (592, 192, 'Song eTRNZnhIfU', 328, 'Indie', '2010-09-02', 88, 'https://picsum.photos/id/281/200/200');
INSERT INTO SONGS (song_id, album_id, title, duration, genre, release_date, `rank`, image) VALUES (593, 179, 'Song 16uG8HVlZ0', 257, 'Alternative', '2009-04-17', 255, 'https://picsum.photos/id/209/200/200');
INSERT INTO SONGS (song_id, album_id, title, duration, genre, release_date, `rank`, image) VALUES (594, 61, 'Song 7HMGUjErah', 268, 'Folk', '2022-09-18', 238, 'https://picsum.photos/id/237/200/200');
INSERT INTO SONGS (song_id, album_id, title, duration, genre, release_date, `rank`, image) VALUES (595, 72, 'Song exz38uaPvT', 372, 'Rock', '2016-07-11', 271, 'https://picsum.photos/id/201/200/200');
INSERT INTO SONGS (song_id, album_id, title, duration, genre, release_date, `rank`, image) VALUES (596, 177, 'Song kqczq56jdg', 471, 'Electronic', '2013-12-29', 225, 'https://picsum.photos/id/282/200/200');
INSERT INTO SONGS (song_id, album_id, title, duration, genre, release_date, `rank`, image) VALUES (597, 129, 'Song FNyd2BpF9c', 448, 'Jazz', '2013-08-08', 188, 'https://picsum.photos/id/222/200/200');
INSERT INTO SONGS (song_id, album_id, title, duration, genre, release_date, `rank`, image) VALUES (598, 1, 'Song zRrAIlXp3X', 248, 'Alternative', '2023-09-06', 63, 'https://picsum.photos/id/255/200/200');
INSERT INTO SONGS (song_id, album_id, title, duration, genre, release_date, `rank`, image) VALUES (599, 52, 'Song 8EGqayeHC3', 195, 'Reggae', '2015-08-22', 219, 'https://picsum.photos/id/256/200/200');
INSERT INTO SONGS (song_id, album_id, title, duration, genre, release_date, `rank`, image) VALUES (600, 160, 'Song spAbAzQ61X', 445, 'Country', '2010-01-05', 268, 'https://picsum.photos/id/227/200/200');
INSERT INTO SONGS (song_id, album_id, title, duration, genre, release_date, `rank`, image) VALUES (601, 100, 'Song sUN4wM8j9U', 310, 'Blues', '2010-12-23', 571, 'https://picsum.photos/id/267/200/200');
INSERT INTO SONGS (song_id, album_id, title, duration, genre, release_date, `rank`, image) VALUES (602, 13, 'Song VeHqQAh3U2', 218, 'Country', '2012-06-20', 823, 'https://picsum.photos/id/261/200/200');
INSERT INTO SONGS (song_id, album_id, title, duration, genre, release_date, `rank`, image) VALUES (603, 127, 'Song SzL9SPxFlq', 251, 'Reggae', '2019-05-28', 640, 'https://picsum.photos/id/232/200/200');
INSERT INTO SONGS (song_id, album_id, title, duration, genre, release_date, `rank`, image) VALUES (604, 142, 'Song OkfgzelfHK', 290, 'Folk', '2015-11-20', 997, 'https://picsum.photos/id/207/200/200');
INSERT INTO SONGS (song_id, album_id, title, duration, genre, release_date, `rank`, image) VALUES (605, 155, 'Song Z9T67bSNr9', 272, 'Rock', '2008-03-13', 261, 'https://picsum.photos/id/215/200/200');
INSERT INTO SONGS (song_id, album_id, title, duration, genre, release_date, `rank`, image) VALUES (606, 174, 'Song O16DoAjyiz', 326, 'Electronic', '2014-11-15', 314, 'https://picsum.photos/id/218/200/200');
INSERT INTO SONGS (song_id, album_id, title, duration, genre, release_date, `rank`, image) VALUES (607, 152, 'Song eb8GCscJRq', 471, 'Folk', '2021-10-14', 671, 'https://picsum.photos/id/261/200/200');
INSERT INTO SONGS (song_id, album_id, title, duration, genre, release_date, `rank`, image) VALUES (608, 61, 'Song GRaOawTJW7', 302, 'Country', '2022-04-24', 558, 'https://picsum.photos/id/237/200/200');
INSERT INTO SONGS (song_id, album_id, title, duration, genre, release_date, `rank`, image) VALUES (609, 30, 'Song awNy4NJmD4', 356, 'Reggae', '2013-11-16', 328, 'https://picsum.photos/id/297/200/200');
INSERT INTO SONGS (song_id, album_id, title, duration, genre, release_date, `rank`, image) VALUES (610, 114, 'Song Zv1k0xshQi', 219, 'Blues', '2022-04-22', 148, 'https://picsum.photos/id/280/200/200');
INSERT INTO SONGS (song_id, album_id, title, duration, genre, release_date, `rank`, image) VALUES (611, 60, 'Song rj9h7fz9RO', 358, 'Rock', '2023-07-14', 718, 'https://picsum.photos/id/290/200/200');
INSERT INTO SONGS (song_id, album_id, title, duration, genre, release_date, `rank`, image) VALUES (612, 104, 'Song xfx2DKMyNL', 260, 'Reggae', '2015-02-20', 410, 'https://picsum.photos/id/254/200/200');
INSERT INTO SONGS (song_id, album_id, title, duration, genre, release_date, `rank`, image) VALUES (613, 181, 'Song MCAvvUy7Ia', 294, 'Metal', '2022-02-11', 356, 'https://picsum.photos/id/261/200/200');
INSERT INTO SONGS (song_id, album_id, title, duration, genre, release_date, `rank`, image) VALUES (614, 5, 'Song hAkpYniGtd', 362, 'Indie', '2018-01-26', 106, 'https://picsum.photos/id/252/200/200');
INSERT INTO SONGS (song_id, album_id, title, duration, genre, release_date, `rank`, image) VALUES (615, 150, 'Song 7d4ygwcka1', 135, 'Dance', '2015-11-15', 475, 'https://picsum.photos/id/265/200/200');
INSERT INTO SONGS (song_id, album_id, title, duration, genre, release_date, `rank`, image) VALUES (616, 198, 'Song I4Bo0ZDJla', 443, 'Jazz', '2009-06-16', 299, 'https://picsum.photos/id/272/200/200');
INSERT INTO SONGS (song_id, album_id, title, duration, genre, release_date, `rank`, image) VALUES (617, 188, 'Song fxFTy7nDxF', 239, 'Metal', '2023-03-29', 732, 'https://picsum.photos/id/219/200/200');
INSERT INTO SONGS (song_id, album_id, title, duration, genre, release_date, `rank`, image) VALUES (618, 109, 'Song j401UaZpfV', 272, 'Metal', '2021-10-20', 110, 'https://picsum.photos/id/202/200/200');
INSERT INTO SONGS (song_id, album_id, title, duration, genre, release_date, `rank`, image) VALUES (619, 168, 'Song OVTCG6eCxm', 360, 'Classical', '2016-07-07', 497, 'https://picsum.photos/id/291/200/200');
INSERT INTO SONGS (song_id, album_id, title, duration, genre, release_date, `rank`, image) VALUES (620, 53, 'Song MbkT62si62', 250, 'R&B', '2016-09-10', 754, 'https://picsum.photos/id/256/200/200');
INSERT INTO SONGS (song_id, album_id, title, duration, genre, release_date, `rank`, image) VALUES (621, 77, 'Song rwSysM75T5', 282, 'Folk', '2023-07-18', 391, 'https://picsum.photos/id/224/200/200');
INSERT INTO SONGS (song_id, album_id, title, duration, genre, release_date, `rank`, image) VALUES (622, 194, 'Song kCMILMG1tb', 420, 'Classical', '2018-12-14', 538, 'https://picsum.photos/id/232/200/200');
INSERT INTO SONGS (song_id, album_id, title, duration, genre, release_date, `rank`, image) VALUES (623, 135, 'Song 07t9xS4MRg', 369, 'Alternative', '2016-03-05', 534, 'https://picsum.photos/id/259/200/200');
INSERT INTO SONGS (song_id, album_id, title, duration, genre, release_date, `rank`, image) VALUES (624, 63, 'Song esUarz0vrr', 397, 'Reggae', '2016-08-14', 72, 'https://picsum.photos/id/233/200/200');
INSERT INTO SONGS (song_id, album_id, title, duration, genre, release_date, `rank`, image) VALUES (625, 15, 'Song YKNvry3Q3B', 121, 'Country', '2008-03-18', 639, 'https://picsum.photos/id/259/200/200');
INSERT INTO SONGS (song_id, album_id, title, duration, genre, release_date, `rank`, image) VALUES (626, 158, 'Song Q0RvSnvsTH', 238, 'Indie', '2017-03-13', 473, 'https://picsum.photos/id/289/200/200');
INSERT INTO SONGS (song_id, album_id, title, duration, genre, release_date, `rank`, image) VALUES (627, 155, 'Song TiCHg887Jh', 185, 'Dance', '2016-10-08', 399, 'https://picsum.photos/id/215/200/200');
INSERT INTO SONGS (song_id, album_id, title, duration, genre, release_date, `rank`, image) VALUES (628, 146, 'Song 9exOY1Jh62', 190, 'Jazz', '2021-12-01', 349, 'https://picsum.photos/id/273/200/200');
INSERT INTO SONGS (song_id, album_id, title, duration, genre, release_date, `rank`, image) VALUES (629, 43, 'Song GIjAkPcHYi', 215, 'Blues', '2018-05-31', 657, 'https://picsum.photos/id/243/200/200');
INSERT INTO SONGS (song_id, album_id, title, duration, genre, release_date, `rank`, image) VALUES (630, 63, 'Song 92tuXDxUBX', 450, 'Jazz', '2011-01-30', 828, 'https://picsum.photos/id/233/200/200');
INSERT INTO SONGS (song_id, album_id, title, duration, genre, release_date, `rank`, image) VALUES (631, 53, 'Song S5WFyWicAA', 183, 'Electronic', '2017-08-31', 517, 'https://picsum.photos/id/256/200/200');
INSERT INTO SONGS (song_id, album_id, title, duration, genre, release_date, `rank`, image) VALUES (632, 147, 'Song KRJD9tepGT', 179, 'Hip Hop', '2022-11-08', 149, 'https://picsum.photos/id/240/200/200');
INSERT INTO SONGS (song_id, album_id, title, duration, genre, release_date, `rank`, image) VALUES (633, 171, 'Song 4b4XuFb1Fp', 120, 'Folk', '2014-03-10', 350, 'https://picsum.photos/id/269/200/200');
INSERT INTO SONGS (song_id, album_id, title, duration, genre, release_date, `rank`, image) VALUES (634, 47, 'Song 3kFRullsyf', 220, 'Alternative', '2023-05-10', 492, 'https://picsum.photos/id/245/200/200');
INSERT INTO SONGS (song_id, album_id, title, duration, genre, release_date, `rank`, image) VALUES (635, 155, 'Song vXVt6pXSaC', 256, 'Reggae', '2009-02-21', 27, 'https://picsum.photos/id/215/200/200');
INSERT INTO SONGS (song_id, album_id, title, duration, genre, release_date, `rank`, image) VALUES (636, 145, 'Song fQ2eMd4Iqe', 417, 'Metal', '2017-12-21', 52, 'https://picsum.photos/id/203/200/200');
INSERT INTO SONGS (song_id, album_id, title, duration, genre, release_date, `rank`, image) VALUES (637, 114, 'Song Ap9qUNuOvt', 429, 'Country', '2023-03-21', 430, 'https://picsum.photos/id/280/200/200');
INSERT INTO SONGS (song_id, album_id, title, duration, genre, release_date, `rank`, image) VALUES (638, 126, 'Song 8HXXi9mcoD', 353, 'R&B', '2014-02-09', 80, 'https://picsum.photos/id/215/200/200');
INSERT INTO SONGS (song_id, album_id, title, duration, genre, release_date, `rank`, image) VALUES (639, 111, 'Song lnbQ4bBJz1', 155, 'Electronic', '2013-10-22', 756, 'https://picsum.photos/id/299/200/200');
INSERT INTO SONGS (song_id, album_id, title, duration, genre, release_date, `rank`, image) VALUES (640, 90, 'Song FxAsVSBjmf', 233, 'Folk', '2017-08-30', 284, 'https://picsum.photos/id/254/200/200');
INSERT INTO SONGS (song_id, album_id, title, duration, genre, release_date, `rank`, image) VALUES (641, 32, 'Song 8Xf0GGSMcT', 134, 'Indie', '2017-06-08', 1000, 'https://picsum.photos/id/261/200/200');
INSERT INTO SONGS (song_id, album_id, title, duration, genre, release_date, `rank`, image) VALUES (642, 70, 'Song m7S3ZeTmu8', 453, 'Folk', '2019-02-24', 994, 'https://picsum.photos/id/239/200/200');
INSERT INTO SONGS (song_id, album_id, title, duration, genre, release_date, `rank`, image) VALUES (643, 69, 'Song Fl7J4qnIEf', 480, 'Pop', '2016-03-27', 305, 'https://picsum.photos/id/214/200/200');
INSERT INTO SONGS (song_id, album_id, title, duration, genre, release_date, `rank`, image) VALUES (644, 25, 'Song y7VyNfBRjB', 304, 'Pop', '2008-02-06', 141, 'https://picsum.photos/id/276/200/200');
INSERT INTO SONGS (song_id, album_id, title, duration, genre, release_date, `rank`, image) VALUES (645, 28, 'Song qm287ldez0', 430, 'Classical', '2023-08-24', 458, 'https://picsum.photos/id/274/200/200');
INSERT INTO SONGS (song_id, album_id, title, duration, genre, release_date, `rank`, image) VALUES (646, 11, 'Song xnzrhcxkt6', 136, 'Hip Hop', '2022-06-18', 613, 'https://picsum.photos/id/259/200/200');
INSERT INTO SONGS (song_id, album_id, title, duration, genre, release_date, `rank`, image) VALUES (647, 77, 'Song EYIBmpSFu2', 289, 'Blues', '2014-06-10', 811, 'https://picsum.photos/id/224/200/200');
INSERT INTO SONGS (song_id, album_id, title, duration, genre, release_date, `rank`, image) VALUES (648, 73, 'Song 7nT9GyrdXp', 311, 'Alternative', '2021-03-01', 671, 'https://picsum.photos/id/237/200/200');
INSERT INTO SONGS (song_id, album_id, title, duration, genre, release_date, `rank`, image) VALUES (649, 160, 'Song GeUqkkrUUE', 371, 'Blues', '2011-10-14', 776, 'https://picsum.photos/id/227/200/200');
INSERT INTO SONGS (song_id, album_id, title, duration, genre, release_date, `rank`, image) VALUES (650, 109, 'Song eEXxZQhyXq', 435, 'Hip Hop', '2016-09-21', 748, 'https://picsum.photos/id/202/200/200');
INSERT INTO SONGS (song_id, album_id, title, duration, genre, release_date, `rank`, image) VALUES (651, 1, 'Song CLvwY0j8JF', 223, 'Pop', '2011-02-08', 521, 'https://picsum.photos/id/255/200/200');
INSERT INTO SONGS (song_id, album_id, title, duration, genre, release_date, `rank`, image) VALUES (652, 142, 'Song Jg9iBZuocb', 172, 'Blues', '2008-10-13', 545, 'https://picsum.photos/id/207/200/200');
INSERT INTO SONGS (song_id, album_id, title, duration, genre, release_date, `rank`, image) VALUES (653, 148, 'Song xkgqa4rSdW', 480, 'Classical', '2013-04-22', 652, 'https://picsum.photos/id/245/200/200');
INSERT INTO SONGS (song_id, album_id, title, duration, genre, release_date, `rank`, image) VALUES (654, 188, 'Song ymN4Yf7iol', 372, 'Classical', '2024-04-27', 566, 'https://picsum.photos/id/219/200/200');
INSERT INTO SONGS (song_id, album_id, title, duration, genre, release_date, `rank`, image) VALUES (655, 55, 'Song kDDOY4Of2b', 299, 'Country', '2012-12-07', 212, 'https://picsum.photos/id/243/200/200');
INSERT INTO SONGS (song_id, album_id, title, duration, genre, release_date, `rank`, image) VALUES (656, 196, 'Song LiT1E8qScm', 366, 'Jazz', '2024-01-10', 513, 'https://picsum.photos/id/290/200/200');
INSERT INTO SONGS (song_id, album_id, title, duration, genre, release_date, `rank`, image) VALUES (657, 90, 'Song GgxUjkXZ7X', 454, 'Jazz', '2008-07-13', 232, 'https://picsum.photos/id/254/200/200');
INSERT INTO SONGS (song_id, album_id, title, duration, genre, release_date, `rank`, image) VALUES (658, 166, 'Song RIReAnVb8Y', 363, 'Hip Hop', '2019-01-22', 159, 'https://picsum.photos/id/216/200/200');
INSERT INTO SONGS (song_id, album_id, title, duration, genre, release_date, `rank`, image) VALUES (659, 167, 'Song 3bISCLlcOX', 416, 'Metal', '2018-01-16', 966, 'https://picsum.photos/id/250/200/200');
INSERT INTO SONGS (song_id, album_id, title, duration, genre, release_date, `rank`, image) VALUES (660, 20, 'Song fjT6I07nDG', 217, 'Jazz', '2017-04-27', 345, 'https://picsum.photos/id/217/200/200');
INSERT INTO SONGS (song_id, album_id, title, duration, genre, release_date, `rank`, image) VALUES (661, 36, 'Song LjXrjxVquw', 228, 'Country', '2010-09-11', 713, 'https://picsum.photos/id/239/200/200');
INSERT INTO SONGS (song_id, album_id, title, duration, genre, release_date, `rank`, image) VALUES (662, 38, 'Song IwdEiS7awc', 336, 'Hip Hop', '2021-11-14', 471, 'https://picsum.photos/id/213/200/200');
INSERT INTO SONGS (song_id, album_id, title, duration, genre, release_date, `rank`, image) VALUES (663, 145, 'Song xSFhLaBHBb', 227, 'Electronic', '2008-06-09', 634, 'https://picsum.photos/id/203/200/200');
INSERT INTO SONGS (song_id, album_id, title, duration, genre, release_date, `rank`, image) VALUES (664, 12, 'Song zJgOy8Ewwd', 426, 'Alternative', '2018-06-14', 761, 'https://picsum.photos/id/289/200/200');
INSERT INTO SONGS (song_id, album_id, title, duration, genre, release_date, `rank`, image) VALUES (665, 54, 'Song 1MK1vqI0JA', 435, 'Dance', '2018-08-10', 888, 'https://picsum.photos/id/250/200/200');
INSERT INTO SONGS (song_id, album_id, title, duration, genre, release_date, `rank`, image) VALUES (666, 183, 'Song usSpyzKFNg', 426, 'Electronic', '2014-05-05', 790, 'https://picsum.photos/id/223/200/200');
INSERT INTO SONGS (song_id, album_id, title, duration, genre, release_date, `rank`, image) VALUES (667, 74, 'Song VfDZirtsrO', 260, 'Alternative', '2020-01-30', 278, 'https://picsum.photos/id/207/200/200');
INSERT INTO SONGS (song_id, album_id, title, duration, genre, release_date, `rank`, image) VALUES (668, 7, 'Song aUwQloPnpQ', 214, 'Dance', '2023-03-26', 358, 'https://picsum.photos/id/268/200/200');
INSERT INTO SONGS (song_id, album_id, title, duration, genre, release_date, `rank`, image) VALUES (669, 87, 'Song mH0tXvpRnI', 263, 'Dance', '2016-01-24', 727, 'https://picsum.photos/id/208/200/200');
INSERT INTO SONGS (song_id, album_id, title, duration, genre, release_date, `rank`, image) VALUES (670, 59, 'Song 2BH1yTySSn', 369, 'Alternative', '2016-04-06', 977, 'https://picsum.photos/id/222/200/200');
INSERT INTO SONGS (song_id, album_id, title, duration, genre, release_date, `rank`, image) VALUES (671, 86, 'Song NK00KmcDpL', 447, 'Jazz', '2023-01-31', 322, 'https://picsum.photos/id/278/200/200');
INSERT INTO SONGS (song_id, album_id, title, duration, genre, release_date, `rank`, image) VALUES (672, 92, 'Song DDyAx6xhNr', 188, 'Dance', '2014-09-01', 462, 'https://picsum.photos/id/298/200/200');
INSERT INTO SONGS (song_id, album_id, title, duration, genre, release_date, `rank`, image) VALUES (673, 84, 'Song 3iKTrD8BWF', 187, 'Electronic', '2018-03-01', 534, 'https://picsum.photos/id/291/200/200');
INSERT INTO SONGS (song_id, album_id, title, duration, genre, release_date, `rank`, image) VALUES (674, 163, 'Song UBLoTvE3J9', 240, 'Classical', '2019-07-12', 151, 'https://picsum.photos/id/246/200/200');
INSERT INTO SONGS (song_id, album_id, title, duration, genre, release_date, `rank`, image) VALUES (675, 44, 'Song Ud1avpBAvM', 464, 'Dance', '2008-03-06', 392, 'https://picsum.photos/id/298/200/200');
INSERT INTO SONGS (song_id, album_id, title, duration, genre, release_date, `rank`, image) VALUES (676, 176, 'Song iKAdCiTONC', 122, 'R&B', '2010-11-07', 590, 'https://picsum.photos/id/227/200/200');
INSERT INTO SONGS (song_id, album_id, title, duration, genre, release_date, `rank`, image) VALUES (677, 53, 'Song U57UBr7XeS', 226, 'Blues', '2013-09-01', 210, 'https://picsum.photos/id/256/200/200');
INSERT INTO SONGS (song_id, album_id, title, duration, genre, release_date, `rank`, image) VALUES (678, 69, 'Song rtbaEnY2hW', 283, 'Electronic', '2023-05-05', 955, 'https://picsum.photos/id/214/200/200');
INSERT INTO SONGS (song_id, album_id, title, duration, genre, release_date, `rank`, image) VALUES (679, 190, 'Song wfJN8hNpQP', 355, 'Reggae', '2023-07-27', 25, 'https://picsum.photos/id/267/200/200');
INSERT INTO SONGS (song_id, album_id, title, duration, genre, release_date, `rank`, image) VALUES (680, 28, 'Song NJRjTktqGq', 234, 'Pop', '2014-05-08', 339, 'https://picsum.photos/id/274/200/200');
INSERT INTO SONGS (song_id, album_id, title, duration, genre, release_date, `rank`, image) VALUES (681, 138, 'Song fCaMGVWo9t', 142, 'R&B', '2010-11-10', 60, 'https://picsum.photos/id/267/200/200');
INSERT INTO SONGS (song_id, album_id, title, duration, genre, release_date, `rank`, image) VALUES (682, 85, 'Song 2kLfY4Nj01', 144, 'Dance', '2010-06-18', 87, 'https://picsum.photos/id/298/200/200');
INSERT INTO SONGS (song_id, album_id, title, duration, genre, release_date, `rank`, image) VALUES (683, 68, 'Song P9hhz8nu5y', 155, 'R&B', '2019-10-26', 928, 'https://picsum.photos/id/232/200/200');
INSERT INTO SONGS (song_id, album_id, title, duration, genre, release_date, `rank`, image) VALUES (684, 142, 'Song 8oJpHZLgx1', 232, 'Alternative', '2023-05-07', 349, 'https://picsum.photos/id/207/200/200');
INSERT INTO SONGS (song_id, album_id, title, duration, genre, release_date, `rank`, image) VALUES (685, 193, 'Song 14ROfiW4MP', 345, 'Electronic', '2019-04-02', 262, 'https://picsum.photos/id/238/200/200');
INSERT INTO SONGS (song_id, album_id, title, duration, genre, release_date, `rank`, image) VALUES (686, 196, 'Song k7nAHam0N0', 133, 'R&B', '2010-01-16', 797, 'https://picsum.photos/id/290/200/200');
INSERT INTO SONGS (song_id, album_id, title, duration, genre, release_date, `rank`, image) VALUES (687, 36, 'Song clKaRskbTc', 227, 'Hip Hop', '2020-01-23', 963, 'https://picsum.photos/id/239/200/200');
INSERT INTO SONGS (song_id, album_id, title, duration, genre, release_date, `rank`, image) VALUES (688, 7, 'Song JIMpt3CsGm', 189, 'Metal', '2020-09-25', 675, 'https://picsum.photos/id/268/200/200');
INSERT INTO SONGS (song_id, album_id, title, duration, genre, release_date, `rank`, image) VALUES (689, 51, 'Song 4xkB4SUutv', 127, 'Metal', '2011-05-19', 939, 'https://picsum.photos/id/261/200/200');
INSERT INTO SONGS (song_id, album_id, title, duration, genre, release_date, `rank`, image) VALUES (690, 95, 'Song oESy5pNG3G', 183, 'Jazz', '2021-10-21', 715, 'https://picsum.photos/id/286/200/200');
INSERT INTO SONGS (song_id, album_id, title, duration, genre, release_date, `rank`, image) VALUES (691, 162, 'Song 2G0bjsQdoF', 354, 'Country', '2014-12-01', 327, 'https://picsum.photos/id/213/200/200');
INSERT INTO SONGS (song_id, album_id, title, duration, genre, release_date, `rank`, image) VALUES (692, 12, 'Song b1z48UmqTG', 245, 'Blues', '2008-11-27', 597, 'https://picsum.photos/id/289/200/200');
INSERT INTO SONGS (song_id, album_id, title, duration, genre, release_date, `rank`, image) VALUES (693, 107, 'Song WBomzyT4gQ', 248, 'Alternative', '2023-10-03', 653, 'https://picsum.photos/id/253/200/200');
INSERT INTO SONGS (song_id, album_id, title, duration, genre, release_date, `rank`, image) VALUES (694, 161, 'Song UdOsEgehuo', 157, 'Jazz', '2009-06-04', 761, 'https://picsum.photos/id/223/200/200');
INSERT INTO SONGS (song_id, album_id, title, duration, genre, release_date, `rank`, image) VALUES (695, 112, 'Song 0AVgW6M5Ap', 121, 'Indie', '2012-08-26', 920, 'https://picsum.photos/id/239/200/200');
INSERT INTO SONGS (song_id, album_id, title, duration, genre, release_date, `rank`, image) VALUES (696, 151, 'Song 5fN2y9lynD', 472, 'Hip Hop', '2019-04-30', 201, 'https://picsum.photos/id/251/200/200');
INSERT INTO SONGS (song_id, album_id, title, duration, genre, release_date, `rank`, image) VALUES (697, 109, 'Song z20mjXrQH0', 378, 'Pop', '2008-04-10', 168, 'https://picsum.photos/id/202/200/200');
INSERT INTO SONGS (song_id, album_id, title, duration, genre, release_date, `rank`, image) VALUES (698, 17, 'Song H9wGm0BuiW', 143, 'Rock', '2010-10-01', 330, 'https://picsum.photos/id/202/200/200');
INSERT INTO SONGS (song_id, album_id, title, duration, genre, release_date, `rank`, image) VALUES (699, 171, 'Song SC2yNhkOg7', 409, 'Reggae', '2010-11-17', 560, 'https://picsum.photos/id/269/200/200');
INSERT INTO SONGS (song_id, album_id, title, duration, genre, release_date, `rank`, image) VALUES (700, 163, 'Song ryCg661ffy', 249, 'Pop', '2015-05-11', 78, 'https://picsum.photos/id/246/200/200');
INSERT INTO SONGS (song_id, album_id, title, duration, genre, release_date, `rank`, image) VALUES (701, 156, 'Song Ie2CrWgUZh', 284, 'R&B', '2015-09-24', 944, 'https://picsum.photos/id/260/200/200');
INSERT INTO SONGS (song_id, album_id, title, duration, genre, release_date, `rank`, image) VALUES (702, 66, 'Song wQO9Dh31iq', 274, 'Reggae', '2023-03-26', 619, 'https://picsum.photos/id/299/200/200');
INSERT INTO SONGS (song_id, album_id, title, duration, genre, release_date, `rank`, image) VALUES (703, 20, 'Song n2pOvdEgd4', 400, 'Rock', '2008-12-04', 885, 'https://picsum.photos/id/217/200/200');
INSERT INTO SONGS (song_id, album_id, title, duration, genre, release_date, `rank`, image) VALUES (704, 166, 'Song 4Xgs1Bunu7', 249, 'Hip Hop', '2016-08-03', 903, 'https://picsum.photos/id/216/200/200');
INSERT INTO SONGS (song_id, album_id, title, duration, genre, release_date, `rank`, image) VALUES (705, 30, 'Song ULxpmXTCnt', 191, 'Metal', '2010-06-24', 26, 'https://picsum.photos/id/297/200/200');
INSERT INTO SONGS (song_id, album_id, title, duration, genre, release_date, `rank`, image) VALUES (706, 65, 'Song E8e6rSuhgH', 291, 'Classical', '2017-08-23', 835, 'https://picsum.photos/id/267/200/200');
INSERT INTO SONGS (song_id, album_id, title, duration, genre, release_date, `rank`, image) VALUES (707, 98, 'Song lH1yV4mpfg', 378, 'Blues', '2013-08-14', 335, 'https://picsum.photos/id/213/200/200');
INSERT INTO SONGS (song_id, album_id, title, duration, genre, release_date, `rank`, image) VALUES (708, 161, 'Song GFcMuLboji', 396, 'Dance', '2010-02-24', 89, 'https://picsum.photos/id/223/200/200');
INSERT INTO SONGS (song_id, album_id, title, duration, genre, release_date, `rank`, image) VALUES (709, 54, 'Song 3z3TET0QeQ', 217, 'Metal', '2019-03-17', 251, 'https://picsum.photos/id/250/200/200');
INSERT INTO SONGS (song_id, album_id, title, duration, genre, release_date, `rank`, image) VALUES (710, 58, 'Song hYRmoX9bcK', 302, 'Alternative', '2014-11-24', 810, 'https://picsum.photos/id/222/200/200');
INSERT INTO SONGS (song_id, album_id, title, duration, genre, release_date, `rank`, image) VALUES (711, 176, 'Song 1yd1KyclpR', 121, 'Hip Hop', '2008-12-05', 816, 'https://picsum.photos/id/227/200/200');
INSERT INTO SONGS (song_id, album_id, title, duration, genre, release_date, `rank`, image) VALUES (712, 143, 'Song mXlXlA4aU9', 382, 'Folk', '2019-03-06', 411, 'https://picsum.photos/id/285/200/200');
INSERT INTO SONGS (song_id, album_id, title, duration, genre, release_date, `rank`, image) VALUES (713, 163, 'Song Zf3Gixc7oG', 440, 'Reggae', '2017-06-02', 701, 'https://picsum.photos/id/246/200/200');
INSERT INTO SONGS (song_id, album_id, title, duration, genre, release_date, `rank`, image) VALUES (714, 2, 'Song wbX0mwCb1P', 237, 'Pop', '2020-06-22', 740, 'https://picsum.photos/id/261/200/200');
INSERT INTO SONGS (song_id, album_id, title, duration, genre, release_date, `rank`, image) VALUES (715, 200, 'Song yyMvbd4UQ2', 273, 'Jazz', '2012-05-30', 870, 'https://picsum.photos/id/249/200/200');
INSERT INTO SONGS (song_id, album_id, title, duration, genre, release_date, `rank`, image) VALUES (716, 108, 'Song 5ZIxSr9e6D', 125, 'Folk', '2014-11-04', 653, 'https://picsum.photos/id/221/200/200');
INSERT INTO SONGS (song_id, album_id, title, duration, genre, release_date, `rank`, image) VALUES (717, 70, 'Song h5a36drgS9', 162, 'Folk', '2009-09-03', 859, 'https://picsum.photos/id/239/200/200');
INSERT INTO SONGS (song_id, album_id, title, duration, genre, release_date, `rank`, image) VALUES (718, 5, 'Song M4At17vswp', 453, 'Classical', '2015-02-01', 64, 'https://picsum.photos/id/252/200/200');
INSERT INTO SONGS (song_id, album_id, title, duration, genre, release_date, `rank`, image) VALUES (719, 162, 'Song zuDuICP9Yv', 362, 'Folk', '2013-06-29', 429, 'https://picsum.photos/id/213/200/200');
INSERT INTO SONGS (song_id, album_id, title, duration, genre, release_date, `rank`, image) VALUES (720, 129, 'Song 2S3loDYUcV', 142, 'Alternative', '2024-04-07', 65, 'https://picsum.photos/id/222/200/200');
INSERT INTO SONGS (song_id, album_id, title, duration, genre, release_date, `rank`, image) VALUES (721, 113, 'Song hxHtbZ99Dm', 169, 'Rock', '2014-04-18', 60, 'https://picsum.photos/id/247/200/200');
INSERT INTO SONGS (song_id, album_id, title, duration, genre, release_date, `rank`, image) VALUES (722, 189, 'Song SuCshdysG2', 282, 'Pop', '2017-02-18', 178, 'https://picsum.photos/id/206/200/200');
INSERT INTO SONGS (song_id, album_id, title, duration, genre, release_date, `rank`, image) VALUES (723, 68, 'Song dkmQtN9bOJ', 471, 'Indie', '2009-03-28', 962, 'https://picsum.photos/id/232/200/200');
INSERT INTO SONGS (song_id, album_id, title, duration, genre, release_date, `rank`, image) VALUES (724, 97, 'Song h8JiojubAt', 236, 'Metal', '2014-01-18', 562, 'https://picsum.photos/id/244/200/200');
INSERT INTO SONGS (song_id, album_id, title, duration, genre, release_date, `rank`, image) VALUES (725, 156, 'Song Ee4dF31zJ5', 247, 'Blues', '2009-08-17', 349, 'https://picsum.photos/id/260/200/200');
INSERT INTO SONGS (song_id, album_id, title, duration, genre, release_date, `rank`, image) VALUES (726, 141, 'Song blbUfN57UU', 462, 'Rock', '2014-10-26', 318, 'https://picsum.photos/id/216/200/200');
INSERT INTO SONGS (song_id, album_id, title, duration, genre, release_date, `rank`, image) VALUES (727, 68, 'Song tMNWDb8wPp', 232, 'Classical', '2018-08-22', 963, 'https://picsum.photos/id/232/200/200');
INSERT INTO SONGS (song_id, album_id, title, duration, genre, release_date, `rank`, image) VALUES (728, 94, 'Song rLp5e1rtTH', 305, 'Folk', '2020-08-28', 804, 'https://picsum.photos/id/251/200/200');
INSERT INTO SONGS (song_id, album_id, title, duration, genre, release_date, `rank`, image) VALUES (729, 3, 'Song uwSuQHjzY2', 445, 'Metal', '2019-02-12', 718, 'https://picsum.photos/id/293/200/200');
INSERT INTO SONGS (song_id, album_id, title, duration, genre, release_date, `rank`, image) VALUES (730, 80, 'Song zuzxk0xsKG', 462, 'Reggae', '2008-12-07', 471, 'https://picsum.photos/id/276/200/200');
INSERT INTO SONGS (song_id, album_id, title, duration, genre, release_date, `rank`, image) VALUES (731, 19, 'Song blR91cv5dQ', 334, 'Dance', '2023-12-21', 528, 'https://picsum.photos/id/292/200/200');
INSERT INTO SONGS (song_id, album_id, title, duration, genre, release_date, `rank`, image) VALUES (732, 127, 'Song ox7UJp850i', 380, 'Folk', '2023-10-30', 947, 'https://picsum.photos/id/232/200/200');
INSERT INTO SONGS (song_id, album_id, title, duration, genre, release_date, `rank`, image) VALUES (733, 96, 'Song O7lbVGx8RD', 277, 'Classical', '2019-09-26', 20, 'https://picsum.photos/id/204/200/200');
INSERT INTO SONGS (song_id, album_id, title, duration, genre, release_date, `rank`, image) VALUES (734, 55, 'Song 0V5YRETM1g', 237, 'Jazz', '2018-06-29', 854, 'https://picsum.photos/id/243/200/200');
INSERT INTO SONGS (song_id, album_id, title, duration, genre, release_date, `rank`, image) VALUES (735, 98, 'Song Gd1ZSHNT18', 142, 'Alternative', '2022-12-14', 993, 'https://picsum.photos/id/213/200/200');
INSERT INTO SONGS (song_id, album_id, title, duration, genre, release_date, `rank`, image) VALUES (736, 151, 'Song 5AMW8kOhNE', 371, 'Reggae', '2009-11-18', 277, 'https://picsum.photos/id/251/200/200');
INSERT INTO SONGS (song_id, album_id, title, duration, genre, release_date, `rank`, image) VALUES (737, 184, 'Song fYfy0SDZAT', 299, 'Metal', '2022-04-14', 819, 'https://picsum.photos/id/232/200/200');
INSERT INTO SONGS (song_id, album_id, title, duration, genre, release_date, `rank`, image) VALUES (738, 21, 'Song KhDgLyDgKl', 243, 'Rock', '2016-08-06', 567, 'https://picsum.photos/id/269/200/200');
INSERT INTO SONGS (song_id, album_id, title, duration, genre, release_date, `rank`, image) VALUES (739, 165, 'Song sU6zOst0iP', 470, 'Hip Hop', '2024-03-07', 171, 'https://picsum.photos/id/266/200/200');
INSERT INTO SONGS (song_id, album_id, title, duration, genre, release_date, `rank`, image) VALUES (740, 80, 'Song K3YTMLu0qG', 199, 'Country', '2019-04-20', 667, 'https://picsum.photos/id/276/200/200');
INSERT INTO SONGS (song_id, album_id, title, duration, genre, release_date, `rank`, image) VALUES (741, 121, 'Song ob47tcYRwE', 332, 'Metal', '2023-04-23', 914, 'https://picsum.photos/id/259/200/200');
INSERT INTO SONGS (song_id, album_id, title, duration, genre, release_date, `rank`, image) VALUES (742, 39, 'Song GER1ZuGSYp', 325, 'Metal', '2012-10-26', 142, 'https://picsum.photos/id/220/200/200');
INSERT INTO SONGS (song_id, album_id, title, duration, genre, release_date, `rank`, image) VALUES (743, 44, 'Song CxYaY2xKDB', 335, 'Jazz', '2009-03-27', 710, 'https://picsum.photos/id/298/200/200');
INSERT INTO SONGS (song_id, album_id, title, duration, genre, release_date, `rank`, image) VALUES (744, 7, 'Song 5WMi3tMKle', 346, 'Reggae', '2015-11-28', 221, 'https://picsum.photos/id/268/200/200');
INSERT INTO SONGS (song_id, album_id, title, duration, genre, release_date, `rank`, image) VALUES (745, 131, 'Song 1SwBzf1h7y', 154, 'Jazz', '2020-09-10', 335, 'https://picsum.photos/id/284/200/200');
INSERT INTO SONGS (song_id, album_id, title, duration, genre, release_date, `rank`, image) VALUES (746, 174, 'Song hxW11OfqyJ', 361, 'R&B', '2011-07-16', 294, 'https://picsum.photos/id/218/200/200');
INSERT INTO SONGS (song_id, album_id, title, duration, genre, release_date, `rank`, image) VALUES (747, 114, 'Song h2HkXlVFKp', 120, 'Indie', '2018-06-23', 706, 'https://picsum.photos/id/280/200/200');
INSERT INTO SONGS (song_id, album_id, title, duration, genre, release_date, `rank`, image) VALUES (748, 144, 'Song jyYN0yroIU', 468, 'Folk', '2024-04-28', 32, 'https://picsum.photos/id/203/200/200');
INSERT INTO SONGS (song_id, album_id, title, duration, genre, release_date, `rank`, image) VALUES (749, 149, 'Song 0suRaeqPUy', 378, 'Jazz', '2014-01-31', 323, 'https://picsum.photos/id/288/200/200');
INSERT INTO SONGS (song_id, album_id, title, duration, genre, release_date, `rank`, image) VALUES (750, 133, 'Song losyyTfSy8', 278, 'Folk', '2022-08-11', 606, 'https://picsum.photos/id/299/200/200');
INSERT INTO SONGS (song_id, album_id, title, duration, genre, release_date, `rank`, image) VALUES (751, 100, 'Song EVClijxk6v', 140, 'Alternative', '2023-01-26', 316, 'https://picsum.photos/id/267/200/200');
INSERT INTO SONGS (song_id, album_id, title, duration, genre, release_date, `rank`, image) VALUES (752, 123, 'Song kPlZ8E2zPc', 150, 'Classical', '2016-01-25', 532, 'https://picsum.photos/id/300/200/200');
INSERT INTO SONGS (song_id, album_id, title, duration, genre, release_date, `rank`, image) VALUES (753, 135, 'Song 43CJ9UqHSQ', 441, 'Classical', '2022-01-07', 931, 'https://picsum.photos/id/259/200/200');
INSERT INTO SONGS (song_id, album_id, title, duration, genre, release_date, `rank`, image) VALUES (754, 97, 'Song Ud3xoF4GeL', 133, 'Pop', '2021-05-30', 413, 'https://picsum.photos/id/244/200/200');
INSERT INTO SONGS (song_id, album_id, title, duration, genre, release_date, `rank`, image) VALUES (755, 105, 'Song AvtUF6M8j9', 268, 'Classical', '2024-02-06', 823, 'https://picsum.photos/id/238/200/200');
INSERT INTO SONGS (song_id, album_id, title, duration, genre, release_date, `rank`, image) VALUES (756, 60, 'Song 1T5yyUPaFu', 265, 'Classical', '2020-08-07', 722, 'https://picsum.photos/id/290/200/200');
INSERT INTO SONGS (song_id, album_id, title, duration, genre, release_date, `rank`, image) VALUES (757, 75, 'Song EqNBKiATNl', 262, 'Jazz', '2013-07-19', 3, 'https://picsum.photos/id/291/200/200');
INSERT INTO SONGS (song_id, album_id, title, duration, genre, release_date, `rank`, image) VALUES (758, 25, 'Song TMIzAECIra', 124, 'Hip Hop', '2022-09-08', 713, 'https://picsum.photos/id/276/200/200');
INSERT INTO SONGS (song_id, album_id, title, duration, genre, release_date, `rank`, image) VALUES (759, 30, 'Song aSBkMCzuB7', 127, 'Hip Hop', '2009-10-14', 732, 'https://picsum.photos/id/297/200/200');
INSERT INTO SONGS (song_id, album_id, title, duration, genre, release_date, `rank`, image) VALUES (760, 53, 'Song szA6ByVgZb', 194, 'Folk', '2012-03-26', 787, 'https://picsum.photos/id/256/200/200');
INSERT INTO SONGS (song_id, album_id, title, duration, genre, release_date, `rank`, image) VALUES (761, 41, 'Song OhURjHkFN2', 127, 'Metal', '2023-08-11', 746, 'https://picsum.photos/id/271/200/200');
INSERT INTO SONGS (song_id, album_id, title, duration, genre, release_date, `rank`, image) VALUES (762, 174, 'Song kkFsbS5g1x', 318, 'Electronic', '2011-07-04', 810, 'https://picsum.photos/id/218/200/200');
INSERT INTO SONGS (song_id, album_id, title, duration, genre, release_date, `rank`, image) VALUES (763, 196, 'Song A75rNZ36ag', 424, 'Classical', '2010-10-21', 692, 'https://picsum.photos/id/290/200/200');
INSERT INTO SONGS (song_id, album_id, title, duration, genre, release_date, `rank`, image) VALUES (764, 33, 'Song Wv8PFwREKW', 288, 'Folk', '2016-03-05', 604, 'https://picsum.photos/id/237/200/200');
INSERT INTO SONGS (song_id, album_id, title, duration, genre, release_date, `rank`, image) VALUES (765, 174, 'Song jmlgSCUoyL', 253, 'Pop', '2012-01-23', 744, 'https://picsum.photos/id/218/200/200');
INSERT INTO SONGS (song_id, album_id, title, duration, genre, release_date, `rank`, image) VALUES (766, 166, 'Song cxVcBtKHOC', 157, 'Pop', '2023-09-18', 841, 'https://picsum.photos/id/216/200/200');
INSERT INTO SONGS (song_id, album_id, title, duration, genre, release_date, `rank`, image) VALUES (767, 19, 'Song elCdJPznsx', 209, 'Indie', '2008-05-18', 866, 'https://picsum.photos/id/292/200/200');
INSERT INTO SONGS (song_id, album_id, title, duration, genre, release_date, `rank`, image) VALUES (768, 57, 'Song AWzbnCrhVV', 357, 'Alternative', '2012-07-28', 785, 'https://picsum.photos/id/236/200/200');
INSERT INTO SONGS (song_id, album_id, title, duration, genre, release_date, `rank`, image) VALUES (769, 126, 'Song cXzsMGiWRG', 376, 'Hip Hop', '2013-04-23', 477, 'https://picsum.photos/id/215/200/200');
INSERT INTO SONGS (song_id, album_id, title, duration, genre, release_date, `rank`, image) VALUES (770, 66, 'Song HudcSPZRmW', 356, 'Reggae', '2010-12-29', 515, 'https://picsum.photos/id/299/200/200');
INSERT INTO SONGS (song_id, album_id, title, duration, genre, release_date, `rank`, image) VALUES (771, 21, 'Song uKgdOKmdgv', 152, 'Alternative', '2014-01-24', 290, 'https://picsum.photos/id/269/200/200');
INSERT INTO SONGS (song_id, album_id, title, duration, genre, release_date, `rank`, image) VALUES (772, 127, 'Song ShrXtCHuDU', 262, 'Indie', '2019-09-02', 842, 'https://picsum.photos/id/232/200/200');
INSERT INTO SONGS (song_id, album_id, title, duration, genre, release_date, `rank`, image) VALUES (773, 93, 'Song XdcH3AlSa4', 250, 'Metal', '2023-07-04', 877, 'https://picsum.photos/id/258/200/200');
INSERT INTO SONGS (song_id, album_id, title, duration, genre, release_date, `rank`, image) VALUES (774, 45, 'Song gOy3OzgqMy', 192, 'Blues', '2022-06-08', 704, 'https://picsum.photos/id/265/200/200');
INSERT INTO SONGS (song_id, album_id, title, duration, genre, release_date, `rank`, image) VALUES (775, 62, 'Song s5TkRI5cT8', 124, 'Hip Hop', '2016-05-21', 276, 'https://picsum.photos/id/296/200/200');
INSERT INTO SONGS (song_id, album_id, title, duration, genre, release_date, `rank`, image) VALUES (776, 196, 'Song H7vhwfC7o1', 157, 'R&B', '2010-10-19', 779, 'https://picsum.photos/id/290/200/200');
INSERT INTO SONGS (song_id, album_id, title, duration, genre, release_date, `rank`, image) VALUES (777, 65, 'Song Do2KYYX39W', 426, 'Jazz', '2014-05-19', 769, 'https://picsum.photos/id/267/200/200');
INSERT INTO SONGS (song_id, album_id, title, duration, genre, release_date, `rank`, image) VALUES (778, 10, 'Song 0OvlOoPaF1', 153, 'Country', '2019-01-12', 463, 'https://picsum.photos/id/245/200/200');
INSERT INTO SONGS (song_id, album_id, title, duration, genre, release_date, `rank`, image) VALUES (779, 95, 'Song oPcRarGTY6', 144, 'Blues', '2020-11-06', 917, 'https://picsum.photos/id/286/200/200');
INSERT INTO SONGS (song_id, album_id, title, duration, genre, release_date, `rank`, image) VALUES (780, 123, 'Song Yr9jqdRJS7', 153, 'Metal', '2018-04-24', 839, 'https://picsum.photos/id/300/200/200');
INSERT INTO SONGS (song_id, album_id, title, duration, genre, release_date, `rank`, image) VALUES (781, 79, 'Song tCXyjpHOW8', 443, 'Rock', '2012-09-08', 985, 'https://picsum.photos/id/257/200/200');
INSERT INTO SONGS (song_id, album_id, title, duration, genre, release_date, `rank`, image) VALUES (782, 147, 'Song YK79CHv8iF', 316, 'Electronic', '2020-12-30', 355, 'https://picsum.photos/id/240/200/200');
INSERT INTO SONGS (song_id, album_id, title, duration, genre, release_date, `rank`, image) VALUES (783, 110, 'Song QK8CK81zBR', 409, 'Alternative', '2015-11-18', 3, 'https://picsum.photos/id/284/200/200');
INSERT INTO SONGS (song_id, album_id, title, duration, genre, release_date, `rank`, image) VALUES (784, 155, 'Song 8ssDNLzghI', 205, 'Dance', '2015-09-04', 696, 'https://picsum.photos/id/215/200/200');
INSERT INTO SONGS (song_id, album_id, title, duration, genre, release_date, `rank`, image) VALUES (785, 138, 'Song DC8hXQ8UOd', 430, 'Hip Hop', '2023-12-09', 936, 'https://picsum.photos/id/267/200/200');
INSERT INTO SONGS (song_id, album_id, title, duration, genre, release_date, `rank`, image) VALUES (786, 36, 'Song Atyt77GWmB', 142, 'Dance', '2024-04-24', 323, 'https://picsum.photos/id/239/200/200');
INSERT INTO SONGS (song_id, album_id, title, duration, genre, release_date, `rank`, image) VALUES (787, 19, 'Song Em247sSzUx', 314, 'Metal', '2015-06-06', 194, 'https://picsum.photos/id/292/200/200');
INSERT INTO SONGS (song_id, album_id, title, duration, genre, release_date, `rank`, image) VALUES (788, 112, 'Song NTjHiWcllz', 290, 'R&B', '2009-06-25', 845, 'https://picsum.photos/id/239/200/200');
INSERT INTO SONGS (song_id, album_id, title, duration, genre, release_date, `rank`, image) VALUES (789, 113, 'Song jryVqlJyRP', 365, 'Reggae', '2008-08-30', 648, 'https://picsum.photos/id/247/200/200');
INSERT INTO SONGS (song_id, album_id, title, duration, genre, release_date, `rank`, image) VALUES (790, 153, 'Song 8GdllzwAJv', 363, 'Hip Hop', '2010-07-11', 912, 'https://picsum.photos/id/263/200/200');
INSERT INTO SONGS (song_id, album_id, title, duration, genre, release_date, `rank`, image) VALUES (791, 33, 'Song AMwFYL3iL5', 208, 'Alternative', '2018-01-09', 153, 'https://picsum.photos/id/237/200/200');
INSERT INTO SONGS (song_id, album_id, title, duration, genre, release_date, `rank`, image) VALUES (792, 111, 'Song LIp1v7bePZ', 184, 'Blues', '2020-12-03', 919, 'https://picsum.photos/id/299/200/200');
INSERT INTO SONGS (song_id, album_id, title, duration, genre, release_date, `rank`, image) VALUES (793, 3, 'Song W02ZqPCkni', 166, 'Pop', '2010-06-07', 870, 'https://picsum.photos/id/293/200/200');
INSERT INTO SONGS (song_id, album_id, title, duration, genre, release_date, `rank`, image) VALUES (794, 51, 'Song 17xK3uZS9g', 284, 'Indie', '2022-05-11', 31, 'https://picsum.photos/id/261/200/200');
INSERT INTO SONGS (song_id, album_id, title, duration, genre, release_date, `rank`, image) VALUES (795, 188, 'Song TqmQe5Km42', 476, 'Rock', '2020-06-06', 535, 'https://picsum.photos/id/219/200/200');
INSERT INTO SONGS (song_id, album_id, title, duration, genre, release_date, `rank`, image) VALUES (796, 183, 'Song LacZiVfokr', 384, 'Classical', '2013-03-26', 354, 'https://picsum.photos/id/223/200/200');
INSERT INTO SONGS (song_id, album_id, title, duration, genre, release_date, `rank`, image) VALUES (797, 51, 'Song PasRVpnLgd', 473, 'Electronic', '2010-12-22', 919, 'https://picsum.photos/id/261/200/200');
INSERT INTO SONGS (song_id, album_id, title, duration, genre, release_date, `rank`, image) VALUES (798, 94, 'Song nAPmH5IeGq', 310, 'Classical', '2017-03-29', 672, 'https://picsum.photos/id/251/200/200');
INSERT INTO SONGS (song_id, album_id, title, duration, genre, release_date, `rank`, image) VALUES (799, 41, 'Song sjJbccWgA1', 152, 'Jazz', '2013-07-31', 247, 'https://picsum.photos/id/271/200/200');
INSERT INTO SONGS (song_id, album_id, title, duration, genre, release_date, `rank`, image) VALUES (800, 35, 'Song Abxv8Pgk2E', 165, 'Reggae', '2016-09-20', 845, 'https://picsum.photos/id/298/200/200');
INSERT INTO SONGS (song_id, album_id, title, duration, genre, release_date, `rank`, image) VALUES (801, 182, 'Song r4dDgWOLQq', 145, 'Metal', '2023-04-10', 393, 'https://picsum.photos/id/297/200/200');
INSERT INTO SONGS (song_id, album_id, title, duration, genre, release_date, `rank`, image) VALUES (802, 105, 'Song 6myFguNQsC', 252, 'Jazz', '2010-03-06', 532, 'https://picsum.photos/id/238/200/200');
INSERT INTO SONGS (song_id, album_id, title, duration, genre, release_date, `rank`, image) VALUES (803, 91, 'Song I0kJguCPCA', 232, 'Rock', '2008-07-08', 231, 'https://picsum.photos/id/273/200/200');
INSERT INTO SONGS (song_id, album_id, title, duration, genre, release_date, `rank`, image) VALUES (804, 146, 'Song UqossXCVzd', 193, 'Country', '2009-02-18', 443, 'https://picsum.photos/id/273/200/200');
INSERT INTO SONGS (song_id, album_id, title, duration, genre, release_date, `rank`, image) VALUES (805, 115, 'Song qyRQ1iw7xr', 463, 'Folk', '2012-06-12', 557, 'https://picsum.photos/id/239/200/200');
INSERT INTO SONGS (song_id, album_id, title, duration, genre, release_date, `rank`, image) VALUES (806, 6, 'Song xNIn359gz3', 306, 'Pop', '2008-07-23', 319, 'https://picsum.photos/id/296/200/200');
INSERT INTO SONGS (song_id, album_id, title, duration, genre, release_date, `rank`, image) VALUES (807, 98, 'Song cAEi7JAWSu', 144, 'Classical', '2015-11-03', 801, 'https://picsum.photos/id/213/200/200');
INSERT INTO SONGS (song_id, album_id, title, duration, genre, release_date, `rank`, image) VALUES (808, 64, 'Song 2XCZ9qQxk1', 298, 'Dance', '2024-03-06', 126, 'https://picsum.photos/id/207/200/200');
INSERT INTO SONGS (song_id, album_id, title, duration, genre, release_date, `rank`, image) VALUES (809, 188, 'Song 0OI2ckzIYV', 366, 'Classical', '2013-04-15', 981, 'https://picsum.photos/id/219/200/200');
INSERT INTO SONGS (song_id, album_id, title, duration, genre, release_date, `rank`, image) VALUES (810, 52, 'Song IkTt575HC6', 158, 'Country', '2018-07-06', 829, 'https://picsum.photos/id/256/200/200');
INSERT INTO SONGS (song_id, album_id, title, duration, genre, release_date, `rank`, image) VALUES (811, 15, 'Song OsB8qeGauz', 205, 'Rock', '2008-04-11', 762, 'https://picsum.photos/id/259/200/200');
INSERT INTO SONGS (song_id, album_id, title, duration, genre, release_date, `rank`, image) VALUES (812, 82, 'Song 2qLGs6ORvj', 319, 'Country', '2008-05-05', 253, 'https://picsum.photos/id/278/200/200');
INSERT INTO SONGS (song_id, album_id, title, duration, genre, release_date, `rank`, image) VALUES (813, 180, 'Song JbN2LmJ0RR', 270, 'Reggae', '2009-06-24', 785, 'https://picsum.photos/id/279/200/200');
INSERT INTO SONGS (song_id, album_id, title, duration, genre, release_date, `rank`, image) VALUES (814, 58, 'Song mxMfTYNvPx', 367, 'Hip Hop', '2013-11-07', 989, 'https://picsum.photos/id/222/200/200');
INSERT INTO SONGS (song_id, album_id, title, duration, genre, release_date, `rank`, image) VALUES (815, 114, 'Song rQB4q9R7HD', 169, 'Metal', '2011-03-19', 676, 'https://picsum.photos/id/280/200/200');
INSERT INTO SONGS (song_id, album_id, title, duration, genre, release_date, `rank`, image) VALUES (816, 101, 'Song 0goZlWyeog', 300, 'Country', '2021-12-04', 880, 'https://picsum.photos/id/297/200/200');
INSERT INTO SONGS (song_id, album_id, title, duration, genre, release_date, `rank`, image) VALUES (817, 166, 'Song jm0C5T4Gx5', 154, 'Hip Hop', '2008-11-05', 427, 'https://picsum.photos/id/216/200/200');
INSERT INTO SONGS (song_id, album_id, title, duration, genre, release_date, `rank`, image) VALUES (818, 27, 'Song ijNgkQM64N', 196, 'R&B', '2023-07-29', 9, 'https://picsum.photos/id/213/200/200');
INSERT INTO SONGS (song_id, album_id, title, duration, genre, release_date, `rank`, image) VALUES (819, 125, 'Song fiW7oP4aNo', 392, 'Rock', '2016-07-13', 423, 'https://picsum.photos/id/237/200/200');
INSERT INTO SONGS (song_id, album_id, title, duration, genre, release_date, `rank`, image) VALUES (820, 53, 'Song KJXJLg4NuS', 440, 'Indie', '2019-09-14', 608, 'https://picsum.photos/id/256/200/200');
INSERT INTO SONGS (song_id, album_id, title, duration, genre, release_date, `rank`, image) VALUES (821, 191, 'Song eLiLnYZsDj', 223, 'Folk', '2020-05-24', 417, 'https://picsum.photos/id/215/200/200');
INSERT INTO SONGS (song_id, album_id, title, duration, genre, release_date, `rank`, image) VALUES (822, 117, 'Song 9QaHoWkxg4', 346, 'Country', '2018-05-23', 529, 'https://picsum.photos/id/263/200/200');
INSERT INTO SONGS (song_id, album_id, title, duration, genre, release_date, `rank`, image) VALUES (823, 101, 'Song ImPsGS3m9F', 205, 'Dance', '2015-10-05', 422, 'https://picsum.photos/id/297/200/200');
INSERT INTO SONGS (song_id, album_id, title, duration, genre, release_date, `rank`, image) VALUES (824, 123, 'Song fXMlQukwe1', 186, 'Rock', '2024-01-24', 670, 'https://picsum.photos/id/300/200/200');
INSERT INTO SONGS (song_id, album_id, title, duration, genre, release_date, `rank`, image) VALUES (825, 118, 'Song hwbSlXUvAg', 457, 'Pop', '2020-07-10', 586, 'https://picsum.photos/id/286/200/200');
INSERT INTO SONGS (song_id, album_id, title, duration, genre, release_date, `rank`, image) VALUES (826, 150, 'Song F226nsXxeR', 203, 'Electronic', '2008-05-15', 617, 'https://picsum.photos/id/265/200/200');
INSERT INTO SONGS (song_id, album_id, title, duration, genre, release_date, `rank`, image) VALUES (827, 195, 'Song nWzjNly0iT', 475, 'Dance', '2018-11-30', 16, 'https://picsum.photos/id/295/200/200');
INSERT INTO SONGS (song_id, album_id, title, duration, genre, release_date, `rank`, image) VALUES (828, 5, 'Song 4Dfk32AEKw', 235, 'Alternative', '2021-10-25', 405, 'https://picsum.photos/id/252/200/200');
INSERT INTO SONGS (song_id, album_id, title, duration, genre, release_date, `rank`, image) VALUES (829, 95, 'Song 0BURtiaFNi', 430, 'Reggae', '2011-07-20', 863, 'https://picsum.photos/id/286/200/200');
INSERT INTO SONGS (song_id, album_id, title, duration, genre, release_date, `rank`, image) VALUES (830, 109, 'Song ORKJrnSgaQ', 120, 'Pop', '2024-03-07', 117, 'https://picsum.photos/id/202/200/200');
INSERT INTO SONGS (song_id, album_id, title, duration, genre, release_date, `rank`, image) VALUES (831, 146, 'Song ox8K9o0IWs', 249, 'Reggae', '2023-09-23', 278, 'https://picsum.photos/id/273/200/200');
INSERT INTO SONGS (song_id, album_id, title, duration, genre, release_date, `rank`, image) VALUES (832, 62, 'Song pPq7ClIabZ', 454, 'Folk', '2014-11-25', 575, 'https://picsum.photos/id/296/200/200');
INSERT INTO SONGS (song_id, album_id, title, duration, genre, release_date, `rank`, image) VALUES (833, 112, 'Song 3DPUr4BEBU', 256, 'Reggae', '2020-09-29', 816, 'https://picsum.photos/id/239/200/200');
INSERT INTO SONGS (song_id, album_id, title, duration, genre, release_date, `rank`, image) VALUES (834, 132, 'Song pwotMkazs1', 416, 'Electronic', '2018-12-23', 344, 'https://picsum.photos/id/250/200/200');
INSERT INTO SONGS (song_id, album_id, title, duration, genre, release_date, `rank`, image) VALUES (835, 64, 'Song XZsviRmE5D', 179, 'Jazz', '2020-06-11', 545, 'https://picsum.photos/id/207/200/200');
INSERT INTO SONGS (song_id, album_id, title, duration, genre, release_date, `rank`, image) VALUES (836, 59, 'Song j56aFKqoLm', 200, 'Alternative', '2024-02-23', 444, 'https://picsum.photos/id/222/200/200');
INSERT INTO SONGS (song_id, album_id, title, duration, genre, release_date, `rank`, image) VALUES (837, 148, 'Song k4LDXFGDha', 152, 'Folk', '2015-04-09', 14, 'https://picsum.photos/id/245/200/200');
INSERT INTO SONGS (song_id, album_id, title, duration, genre, release_date, `rank`, image) VALUES (838, 142, 'Song 3uCFhEEg6B', 173, 'Country', '2024-04-05', 450, 'https://picsum.photos/id/207/200/200');
INSERT INTO SONGS (song_id, album_id, title, duration, genre, release_date, `rank`, image) VALUES (839, 38, 'Song GwizR7igNN', 450, 'Rock', '2013-06-02', 946, 'https://picsum.photos/id/213/200/200');
INSERT INTO SONGS (song_id, album_id, title, duration, genre, release_date, `rank`, image) VALUES (840, 3, 'Song vu4ihyL6Dy', 445, 'Blues', '2016-06-05', 440, 'https://picsum.photos/id/293/200/200');
INSERT INTO SONGS (song_id, album_id, title, duration, genre, release_date, `rank`, image) VALUES (841, 44, 'Song mV7utBe517', 254, 'Hip Hop', '2010-02-27', 540, 'https://picsum.photos/id/298/200/200');
INSERT INTO SONGS (song_id, album_id, title, duration, genre, release_date, `rank`, image) VALUES (842, 150, 'Song haQI7WQzaX', 257, 'Jazz', '2019-08-18', 551, 'https://picsum.photos/id/265/200/200');
INSERT INTO SONGS (song_id, album_id, title, duration, genre, release_date, `rank`, image) VALUES (843, 59, 'Song 0UPltVWj8P', 398, 'Pop', '2017-09-22', 605, 'https://picsum.photos/id/222/200/200');
INSERT INTO SONGS (song_id, album_id, title, duration, genre, release_date, `rank`, image) VALUES (844, 61, 'Song AwPgxhvu5G', 440, 'Dance', '2017-04-11', 480, 'https://picsum.photos/id/237/200/200');
INSERT INTO SONGS (song_id, album_id, title, duration, genre, release_date, `rank`, image) VALUES (845, 46, 'Song AU75V0FHGd', 261, 'Hip Hop', '2015-10-27', 868, 'https://picsum.photos/id/231/200/200');
INSERT INTO SONGS (song_id, album_id, title, duration, genre, release_date, `rank`, image) VALUES (846, 142, 'Song CnjiX8qJ5T', 282, 'Alternative', '2016-08-01', 498, 'https://picsum.photos/id/207/200/200');
INSERT INTO SONGS (song_id, album_id, title, duration, genre, release_date, `rank`, image) VALUES (847, 88, 'Song wC227KqoQa', 135, 'Alternative', '2012-09-07', 994, 'https://picsum.photos/id/278/200/200');
INSERT INTO SONGS (song_id, album_id, title, duration, genre, release_date, `rank`, image) VALUES (848, 12, 'Song pohIqxG1RB', 172, 'R&B', '2022-12-11', 822, 'https://picsum.photos/id/289/200/200');
INSERT INTO SONGS (song_id, album_id, title, duration, genre, release_date, `rank`, image) VALUES (849, 191, 'Song rCQMoqZQ9W', 289, 'Pop', '2011-06-09', 239, 'https://picsum.photos/id/215/200/200');
INSERT INTO SONGS (song_id, album_id, title, duration, genre, release_date, `rank`, image) VALUES (850, 104, 'Song myBwOku21L', 350, 'Country', '2024-04-06', 871, 'https://picsum.photos/id/254/200/200');
INSERT INTO SONGS (song_id, album_id, title, duration, genre, release_date, `rank`, image) VALUES (851, 176, 'Song LebsNgp2V0', 179, 'Hip Hop', '2019-03-07', 723, 'https://picsum.photos/id/227/200/200');
INSERT INTO SONGS (song_id, album_id, title, duration, genre, release_date, `rank`, image) VALUES (852, 89, 'Song TYmMIQxIAi', 241, 'Blues', '2015-03-19', 273, 'https://picsum.photos/id/289/200/200');
INSERT INTO SONGS (song_id, album_id, title, duration, genre, release_date, `rank`, image) VALUES (853, 163, 'Song 9Xzu0ZjQ61', 478, 'Jazz', '2017-07-15', 455, 'https://picsum.photos/id/246/200/200');
INSERT INTO SONGS (song_id, album_id, title, duration, genre, release_date, `rank`, image) VALUES (854, 148, 'Song WZUmM2LUNt', 196, 'R&B', '2023-12-19', 415, 'https://picsum.photos/id/245/200/200');
INSERT INTO SONGS (song_id, album_id, title, duration, genre, release_date, `rank`, image) VALUES (855, 159, 'Song NrUXCPt38o', 373, 'Jazz', '2009-01-27', 82, 'https://picsum.photos/id/267/200/200');
INSERT INTO SONGS (song_id, album_id, title, duration, genre, release_date, `rank`, image) VALUES (856, 154, 'Song u4Teq5abPr', 412, 'Country', '2009-06-22', 279, 'https://picsum.photos/id/273/200/200');
INSERT INTO SONGS (song_id, album_id, title, duration, genre, release_date, `rank`, image) VALUES (857, 44, 'Song Av63kCQJsc', 444, 'R&B', '2017-09-21', 6, 'https://picsum.photos/id/298/200/200');
INSERT INTO SONGS (song_id, album_id, title, duration, genre, release_date, `rank`, image) VALUES (858, 29, 'Song Wrd662mVUA', 394, 'Metal', '2019-09-20', 686, 'https://picsum.photos/id/261/200/200');
INSERT INTO SONGS (song_id, album_id, title, duration, genre, release_date, `rank`, image) VALUES (859, 173, 'Song b8kKrTpUc0', 189, 'Rock', '2012-11-10', 205, 'https://picsum.photos/id/279/200/200');
INSERT INTO SONGS (song_id, album_id, title, duration, genre, release_date, `rank`, image) VALUES (860, 51, 'Song U9wQl7LQur', 156, 'Metal', '2013-11-09', 676, 'https://picsum.photos/id/261/200/200');
INSERT INTO SONGS (song_id, album_id, title, duration, genre, release_date, `rank`, image) VALUES (861, 98, 'Song f3UyBNf479', 429, 'Reggae', '2016-01-13', 587, 'https://picsum.photos/id/213/200/200');
INSERT INTO SONGS (song_id, album_id, title, duration, genre, release_date, `rank`, image) VALUES (862, 178, 'Song 2gJTst4W6F', 194, 'Pop', '2024-02-05', 183, 'https://picsum.photos/id/267/200/200');
INSERT INTO SONGS (song_id, album_id, title, duration, genre, release_date, `rank`, image) VALUES (863, 130, 'Song A9ryVseTqm', 435, 'Metal', '2019-05-17', 71, 'https://picsum.photos/id/201/200/200');
INSERT INTO SONGS (song_id, album_id, title, duration, genre, release_date, `rank`, image) VALUES (864, 90, 'Song R11GqtrZux', 204, 'Reggae', '2018-07-17', 794, 'https://picsum.photos/id/254/200/200');
INSERT INTO SONGS (song_id, album_id, title, duration, genre, release_date, `rank`, image) VALUES (865, 157, 'Song lZySrpkecu', 186, 'Classical', '2019-07-10', 979, 'https://picsum.photos/id/212/200/200');
INSERT INTO SONGS (song_id, album_id, title, duration, genre, release_date, `rank`, image) VALUES (866, 135, 'Song jigqTolmir', 286, 'Hip Hop', '2016-08-28', 117, 'https://picsum.photos/id/259/200/200');
INSERT INTO SONGS (song_id, album_id, title, duration, genre, release_date, `rank`, image) VALUES (867, 26, 'Song PTrNHw5YFa', 385, 'Metal', '2009-02-24', 675, 'https://picsum.photos/id/253/200/200');
INSERT INTO SONGS (song_id, album_id, title, duration, genre, release_date, `rank`, image) VALUES (868, 160, 'Song F84oOQnzbX', 120, 'Metal', '2014-03-06', 586, 'https://picsum.photos/id/227/200/200');
INSERT INTO SONGS (song_id, album_id, title, duration, genre, release_date, `rank`, image) VALUES (869, 89, 'Song ZfnmwTr0Wy', 313, 'Hip Hop', '2015-04-07', 538, 'https://picsum.photos/id/289/200/200');
INSERT INTO SONGS (song_id, album_id, title, duration, genre, release_date, `rank`, image) VALUES (870, 160, 'Song EuI3kKfvTa', 161, 'Rock', '2008-10-24', 426, 'https://picsum.photos/id/227/200/200');
INSERT INTO SONGS (song_id, album_id, title, duration, genre, release_date, `rank`, image) VALUES (871, 138, 'Song LfcXssNQR2', 176, 'Electronic', '2015-12-24', 224, 'https://picsum.photos/id/267/200/200');
INSERT INTO SONGS (song_id, album_id, title, duration, genre, release_date, `rank`, image) VALUES (872, 24, 'Song veVzVUVrHO', 475, 'Metal', '2014-08-02', 302, 'https://picsum.photos/id/236/200/200');
INSERT INTO SONGS (song_id, album_id, title, duration, genre, release_date, `rank`, image) VALUES (873, 55, 'Song HPHUrTZsVl', 462, 'Alternative', '2024-04-19', 149, 'https://picsum.photos/id/243/200/200');
INSERT INTO SONGS (song_id, album_id, title, duration, genre, release_date, `rank`, image) VALUES (874, 123, 'Song 76gYKAFzh6', 234, 'Dance', '2023-04-04', 308, 'https://picsum.photos/id/300/200/200');
INSERT INTO SONGS (song_id, album_id, title, duration, genre, release_date, `rank`, image) VALUES (875, 82, 'Song JlTrx4Zduh', 126, 'Rock', '2018-11-04', 82, 'https://picsum.photos/id/278/200/200');
INSERT INTO SONGS (song_id, album_id, title, duration, genre, release_date, `rank`, image) VALUES (876, 192, 'Song oJQhrgeUEa', 167, 'Alternative', '2016-03-25', 57, 'https://picsum.photos/id/281/200/200');
INSERT INTO SONGS (song_id, album_id, title, duration, genre, release_date, `rank`, image) VALUES (877, 51, 'Song 3XkrF33Psi', 386, 'Country', '2016-10-13', 162, 'https://picsum.photos/id/261/200/200');
INSERT INTO SONGS (song_id, album_id, title, duration, genre, release_date, `rank`, image) VALUES (878, 198, 'Song vZ4H22pZ2K', 225, 'Classical', '2022-07-20', 853, 'https://picsum.photos/id/272/200/200');
INSERT INTO SONGS (song_id, album_id, title, duration, genre, release_date, `rank`, image) VALUES (879, 64, 'Song dVErSYGvlK', 403, 'Jazz', '2011-10-02', 373, 'https://picsum.photos/id/207/200/200');
INSERT INTO SONGS (song_id, album_id, title, duration, genre, release_date, `rank`, image) VALUES (880, 125, 'Song DNipReAq5g', 459, 'Rock', '2014-08-13', 176, 'https://picsum.photos/id/237/200/200');
INSERT INTO SONGS (song_id, album_id, title, duration, genre, release_date, `rank`, image) VALUES (881, 63, 'Song NoqxNmCBzQ', 352, 'Jazz', '2015-10-10', 278, 'https://picsum.photos/id/233/200/200');
INSERT INTO SONGS (song_id, album_id, title, duration, genre, release_date, `rank`, image) VALUES (882, 53, 'Song vVxdDPtNzw', 366, 'Jazz', '2020-12-01', 327, 'https://picsum.photos/id/256/200/200');
INSERT INTO SONGS (song_id, album_id, title, duration, genre, release_date, `rank`, image) VALUES (883, 122, 'Song ysOFzAJp9L', 289, 'Classical', '2019-01-29', 991, 'https://picsum.photos/id/284/200/200');
INSERT INTO SONGS (song_id, album_id, title, duration, genre, release_date, `rank`, image) VALUES (884, 185, 'Song 2rLo0lXuiC', 311, 'Rock', '2023-07-02', 673, 'https://picsum.photos/id/228/200/200');
INSERT INTO SONGS (song_id, album_id, title, duration, genre, release_date, `rank`, image) VALUES (885, 142, 'Song 98QdBtvy0O', 160, 'Alternative', '2024-03-30', 110, 'https://picsum.photos/id/207/200/200');
INSERT INTO SONGS (song_id, album_id, title, duration, genre, release_date, `rank`, image) VALUES (886, 119, 'Song 28ccZD8wKO', 395, 'Jazz', '2008-11-07', 766, 'https://picsum.photos/id/211/200/200');
INSERT INTO SONGS (song_id, album_id, title, duration, genre, release_date, `rank`, image) VALUES (887, 65, 'Song rJMyOQ4rMu', 431, 'Alternative', '2009-01-06', 512, 'https://picsum.photos/id/267/200/200');
INSERT INTO SONGS (song_id, album_id, title, duration, genre, release_date, `rank`, image) VALUES (888, 92, 'Song Xoz2VHCcdB', 230, 'Rock', '2010-04-08', 838, 'https://picsum.photos/id/298/200/200');
INSERT INTO SONGS (song_id, album_id, title, duration, genre, release_date, `rank`, image) VALUES (889, 73, 'Song NICLCF9wgT', 444, 'Folk', '2021-04-28', 275, 'https://picsum.photos/id/237/200/200');
INSERT INTO SONGS (song_id, album_id, title, duration, genre, release_date, `rank`, image) VALUES (890, 113, 'Song ZA7MQ1oC0m', 399, 'Folk', '2012-01-01', 245, 'https://picsum.photos/id/247/200/200');
INSERT INTO SONGS (song_id, album_id, title, duration, genre, release_date, `rank`, image) VALUES (891, 107, 'Song Ksf6JlSXg3', 164, 'Folk', '2013-06-10', 251, 'https://picsum.photos/id/253/200/200');
INSERT INTO SONGS (song_id, album_id, title, duration, genre, release_date, `rank`, image) VALUES (892, 5, 'Song d6mUnEiRPx', 272, 'Jazz', '2022-06-09', 391, 'https://picsum.photos/id/252/200/200');
INSERT INTO SONGS (song_id, album_id, title, duration, genre, release_date, `rank`, image) VALUES (893, 35, 'Song 3Iu8cLrXg7', 292, 'R&B', '2010-05-06', 146, 'https://picsum.photos/id/298/200/200');
INSERT INTO SONGS (song_id, album_id, title, duration, genre, release_date, `rank`, image) VALUES (894, 185, 'Song azST5hGzSq', 444, 'Rock', '2015-12-31', 188, 'https://picsum.photos/id/228/200/200');
INSERT INTO SONGS (song_id, album_id, title, duration, genre, release_date, `rank`, image) VALUES (895, 79, 'Song zpphYSLaHJ', 205, 'Reggae', '2022-08-09', 631, 'https://picsum.photos/id/257/200/200');
INSERT INTO SONGS (song_id, album_id, title, duration, genre, release_date, `rank`, image) VALUES (896, 138, 'Song zaEgwAqADb', 262, 'Hip Hop', '2013-09-05', 312, 'https://picsum.photos/id/267/200/200');
INSERT INTO SONGS (song_id, album_id, title, duration, genre, release_date, `rank`, image) VALUES (897, 14, 'Song vBAUmZSySy', 206, 'Dance', '2018-01-11', 570, 'https://picsum.photos/id/249/200/200');
INSERT INTO SONGS (song_id, album_id, title, duration, genre, release_date, `rank`, image) VALUES (898, 44, 'Song g0C85qHGQE', 165, 'Reggae', '2021-06-06', 211, 'https://picsum.photos/id/298/200/200');
INSERT INTO SONGS (song_id, album_id, title, duration, genre, release_date, `rank`, image) VALUES (899, 184, 'Song BZc490NiAQ', 219, 'Dance', '2015-08-13', 403, 'https://picsum.photos/id/232/200/200');
INSERT INTO SONGS (song_id, album_id, title, duration, genre, release_date, `rank`, image) VALUES (900, 132, 'Song wWSOEOAtcz', 324, 'Pop', '2015-08-24', 791, 'https://picsum.photos/id/250/200/200');
INSERT INTO SONGS (song_id, album_id, title, duration, genre, release_date, `rank`, image) VALUES (901, 179, 'Song qk2P0qmL8H', 435, 'Rock', '2019-03-05', 245, 'https://picsum.photos/id/209/200/200');
INSERT INTO SONGS (song_id, album_id, title, duration, genre, release_date, `rank`, image) VALUES (902, 96, 'Song or7ypcqWCf', 463, 'Classical', '2017-01-14', 479, 'https://picsum.photos/id/204/200/200');
INSERT INTO SONGS (song_id, album_id, title, duration, genre, release_date, `rank`, image) VALUES (903, 12, 'Song e4BhPeEbQu', 313, 'Folk', '2010-06-19', 713, 'https://picsum.photos/id/289/200/200');
INSERT INTO SONGS (song_id, album_id, title, duration, genre, release_date, `rank`, image) VALUES (904, 192, 'Song eEPsWOODrr', 470, 'Jazz', '2016-07-08', 664, 'https://picsum.photos/id/281/200/200');
INSERT INTO SONGS (song_id, album_id, title, duration, genre, release_date, `rank`, image) VALUES (905, 78, 'Song rWE0FgHi08', 157, 'Indie', '2018-06-16', 263, 'https://picsum.photos/id/251/200/200');
INSERT INTO SONGS (song_id, album_id, title, duration, genre, release_date, `rank`, image) VALUES (906, 55, 'Song jZ1IJnLJ7L', 243, 'Blues', '2011-05-07', 98, 'https://picsum.photos/id/243/200/200');
INSERT INTO SONGS (song_id, album_id, title, duration, genre, release_date, `rank`, image) VALUES (907, 84, 'Song IZERCDrwqC', 189, 'Rock', '2019-06-17', 828, 'https://picsum.photos/id/291/200/200');
INSERT INTO SONGS (song_id, album_id, title, duration, genre, release_date, `rank`, image) VALUES (908, 37, 'Song yBP2uOyAZJ', 296, 'Reggae', '2015-08-06', 837, 'https://picsum.photos/id/204/200/200');
INSERT INTO SONGS (song_id, album_id, title, duration, genre, release_date, `rank`, image) VALUES (909, 15, 'Song 0fCp8Mz4E3', 477, 'Jazz', '2014-05-24', 672, 'https://picsum.photos/id/259/200/200');
INSERT INTO SONGS (song_id, album_id, title, duration, genre, release_date, `rank`, image) VALUES (910, 183, 'Song YwiOA1Qblo', 313, 'Metal', '2017-08-15', 68, 'https://picsum.photos/id/223/200/200');
INSERT INTO SONGS (song_id, album_id, title, duration, genre, release_date, `rank`, image) VALUES (911, 173, 'Song QQ3UhcdC2N', 441, 'Reggae', '2009-07-12', 95, 'https://picsum.photos/id/279/200/200');
INSERT INTO SONGS (song_id, album_id, title, duration, genre, release_date, `rank`, image) VALUES (912, 158, 'Song xjr7fsGBtd', 362, 'Electronic', '2016-11-03', 934, 'https://picsum.photos/id/289/200/200');
INSERT INTO SONGS (song_id, album_id, title, duration, genre, release_date, `rank`, image) VALUES (913, 69, 'Song bDIR1Im6wS', 347, 'Reggae', '2010-12-12', 695, 'https://picsum.photos/id/214/200/200');
INSERT INTO SONGS (song_id, album_id, title, duration, genre, release_date, `rank`, image) VALUES (914, 56, 'Song I8WlAH0ape', 337, 'Reggae', '2018-09-20', 236, 'https://picsum.photos/id/276/200/200');
INSERT INTO SONGS (song_id, album_id, title, duration, genre, release_date, `rank`, image) VALUES (915, 107, 'Song RNBwvOvftw', 334, 'Indie', '2018-06-12', 625, 'https://picsum.photos/id/253/200/200');
INSERT INTO SONGS (song_id, album_id, title, duration, genre, release_date, `rank`, image) VALUES (916, 30, 'Song dVHsn6WUv5', 403, 'Rock', '2014-02-09', 934, 'https://picsum.photos/id/297/200/200');
INSERT INTO SONGS (song_id, album_id, title, duration, genre, release_date, `rank`, image) VALUES (917, 156, 'Song cuHGFsLPim', 120, 'Country', '2016-05-23', 24, 'https://picsum.photos/id/260/200/200');
INSERT INTO SONGS (song_id, album_id, title, duration, genre, release_date, `rank`, image) VALUES (918, 13, 'Song t8aaZXV7O3', 340, 'Metal', '2014-11-24', 395, 'https://picsum.photos/id/261/200/200');
INSERT INTO SONGS (song_id, album_id, title, duration, genre, release_date, `rank`, image) VALUES (919, 145, 'Song juNVWRCbna', 317, 'Dance', '2021-05-27', 467, 'https://picsum.photos/id/203/200/200');
INSERT INTO SONGS (song_id, album_id, title, duration, genre, release_date, `rank`, image) VALUES (920, 191, 'Song gdM0YSRt4t', 168, 'R&B', '2011-07-11', 918, 'https://picsum.photos/id/215/200/200');
INSERT INTO SONGS (song_id, album_id, title, duration, genre, release_date, `rank`, image) VALUES (921, 129, 'Song G7UwGdCxi2', 473, 'Metal', '2013-01-18', 759, 'https://picsum.photos/id/222/200/200');
INSERT INTO SONGS (song_id, album_id, title, duration, genre, release_date, `rank`, image) VALUES (922, 113, 'Song cnG2mUKPq0', 269, 'Blues', '2023-09-22', 241, 'https://picsum.photos/id/247/200/200');
INSERT INTO SONGS (song_id, album_id, title, duration, genre, release_date, `rank`, image) VALUES (923, 93, 'Song 4zEfioXa0B', 399, 'Hip Hop', '2016-07-05', 804, 'https://picsum.photos/id/258/200/200');
INSERT INTO SONGS (song_id, album_id, title, duration, genre, release_date, `rank`, image) VALUES (924, 45, 'Song Y3yShgq5JE', 229, 'Dance', '2017-08-05', 798, 'https://picsum.photos/id/265/200/200');
INSERT INTO SONGS (song_id, album_id, title, duration, genre, release_date, `rank`, image) VALUES (925, 122, 'Song jFTHJrIyEc', 388, 'Folk', '2011-08-15', 75, 'https://picsum.photos/id/284/200/200');
INSERT INTO SONGS (song_id, album_id, title, duration, genre, release_date, `rank`, image) VALUES (926, 114, 'Song e4JGlDCHY6', 124, 'Hip Hop', '2023-05-03', 147, 'https://picsum.photos/id/280/200/200');
INSERT INTO SONGS (song_id, album_id, title, duration, genre, release_date, `rank`, image) VALUES (927, 192, 'Song cXlinhIIsR', 378, 'Folk', '2014-06-09', 827, 'https://picsum.photos/id/281/200/200');
INSERT INTO SONGS (song_id, album_id, title, duration, genre, release_date, `rank`, image) VALUES (928, 49, 'Song m6pMUAK2xo', 223, 'Dance', '2022-06-25', 978, 'https://picsum.photos/id/285/200/200');
INSERT INTO SONGS (song_id, album_id, title, duration, genre, release_date, `rank`, image) VALUES (929, 178, 'Song qxqWzXuSVB', 406, 'Indie', '2020-04-20', 936, 'https://picsum.photos/id/267/200/200');
INSERT INTO SONGS (song_id, album_id, title, duration, genre, release_date, `rank`, image) VALUES (930, 108, 'Song 2FbWvTjGRW', 469, 'Folk', '2015-10-10', 629, 'https://picsum.photos/id/221/200/200');
INSERT INTO SONGS (song_id, album_id, title, duration, genre, release_date, `rank`, image) VALUES (931, 30, 'Song 9e9kZ77qzq', 248, 'Reggae', '2016-04-10', 40, 'https://picsum.photos/id/297/200/200');
INSERT INTO SONGS (song_id, album_id, title, duration, genre, release_date, `rank`, image) VALUES (932, 90, 'Song eNWTkZ1gEK', 397, 'Country', '2022-06-06', 10, 'https://picsum.photos/id/254/200/200');
INSERT INTO SONGS (song_id, album_id, title, duration, genre, release_date, `rank`, image) VALUES (933, 81, 'Song AfWVhb7Ga2', 298, 'Electronic', '2022-05-27', 261, 'https://picsum.photos/id/222/200/200');
INSERT INTO SONGS (song_id, album_id, title, duration, genre, release_date, `rank`, image) VALUES (934, 61, 'Song zLQAM2ihTR', 322, 'Dance', '2012-01-03', 224, 'https://picsum.photos/id/237/200/200');
INSERT INTO SONGS (song_id, album_id, title, duration, genre, release_date, `rank`, image) VALUES (935, 140, 'Song jt5tXHjnap', 240, 'Dance', '2009-08-16', 896, 'https://picsum.photos/id/274/200/200');
INSERT INTO SONGS (song_id, album_id, title, duration, genre, release_date, `rank`, image) VALUES (936, 76, 'Song mmGRk5h1R4', 223, 'Pop', '2018-06-11', 36, 'https://picsum.photos/id/204/200/200');
INSERT INTO SONGS (song_id, album_id, title, duration, genre, release_date, `rank`, image) VALUES (937, 24, 'Song vrCtszyq5K', 204, 'Reggae', '2015-07-11', 75, 'https://picsum.photos/id/236/200/200');
INSERT INTO SONGS (song_id, album_id, title, duration, genre, release_date, `rank`, image) VALUES (938, 168, 'Song G156rhj89I', 199, 'Alternative', '2022-09-10', 944, 'https://picsum.photos/id/291/200/200');
INSERT INTO SONGS (song_id, album_id, title, duration, genre, release_date, `rank`, image) VALUES (939, 136, 'Song lSzKrv4pZ4', 158, 'Alternative', '2020-08-28', 330, 'https://picsum.photos/id/233/200/200');
INSERT INTO SONGS (song_id, album_id, title, duration, genre, release_date, `rank`, image) VALUES (940, 92, 'Song 2poCFdTHbL', 121, 'Electronic', '2016-12-31', 134, 'https://picsum.photos/id/298/200/200');
INSERT INTO SONGS (song_id, album_id, title, duration, genre, release_date, `rank`, image) VALUES (941, 169, 'Song WNxXvn2xOc', 130, 'Dance', '2012-10-15', 69, 'https://picsum.photos/id/223/200/200');
INSERT INTO SONGS (song_id, album_id, title, duration, genre, release_date, `rank`, image) VALUES (942, 70, 'Song gXb9E4rdaW', 193, 'Dance', '2018-08-06', 488, 'https://picsum.photos/id/239/200/200');
INSERT INTO SONGS (song_id, album_id, title, duration, genre, release_date, `rank`, image) VALUES (943, 113, 'Song QVAhaPYVHH', 297, 'Hip Hop', '2015-06-24', 921, 'https://picsum.photos/id/247/200/200');
INSERT INTO SONGS (song_id, album_id, title, duration, genre, release_date, `rank`, image) VALUES (944, 111, 'Song BlT57dWXks', 349, 'Alternative', '2022-01-07', 475, 'https://picsum.photos/id/299/200/200');
INSERT INTO SONGS (song_id, album_id, title, duration, genre, release_date, `rank`, image) VALUES (945, 11, 'Song XxPPv6RMa4', 314, 'Metal', '2015-03-21', 672, 'https://picsum.photos/id/259/200/200');
INSERT INTO SONGS (song_id, album_id, title, duration, genre, release_date, `rank`, image) VALUES (946, 186, 'Song jdAfm5fX10', 208, 'Pop', '2010-11-25', 781, 'https://picsum.photos/id/257/200/200');
INSERT INTO SONGS (song_id, album_id, title, duration, genre, release_date, `rank`, image) VALUES (947, 141, 'Song X5E9d8IhjV', 403, 'Hip Hop', '2023-01-04', 715, 'https://picsum.photos/id/216/200/200');
INSERT INTO SONGS (song_id, album_id, title, duration, genre, release_date, `rank`, image) VALUES (948, 182, 'Song zm73UiYpNC', 370, 'Indie', '2017-06-25', 16, 'https://picsum.photos/id/297/200/200');
INSERT INTO SONGS (song_id, album_id, title, duration, genre, release_date, `rank`, image) VALUES (949, 134, 'Song bXxNUC8lI6', 290, 'Indie', '2021-10-09', 906, 'https://picsum.photos/id/254/200/200');
INSERT INTO SONGS (song_id, album_id, title, duration, genre, release_date, `rank`, image) VALUES (950, 160, 'Song qxd6RS385S', 142, 'Metal', '2014-08-17', 150, 'https://picsum.photos/id/227/200/200');
INSERT INTO SONGS (song_id, album_id, title, duration, genre, release_date, `rank`, image) VALUES (951, 15, 'Song 7sTAGzdsrT', 323, 'Alternative', '2011-06-06', 363, 'https://picsum.photos/id/259/200/200');
INSERT INTO SONGS (song_id, album_id, title, duration, genre, release_date, `rank`, image) VALUES (952, 23, 'Song yub5qazfXE', 321, 'Dance', '2008-06-07', 510, 'https://picsum.photos/id/212/200/200');
INSERT INTO SONGS (song_id, album_id, title, duration, genre, release_date, `rank`, image) VALUES (953, 41, 'Song hRD4l5Ib8s', 175, 'Pop', '2019-02-22', 680, 'https://picsum.photos/id/271/200/200');
INSERT INTO SONGS (song_id, album_id, title, duration, genre, release_date, `rank`, image) VALUES (954, 123, 'Song 4VR6H7LrXB', 333, 'Metal', '2014-04-23', 717, 'https://picsum.photos/id/300/200/200');
INSERT INTO SONGS (song_id, album_id, title, duration, genre, release_date, `rank`, image) VALUES (955, 7, 'Song tRwb1zCcNB', 448, 'Hip Hop', '2008-07-11', 789, 'https://picsum.photos/id/268/200/200');
INSERT INTO SONGS (song_id, album_id, title, duration, genre, release_date, `rank`, image) VALUES (956, 65, 'Song n6LFRR7WpU', 254, 'Rock', '2018-02-25', 361, 'https://picsum.photos/id/267/200/200');
INSERT INTO SONGS (song_id, album_id, title, duration, genre, release_date, `rank`, image) VALUES (957, 89, 'Song ydioqR6HmL', 175, 'Dance', '2020-10-08', 860, 'https://picsum.photos/id/289/200/200');
INSERT INTO SONGS (song_id, album_id, title, duration, genre, release_date, `rank`, image) VALUES (958, 21, 'Song gM8N0c36My', 195, 'Metal', '2021-09-22', 519, 'https://picsum.photos/id/269/200/200');
INSERT INTO SONGS (song_id, album_id, title, duration, genre, release_date, `rank`, image) VALUES (959, 126, 'Song vRcyEj5Tx3', 250, 'Country', '2017-04-20', 120, 'https://picsum.photos/id/215/200/200');
INSERT INTO SONGS (song_id, album_id, title, duration, genre, release_date, `rank`, image) VALUES (960, 9, 'Song XFT3YBfWLJ', 164, 'R&B', '2018-05-23', 421, 'https://picsum.photos/id/227/200/200');
INSERT INTO SONGS (song_id, album_id, title, duration, genre, release_date, `rank`, image) VALUES (961, 92, 'Song jYolMtyi22', 240, 'Rock', '2011-08-04', 804, 'https://picsum.photos/id/298/200/200');
INSERT INTO SONGS (song_id, album_id, title, duration, genre, release_date, `rank`, image) VALUES (962, 94, 'Song Wrc8KQB2Fr', 167, 'Dance', '2015-06-01', 713, 'https://picsum.photos/id/251/200/200');
INSERT INTO SONGS (song_id, album_id, title, duration, genre, release_date, `rank`, image) VALUES (963, 51, 'Song 2NWXSf5KD3', 141, 'Indie', '2020-08-07', 357, 'https://picsum.photos/id/261/200/200');
INSERT INTO SONGS (song_id, album_id, title, duration, genre, release_date, `rank`, image) VALUES (964, 4, 'Song Ap87G1sPmq', 202, 'Rock', '2014-06-22', 56, 'https://picsum.photos/id/242/200/200');
INSERT INTO SONGS (song_id, album_id, title, duration, genre, release_date, `rank`, image) VALUES (965, 181, 'Song zrEYvFdrzq', 476, 'R&B', '2021-04-02', 403, 'https://picsum.photos/id/261/200/200');
INSERT INTO SONGS (song_id, album_id, title, duration, genre, release_date, `rank`, image) VALUES (966, 108, 'Song aLcFSL6Ndk', 211, 'Country', '2011-04-20', 935, 'https://picsum.photos/id/221/200/200');
INSERT INTO SONGS (song_id, album_id, title, duration, genre, release_date, `rank`, image) VALUES (967, 79, 'Song gchL17rWI3', 293, 'Electronic', '2008-01-18', 534, 'https://picsum.photos/id/257/200/200');
INSERT INTO SONGS (song_id, album_id, title, duration, genre, release_date, `rank`, image) VALUES (968, 199, 'Song ERXGurKk7q', 304, 'Classical', '2020-04-24', 308, 'https://picsum.photos/id/277/200/200');
INSERT INTO SONGS (song_id, album_id, title, duration, genre, release_date, `rank`, image) VALUES (969, 46, 'Song 7mwoohpPwL', 416, 'Rock', '2012-12-03', 684, 'https://picsum.photos/id/231/200/200');
INSERT INTO SONGS (song_id, album_id, title, duration, genre, release_date, `rank`, image) VALUES (970, 14, 'Song mJaaVcrpTH', 286, 'Metal', '2010-06-05', 898, 'https://picsum.photos/id/249/200/200');
INSERT INTO SONGS (song_id, album_id, title, duration, genre, release_date, `rank`, image) VALUES (971, 101, 'Song kSBJFXgCTs', 401, 'Country', '2012-10-01', 738, 'https://picsum.photos/id/297/200/200');
INSERT INTO SONGS (song_id, album_id, title, duration, genre, release_date, `rank`, image) VALUES (972, 73, 'Song IFxwSsget0', 250, 'Reggae', '2016-01-18', 439, 'https://picsum.photos/id/237/200/200');
INSERT INTO SONGS (song_id, album_id, title, duration, genre, release_date, `rank`, image) VALUES (973, 118, 'Song ytv01evi8H', 422, 'Hip Hop', '2011-04-08', 616, 'https://picsum.photos/id/286/200/200');
INSERT INTO SONGS (song_id, album_id, title, duration, genre, release_date, `rank`, image) VALUES (974, 161, 'Song N2JqGC8LqH', 480, 'Metal', '2023-08-15', 482, 'https://picsum.photos/id/223/200/200');
INSERT INTO SONGS (song_id, album_id, title, duration, genre, release_date, `rank`, image) VALUES (975, 18, 'Song w2FDM5ywA1', 251, 'Rock', '2014-01-25', 321, 'https://picsum.photos/id/257/200/200');
INSERT INTO SONGS (song_id, album_id, title, duration, genre, release_date, `rank`, image) VALUES (976, 43, 'Song 207CCEcGYB', 187, 'Classical', '2019-05-11', 954, 'https://picsum.photos/id/243/200/200');
INSERT INTO SONGS (song_id, album_id, title, duration, genre, release_date, `rank`, image) VALUES (977, 167, 'Song HEFsUcRUv1', 260, 'Folk', '2012-11-26', 636, 'https://picsum.photos/id/250/200/200');
INSERT INTO SONGS (song_id, album_id, title, duration, genre, release_date, `rank`, image) VALUES (978, 129, 'Song ByFGaWi8Tv', 454, 'R&B', '2015-08-22', 343, 'https://picsum.photos/id/222/200/200');
INSERT INTO SONGS (song_id, album_id, title, duration, genre, release_date, `rank`, image) VALUES (979, 166, 'Song hCXQmPwhKi', 339, 'Country', '2020-06-05', 916, 'https://picsum.photos/id/216/200/200');
INSERT INTO SONGS (song_id, album_id, title, duration, genre, release_date, `rank`, image) VALUES (980, 108, 'Song JECnXbgHQe', 386, 'Alternative', '2015-07-14', 492, 'https://picsum.photos/id/221/200/200');
INSERT INTO SONGS (song_id, album_id, title, duration, genre, release_date, `rank`, image) VALUES (981, 51, 'Song GJPznsK6KY', 311, 'Electronic', '2019-12-01', 720, 'https://picsum.photos/id/261/200/200');
INSERT INTO SONGS (song_id, album_id, title, duration, genre, release_date, `rank`, image) VALUES (982, 186, 'Song Ue1ZJ21aeD', 441, 'Dance', '2008-12-16', 779, 'https://picsum.photos/id/257/200/200');
INSERT INTO SONGS (song_id, album_id, title, duration, genre, release_date, `rank`, image) VALUES (983, 127, 'Song 0XxKzRRrpv', 135, 'Pop', '2009-04-17', 360, 'https://picsum.photos/id/232/200/200');
INSERT INTO SONGS (song_id, album_id, title, duration, genre, release_date, `rank`, image) VALUES (984, 77, 'Song 2S8zaN1jSg', 191, 'Country', '2021-12-30', 53, 'https://picsum.photos/id/224/200/200');
INSERT INTO SONGS (song_id, album_id, title, duration, genre, release_date, `rank`, image) VALUES (985, 196, 'Song PVZ6YuZC5f', 464, 'Electronic', '2013-10-04', 705, 'https://picsum.photos/id/290/200/200');
INSERT INTO SONGS (song_id, album_id, title, duration, genre, release_date, `rank`, image) VALUES (986, 198, 'Song P1L3FFntSE', 186, 'Rock', '2023-10-24', 794, 'https://picsum.photos/id/272/200/200');
INSERT INTO SONGS (song_id, album_id, title, duration, genre, release_date, `rank`, image) VALUES (987, 169, 'Song 3Lo4Hb44r0', 410, 'Alternative', '2020-10-23', 767, 'https://picsum.photos/id/223/200/200');
INSERT INTO SONGS (song_id, album_id, title, duration, genre, release_date, `rank`, image) VALUES (988, 49, 'Song SJX3mmZXqr', 348, 'Metal', '2016-02-13', 654, 'https://picsum.photos/id/285/200/200');
INSERT INTO SONGS (song_id, album_id, title, duration, genre, release_date, `rank`, image) VALUES (989, 71, 'Song DtkRj41SE1', 437, 'Metal', '2013-04-14', 661, 'https://picsum.photos/id/240/200/200');
INSERT INTO SONGS (song_id, album_id, title, duration, genre, release_date, `rank`, image) VALUES (990, 152, 'Song VBxhy7Vt0W', 390, 'Classical', '2016-06-04', 673, 'https://picsum.photos/id/261/200/200');
INSERT INTO SONGS (song_id, album_id, title, duration, genre, release_date, `rank`, image) VALUES (991, 38, 'Song 9oIxjOaWCO', 461, 'Dance', '2012-03-07', 447, 'https://picsum.photos/id/213/200/200');
INSERT INTO SONGS (song_id, album_id, title, duration, genre, release_date, `rank`, image) VALUES (992, 195, 'Song L9E6OOEcvz', 331, 'Electronic', '2014-04-26', 647, 'https://picsum.photos/id/295/200/200');
INSERT INTO SONGS (song_id, album_id, title, duration, genre, release_date, `rank`, image) VALUES (993, 174, 'Song Bodk8Mrw5Z', 320, 'Jazz', '2018-07-11', 545, 'https://picsum.photos/id/218/200/200');
INSERT INTO SONGS (song_id, album_id, title, duration, genre, release_date, `rank`, image) VALUES (994, 12, 'Song FdoFlAP5Bk', 279, 'Alternative', '2013-01-31', 876, 'https://picsum.photos/id/289/200/200');
INSERT INTO SONGS (song_id, album_id, title, duration, genre, release_date, `rank`, image) VALUES (995, 104, 'Song y8nNTjIMJY', 193, 'Dance', '2022-11-19', 166, 'https://picsum.photos/id/254/200/200');
INSERT INTO SONGS (song_id, album_id, title, duration, genre, release_date, `rank`, image) VALUES (996, 38, 'Song fn9cwig9VP', 261, 'Alternative', '2013-06-27', 285, 'https://picsum.photos/id/213/200/200');
INSERT INTO SONGS (song_id, album_id, title, duration, genre, release_date, `rank`, image) VALUES (997, 53, 'Song KE1zX4Yobw', 227, 'Hip Hop', '2008-07-24', 693, 'https://picsum.photos/id/256/200/200');
INSERT INTO SONGS (song_id, album_id, title, duration, genre, release_date, `rank`, image) VALUES (998, 6, 'Song xoylblMWyY', 286, 'Blues', '2020-05-10', 648, 'https://picsum.photos/id/296/200/200');
INSERT INTO SONGS (song_id, album_id, title, duration, genre, release_date, `rank`, image) VALUES (999, 185, 'Song MsWJAt5iuv', 470, 'Classical', '2020-03-03', 756, 'https://picsum.photos/id/228/200/200');
INSERT INTO SONGS (song_id, album_id, title, duration, genre, release_date, `rank`, image) VALUES (1000, 8, 'Song 2W56elYvV0', 206, 'Country', '2008-08-02', 921, 'https://picsum.photos/id/265/200/200');

-- PLAYLISTS Data --
INSERT INTO PLAYLISTS (playlist_id, user_id, title, description, date_created, image) VALUES (1, 37, 'My Blues Playlist 30', 'A collection of Alternative tunes.', '2021-06-07', 'https://picsum.photos/id/320/180/180');
INSERT INTO PLAYLISTS (playlist_id, user_id, title, description, date_created, image) VALUES (2, 49, 'My Alternative Playlist 47', 'A collection of Blues tunes.', '2020-12-22', 'https://picsum.photos/id/360/180/180');
INSERT INTO PLAYLISTS (playlist_id, user_id, title, description, date_created, image) VALUES (3, 26, 'My Jazz Playlist 50', 'A collection of Indie tunes.', '2022-11-22', 'https://picsum.photos/id/352/180/180');
INSERT INTO PLAYLISTS (playlist_id, user_id, title, description, date_created, image) VALUES (4, 8, 'My Hip Hop Playlist 44', 'A collection of Reggae tunes.', '2024-02-13', 'https://picsum.photos/id/358/180/180');
INSERT INTO PLAYLISTS (playlist_id, user_id, title, description, date_created, image) VALUES (5, 34, 'My Jazz Playlist 18', 'A collection of Rock tunes.', '2021-05-20', 'https://picsum.photos/id/328/180/180');
INSERT INTO PLAYLISTS (playlist_id, user_id, title, description, date_created, image) VALUES (6, 100, 'My Hip Hop Playlist 86', 'A collection of Indie tunes.', '2021-09-14', 'https://picsum.photos/id/380/180/180');
INSERT INTO PLAYLISTS (playlist_id, user_id, title, description, date_created, image) VALUES (7, 78, 'My Folk Playlist 57', 'A collection of R&B tunes.', '2021-01-20', 'https://picsum.photos/id/379/180/180');
INSERT INTO PLAYLISTS (playlist_id, user_id, title, description, date_created, image) VALUES (8, 65, 'My Hip Hop Playlist 30', 'A collection of Country tunes.', '2021-07-05', 'https://picsum.photos/id/314/180/180');
INSERT INTO PLAYLISTS (playlist_id, user_id, title, description, date_created, image) VALUES (9, 68, 'My Jazz Playlist 86', 'A collection of Hip Hop tunes.', '2021-12-16', 'https://picsum.photos/id/351/180/180');
INSERT INTO PLAYLISTS (playlist_id, user_id, title, description, date_created, image) VALUES (10, 46, 'My Hip Hop Playlist 27', 'A collection of Folk tunes.', '2024-02-21', 'https://picsum.photos/id/369/180/180');
INSERT INTO PLAYLISTS (playlist_id, user_id, title, description, date_created, image) VALUES (11, 42, 'My Hip Hop Playlist 62', 'A collection of Folk tunes.', '2023-03-03', 'https://picsum.photos/id/380/180/180');
INSERT INTO PLAYLISTS (playlist_id, user_id, title, description, date_created, image) VALUES (12, 78, 'My Classical Playlist 64', 'A collection of Jazz tunes.', '2023-01-17', 'https://picsum.photos/id/334/180/180');
INSERT INTO PLAYLISTS (playlist_id, user_id, title, description, date_created, image) VALUES (13, 22, 'My Hip Hop Playlist 7', 'A collection of Blues tunes.', '2023-05-09', 'https://picsum.photos/id/321/180/180');
INSERT INTO PLAYLISTS (playlist_id, user_id, title, description, date_created, image) VALUES (14, 75, 'My Alternative Playlist 6', 'A collection of Metal tunes.', '2020-08-23', 'https://picsum.photos/id/380/180/180');
INSERT INTO PLAYLISTS (playlist_id, user_id, title, description, date_created, image) VALUES (15, 18, 'My Electronic Playlist 77', 'A collection of Jazz tunes.', '2020-01-09', 'https://picsum.photos/id/396/180/180');
INSERT INTO PLAYLISTS (playlist_id, user_id, title, description, date_created, image) VALUES (16, 94, 'My Pop Playlist 49', 'A collection of Rock tunes.', '2024-03-01', 'https://picsum.photos/id/384/180/180');
INSERT INTO PLAYLISTS (playlist_id, user_id, title, description, date_created, image) VALUES (17, 18, 'My Dance Playlist 13', 'A collection of Electronic tunes.', '2023-04-19', 'https://picsum.photos/id/351/180/180');
INSERT INTO PLAYLISTS (playlist_id, user_id, title, description, date_created, image) VALUES (18, 15, 'My Classical Playlist 8', 'A collection of Electronic tunes.', '2023-02-09', 'https://picsum.photos/id/385/180/180');
INSERT INTO PLAYLISTS (playlist_id, user_id, title, description, date_created, image) VALUES (19, 49, 'My Rock Playlist 94', 'A collection of Metal tunes.', '2021-02-10', 'https://picsum.photos/id/389/180/180');
INSERT INTO PLAYLISTS (playlist_id, user_id, title, description, date_created, image) VALUES (20, 44, 'My Jazz Playlist 73', 'A collection of R&B tunes.', '2020-06-21', 'https://picsum.photos/id/347/180/180');
INSERT INTO PLAYLISTS (playlist_id, user_id, title, description, date_created, image) VALUES (21, 29, 'My Dance Playlist 3', 'A collection of Indie tunes.', '2023-10-19', 'https://picsum.photos/id/319/180/180');
INSERT INTO PLAYLISTS (playlist_id, user_id, title, description, date_created, image) VALUES (22, 46, 'My Pop Playlist 48', 'A collection of Rock tunes.', '2023-02-01', 'https://picsum.photos/id/381/180/180');
INSERT INTO PLAYLISTS (playlist_id, user_id, title, description, date_created, image) VALUES (23, 33, 'My Metal Playlist 80', 'A collection of Dance tunes.', '2022-03-15', 'https://picsum.photos/id/315/180/180');
INSERT INTO PLAYLISTS (playlist_id, user_id, title, description, date_created, image) VALUES (24, 53, 'My Blues Playlist 28', 'A collection of Dance tunes.', '2021-03-05', 'https://picsum.photos/id/355/180/180');
INSERT INTO PLAYLISTS (playlist_id, user_id, title, description, date_created, image) VALUES (25, 29, 'My Pop Playlist 66', 'A collection of Electronic tunes.', '2021-10-13', 'https://picsum.photos/id/367/180/180');
INSERT INTO PLAYLISTS (playlist_id, user_id, title, description, date_created, image) VALUES (26, 62, 'My R&B Playlist 32', 'A collection of Blues tunes.', '2021-05-21', 'https://picsum.photos/id/372/180/180');
INSERT INTO PLAYLISTS (playlist_id, user_id, title, description, date_created, image) VALUES (27, 8, 'My Dance Playlist 38', 'A collection of Dance tunes.', '2023-03-31', 'https://picsum.photos/id/372/180/180');
INSERT INTO PLAYLISTS (playlist_id, user_id, title, description, date_created, image) VALUES (28, 53, 'My Pop Playlist 87', 'A collection of Country tunes.', '2023-03-13', 'https://picsum.photos/id/397/180/180');
INSERT INTO PLAYLISTS (playlist_id, user_id, title, description, date_created, image) VALUES (29, 8, 'My Classical Playlist 87', 'A collection of Rock tunes.', '2020-11-21', 'https://picsum.photos/id/308/180/180');
INSERT INTO PLAYLISTS (playlist_id, user_id, title, description, date_created, image) VALUES (30, 94, 'My Indie Playlist 78', 'A collection of Country tunes.', '2023-10-23', 'https://picsum.photos/id/400/180/180');
INSERT INTO PLAYLISTS (playlist_id, user_id, title, description, date_created, image) VALUES (31, 48, 'My Dance Playlist 40', 'A collection of Hip Hop tunes.', '2023-12-15', 'https://picsum.photos/id/369/180/180');
INSERT INTO PLAYLISTS (playlist_id, user_id, title, description, date_created, image) VALUES (32, 80, 'My Pop Playlist 47', 'A collection of Reggae tunes.', '2022-03-23', 'https://picsum.photos/id/377/180/180');
INSERT INTO PLAYLISTS (playlist_id, user_id, title, description, date_created, image) VALUES (33, 94, 'My Indie Playlist 7', 'A collection of Hip Hop tunes.', '2020-08-09', 'https://picsum.photos/id/382/180/180');
INSERT INTO PLAYLISTS (playlist_id, user_id, title, description, date_created, image) VALUES (34, 22, 'My Metal Playlist 70', 'A collection of Metal tunes.', '2022-07-23', 'https://picsum.photos/id/325/180/180');
INSERT INTO PLAYLISTS (playlist_id, user_id, title, description, date_created, image) VALUES (35, 95, 'My Folk Playlist 76', 'A collection of Country tunes.', '2022-12-22', 'https://picsum.photos/id/379/180/180');
INSERT INTO PLAYLISTS (playlist_id, user_id, title, description, date_created, image) VALUES (36, 74, 'My Alternative Playlist 39', 'A collection of Indie tunes.', '2020-08-13', 'https://picsum.photos/id/318/180/180');
INSERT INTO PLAYLISTS (playlist_id, user_id, title, description, date_created, image) VALUES (37, 15, 'My Blues Playlist 59', 'A collection of Folk tunes.', '2021-03-05', 'https://picsum.photos/id/369/180/180');
INSERT INTO PLAYLISTS (playlist_id, user_id, title, description, date_created, image) VALUES (38, 82, 'My Country Playlist 17', 'A collection of Country tunes.', '2024-02-20', 'https://picsum.photos/id/334/180/180');
INSERT INTO PLAYLISTS (playlist_id, user_id, title, description, date_created, image) VALUES (39, 19, 'My Reggae Playlist 72', 'A collection of Jazz tunes.', '2023-10-14', 'https://picsum.photos/id/324/180/180');
INSERT INTO PLAYLISTS (playlist_id, user_id, title, description, date_created, image) VALUES (40, 8, 'My Rock Playlist 43', 'A collection of Indie tunes.', '2022-03-01', 'https://picsum.photos/id/357/180/180');
INSERT INTO PLAYLISTS (playlist_id, user_id, title, description, date_created, image) VALUES (41, 46, 'My Alternative Playlist 7', 'A collection of Alternative tunes.', '2020-08-19', 'https://picsum.photos/id/395/180/180');
INSERT INTO PLAYLISTS (playlist_id, user_id, title, description, date_created, image) VALUES (42, 59, 'My Pop Playlist 2', 'A collection of Classical tunes.', '2022-04-30', 'https://picsum.photos/id/372/180/180');
INSERT INTO PLAYLISTS (playlist_id, user_id, title, description, date_created, image) VALUES (43, 67, 'My Electronic Playlist 21', 'A collection of Indie tunes.', '2023-01-27', 'https://picsum.photos/id/374/180/180');
INSERT INTO PLAYLISTS (playlist_id, user_id, title, description, date_created, image) VALUES (44, 74, 'My Dance Playlist 5', 'A collection of Classical tunes.', '2023-07-06', 'https://picsum.photos/id/381/180/180');
INSERT INTO PLAYLISTS (playlist_id, user_id, title, description, date_created, image) VALUES (45, 27, 'My Blues Playlist 17', 'A collection of Alternative tunes.', '2023-07-30', 'https://picsum.photos/id/332/180/180');
INSERT INTO PLAYLISTS (playlist_id, user_id, title, description, date_created, image) VALUES (46, 43, 'My Classical Playlist 61', 'A collection of Pop tunes.', '2023-05-27', 'https://picsum.photos/id/385/180/180');
INSERT INTO PLAYLISTS (playlist_id, user_id, title, description, date_created, image) VALUES (47, 81, 'My Alternative Playlist 62', 'A collection of Folk tunes.', '2021-11-02', 'https://picsum.photos/id/336/180/180');
INSERT INTO PLAYLISTS (playlist_id, user_id, title, description, date_created, image) VALUES (48, 84, 'My Pop Playlist 66', 'A collection of Hip Hop tunes.', '2024-01-05', 'https://picsum.photos/id/311/180/180');
INSERT INTO PLAYLISTS (playlist_id, user_id, title, description, date_created, image) VALUES (49, 41, 'My Indie Playlist 47', 'A collection of Classical tunes.', '2024-04-14', 'https://picsum.photos/id/345/180/180');
INSERT INTO PLAYLISTS (playlist_id, user_id, title, description, date_created, image) VALUES (50, 7, 'My R&B Playlist 59', 'A collection of Blues tunes.', '2020-05-15', 'https://picsum.photos/id/345/180/180');
INSERT INTO PLAYLISTS (playlist_id, user_id, title, description, date_created, image) VALUES (51, 3, 'My Pop Playlist 48', 'A collection of Electronic tunes.', '2022-05-22', 'https://picsum.photos/id/331/180/180');
INSERT INTO PLAYLISTS (playlist_id, user_id, title, description, date_created, image) VALUES (52, 8, 'My R&B Playlist 35', 'A collection of Metal tunes.', '2021-11-14', 'https://picsum.photos/id/335/180/180');
INSERT INTO PLAYLISTS (playlist_id, user_id, title, description, date_created, image) VALUES (53, 64, 'My Alternative Playlist 58', 'A collection of Electronic tunes.', '2020-04-15', 'https://picsum.photos/id/302/180/180');
INSERT INTO PLAYLISTS (playlist_id, user_id, title, description, date_created, image) VALUES (54, 25, 'My Country Playlist 94', 'A collection of Reggae tunes.', '2023-07-12', 'https://picsum.photos/id/364/180/180');
INSERT INTO PLAYLISTS (playlist_id, user_id, title, description, date_created, image) VALUES (55, 64, 'My Metal Playlist 29', 'A collection of Metal tunes.', '2022-06-15', 'https://picsum.photos/id/319/180/180');
INSERT INTO PLAYLISTS (playlist_id, user_id, title, description, date_created, image) VALUES (56, 55, 'My Rock Playlist 36', 'A collection of Hip Hop tunes.', '2022-08-15', 'https://picsum.photos/id/359/180/180');
INSERT INTO PLAYLISTS (playlist_id, user_id, title, description, date_created, image) VALUES (57, 10, 'My Alternative Playlist 91', 'A collection of Dance tunes.', '2022-03-31', 'https://picsum.photos/id/371/180/180');
INSERT INTO PLAYLISTS (playlist_id, user_id, title, description, date_created, image) VALUES (58, 95, 'My Electronic Playlist 57', 'A collection of Alternative tunes.', '2020-01-30', 'https://picsum.photos/id/359/180/180');
INSERT INTO PLAYLISTS (playlist_id, user_id, title, description, date_created, image) VALUES (59, 70, 'My Alternative Playlist 49', 'A collection of Rock tunes.', '2020-08-09', 'https://picsum.photos/id/317/180/180');
INSERT INTO PLAYLISTS (playlist_id, user_id, title, description, date_created, image) VALUES (60, 5, 'My Rock Playlist 7', 'A collection of Country tunes.', '2021-08-07', 'https://picsum.photos/id/335/180/180');
INSERT INTO PLAYLISTS (playlist_id, user_id, title, description, date_created, image) VALUES (61, 83, 'My Pop Playlist 72', 'A collection of Metal tunes.', '2020-09-02', 'https://picsum.photos/id/325/180/180');
INSERT INTO PLAYLISTS (playlist_id, user_id, title, description, date_created, image) VALUES (62, 6, 'My Blues Playlist 99', 'A collection of Blues tunes.', '2021-10-08', 'https://picsum.photos/id/377/180/180');
INSERT INTO PLAYLISTS (playlist_id, user_id, title, description, date_created, image) VALUES (63, 76, 'My Blues Playlist 67', 'A collection of Indie tunes.', '2023-09-04', 'https://picsum.photos/id/398/180/180');
INSERT INTO PLAYLISTS (playlist_id, user_id, title, description, date_created, image) VALUES (64, 41, 'My Alternative Playlist 82', 'A collection of Blues tunes.', '2020-05-11', 'https://picsum.photos/id/308/180/180');
INSERT INTO PLAYLISTS (playlist_id, user_id, title, description, date_created, image) VALUES (65, 1, 'My Alternative Playlist 28', 'A collection of Pop tunes.', '2021-09-26', 'https://picsum.photos/id/378/180/180');
INSERT INTO PLAYLISTS (playlist_id, user_id, title, description, date_created, image) VALUES (66, 3, 'My Country Playlist 35', 'A collection of Dance tunes.', '2022-07-17', 'https://picsum.photos/id/307/180/180');
INSERT INTO PLAYLISTS (playlist_id, user_id, title, description, date_created, image) VALUES (67, 28, 'My Hip Hop Playlist 21', 'A collection of Folk tunes.', '2022-07-21', 'https://picsum.photos/id/376/180/180');
INSERT INTO PLAYLISTS (playlist_id, user_id, title, description, date_created, image) VALUES (68, 44, 'My R&B Playlist 5', 'A collection of Hip Hop tunes.', '2020-07-09', 'https://picsum.photos/id/376/180/180');
INSERT INTO PLAYLISTS (playlist_id, user_id, title, description, date_created, image) VALUES (69, 87, 'My Dance Playlist 26', 'A collection of Alternative tunes.', '2021-06-06', 'https://picsum.photos/id/377/180/180');
INSERT INTO PLAYLISTS (playlist_id, user_id, title, description, date_created, image) VALUES (70, 60, 'My Jazz Playlist 81', 'A collection of Jazz tunes.', '2020-03-20', 'https://picsum.photos/id/397/180/180');
INSERT INTO PLAYLISTS (playlist_id, user_id, title, description, date_created, image) VALUES (71, 99, 'My Rock Playlist 80', 'A collection of Hip Hop tunes.', '2020-10-15', 'https://picsum.photos/id/365/180/180');
INSERT INTO PLAYLISTS (playlist_id, user_id, title, description, date_created, image) VALUES (72, 26, 'My Blues Playlist 55', 'A collection of Metal tunes.', '2022-11-16', 'https://picsum.photos/id/310/180/180');
INSERT INTO PLAYLISTS (playlist_id, user_id, title, description, date_created, image) VALUES (73, 89, 'My Rock Playlist 31', 'A collection of Alternative tunes.', '2020-12-15', 'https://picsum.photos/id/337/180/180');
INSERT INTO PLAYLISTS (playlist_id, user_id, title, description, date_created, image) VALUES (74, 89, 'My Country Playlist 2', 'A collection of Pop tunes.', '2023-10-12', 'https://picsum.photos/id/352/180/180');
INSERT INTO PLAYLISTS (playlist_id, user_id, title, description, date_created, image) VALUES (75, 35, 'My Metal Playlist 9', 'A collection of Reggae tunes.', '2024-03-31', 'https://picsum.photos/id/396/180/180');
INSERT INTO PLAYLISTS (playlist_id, user_id, title, description, date_created, image) VALUES (76, 61, 'My Blues Playlist 44', 'A collection of Hip Hop tunes.', '2022-04-27', 'https://picsum.photos/id/357/180/180');
INSERT INTO PLAYLISTS (playlist_id, user_id, title, description, date_created, image) VALUES (77, 37, 'My Indie Playlist 32', 'A collection of Classical tunes.', '2021-03-13', 'https://picsum.photos/id/340/180/180');
INSERT INTO PLAYLISTS (playlist_id, user_id, title, description, date_created, image) VALUES (78, 86, 'My Pop Playlist 51', 'A collection of Jazz tunes.', '2020-02-06', 'https://picsum.photos/id/312/180/180');
INSERT INTO PLAYLISTS (playlist_id, user_id, title, description, date_created, image) VALUES (79, 60, 'My Pop Playlist 77', 'A collection of Rock tunes.', '2020-12-09', 'https://picsum.photos/id/318/180/180');
INSERT INTO PLAYLISTS (playlist_id, user_id, title, description, date_created, image) VALUES (80, 23, 'My Dance Playlist 86', 'A collection of Dance tunes.', '2020-08-08', 'https://picsum.photos/id/336/180/180');
INSERT INTO PLAYLISTS (playlist_id, user_id, title, description, date_created, image) VALUES (81, 13, 'My Blues Playlist 57', 'A collection of R&B tunes.', '2024-04-17', 'https://picsum.photos/id/326/180/180');
INSERT INTO PLAYLISTS (playlist_id, user_id, title, description, date_created, image) VALUES (82, 65, 'My Jazz Playlist 21', 'A collection of Jazz tunes.', '2021-02-28', 'https://picsum.photos/id/352/180/180');
INSERT INTO PLAYLISTS (playlist_id, user_id, title, description, date_created, image) VALUES (83, 10, 'My Alternative Playlist 15', 'A collection of Metal tunes.', '2020-10-30', 'https://picsum.photos/id/344/180/180');
INSERT INTO PLAYLISTS (playlist_id, user_id, title, description, date_created, image) VALUES (84, 86, 'My Folk Playlist 38', 'A collection of Classical tunes.', '2023-11-07', 'https://picsum.photos/id/394/180/180');
INSERT INTO PLAYLISTS (playlist_id, user_id, title, description, date_created, image) VALUES (85, 93, 'My Blues Playlist 32', 'A collection of Pop tunes.', '2022-08-11', 'https://picsum.photos/id/303/180/180');
INSERT INTO PLAYLISTS (playlist_id, user_id, title, description, date_created, image) VALUES (86, 73, 'My Indie Playlist 32', 'A collection of Metal tunes.', '2021-08-15', 'https://picsum.photos/id/331/180/180');
INSERT INTO PLAYLISTS (playlist_id, user_id, title, description, date_created, image) VALUES (87, 31, 'My Jazz Playlist 25', 'A collection of Folk tunes.', '2021-09-21', 'https://picsum.photos/id/328/180/180');
INSERT INTO PLAYLISTS (playlist_id, user_id, title, description, date_created, image) VALUES (88, 17, 'My Rock Playlist 69', 'A collection of Dance tunes.', '2020-06-07', 'https://picsum.photos/id/363/180/180');
INSERT INTO PLAYLISTS (playlist_id, user_id, title, description, date_created, image) VALUES (89, 46, 'My Hip Hop Playlist 46', 'A collection of Metal tunes.', '2022-06-27', 'https://picsum.photos/id/335/180/180');
INSERT INTO PLAYLISTS (playlist_id, user_id, title, description, date_created, image) VALUES (90, 61, 'My Country Playlist 5', 'A collection of Reggae tunes.', '2022-06-15', 'https://picsum.photos/id/356/180/180');
INSERT INTO PLAYLISTS (playlist_id, user_id, title, description, date_created, image) VALUES (91, 35, 'My Jazz Playlist 83', 'A collection of Rock tunes.', '2021-09-17', 'https://picsum.photos/id/301/180/180');
INSERT INTO PLAYLISTS (playlist_id, user_id, title, description, date_created, image) VALUES (92, 58, 'My Indie Playlist 98', 'A collection of Metal tunes.', '2020-09-30', 'https://picsum.photos/id/318/180/180');
INSERT INTO PLAYLISTS (playlist_id, user_id, title, description, date_created, image) VALUES (93, 78, 'My Electronic Playlist 92', 'A collection of Reggae tunes.', '2024-03-07', 'https://picsum.photos/id/375/180/180');
INSERT INTO PLAYLISTS (playlist_id, user_id, title, description, date_created, image) VALUES (94, 30, 'My Jazz Playlist 29', 'A collection of Dance tunes.', '2023-07-22', 'https://picsum.photos/id/369/180/180');
INSERT INTO PLAYLISTS (playlist_id, user_id, title, description, date_created, image) VALUES (95, 48, 'My Alternative Playlist 27', 'A collection of Blues tunes.', '2022-06-26', 'https://picsum.photos/id/390/180/180');
INSERT INTO PLAYLISTS (playlist_id, user_id, title, description, date_created, image) VALUES (96, 70, 'My Alternative Playlist 1', 'A collection of Hip Hop tunes.', '2023-08-31', 'https://picsum.photos/id/318/180/180');
INSERT INTO PLAYLISTS (playlist_id, user_id, title, description, date_created, image) VALUES (97, 91, 'My Metal Playlist 2', 'A collection of Electronic tunes.', '2021-04-30', 'https://picsum.photos/id/366/180/180');
INSERT INTO PLAYLISTS (playlist_id, user_id, title, description, date_created, image) VALUES (98, 1, 'My Jazz Playlist 11', 'A collection of Metal tunes.', '2021-12-18', 'https://picsum.photos/id/337/180/180');
INSERT INTO PLAYLISTS (playlist_id, user_id, title, description, date_created, image) VALUES (99, 14, 'My Metal Playlist 38', 'A collection of Electronic tunes.', '2022-04-06', 'https://picsum.photos/id/307/180/180');
INSERT INTO PLAYLISTS (playlist_id, user_id, title, description, date_created, image) VALUES (100, 57, 'My Dance Playlist 14', 'A collection of Pop tunes.', '2023-08-05', 'https://picsum.photos/id/323/180/180');
INSERT INTO PLAYLISTS (playlist_id, user_id, title, description, date_created, image) VALUES (101, 53, 'My Hip Hop Playlist 6', 'A collection of Reggae tunes.', '2023-05-28', 'https://picsum.photos/id/340/180/180');
INSERT INTO PLAYLISTS (playlist_id, user_id, title, description, date_created, image) VALUES (102, 21, 'My Folk Playlist 100', 'A collection of Jazz tunes.', '2022-02-10', 'https://picsum.photos/id/308/180/180');
INSERT INTO PLAYLISTS (playlist_id, user_id, title, description, date_created, image) VALUES (103, 78, 'My Indie Playlist 31', 'A collection of R&B tunes.', '2022-08-29', 'https://picsum.photos/id/320/180/180');
INSERT INTO PLAYLISTS (playlist_id, user_id, title, description, date_created, image) VALUES (104, 94, 'My Pop Playlist 68', 'A collection of R&B tunes.', '2022-02-24', 'https://picsum.photos/id/348/180/180');
INSERT INTO PLAYLISTS (playlist_id, user_id, title, description, date_created, image) VALUES (105, 49, 'My Indie Playlist 83', 'A collection of Electronic tunes.', '2023-12-19', 'https://picsum.photos/id/309/180/180');
INSERT INTO PLAYLISTS (playlist_id, user_id, title, description, date_created, image) VALUES (106, 89, 'My Folk Playlist 74', 'A collection of Country tunes.', '2020-11-17', 'https://picsum.photos/id/368/180/180');
INSERT INTO PLAYLISTS (playlist_id, user_id, title, description, date_created, image) VALUES (107, 74, 'My Metal Playlist 34', 'A collection of Reggae tunes.', '2023-04-13', 'https://picsum.photos/id/378/180/180');
INSERT INTO PLAYLISTS (playlist_id, user_id, title, description, date_created, image) VALUES (108, 20, 'My Alternative Playlist 85', 'A collection of Reggae tunes.', '2023-10-09', 'https://picsum.photos/id/314/180/180');
INSERT INTO PLAYLISTS (playlist_id, user_id, title, description, date_created, image) VALUES (109, 69, 'My Dance Playlist 27', 'A collection of Classical tunes.', '2022-01-13', 'https://picsum.photos/id/325/180/180');
INSERT INTO PLAYLISTS (playlist_id, user_id, title, description, date_created, image) VALUES (110, 24, 'My Alternative Playlist 85', 'A collection of Metal tunes.', '2020-06-24', 'https://picsum.photos/id/389/180/180');
INSERT INTO PLAYLISTS (playlist_id, user_id, title, description, date_created, image) VALUES (111, 66, 'My Indie Playlist 51', 'A collection of Classical tunes.', '2024-03-01', 'https://picsum.photos/id/321/180/180');
INSERT INTO PLAYLISTS (playlist_id, user_id, title, description, date_created, image) VALUES (112, 11, 'My R&B Playlist 100', 'A collection of R&B tunes.', '2021-08-03', 'https://picsum.photos/id/393/180/180');
INSERT INTO PLAYLISTS (playlist_id, user_id, title, description, date_created, image) VALUES (113, 20, 'My Classical Playlist 97', 'A collection of Indie tunes.', '2022-08-24', 'https://picsum.photos/id/387/180/180');
INSERT INTO PLAYLISTS (playlist_id, user_id, title, description, date_created, image) VALUES (114, 97, 'My Jazz Playlist 79', 'A collection of Folk tunes.', '2020-07-06', 'https://picsum.photos/id/326/180/180');
INSERT INTO PLAYLISTS (playlist_id, user_id, title, description, date_created, image) VALUES (115, 12, 'My Alternative Playlist 31', 'A collection of Alternative tunes.', '2023-06-16', 'https://picsum.photos/id/361/180/180');
INSERT INTO PLAYLISTS (playlist_id, user_id, title, description, date_created, image) VALUES (116, 63, 'My Blues Playlist 84', 'A collection of Classical tunes.', '2022-03-24', 'https://picsum.photos/id/349/180/180');
INSERT INTO PLAYLISTS (playlist_id, user_id, title, description, date_created, image) VALUES (117, 58, 'My R&B Playlist 90', 'A collection of Blues tunes.', '2021-09-24', 'https://picsum.photos/id/385/180/180');
INSERT INTO PLAYLISTS (playlist_id, user_id, title, description, date_created, image) VALUES (118, 51, 'My Hip Hop Playlist 64', 'A collection of Indie tunes.', '2020-04-19', 'https://picsum.photos/id/375/180/180');
INSERT INTO PLAYLISTS (playlist_id, user_id, title, description, date_created, image) VALUES (119, 24, 'My Classical Playlist 89', 'A collection of Reggae tunes.', '2023-11-17', 'https://picsum.photos/id/400/180/180');
INSERT INTO PLAYLISTS (playlist_id, user_id, title, description, date_created, image) VALUES (120, 13, 'My Alternative Playlist 17', 'A collection of Alternative tunes.', '2020-01-28', 'https://picsum.photos/id/315/180/180');
INSERT INTO PLAYLISTS (playlist_id, user_id, title, description, date_created, image) VALUES (121, 54, 'My Indie Playlist 66', 'A collection of Blues tunes.', '2021-08-31', 'https://picsum.photos/id/340/180/180');
INSERT INTO PLAYLISTS (playlist_id, user_id, title, description, date_created, image) VALUES (122, 78, 'My Reggae Playlist 11', 'A collection of Alternative tunes.', '2021-11-18', 'https://picsum.photos/id/375/180/180');
INSERT INTO PLAYLISTS (playlist_id, user_id, title, description, date_created, image) VALUES (123, 73, 'My Metal Playlist 46', 'A collection of Classical tunes.', '2024-02-28', 'https://picsum.photos/id/337/180/180');
INSERT INTO PLAYLISTS (playlist_id, user_id, title, description, date_created, image) VALUES (124, 27, 'My Electronic Playlist 97', 'A collection of R&B tunes.', '2022-09-29', 'https://picsum.photos/id/310/180/180');
INSERT INTO PLAYLISTS (playlist_id, user_id, title, description, date_created, image) VALUES (125, 77, 'My Metal Playlist 40', 'A collection of Electronic tunes.', '2021-03-04', 'https://picsum.photos/id/395/180/180');
INSERT INTO PLAYLISTS (playlist_id, user_id, title, description, date_created, image) VALUES (126, 8, 'My Dance Playlist 84', 'A collection of Electronic tunes.', '2020-11-15', 'https://picsum.photos/id/380/180/180');
INSERT INTO PLAYLISTS (playlist_id, user_id, title, description, date_created, image) VALUES (127, 12, 'My Classical Playlist 100', 'A collection of Jazz tunes.', '2021-02-21', 'https://picsum.photos/id/332/180/180');
INSERT INTO PLAYLISTS (playlist_id, user_id, title, description, date_created, image) VALUES (128, 96, 'My R&B Playlist 65', 'A collection of Rock tunes.', '2022-04-15', 'https://picsum.photos/id/315/180/180');
INSERT INTO PLAYLISTS (playlist_id, user_id, title, description, date_created, image) VALUES (129, 92, 'My Alternative Playlist 82', 'A collection of Folk tunes.', '2022-01-01', 'https://picsum.photos/id/332/180/180');
INSERT INTO PLAYLISTS (playlist_id, user_id, title, description, date_created, image) VALUES (130, 70, 'My Alternative Playlist 82', 'A collection of Hip Hop tunes.', '2023-10-29', 'https://picsum.photos/id/329/180/180');
INSERT INTO PLAYLISTS (playlist_id, user_id, title, description, date_created, image) VALUES (131, 54, 'My R&B Playlist 6', 'A collection of Country tunes.', '2022-07-16', 'https://picsum.photos/id/396/180/180');
INSERT INTO PLAYLISTS (playlist_id, user_id, title, description, date_created, image) VALUES (132, 43, 'My Folk Playlist 48', 'A collection of Alternative tunes.', '2020-12-14', 'https://picsum.photos/id/379/180/180');
INSERT INTO PLAYLISTS (playlist_id, user_id, title, description, date_created, image) VALUES (133, 69, 'My Folk Playlist 38', 'A collection of Blues tunes.', '2020-07-30', 'https://picsum.photos/id/335/180/180');
INSERT INTO PLAYLISTS (playlist_id, user_id, title, description, date_created, image) VALUES (134, 77, 'My Alternative Playlist 46', 'A collection of Folk tunes.', '2021-02-27', 'https://picsum.photos/id/387/180/180');
INSERT INTO PLAYLISTS (playlist_id, user_id, title, description, date_created, image) VALUES (135, 6, 'My Pop Playlist 51', 'A collection of Dance tunes.', '2022-04-19', 'https://picsum.photos/id/353/180/180');
INSERT INTO PLAYLISTS (playlist_id, user_id, title, description, date_created, image) VALUES (136, 41, 'My Metal Playlist 100', 'A collection of Folk tunes.', '2023-08-30', 'https://picsum.photos/id/354/180/180');
INSERT INTO PLAYLISTS (playlist_id, user_id, title, description, date_created, image) VALUES (137, 90, 'My R&B Playlist 24', 'A collection of Classical tunes.', '2020-10-07', 'https://picsum.photos/id/312/180/180');
INSERT INTO PLAYLISTS (playlist_id, user_id, title, description, date_created, image) VALUES (138, 43, 'My Hip Hop Playlist 45', 'A collection of Country tunes.', '2021-10-25', 'https://picsum.photos/id/365/180/180');
INSERT INTO PLAYLISTS (playlist_id, user_id, title, description, date_created, image) VALUES (139, 46, 'My Reggae Playlist 34', 'A collection of Blues tunes.', '2023-07-17', 'https://picsum.photos/id/320/180/180');
INSERT INTO PLAYLISTS (playlist_id, user_id, title, description, date_created, image) VALUES (140, 64, 'My Blues Playlist 98', 'A collection of Jazz tunes.', '2022-05-27', 'https://picsum.photos/id/331/180/180');
INSERT INTO PLAYLISTS (playlist_id, user_id, title, description, date_created, image) VALUES (141, 66, 'My Classical Playlist 97', 'A collection of Hip Hop tunes.', '2021-05-20', 'https://picsum.photos/id/369/180/180');
INSERT INTO PLAYLISTS (playlist_id, user_id, title, description, date_created, image) VALUES (142, 72, 'My Dance Playlist 21', 'A collection of Reggae tunes.', '2022-06-09', 'https://picsum.photos/id/386/180/180');
INSERT INTO PLAYLISTS (playlist_id, user_id, title, description, date_created, image) VALUES (143, 82, 'My Reggae Playlist 16', 'A collection of Folk tunes.', '2021-03-04', 'https://picsum.photos/id/398/180/180');
INSERT INTO PLAYLISTS (playlist_id, user_id, title, description, date_created, image) VALUES (144, 5, 'My Folk Playlist 52', 'A collection of R&B tunes.', '2020-10-11', 'https://picsum.photos/id/346/180/180');
INSERT INTO PLAYLISTS (playlist_id, user_id, title, description, date_created, image) VALUES (145, 28, 'My Blues Playlist 29', 'A collection of Jazz tunes.', '2022-06-24', 'https://picsum.photos/id/304/180/180');
INSERT INTO PLAYLISTS (playlist_id, user_id, title, description, date_created, image) VALUES (146, 25, 'My Classical Playlist 71', 'A collection of Dance tunes.', '2021-09-12', 'https://picsum.photos/id/311/180/180');
INSERT INTO PLAYLISTS (playlist_id, user_id, title, description, date_created, image) VALUES (147, 55, 'My Rock Playlist 68', 'A collection of Reggae tunes.', '2022-09-21', 'https://picsum.photos/id/343/180/180');
INSERT INTO PLAYLISTS (playlist_id, user_id, title, description, date_created, image) VALUES (148, 43, 'My Metal Playlist 5', 'A collection of Hip Hop tunes.', '2020-03-14', 'https://picsum.photos/id/301/180/180');
INSERT INTO PLAYLISTS (playlist_id, user_id, title, description, date_created, image) VALUES (149, 13, 'My Country Playlist 58', 'A collection of R&B tunes.', '2021-01-14', 'https://picsum.photos/id/371/180/180');
INSERT INTO PLAYLISTS (playlist_id, user_id, title, description, date_created, image) VALUES (150, 53, 'My Alternative Playlist 79', 'A collection of Jazz tunes.', '2024-05-10', 'https://picsum.photos/id/375/180/180');
INSERT INTO PLAYLISTS (playlist_id, user_id, title, description, date_created, image) VALUES (151, 17, 'My Folk Playlist 50', 'A collection of Country tunes.', '2020-06-20', 'https://picsum.photos/id/328/180/180');
INSERT INTO PLAYLISTS (playlist_id, user_id, title, description, date_created, image) VALUES (152, 34, 'My Reggae Playlist 49', 'A collection of Blues tunes.', '2020-04-04', 'https://picsum.photos/id/336/180/180');
INSERT INTO PLAYLISTS (playlist_id, user_id, title, description, date_created, image) VALUES (153, 42, 'My Dance Playlist 64', 'A collection of Blues tunes.', '2021-11-05', 'https://picsum.photos/id/381/180/180');
INSERT INTO PLAYLISTS (playlist_id, user_id, title, description, date_created, image) VALUES (154, 2, 'My Reggae Playlist 89', 'A collection of Pop tunes.', '2021-07-01', 'https://picsum.photos/id/306/180/180');
INSERT INTO PLAYLISTS (playlist_id, user_id, title, description, date_created, image) VALUES (155, 7, 'My Country Playlist 93', 'A collection of Electronic tunes.', '2021-10-18', 'https://picsum.photos/id/337/180/180');
INSERT INTO PLAYLISTS (playlist_id, user_id, title, description, date_created, image) VALUES (156, 11, 'My Jazz Playlist 93', 'A collection of Classical tunes.', '2022-03-14', 'https://picsum.photos/id/353/180/180');
INSERT INTO PLAYLISTS (playlist_id, user_id, title, description, date_created, image) VALUES (157, 87, 'My Metal Playlist 36', 'A collection of Blues tunes.', '2023-04-09', 'https://picsum.photos/id/340/180/180');
INSERT INTO PLAYLISTS (playlist_id, user_id, title, description, date_created, image) VALUES (158, 12, 'My Jazz Playlist 29', 'A collection of Jazz tunes.', '2024-03-27', 'https://picsum.photos/id/341/180/180');
INSERT INTO PLAYLISTS (playlist_id, user_id, title, description, date_created, image) VALUES (159, 14, 'My Country Playlist 27', 'A collection of Metal tunes.', '2020-08-22', 'https://picsum.photos/id/369/180/180');
INSERT INTO PLAYLISTS (playlist_id, user_id, title, description, date_created, image) VALUES (160, 30, 'My Electronic Playlist 98', 'A collection of Electronic tunes.', '2022-05-08', 'https://picsum.photos/id/395/180/180');
INSERT INTO PLAYLISTS (playlist_id, user_id, title, description, date_created, image) VALUES (161, 77, 'My Reggae Playlist 69', 'A collection of Folk tunes.', '2022-05-08', 'https://picsum.photos/id/339/180/180');
INSERT INTO PLAYLISTS (playlist_id, user_id, title, description, date_created, image) VALUES (162, 53, 'My Blues Playlist 57', 'A collection of Hip Hop tunes.', '2021-12-17', 'https://picsum.photos/id/369/180/180');
INSERT INTO PLAYLISTS (playlist_id, user_id, title, description, date_created, image) VALUES (163, 20, 'My Folk Playlist 61', 'A collection of Classical tunes.', '2024-05-08', 'https://picsum.photos/id/368/180/180');
INSERT INTO PLAYLISTS (playlist_id, user_id, title, description, date_created, image) VALUES (164, 83, 'My Blues Playlist 40', 'A collection of Blues tunes.', '2022-09-17', 'https://picsum.photos/id/384/180/180');
INSERT INTO PLAYLISTS (playlist_id, user_id, title, description, date_created, image) VALUES (165, 29, 'My Pop Playlist 57', 'A collection of Indie tunes.', '2024-04-25', 'https://picsum.photos/id/301/180/180');
INSERT INTO PLAYLISTS (playlist_id, user_id, title, description, date_created, image) VALUES (166, 45, 'My Folk Playlist 39', 'A collection of Electronic tunes.', '2022-02-06', 'https://picsum.photos/id/388/180/180');
INSERT INTO PLAYLISTS (playlist_id, user_id, title, description, date_created, image) VALUES (167, 79, 'My Metal Playlist 70', 'A collection of Jazz tunes.', '2022-07-15', 'https://picsum.photos/id/331/180/180');
INSERT INTO PLAYLISTS (playlist_id, user_id, title, description, date_created, image) VALUES (168, 7, 'My Rock Playlist 50', 'A collection of Classical tunes.', '2021-03-01', 'https://picsum.photos/id/383/180/180');
INSERT INTO PLAYLISTS (playlist_id, user_id, title, description, date_created, image) VALUES (169, 83, 'My Alternative Playlist 36', 'A collection of Metal tunes.', '2024-02-26', 'https://picsum.photos/id/359/180/180');
INSERT INTO PLAYLISTS (playlist_id, user_id, title, description, date_created, image) VALUES (170, 57, 'My Hip Hop Playlist 61', 'A collection of Hip Hop tunes.', '2021-04-15', 'https://picsum.photos/id/350/180/180');
INSERT INTO PLAYLISTS (playlist_id, user_id, title, description, date_created, image) VALUES (171, 94, 'My Rock Playlist 87', 'A collection of Reggae tunes.', '2024-04-16', 'https://picsum.photos/id/393/180/180');
INSERT INTO PLAYLISTS (playlist_id, user_id, title, description, date_created, image) VALUES (172, 76, 'My Reggae Playlist 7', 'A collection of Rock tunes.', '2022-10-25', 'https://picsum.photos/id/367/180/180');
INSERT INTO PLAYLISTS (playlist_id, user_id, title, description, date_created, image) VALUES (173, 94, 'My R&B Playlist 71', 'A collection of Pop tunes.', '2023-07-16', 'https://picsum.photos/id/399/180/180');
INSERT INTO PLAYLISTS (playlist_id, user_id, title, description, date_created, image) VALUES (174, 71, 'My Alternative Playlist 96', 'A collection of Folk tunes.', '2020-10-01', 'https://picsum.photos/id/307/180/180');
INSERT INTO PLAYLISTS (playlist_id, user_id, title, description, date_created, image) VALUES (175, 3, 'My Electronic Playlist 68', 'A collection of Pop tunes.', '2024-04-23', 'https://picsum.photos/id/330/180/180');
INSERT INTO PLAYLISTS (playlist_id, user_id, title, description, date_created, image) VALUES (176, 16, 'My Jazz Playlist 68', 'A collection of Country tunes.', '2021-08-29', 'https://picsum.photos/id/390/180/180');
INSERT INTO PLAYLISTS (playlist_id, user_id, title, description, date_created, image) VALUES (177, 38, 'My Rock Playlist 77', 'A collection of Metal tunes.', '2024-02-22', 'https://picsum.photos/id/309/180/180');
INSERT INTO PLAYLISTS (playlist_id, user_id, title, description, date_created, image) VALUES (178, 23, 'My Rock Playlist 29', 'A collection of Classical tunes.', '2021-11-27', 'https://picsum.photos/id/326/180/180');
INSERT INTO PLAYLISTS (playlist_id, user_id, title, description, date_created, image) VALUES (179, 68, 'My Electronic Playlist 85', 'A collection of Alternative tunes.', '2021-08-24', 'https://picsum.photos/id/346/180/180');
INSERT INTO PLAYLISTS (playlist_id, user_id, title, description, date_created, image) VALUES (180, 65, 'My Hip Hop Playlist 82', 'A collection of Pop tunes.', '2020-09-28', 'https://picsum.photos/id/383/180/180');
INSERT INTO PLAYLISTS (playlist_id, user_id, title, description, date_created, image) VALUES (181, 23, 'My Metal Playlist 66', 'A collection of Classical tunes.', '2024-04-02', 'https://picsum.photos/id/372/180/180');
INSERT INTO PLAYLISTS (playlist_id, user_id, title, description, date_created, image) VALUES (182, 94, 'My Jazz Playlist 78', 'A collection of Country tunes.', '2024-03-26', 'https://picsum.photos/id/374/180/180');
INSERT INTO PLAYLISTS (playlist_id, user_id, title, description, date_created, image) VALUES (183, 40, 'My Country Playlist 10', 'A collection of R&B tunes.', '2021-07-25', 'https://picsum.photos/id/335/180/180');
INSERT INTO PLAYLISTS (playlist_id, user_id, title, description, date_created, image) VALUES (184, 99, 'My Alternative Playlist 10', 'A collection of Jazz tunes.', '2023-08-19', 'https://picsum.photos/id/399/180/180');
INSERT INTO PLAYLISTS (playlist_id, user_id, title, description, date_created, image) VALUES (185, 58, 'My Jazz Playlist 66', 'A collection of Hip Hop tunes.', '2021-03-12', 'https://picsum.photos/id/376/180/180');
INSERT INTO PLAYLISTS (playlist_id, user_id, title, description, date_created, image) VALUES (186, 82, 'My Hip Hop Playlist 88', 'A collection of Blues tunes.', '2020-05-31', 'https://picsum.photos/id/311/180/180');
INSERT INTO PLAYLISTS (playlist_id, user_id, title, description, date_created, image) VALUES (187, 17, 'My Jazz Playlist 56', 'A collection of Metal tunes.', '2020-04-20', 'https://picsum.photos/id/397/180/180');
INSERT INTO PLAYLISTS (playlist_id, user_id, title, description, date_created, image) VALUES (188, 15, 'My Reggae Playlist 91', 'A collection of Metal tunes.', '2024-03-27', 'https://picsum.photos/id/397/180/180');
INSERT INTO PLAYLISTS (playlist_id, user_id, title, description, date_created, image) VALUES (189, 19, 'My Blues Playlist 40', 'A collection of Hip Hop tunes.', '2024-02-18', 'https://picsum.photos/id/346/180/180');
INSERT INTO PLAYLISTS (playlist_id, user_id, title, description, date_created, image) VALUES (190, 27, 'My Indie Playlist 54', 'A collection of Metal tunes.', '2021-01-03', 'https://picsum.photos/id/364/180/180');
INSERT INTO PLAYLISTS (playlist_id, user_id, title, description, date_created, image) VALUES (191, 75, 'My Dance Playlist 89', 'A collection of Alternative tunes.', '2023-11-03', 'https://picsum.photos/id/326/180/180');
INSERT INTO PLAYLISTS (playlist_id, user_id, title, description, date_created, image) VALUES (192, 12, 'My Blues Playlist 98', 'A collection of Folk tunes.', '2022-08-10', 'https://picsum.photos/id/335/180/180');
INSERT INTO PLAYLISTS (playlist_id, user_id, title, description, date_created, image) VALUES (193, 38, 'My Country Playlist 35', 'A collection of Metal tunes.', '2022-11-19', 'https://picsum.photos/id/339/180/180');
INSERT INTO PLAYLISTS (playlist_id, user_id, title, description, date_created, image) VALUES (194, 91, 'My Dance Playlist 68', 'A collection of Metal tunes.', '2021-08-29', 'https://picsum.photos/id/348/180/180');
INSERT INTO PLAYLISTS (playlist_id, user_id, title, description, date_created, image) VALUES (195, 90, 'My Metal Playlist 77', 'A collection of Country tunes.', '2020-02-22', 'https://picsum.photos/id/353/180/180');
INSERT INTO PLAYLISTS (playlist_id, user_id, title, description, date_created, image) VALUES (196, 14, 'My Alternative Playlist 55', 'A collection of Classical tunes.', '2023-10-29', 'https://picsum.photos/id/369/180/180');
INSERT INTO PLAYLISTS (playlist_id, user_id, title, description, date_created, image) VALUES (197, 21, 'My Reggae Playlist 84', 'A collection of Reggae tunes.', '2023-08-03', 'https://picsum.photos/id/360/180/180');
INSERT INTO PLAYLISTS (playlist_id, user_id, title, description, date_created, image) VALUES (198, 37, 'My Rock Playlist 9', 'A collection of Jazz tunes.', '2023-05-15', 'https://picsum.photos/id/343/180/180');
INSERT INTO PLAYLISTS (playlist_id, user_id, title, description, date_created, image) VALUES (199, 83, 'My Blues Playlist 99', 'A collection of Indie tunes.', '2024-01-02', 'https://picsum.photos/id/330/180/180');
INSERT INTO PLAYLISTS (playlist_id, user_id, title, description, date_created, image) VALUES (200, 63, 'My Alternative Playlist 82', 'A collection of Blues tunes.', '2022-06-21', 'https://picsum.photos/id/307/180/180');
INSERT INTO PLAYLISTS (playlist_id, user_id, title, description, date_created, image) VALUES (201, 65, 'My Folk Playlist 88', 'A collection of R&B tunes.', '2022-07-02', 'https://picsum.photos/id/369/180/180');
INSERT INTO PLAYLISTS (playlist_id, user_id, title, description, date_created, image) VALUES (202, 43, 'My Alternative Playlist 66', 'A collection of Classical tunes.', '2024-02-10', 'https://picsum.photos/id/320/180/180');
INSERT INTO PLAYLISTS (playlist_id, user_id, title, description, date_created, image) VALUES (203, 5, 'My Jazz Playlist 70', 'A collection of Country tunes.', '2020-02-08', 'https://picsum.photos/id/364/180/180');
INSERT INTO PLAYLISTS (playlist_id, user_id, title, description, date_created, image) VALUES (204, 24, 'My Jazz Playlist 63', 'A collection of Indie tunes.', '2021-01-27', 'https://picsum.photos/id/353/180/180');
INSERT INTO PLAYLISTS (playlist_id, user_id, title, description, date_created, image) VALUES (205, 55, 'My Jazz Playlist 7', 'A collection of Classical tunes.', '2020-12-20', 'https://picsum.photos/id/365/180/180');
INSERT INTO PLAYLISTS (playlist_id, user_id, title, description, date_created, image) VALUES (206, 96, 'My Rock Playlist 97', 'A collection of Dance tunes.', '2022-06-25', 'https://picsum.photos/id/346/180/180');
INSERT INTO PLAYLISTS (playlist_id, user_id, title, description, date_created, image) VALUES (207, 62, 'My Classical Playlist 52', 'A collection of Classical tunes.', '2021-06-14', 'https://picsum.photos/id/382/180/180');
INSERT INTO PLAYLISTS (playlist_id, user_id, title, description, date_created, image) VALUES (208, 97, 'My Country Playlist 70', 'A collection of Classical tunes.', '2020-09-22', 'https://picsum.photos/id/342/180/180');
INSERT INTO PLAYLISTS (playlist_id, user_id, title, description, date_created, image) VALUES (209, 8, 'My Country Playlist 27', 'A collection of Hip Hop tunes.', '2023-09-25', 'https://picsum.photos/id/400/180/180');
INSERT INTO PLAYLISTS (playlist_id, user_id, title, description, date_created, image) VALUES (210, 37, 'My Indie Playlist 27', 'A collection of Metal tunes.', '2023-02-22', 'https://picsum.photos/id/355/180/180');
INSERT INTO PLAYLISTS (playlist_id, user_id, title, description, date_created, image) VALUES (211, 7, 'My Pop Playlist 16', 'A collection of Indie tunes.', '2022-09-15', 'https://picsum.photos/id/322/180/180');
INSERT INTO PLAYLISTS (playlist_id, user_id, title, description, date_created, image) VALUES (212, 100, 'My Rock Playlist 22', 'A collection of Alternative tunes.', '2021-04-28', 'https://picsum.photos/id/381/180/180');
INSERT INTO PLAYLISTS (playlist_id, user_id, title, description, date_created, image) VALUES (213, 64, 'My Folk Playlist 98', 'A collection of Electronic tunes.', '2021-08-25', 'https://picsum.photos/id/359/180/180');
INSERT INTO PLAYLISTS (playlist_id, user_id, title, description, date_created, image) VALUES (214, 88, 'My Hip Hop Playlist 75', 'A collection of Country tunes.', '2023-11-21', 'https://picsum.photos/id/330/180/180');
INSERT INTO PLAYLISTS (playlist_id, user_id, title, description, date_created, image) VALUES (215, 77, 'My Electronic Playlist 21', 'A collection of Country tunes.', '2020-07-21', 'https://picsum.photos/id/360/180/180');
INSERT INTO PLAYLISTS (playlist_id, user_id, title, description, date_created, image) VALUES (216, 17, 'My Metal Playlist 99', 'A collection of Classical tunes.', '2021-03-07', 'https://picsum.photos/id/355/180/180');
INSERT INTO PLAYLISTS (playlist_id, user_id, title, description, date_created, image) VALUES (217, 38, 'My Folk Playlist 34', 'A collection of Pop tunes.', '2024-02-09', 'https://picsum.photos/id/337/180/180');
INSERT INTO PLAYLISTS (playlist_id, user_id, title, description, date_created, image) VALUES (218, 60, 'My Alternative Playlist 68', 'A collection of Rock tunes.', '2023-05-10', 'https://picsum.photos/id/359/180/180');
INSERT INTO PLAYLISTS (playlist_id, user_id, title, description, date_created, image) VALUES (219, 10, 'My Reggae Playlist 66', 'A collection of Alternative tunes.', '2024-03-13', 'https://picsum.photos/id/346/180/180');
INSERT INTO PLAYLISTS (playlist_id, user_id, title, description, date_created, image) VALUES (220, 94, 'My Alternative Playlist 25', 'A collection of Dance tunes.', '2022-01-23', 'https://picsum.photos/id/338/180/180');
INSERT INTO PLAYLISTS (playlist_id, user_id, title, description, date_created, image) VALUES (221, 74, 'My Classical Playlist 92', 'A collection of Hip Hop tunes.', '2021-03-11', 'https://picsum.photos/id/395/180/180');
INSERT INTO PLAYLISTS (playlist_id, user_id, title, description, date_created, image) VALUES (222, 82, 'My Pop Playlist 91', 'A collection of Reggae tunes.', '2021-01-06', 'https://picsum.photos/id/399/180/180');
INSERT INTO PLAYLISTS (playlist_id, user_id, title, description, date_created, image) VALUES (223, 59, 'My R&B Playlist 8', 'A collection of Rock tunes.', '2023-08-09', 'https://picsum.photos/id/339/180/180');
INSERT INTO PLAYLISTS (playlist_id, user_id, title, description, date_created, image) VALUES (224, 59, 'My Jazz Playlist 100', 'A collection of Metal tunes.', '2021-09-10', 'https://picsum.photos/id/302/180/180');
INSERT INTO PLAYLISTS (playlist_id, user_id, title, description, date_created, image) VALUES (225, 13, 'My Country Playlist 27', 'A collection of Alternative tunes.', '2023-07-05', 'https://picsum.photos/id/319/180/180');
INSERT INTO PLAYLISTS (playlist_id, user_id, title, description, date_created, image) VALUES (226, 72, 'My Pop Playlist 4', 'A collection of Jazz tunes.', '2020-03-23', 'https://picsum.photos/id/363/180/180');
INSERT INTO PLAYLISTS (playlist_id, user_id, title, description, date_created, image) VALUES (227, 62, 'My Classical Playlist 59', 'A collection of Electronic tunes.', '2021-04-03', 'https://picsum.photos/id/375/180/180');
INSERT INTO PLAYLISTS (playlist_id, user_id, title, description, date_created, image) VALUES (228, 53, 'My Pop Playlist 42', 'A collection of Dance tunes.', '2021-06-17', 'https://picsum.photos/id/347/180/180');
INSERT INTO PLAYLISTS (playlist_id, user_id, title, description, date_created, image) VALUES (229, 31, 'My Country Playlist 28', 'A collection of Dance tunes.', '2020-04-23', 'https://picsum.photos/id/303/180/180');
INSERT INTO PLAYLISTS (playlist_id, user_id, title, description, date_created, image) VALUES (230, 64, 'My Hip Hop Playlist 62', 'A collection of Indie tunes.', '2020-02-26', 'https://picsum.photos/id/325/180/180');
INSERT INTO PLAYLISTS (playlist_id, user_id, title, description, date_created, image) VALUES (231, 74, 'My Metal Playlist 26', 'A collection of Reggae tunes.', '2022-12-11', 'https://picsum.photos/id/358/180/180');
INSERT INTO PLAYLISTS (playlist_id, user_id, title, description, date_created, image) VALUES (232, 46, 'My Indie Playlist 99', 'A collection of Reggae tunes.', '2023-12-11', 'https://picsum.photos/id/386/180/180');
INSERT INTO PLAYLISTS (playlist_id, user_id, title, description, date_created, image) VALUES (233, 36, 'My Alternative Playlist 92', 'A collection of Classical tunes.', '2021-02-20', 'https://picsum.photos/id/343/180/180');
INSERT INTO PLAYLISTS (playlist_id, user_id, title, description, date_created, image) VALUES (234, 39, 'My R&B Playlist 91', 'A collection of Alternative tunes.', '2023-04-09', 'https://picsum.photos/id/365/180/180');
INSERT INTO PLAYLISTS (playlist_id, user_id, title, description, date_created, image) VALUES (235, 66, 'My Dance Playlist 92', 'A collection of Jazz tunes.', '2021-10-23', 'https://picsum.photos/id/370/180/180');
INSERT INTO PLAYLISTS (playlist_id, user_id, title, description, date_created, image) VALUES (236, 34, 'My R&B Playlist 60', 'A collection of Alternative tunes.', '2022-02-18', 'https://picsum.photos/id/304/180/180');
INSERT INTO PLAYLISTS (playlist_id, user_id, title, description, date_created, image) VALUES (237, 9, 'My Classical Playlist 96', 'A collection of Hip Hop tunes.', '2023-08-11', 'https://picsum.photos/id/341/180/180');
INSERT INTO PLAYLISTS (playlist_id, user_id, title, description, date_created, image) VALUES (238, 55, 'My Metal Playlist 81', 'A collection of Classical tunes.', '2021-02-08', 'https://picsum.photos/id/377/180/180');
INSERT INTO PLAYLISTS (playlist_id, user_id, title, description, date_created, image) VALUES (239, 23, 'My Folk Playlist 39', 'A collection of Electronic tunes.', '2023-03-24', 'https://picsum.photos/id/362/180/180');
INSERT INTO PLAYLISTS (playlist_id, user_id, title, description, date_created, image) VALUES (240, 34, 'My Jazz Playlist 84', 'A collection of Electronic tunes.', '2020-02-25', 'https://picsum.photos/id/358/180/180');
INSERT INTO PLAYLISTS (playlist_id, user_id, title, description, date_created, image) VALUES (241, 89, 'My Indie Playlist 46', 'A collection of Hip Hop tunes.', '2021-05-02', 'https://picsum.photos/id/391/180/180');
INSERT INTO PLAYLISTS (playlist_id, user_id, title, description, date_created, image) VALUES (242, 15, 'My Folk Playlist 29', 'A collection of Electronic tunes.', '2023-10-09', 'https://picsum.photos/id/320/180/180');
INSERT INTO PLAYLISTS (playlist_id, user_id, title, description, date_created, image) VALUES (243, 51, 'My Country Playlist 14', 'A collection of Hip Hop tunes.', '2022-05-22', 'https://picsum.photos/id/358/180/180');
INSERT INTO PLAYLISTS (playlist_id, user_id, title, description, date_created, image) VALUES (244, 51, 'My Jazz Playlist 14', 'A collection of R&B tunes.', '2023-01-04', 'https://picsum.photos/id/320/180/180');
INSERT INTO PLAYLISTS (playlist_id, user_id, title, description, date_created, image) VALUES (245, 53, 'My Rock Playlist 68', 'A collection of Folk tunes.', '2020-08-23', 'https://picsum.photos/id/397/180/180');
INSERT INTO PLAYLISTS (playlist_id, user_id, title, description, date_created, image) VALUES (246, 21, 'My Electronic Playlist 51', 'A collection of Country tunes.', '2024-01-01', 'https://picsum.photos/id/303/180/180');
INSERT INTO PLAYLISTS (playlist_id, user_id, title, description, date_created, image) VALUES (247, 6, 'My Reggae Playlist 30', 'A collection of Country tunes.', '2024-01-27', 'https://picsum.photos/id/354/180/180');
INSERT INTO PLAYLISTS (playlist_id, user_id, title, description, date_created, image) VALUES (248, 39, 'My Country Playlist 75', 'A collection of Indie tunes.', '2020-06-19', 'https://picsum.photos/id/397/180/180');
INSERT INTO PLAYLISTS (playlist_id, user_id, title, description, date_created, image) VALUES (249, 67, 'My Folk Playlist 23', 'A collection of Blues tunes.', '2022-09-16', 'https://picsum.photos/id/357/180/180');
INSERT INTO PLAYLISTS (playlist_id, user_id, title, description, date_created, image) VALUES (250, 38, 'My R&B Playlist 62', 'A collection of Folk tunes.', '2020-04-03', 'https://picsum.photos/id/392/180/180');
INSERT INTO PLAYLISTS (playlist_id, user_id, title, description, date_created, image) VALUES (251, 50, 'My Pop Playlist 57', 'A collection of Hip Hop tunes.', '2024-04-23', 'https://picsum.photos/id/337/180/180');
INSERT INTO PLAYLISTS (playlist_id, user_id, title, description, date_created, image) VALUES (252, 36, 'My Reggae Playlist 3', 'A collection of Hip Hop tunes.', '2023-10-23', 'https://picsum.photos/id/372/180/180');
INSERT INTO PLAYLISTS (playlist_id, user_id, title, description, date_created, image) VALUES (253, 65, 'My Rock Playlist 81', 'A collection of Country tunes.', '2021-06-15', 'https://picsum.photos/id/362/180/180');
INSERT INTO PLAYLISTS (playlist_id, user_id, title, description, date_created, image) VALUES (254, 54, 'My Reggae Playlist 40', 'A collection of Blues tunes.', '2023-10-18', 'https://picsum.photos/id/305/180/180');
INSERT INTO PLAYLISTS (playlist_id, user_id, title, description, date_created, image) VALUES (255, 60, 'My Folk Playlist 1', 'A collection of R&B tunes.', '2023-07-18', 'https://picsum.photos/id/332/180/180');
INSERT INTO PLAYLISTS (playlist_id, user_id, title, description, date_created, image) VALUES (256, 32, 'My Dance Playlist 23', 'A collection of Electronic tunes.', '2020-03-17', 'https://picsum.photos/id/305/180/180');
INSERT INTO PLAYLISTS (playlist_id, user_id, title, description, date_created, image) VALUES (257, 40, 'My Jazz Playlist 69', 'A collection of Reggae tunes.', '2023-10-25', 'https://picsum.photos/id/338/180/180');
INSERT INTO PLAYLISTS (playlist_id, user_id, title, description, date_created, image) VALUES (258, 66, 'My Electronic Playlist 31', 'A collection of Folk tunes.', '2020-10-06', 'https://picsum.photos/id/327/180/180');
INSERT INTO PLAYLISTS (playlist_id, user_id, title, description, date_created, image) VALUES (259, 11, 'My Alternative Playlist 40', 'A collection of Pop tunes.', '2021-09-09', 'https://picsum.photos/id/340/180/180');
INSERT INTO PLAYLISTS (playlist_id, user_id, title, description, date_created, image) VALUES (260, 85, 'My Pop Playlist 5', 'A collection of Metal tunes.', '2020-02-18', 'https://picsum.photos/id/308/180/180');
INSERT INTO PLAYLISTS (playlist_id, user_id, title, description, date_created, image) VALUES (261, 88, 'My Electronic Playlist 93', 'A collection of Dance tunes.', '2024-04-17', 'https://picsum.photos/id/399/180/180');
INSERT INTO PLAYLISTS (playlist_id, user_id, title, description, date_created, image) VALUES (262, 49, 'My Dance Playlist 69', 'A collection of Classical tunes.', '2023-09-24', 'https://picsum.photos/id/354/180/180');
INSERT INTO PLAYLISTS (playlist_id, user_id, title, description, date_created, image) VALUES (263, 50, 'My R&B Playlist 10', 'A collection of Dance tunes.', '2024-02-11', 'https://picsum.photos/id/378/180/180');
INSERT INTO PLAYLISTS (playlist_id, user_id, title, description, date_created, image) VALUES (264, 8, 'My Blues Playlist 63', 'A collection of Metal tunes.', '2020-09-04', 'https://picsum.photos/id/384/180/180');
INSERT INTO PLAYLISTS (playlist_id, user_id, title, description, date_created, image) VALUES (265, 66, 'My Indie Playlist 42', 'A collection of R&B tunes.', '2021-03-03', 'https://picsum.photos/id/337/180/180');
INSERT INTO PLAYLISTS (playlist_id, user_id, title, description, date_created, image) VALUES (266, 99, 'My Folk Playlist 61', 'A collection of Folk tunes.', '2020-07-25', 'https://picsum.photos/id/380/180/180');
INSERT INTO PLAYLISTS (playlist_id, user_id, title, description, date_created, image) VALUES (267, 38, 'My Classical Playlist 81', 'A collection of Jazz tunes.', '2020-04-23', 'https://picsum.photos/id/336/180/180');
INSERT INTO PLAYLISTS (playlist_id, user_id, title, description, date_created, image) VALUES (268, 77, 'My Hip Hop Playlist 12', 'A collection of Metal tunes.', '2023-08-04', 'https://picsum.photos/id/317/180/180');
INSERT INTO PLAYLISTS (playlist_id, user_id, title, description, date_created, image) VALUES (269, 17, 'My Jazz Playlist 59', 'A collection of Hip Hop tunes.', '2020-07-21', 'https://picsum.photos/id/348/180/180');
INSERT INTO PLAYLISTS (playlist_id, user_id, title, description, date_created, image) VALUES (270, 76, 'My Jazz Playlist 91', 'A collection of R&B tunes.', '2020-09-22', 'https://picsum.photos/id/391/180/180');
INSERT INTO PLAYLISTS (playlist_id, user_id, title, description, date_created, image) VALUES (271, 30, 'My Classical Playlist 54', 'A collection of Alternative tunes.', '2020-09-21', 'https://picsum.photos/id/356/180/180');
INSERT INTO PLAYLISTS (playlist_id, user_id, title, description, date_created, image) VALUES (272, 63, 'My Indie Playlist 22', 'A collection of Jazz tunes.', '2020-06-24', 'https://picsum.photos/id/360/180/180');
INSERT INTO PLAYLISTS (playlist_id, user_id, title, description, date_created, image) VALUES (273, 75, 'My Classical Playlist 93', 'A collection of Electronic tunes.', '2022-08-13', 'https://picsum.photos/id/303/180/180');
INSERT INTO PLAYLISTS (playlist_id, user_id, title, description, date_created, image) VALUES (274, 70, 'My Reggae Playlist 34', 'A collection of Indie tunes.', '2021-11-01', 'https://picsum.photos/id/365/180/180');
INSERT INTO PLAYLISTS (playlist_id, user_id, title, description, date_created, image) VALUES (275, 91, 'My Reggae Playlist 20', 'A collection of Metal tunes.', '2021-08-15', 'https://picsum.photos/id/375/180/180');
INSERT INTO PLAYLISTS (playlist_id, user_id, title, description, date_created, image) VALUES (276, 72, 'My Blues Playlist 15', 'A collection of Hip Hop tunes.', '2021-10-11', 'https://picsum.photos/id/311/180/180');
INSERT INTO PLAYLISTS (playlist_id, user_id, title, description, date_created, image) VALUES (277, 60, 'My Classical Playlist 91', 'A collection of Dance tunes.', '2023-03-29', 'https://picsum.photos/id/372/180/180');
INSERT INTO PLAYLISTS (playlist_id, user_id, title, description, date_created, image) VALUES (278, 25, 'My Pop Playlist 66', 'A collection of Alternative tunes.', '2023-01-03', 'https://picsum.photos/id/387/180/180');
INSERT INTO PLAYLISTS (playlist_id, user_id, title, description, date_created, image) VALUES (279, 65, 'My Electronic Playlist 9', 'A collection of Hip Hop tunes.', '2021-09-10', 'https://picsum.photos/id/372/180/180');
INSERT INTO PLAYLISTS (playlist_id, user_id, title, description, date_created, image) VALUES (280, 9, 'My Folk Playlist 80', 'A collection of Country tunes.', '2020-10-10', 'https://picsum.photos/id/384/180/180');
INSERT INTO PLAYLISTS (playlist_id, user_id, title, description, date_created, image) VALUES (281, 43, 'My Metal Playlist 99', 'A collection of Rock tunes.', '2020-11-05', 'https://picsum.photos/id/394/180/180');
INSERT INTO PLAYLISTS (playlist_id, user_id, title, description, date_created, image) VALUES (282, 48, 'My Metal Playlist 92', 'A collection of Metal tunes.', '2022-01-17', 'https://picsum.photos/id/399/180/180');
INSERT INTO PLAYLISTS (playlist_id, user_id, title, description, date_created, image) VALUES (283, 86, 'My Metal Playlist 30', 'A collection of Hip Hop tunes.', '2023-03-26', 'https://picsum.photos/id/314/180/180');
INSERT INTO PLAYLISTS (playlist_id, user_id, title, description, date_created, image) VALUES (284, 52, 'My Electronic Playlist 86', 'A collection of Metal tunes.', '2021-01-06', 'https://picsum.photos/id/368/180/180');
INSERT INTO PLAYLISTS (playlist_id, user_id, title, description, date_created, image) VALUES (285, 52, 'My Jazz Playlist 95', 'A collection of Dance tunes.', '2022-06-01', 'https://picsum.photos/id/369/180/180');
INSERT INTO PLAYLISTS (playlist_id, user_id, title, description, date_created, image) VALUES (286, 40, 'My Alternative Playlist 71', 'A collection of Alternative tunes.', '2020-05-06', 'https://picsum.photos/id/334/180/180');
INSERT INTO PLAYLISTS (playlist_id, user_id, title, description, date_created, image) VALUES (287, 39, 'My Blues Playlist 37', 'A collection of Jazz tunes.', '2020-02-22', 'https://picsum.photos/id/312/180/180');
INSERT INTO PLAYLISTS (playlist_id, user_id, title, description, date_created, image) VALUES (288, 78, 'My Metal Playlist 93', 'A collection of Alternative tunes.', '2022-03-03', 'https://picsum.photos/id/377/180/180');
INSERT INTO PLAYLISTS (playlist_id, user_id, title, description, date_created, image) VALUES (289, 71, 'My Electronic Playlist 41', 'A collection of Indie tunes.', '2021-03-14', 'https://picsum.photos/id/384/180/180');
INSERT INTO PLAYLISTS (playlist_id, user_id, title, description, date_created, image) VALUES (290, 70, 'My Blues Playlist 42', 'A collection of Hip Hop tunes.', '2022-02-14', 'https://picsum.photos/id/306/180/180');
INSERT INTO PLAYLISTS (playlist_id, user_id, title, description, date_created, image) VALUES (291, 19, 'My Electronic Playlist 69', 'A collection of Electronic tunes.', '2020-08-06', 'https://picsum.photos/id/340/180/180');
INSERT INTO PLAYLISTS (playlist_id, user_id, title, description, date_created, image) VALUES (292, 32, 'My Blues Playlist 73', 'A collection of Metal tunes.', '2023-12-20', 'https://picsum.photos/id/395/180/180');
INSERT INTO PLAYLISTS (playlist_id, user_id, title, description, date_created, image) VALUES (293, 64, 'My Country Playlist 65', 'A collection of Folk tunes.', '2024-05-09', 'https://picsum.photos/id/309/180/180');
INSERT INTO PLAYLISTS (playlist_id, user_id, title, description, date_created, image) VALUES (294, 92, 'My Indie Playlist 67', 'A collection of Alternative tunes.', '2021-04-16', 'https://picsum.photos/id/386/180/180');
INSERT INTO PLAYLISTS (playlist_id, user_id, title, description, date_created, image) VALUES (295, 58, 'My Pop Playlist 46', 'A collection of Hip Hop tunes.', '2024-01-14', 'https://picsum.photos/id/360/180/180');
INSERT INTO PLAYLISTS (playlist_id, user_id, title, description, date_created, image) VALUES (296, 66, 'My Blues Playlist 15', 'A collection of Reggae tunes.', '2022-06-03', 'https://picsum.photos/id/338/180/180');
INSERT INTO PLAYLISTS (playlist_id, user_id, title, description, date_created, image) VALUES (297, 46, 'My Indie Playlist 31', 'A collection of Electronic tunes.', '2023-12-24', 'https://picsum.photos/id/349/180/180');
INSERT INTO PLAYLISTS (playlist_id, user_id, title, description, date_created, image) VALUES (298, 81, 'My Jazz Playlist 16', 'A collection of Pop tunes.', '2023-12-16', 'https://picsum.photos/id/362/180/180');
INSERT INTO PLAYLISTS (playlist_id, user_id, title, description, date_created, image) VALUES (299, 54, 'My R&B Playlist 51', 'A collection of Folk tunes.', '2020-01-12', 'https://picsum.photos/id/319/180/180');
INSERT INTO PLAYLISTS (playlist_id, user_id, title, description, date_created, image) VALUES (300, 51, 'My Blues Playlist 67', 'A collection of Classical tunes.', '2022-05-06', 'https://picsum.photos/id/361/180/180');
INSERT INTO PLAYLISTS (playlist_id, user_id, title, description, date_created, image) VALUES (301, 43, 'My Country Playlist 65', 'A collection of Country tunes.', '2021-04-28', 'https://picsum.photos/id/351/180/180');
INSERT INTO PLAYLISTS (playlist_id, user_id, title, description, date_created, image) VALUES (302, 35, 'My Rock Playlist 8', 'A collection of Reggae tunes.', '2020-08-15', 'https://picsum.photos/id/348/180/180');
INSERT INTO PLAYLISTS (playlist_id, user_id, title, description, date_created, image) VALUES (303, 61, 'My Blues Playlist 6', 'A collection of Classical tunes.', '2023-08-24', 'https://picsum.photos/id/319/180/180');
INSERT INTO PLAYLISTS (playlist_id, user_id, title, description, date_created, image) VALUES (304, 8, 'My Dance Playlist 75', 'A collection of Electronic tunes.', '2022-12-16', 'https://picsum.photos/id/310/180/180');
INSERT INTO PLAYLISTS (playlist_id, user_id, title, description, date_created, image) VALUES (305, 81, 'My Hip Hop Playlist 98', 'A collection of Classical tunes.', '2022-04-09', 'https://picsum.photos/id/322/180/180');
INSERT INTO PLAYLISTS (playlist_id, user_id, title, description, date_created, image) VALUES (306, 53, 'My Reggae Playlist 53', 'A collection of Country tunes.', '2020-02-03', 'https://picsum.photos/id/316/180/180');
INSERT INTO PLAYLISTS (playlist_id, user_id, title, description, date_created, image) VALUES (307, 70, 'My Country Playlist 46', 'A collection of Blues tunes.', '2020-09-05', 'https://picsum.photos/id/352/180/180');
INSERT INTO PLAYLISTS (playlist_id, user_id, title, description, date_created, image) VALUES (308, 77, 'My Rock Playlist 65', 'A collection of Rock tunes.', '2020-11-08', 'https://picsum.photos/id/308/180/180');
INSERT INTO PLAYLISTS (playlist_id, user_id, title, description, date_created, image) VALUES (309, 46, 'My Hip Hop Playlist 48', 'A collection of Electronic tunes.', '2023-07-05', 'https://picsum.photos/id/366/180/180');
INSERT INTO PLAYLISTS (playlist_id, user_id, title, description, date_created, image) VALUES (310, 78, 'My Dance Playlist 100', 'A collection of Blues tunes.', '2022-04-26', 'https://picsum.photos/id/374/180/180');
INSERT INTO PLAYLISTS (playlist_id, user_id, title, description, date_created, image) VALUES (311, 27, 'My Alternative Playlist 20', 'A collection of R&B tunes.', '2020-05-21', 'https://picsum.photos/id/337/180/180');
INSERT INTO PLAYLISTS (playlist_id, user_id, title, description, date_created, image) VALUES (312, 13, 'My Classical Playlist 43', 'A collection of Jazz tunes.', '2022-05-19', 'https://picsum.photos/id/326/180/180');
INSERT INTO PLAYLISTS (playlist_id, user_id, title, description, date_created, image) VALUES (313, 13, 'My Classical Playlist 76', 'A collection of Hip Hop tunes.', '2020-01-23', 'https://picsum.photos/id/364/180/180');
INSERT INTO PLAYLISTS (playlist_id, user_id, title, description, date_created, image) VALUES (314, 25, 'My Alternative Playlist 35', 'A collection of Classical tunes.', '2024-02-01', 'https://picsum.photos/id/385/180/180');
INSERT INTO PLAYLISTS (playlist_id, user_id, title, description, date_created, image) VALUES (315, 76, 'My Dance Playlist 4', 'A collection of Pop tunes.', '2021-01-21', 'https://picsum.photos/id/391/180/180');
INSERT INTO PLAYLISTS (playlist_id, user_id, title, description, date_created, image) VALUES (316, 31, 'My Indie Playlist 23', 'A collection of R&B tunes.', '2023-09-04', 'https://picsum.photos/id/323/180/180');
INSERT INTO PLAYLISTS (playlist_id, user_id, title, description, date_created, image) VALUES (317, 4, 'My Folk Playlist 70', 'A collection of Pop tunes.', '2020-09-05', 'https://picsum.photos/id/305/180/180');
INSERT INTO PLAYLISTS (playlist_id, user_id, title, description, date_created, image) VALUES (318, 11, 'My Country Playlist 44', 'A collection of Reggae tunes.', '2022-12-06', 'https://picsum.photos/id/314/180/180');
INSERT INTO PLAYLISTS (playlist_id, user_id, title, description, date_created, image) VALUES (319, 85, 'My Classical Playlist 2', 'A collection of Reggae tunes.', '2020-08-13', 'https://picsum.photos/id/301/180/180');
INSERT INTO PLAYLISTS (playlist_id, user_id, title, description, date_created, image) VALUES (320, 17, 'My Pop Playlist 6', 'A collection of Alternative tunes.', '2020-02-12', 'https://picsum.photos/id/329/180/180');
INSERT INTO PLAYLISTS (playlist_id, user_id, title, description, date_created, image) VALUES (321, 37, 'My R&B Playlist 60', 'A collection of Blues tunes.', '2023-11-26', 'https://picsum.photos/id/331/180/180');
INSERT INTO PLAYLISTS (playlist_id, user_id, title, description, date_created, image) VALUES (322, 88, 'My Alternative Playlist 10', 'A collection of Indie tunes.', '2023-10-03', 'https://picsum.photos/id/328/180/180');
INSERT INTO PLAYLISTS (playlist_id, user_id, title, description, date_created, image) VALUES (323, 76, 'My Hip Hop Playlist 17', 'A collection of Alternative tunes.', '2023-12-05', 'https://picsum.photos/id/322/180/180');
INSERT INTO PLAYLISTS (playlist_id, user_id, title, description, date_created, image) VALUES (324, 53, 'My Rock Playlist 49', 'A collection of Pop tunes.', '2021-08-02', 'https://picsum.photos/id/385/180/180');
INSERT INTO PLAYLISTS (playlist_id, user_id, title, description, date_created, image) VALUES (325, 14, 'My R&B Playlist 34', 'A collection of Pop tunes.', '2020-06-07', 'https://picsum.photos/id/394/180/180');
INSERT INTO PLAYLISTS (playlist_id, user_id, title, description, date_created, image) VALUES (326, 74, 'My Jazz Playlist 12', 'A collection of R&B tunes.', '2022-11-11', 'https://picsum.photos/id/358/180/180');
INSERT INTO PLAYLISTS (playlist_id, user_id, title, description, date_created, image) VALUES (327, 7, 'My Classical Playlist 7', 'A collection of Indie tunes.', '2021-12-28', 'https://picsum.photos/id/306/180/180');
INSERT INTO PLAYLISTS (playlist_id, user_id, title, description, date_created, image) VALUES (328, 16, 'My Country Playlist 40', 'A collection of Classical tunes.', '2021-07-04', 'https://picsum.photos/id/367/180/180');
INSERT INTO PLAYLISTS (playlist_id, user_id, title, description, date_created, image) VALUES (329, 60, 'My Pop Playlist 13', 'A collection of Hip Hop tunes.', '2023-05-14', 'https://picsum.photos/id/313/180/180');
INSERT INTO PLAYLISTS (playlist_id, user_id, title, description, date_created, image) VALUES (330, 70, 'My Classical Playlist 38', 'A collection of Electronic tunes.', '2021-02-07', 'https://picsum.photos/id/358/180/180');
INSERT INTO PLAYLISTS (playlist_id, user_id, title, description, date_created, image) VALUES (331, 25, 'My Hip Hop Playlist 47', 'A collection of R&B tunes.', '2024-01-04', 'https://picsum.photos/id/341/180/180');
INSERT INTO PLAYLISTS (playlist_id, user_id, title, description, date_created, image) VALUES (332, 36, 'My Alternative Playlist 27', 'A collection of Classical tunes.', '2022-02-21', 'https://picsum.photos/id/374/180/180');
INSERT INTO PLAYLISTS (playlist_id, user_id, title, description, date_created, image) VALUES (333, 99, 'My Classical Playlist 95', 'A collection of Country tunes.', '2020-05-29', 'https://picsum.photos/id/303/180/180');
INSERT INTO PLAYLISTS (playlist_id, user_id, title, description, date_created, image) VALUES (334, 11, 'My Classical Playlist 22', 'A collection of Folk tunes.', '2020-09-24', 'https://picsum.photos/id/342/180/180');
INSERT INTO PLAYLISTS (playlist_id, user_id, title, description, date_created, image) VALUES (335, 8, 'My R&B Playlist 33', 'A collection of Country tunes.', '2020-04-14', 'https://picsum.photos/id/327/180/180');
INSERT INTO PLAYLISTS (playlist_id, user_id, title, description, date_created, image) VALUES (336, 86, 'My Country Playlist 38', 'A collection of Blues tunes.', '2022-05-13', 'https://picsum.photos/id/382/180/180');
INSERT INTO PLAYLISTS (playlist_id, user_id, title, description, date_created, image) VALUES (337, 34, 'My Blues Playlist 91', 'A collection of Blues tunes.', '2020-10-13', 'https://picsum.photos/id/324/180/180');
INSERT INTO PLAYLISTS (playlist_id, user_id, title, description, date_created, image) VALUES (338, 69, 'My Classical Playlist 22', 'A collection of Reggae tunes.', '2023-10-29', 'https://picsum.photos/id/325/180/180');
INSERT INTO PLAYLISTS (playlist_id, user_id, title, description, date_created, image) VALUES (339, 7, 'My Metal Playlist 92', 'A collection of Blues tunes.', '2022-08-26', 'https://picsum.photos/id/304/180/180');
INSERT INTO PLAYLISTS (playlist_id, user_id, title, description, date_created, image) VALUES (340, 89, 'My Electronic Playlist 23', 'A collection of Folk tunes.', '2023-09-26', 'https://picsum.photos/id/308/180/180');
INSERT INTO PLAYLISTS (playlist_id, user_id, title, description, date_created, image) VALUES (341, 58, 'My Folk Playlist 85', 'A collection of Country tunes.', '2022-07-28', 'https://picsum.photos/id/322/180/180');
INSERT INTO PLAYLISTS (playlist_id, user_id, title, description, date_created, image) VALUES (342, 25, 'My Electronic Playlist 28', 'A collection of Indie tunes.', '2022-12-02', 'https://picsum.photos/id/358/180/180');
INSERT INTO PLAYLISTS (playlist_id, user_id, title, description, date_created, image) VALUES (343, 97, 'My Electronic Playlist 83', 'A collection of Folk tunes.', '2023-08-07', 'https://picsum.photos/id/333/180/180');
INSERT INTO PLAYLISTS (playlist_id, user_id, title, description, date_created, image) VALUES (344, 42, 'My Hip Hop Playlist 63', 'A collection of R&B tunes.', '2021-01-30', 'https://picsum.photos/id/339/180/180');
INSERT INTO PLAYLISTS (playlist_id, user_id, title, description, date_created, image) VALUES (345, 29, 'My Jazz Playlist 26', 'A collection of Alternative tunes.', '2020-04-26', 'https://picsum.photos/id/338/180/180');
INSERT INTO PLAYLISTS (playlist_id, user_id, title, description, date_created, image) VALUES (346, 25, 'My Alternative Playlist 25', 'A collection of Jazz tunes.', '2022-08-06', 'https://picsum.photos/id/395/180/180');
INSERT INTO PLAYLISTS (playlist_id, user_id, title, description, date_created, image) VALUES (347, 28, 'My Alternative Playlist 27', 'A collection of Jazz tunes.', '2023-12-20', 'https://picsum.photos/id/379/180/180');
INSERT INTO PLAYLISTS (playlist_id, user_id, title, description, date_created, image) VALUES (348, 44, 'My Hip Hop Playlist 30', 'A collection of Jazz tunes.', '2020-05-16', 'https://picsum.photos/id/390/180/180');
INSERT INTO PLAYLISTS (playlist_id, user_id, title, description, date_created, image) VALUES (349, 42, 'My Hip Hop Playlist 92', 'A collection of Rock tunes.', '2023-04-13', 'https://picsum.photos/id/328/180/180');
INSERT INTO PLAYLISTS (playlist_id, user_id, title, description, date_created, image) VALUES (350, 68, 'My Jazz Playlist 59', 'A collection of Dance tunes.', '2021-07-05', 'https://picsum.photos/id/324/180/180');
INSERT INTO PLAYLISTS (playlist_id, user_id, title, description, date_created, image) VALUES (351, 44, 'My Classical Playlist 67', 'A collection of Blues tunes.', '2024-01-14', 'https://picsum.photos/id/396/180/180');
INSERT INTO PLAYLISTS (playlist_id, user_id, title, description, date_created, image) VALUES (352, 11, 'My Rock Playlist 54', 'A collection of Classical tunes.', '2022-04-16', 'https://picsum.photos/id/381/180/180');
INSERT INTO PLAYLISTS (playlist_id, user_id, title, description, date_created, image) VALUES (353, 54, 'My R&B Playlist 14', 'A collection of Pop tunes.', '2021-07-08', 'https://picsum.photos/id/341/180/180');
INSERT INTO PLAYLISTS (playlist_id, user_id, title, description, date_created, image) VALUES (354, 65, 'My Electronic Playlist 66', 'A collection of Blues tunes.', '2022-10-29', 'https://picsum.photos/id/344/180/180');
INSERT INTO PLAYLISTS (playlist_id, user_id, title, description, date_created, image) VALUES (355, 25, 'My Blues Playlist 23', 'A collection of Hip Hop tunes.', '2023-04-13', 'https://picsum.photos/id/359/180/180');
INSERT INTO PLAYLISTS (playlist_id, user_id, title, description, date_created, image) VALUES (356, 49, 'My Metal Playlist 4', 'A collection of Indie tunes.', '2024-05-09', 'https://picsum.photos/id/395/180/180');
INSERT INTO PLAYLISTS (playlist_id, user_id, title, description, date_created, image) VALUES (357, 65, 'My Hip Hop Playlist 44', 'A collection of Classical tunes.', '2022-07-30', 'https://picsum.photos/id/359/180/180');
INSERT INTO PLAYLISTS (playlist_id, user_id, title, description, date_created, image) VALUES (358, 11, 'My R&B Playlist 24', 'A collection of Jazz tunes.', '2023-02-11', 'https://picsum.photos/id/385/180/180');
INSERT INTO PLAYLISTS (playlist_id, user_id, title, description, date_created, image) VALUES (359, 50, 'My Dance Playlist 53', 'A collection of Metal tunes.', '2020-04-19', 'https://picsum.photos/id/306/180/180');
INSERT INTO PLAYLISTS (playlist_id, user_id, title, description, date_created, image) VALUES (360, 4, 'My Dance Playlist 63', 'A collection of Rock tunes.', '2024-03-17', 'https://picsum.photos/id/388/180/180');
INSERT INTO PLAYLISTS (playlist_id, user_id, title, description, date_created, image) VALUES (361, 6, 'My Hip Hop Playlist 14', 'A collection of R&B tunes.', '2020-12-30', 'https://picsum.photos/id/326/180/180');
INSERT INTO PLAYLISTS (playlist_id, user_id, title, description, date_created, image) VALUES (362, 100, 'My Classical Playlist 96', 'A collection of Reggae tunes.', '2022-07-27', 'https://picsum.photos/id/322/180/180');
INSERT INTO PLAYLISTS (playlist_id, user_id, title, description, date_created, image) VALUES (363, 44, 'My Classical Playlist 5', 'A collection of Metal tunes.', '2020-11-02', 'https://picsum.photos/id/301/180/180');
INSERT INTO PLAYLISTS (playlist_id, user_id, title, description, date_created, image) VALUES (364, 63, 'My Metal Playlist 23', 'A collection of Folk tunes.', '2024-05-07', 'https://picsum.photos/id/378/180/180');
INSERT INTO PLAYLISTS (playlist_id, user_id, title, description, date_created, image) VALUES (365, 88, 'My Metal Playlist 24', 'A collection of Rock tunes.', '2020-02-29', 'https://picsum.photos/id/336/180/180');
INSERT INTO PLAYLISTS (playlist_id, user_id, title, description, date_created, image) VALUES (366, 1, 'My Blues Playlist 93', 'A collection of Classical tunes.', '2021-11-17', 'https://picsum.photos/id/315/180/180');
INSERT INTO PLAYLISTS (playlist_id, user_id, title, description, date_created, image) VALUES (367, 63, 'My Blues Playlist 73', 'A collection of Alternative tunes.', '2022-01-16', 'https://picsum.photos/id/330/180/180');
INSERT INTO PLAYLISTS (playlist_id, user_id, title, description, date_created, image) VALUES (368, 99, 'My Pop Playlist 41', 'A collection of Classical tunes.', '2021-08-20', 'https://picsum.photos/id/392/180/180');
INSERT INTO PLAYLISTS (playlist_id, user_id, title, description, date_created, image) VALUES (369, 78, 'My Blues Playlist 81', 'A collection of Jazz tunes.', '2022-10-02', 'https://picsum.photos/id/362/180/180');
INSERT INTO PLAYLISTS (playlist_id, user_id, title, description, date_created, image) VALUES (370, 38, 'My Alternative Playlist 77', 'A collection of Electronic tunes.', '2023-07-03', 'https://picsum.photos/id/308/180/180');
INSERT INTO PLAYLISTS (playlist_id, user_id, title, description, date_created, image) VALUES (371, 31, 'My Blues Playlist 62', 'A collection of Folk tunes.', '2022-05-30', 'https://picsum.photos/id/347/180/180');
INSERT INTO PLAYLISTS (playlist_id, user_id, title, description, date_created, image) VALUES (372, 2, 'My Blues Playlist 57', 'A collection of Hip Hop tunes.', '2024-02-17', 'https://picsum.photos/id/312/180/180');
INSERT INTO PLAYLISTS (playlist_id, user_id, title, description, date_created, image) VALUES (373, 92, 'My Pop Playlist 24', 'A collection of Classical tunes.', '2022-08-18', 'https://picsum.photos/id/330/180/180');
INSERT INTO PLAYLISTS (playlist_id, user_id, title, description, date_created, image) VALUES (374, 55, 'My Rock Playlist 67', 'A collection of Rock tunes.', '2023-11-30', 'https://picsum.photos/id/317/180/180');
INSERT INTO PLAYLISTS (playlist_id, user_id, title, description, date_created, image) VALUES (375, 41, 'My Country Playlist 79', 'A collection of Metal tunes.', '2024-03-09', 'https://picsum.photos/id/398/180/180');
INSERT INTO PLAYLISTS (playlist_id, user_id, title, description, date_created, image) VALUES (376, 79, 'My Dance Playlist 46', 'A collection of Electronic tunes.', '2020-03-09', 'https://picsum.photos/id/358/180/180');
INSERT INTO PLAYLISTS (playlist_id, user_id, title, description, date_created, image) VALUES (377, 49, 'My Country Playlist 76', 'A collection of Alternative tunes.', '2021-07-11', 'https://picsum.photos/id/392/180/180');
INSERT INTO PLAYLISTS (playlist_id, user_id, title, description, date_created, image) VALUES (378, 81, 'My Jazz Playlist 2', 'A collection of Metal tunes.', '2020-07-04', 'https://picsum.photos/id/355/180/180');
INSERT INTO PLAYLISTS (playlist_id, user_id, title, description, date_created, image) VALUES (379, 31, 'My Hip Hop Playlist 74', 'A collection of R&B tunes.', '2022-12-01', 'https://picsum.photos/id/362/180/180');
INSERT INTO PLAYLISTS (playlist_id, user_id, title, description, date_created, image) VALUES (380, 82, 'My Indie Playlist 65', 'A collection of Folk tunes.', '2021-04-24', 'https://picsum.photos/id/351/180/180');
INSERT INTO PLAYLISTS (playlist_id, user_id, title, description, date_created, image) VALUES (381, 10, 'My Country Playlist 41', 'A collection of Country tunes.', '2021-06-23', 'https://picsum.photos/id/308/180/180');
INSERT INTO PLAYLISTS (playlist_id, user_id, title, description, date_created, image) VALUES (382, 32, 'My Blues Playlist 20', 'A collection of Folk tunes.', '2021-10-20', 'https://picsum.photos/id/375/180/180');
INSERT INTO PLAYLISTS (playlist_id, user_id, title, description, date_created, image) VALUES (383, 36, 'My Folk Playlist 97', 'A collection of Metal tunes.', '2023-07-22', 'https://picsum.photos/id/329/180/180');
INSERT INTO PLAYLISTS (playlist_id, user_id, title, description, date_created, image) VALUES (384, 25, 'My Indie Playlist 12', 'A collection of Electronic tunes.', '2023-11-17', 'https://picsum.photos/id/303/180/180');
INSERT INTO PLAYLISTS (playlist_id, user_id, title, description, date_created, image) VALUES (385, 12, 'My Rock Playlist 23', 'A collection of R&B tunes.', '2023-02-21', 'https://picsum.photos/id/373/180/180');
INSERT INTO PLAYLISTS (playlist_id, user_id, title, description, date_created, image) VALUES (386, 44, 'My Indie Playlist 62', 'A collection of Hip Hop tunes.', '2023-12-02', 'https://picsum.photos/id/351/180/180');
INSERT INTO PLAYLISTS (playlist_id, user_id, title, description, date_created, image) VALUES (387, 58, 'My Rock Playlist 32', 'A collection of Folk tunes.', '2020-09-18', 'https://picsum.photos/id/380/180/180');
INSERT INTO PLAYLISTS (playlist_id, user_id, title, description, date_created, image) VALUES (388, 17, 'My Blues Playlist 43', 'A collection of Metal tunes.', '2021-11-25', 'https://picsum.photos/id/354/180/180');
INSERT INTO PLAYLISTS (playlist_id, user_id, title, description, date_created, image) VALUES (389, 55, 'My Hip Hop Playlist 47', 'A collection of Rock tunes.', '2020-02-28', 'https://picsum.photos/id/387/180/180');
INSERT INTO PLAYLISTS (playlist_id, user_id, title, description, date_created, image) VALUES (390, 6, 'My Pop Playlist 99', 'A collection of R&B tunes.', '2024-01-01', 'https://picsum.photos/id/356/180/180');
INSERT INTO PLAYLISTS (playlist_id, user_id, title, description, date_created, image) VALUES (391, 59, 'My Dance Playlist 24', 'A collection of Metal tunes.', '2020-01-01', 'https://picsum.photos/id/310/180/180');
INSERT INTO PLAYLISTS (playlist_id, user_id, title, description, date_created, image) VALUES (392, 7, 'My Metal Playlist 6', 'A collection of Metal tunes.', '2020-07-25', 'https://picsum.photos/id/382/180/180');
INSERT INTO PLAYLISTS (playlist_id, user_id, title, description, date_created, image) VALUES (393, 5, 'My Pop Playlist 91', 'A collection of Dance tunes.', '2023-02-27', 'https://picsum.photos/id/326/180/180');
INSERT INTO PLAYLISTS (playlist_id, user_id, title, description, date_created, image) VALUES (394, 52, 'My Electronic Playlist 89', 'A collection of Blues tunes.', '2022-03-15', 'https://picsum.photos/id/367/180/180');
INSERT INTO PLAYLISTS (playlist_id, user_id, title, description, date_created, image) VALUES (395, 61, 'My Pop Playlist 42', 'A collection of Rock tunes.', '2020-09-07', 'https://picsum.photos/id/398/180/180');
INSERT INTO PLAYLISTS (playlist_id, user_id, title, description, date_created, image) VALUES (396, 67, 'My Classical Playlist 100', 'A collection of Metal tunes.', '2020-01-23', 'https://picsum.photos/id/301/180/180');
INSERT INTO PLAYLISTS (playlist_id, user_id, title, description, date_created, image) VALUES (397, 84, 'My Rock Playlist 96', 'A collection of Reggae tunes.', '2022-04-15', 'https://picsum.photos/id/355/180/180');
INSERT INTO PLAYLISTS (playlist_id, user_id, title, description, date_created, image) VALUES (398, 4, 'My Country Playlist 19', 'A collection of Pop tunes.', '2022-04-27', 'https://picsum.photos/id/391/180/180');
INSERT INTO PLAYLISTS (playlist_id, user_id, title, description, date_created, image) VALUES (399, 71, 'My Jazz Playlist 86', 'A collection of Electronic tunes.', '2021-10-13', 'https://picsum.photos/id/351/180/180');
INSERT INTO PLAYLISTS (playlist_id, user_id, title, description, date_created, image) VALUES (400, 20, 'My Reggae Playlist 47', 'A collection of Hip Hop tunes.', '2021-09-17', 'https://picsum.photos/id/400/180/180');
INSERT INTO PLAYLISTS (playlist_id, user_id, title, description, date_created, image) VALUES (401, 39, 'My Rock Playlist 77', 'A collection of Pop tunes.', '2020-07-28', 'https://picsum.photos/id/361/180/180');
INSERT INTO PLAYLISTS (playlist_id, user_id, title, description, date_created, image) VALUES (402, 75, 'My Country Playlist 51', 'A collection of Jazz tunes.', '2020-10-17', 'https://picsum.photos/id/331/180/180');
INSERT INTO PLAYLISTS (playlist_id, user_id, title, description, date_created, image) VALUES (403, 6, 'My R&B Playlist 84', 'A collection of Reggae tunes.', '2022-12-31', 'https://picsum.photos/id/309/180/180');
INSERT INTO PLAYLISTS (playlist_id, user_id, title, description, date_created, image) VALUES (404, 68, 'My Electronic Playlist 46', 'A collection of Metal tunes.', '2020-06-14', 'https://picsum.photos/id/372/180/180');
INSERT INTO PLAYLISTS (playlist_id, user_id, title, description, date_created, image) VALUES (405, 14, 'My Electronic Playlist 82', 'A collection of Jazz tunes.', '2022-03-06', 'https://picsum.photos/id/378/180/180');
INSERT INTO PLAYLISTS (playlist_id, user_id, title, description, date_created, image) VALUES (406, 65, 'My Hip Hop Playlist 39', 'A collection of Pop tunes.', '2020-10-26', 'https://picsum.photos/id/357/180/180');
INSERT INTO PLAYLISTS (playlist_id, user_id, title, description, date_created, image) VALUES (407, 92, 'My Indie Playlist 74', 'A collection of Electronic tunes.', '2024-02-04', 'https://picsum.photos/id/389/180/180');
INSERT INTO PLAYLISTS (playlist_id, user_id, title, description, date_created, image) VALUES (408, 78, 'My Classical Playlist 68', 'A collection of Blues tunes.', '2024-02-06', 'https://picsum.photos/id/307/180/180');
INSERT INTO PLAYLISTS (playlist_id, user_id, title, description, date_created, image) VALUES (409, 97, 'My Reggae Playlist 95', 'A collection of Metal tunes.', '2023-05-02', 'https://picsum.photos/id/341/180/180');
INSERT INTO PLAYLISTS (playlist_id, user_id, title, description, date_created, image) VALUES (410, 32, 'My Reggae Playlist 45', 'A collection of Blues tunes.', '2021-06-19', 'https://picsum.photos/id/331/180/180');
INSERT INTO PLAYLISTS (playlist_id, user_id, title, description, date_created, image) VALUES (411, 86, 'My Alternative Playlist 40', 'A collection of Classical tunes.', '2023-12-06', 'https://picsum.photos/id/392/180/180');
INSERT INTO PLAYLISTS (playlist_id, user_id, title, description, date_created, image) VALUES (412, 3, 'My Rock Playlist 12', 'A collection of Metal tunes.', '2020-11-14', 'https://picsum.photos/id/361/180/180');
INSERT INTO PLAYLISTS (playlist_id, user_id, title, description, date_created, image) VALUES (413, 82, 'My R&B Playlist 73', 'A collection of Indie tunes.', '2024-01-22', 'https://picsum.photos/id/381/180/180');
INSERT INTO PLAYLISTS (playlist_id, user_id, title, description, date_created, image) VALUES (414, 78, 'My Reggae Playlist 34', 'A collection of Reggae tunes.', '2021-11-12', 'https://picsum.photos/id/312/180/180');
INSERT INTO PLAYLISTS (playlist_id, user_id, title, description, date_created, image) VALUES (415, 73, 'My Country Playlist 20', 'A collection of Blues tunes.', '2024-02-12', 'https://picsum.photos/id/333/180/180');
INSERT INTO PLAYLISTS (playlist_id, user_id, title, description, date_created, image) VALUES (416, 78, 'My Dance Playlist 67', 'A collection of Folk tunes.', '2024-03-23', 'https://picsum.photos/id/332/180/180');
INSERT INTO PLAYLISTS (playlist_id, user_id, title, description, date_created, image) VALUES (417, 93, 'My Electronic Playlist 36', 'A collection of Indie tunes.', '2020-03-26', 'https://picsum.photos/id/359/180/180');
INSERT INTO PLAYLISTS (playlist_id, user_id, title, description, date_created, image) VALUES (418, 15, 'My R&B Playlist 73', 'A collection of Blues tunes.', '2020-11-27', 'https://picsum.photos/id/339/180/180');
INSERT INTO PLAYLISTS (playlist_id, user_id, title, description, date_created, image) VALUES (419, 54, 'My Electronic Playlist 22', 'A collection of Indie tunes.', '2020-08-08', 'https://picsum.photos/id/379/180/180');
INSERT INTO PLAYLISTS (playlist_id, user_id, title, description, date_created, image) VALUES (420, 100, 'My Pop Playlist 53', 'A collection of Alternative tunes.', '2022-04-06', 'https://picsum.photos/id/311/180/180');
INSERT INTO PLAYLISTS (playlist_id, user_id, title, description, date_created, image) VALUES (421, 100, 'My Rock Playlist 19', 'A collection of Electronic tunes.', '2022-10-06', 'https://picsum.photos/id/356/180/180');
INSERT INTO PLAYLISTS (playlist_id, user_id, title, description, date_created, image) VALUES (422, 76, 'My Electronic Playlist 70', 'A collection of Classical tunes.', '2022-02-01', 'https://picsum.photos/id/306/180/180');
INSERT INTO PLAYLISTS (playlist_id, user_id, title, description, date_created, image) VALUES (423, 92, 'My Blues Playlist 34', 'A collection of Indie tunes.', '2022-07-11', 'https://picsum.photos/id/310/180/180');
INSERT INTO PLAYLISTS (playlist_id, user_id, title, description, date_created, image) VALUES (424, 75, 'My Alternative Playlist 5', 'A collection of Hip Hop tunes.', '2023-03-01', 'https://picsum.photos/id/354/180/180');
INSERT INTO PLAYLISTS (playlist_id, user_id, title, description, date_created, image) VALUES (425, 20, 'My Electronic Playlist 34', 'A collection of Rock tunes.', '2020-12-21', 'https://picsum.photos/id/313/180/180');
INSERT INTO PLAYLISTS (playlist_id, user_id, title, description, date_created, image) VALUES (426, 54, 'My Folk Playlist 20', 'A collection of Dance tunes.', '2024-02-10', 'https://picsum.photos/id/363/180/180');
INSERT INTO PLAYLISTS (playlist_id, user_id, title, description, date_created, image) VALUES (427, 94, 'My Reggae Playlist 16', 'A collection of Folk tunes.', '2023-06-13', 'https://picsum.photos/id/383/180/180');
INSERT INTO PLAYLISTS (playlist_id, user_id, title, description, date_created, image) VALUES (428, 8, 'My Hip Hop Playlist 99', 'A collection of Electronic tunes.', '2020-11-24', 'https://picsum.photos/id/357/180/180');
INSERT INTO PLAYLISTS (playlist_id, user_id, title, description, date_created, image) VALUES (429, 65, 'My Electronic Playlist 90', 'A collection of Indie tunes.', '2020-09-21', 'https://picsum.photos/id/313/180/180');
INSERT INTO PLAYLISTS (playlist_id, user_id, title, description, date_created, image) VALUES (430, 100, 'My R&B Playlist 60', 'A collection of Dance tunes.', '2021-04-09', 'https://picsum.photos/id/359/180/180');
INSERT INTO PLAYLISTS (playlist_id, user_id, title, description, date_created, image) VALUES (431, 74, 'My Classical Playlist 32', 'A collection of Country tunes.', '2023-04-23', 'https://picsum.photos/id/376/180/180');
INSERT INTO PLAYLISTS (playlist_id, user_id, title, description, date_created, image) VALUES (432, 66, 'My Pop Playlist 51', 'A collection of Metal tunes.', '2024-04-09', 'https://picsum.photos/id/320/180/180');
INSERT INTO PLAYLISTS (playlist_id, user_id, title, description, date_created, image) VALUES (433, 31, 'My Alternative Playlist 38', 'A collection of Country tunes.', '2020-05-15', 'https://picsum.photos/id/324/180/180');
INSERT INTO PLAYLISTS (playlist_id, user_id, title, description, date_created, image) VALUES (434, 93, 'My Country Playlist 72', 'A collection of Electronic tunes.', '2020-08-16', 'https://picsum.photos/id/348/180/180');
INSERT INTO PLAYLISTS (playlist_id, user_id, title, description, date_created, image) VALUES (435, 79, 'My Reggae Playlist 8', 'A collection of Hip Hop tunes.', '2020-12-04', 'https://picsum.photos/id/327/180/180');
INSERT INTO PLAYLISTS (playlist_id, user_id, title, description, date_created, image) VALUES (436, 17, 'My R&B Playlist 54', 'A collection of Hip Hop tunes.', '2022-09-03', 'https://picsum.photos/id/324/180/180');
INSERT INTO PLAYLISTS (playlist_id, user_id, title, description, date_created, image) VALUES (437, 22, 'My Jazz Playlist 43', 'A collection of Reggae tunes.', '2022-09-06', 'https://picsum.photos/id/335/180/180');
INSERT INTO PLAYLISTS (playlist_id, user_id, title, description, date_created, image) VALUES (438, 31, 'My Alternative Playlist 95', 'A collection of Reggae tunes.', '2020-04-16', 'https://picsum.photos/id/344/180/180');
INSERT INTO PLAYLISTS (playlist_id, user_id, title, description, date_created, image) VALUES (439, 7, 'My Pop Playlist 65', 'A collection of Hip Hop tunes.', '2022-06-22', 'https://picsum.photos/id/341/180/180');
INSERT INTO PLAYLISTS (playlist_id, user_id, title, description, date_created, image) VALUES (440, 21, 'My Hip Hop Playlist 15', 'A collection of Pop tunes.', '2023-03-24', 'https://picsum.photos/id/356/180/180');
INSERT INTO PLAYLISTS (playlist_id, user_id, title, description, date_created, image) VALUES (441, 50, 'My Electronic Playlist 25', 'A collection of Metal tunes.', '2020-04-27', 'https://picsum.photos/id/362/180/180');
INSERT INTO PLAYLISTS (playlist_id, user_id, title, description, date_created, image) VALUES (442, 70, 'My Folk Playlist 77', 'A collection of Dance tunes.', '2021-09-24', 'https://picsum.photos/id/389/180/180');
INSERT INTO PLAYLISTS (playlist_id, user_id, title, description, date_created, image) VALUES (443, 21, 'My Alternative Playlist 69', 'A collection of Blues tunes.', '2024-01-02', 'https://picsum.photos/id/360/180/180');
INSERT INTO PLAYLISTS (playlist_id, user_id, title, description, date_created, image) VALUES (444, 52, 'My Country Playlist 11', 'A collection of Blues tunes.', '2023-10-16', 'https://picsum.photos/id/335/180/180');
INSERT INTO PLAYLISTS (playlist_id, user_id, title, description, date_created, image) VALUES (445, 13, 'My Indie Playlist 28', 'A collection of Rock tunes.', '2022-04-04', 'https://picsum.photos/id/389/180/180');
INSERT INTO PLAYLISTS (playlist_id, user_id, title, description, date_created, image) VALUES (446, 98, 'My R&B Playlist 33', 'A collection of Electronic tunes.', '2023-01-13', 'https://picsum.photos/id/375/180/180');
INSERT INTO PLAYLISTS (playlist_id, user_id, title, description, date_created, image) VALUES (447, 38, 'My Rock Playlist 71', 'A collection of Blues tunes.', '2020-02-10', 'https://picsum.photos/id/358/180/180');
INSERT INTO PLAYLISTS (playlist_id, user_id, title, description, date_created, image) VALUES (448, 8, 'My Pop Playlist 60', 'A collection of R&B tunes.', '2020-09-14', 'https://picsum.photos/id/326/180/180');
INSERT INTO PLAYLISTS (playlist_id, user_id, title, description, date_created, image) VALUES (449, 89, 'My Country Playlist 67', 'A collection of Reggae tunes.', '2023-07-13', 'https://picsum.photos/id/384/180/180');
INSERT INTO PLAYLISTS (playlist_id, user_id, title, description, date_created, image) VALUES (450, 20, 'My Rock Playlist 89', 'A collection of Metal tunes.', '2024-05-01', 'https://picsum.photos/id/388/180/180');
INSERT INTO PLAYLISTS (playlist_id, user_id, title, description, date_created, image) VALUES (451, 63, 'My Classical Playlist 7', 'A collection of R&B tunes.', '2021-04-24', 'https://picsum.photos/id/341/180/180');
INSERT INTO PLAYLISTS (playlist_id, user_id, title, description, date_created, image) VALUES (452, 76, 'My Electronic Playlist 40', 'A collection of Reggae tunes.', '2020-07-19', 'https://picsum.photos/id/399/180/180');
INSERT INTO PLAYLISTS (playlist_id, user_id, title, description, date_created, image) VALUES (453, 22, 'My Jazz Playlist 47', 'A collection of Indie tunes.', '2023-11-11', 'https://picsum.photos/id/322/180/180');
INSERT INTO PLAYLISTS (playlist_id, user_id, title, description, date_created, image) VALUES (454, 4, 'My Dance Playlist 17', 'A collection of Jazz tunes.', '2022-01-19', 'https://picsum.photos/id/348/180/180');
INSERT INTO PLAYLISTS (playlist_id, user_id, title, description, date_created, image) VALUES (455, 83, 'My Classical Playlist 38', 'A collection of Country tunes.', '2023-03-07', 'https://picsum.photos/id/361/180/180');
INSERT INTO PLAYLISTS (playlist_id, user_id, title, description, date_created, image) VALUES (456, 100, 'My Metal Playlist 9', 'A collection of Folk tunes.', '2021-10-05', 'https://picsum.photos/id/356/180/180');
INSERT INTO PLAYLISTS (playlist_id, user_id, title, description, date_created, image) VALUES (457, 61, 'My Metal Playlist 40', 'A collection of Blues tunes.', '2020-10-12', 'https://picsum.photos/id/349/180/180');
INSERT INTO PLAYLISTS (playlist_id, user_id, title, description, date_created, image) VALUES (458, 93, 'My Pop Playlist 2', 'A collection of Folk tunes.', '2024-05-08', 'https://picsum.photos/id/359/180/180');
INSERT INTO PLAYLISTS (playlist_id, user_id, title, description, date_created, image) VALUES (459, 17, 'My Pop Playlist 55', 'A collection of Reggae tunes.', '2022-05-17', 'https://picsum.photos/id/316/180/180');
INSERT INTO PLAYLISTS (playlist_id, user_id, title, description, date_created, image) VALUES (460, 53, 'My Country Playlist 58', 'A collection of Classical tunes.', '2021-07-11', 'https://picsum.photos/id/367/180/180');
INSERT INTO PLAYLISTS (playlist_id, user_id, title, description, date_created, image) VALUES (461, 91, 'My Electronic Playlist 44', 'A collection of Classical tunes.', '2022-01-10', 'https://picsum.photos/id/364/180/180');
INSERT INTO PLAYLISTS (playlist_id, user_id, title, description, date_created, image) VALUES (462, 92, 'My Electronic Playlist 41', 'A collection of Hip Hop tunes.', '2023-01-08', 'https://picsum.photos/id/354/180/180');
INSERT INTO PLAYLISTS (playlist_id, user_id, title, description, date_created, image) VALUES (463, 92, 'My Jazz Playlist 93', 'A collection of Jazz tunes.', '2022-11-11', 'https://picsum.photos/id/351/180/180');
INSERT INTO PLAYLISTS (playlist_id, user_id, title, description, date_created, image) VALUES (464, 19, 'My R&B Playlist 28', 'A collection of Reggae tunes.', '2024-01-17', 'https://picsum.photos/id/394/180/180');
INSERT INTO PLAYLISTS (playlist_id, user_id, title, description, date_created, image) VALUES (465, 80, 'My Folk Playlist 32', 'A collection of Rock tunes.', '2024-04-14', 'https://picsum.photos/id/328/180/180');
INSERT INTO PLAYLISTS (playlist_id, user_id, title, description, date_created, image) VALUES (466, 17, 'My Country Playlist 40', 'A collection of Dance tunes.', '2020-06-08', 'https://picsum.photos/id/366/180/180');
INSERT INTO PLAYLISTS (playlist_id, user_id, title, description, date_created, image) VALUES (467, 21, 'My Country Playlist 11', 'A collection of Country tunes.', '2023-05-01', 'https://picsum.photos/id/384/180/180');
INSERT INTO PLAYLISTS (playlist_id, user_id, title, description, date_created, image) VALUES (468, 37, 'My Dance Playlist 72', 'A collection of Pop tunes.', '2024-04-04', 'https://picsum.photos/id/328/180/180');
INSERT INTO PLAYLISTS (playlist_id, user_id, title, description, date_created, image) VALUES (469, 50, 'My Rock Playlist 73', 'A collection of Jazz tunes.', '2020-07-11', 'https://picsum.photos/id/354/180/180');
INSERT INTO PLAYLISTS (playlist_id, user_id, title, description, date_created, image) VALUES (470, 18, 'My Alternative Playlist 72', 'A collection of Electronic tunes.', '2023-11-20', 'https://picsum.photos/id/377/180/180');
INSERT INTO PLAYLISTS (playlist_id, user_id, title, description, date_created, image) VALUES (471, 93, 'My Reggae Playlist 5', 'A collection of R&B tunes.', '2021-01-21', 'https://picsum.photos/id/362/180/180');
INSERT INTO PLAYLISTS (playlist_id, user_id, title, description, date_created, image) VALUES (472, 84, 'My Dance Playlist 82', 'A collection of Classical tunes.', '2021-10-13', 'https://picsum.photos/id/370/180/180');
INSERT INTO PLAYLISTS (playlist_id, user_id, title, description, date_created, image) VALUES (473, 88, 'My Jazz Playlist 41', 'A collection of Rock tunes.', '2021-01-12', 'https://picsum.photos/id/326/180/180');
INSERT INTO PLAYLISTS (playlist_id, user_id, title, description, date_created, image) VALUES (474, 15, 'My Classical Playlist 74', 'A collection of Metal tunes.', '2024-01-03', 'https://picsum.photos/id/375/180/180');
INSERT INTO PLAYLISTS (playlist_id, user_id, title, description, date_created, image) VALUES (475, 26, 'My Hip Hop Playlist 94', 'A collection of Hip Hop tunes.', '2022-12-21', 'https://picsum.photos/id/377/180/180');
INSERT INTO PLAYLISTS (playlist_id, user_id, title, description, date_created, image) VALUES (476, 65, 'My Blues Playlist 3', 'A collection of Country tunes.', '2023-12-20', 'https://picsum.photos/id/345/180/180');
INSERT INTO PLAYLISTS (playlist_id, user_id, title, description, date_created, image) VALUES (477, 23, 'My Jazz Playlist 80', 'A collection of Metal tunes.', '2023-02-12', 'https://picsum.photos/id/344/180/180');
INSERT INTO PLAYLISTS (playlist_id, user_id, title, description, date_created, image) VALUES (478, 35, 'My Metal Playlist 28', 'A collection of Folk tunes.', '2021-04-13', 'https://picsum.photos/id/385/180/180');
INSERT INTO PLAYLISTS (playlist_id, user_id, title, description, date_created, image) VALUES (479, 8, 'My Electronic Playlist 71', 'A collection of Country tunes.', '2023-08-26', 'https://picsum.photos/id/363/180/180');
INSERT INTO PLAYLISTS (playlist_id, user_id, title, description, date_created, image) VALUES (480, 38, 'My Reggae Playlist 30', 'A collection of Jazz tunes.', '2021-08-29', 'https://picsum.photos/id/382/180/180');
INSERT INTO PLAYLISTS (playlist_id, user_id, title, description, date_created, image) VALUES (481, 56, 'My Folk Playlist 48', 'A collection of Rock tunes.', '2024-05-12', 'https://picsum.photos/id/355/180/180');
INSERT INTO PLAYLISTS (playlist_id, user_id, title, description, date_created, image) VALUES (482, 54, 'My Reggae Playlist 29', 'A collection of Hip Hop tunes.', '2023-10-28', 'https://picsum.photos/id/366/180/180');
INSERT INTO PLAYLISTS (playlist_id, user_id, title, description, date_created, image) VALUES (483, 79, 'My Blues Playlist 96', 'A collection of Rock tunes.', '2022-12-01', 'https://picsum.photos/id/334/180/180');
INSERT INTO PLAYLISTS (playlist_id, user_id, title, description, date_created, image) VALUES (484, 66, 'My Country Playlist 46', 'A collection of Indie tunes.', '2024-05-07', 'https://picsum.photos/id/382/180/180');
INSERT INTO PLAYLISTS (playlist_id, user_id, title, description, date_created, image) VALUES (485, 21, 'My Alternative Playlist 92', 'A collection of Alternative tunes.', '2021-06-08', 'https://picsum.photos/id/368/180/180');
INSERT INTO PLAYLISTS (playlist_id, user_id, title, description, date_created, image) VALUES (486, 72, 'My Classical Playlist 37', 'A collection of Jazz tunes.', '2024-01-26', 'https://picsum.photos/id/400/180/180');
INSERT INTO PLAYLISTS (playlist_id, user_id, title, description, date_created, image) VALUES (487, 86, 'My Indie Playlist 32', 'A collection of Pop tunes.', '2020-01-28', 'https://picsum.photos/id/324/180/180');
INSERT INTO PLAYLISTS (playlist_id, user_id, title, description, date_created, image) VALUES (488, 30, 'My Blues Playlist 99', 'A collection of Blues tunes.', '2022-11-30', 'https://picsum.photos/id/349/180/180');
INSERT INTO PLAYLISTS (playlist_id, user_id, title, description, date_created, image) VALUES (489, 55, 'My Jazz Playlist 12', 'A collection of Indie tunes.', '2024-05-02', 'https://picsum.photos/id/388/180/180');
INSERT INTO PLAYLISTS (playlist_id, user_id, title, description, date_created, image) VALUES (490, 84, 'My Folk Playlist 51', 'A collection of Folk tunes.', '2022-01-25', 'https://picsum.photos/id/311/180/180');
INSERT INTO PLAYLISTS (playlist_id, user_id, title, description, date_created, image) VALUES (491, 17, 'My R&B Playlist 32', 'A collection of Indie tunes.', '2021-12-10', 'https://picsum.photos/id/354/180/180');
INSERT INTO PLAYLISTS (playlist_id, user_id, title, description, date_created, image) VALUES (492, 28, 'My Electronic Playlist 99', 'A collection of Reggae tunes.', '2021-12-05', 'https://picsum.photos/id/350/180/180');
INSERT INTO PLAYLISTS (playlist_id, user_id, title, description, date_created, image) VALUES (493, 1, 'My Classical Playlist 79', 'A collection of Blues tunes.', '2023-12-30', 'https://picsum.photos/id/400/180/180');
INSERT INTO PLAYLISTS (playlist_id, user_id, title, description, date_created, image) VALUES (494, 37, 'My Country Playlist 32', 'A collection of R&B tunes.', '2023-04-30', 'https://picsum.photos/id/328/180/180');
INSERT INTO PLAYLISTS (playlist_id, user_id, title, description, date_created, image) VALUES (495, 75, 'My Country Playlist 70', 'A collection of Alternative tunes.', '2021-09-10', 'https://picsum.photos/id/346/180/180');
INSERT INTO PLAYLISTS (playlist_id, user_id, title, description, date_created, image) VALUES (496, 7, 'My Rock Playlist 84', 'A collection of Classical tunes.', '2022-01-23', 'https://picsum.photos/id/313/180/180');
INSERT INTO PLAYLISTS (playlist_id, user_id, title, description, date_created, image) VALUES (497, 77, 'My Pop Playlist 17', 'A collection of Indie tunes.', '2023-01-28', 'https://picsum.photos/id/329/180/180');
INSERT INTO PLAYLISTS (playlist_id, user_id, title, description, date_created, image) VALUES (498, 50, 'My Alternative Playlist 50', 'A collection of Classical tunes.', '2022-05-26', 'https://picsum.photos/id/371/180/180');
INSERT INTO PLAYLISTS (playlist_id, user_id, title, description, date_created, image) VALUES (499, 67, 'My Country Playlist 53', 'A collection of Folk tunes.', '2021-09-13', 'https://picsum.photos/id/327/180/180');
INSERT INTO PLAYLISTS (playlist_id, user_id, title, description, date_created, image) VALUES (500, 49, 'My Metal Playlist 33', 'A collection of Pop tunes.', '2022-05-29', 'https://picsum.photos/id/388/180/180');

-- PLAYLIST_SONGS Data --
INSERT INTO PLAYLIST_SONGS (playlistsong_id, playlist_id, song_id, date_added) VALUES (1, 161, 749, '2024-03-02');
INSERT INTO PLAYLIST_SONGS (playlistsong_id, playlist_id, song_id, date_added) VALUES (2, 249, 872, '2024-01-06');
INSERT INTO PLAYLIST_SONGS (playlistsong_id, playlist_id, song_id, date_added) VALUES (3, 64, 602, '2023-01-08');
INSERT INTO PLAYLIST_SONGS (playlistsong_id, playlist_id, song_id, date_added) VALUES (4, 115, 498, '2023-05-27');
INSERT INTO PLAYLIST_SONGS (playlistsong_id, playlist_id, song_id, date_added) VALUES (5, 217, 567, '2023-03-21');
INSERT INTO PLAYLIST_SONGS (playlistsong_id, playlist_id, song_id, date_added) VALUES (6, 344, 812, '2024-05-18');
INSERT INTO PLAYLIST_SONGS (playlistsong_id, playlist_id, song_id, date_added) VALUES (7, 68, 75, '2023-03-25');
INSERT INTO PLAYLIST_SONGS (playlistsong_id, playlist_id, song_id, date_added) VALUES (8, 272, 614, '2024-01-21');
INSERT INTO PLAYLIST_SONGS (playlistsong_id, playlist_id, song_id, date_added) VALUES (9, 284, 79, '2023-04-11');
INSERT INTO PLAYLIST_SONGS (playlistsong_id, playlist_id, song_id, date_added) VALUES (10, 93, 155, '2023-05-12');
INSERT INTO PLAYLIST_SONGS (playlistsong_id, playlist_id, song_id, date_added) VALUES (11, 400, 755, '2023-08-09');
INSERT INTO PLAYLIST_SONGS (playlistsong_id, playlist_id, song_id, date_added) VALUES (12, 17, 592, '2024-05-04');
INSERT INTO PLAYLIST_SONGS (playlistsong_id, playlist_id, song_id, date_added) VALUES (13, 38, 327, '2024-02-10');
INSERT INTO PLAYLIST_SONGS (playlistsong_id, playlist_id, song_id, date_added) VALUES (14, 393, 748, '2023-11-29');
INSERT INTO PLAYLIST_SONGS (playlistsong_id, playlist_id, song_id, date_added) VALUES (15, 37, 677, '2023-09-02');
INSERT INTO PLAYLIST_SONGS (playlistsong_id, playlist_id, song_id, date_added) VALUES (16, 110, 584, '2024-05-14');
INSERT INTO PLAYLIST_SONGS (playlistsong_id, playlist_id, song_id, date_added) VALUES (17, 278, 888, '2023-11-10');
INSERT INTO PLAYLIST_SONGS (playlistsong_id, playlist_id, song_id, date_added) VALUES (18, 66, 198, '2023-11-24');
INSERT INTO PLAYLIST_SONGS (playlistsong_id, playlist_id, song_id, date_added) VALUES (19, 42, 397, '2023-01-02');
INSERT INTO PLAYLIST_SONGS (playlistsong_id, playlist_id, song_id, date_added) VALUES (20, 418, 333, '2023-10-26');
INSERT INTO PLAYLIST_SONGS (playlistsong_id, playlist_id, song_id, date_added) VALUES (21, 223, 513, '2023-03-13');
INSERT INTO PLAYLIST_SONGS (playlistsong_id, playlist_id, song_id, date_added) VALUES (22, 362, 247, '2024-04-02');
INSERT INTO PLAYLIST_SONGS (playlistsong_id, playlist_id, song_id, date_added) VALUES (23, 237, 99, '2023-08-07');
INSERT INTO PLAYLIST_SONGS (playlistsong_id, playlist_id, song_id, date_added) VALUES (24, 209, 513, '2023-07-02');
INSERT INTO PLAYLIST_SONGS (playlistsong_id, playlist_id, song_id, date_added) VALUES (25, 240, 296, '2024-01-04');
INSERT INTO PLAYLIST_SONGS (playlistsong_id, playlist_id, song_id, date_added) VALUES (26, 172, 139, '2023-12-22');
INSERT INTO PLAYLIST_SONGS (playlistsong_id, playlist_id, song_id, date_added) VALUES (27, 422, 857, '2023-01-05');
INSERT INTO PLAYLIST_SONGS (playlistsong_id, playlist_id, song_id, date_added) VALUES (28, 363, 267, '2023-05-22');
INSERT INTO PLAYLIST_SONGS (playlistsong_id, playlist_id, song_id, date_added) VALUES (29, 295, 942, '2024-01-07');
INSERT INTO PLAYLIST_SONGS (playlistsong_id, playlist_id, song_id, date_added) VALUES (30, 164, 731, '2023-09-20');
INSERT INTO PLAYLIST_SONGS (playlistsong_id, playlist_id, song_id, date_added) VALUES (31, 365, 892, '2023-01-17');
INSERT INTO PLAYLIST_SONGS (playlistsong_id, playlist_id, song_id, date_added) VALUES (32, 259, 904, '2023-08-29');
INSERT INTO PLAYLIST_SONGS (playlistsong_id, playlist_id, song_id, date_added) VALUES (33, 258, 513, '2023-01-30');
INSERT INTO PLAYLIST_SONGS (playlistsong_id, playlist_id, song_id, date_added) VALUES (34, 382, 954, '2023-03-27');
INSERT INTO PLAYLIST_SONGS (playlistsong_id, playlist_id, song_id, date_added) VALUES (35, 466, 581, '2023-12-13');
INSERT INTO PLAYLIST_SONGS (playlistsong_id, playlist_id, song_id, date_added) VALUES (36, 167, 626, '2023-07-04');
INSERT INTO PLAYLIST_SONGS (playlistsong_id, playlist_id, song_id, date_added) VALUES (37, 242, 395, '2023-05-01');
INSERT INTO PLAYLIST_SONGS (playlistsong_id, playlist_id, song_id, date_added) VALUES (38, 89, 78, '2023-05-23');
INSERT INTO PLAYLIST_SONGS (playlistsong_id, playlist_id, song_id, date_added) VALUES (39, 271, 781, '2024-03-14');
INSERT INTO PLAYLIST_SONGS (playlistsong_id, playlist_id, song_id, date_added) VALUES (40, 95, 750, '2023-07-24');
INSERT INTO PLAYLIST_SONGS (playlistsong_id, playlist_id, song_id, date_added) VALUES (41, 130, 836, '2024-02-16');
INSERT INTO PLAYLIST_SONGS (playlistsong_id, playlist_id, song_id, date_added) VALUES (42, 492, 132, '2023-10-11');
INSERT INTO PLAYLIST_SONGS (playlistsong_id, playlist_id, song_id, date_added) VALUES (43, 54, 754, '2023-08-02');
INSERT INTO PLAYLIST_SONGS (playlistsong_id, playlist_id, song_id, date_added) VALUES (44, 464, 498, '2024-02-28');
INSERT INTO PLAYLIST_SONGS (playlistsong_id, playlist_id, song_id, date_added) VALUES (45, 314, 838, '2023-04-02');
INSERT INTO PLAYLIST_SONGS (playlistsong_id, playlist_id, song_id, date_added) VALUES (46, 402, 404, '2023-03-14');
INSERT INTO PLAYLIST_SONGS (playlistsong_id, playlist_id, song_id, date_added) VALUES (47, 335, 838, '2023-06-25');
INSERT INTO PLAYLIST_SONGS (playlistsong_id, playlist_id, song_id, date_added) VALUES (48, 197, 285, '2023-03-01');
INSERT INTO PLAYLIST_SONGS (playlistsong_id, playlist_id, song_id, date_added) VALUES (49, 287, 726, '2023-02-13');
INSERT INTO PLAYLIST_SONGS (playlistsong_id, playlist_id, song_id, date_added) VALUES (50, 128, 519, '2024-01-07');
INSERT INTO PLAYLIST_SONGS (playlistsong_id, playlist_id, song_id, date_added) VALUES (51, 411, 276, '2023-06-11');
INSERT INTO PLAYLIST_SONGS (playlistsong_id, playlist_id, song_id, date_added) VALUES (52, 200, 347, '2024-03-20');
INSERT INTO PLAYLIST_SONGS (playlistsong_id, playlist_id, song_id, date_added) VALUES (53, 70, 587, '2023-12-28');
INSERT INTO PLAYLIST_SONGS (playlistsong_id, playlist_id, song_id, date_added) VALUES (54, 247, 749, '2023-02-07');
INSERT INTO PLAYLIST_SONGS (playlistsong_id, playlist_id, song_id, date_added) VALUES (55, 164, 641, '2023-01-23');
INSERT INTO PLAYLIST_SONGS (playlistsong_id, playlist_id, song_id, date_added) VALUES (56, 374, 272, '2023-09-23');
INSERT INTO PLAYLIST_SONGS (playlistsong_id, playlist_id, song_id, date_added) VALUES (57, 145, 19, '2024-03-12');
INSERT INTO PLAYLIST_SONGS (playlistsong_id, playlist_id, song_id, date_added) VALUES (58, 490, 640, '2023-01-09');
INSERT INTO PLAYLIST_SONGS (playlistsong_id, playlist_id, song_id, date_added) VALUES (59, 487, 5, '2023-08-22');
INSERT INTO PLAYLIST_SONGS (playlistsong_id, playlist_id, song_id, date_added) VALUES (60, 247, 386, '2023-12-08');
INSERT INTO PLAYLIST_SONGS (playlistsong_id, playlist_id, song_id, date_added) VALUES (61, 486, 149, '2024-02-21');
INSERT INTO PLAYLIST_SONGS (playlistsong_id, playlist_id, song_id, date_added) VALUES (62, 406, 439, '2023-03-03');
INSERT INTO PLAYLIST_SONGS (playlistsong_id, playlist_id, song_id, date_added) VALUES (63, 233, 709, '2023-06-26');
INSERT INTO PLAYLIST_SONGS (playlistsong_id, playlist_id, song_id, date_added) VALUES (64, 350, 737, '2023-02-17');
INSERT INTO PLAYLIST_SONGS (playlistsong_id, playlist_id, song_id, date_added) VALUES (65, 97, 910, '2023-06-07');
INSERT INTO PLAYLIST_SONGS (playlistsong_id, playlist_id, song_id, date_added) VALUES (66, 390, 472, '2023-01-29');
INSERT INTO PLAYLIST_SONGS (playlistsong_id, playlist_id, song_id, date_added) VALUES (67, 230, 246, '2023-05-21');
INSERT INTO PLAYLIST_SONGS (playlistsong_id, playlist_id, song_id, date_added) VALUES (68, 227, 533, '2023-05-19');
INSERT INTO PLAYLIST_SONGS (playlistsong_id, playlist_id, song_id, date_added) VALUES (69, 228, 453, '2023-02-09');
INSERT INTO PLAYLIST_SONGS (playlistsong_id, playlist_id, song_id, date_added) VALUES (70, 414, 839, '2023-12-26');
INSERT INTO PLAYLIST_SONGS (playlistsong_id, playlist_id, song_id, date_added) VALUES (71, 35, 683, '2024-04-26');
INSERT INTO PLAYLIST_SONGS (playlistsong_id, playlist_id, song_id, date_added) VALUES (72, 341, 805, '2023-08-29');
INSERT INTO PLAYLIST_SONGS (playlistsong_id, playlist_id, song_id, date_added) VALUES (73, 77, 189, '2023-04-23');
INSERT INTO PLAYLIST_SONGS (playlistsong_id, playlist_id, song_id, date_added) VALUES (74, 379, 673, '2023-10-14');
INSERT INTO PLAYLIST_SONGS (playlistsong_id, playlist_id, song_id, date_added) VALUES (75, 75, 379, '2023-04-17');
INSERT INTO PLAYLIST_SONGS (playlistsong_id, playlist_id, song_id, date_added) VALUES (76, 282, 220, '2023-06-09');
INSERT INTO PLAYLIST_SONGS (playlistsong_id, playlist_id, song_id, date_added) VALUES (77, 4, 472, '2023-07-22');
INSERT INTO PLAYLIST_SONGS (playlistsong_id, playlist_id, song_id, date_added) VALUES (78, 392, 44, '2023-11-23');
INSERT INTO PLAYLIST_SONGS (playlistsong_id, playlist_id, song_id, date_added) VALUES (79, 343, 186, '2023-02-13');
INSERT INTO PLAYLIST_SONGS (playlistsong_id, playlist_id, song_id, date_added) VALUES (80, 45, 293, '2023-12-28');
INSERT INTO PLAYLIST_SONGS (playlistsong_id, playlist_id, song_id, date_added) VALUES (81, 77, 286, '2023-09-14');
INSERT INTO PLAYLIST_SONGS (playlistsong_id, playlist_id, song_id, date_added) VALUES (82, 130, 940, '2024-05-02');
INSERT INTO PLAYLIST_SONGS (playlistsong_id, playlist_id, song_id, date_added) VALUES (83, 455, 155, '2023-02-05');
INSERT INTO PLAYLIST_SONGS (playlistsong_id, playlist_id, song_id, date_added) VALUES (84, 9, 84, '2024-04-18');
INSERT INTO PLAYLIST_SONGS (playlistsong_id, playlist_id, song_id, date_added) VALUES (85, 167, 5, '2023-09-18');
INSERT INTO PLAYLIST_SONGS (playlistsong_id, playlist_id, song_id, date_added) VALUES (86, 270, 274, '2023-12-01');
INSERT INTO PLAYLIST_SONGS (playlistsong_id, playlist_id, song_id, date_added) VALUES (87, 371, 693, '2023-05-22');
INSERT INTO PLAYLIST_SONGS (playlistsong_id, playlist_id, song_id, date_added) VALUES (88, 404, 486, '2023-03-28');
INSERT INTO PLAYLIST_SONGS (playlistsong_id, playlist_id, song_id, date_added) VALUES (89, 295, 529, '2024-04-07');
INSERT INTO PLAYLIST_SONGS (playlistsong_id, playlist_id, song_id, date_added) VALUES (90, 260, 815, '2023-05-22');
INSERT INTO PLAYLIST_SONGS (playlistsong_id, playlist_id, song_id, date_added) VALUES (91, 239, 442, '2023-07-29');
INSERT INTO PLAYLIST_SONGS (playlistsong_id, playlist_id, song_id, date_added) VALUES (92, 235, 804, '2024-05-15');
INSERT INTO PLAYLIST_SONGS (playlistsong_id, playlist_id, song_id, date_added) VALUES (93, 194, 841, '2024-04-27');
INSERT INTO PLAYLIST_SONGS (playlistsong_id, playlist_id, song_id, date_added) VALUES (94, 499, 316, '2023-03-07');
INSERT INTO PLAYLIST_SONGS (playlistsong_id, playlist_id, song_id, date_added) VALUES (95, 379, 429, '2023-07-21');
INSERT INTO PLAYLIST_SONGS (playlistsong_id, playlist_id, song_id, date_added) VALUES (96, 325, 230, '2023-11-19');
INSERT INTO PLAYLIST_SONGS (playlistsong_id, playlist_id, song_id, date_added) VALUES (97, 487, 574, '2023-08-26');
INSERT INTO PLAYLIST_SONGS (playlistsong_id, playlist_id, song_id, date_added) VALUES (98, 86, 764, '2023-04-15');
INSERT INTO PLAYLIST_SONGS (playlistsong_id, playlist_id, song_id, date_added) VALUES (99, 496, 874, '2024-02-16');
INSERT INTO PLAYLIST_SONGS (playlistsong_id, playlist_id, song_id, date_added) VALUES (100, 63, 237, '2023-10-01');
INSERT INTO PLAYLIST_SONGS (playlistsong_id, playlist_id, song_id, date_added) VALUES (101, 267, 892, '2023-09-26');
INSERT INTO PLAYLIST_SONGS (playlistsong_id, playlist_id, song_id, date_added) VALUES (102, 487, 769, '2023-05-03');
INSERT INTO PLAYLIST_SONGS (playlistsong_id, playlist_id, song_id, date_added) VALUES (103, 470, 114, '2023-06-19');
INSERT INTO PLAYLIST_SONGS (playlistsong_id, playlist_id, song_id, date_added) VALUES (104, 75, 41, '2023-01-12');
INSERT INTO PLAYLIST_SONGS (playlistsong_id, playlist_id, song_id, date_added) VALUES (105, 309, 945, '2023-10-01');
INSERT INTO PLAYLIST_SONGS (playlistsong_id, playlist_id, song_id, date_added) VALUES (106, 333, 639, '2023-11-29');
INSERT INTO PLAYLIST_SONGS (playlistsong_id, playlist_id, song_id, date_added) VALUES (107, 450, 661, '2023-02-04');
INSERT INTO PLAYLIST_SONGS (playlistsong_id, playlist_id, song_id, date_added) VALUES (108, 90, 77, '2024-03-17');
INSERT INTO PLAYLIST_SONGS (playlistsong_id, playlist_id, song_id, date_added) VALUES (109, 490, 610, '2023-03-18');
INSERT INTO PLAYLIST_SONGS (playlistsong_id, playlist_id, song_id, date_added) VALUES (110, 91, 6, '2024-01-09');
INSERT INTO PLAYLIST_SONGS (playlistsong_id, playlist_id, song_id, date_added) VALUES (111, 429, 93, '2023-04-22');
INSERT INTO PLAYLIST_SONGS (playlistsong_id, playlist_id, song_id, date_added) VALUES (112, 480, 448, '2023-05-11');
INSERT INTO PLAYLIST_SONGS (playlistsong_id, playlist_id, song_id, date_added) VALUES (113, 219, 90, '2023-08-23');
INSERT INTO PLAYLIST_SONGS (playlistsong_id, playlist_id, song_id, date_added) VALUES (114, 17, 791, '2023-05-15');
INSERT INTO PLAYLIST_SONGS (playlistsong_id, playlist_id, song_id, date_added) VALUES (115, 494, 279, '2023-06-29');
INSERT INTO PLAYLIST_SONGS (playlistsong_id, playlist_id, song_id, date_added) VALUES (116, 68, 406, '2024-03-31');
INSERT INTO PLAYLIST_SONGS (playlistsong_id, playlist_id, song_id, date_added) VALUES (117, 344, 655, '2024-01-08');
INSERT INTO PLAYLIST_SONGS (playlistsong_id, playlist_id, song_id, date_added) VALUES (118, 460, 727, '2023-02-24');
INSERT INTO PLAYLIST_SONGS (playlistsong_id, playlist_id, song_id, date_added) VALUES (119, 162, 795, '2024-01-15');
INSERT INTO PLAYLIST_SONGS (playlistsong_id, playlist_id, song_id, date_added) VALUES (120, 455, 52, '2023-12-12');
INSERT INTO PLAYLIST_SONGS (playlistsong_id, playlist_id, song_id, date_added) VALUES (121, 423, 885, '2023-01-25');
INSERT INTO PLAYLIST_SONGS (playlistsong_id, playlist_id, song_id, date_added) VALUES (122, 461, 217, '2023-05-14');
INSERT INTO PLAYLIST_SONGS (playlistsong_id, playlist_id, song_id, date_added) VALUES (123, 167, 709, '2023-07-30');
INSERT INTO PLAYLIST_SONGS (playlistsong_id, playlist_id, song_id, date_added) VALUES (124, 176, 49, '2023-03-13');
INSERT INTO PLAYLIST_SONGS (playlistsong_id, playlist_id, song_id, date_added) VALUES (125, 132, 554, '2024-03-09');
INSERT INTO PLAYLIST_SONGS (playlistsong_id, playlist_id, song_id, date_added) VALUES (126, 142, 898, '2023-08-02');
INSERT INTO PLAYLIST_SONGS (playlistsong_id, playlist_id, song_id, date_added) VALUES (127, 316, 804, '2023-10-21');
INSERT INTO PLAYLIST_SONGS (playlistsong_id, playlist_id, song_id, date_added) VALUES (128, 284, 148, '2023-01-25');
INSERT INTO PLAYLIST_SONGS (playlistsong_id, playlist_id, song_id, date_added) VALUES (129, 357, 105, '2023-04-25');
INSERT INTO PLAYLIST_SONGS (playlistsong_id, playlist_id, song_id, date_added) VALUES (130, 390, 320, '2024-04-09');
INSERT INTO PLAYLIST_SONGS (playlistsong_id, playlist_id, song_id, date_added) VALUES (131, 369, 276, '2023-07-03');
INSERT INTO PLAYLIST_SONGS (playlistsong_id, playlist_id, song_id, date_added) VALUES (132, 95, 781, '2024-03-16');
INSERT INTO PLAYLIST_SONGS (playlistsong_id, playlist_id, song_id, date_added) VALUES (133, 248, 713, '2023-02-18');
INSERT INTO PLAYLIST_SONGS (playlistsong_id, playlist_id, song_id, date_added) VALUES (134, 399, 349, '2024-02-26');
INSERT INTO PLAYLIST_SONGS (playlistsong_id, playlist_id, song_id, date_added) VALUES (135, 94, 560, '2023-03-25');
INSERT INTO PLAYLIST_SONGS (playlistsong_id, playlist_id, song_id, date_added) VALUES (136, 309, 635, '2024-04-06');
INSERT INTO PLAYLIST_SONGS (playlistsong_id, playlist_id, song_id, date_added) VALUES (137, 173, 188, '2024-05-09');
INSERT INTO PLAYLIST_SONGS (playlistsong_id, playlist_id, song_id, date_added) VALUES (138, 496, 283, '2023-09-24');
INSERT INTO PLAYLIST_SONGS (playlistsong_id, playlist_id, song_id, date_added) VALUES (139, 287, 799, '2023-03-17');
INSERT INTO PLAYLIST_SONGS (playlistsong_id, playlist_id, song_id, date_added) VALUES (140, 484, 299, '2023-02-12');
INSERT INTO PLAYLIST_SONGS (playlistsong_id, playlist_id, song_id, date_added) VALUES (141, 430, 249, '2023-12-28');
INSERT INTO PLAYLIST_SONGS (playlistsong_id, playlist_id, song_id, date_added) VALUES (142, 227, 692, '2023-02-12');
INSERT INTO PLAYLIST_SONGS (playlistsong_id, playlist_id, song_id, date_added) VALUES (143, 4, 418, '2023-07-15');
INSERT INTO PLAYLIST_SONGS (playlistsong_id, playlist_id, song_id, date_added) VALUES (144, 336, 392, '2023-08-05');
INSERT INTO PLAYLIST_SONGS (playlistsong_id, playlist_id, song_id, date_added) VALUES (145, 59, 84, '2023-11-08');
INSERT INTO PLAYLIST_SONGS (playlistsong_id, playlist_id, song_id, date_added) VALUES (146, 442, 662, '2023-08-30');
INSERT INTO PLAYLIST_SONGS (playlistsong_id, playlist_id, song_id, date_added) VALUES (147, 246, 894, '2023-08-12');
INSERT INTO PLAYLIST_SONGS (playlistsong_id, playlist_id, song_id, date_added) VALUES (148, 373, 262, '2023-01-10');
INSERT INTO PLAYLIST_SONGS (playlistsong_id, playlist_id, song_id, date_added) VALUES (149, 462, 548, '2023-02-11');
INSERT INTO PLAYLIST_SONGS (playlistsong_id, playlist_id, song_id, date_added) VALUES (150, 136, 694, '2023-11-07');
INSERT INTO PLAYLIST_SONGS (playlistsong_id, playlist_id, song_id, date_added) VALUES (151, 234, 233, '2023-12-25');
INSERT INTO PLAYLIST_SONGS (playlistsong_id, playlist_id, song_id, date_added) VALUES (152, 366, 295, '2023-03-31');
INSERT INTO PLAYLIST_SONGS (playlistsong_id, playlist_id, song_id, date_added) VALUES (153, 380, 319, '2023-11-08');
INSERT INTO PLAYLIST_SONGS (playlistsong_id, playlist_id, song_id, date_added) VALUES (154, 290, 773, '2023-07-23');
INSERT INTO PLAYLIST_SONGS (playlistsong_id, playlist_id, song_id, date_added) VALUES (155, 83, 863, '2023-06-30');
INSERT INTO PLAYLIST_SONGS (playlistsong_id, playlist_id, song_id, date_added) VALUES (156, 107, 86, '2024-03-01');
INSERT INTO PLAYLIST_SONGS (playlistsong_id, playlist_id, song_id, date_added) VALUES (157, 493, 810, '2023-10-22');
INSERT INTO PLAYLIST_SONGS (playlistsong_id, playlist_id, song_id, date_added) VALUES (158, 181, 527, '2024-01-14');
INSERT INTO PLAYLIST_SONGS (playlistsong_id, playlist_id, song_id, date_added) VALUES (159, 421, 914, '2023-07-25');
INSERT INTO PLAYLIST_SONGS (playlistsong_id, playlist_id, song_id, date_added) VALUES (160, 285, 699, '2023-03-15');
INSERT INTO PLAYLIST_SONGS (playlistsong_id, playlist_id, song_id, date_added) VALUES (161, 64, 406, '2023-03-22');
INSERT INTO PLAYLIST_SONGS (playlistsong_id, playlist_id, song_id, date_added) VALUES (162, 242, 739, '2023-10-20');
INSERT INTO PLAYLIST_SONGS (playlistsong_id, playlist_id, song_id, date_added) VALUES (163, 144, 304, '2024-04-24');
INSERT INTO PLAYLIST_SONGS (playlistsong_id, playlist_id, song_id, date_added) VALUES (164, 311, 473, '2023-11-05');
INSERT INTO PLAYLIST_SONGS (playlistsong_id, playlist_id, song_id, date_added) VALUES (165, 68, 196, '2024-04-06');
INSERT INTO PLAYLIST_SONGS (playlistsong_id, playlist_id, song_id, date_added) VALUES (166, 491, 242, '2023-03-25');
INSERT INTO PLAYLIST_SONGS (playlistsong_id, playlist_id, song_id, date_added) VALUES (167, 59, 970, '2023-08-12');
INSERT INTO PLAYLIST_SONGS (playlistsong_id, playlist_id, song_id, date_added) VALUES (168, 230, 276, '2023-09-23');
INSERT INTO PLAYLIST_SONGS (playlistsong_id, playlist_id, song_id, date_added) VALUES (169, 188, 63, '2023-10-15');
INSERT INTO PLAYLIST_SONGS (playlistsong_id, playlist_id, song_id, date_added) VALUES (170, 483, 210, '2024-05-19');
INSERT INTO PLAYLIST_SONGS (playlistsong_id, playlist_id, song_id, date_added) VALUES (171, 17, 300, '2023-02-15');
INSERT INTO PLAYLIST_SONGS (playlistsong_id, playlist_id, song_id, date_added) VALUES (172, 345, 607, '2023-10-21');
INSERT INTO PLAYLIST_SONGS (playlistsong_id, playlist_id, song_id, date_added) VALUES (173, 329, 531, '2023-12-23');
INSERT INTO PLAYLIST_SONGS (playlistsong_id, playlist_id, song_id, date_added) VALUES (174, 95, 214, '2023-09-18');
INSERT INTO PLAYLIST_SONGS (playlistsong_id, playlist_id, song_id, date_added) VALUES (175, 88, 432, '2024-03-27');
INSERT INTO PLAYLIST_SONGS (playlistsong_id, playlist_id, song_id, date_added) VALUES (176, 27, 408, '2023-04-19');
INSERT INTO PLAYLIST_SONGS (playlistsong_id, playlist_id, song_id, date_added) VALUES (177, 132, 750, '2023-12-24');
INSERT INTO PLAYLIST_SONGS (playlistsong_id, playlist_id, song_id, date_added) VALUES (178, 395, 996, '2023-02-03');
INSERT INTO PLAYLIST_SONGS (playlistsong_id, playlist_id, song_id, date_added) VALUES (179, 311, 490, '2023-09-13');
INSERT INTO PLAYLIST_SONGS (playlistsong_id, playlist_id, song_id, date_added) VALUES (180, 131, 567, '2023-09-28');
INSERT INTO PLAYLIST_SONGS (playlistsong_id, playlist_id, song_id, date_added) VALUES (181, 364, 14, '2023-01-14');
INSERT INTO PLAYLIST_SONGS (playlistsong_id, playlist_id, song_id, date_added) VALUES (182, 164, 133, '2024-04-18');
INSERT INTO PLAYLIST_SONGS (playlistsong_id, playlist_id, song_id, date_added) VALUES (183, 8, 94, '2023-10-01');
INSERT INTO PLAYLIST_SONGS (playlistsong_id, playlist_id, song_id, date_added) VALUES (184, 443, 124, '2024-05-11');
INSERT INTO PLAYLIST_SONGS (playlistsong_id, playlist_id, song_id, date_added) VALUES (185, 10, 609, '2024-05-09');
INSERT INTO PLAYLIST_SONGS (playlistsong_id, playlist_id, song_id, date_added) VALUES (186, 171, 480, '2023-07-23');
INSERT INTO PLAYLIST_SONGS (playlistsong_id, playlist_id, song_id, date_added) VALUES (187, 274, 766, '2023-12-24');
INSERT INTO PLAYLIST_SONGS (playlistsong_id, playlist_id, song_id, date_added) VALUES (188, 101, 67, '2023-09-11');
INSERT INTO PLAYLIST_SONGS (playlistsong_id, playlist_id, song_id, date_added) VALUES (189, 87, 172, '2024-05-14');
INSERT INTO PLAYLIST_SONGS (playlistsong_id, playlist_id, song_id, date_added) VALUES (190, 242, 590, '2023-10-27');
INSERT INTO PLAYLIST_SONGS (playlistsong_id, playlist_id, song_id, date_added) VALUES (191, 250, 559, '2024-01-02');
INSERT INTO PLAYLIST_SONGS (playlistsong_id, playlist_id, song_id, date_added) VALUES (192, 408, 126, '2023-02-08');
INSERT INTO PLAYLIST_SONGS (playlistsong_id, playlist_id, song_id, date_added) VALUES (193, 171, 317, '2023-06-07');
INSERT INTO PLAYLIST_SONGS (playlistsong_id, playlist_id, song_id, date_added) VALUES (194, 185, 33, '2023-09-26');
INSERT INTO PLAYLIST_SONGS (playlistsong_id, playlist_id, song_id, date_added) VALUES (195, 402, 734, '2023-08-05');
INSERT INTO PLAYLIST_SONGS (playlistsong_id, playlist_id, song_id, date_added) VALUES (196, 425, 413, '2023-10-06');
INSERT INTO PLAYLIST_SONGS (playlistsong_id, playlist_id, song_id, date_added) VALUES (197, 184, 833, '2024-01-17');
INSERT INTO PLAYLIST_SONGS (playlistsong_id, playlist_id, song_id, date_added) VALUES (198, 402, 677, '2023-10-19');
INSERT INTO PLAYLIST_SONGS (playlistsong_id, playlist_id, song_id, date_added) VALUES (199, 37, 424, '2023-01-09');
INSERT INTO PLAYLIST_SONGS (playlistsong_id, playlist_id, song_id, date_added) VALUES (200, 183, 705, '2023-11-10');
INSERT INTO PLAYLIST_SONGS (playlistsong_id, playlist_id, song_id, date_added) VALUES (201, 48, 542, '2023-06-28');
INSERT INTO PLAYLIST_SONGS (playlistsong_id, playlist_id, song_id, date_added) VALUES (202, 123, 379, '2023-07-24');
INSERT INTO PLAYLIST_SONGS (playlistsong_id, playlist_id, song_id, date_added) VALUES (203, 207, 570, '2024-03-13');
INSERT INTO PLAYLIST_SONGS (playlistsong_id, playlist_id, song_id, date_added) VALUES (204, 398, 679, '2023-10-15');
INSERT INTO PLAYLIST_SONGS (playlistsong_id, playlist_id, song_id, date_added) VALUES (205, 139, 973, '2024-03-17');
INSERT INTO PLAYLIST_SONGS (playlistsong_id, playlist_id, song_id, date_added) VALUES (206, 364, 362, '2023-02-18');
INSERT INTO PLAYLIST_SONGS (playlistsong_id, playlist_id, song_id, date_added) VALUES (207, 370, 332, '2023-04-10');
INSERT INTO PLAYLIST_SONGS (playlistsong_id, playlist_id, song_id, date_added) VALUES (208, 339, 796, '2023-09-08');
INSERT INTO PLAYLIST_SONGS (playlistsong_id, playlist_id, song_id, date_added) VALUES (209, 224, 662, '2023-04-27');
INSERT INTO PLAYLIST_SONGS (playlistsong_id, playlist_id, song_id, date_added) VALUES (210, 440, 977, '2023-11-25');
INSERT INTO PLAYLIST_SONGS (playlistsong_id, playlist_id, song_id, date_added) VALUES (211, 417, 636, '2023-07-02');
INSERT INTO PLAYLIST_SONGS (playlistsong_id, playlist_id, song_id, date_added) VALUES (212, 124, 957, '2023-02-04');
INSERT INTO PLAYLIST_SONGS (playlistsong_id, playlist_id, song_id, date_added) VALUES (213, 430, 666, '2024-03-26');
INSERT INTO PLAYLIST_SONGS (playlistsong_id, playlist_id, song_id, date_added) VALUES (214, 188, 751, '2023-01-20');
INSERT INTO PLAYLIST_SONGS (playlistsong_id, playlist_id, song_id, date_added) VALUES (215, 70, 842, '2023-12-01');
INSERT INTO PLAYLIST_SONGS (playlistsong_id, playlist_id, song_id, date_added) VALUES (216, 199, 81, '2023-07-23');
INSERT INTO PLAYLIST_SONGS (playlistsong_id, playlist_id, song_id, date_added) VALUES (217, 285, 239, '2023-04-12');
INSERT INTO PLAYLIST_SONGS (playlistsong_id, playlist_id, song_id, date_added) VALUES (218, 323, 20, '2023-06-02');
INSERT INTO PLAYLIST_SONGS (playlistsong_id, playlist_id, song_id, date_added) VALUES (219, 154, 434, '2023-12-21');
INSERT INTO PLAYLIST_SONGS (playlistsong_id, playlist_id, song_id, date_added) VALUES (220, 286, 930, '2023-08-12');
INSERT INTO PLAYLIST_SONGS (playlistsong_id, playlist_id, song_id, date_added) VALUES (221, 264, 682, '2023-05-26');
INSERT INTO PLAYLIST_SONGS (playlistsong_id, playlist_id, song_id, date_added) VALUES (222, 201, 598, '2023-01-30');
INSERT INTO PLAYLIST_SONGS (playlistsong_id, playlist_id, song_id, date_added) VALUES (223, 360, 753, '2023-08-18');
INSERT INTO PLAYLIST_SONGS (playlistsong_id, playlist_id, song_id, date_added) VALUES (224, 119, 375, '2023-05-19');
INSERT INTO PLAYLIST_SONGS (playlistsong_id, playlist_id, song_id, date_added) VALUES (225, 117, 92, '2023-09-06');
INSERT INTO PLAYLIST_SONGS (playlistsong_id, playlist_id, song_id, date_added) VALUES (226, 443, 798, '2024-04-15');
INSERT INTO PLAYLIST_SONGS (playlistsong_id, playlist_id, song_id, date_added) VALUES (227, 347, 272, '2023-01-05');
INSERT INTO PLAYLIST_SONGS (playlistsong_id, playlist_id, song_id, date_added) VALUES (228, 247, 777, '2024-03-16');
INSERT INTO PLAYLIST_SONGS (playlistsong_id, playlist_id, song_id, date_added) VALUES (229, 477, 637, '2023-12-26');
INSERT INTO PLAYLIST_SONGS (playlistsong_id, playlist_id, song_id, date_added) VALUES (230, 266, 575, '2023-03-15');
INSERT INTO PLAYLIST_SONGS (playlistsong_id, playlist_id, song_id, date_added) VALUES (231, 375, 497, '2023-10-09');
INSERT INTO PLAYLIST_SONGS (playlistsong_id, playlist_id, song_id, date_added) VALUES (232, 361, 32, '2023-06-30');
INSERT INTO PLAYLIST_SONGS (playlistsong_id, playlist_id, song_id, date_added) VALUES (233, 409, 409, '2023-07-14');
INSERT INTO PLAYLIST_SONGS (playlistsong_id, playlist_id, song_id, date_added) VALUES (234, 401, 241, '2023-07-08');
INSERT INTO PLAYLIST_SONGS (playlistsong_id, playlist_id, song_id, date_added) VALUES (235, 112, 696, '2024-04-27');
INSERT INTO PLAYLIST_SONGS (playlistsong_id, playlist_id, song_id, date_added) VALUES (236, 59, 956, '2023-06-20');
INSERT INTO PLAYLIST_SONGS (playlistsong_id, playlist_id, song_id, date_added) VALUES (237, 286, 856, '2023-03-24');
INSERT INTO PLAYLIST_SONGS (playlistsong_id, playlist_id, song_id, date_added) VALUES (238, 490, 300, '2023-12-18');
INSERT INTO PLAYLIST_SONGS (playlistsong_id, playlist_id, song_id, date_added) VALUES (239, 305, 125, '2023-08-21');
INSERT INTO PLAYLIST_SONGS (playlistsong_id, playlist_id, song_id, date_added) VALUES (240, 405, 527, '2023-11-03');
INSERT INTO PLAYLIST_SONGS (playlistsong_id, playlist_id, song_id, date_added) VALUES (241, 478, 680, '2023-07-17');
INSERT INTO PLAYLIST_SONGS (playlistsong_id, playlist_id, song_id, date_added) VALUES (242, 162, 662, '2024-04-05');
INSERT INTO PLAYLIST_SONGS (playlistsong_id, playlist_id, song_id, date_added) VALUES (243, 245, 580, '2023-07-29');
INSERT INTO PLAYLIST_SONGS (playlistsong_id, playlist_id, song_id, date_added) VALUES (244, 397, 425, '2024-03-20');
INSERT INTO PLAYLIST_SONGS (playlistsong_id, playlist_id, song_id, date_added) VALUES (245, 333, 969, '2023-02-20');
INSERT INTO PLAYLIST_SONGS (playlistsong_id, playlist_id, song_id, date_added) VALUES (246, 105, 223, '2023-08-05');
INSERT INTO PLAYLIST_SONGS (playlistsong_id, playlist_id, song_id, date_added) VALUES (247, 412, 447, '2024-01-19');
INSERT INTO PLAYLIST_SONGS (playlistsong_id, playlist_id, song_id, date_added) VALUES (248, 174, 659, '2023-07-15');
INSERT INTO PLAYLIST_SONGS (playlistsong_id, playlist_id, song_id, date_added) VALUES (249, 195, 190, '2024-03-08');
INSERT INTO PLAYLIST_SONGS (playlistsong_id, playlist_id, song_id, date_added) VALUES (250, 142, 836, '2024-05-14');
INSERT INTO PLAYLIST_SONGS (playlistsong_id, playlist_id, song_id, date_added) VALUES (251, 100, 352, '2023-11-07');
INSERT INTO PLAYLIST_SONGS (playlistsong_id, playlist_id, song_id, date_added) VALUES (252, 204, 341, '2024-03-11');
INSERT INTO PLAYLIST_SONGS (playlistsong_id, playlist_id, song_id, date_added) VALUES (253, 93, 922, '2023-07-24');
INSERT INTO PLAYLIST_SONGS (playlistsong_id, playlist_id, song_id, date_added) VALUES (254, 99, 447, '2023-06-26');
INSERT INTO PLAYLIST_SONGS (playlistsong_id, playlist_id, song_id, date_added) VALUES (255, 340, 246, '2023-04-13');
INSERT INTO PLAYLIST_SONGS (playlistsong_id, playlist_id, song_id, date_added) VALUES (256, 114, 776, '2024-01-03');
INSERT INTO PLAYLIST_SONGS (playlistsong_id, playlist_id, song_id, date_added) VALUES (257, 418, 990, '2024-01-02');
INSERT INTO PLAYLIST_SONGS (playlistsong_id, playlist_id, song_id, date_added) VALUES (258, 96, 856, '2023-07-06');
INSERT INTO PLAYLIST_SONGS (playlistsong_id, playlist_id, song_id, date_added) VALUES (259, 103, 608, '2024-02-24');
INSERT INTO PLAYLIST_SONGS (playlistsong_id, playlist_id, song_id, date_added) VALUES (260, 450, 172, '2023-12-24');
INSERT INTO PLAYLIST_SONGS (playlistsong_id, playlist_id, song_id, date_added) VALUES (261, 121, 6, '2023-03-11');
INSERT INTO PLAYLIST_SONGS (playlistsong_id, playlist_id, song_id, date_added) VALUES (262, 265, 954, '2023-02-26');
INSERT INTO PLAYLIST_SONGS (playlistsong_id, playlist_id, song_id, date_added) VALUES (263, 368, 915, '2023-02-24');
INSERT INTO PLAYLIST_SONGS (playlistsong_id, playlist_id, song_id, date_added) VALUES (264, 246, 754, '2024-02-16');
INSERT INTO PLAYLIST_SONGS (playlistsong_id, playlist_id, song_id, date_added) VALUES (265, 108, 776, '2024-03-29');
INSERT INTO PLAYLIST_SONGS (playlistsong_id, playlist_id, song_id, date_added) VALUES (266, 129, 103, '2024-03-08');
INSERT INTO PLAYLIST_SONGS (playlistsong_id, playlist_id, song_id, date_added) VALUES (267, 374, 719, '2023-02-20');
INSERT INTO PLAYLIST_SONGS (playlistsong_id, playlist_id, song_id, date_added) VALUES (268, 252, 553, '2023-12-15');
INSERT INTO PLAYLIST_SONGS (playlistsong_id, playlist_id, song_id, date_added) VALUES (269, 36, 716, '2023-02-14');
INSERT INTO PLAYLIST_SONGS (playlistsong_id, playlist_id, song_id, date_added) VALUES (270, 334, 831, '2023-05-12');
INSERT INTO PLAYLIST_SONGS (playlistsong_id, playlist_id, song_id, date_added) VALUES (271, 460, 909, '2023-12-17');
INSERT INTO PLAYLIST_SONGS (playlistsong_id, playlist_id, song_id, date_added) VALUES (272, 38, 338, '2024-04-11');
INSERT INTO PLAYLIST_SONGS (playlistsong_id, playlist_id, song_id, date_added) VALUES (273, 431, 41, '2023-08-27');
INSERT INTO PLAYLIST_SONGS (playlistsong_id, playlist_id, song_id, date_added) VALUES (274, 292, 25, '2023-08-22');
INSERT INTO PLAYLIST_SONGS (playlistsong_id, playlist_id, song_id, date_added) VALUES (275, 159, 610, '2023-11-22');
INSERT INTO PLAYLIST_SONGS (playlistsong_id, playlist_id, song_id, date_added) VALUES (276, 292, 241, '2023-11-03');
INSERT INTO PLAYLIST_SONGS (playlistsong_id, playlist_id, song_id, date_added) VALUES (277, 95, 653, '2023-03-05');
INSERT INTO PLAYLIST_SONGS (playlistsong_id, playlist_id, song_id, date_added) VALUES (278, 458, 187, '2023-03-10');
INSERT INTO PLAYLIST_SONGS (playlistsong_id, playlist_id, song_id, date_added) VALUES (279, 365, 93, '2023-09-02');
INSERT INTO PLAYLIST_SONGS (playlistsong_id, playlist_id, song_id, date_added) VALUES (280, 45, 43, '2023-07-03');
INSERT INTO PLAYLIST_SONGS (playlistsong_id, playlist_id, song_id, date_added) VALUES (281, 154, 20, '2023-09-12');
INSERT INTO PLAYLIST_SONGS (playlistsong_id, playlist_id, song_id, date_added) VALUES (282, 439, 984, '2023-07-03');
INSERT INTO PLAYLIST_SONGS (playlistsong_id, playlist_id, song_id, date_added) VALUES (283, 390, 652, '2023-01-06');
INSERT INTO PLAYLIST_SONGS (playlistsong_id, playlist_id, song_id, date_added) VALUES (284, 126, 505, '2023-07-14');
INSERT INTO PLAYLIST_SONGS (playlistsong_id, playlist_id, song_id, date_added) VALUES (285, 28, 87, '2023-08-11');
INSERT INTO PLAYLIST_SONGS (playlistsong_id, playlist_id, song_id, date_added) VALUES (286, 107, 19, '2023-09-08');
INSERT INTO PLAYLIST_SONGS (playlistsong_id, playlist_id, song_id, date_added) VALUES (287, 284, 24, '2023-03-13');
INSERT INTO PLAYLIST_SONGS (playlistsong_id, playlist_id, song_id, date_added) VALUES (288, 25, 368, '2023-09-08');
INSERT INTO PLAYLIST_SONGS (playlistsong_id, playlist_id, song_id, date_added) VALUES (289, 25, 296, '2024-05-18');
INSERT INTO PLAYLIST_SONGS (playlistsong_id, playlist_id, song_id, date_added) VALUES (290, 419, 106, '2023-04-09');
INSERT INTO PLAYLIST_SONGS (playlistsong_id, playlist_id, song_id, date_added) VALUES (291, 264, 221, '2023-07-06');
INSERT INTO PLAYLIST_SONGS (playlistsong_id, playlist_id, song_id, date_added) VALUES (292, 451, 232, '2023-04-04');
INSERT INTO PLAYLIST_SONGS (playlistsong_id, playlist_id, song_id, date_added) VALUES (293, 152, 650, '2023-03-25');
INSERT INTO PLAYLIST_SONGS (playlistsong_id, playlist_id, song_id, date_added) VALUES (294, 159, 757, '2023-07-11');
INSERT INTO PLAYLIST_SONGS (playlistsong_id, playlist_id, song_id, date_added) VALUES (295, 23, 498, '2023-07-28');
INSERT INTO PLAYLIST_SONGS (playlistsong_id, playlist_id, song_id, date_added) VALUES (296, 397, 195, '2024-03-01');
INSERT INTO PLAYLIST_SONGS (playlistsong_id, playlist_id, song_id, date_added) VALUES (297, 64, 199, '2024-04-21');
INSERT INTO PLAYLIST_SONGS (playlistsong_id, playlist_id, song_id, date_added) VALUES (298, 330, 994, '2024-01-17');
INSERT INTO PLAYLIST_SONGS (playlistsong_id, playlist_id, song_id, date_added) VALUES (299, 157, 113, '2023-01-30');
INSERT INTO PLAYLIST_SONGS (playlistsong_id, playlist_id, song_id, date_added) VALUES (300, 350, 899, '2024-03-09');
INSERT INTO PLAYLIST_SONGS (playlistsong_id, playlist_id, song_id, date_added) VALUES (301, 317, 800, '2024-05-16');
INSERT INTO PLAYLIST_SONGS (playlistsong_id, playlist_id, song_id, date_added) VALUES (302, 305, 979, '2023-04-01');
INSERT INTO PLAYLIST_SONGS (playlistsong_id, playlist_id, song_id, date_added) VALUES (303, 367, 300, '2024-03-21');
INSERT INTO PLAYLIST_SONGS (playlistsong_id, playlist_id, song_id, date_added) VALUES (304, 179, 341, '2023-01-02');
INSERT INTO PLAYLIST_SONGS (playlistsong_id, playlist_id, song_id, date_added) VALUES (305, 66, 271, '2023-03-28');
INSERT INTO PLAYLIST_SONGS (playlistsong_id, playlist_id, song_id, date_added) VALUES (306, 400, 375, '2023-10-28');
INSERT INTO PLAYLIST_SONGS (playlistsong_id, playlist_id, song_id, date_added) VALUES (307, 446, 314, '2024-04-24');
INSERT INTO PLAYLIST_SONGS (playlistsong_id, playlist_id, song_id, date_added) VALUES (308, 436, 701, '2023-04-15');
INSERT INTO PLAYLIST_SONGS (playlistsong_id, playlist_id, song_id, date_added) VALUES (309, 421, 522, '2023-05-14');
INSERT INTO PLAYLIST_SONGS (playlistsong_id, playlist_id, song_id, date_added) VALUES (310, 127, 704, '2023-11-08');
INSERT INTO PLAYLIST_SONGS (playlistsong_id, playlist_id, song_id, date_added) VALUES (311, 412, 475, '2023-07-14');
INSERT INTO PLAYLIST_SONGS (playlistsong_id, playlist_id, song_id, date_added) VALUES (312, 383, 707, '2023-06-13');
INSERT INTO PLAYLIST_SONGS (playlistsong_id, playlist_id, song_id, date_added) VALUES (313, 349, 297, '2023-01-26');
INSERT INTO PLAYLIST_SONGS (playlistsong_id, playlist_id, song_id, date_added) VALUES (314, 69, 190, '2024-03-26');
INSERT INTO PLAYLIST_SONGS (playlistsong_id, playlist_id, song_id, date_added) VALUES (315, 26, 396, '2023-06-12');
INSERT INTO PLAYLIST_SONGS (playlistsong_id, playlist_id, song_id, date_added) VALUES (316, 347, 694, '2023-07-01');
INSERT INTO PLAYLIST_SONGS (playlistsong_id, playlist_id, song_id, date_added) VALUES (317, 269, 779, '2023-01-14');
INSERT INTO PLAYLIST_SONGS (playlistsong_id, playlist_id, song_id, date_added) VALUES (318, 23, 225, '2024-04-06');
INSERT INTO PLAYLIST_SONGS (playlistsong_id, playlist_id, song_id, date_added) VALUES (319, 54, 384, '2023-11-13');
INSERT INTO PLAYLIST_SONGS (playlistsong_id, playlist_id, song_id, date_added) VALUES (320, 163, 404, '2023-11-07');
INSERT INTO PLAYLIST_SONGS (playlistsong_id, playlist_id, song_id, date_added) VALUES (321, 316, 699, '2023-11-23');
INSERT INTO PLAYLIST_SONGS (playlistsong_id, playlist_id, song_id, date_added) VALUES (322, 115, 165, '2023-04-07');
INSERT INTO PLAYLIST_SONGS (playlistsong_id, playlist_id, song_id, date_added) VALUES (323, 175, 366, '2023-02-02');
INSERT INTO PLAYLIST_SONGS (playlistsong_id, playlist_id, song_id, date_added) VALUES (324, 208, 684, '2023-08-31');
INSERT INTO PLAYLIST_SONGS (playlistsong_id, playlist_id, song_id, date_added) VALUES (325, 413, 327, '2023-04-22');
INSERT INTO PLAYLIST_SONGS (playlistsong_id, playlist_id, song_id, date_added) VALUES (326, 109, 969, '2023-05-13');
INSERT INTO PLAYLIST_SONGS (playlistsong_id, playlist_id, song_id, date_added) VALUES (327, 46, 875, '2023-09-06');
INSERT INTO PLAYLIST_SONGS (playlistsong_id, playlist_id, song_id, date_added) VALUES (328, 15, 667, '2023-12-01');
INSERT INTO PLAYLIST_SONGS (playlistsong_id, playlist_id, song_id, date_added) VALUES (329, 190, 895, '2023-09-22');
INSERT INTO PLAYLIST_SONGS (playlistsong_id, playlist_id, song_id, date_added) VALUES (330, 493, 766, '2024-01-25');
INSERT INTO PLAYLIST_SONGS (playlistsong_id, playlist_id, song_id, date_added) VALUES (331, 47, 562, '2023-12-08');
INSERT INTO PLAYLIST_SONGS (playlistsong_id, playlist_id, song_id, date_added) VALUES (332, 121, 862, '2023-12-24');
INSERT INTO PLAYLIST_SONGS (playlistsong_id, playlist_id, song_id, date_added) VALUES (333, 77, 893, '2023-06-28');
INSERT INTO PLAYLIST_SONGS (playlistsong_id, playlist_id, song_id, date_added) VALUES (334, 432, 210, '2023-05-22');
INSERT INTO PLAYLIST_SONGS (playlistsong_id, playlist_id, song_id, date_added) VALUES (335, 178, 869, '2023-08-13');
INSERT INTO PLAYLIST_SONGS (playlistsong_id, playlist_id, song_id, date_added) VALUES (336, 373, 623, '2023-08-23');
INSERT INTO PLAYLIST_SONGS (playlistsong_id, playlist_id, song_id, date_added) VALUES (337, 487, 33, '2023-04-17');
INSERT INTO PLAYLIST_SONGS (playlistsong_id, playlist_id, song_id, date_added) VALUES (338, 454, 269, '2023-06-05');
INSERT INTO PLAYLIST_SONGS (playlistsong_id, playlist_id, song_id, date_added) VALUES (339, 60, 444, '2023-03-07');
INSERT INTO PLAYLIST_SONGS (playlistsong_id, playlist_id, song_id, date_added) VALUES (340, 495, 473, '2023-11-25');
INSERT INTO PLAYLIST_SONGS (playlistsong_id, playlist_id, song_id, date_added) VALUES (341, 184, 927, '2023-09-16');
INSERT INTO PLAYLIST_SONGS (playlistsong_id, playlist_id, song_id, date_added) VALUES (342, 179, 228, '2023-12-17');
INSERT INTO PLAYLIST_SONGS (playlistsong_id, playlist_id, song_id, date_added) VALUES (343, 159, 391, '2023-08-11');
INSERT INTO PLAYLIST_SONGS (playlistsong_id, playlist_id, song_id, date_added) VALUES (344, 173, 292, '2023-05-29');
INSERT INTO PLAYLIST_SONGS (playlistsong_id, playlist_id, song_id, date_added) VALUES (345, 438, 297, '2023-02-10');
INSERT INTO PLAYLIST_SONGS (playlistsong_id, playlist_id, song_id, date_added) VALUES (346, 392, 868, '2023-12-17');
INSERT INTO PLAYLIST_SONGS (playlistsong_id, playlist_id, song_id, date_added) VALUES (347, 469, 286, '2023-11-05');
INSERT INTO PLAYLIST_SONGS (playlistsong_id, playlist_id, song_id, date_added) VALUES (348, 339, 547, '2023-12-08');
INSERT INTO PLAYLIST_SONGS (playlistsong_id, playlist_id, song_id, date_added) VALUES (349, 243, 119, '2023-10-05');
INSERT INTO PLAYLIST_SONGS (playlistsong_id, playlist_id, song_id, date_added) VALUES (350, 289, 995, '2024-01-25');
INSERT INTO PLAYLIST_SONGS (playlistsong_id, playlist_id, song_id, date_added) VALUES (351, 127, 86, '2023-05-07');
INSERT INTO PLAYLIST_SONGS (playlistsong_id, playlist_id, song_id, date_added) VALUES (352, 433, 832, '2023-03-29');
INSERT INTO PLAYLIST_SONGS (playlistsong_id, playlist_id, song_id, date_added) VALUES (353, 29, 871, '2023-01-14');
INSERT INTO PLAYLIST_SONGS (playlistsong_id, playlist_id, song_id, date_added) VALUES (354, 171, 169, '2024-01-28');
INSERT INTO PLAYLIST_SONGS (playlistsong_id, playlist_id, song_id, date_added) VALUES (355, 498, 674, '2023-04-11');
INSERT INTO PLAYLIST_SONGS (playlistsong_id, playlist_id, song_id, date_added) VALUES (356, 166, 576, '2023-03-29');
INSERT INTO PLAYLIST_SONGS (playlistsong_id, playlist_id, song_id, date_added) VALUES (357, 277, 544, '2024-04-21');
INSERT INTO PLAYLIST_SONGS (playlistsong_id, playlist_id, song_id, date_added) VALUES (358, 248, 572, '2023-04-25');
INSERT INTO PLAYLIST_SONGS (playlistsong_id, playlist_id, song_id, date_added) VALUES (359, 111, 12, '2023-07-14');
INSERT INTO PLAYLIST_SONGS (playlistsong_id, playlist_id, song_id, date_added) VALUES (360, 384, 369, '2024-03-09');
INSERT INTO PLAYLIST_SONGS (playlistsong_id, playlist_id, song_id, date_added) VALUES (361, 34, 837, '2023-05-14');
INSERT INTO PLAYLIST_SONGS (playlistsong_id, playlist_id, song_id, date_added) VALUES (362, 412, 529, '2023-06-14');
INSERT INTO PLAYLIST_SONGS (playlistsong_id, playlist_id, song_id, date_added) VALUES (363, 70, 862, '2024-02-20');
INSERT INTO PLAYLIST_SONGS (playlistsong_id, playlist_id, song_id, date_added) VALUES (364, 45, 631, '2024-03-13');
INSERT INTO PLAYLIST_SONGS (playlistsong_id, playlist_id, song_id, date_added) VALUES (365, 133, 466, '2023-03-12');
INSERT INTO PLAYLIST_SONGS (playlistsong_id, playlist_id, song_id, date_added) VALUES (366, 331, 684, '2024-04-15');
INSERT INTO PLAYLIST_SONGS (playlistsong_id, playlist_id, song_id, date_added) VALUES (367, 499, 391, '2023-12-09');
INSERT INTO PLAYLIST_SONGS (playlistsong_id, playlist_id, song_id, date_added) VALUES (368, 226, 250, '2023-11-24');
INSERT INTO PLAYLIST_SONGS (playlistsong_id, playlist_id, song_id, date_added) VALUES (369, 453, 556, '2023-08-16');
INSERT INTO PLAYLIST_SONGS (playlistsong_id, playlist_id, song_id, date_added) VALUES (370, 451, 125, '2024-04-18');
INSERT INTO PLAYLIST_SONGS (playlistsong_id, playlist_id, song_id, date_added) VALUES (371, 81, 595, '2023-01-18');
INSERT INTO PLAYLIST_SONGS (playlistsong_id, playlist_id, song_id, date_added) VALUES (372, 39, 578, '2023-06-26');
INSERT INTO PLAYLIST_SONGS (playlistsong_id, playlist_id, song_id, date_added) VALUES (373, 462, 900, '2024-04-30');
INSERT INTO PLAYLIST_SONGS (playlistsong_id, playlist_id, song_id, date_added) VALUES (374, 371, 590, '2024-03-06');
INSERT INTO PLAYLIST_SONGS (playlistsong_id, playlist_id, song_id, date_added) VALUES (375, 329, 188, '2024-01-17');
INSERT INTO PLAYLIST_SONGS (playlistsong_id, playlist_id, song_id, date_added) VALUES (376, 5, 935, '2023-08-13');
INSERT INTO PLAYLIST_SONGS (playlistsong_id, playlist_id, song_id, date_added) VALUES (377, 272, 805, '2024-04-27');
INSERT INTO PLAYLIST_SONGS (playlistsong_id, playlist_id, song_id, date_added) VALUES (378, 404, 470, '2023-08-09');
INSERT INTO PLAYLIST_SONGS (playlistsong_id, playlist_id, song_id, date_added) VALUES (379, 374, 101, '2024-02-19');
INSERT INTO PLAYLIST_SONGS (playlistsong_id, playlist_id, song_id, date_added) VALUES (380, 397, 501, '2023-07-27');
INSERT INTO PLAYLIST_SONGS (playlistsong_id, playlist_id, song_id, date_added) VALUES (381, 53, 701, '2023-10-01');
INSERT INTO PLAYLIST_SONGS (playlistsong_id, playlist_id, song_id, date_added) VALUES (382, 72, 67, '2023-04-17');
INSERT INTO PLAYLIST_SONGS (playlistsong_id, playlist_id, song_id, date_added) VALUES (383, 61, 922, '2023-11-13');
INSERT INTO PLAYLIST_SONGS (playlistsong_id, playlist_id, song_id, date_added) VALUES (384, 268, 881, '2023-10-15');
INSERT INTO PLAYLIST_SONGS (playlistsong_id, playlist_id, song_id, date_added) VALUES (385, 478, 447, '2024-01-11');
INSERT INTO PLAYLIST_SONGS (playlistsong_id, playlist_id, song_id, date_added) VALUES (386, 249, 754, '2024-03-01');
INSERT INTO PLAYLIST_SONGS (playlistsong_id, playlist_id, song_id, date_added) VALUES (387, 226, 293, '2024-05-01');
INSERT INTO PLAYLIST_SONGS (playlistsong_id, playlist_id, song_id, date_added) VALUES (388, 322, 204, '2023-05-17');
INSERT INTO PLAYLIST_SONGS (playlistsong_id, playlist_id, song_id, date_added) VALUES (389, 181, 278, '2023-12-09');
INSERT INTO PLAYLIST_SONGS (playlistsong_id, playlist_id, song_id, date_added) VALUES (390, 438, 21, '2023-08-04');
INSERT INTO PLAYLIST_SONGS (playlistsong_id, playlist_id, song_id, date_added) VALUES (391, 477, 694, '2023-12-31');
INSERT INTO PLAYLIST_SONGS (playlistsong_id, playlist_id, song_id, date_added) VALUES (392, 61, 886, '2023-12-13');
INSERT INTO PLAYLIST_SONGS (playlistsong_id, playlist_id, song_id, date_added) VALUES (393, 105, 883, '2024-02-16');
INSERT INTO PLAYLIST_SONGS (playlistsong_id, playlist_id, song_id, date_added) VALUES (394, 300, 319, '2023-10-15');
INSERT INTO PLAYLIST_SONGS (playlistsong_id, playlist_id, song_id, date_added) VALUES (395, 14, 496, '2023-09-24');
INSERT INTO PLAYLIST_SONGS (playlistsong_id, playlist_id, song_id, date_added) VALUES (396, 26, 141, '2023-01-28');
INSERT INTO PLAYLIST_SONGS (playlistsong_id, playlist_id, song_id, date_added) VALUES (397, 381, 531, '2023-10-26');
INSERT INTO PLAYLIST_SONGS (playlistsong_id, playlist_id, song_id, date_added) VALUES (398, 439, 595, '2023-06-16');
INSERT INTO PLAYLIST_SONGS (playlistsong_id, playlist_id, song_id, date_added) VALUES (399, 450, 901, '2023-12-30');
INSERT INTO PLAYLIST_SONGS (playlistsong_id, playlist_id, song_id, date_added) VALUES (400, 18, 79, '2023-03-05');
INSERT INTO PLAYLIST_SONGS (playlistsong_id, playlist_id, song_id, date_added) VALUES (401, 125, 842, '2023-03-14');
INSERT INTO PLAYLIST_SONGS (playlistsong_id, playlist_id, song_id, date_added) VALUES (402, 410, 757, '2023-02-05');
INSERT INTO PLAYLIST_SONGS (playlistsong_id, playlist_id, song_id, date_added) VALUES (403, 341, 987, '2023-05-14');
INSERT INTO PLAYLIST_SONGS (playlistsong_id, playlist_id, song_id, date_added) VALUES (404, 1, 415, '2024-03-15');
INSERT INTO PLAYLIST_SONGS (playlistsong_id, playlist_id, song_id, date_added) VALUES (405, 472, 273, '2023-11-17');
INSERT INTO PLAYLIST_SONGS (playlistsong_id, playlist_id, song_id, date_added) VALUES (406, 132, 720, '2024-05-10');
INSERT INTO PLAYLIST_SONGS (playlistsong_id, playlist_id, song_id, date_added) VALUES (407, 260, 536, '2023-08-10');
INSERT INTO PLAYLIST_SONGS (playlistsong_id, playlist_id, song_id, date_added) VALUES (408, 474, 14, '2023-04-23');
INSERT INTO PLAYLIST_SONGS (playlistsong_id, playlist_id, song_id, date_added) VALUES (409, 10, 663, '2023-07-23');
INSERT INTO PLAYLIST_SONGS (playlistsong_id, playlist_id, song_id, date_added) VALUES (410, 392, 446, '2023-04-19');
INSERT INTO PLAYLIST_SONGS (playlistsong_id, playlist_id, song_id, date_added) VALUES (411, 386, 610, '2023-02-13');
INSERT INTO PLAYLIST_SONGS (playlistsong_id, playlist_id, song_id, date_added) VALUES (412, 130, 336, '2023-08-09');
INSERT INTO PLAYLIST_SONGS (playlistsong_id, playlist_id, song_id, date_added) VALUES (413, 418, 495, '2023-12-19');
INSERT INTO PLAYLIST_SONGS (playlistsong_id, playlist_id, song_id, date_added) VALUES (414, 340, 112, '2023-09-08');
INSERT INTO PLAYLIST_SONGS (playlistsong_id, playlist_id, song_id, date_added) VALUES (415, 433, 245, '2023-07-31');
INSERT INTO PLAYLIST_SONGS (playlistsong_id, playlist_id, song_id, date_added) VALUES (416, 438, 391, '2023-06-08');
INSERT INTO PLAYLIST_SONGS (playlistsong_id, playlist_id, song_id, date_added) VALUES (417, 465, 1000, '2023-11-26');
INSERT INTO PLAYLIST_SONGS (playlistsong_id, playlist_id, song_id, date_added) VALUES (418, 223, 732, '2023-04-01');
INSERT INTO PLAYLIST_SONGS (playlistsong_id, playlist_id, song_id, date_added) VALUES (419, 17, 477, '2023-01-13');
INSERT INTO PLAYLIST_SONGS (playlistsong_id, playlist_id, song_id, date_added) VALUES (420, 457, 428, '2023-01-22');
INSERT INTO PLAYLIST_SONGS (playlistsong_id, playlist_id, song_id, date_added) VALUES (421, 439, 381, '2023-04-24');
INSERT INTO PLAYLIST_SONGS (playlistsong_id, playlist_id, song_id, date_added) VALUES (422, 175, 59, '2023-11-24');
INSERT INTO PLAYLIST_SONGS (playlistsong_id, playlist_id, song_id, date_added) VALUES (423, 390, 26, '2024-02-03');
INSERT INTO PLAYLIST_SONGS (playlistsong_id, playlist_id, song_id, date_added) VALUES (424, 323, 428, '2023-12-23');
INSERT INTO PLAYLIST_SONGS (playlistsong_id, playlist_id, song_id, date_added) VALUES (425, 274, 282, '2023-11-05');
INSERT INTO PLAYLIST_SONGS (playlistsong_id, playlist_id, song_id, date_added) VALUES (426, 325, 817, '2024-03-25');
INSERT INTO PLAYLIST_SONGS (playlistsong_id, playlist_id, song_id, date_added) VALUES (427, 61, 917, '2023-07-17');
INSERT INTO PLAYLIST_SONGS (playlistsong_id, playlist_id, song_id, date_added) VALUES (428, 52, 17, '2024-02-18');
INSERT INTO PLAYLIST_SONGS (playlistsong_id, playlist_id, song_id, date_added) VALUES (429, 240, 459, '2023-04-14');
INSERT INTO PLAYLIST_SONGS (playlistsong_id, playlist_id, song_id, date_added) VALUES (430, 12, 752, '2023-10-03');
INSERT INTO PLAYLIST_SONGS (playlistsong_id, playlist_id, song_id, date_added) VALUES (431, 439, 561, '2023-09-07');
INSERT INTO PLAYLIST_SONGS (playlistsong_id, playlist_id, song_id, date_added) VALUES (432, 362, 993, '2024-02-08');
INSERT INTO PLAYLIST_SONGS (playlistsong_id, playlist_id, song_id, date_added) VALUES (433, 451, 980, '2023-11-25');
INSERT INTO PLAYLIST_SONGS (playlistsong_id, playlist_id, song_id, date_added) VALUES (434, 143, 311, '2024-03-02');
INSERT INTO PLAYLIST_SONGS (playlistsong_id, playlist_id, song_id, date_added) VALUES (435, 274, 177, '2024-02-21');
INSERT INTO PLAYLIST_SONGS (playlistsong_id, playlist_id, song_id, date_added) VALUES (436, 115, 980, '2023-11-20');
INSERT INTO PLAYLIST_SONGS (playlistsong_id, playlist_id, song_id, date_added) VALUES (437, 196, 265, '2023-04-07');
INSERT INTO PLAYLIST_SONGS (playlistsong_id, playlist_id, song_id, date_added) VALUES (438, 25, 328, '2023-05-26');
INSERT INTO PLAYLIST_SONGS (playlistsong_id, playlist_id, song_id, date_added) VALUES (439, 234, 936, '2023-11-17');
INSERT INTO PLAYLIST_SONGS (playlistsong_id, playlist_id, song_id, date_added) VALUES (440, 12, 875, '2024-04-25');
INSERT INTO PLAYLIST_SONGS (playlistsong_id, playlist_id, song_id, date_added) VALUES (441, 26, 447, '2023-08-04');
INSERT INTO PLAYLIST_SONGS (playlistsong_id, playlist_id, song_id, date_added) VALUES (442, 108, 240, '2024-05-08');
INSERT INTO PLAYLIST_SONGS (playlistsong_id, playlist_id, song_id, date_added) VALUES (443, 45, 942, '2023-02-13');
INSERT INTO PLAYLIST_SONGS (playlistsong_id, playlist_id, song_id, date_added) VALUES (444, 14, 460, '2023-11-17');
INSERT INTO PLAYLIST_SONGS (playlistsong_id, playlist_id, song_id, date_added) VALUES (445, 30, 229, '2023-02-16');
INSERT INTO PLAYLIST_SONGS (playlistsong_id, playlist_id, song_id, date_added) VALUES (446, 483, 843, '2023-07-08');
INSERT INTO PLAYLIST_SONGS (playlistsong_id, playlist_id, song_id, date_added) VALUES (447, 62, 986, '2023-02-02');
INSERT INTO PLAYLIST_SONGS (playlistsong_id, playlist_id, song_id, date_added) VALUES (448, 310, 912, '2023-09-26');
INSERT INTO PLAYLIST_SONGS (playlistsong_id, playlist_id, song_id, date_added) VALUES (449, 178, 93, '2023-10-16');
INSERT INTO PLAYLIST_SONGS (playlistsong_id, playlist_id, song_id, date_added) VALUES (450, 326, 528, '2024-04-27');
INSERT INTO PLAYLIST_SONGS (playlistsong_id, playlist_id, song_id, date_added) VALUES (451, 75, 703, '2023-03-20');
INSERT INTO PLAYLIST_SONGS (playlistsong_id, playlist_id, song_id, date_added) VALUES (452, 283, 433, '2023-04-26');
INSERT INTO PLAYLIST_SONGS (playlistsong_id, playlist_id, song_id, date_added) VALUES (453, 29, 353, '2024-05-06');
INSERT INTO PLAYLIST_SONGS (playlistsong_id, playlist_id, song_id, date_added) VALUES (454, 358, 293, '2023-11-02');
INSERT INTO PLAYLIST_SONGS (playlistsong_id, playlist_id, song_id, date_added) VALUES (455, 29, 455, '2023-09-06');
INSERT INTO PLAYLIST_SONGS (playlistsong_id, playlist_id, song_id, date_added) VALUES (456, 30, 749, '2023-07-20');
INSERT INTO PLAYLIST_SONGS (playlistsong_id, playlist_id, song_id, date_added) VALUES (457, 355, 240, '2024-03-12');
INSERT INTO PLAYLIST_SONGS (playlistsong_id, playlist_id, song_id, date_added) VALUES (458, 388, 149, '2023-11-24');
INSERT INTO PLAYLIST_SONGS (playlistsong_id, playlist_id, song_id, date_added) VALUES (459, 287, 171, '2023-06-06');
INSERT INTO PLAYLIST_SONGS (playlistsong_id, playlist_id, song_id, date_added) VALUES (460, 311, 216, '2023-11-21');
INSERT INTO PLAYLIST_SONGS (playlistsong_id, playlist_id, song_id, date_added) VALUES (461, 455, 522, '2024-04-28');
INSERT INTO PLAYLIST_SONGS (playlistsong_id, playlist_id, song_id, date_added) VALUES (462, 135, 250, '2023-02-05');
INSERT INTO PLAYLIST_SONGS (playlistsong_id, playlist_id, song_id, date_added) VALUES (463, 264, 286, '2024-03-17');
INSERT INTO PLAYLIST_SONGS (playlistsong_id, playlist_id, song_id, date_added) VALUES (464, 403, 151, '2023-08-15');
INSERT INTO PLAYLIST_SONGS (playlistsong_id, playlist_id, song_id, date_added) VALUES (465, 40, 275, '2024-03-19');
INSERT INTO PLAYLIST_SONGS (playlistsong_id, playlist_id, song_id, date_added) VALUES (466, 401, 253, '2023-02-08');
INSERT INTO PLAYLIST_SONGS (playlistsong_id, playlist_id, song_id, date_added) VALUES (467, 221, 939, '2023-03-02');
INSERT INTO PLAYLIST_SONGS (playlistsong_id, playlist_id, song_id, date_added) VALUES (468, 356, 842, '2024-05-07');
INSERT INTO PLAYLIST_SONGS (playlistsong_id, playlist_id, song_id, date_added) VALUES (469, 407, 709, '2023-10-23');
INSERT INTO PLAYLIST_SONGS (playlistsong_id, playlist_id, song_id, date_added) VALUES (470, 497, 997, '2023-10-16');
INSERT INTO PLAYLIST_SONGS (playlistsong_id, playlist_id, song_id, date_added) VALUES (471, 144, 36, '2023-04-20');
INSERT INTO PLAYLIST_SONGS (playlistsong_id, playlist_id, song_id, date_added) VALUES (472, 430, 328, '2023-09-09');
INSERT INTO PLAYLIST_SONGS (playlistsong_id, playlist_id, song_id, date_added) VALUES (473, 235, 462, '2023-10-10');
INSERT INTO PLAYLIST_SONGS (playlistsong_id, playlist_id, song_id, date_added) VALUES (474, 497, 416, '2024-01-09');
INSERT INTO PLAYLIST_SONGS (playlistsong_id, playlist_id, song_id, date_added) VALUES (475, 147, 300, '2023-11-12');
INSERT INTO PLAYLIST_SONGS (playlistsong_id, playlist_id, song_id, date_added) VALUES (476, 79, 204, '2023-03-06');
INSERT INTO PLAYLIST_SONGS (playlistsong_id, playlist_id, song_id, date_added) VALUES (477, 455, 207, '2023-12-08');
INSERT INTO PLAYLIST_SONGS (playlistsong_id, playlist_id, song_id, date_added) VALUES (478, 460, 489, '2024-03-28');
INSERT INTO PLAYLIST_SONGS (playlistsong_id, playlist_id, song_id, date_added) VALUES (479, 226, 741, '2023-03-30');
INSERT INTO PLAYLIST_SONGS (playlistsong_id, playlist_id, song_id, date_added) VALUES (480, 234, 301, '2024-02-06');
INSERT INTO PLAYLIST_SONGS (playlistsong_id, playlist_id, song_id, date_added) VALUES (481, 441, 366, '2023-01-07');
INSERT INTO PLAYLIST_SONGS (playlistsong_id, playlist_id, song_id, date_added) VALUES (482, 423, 484, '2024-02-14');
INSERT INTO PLAYLIST_SONGS (playlistsong_id, playlist_id, song_id, date_added) VALUES (483, 76, 992, '2023-06-19');
INSERT INTO PLAYLIST_SONGS (playlistsong_id, playlist_id, song_id, date_added) VALUES (484, 104, 625, '2024-03-22');
INSERT INTO PLAYLIST_SONGS (playlistsong_id, playlist_id, song_id, date_added) VALUES (485, 88, 430, '2023-06-26');
INSERT INTO PLAYLIST_SONGS (playlistsong_id, playlist_id, song_id, date_added) VALUES (486, 478, 309, '2023-04-08');
INSERT INTO PLAYLIST_SONGS (playlistsong_id, playlist_id, song_id, date_added) VALUES (487, 460, 98, '2023-09-11');
INSERT INTO PLAYLIST_SONGS (playlistsong_id, playlist_id, song_id, date_added) VALUES (488, 138, 387, '2023-07-04');
INSERT INTO PLAYLIST_SONGS (playlistsong_id, playlist_id, song_id, date_added) VALUES (489, 85, 519, '2023-07-23');
INSERT INTO PLAYLIST_SONGS (playlistsong_id, playlist_id, song_id, date_added) VALUES (490, 7, 184, '2024-02-17');
INSERT INTO PLAYLIST_SONGS (playlistsong_id, playlist_id, song_id, date_added) VALUES (491, 185, 902, '2023-07-05');
INSERT INTO PLAYLIST_SONGS (playlistsong_id, playlist_id, song_id, date_added) VALUES (492, 331, 721, '2023-12-01');
INSERT INTO PLAYLIST_SONGS (playlistsong_id, playlist_id, song_id, date_added) VALUES (493, 445, 114, '2023-03-05');
INSERT INTO PLAYLIST_SONGS (playlistsong_id, playlist_id, song_id, date_added) VALUES (494, 312, 674, '2024-01-28');
INSERT INTO PLAYLIST_SONGS (playlistsong_id, playlist_id, song_id, date_added) VALUES (495, 334, 306, '2023-03-30');
INSERT INTO PLAYLIST_SONGS (playlistsong_id, playlist_id, song_id, date_added) VALUES (496, 143, 472, '2024-01-01');
INSERT INTO PLAYLIST_SONGS (playlistsong_id, playlist_id, song_id, date_added) VALUES (497, 262, 372, '2023-06-30');
INSERT INTO PLAYLIST_SONGS (playlistsong_id, playlist_id, song_id, date_added) VALUES (498, 81, 752, '2023-05-14');
INSERT INTO PLAYLIST_SONGS (playlistsong_id, playlist_id, song_id, date_added) VALUES (499, 181, 998, '2024-03-16');
INSERT INTO PLAYLIST_SONGS (playlistsong_id, playlist_id, song_id, date_added) VALUES (500, 50, 497, '2023-12-15');

-- PLAY_HISTORY Data --
INSERT INTO PLAY_HISTORY (play_id, user_id, song_id, playtime) VALUES (1, 5, 974, '2024-03-07 18:04:16');
INSERT INTO PLAY_HISTORY (play_id, user_id, song_id, playtime) VALUES (2, 78, 544, '2024-04-11 19:33:18');
INSERT INTO PLAY_HISTORY (play_id, user_id, song_id, playtime) VALUES (3, 78, 190, '2024-01-08 20:45:41');
INSERT INTO PLAY_HISTORY (play_id, user_id, song_id, playtime) VALUES (4, 3, 986, '2024-04-22 05:50:07');
INSERT INTO PLAY_HISTORY (play_id, user_id, song_id, playtime) VALUES (5, 83, 533, '2024-04-27 12:20:52');
INSERT INTO PLAY_HISTORY (play_id, user_id, song_id, playtime) VALUES (6, 36, 547, '2024-01-26 10:48:35');
INSERT INTO PLAY_HISTORY (play_id, user_id, song_id, playtime) VALUES (7, 59, 250, '2024-04-24 01:30:09');
INSERT INTO PLAY_HISTORY (play_id, user_id, song_id, playtime) VALUES (8, 9, 469, '2024-04-26 03:25:13');
INSERT INTO PLAY_HISTORY (play_id, user_id, song_id, playtime) VALUES (9, 9, 504, '2024-02-14 11:20:05');
INSERT INTO PLAY_HISTORY (play_id, user_id, song_id, playtime) VALUES (10, 37, 51, '2024-02-24 01:59:26');
INSERT INTO PLAY_HISTORY (play_id, user_id, song_id, playtime) VALUES (11, 49, 55, '2024-03-28 12:39:39');
INSERT INTO PLAY_HISTORY (play_id, user_id, song_id, playtime) VALUES (12, 82, 231, '2024-03-28 06:07:43');
INSERT INTO PLAY_HISTORY (play_id, user_id, song_id, playtime) VALUES (13, 27, 81, '2024-03-29 18:10:05');
INSERT INTO PLAY_HISTORY (play_id, user_id, song_id, playtime) VALUES (14, 65, 271, '2024-05-12 07:58:24');
INSERT INTO PLAY_HISTORY (play_id, user_id, song_id, playtime) VALUES (15, 95, 509, '2024-03-24 17:51:53');
INSERT INTO PLAY_HISTORY (play_id, user_id, song_id, playtime) VALUES (16, 3, 653, '2024-01-31 19:50:03');
INSERT INTO PLAY_HISTORY (play_id, user_id, song_id, playtime) VALUES (17, 93, 622, '2024-05-01 08:50:15');
INSERT INTO PLAY_HISTORY (play_id, user_id, song_id, playtime) VALUES (18, 90, 708, '2024-04-16 13:03:03');
INSERT INTO PLAY_HISTORY (play_id, user_id, song_id, playtime) VALUES (19, 80, 513, '2024-01-05 10:24:55');
INSERT INTO PLAY_HISTORY (play_id, user_id, song_id, playtime) VALUES (20, 26, 813, '2024-03-05 22:39:54');
INSERT INTO PLAY_HISTORY (play_id, user_id, song_id, playtime) VALUES (21, 7, 288, '2024-01-10 18:47:00');
INSERT INTO PLAY_HISTORY (play_id, user_id, song_id, playtime) VALUES (22, 30, 581, '2024-04-22 03:53:05');
INSERT INTO PLAY_HISTORY (play_id, user_id, song_id, playtime) VALUES (23, 97, 9, '2024-04-12 23:43:02');
INSERT INTO PLAY_HISTORY (play_id, user_id, song_id, playtime) VALUES (24, 82, 545, '2024-05-02 14:47:52');
INSERT INTO PLAY_HISTORY (play_id, user_id, song_id, playtime) VALUES (25, 54, 933, '2024-03-26 21:54:34');
INSERT INTO PLAY_HISTORY (play_id, user_id, song_id, playtime) VALUES (26, 47, 111, '2024-01-13 20:09:51');
INSERT INTO PLAY_HISTORY (play_id, user_id, song_id, playtime) VALUES (27, 19, 64, '2024-05-08 06:44:31');
INSERT INTO PLAY_HISTORY (play_id, user_id, song_id, playtime) VALUES (28, 76, 708, '2024-05-18 00:17:04');
INSERT INTO PLAY_HISTORY (play_id, user_id, song_id, playtime) VALUES (29, 28, 933, '2024-02-24 15:22:28');
INSERT INTO PLAY_HISTORY (play_id, user_id, song_id, playtime) VALUES (30, 66, 342, '2024-02-22 04:30:20');
INSERT INTO PLAY_HISTORY (play_id, user_id, song_id, playtime) VALUES (31, 92, 762, '2024-03-25 14:22:02');
INSERT INTO PLAY_HISTORY (play_id, user_id, song_id, playtime) VALUES (32, 30, 886, '2024-02-20 12:31:55');
INSERT INTO PLAY_HISTORY (play_id, user_id, song_id, playtime) VALUES (33, 49, 270, '2024-04-20 03:44:33');
INSERT INTO PLAY_HISTORY (play_id, user_id, song_id, playtime) VALUES (34, 7, 273, '2024-04-04 14:01:23');
INSERT INTO PLAY_HISTORY (play_id, user_id, song_id, playtime) VALUES (35, 65, 286, '2024-02-13 20:03:28');
INSERT INTO PLAY_HISTORY (play_id, user_id, song_id, playtime) VALUES (36, 27, 603, '2024-03-04 18:24:29');
INSERT INTO PLAY_HISTORY (play_id, user_id, song_id, playtime) VALUES (37, 41, 275, '2024-05-07 17:07:41');
INSERT INTO PLAY_HISTORY (play_id, user_id, song_id, playtime) VALUES (38, 89, 831, '2024-03-29 21:12:16');
INSERT INTO PLAY_HISTORY (play_id, user_id, song_id, playtime) VALUES (39, 2, 610, '2024-02-19 11:10:39');
INSERT INTO PLAY_HISTORY (play_id, user_id, song_id, playtime) VALUES (40, 51, 965, '2024-03-04 02:13:42');
INSERT INTO PLAY_HISTORY (play_id, user_id, song_id, playtime) VALUES (41, 58, 28, '2024-02-23 21:04:23');
INSERT INTO PLAY_HISTORY (play_id, user_id, song_id, playtime) VALUES (42, 54, 471, '2024-04-24 03:55:46');
INSERT INTO PLAY_HISTORY (play_id, user_id, song_id, playtime) VALUES (43, 18, 122, '2024-02-13 04:29:47');
INSERT INTO PLAY_HISTORY (play_id, user_id, song_id, playtime) VALUES (44, 19, 902, '2024-05-17 03:38:30');
INSERT INTO PLAY_HISTORY (play_id, user_id, song_id, playtime) VALUES (45, 39, 435, '2024-03-24 22:39:45');
INSERT INTO PLAY_HISTORY (play_id, user_id, song_id, playtime) VALUES (46, 50, 965, '2024-04-18 00:00:08');
INSERT INTO PLAY_HISTORY (play_id, user_id, song_id, playtime) VALUES (47, 26, 257, '2024-02-24 09:33:18');
INSERT INTO PLAY_HISTORY (play_id, user_id, song_id, playtime) VALUES (48, 17, 995, '2024-02-20 18:11:21');
INSERT INTO PLAY_HISTORY (play_id, user_id, song_id, playtime) VALUES (49, 48, 778, '2024-01-26 00:39:40');
INSERT INTO PLAY_HISTORY (play_id, user_id, song_id, playtime) VALUES (50, 27, 263, '2024-01-13 06:30:18');
INSERT INTO PLAY_HISTORY (play_id, user_id, song_id, playtime) VALUES (51, 80, 61, '2024-02-12 22:55:16');
INSERT INTO PLAY_HISTORY (play_id, user_id, song_id, playtime) VALUES (52, 19, 74, '2024-05-12 23:39:56');
INSERT INTO PLAY_HISTORY (play_id, user_id, song_id, playtime) VALUES (53, 7, 119, '2024-04-17 08:04:41');
INSERT INTO PLAY_HISTORY (play_id, user_id, song_id, playtime) VALUES (54, 74, 65, '2024-03-06 23:37:44');
INSERT INTO PLAY_HISTORY (play_id, user_id, song_id, playtime) VALUES (55, 43, 352, '2024-03-14 03:08:40');
INSERT INTO PLAY_HISTORY (play_id, user_id, song_id, playtime) VALUES (56, 95, 898, '2024-01-23 15:49:08');
INSERT INTO PLAY_HISTORY (play_id, user_id, song_id, playtime) VALUES (57, 56, 857, '2024-04-26 05:06:20');
INSERT INTO PLAY_HISTORY (play_id, user_id, song_id, playtime) VALUES (58, 17, 220, '2024-05-09 17:26:44');
INSERT INTO PLAY_HISTORY (play_id, user_id, song_id, playtime) VALUES (59, 100, 478, '2024-04-24 23:59:12');
INSERT INTO PLAY_HISTORY (play_id, user_id, song_id, playtime) VALUES (60, 60, 246, '2024-05-17 18:12:48');
INSERT INTO PLAY_HISTORY (play_id, user_id, song_id, playtime) VALUES (61, 42, 387, '2024-02-21 23:49:07');
INSERT INTO PLAY_HISTORY (play_id, user_id, song_id, playtime) VALUES (62, 19, 782, '2024-02-05 17:43:08');
INSERT INTO PLAY_HISTORY (play_id, user_id, song_id, playtime) VALUES (63, 62, 617, '2024-02-04 16:03:27');
INSERT INTO PLAY_HISTORY (play_id, user_id, song_id, playtime) VALUES (64, 34, 867, '2024-05-02 05:36:40');
INSERT INTO PLAY_HISTORY (play_id, user_id, song_id, playtime) VALUES (65, 54, 332, '2024-04-19 13:13:32');
INSERT INTO PLAY_HISTORY (play_id, user_id, song_id, playtime) VALUES (66, 2, 266, '2024-01-20 20:07:45');
INSERT INTO PLAY_HISTORY (play_id, user_id, song_id, playtime) VALUES (67, 52, 592, '2024-01-20 21:06:44');
INSERT INTO PLAY_HISTORY (play_id, user_id, song_id, playtime) VALUES (68, 60, 29, '2024-05-10 18:11:19');
INSERT INTO PLAY_HISTORY (play_id, user_id, song_id, playtime) VALUES (69, 10, 494, '2024-04-25 05:41:53');
INSERT INTO PLAY_HISTORY (play_id, user_id, song_id, playtime) VALUES (70, 18, 99, '2024-04-09 00:04:03');
INSERT INTO PLAY_HISTORY (play_id, user_id, song_id, playtime) VALUES (71, 69, 11, '2024-03-29 11:13:04');
INSERT INTO PLAY_HISTORY (play_id, user_id, song_id, playtime) VALUES (72, 7, 343, '2024-05-16 22:51:32');
INSERT INTO PLAY_HISTORY (play_id, user_id, song_id, playtime) VALUES (73, 26, 490, '2024-03-25 15:32:35');
INSERT INTO PLAY_HISTORY (play_id, user_id, song_id, playtime) VALUES (74, 69, 342, '2024-04-06 07:43:38');
INSERT INTO PLAY_HISTORY (play_id, user_id, song_id, playtime) VALUES (75, 94, 568, '2024-04-04 04:35:32');
INSERT INTO PLAY_HISTORY (play_id, user_id, song_id, playtime) VALUES (76, 10, 857, '2024-01-05 14:22:51');
INSERT INTO PLAY_HISTORY (play_id, user_id, song_id, playtime) VALUES (77, 31, 420, '2024-02-07 14:59:56');
INSERT INTO PLAY_HISTORY (play_id, user_id, song_id, playtime) VALUES (78, 33, 964, '2024-03-02 17:24:18');
INSERT INTO PLAY_HISTORY (play_id, user_id, song_id, playtime) VALUES (79, 34, 609, '2024-04-02 07:47:24');
INSERT INTO PLAY_HISTORY (play_id, user_id, song_id, playtime) VALUES (80, 19, 154, '2024-04-14 03:28:40');
INSERT INTO PLAY_HISTORY (play_id, user_id, song_id, playtime) VALUES (81, 37, 461, '2024-03-04 07:34:12');
INSERT INTO PLAY_HISTORY (play_id, user_id, song_id, playtime) VALUES (82, 19, 97, '2024-05-07 01:22:03');
INSERT INTO PLAY_HISTORY (play_id, user_id, song_id, playtime) VALUES (83, 99, 974, '2024-01-12 14:46:07');
INSERT INTO PLAY_HISTORY (play_id, user_id, song_id, playtime) VALUES (84, 65, 735, '2024-03-16 02:25:09');
INSERT INTO PLAY_HISTORY (play_id, user_id, song_id, playtime) VALUES (85, 13, 899, '2024-04-08 07:47:31');
INSERT INTO PLAY_HISTORY (play_id, user_id, song_id, playtime) VALUES (86, 29, 646, '2024-04-16 00:37:11');
INSERT INTO PLAY_HISTORY (play_id, user_id, song_id, playtime) VALUES (87, 75, 764, '2024-05-02 07:15:29');
INSERT INTO PLAY_HISTORY (play_id, user_id, song_id, playtime) VALUES (88, 83, 400, '2024-01-31 16:25:30');
INSERT INTO PLAY_HISTORY (play_id, user_id, song_id, playtime) VALUES (89, 2, 523, '2024-04-28 09:39:47');
INSERT INTO PLAY_HISTORY (play_id, user_id, song_id, playtime) VALUES (90, 99, 861, '2024-04-30 14:48:01');
INSERT INTO PLAY_HISTORY (play_id, user_id, song_id, playtime) VALUES (91, 13, 155, '2024-05-11 15:36:45');
INSERT INTO PLAY_HISTORY (play_id, user_id, song_id, playtime) VALUES (92, 32, 935, '2024-04-01 18:01:35');
INSERT INTO PLAY_HISTORY (play_id, user_id, song_id, playtime) VALUES (93, 2, 375, '2024-01-08 09:05:36');
INSERT INTO PLAY_HISTORY (play_id, user_id, song_id, playtime) VALUES (94, 12, 944, '2024-03-17 22:18:52');
INSERT INTO PLAY_HISTORY (play_id, user_id, song_id, playtime) VALUES (95, 44, 926, '2024-03-25 20:44:10');
INSERT INTO PLAY_HISTORY (play_id, user_id, song_id, playtime) VALUES (96, 20, 255, '2024-01-08 09:43:46');
INSERT INTO PLAY_HISTORY (play_id, user_id, song_id, playtime) VALUES (97, 82, 443, '2024-04-16 21:20:06');
INSERT INTO PLAY_HISTORY (play_id, user_id, song_id, playtime) VALUES (98, 34, 340, '2024-04-09 12:30:43');
INSERT INTO PLAY_HISTORY (play_id, user_id, song_id, playtime) VALUES (99, 86, 904, '2024-01-02 09:43:47');
INSERT INTO PLAY_HISTORY (play_id, user_id, song_id, playtime) VALUES (100, 86, 720, '2024-02-05 00:09:01');

SET FOREIGN_KEY_CHECKS = 1;
